$MeshFormat
2.2 0 8
$EndMeshFormat
$Nodes
5629
1 1 0 0
2 0 -1 0
3 -1 0 0
4 0.85 0 0
5 -0.85 0 0
6 -0.06669023136866684 -0.8473797336731589 0
7 0.06669023136866957 -0.8473797336731587 0
8 0.9450000000000001 -0.1 0
9 0.925 -0.08 0
10 0.905 -0.1 0
11 0.925 -0.12 0
12 -0.905 -0.1 0
13 -0.925 -0.08 0
14 -0.9450000000000001 -0.1 0
15 -0.925 -0.12 0
16 -0.9999505812211366 -0.009941585160892233 0
17 -0.9998023297689784 -0.01988218771974043 0
18 -0.9995552602963369 -0.0298208251717179 0
19 -0.9992093972229613 -0.03975651520601764 0
20 -0.998764774733128 -0.04968827580309102 0
21 -0.9982214367721974 -0.05961512533283606 0
22 -0.9975794370423777 -0.0695360826493177 0
23 -0.9968388389975092 -0.0794501671873498 0
24 -0.995999715836573 -0.08935639906277518 0
25 -0.9950621504963902 -0.09925379916909641 0
26 -0.9940262356430868 -0.1091413892766372 0
27 -0.9928920736640127 -0.1190181921185864 0
28 -0.9916597766571241 -0.128883231494026 0
29 -0.9903294664196459 -0.1387355323663676 0
30 -0.9889012744360937 -0.1485741209587653 0
31 -0.9873753418647614 -0.1583980248533599 0
32 -0.985751819526781 -0.1682062730686362 0
33 -0.9840308678870537 -0.1779978961826569 0
34 -0.9822126570381638 -0.1877719264267968 0
35 -0.9802973666902598 -0.1975273977455845 0
36 -0.9782851861447281 -0.2072633459388676 0
37 -0.9761763142812269 -0.2169788087263808 0
38 -0.9739709595348206 -0.2266728258588155 0
39 -0.9716693398760898 -0.2363444392084652 0
40 -0.9692716827934188 -0.245992692848414 0
41 -0.9667782252654176 -0.255616633168989 0
42 -0.9641892137372895 -0.2652153089711592 0
43 -0.9615049041022572 -0.2747877715388901 0
44 -0.9587255616714789 -0.2843330747516144 0
45 -0.9558514611469919 -0.2938502751796579 0
46 -0.9528828865975516 -0.3033384321669734 0
47 -0.9498201314272857 -0.3127966079346988 0
48 -0.9466634983559328 -0.3222238676456273 0
49 -0.9434132993797874 -0.3316192795260006 0
50 -0.9400698557389453 -0.3409819149617155 0
51 -0.9366334978883984 -0.350310848580719 0
52 -0.9331045654657122 -0.3596051583432089 0
53 -0.9294834072646283 -0.3688639256144968 0
54 -0.9257703811951318 -0.3780862352715585 0
55 -0.9219658542437975 -0.3872711758038606 0
56 -0.9180702024442184 -0.3964178393867155 0
57 -0.9140838108240461 -0.4055253220076269 0
58 -0.9100070733966716 -0.4145927234865858 0
59 -0.9058403930891211 -0.4236191476410698 0
60 -0.9015841817293491 -0.432603702313584 0
61 -0.8972388599935766 -0.4415454994872298 0
62 -0.8928048573537571 -0.45044365539492 0
63 -0.8882826120641533 -0.4592972905477289 0
64 -0.883672571092432 -0.4681055298742909 0
65 -0.8789751900845854 -0.4768675027885284 0
66 -0.8741909333181153 -0.4855823432790802 0
67 -0.869320273655858 -0.4942491899951928 0
68 -0.8643636924975164 -0.5028671863345817 0
69 -0.8593216797331571 -0.511435480525731 0
70 -0.8541947337170409 -0.5199532256752271 0
71 -0.8489833611796488 -0.5284195799174233 0
72 -0.843688077195584 -0.5368337064659952 0
73 -0.838309405144034 -0.5451947736791467 0
74 -0.8328478766468079 -0.5535019551590612 0
75 -0.8273040314970066 -0.5617544298613051 0
76 -0.8216784176321343 -0.5699513821349605 0
77 -0.815971591081685 -0.5780920018021555 0
78 -0.8101841158901105 -0.5861754842701629 0
79 -0.8043165640847705 -0.5942010305770845 0
80 -0.798369515585777 -0.6021678475170621 0
81 -0.7923435582011861 -0.6100751476474711 0
82 -0.7862392875147793 -0.6179221494397592 0
83 -0.7800573068491122 -0.625708077326248 0
84 -0.7737982272354358 -0.6334321617405425 0
85 -0.7674626672819524 -0.641093639282493 0
86 -0.7610512531935274 -0.6486917526934973 0
87 -0.7545646186660289 -0.6562257509861911 0
88 -0.748003404810073 -0.6636948895332389 0
89 -0.7413682601129865 -0.6710984301106978 0
90 -0.7346598403932119 -0.6784356409516089 0
91 -0.7278788086979794 -0.6857057968607312 0
92 -0.7210258352468102 -0.6929081792753206 0
93 -0.714101597359308 -0.7000420763417615 0
94 -0.707106779420814 -0.707106782952281 0
95 -0.7000420727929081 -0.7141016008382902 0
96 -0.6929081757273606 -0.7210258386564112 0
97 -0.6857057933185567 -0.7278788120349217 0
98 -0.6784356374366523 -0.7346598436391657 0
99 -0.67109842661006 -0.7413682632818199 0
100 -0.6636948860579589 -0.7480034078936492 0
101 -0.6562257475377676 -0.7545646216650355 0
102 -0.6486917492592812 -0.7610512561207253 0
103 -0.6410936358570185 -0.7674626701433944 0
104 -0.6334321583473745 -0.7737982300130872 0
105 -0.6257080739492596 -0.780057309557899 0
106 -0.6179221460838286 -0.7862392901522764 0
107 -0.6100751443142758 -0.7923435607676228 0
108 -0.6021678442178764 -0.798369518074178 0
109 -0.594201027304695 -0.8043165665022977 0
110 -0.5861754810120506 -0.8101841182473839 0
111 -0.5780919985672895 -0.8159715933734929 0
112 -0.5699513789118473 -0.8216784198678239 0
113 -0.5617544266452184 -0.8273040336807878 0
114 -0.5535019519735245 -0.8328478787638822 0
115 -0.5451947705103425 -0.8383094072048667 0
116 -0.5368337033311938 -0.8436880791902395 0
117 -0.52841957682331 -0.8489833631054697 0
118 -0.5199532226077349 -0.854194735584241 0
119 -0.5114354775060749 -0.8593216815303413 0
120 -0.5028671833656404 -0.8643636942247791 0
121 -0.4942491870586138 -0.8693202753254403 0
122 -0.4855823403752207 -0.8741909349311072 0
123 -0.4768674999173914 -0.8789751916422537 0
124 -0.4681055270309076 -0.88367257259865 0
125 -0.4592972877351264 -0.8882826135184435 0
126 -0.4504436526228862 -0.8928048587523214 0
127 -0.4415454967554298 -0.8972388613379387 0
128 -0.4326036996190551 -0.9015841830222546 0
129 -0.4236191450058061 -0.9058403943215106 0
130 -0.4145927208925351 -0.9100070745785027 0
131 -0.4055253194467806 -0.9140838119601432 0
132 -0.3964178368862346 -0.9180702035239128 0
133 -0.387271173347381 -0.9219658552756402 0
134 -0.3780862328737326 -0.9257703821744081 0
135 -0.3688639232818604 -0.9294834081903312 0
136 -0.359605156082045 -0.9331045663371325 0
137 -0.350310846377288 -0.936633498712505 0
138 -0.3409819127977409 -0.9400698565238617 0
139 -0.3316192774187702 -0.9434133001205001 0
140 -0.3222238655894955 -0.9466634990557958 0
141 -0.3127966059457379 -0.9498201320822942 0
142 -0.303338430249782 -0.9528828872078657 0
143 -0.293850273313708 -0.955851461720627 0
144 -0.2843330729367547 -0.9587255622097192 0
145 -0.2747877697747868 -0.9615049046064189 0
146 -0.2652153072760465 -0.9641892142035567 0
147 -0.2556166315475332 -0.9667782256941313 0
148 -0.2459926912920778 -0.9692716831884033 0
149 -0.2363444377179809 -0.9716693402386284 0
150 -0.2266728244192231 -0.9739709598698577 0
151 -0.2169788073381563 -0.9761763145897934 0
152 -0.2072633446112538 -0.9782851864260016 0
153 -0.1975273964872958 -0.9802973669438018 0
154 -0.1877719252383045 -0.9822126572653707 0
155 -0.1779978950695694 -0.9840308680883961 0
156 -0.168206272021534 -0.9857518197054559 0
157 -0.1583980238536585 -0.9873753420251368 0
158 -0.1485741200253455 -0.9889012745763321 0
159 -0.1387355315050921 -0.9903294665403022 0
160 -0.1288832307037134 -0.9916597767598389 0
161 -0.1190181913975402 -0.9928920737504446 0
162 -0.1091413886231332 -0.9940262357148397 0
163 -0.0992537985650828 -0.9950621505566384 0
164 -0.0893563984969344 -0.9959997158873375 0
165 -0.07945016668370315 -0.9968388390376509 0
166 -0.06953608221023377 -0.997579437072984 0
167 -0.0596151249601606 -0.9982214367944542 0
168 -0.04968827549698132 -0.9987647747483569 0
169 -0.03975651496078298 -0.9992093972327187 0
170 -0.02982082497406131 -0.9995552603022339 0
171 -0.01988218758597899 -0.9998023297716384 0
172 -0.00994158509370268 -0.9999505812218045 0
173 0.009941585160892233 -0.9999505812211366 0
174 0.01988218771974043 -0.9998023297689784 0
175 0.0298208251717179 -0.9995552602963369 0
176 0.03975651520601764 -0.9992093972229613 0
177 0.04968827580309102 -0.998764774733128 0
178 0.05961512533283606 -0.9982214367721974 0
179 0.0695360826493177 -0.9975794370423777 0
180 0.0794501671873498 -0.9968388389975092 0
181 0.08935639906277518 -0.995999715836573 0
182 0.09925379916909641 -0.9950621504963902 0
183 0.1091413892766372 -0.9940262356430868 0
184 0.1190181921185864 -0.9928920736640127 0
185 0.128883231494026 -0.9916597766571241 0
186 0.1387355323663676 -0.9903294664196459 0
187 0.1485741209587653 -0.9889012744360937 0
188 0.1583980248533599 -0.9873753418647614 0
189 0.1682062730686362 -0.985751819526781 0
190 0.1779978961826569 -0.9840308678870537 0
191 0.1877719264267968 -0.9822126570381638 0
192 0.1975273977455845 -0.9802973666902598 0
193 0.2072633459388676 -0.9782851861447281 0
194 0.2169788087263808 -0.9761763142812269 0
195 0.2266728258588155 -0.9739709595348206 0
196 0.2363444392084652 -0.9716693398760898 0
197 0.245992692848414 -0.9692716827934188 0
198 0.255616633168989 -0.9667782252654176 0
199 0.2652153089711592 -0.9641892137372895 0
200 0.2747877715388901 -0.9615049041022572 0
201 0.2843330747516144 -0.9587255616714789 0
202 0.2938502751796579 -0.9558514611469919 0
203 0.3033384321669734 -0.9528828865975516 0
204 0.3127966079346988 -0.9498201314272857 0
205 0.3222238676456273 -0.9466634983559328 0
206 0.3316192795260006 -0.9434132993797874 0
207 0.3409819149617155 -0.9400698557389453 0
208 0.350310848580719 -0.9366334978883984 0
209 0.3596051583432089 -0.9331045654657122 0
210 0.3688639256144968 -0.9294834072646283 0
211 0.3780862352715585 -0.9257703811951318 0
212 0.3872711758038606 -0.9219658542437975 0
213 0.3964178393867155 -0.9180702024442184 0
214 0.4055253220076269 -0.9140838108240461 0
215 0.4145927234865858 -0.9100070733966716 0
216 0.4236191476410698 -0.9058403930891211 0
217 0.432603702313584 -0.9015841817293491 0
218 0.4415454994872298 -0.8972388599935766 0
219 0.45044365539492 -0.8928048573537571 0
220 0.4592972905477289 -0.8882826120641533 0
221 0.4681055298742909 -0.883672571092432 0
222 0.4768675027885284 -0.8789751900845854 0
223 0.4855823432790802 -0.8741909333181153 0
224 0.4942491899951928 -0.869320273655858 0
225 0.5028671863345817 -0.8643636924975164 0
226 0.511435480525731 -0.8593216797331571 0
227 0.5199532256752271 -0.8541947337170409 0
228 0.5284195799174233 -0.8489833611796488 0
229 0.5368337064659952 -0.843688077195584 0
230 0.5451947736791467 -0.838309405144034 0
231 0.5535019551590612 -0.8328478766468079 0
232 0.5617544298613051 -0.8273040314970066 0
233 0.5699513821349605 -0.8216784176321343 0
234 0.5780920018021555 -0.815971591081685 0
235 0.5861754842701629 -0.8101841158901105 0
236 0.5942010305770845 -0.8043165640847705 0
237 0.6021678475170621 -0.798369515585777 0
238 0.6100751476474711 -0.7923435582011861 0
239 0.6179221494397592 -0.7862392875147793 0
240 0.625708077326248 -0.7800573068491122 0
241 0.6334321617405425 -0.7737982272354358 0
242 0.641093639282493 -0.7674626672819524 0
243 0.6486917526934973 -0.7610512531935274 0
244 0.6562257509861911 -0.7545646186660289 0
245 0.6636948895332389 -0.748003404810073 0
246 0.6710984301106978 -0.7413682601129865 0
247 0.6784356409516089 -0.7346598403932119 0
248 0.6857057968607312 -0.7278788086979794 0
249 0.6929081792753206 -0.7210258352468102 0
250 0.7000420763417615 -0.714101597359308 0
251 0.707106782952281 -0.707106779420814 0
252 0.7141016008382902 -0.7000420727929081 0
253 0.7210258386564112 -0.6929081757273606 0
254 0.7278788120349217 -0.6857057933185567 0
255 0.7346598436391657 -0.6784356374366523 0
256 0.7413682632818199 -0.67109842661006 0
257 0.7480034078936492 -0.6636948860579589 0
258 0.7545646216650355 -0.6562257475377676 0
259 0.7610512561207253 -0.6486917492592812 0
260 0.7674626701433944 -0.6410936358570185 0
261 0.7737982300130872 -0.6334321583473745 0
262 0.780057309557899 -0.6257080739492596 0
263 0.7862392901522764 -0.6179221460838286 0
264 0.7923435607676228 -0.6100751443142758 0
265 0.798369518074178 -0.6021678442178764 0
266 0.8043165665022977 -0.594201027304695 0
267 0.8101841182473839 -0.5861754810120506 0
268 0.8159715933734929 -0.5780919985672895 0
269 0.8216784198678239 -0.5699513789118473 0
270 0.8273040336807878 -0.5617544266452184 0
271 0.8328478787638822 -0.5535019519735245 0
272 0.8383094072048667 -0.5451947705103425 0
273 0.8436880791902395 -0.5368337033311938 0
274 0.8489833631054697 -0.52841957682331 0
275 0.854194735584241 -0.5199532226077349 0
276 0.8593216815303413 -0.5114354775060749 0
277 0.8643636942247791 -0.5028671833656404 0
278 0.8693202753254403 -0.4942491870586138 0
279 0.8741909349311072 -0.4855823403752207 0
280 0.8789751916422537 -0.4768674999173914 0
281 0.88367257259865 -0.4681055270309076 0
282 0.8882826135184435 -0.4592972877351264 0
283 0.8928048587523214 -0.4504436526228862 0
284 0.8972388613379387 -0.4415454967554298 0
285 0.9015841830222546 -0.4326036996190551 0
286 0.9058403943215106 -0.4236191450058061 0
287 0.9100070745785027 -0.4145927208925351 0
288 0.9140838119601432 -0.4055253194467806 0
289 0.9180702035239128 -0.3964178368862346 0
290 0.9219658552756402 -0.387271173347381 0
291 0.9257703821744081 -0.3780862328737326 0
292 0.9294834081903312 -0.3688639232818604 0
293 0.9331045663371325 -0.359605156082045 0
294 0.936633498712505 -0.350310846377288 0
295 0.9400698565238617 -0.3409819127977409 0
296 0.9434133001205001 -0.3316192774187702 0
297 0.9466634990557958 -0.3222238655894955 0
298 0.9498201320822942 -0.3127966059457379 0
299 0.9528828872078657 -0.303338430249782 0
300 0.955851461720627 -0.293850273313708 0
301 0.9587255622097192 -0.2843330729367547 0
302 0.9615049046064189 -0.2747877697747868 0
303 0.9641892142035567 -0.2652153072760465 0
304 0.9667782256941313 -0.2556166315475332 0
305 0.9692716831884033 -0.2459926912920778 0
306 0.9716693402386284 -0.2363444377179809 0
307 0.9739709598698577 -0.2266728244192231 0
308 0.9761763145897934 -0.2169788073381563 0
309 0.9782851864260016 -0.2072633446112538 0
310 0.9802973669438018 -0.1975273964872958 0
311 0.9822126572653707 -0.1877719252383045 0
312 0.9840308680883961 -0.1779978950695694 0
313 0.9857518197054559 -0.168206272021534 0
314 0.9873753420251368 -0.1583980238536585 0
315 0.9889012745763321 -0.1485741200253455 0
316 0.9903294665403022 -0.1387355315050921 0
317 0.9916597767598389 -0.1288832307037134 0
318 0.9928920737504446 -0.1190181913975402 0
319 0.9940262357148397 -0.1091413886231332 0
320 0.9950621505566384 -0.0992537985650828 0
321 0.9959997158873375 -0.0893563984969344 0
322 0.9968388390376509 -0.07945016668370315 0
323 0.997579437072984 -0.06953608221023377 0
324 0.9982214367944542 -0.0596151249601606 0
325 0.9987647747483569 -0.04968827549698132 0
326 0.9992093972327187 -0.03975651496078298 0
327 0.9995552603022339 -0.02982082497406131 0
328 0.9998023297716384 -0.01988218758597899 0
329 0.9999505812218045 -0.00994158509370268 0
330 0.8499413236003411 -0.009987313777999263 0
331 0.849765302502359 -0.01997324868603207 0
332 0.8494719610079534 -0.02995642604353851 0
333 0.8490613396165263 -0.03993546755191146 0
334 0.8485334950192991 -0.0499089954851138 0
335 0.8478885000915286 -0.05987563287797296 0
336 0.8471264438827043 -0.06983400371340177 0
337 0.8462474316035278 -0.0797827331221013 0
338 0.8452515846121997 -0.08972044756110681 0
339 0.8441390403975019 -0.09964577500719531 0
340 0.8429099525598766 -0.1095573451463055 0
341 0.8415644907904664 -0.1194537895614157 0
342 0.8401028408448252 -0.1293337419409729 0
343 0.8385252045219689 -0.1391958382330097 0
344 0.8368317996357295 -0.1490387168437322 0
345 0.8350228599792492 -0.1588610188563422 0
346 0.8330986352986801 -0.1686613881819926 0
347 0.8310593912568041 -0.1784384717595125 0
348 0.8289054093964759 -0.1881909197417893 0
349 0.826636987101283 -0.1979173856843134 0
350 0.8242544375542368 -0.2076165267317341 0
351 0.8217580896914295 -0.2172870038145229 0
352 0.8191482881699339 -0.2269274817827645 0
353 0.8164253933023548 -0.2365366296603876 0
354 0.813589781015988 -0.2461131207927701 0
355 0.8106418428028157 -0.2556556330246899 0
356 0.807581985661688 -0.2651628488961548 0
357 0.8044106320458266 -0.2746334558127138 0
358 0.8011282197897961 -0.284066146269548 0
359 0.7977352020735086 -0.2934596179591638 0
360 0.7942320473477593 -0.3028125739889058 0
361 0.7906192392620249 -0.3121237230790651 0
362 0.7868972766093361 -0.3213917797094538 0
363 0.7830666732537104 -0.3306154643076558 0
364 0.77912795805913 -0.3397935034261403 0
365 0.7750816748113847 -0.3489246299297011 0
366 0.7709283821438563 -0.3580075831669718 0
367 0.7666686534752707 -0.3670411091123381 0
368 0.7623030769052763 -0.3760239605939338 0
369 0.7578322551603298 -0.384954897408266 0
370 0.7532568054927412 -0.3938326865292807 0
371 0.7485773595897794 -0.4026561022877885 0
372 0.743794563501602 -0.411423926510675 0
373 0.7389090775697639 -0.420134948659357 0
374 0.7339215762829165 -0.4287879660932651 0
375 0.728832748222306 -0.4373817841642706 0
376 0.7236432959674276 -0.4459152163824396 0
377 0.7183539359848531 -0.4543870846041617 0
378 0.7129653985544009 -0.4627962191550016 0
379 0.7074784276263603 -0.4711414590580337 0
380 0.70189378072927 -0.4794216521743376 0
381 0.696212228890763 -0.4876356553236811 0
382 0.6904345565151445 -0.4957823344671891 0
383 0.6845615612754723 -0.5038605648630261 0
384 0.6785940540192679 -0.5118692312004062 0
385 0.6725328586435915 -0.5198072277726418 0
386 0.6663788119568649 -0.5276734586607111 0
387 0.660132763587312 -0.5354668378514004 0
388 0.6537955758782639 -0.5431862893722643 0
389 0.6473681237695171 -0.5508307474416575 0
390 0.6408512946403671 -0.5583991566592534 0
391 0.6342459882234335 -0.5658904721078809 0
392 0.6275531164632797 -0.5733036595184312 0
393 0.6207736034114616 -0.5806376953897753 0
394 0.6139083850828997 -0.5878915671489992 0
395 0.6069584092479585 -0.5950642733715306 0
396 0.5999246354512052 -0.6021548237610811 0
397 0.5928080348140869 -0.6091622393581699 0
398 0.5856095898308434 -0.6160855527425969 0
399 0.5783302943388835 -0.622923808061548 0
400 0.5709711533550295 -0.6296760611905359 0
401 0.563533182887771 -0.6363413799089118 0
402 0.5560174098478777 -0.6429188439811491 0
403 0.5484248718422 -0.6494075453402635 0
404 0.5407566171110338 -0.655806588142137 0
405 0.5330137044167089 -0.6621150888659594 0
406 0.5251972027147103 -0.6683321765863465 0
407 0.5173081911604613 -0.6744569929641857 0
408 0.5093477589578445 -0.6804886923708737 0
409 0.5013170051341838 -0.6864264420630172 0
410 0.4932170384250062 -0.6922694222679967 0
411 0.4850489771128833 -0.6980168263027372 0
412 0.4768139489342619 -0.7036678606428711 0
413 0.4685130908137396 -0.7092217451094943 0
414 0.460147548783869 -0.714677712922543 0
415 0.4517184778010754 -0.7200350108245288 0
416 0.4432270416110559 -0.7252928991688194 0
417 0.434674412564663 -0.7304506520371962 0
418 0.4260617714357908 -0.7355075573513816 0
419 0.417390307335985 -0.7404629169256026 0
420 0.4086612174418739 -0.7453160466264801 0
421 0.3998757069170991 -0.7500662764166579 0
422 0.3910349887036875 -0.7547129504715729 0
423 0.3821402833757729 -0.7592554272584977 0
424 0.3731928189471244 -0.7636930796375589 0
425 0.3641938307239043 -0.7680252949367281 0
426 0.3551445611299299 -0.7722514750389471 0
427 0.3460462595258383 -0.7763710364691461 0
428 0.3369001820489884 -0.7803834104690838 0
429 0.3277075914046887 -0.7842880430911449 0
430 0.3184697567656544 -0.7880843952430634 0
431 0.3091879535183342 -0.7917719427961213 0
432 0.2998634631292794 -0.7953501766392683 0
433 0.2904975729575668 -0.7988186027539438 0
434 0.2810915760777029 -0.8021767422819942 0
435 0.2716467710260053 -0.8054241316170909 0
436 0.26216446187861 -0.8085603223804014 0
437 0.2526459577927862 -0.8115848815810739 0
438 0.2430925728897953 -0.8144973916507158 0
439 0.2335056260955901 -0.8172974504926015 0
440 0.2238864410198597 -0.8199846715198161 0
441 0.2142363457160112 -0.8225586837267295 0
442 0.204556672489227 -0.8250191317418858 0
443 0.1948487577259966 -0.8273656758729092 0
444 0.1851139417321657 -0.8295979921482334 0
445 0.175353568523665 -0.8317157723681908 0
446 0.1655689856170737 -0.8337187241520567 0
447 0.1557615439102837 -0.8356065709642815 0
448 0.1459325974356564 -0.8373790521655545 0
449 0.1360835031969135 -0.8390359230436177 0
450 0.1262156209776122 -0.840576954847821 0
451 0.1163303131699772 -0.8420019348183084 0
452 0.1064289445565181 -0.843310666220098 0
453 0.09651288213140977 -0.8445029683681927 0
454 0.08658349493663742 -0.8455786766496405 0
455 0.07664215384055796 -0.8465376425503358 0
456 0.9900000000000578 0 0
457 0.9800000000000492 0 0
458 0.970000000000052 0 0
459 0.9600000000000362 0 0
460 0.9500000000000144 0 0
461 0.9400000000000173 0 0
462 0.9300000000000144 0 0
463 0.9199999999999363 0 0
464 0.9099999999998959 0 0
465 0.8999999999998988 0 0
466 0.8899999999998771 0 0
467 0.8799999999998612 0 0
468 0.8699999999998642 0 0
469 0.8599999999999421 0 0
470 0.05717865473796979 -0.8480746437916632 0
471 0.04765988007750809 -0.8486627927693058 0
472 0.03813510569909773 -0.8491441065645565 0
473 0.02860553061300936 -0.8495185245881036 0
474 0.01907235449076109 -0.8497859997047368 0
475 0.009536777403008505 -0.8499464982437223 0
476 -2.532207360461669e-10 -0.85 0
477 -0.009536777825592799 -0.8499464982389805 0
478 -0.01907235486013457 -0.8497859996964466 0
479 -0.02860553092204232 -0.8495185245776976 0
480 -0.0381351059599747 -0.8491441065528404 0
481 -0.04765988029687997 -0.8486627927569862 0
482 -0.05717865484124596 -0.8480746437847001 0
483 -0.07664215388535181 -0.8465376425462806 0
484 -0.08658349502606266 -0.8455786766404839 0
485 -0.09651288226701303 -0.8445029683526956 0
486 -0.1064289447361889 -0.843310666197423 0
487 -0.1163303133966013 -0.8420019347869985 0
488 -0.1262156212601728 -0.8405769548053937 0
489 -0.1360835035323786 -0.8390359229892087 0
490 -0.1459325978254832 -0.8373790520976184 0
491 -0.1557615443552892 -0.8356065708813302 0
492 -0.1655689861266173 -0.8337187240508661 0
493 -0.1753535690955009 -0.8317157722476288 0
494 -0.1851139423704548 -0.8295979920058076 0
495 -0.1948487584120633 -0.8273656757113373 0
496 -0.204556673222153 -0.8250191315601629 0
497 -0.2142363464877904 -0.8225586835257189 0
498 -0.2238864418391962 -0.8199846712961069 0
499 -0.2335056269671837 -0.8172974502435835 0
500 -0.243092573815119 -0.8144973913745466 0
501 -0.2526459587817422 -0.8115848812732126 0
502 -0.2621644629169837 -0.8085603220437234 0
503 -0.2716467720737141 -0.8054241312637286 0
504 -0.2810915770926451 -0.8021767419263474 0
505 -0.2904975740160761 -0.7988186023690076 0
506 -0.2998634642178675 -0.7953501762288483 0
507 -0.309187954644588 -0.7917719423563181 0
508 -0.3184697579320505 -0.7880843947717157 0
509 -0.3277075925992039 -0.7842880425920279 0
510 -0.3369001832690211 -0.7803834099423823 0
511 -0.3460462607974377 -0.7763710359023653 0
512 -0.3551445624669481 -0.7722514744240766 0
513 -0.3641938320968829 -0.7680252942856685 0
514 -0.3731928203693565 -0.7636930789425589 0
515 -0.3821402848604292 -0.7592554265112567 0
516 -0.3910349902468169 -0.7547129496720406 0
517 -0.3998757084923543 -0.7500662755768572 0
518 -0.4086612190734443 -0.7453160457318804 0
519 -0.4173903090120352 -0.740462915980833 0
520 -0.4260617731506245 -0.7355075563580199 0
521 -0.4346744143236298 -0.7304506509904757 0
522 -0.4432270434201853 -0.7252928980632594 0
523 -0.451718479646021 -0.720035009667091 0
524 -0.4601475506546674 -0.7146777117180236 0
525 -0.4685130927107272 -0.7092217438563413 0
526 -0.4768139508504868 -0.7036678593444139 0
527 -0.4850489790604954 -0.6980168249493499 0
528 -0.4932170404008736 -0.6922694208602626 0
529 -0.5013170071449132 -0.6864264405945237 0
530 -0.5093477609843854 -0.6804886908540022 0
531 -0.5173081931860777 -0.6744569914105389 0
532 -0.525197204747174 -0.6683321749891705 0
533 -0.5330137064540567 -0.6621150872258605 0
534 -0.5407566191639851 -0.6558065864493411 0
535 -0.5484248738881852 -0.6494075436124287 0
536 -0.5560174119255877 -0.6429188421842772 0
537 -0.5635331849861933 -0.6363413780505845 0
538 -0.5709711554729259 -0.6296760592700917 0
539 -0.5783302964956767 -0.6229238060591543 0
540 -0.5856095920108521 -0.6160855506704273 0
541 -0.5928080370135665 -0.6091622372177401 0
542 -0.5999246376876427 -0.6021548215329269 0
543 -0.6069584114835087 -0.5950642710912964 0
544 -0.6139083873223348 -0.5878915648104593 0
545 -0.6207736056693565 -0.5806376929758063 0
546 -0.6275531186804976 -0.5733036570914071 0
547 -0.6342459903377865 -0.5658904697381294 0
548 -0.6408512966759987 -0.5583991543230445 0
549 -0.6473681257286422 -0.5508307451391808 0
550 -0.6537955777818789 -0.5431862870810157 0
551 -0.6601327654109792 -0.5354668356031524 0
552 -0.6663788137250974 -0.5276734564276775 0
553 -0.6725328603726203 -0.5198072255356038 0
554 -0.6785940557143304 -0.5118692289532324 0
555 -0.6845615629158885 -0.503860562634303 0
556 -0.6904345581075348 -0.4957823322496005 0
557 -0.696212230449082 -0.487635653098822 0
558 -0.7018937822679429 -0.4794216499216548 0
559 -0.7074784291470914 -0.4711414567744643 0
560 -0.7129654000544968 -0.462796216844014 0
561 -0.7183539374520591 -0.4543870822846127 0
562 -0.7236432973794429 -0.4459152140909834 0
563 -0.7288327495506755 -0.4373817819507377 0
564 -0.7339215775438891 -0.4287879639349609 0
565 -0.7389090787727817 -0.4201349465435592 0
566 -0.7437945646365778 -0.4114239244588044 0
567 -0.7485773606624906 -0.4026561002935132 0
568 -0.7532568065221622 -0.393832684560378 0
569 -0.7578322561549521 -0.3849548954502272 0
570 -0.7623030778541906 -0.3760239586702263 0
571 -0.766668654392163 -0.3670411071971509 0
572 -0.7709283830174108 -0.3580075812858725 0
573 -0.7750816756412755 -0.3489246280862286 0
574 -0.7791279588483716 -0.3397935016164529 0
575 -0.7830666739957561 -0.3306154625501119 0
576 -0.7868972773058892 -0.3213917780040098 0
577 -0.7906192399134536 -0.3121237214289761 0
578 -0.7942320479735152 -0.3028125723476422 0
579 -0.7977352026590343 -0.293459616367482 0
580 -0.8011282203339983 -0.2840661447347799 0
581 -0.8044106325571152 -0.2746334543151328 0
582 -0.8075819861467949 -0.26516284741871 0
583 -0.8106418432540299 -0.2556556315939649 0
584 -0.8135897814344564 -0.2461131194094165 0
585 -0.8164253936970377 -0.2365366282981078 0
586 -0.8191482885366953 -0.2269274804588536 0
587 -0.8217580900285864 -0.2172870025394297 0
588 -0.8242544378570049 -0.2076165255297202 0
589 -0.8266369873731565 -0.1979173845487865 0
590 -0.8289054096434922 -0.1881909186537824 0
591 -0.8310593914790332 -0.178438470724503 0
592 -0.8330986354977945 -0.1686613871984734 0
593 -0.835022860154417 -0.1588610179356063 0
594 -0.8368317997895856 -0.1490387159798525 0
595 -0.8385252046564482 -0.1391958374228989 0
596 -0.8401028409602432 -0.1293337411912627 0
597 -0.8415644908875402 -0.1194537888775217 0
598 -0.8429099526414314 -0.1095573445188408 0
599 -0.8441390404651187 -0.09964577443438905 0
600 -0.8452515846668889 -0.08972044704588426 0
601 -0.8462474316461047 -0.07978273267049499 0
602 -0.8471264439149474 -0.06983400332227604 0
603 -0.8478885001150158 -0.05987563254537713 0
604 -0.8485334950352856 -0.04990899521331851 0
605 -0.8490613396267458 -0.0399354673346409 0
606 -0.8494719610137446 -0.02995642587932734 0
607 -0.8497653025049512 -0.01997324857576041 0
608 -0.8499413236010142 -0.009987313720738841 0
609 -0.8599999999999162 0 0
610 -0.8699999999998989 0 0
611 -0.8799999999998136 0 0
612 -0.8899999999997298 0 0
613 -0.8999999999996821 0 0
614 -0.9099999999996532 0 0
615 -0.9199999999995867 0 0
616 -0.9299999999995954 0 0
617 -0.9399999999996532 0 0
618 -0.9499999999997111 0 0
619 -0.9599999999997688 0 0
620 -0.9699999999998267 0 0
621 -0.9799999999998844 0 0
622 -0.9899999999999423 0 0
623 0.9434775906483455 -0.09234633134815862 0
624 0.9391421356247736 -0.08585786437731159 0
625 0.9326536687462603 -0.08152240939076422 0
626 0.9173463312484061 -0.08152240939297348 0
627 0.9108578643201253 -0.08585786443241288 0
628 0.9065224093327052 -0.09234633139390655 0
629 0.9065224093516546 -0.1076536686518414 0
630 0.9108578643752265 -0.1141421356226884 0
631 0.9173463312537398 -0.1184775906092358 0
632 0.9326536687515939 -0.1184775906070265 0
633 0.9391421356798748 -0.1141421355675871 0
634 0.9434775906672949 -0.1076536686060935 0
635 -0.9065224093516546 -0.09234633134815862 0
636 -0.9108578643752265 -0.08585786437731159 0
637 -0.9173463312537398 -0.08152240939076422 0
638 -0.9326536687515939 -0.08152240939297348 0
639 -0.9391421356798748 -0.08585786443241288 0
640 -0.9434775906672949 -0.09234633139390655 0
641 -0.9434775906483455 -0.1076536686518414 0
642 -0.9391421356247736 -0.1141421356226884 0
643 -0.9326536687462603 -0.1184775906092358 0
644 -0.9173463312484061 -0.1184775906070265 0
645 -0.9108578643201253 -0.1141421355675871 0
646 -0.9065224093327052 -0.1076536686060935 0
647 0.9183149131788029 -0.1258132603746226 0
648 -0.9201321390150675 -0.1258102505457278 0
649 -0.004607310451470139 -0.8576898541638953 0
650 -0.06289625132411387 -0.8554576503534076 0
651 0.06259555892179977 -0.8560503898658258 0
652 -0.9691901220315775 -0.2103131317799768 0
653 0.9678989797009768 -0.209200656858801 0
654 0.0342990995494774 -0.9917222359168868 0
655 0.9400775692294795 -0.3147765113762443 0
656 -0.940596128010954 -0.3149769476836271 0
657 0.8914344849818423 -0.4321561650887993 0
658 -0.8906861903732233 -0.4325877463330962 0
659 0.828242932802663 -0.5445241097117267 0
660 -0.8288133638653513 -0.5444397115937901 0
661 -0.7515758733418509 -0.6470876064976421 0
662 0.7509322388328936 -0.6464788051909121 0
663 -0.6607486592054492 -0.738268010102113 0
664 0.6627404847199228 -0.7387372232034146 0
665 -0.5618514973326802 -0.8173167383695132 0
666 0.5617807979369013 -0.8166012090143997 0
667 -0.4504514022091711 -0.8833165495382491 0
668 0.4514333053956185 -0.8829120763682508 0
669 -0.3329178335682481 -0.9357223267977477 0
670 0.3334050901147674 -0.9336332974256647 0
671 -0.2101580437873192 -0.9687671656447008 0
672 0.2091649317025728 -0.9689420540458628 0
673 -0.1533265067872182 -0.9801930635390766 0
674 0.1522461292996498 -0.9804855901387064 0
675 -0.2772301640073093 -0.9523402950359177 0
676 0.2786193708929937 -0.9519307986074994 0
677 -0.3983473784433119 -0.907757934498119 0
678 0.3975192642882078 -0.9081896953279834 0
679 -0.5106305994659792 -0.8494186205683396 0
680 0.5112542876067592 -0.8493816230427874 0
681 -0.6163407860820822 -0.7765981076451901 0
682 0.6164613610892002 -0.7764054858507529 0
683 0.7112897078160378 -0.6901058018749584 0
684 -0.7117845223507742 -0.6898978369377124 0
685 0.794905997763281 -0.5928616582011559 0
686 -0.7952603148401443 -0.59345053130921 0
687 0.8634741185228878 -0.4864446902186979 0
688 -0.8650807947016488 -0.485662338929793 0
689 0.919640140794622 -0.3702595032232469 0
690 -0.9189064253367483 -0.3689380887493273 0
691 0.9588787218680622 -0.2497938101660927 0
692 -0.960445981701016 -0.2481859223927856 0
693 -0.1130975769372158 -0.9849055926222831 0
694 0.1121867396331652 -0.9846899637406819 0
695 0.2117852529451867 -0.831979411550319 0
696 -0.2113868278744551 -0.8317181209763308 0
697 0.3174097506988196 -0.7975368595019579 0
698 -0.3186049179121664 -0.7993493018442117 0
699 0.4166997589348596 -0.7496721549110916 0
700 -0.4172286976924988 -0.7504490944905814 0
701 0.5104746241205017 -0.6904124040394742 0
702 -0.5099471839587997 -0.6904309917158618 0
703 0.5952698436414482 -0.6187831495485394 0
704 -0.5949915989449546 -0.6188869501964156 0
705 0.6701748193166879 -0.5370979326428755 0
706 -0.6700709174164127 -0.5369451807666422 0
707 0.7352532579100712 -0.4469637713528576 0
708 -0.7336595586788885 -0.4457229729062589 0
709 0.7850609678205802 -0.3471899791241276 0
710 -0.7855326587477468 -0.3480072450240524 0
711 0.8232946427804697 -0.242722146132053 0
712 -0.8227666728933036 -0.2436577923228354 0
713 -0.03448914376344127 -0.9907777688477704 0
714 -0.803258526285682 -0.3009967613553879 0
715 0.8034254118503977 -0.3012296737173422 0
716 -0.7600023714657732 -0.4018956928144908 0
717 0.7593415595710016 -0.401980733527817 0
718 -0.6998253815374256 -0.4974991991946525 0
719 0.6987512054463995 -0.4955269888948685 0
720 -0.6310022950161978 -0.5833261419725988 0
721 0.6305180883136248 -0.5828225296865812 0
722 -0.5501312844653549 -0.6591132220427141 0
723 0.5497666326510757 -0.6592753894981614 0
724 -0.4614291711545362 -0.7248537447030563 0
725 0.4607743466518378 -0.7243941272617969 0
726 -0.3634742805398579 -0.77750416239904 0
727 0.363404563327286 -0.7779699205212066 0
728 -0.260119135513308 -0.8185190414544823 0
729 0.2606314014628977 -0.8180022899304192 0
730 -0.151838417754059 -0.8444232120859161 0
731 0.1525088052953529 -0.8448997122150091 0
732 -0.07389351716942649 -0.9884261585981787 0
733 0.07423537832049751 -0.9894628848660335 0
734 0.8369620779529985 -0.1946693841651964 0
735 -0.836089868990207 -0.1951275070376296 0
736 -0.1124063334912907 -0.851304015943473 0
737 0.1120902460930024 -0.8510300569418187 0
738 0.8426240349318321 -0.1652324388433855 0
739 -0.842548116574217 -0.1654276300022627 0
740 0.6505240801219152 -0.5600204239324742 0
741 -0.1822621041282465 -0.8385331250001336 0
742 -0.3903320873035157 -0.7643909822004759 0
743 -0.2885431504224304 -0.8082345405564697 0
744 -0.772292624083746 -0.375421427002682 0
745 0.2885678236281368 -0.8081701991816264 0
746 0.815219876917356 -0.2740879003680439 0
747 -0.8149915147625065 -0.2737647310649462 0
748 -0.7170996264304073 -0.4712151735488302 0
749 -0.5725402568708701 -0.6395636874384657 0
750 0.5728683329991959 -0.6387206825910039 0
751 0.7723631670651691 -0.375302223023334 0
752 0.7173971501685227 -0.4714624570861627 0
753 0.1813526587331826 -0.8388798669117299 0
754 -0.4860580898701425 -0.7081897876141974 0
755 0.39011193788314 -0.7637260185208254 0
756 0.4862518155344361 -0.7081211973386333 0
757 -0.650524341098031 -0.55994661300274 0
758 -0.03295840527254296 -0.8579744530444732 0
759 0.0341048916024906 -0.8567698157599974 0
760 -0.9736070009625543 -0.181032794549793 0
761 0.975264141612266 -0.1807445731804637 0
762 -0.004429052686237308 -0.9919674022634497 0
763 -0.3603331380411072 -0.9238474647971413 0
764 -0.2378246146059197 -0.9613232626207019 0
765 0.770666133497409 -0.6248777505637311 0
766 -0.7698389947277164 -0.6236935899081981 0
767 -0.8442569695971647 -0.5196732217903591 0
768 -0.5851068052897331 -0.8003000154070182 0
769 0.8436950399696094 -0.5210331326659595 0
770 -0.4242909332841969 -0.8967261508015275 0
771 -0.4772468147525275 -0.8690393983964698 0
772 -0.9484103015313238 -0.285153930323178 0
773 -0.3058990504025966 -0.9425825533579613 0
774 -0.9041928420832679 -0.4065284645704411 0
775 0.6828208960549187 -0.7178827224503307 0
776 0.5864074050374654 -0.7995563438723388 0
777 0.904422861465593 -0.4056476626944099 0
778 -0.640000697355434 -0.7568079481621459 0
779 -0.8124768622721611 -0.5683582646679702 0
780 -0.6835664147117257 -0.7185635661875365 0
781 0.9489584080032506 -0.2870609437064949 0
782 0.3605470067109796 -0.9237673202974863 0
783 0.9301714181657801 -0.3428105750645365 0
784 0.1808710947227262 -0.9750856949895876 0
785 -0.5361078274108005 -0.8336699220512349 0
786 0.2391075146680151 -0.9616603281653899 0
787 0.4249759233684831 -0.8967293983238409 0
788 0.4777278552080688 -0.8688515072833219 0
789 -0.1814372998300853 -0.9752593049737738 0
790 0.6392747648820836 -0.7573485006937157 0
791 0.5362649193380429 -0.8341511687929286 0
792 -0.9309836499092341 -0.3422693804921847 0
793 0.8121760505972132 -0.5694031007638938 0
794 0.8770369011826207 -0.4601324665213437 0
795 -0.7318792454860672 -0.6682869322012417 0
796 0.305862246834423 -0.9436299749036975 0
797 -0.878725873593686 -0.4583100565867002 0
798 0.7303420991838415 -0.6690543174402139 0
799 -0.9103474836591693 -0.07807095973563144 0
800 0.910350419525928 -0.07785169138898199 0
801 0.931083239683496 -0.07416890093305185 0
802 -0.9305895876079202 -0.07324704970618803 0
803 0.9905621068719179 -0.0443916300243561 0
804 -0.9903375340121356 -0.04523198256578859 0
805 0.8475778473865471 -0.135692393271681 0
806 -0.8469194620370978 -0.1369139644566802 0
807 -0.8952573178157769 -0.008495118783223888 0
808 0.8951399410339059 -0.008105795769889894 0
809 -0.8574347458370616 -0.04537935809931606 0
810 0.857434745873414 -0.04537935834896168 0
811 0.944837410516655 -0.009477416605272702 0
812 -0.9457891154254369 -0.009277498516013045 0
813 -0.9385340338690462 -0.1229805362474105 0
814 0.9396525164165442 -0.1219290402783511 0
815 0.903702663791783 -0.1160541176363615 0
816 -0.9030997607699779 -0.1141821904878251 0
817 0.9463063563336559 -0.08394573586771636 0
818 -0.9471635405976744 -0.08505161849727978 0
819 -0.898796792606656 -0.09572783152547873 0
820 0.8991329332213283 -0.09485472053987155 0
821 -0.9799278162212182 -0.1518575304376558 0
822 0.9784489202016149 -0.1512490971699399 0
823 0.8525348460608524 -0.1053403546910371 0
824 -0.8523738536310376 -0.1060719791545094 0
825 -0.8551032550634956 -0.07565258550735734 0
826 0.8560712799757747 -0.07437350015355648 0
827 0.9512132904240505 -0.1042780221667274 0
828 -0.9510614664860961 -0.1051834363922131 0
829 0.9869558952319688 -0.07445318485267985 0
830 -0.9882894270216387 -0.07287956097183541 0
831 -0.08352253096541198 -0.8554698185260653 0
832 0.0823786910990153 -0.8562649685907825 0
833 0.8313811424331237 -0.2146136659363906 0
834 -0.83104712672184 -0.2139328784801846 0
835 -0.7435740383127649 -0.4286445825921353 0
836 -0.6823481676731189 -0.5210188018633917 0
837 -0.2313708157634458 -0.8266155578838476 0
838 0.5262758011791284 -0.6778091215748641 0
839 -0.609178085223719 -0.6042825272132182 0
840 0.3357520585672938 -0.7899855665841828 0
841 -0.5266125011451966 -0.6784023116096276 0
842 -0.3369322357469358 -0.7896670751770849 0
843 -0.4352370925470453 -0.740057346420544 0
844 0.4349356078264573 -0.7401417414509552 0
845 0.7439011322597349 -0.4288545834472833 0
846 0.2307870065987483 -0.8263565747129171 0
847 0.792997582198619 -0.3292817100369632 0
848 0.6819888636990431 -0.520543351147199 0
849 0.6096226505190632 -0.6046750916600775 0
850 -0.7929111551663366 -0.3301085140361625 0
851 -0.1324995707566573 -0.8488967711064819 0
852 0.1322588778194003 -0.8465328913845381 0
853 0.01455830077421137 -0.858686435897851 0
854 0.9646183741431745 -0.007984267979737088 0
855 0.9252823804448675 -0.008257778188093985 0
856 -0.9238587264599287 -0.008183343910843306 0
857 -0.9640681067033396 -0.009616023732977881 0
858 -0.8582265974866905 -0.025218469447878 0
859 0.8579329842336283 -0.02467808904239949 0
860 0.9879108829513049 -0.09471204725759425 0
861 -0.9873655545915447 -0.09341548174817771 0
862 -0.9809218975740309 -0.131599392993784 0
863 0.9828603302075194 -0.1317571199978054 0
864 -0.9646611562380386 -0.2287834102475357 0
865 -0.09209568998362347 -0.9865053930560492 0
866 -0.05394141044219167 -0.9904111303773337 0
867 0.09338294390643914 -0.987822547620822 0
868 0.01495730903449826 -0.9918418220638212 0
869 0.05415035982901682 -0.9893062172430742 0
870 -0.9123674518305496 -0.3886359041921417 0
871 -0.6976515673008966 -0.7049412783805364 0
872 0.8542471710909942 -0.503005434796347 0
873 -0.3790687811154899 -0.9157371707633001 0
874 0.9125400111755595 -0.3885081108030384 0
875 0.2577511693633368 -0.9566733359931613 0
876 -0.9550113374126064 -0.2692314949399041 0
877 -0.2591130059883117 -0.9561939446785921 0
878 -0.4942656600651554 -0.8593785810471875 0
879 0.4942656629673529 -0.8593785793196748 0
880 0.6970693363162073 -0.7046544939547843 0
881 -0.6009028621564788 -0.7885086166620714 0
882 0.60090286540525 -0.7885086141054096 0
883 -0.8542146011883536 -0.5036278700347966 0
884 -0.7830488042734359 -0.6083510408069466 0
885 0.3796069539051689 -0.9150394938852171 0
886 0.9646080189985367 -0.2295838564689447 0
887 0.9543418893215467 -0.2675951217459164 0
888 0.7818041378689539 -0.6098706227120875 0
889 0.1333889946812851 -0.9828002279382867 0
890 -0.1323424670990671 -0.9830328363616343 0
891 0.9856305616378194 -0.1130844660703385 0
892 -0.9855665057628882 -0.1126300195359721 0
893 0.9914435978574817 -0.02509033868518608 0
894 -0.9901243737546391 -0.02377326547749384 0
895 -0.8744341118169344 -0.00804846765192223 0
896 0.8758396702547216 -0.009335002669111733 0
897 0.9101093318184607 -0.1222837020351567 0
898 0.9124386797551404 -0.1303257093623274 0
899 0.9191911594243251 -0.1344801234743038 0
900 0.9130959150869838 -0.1386534655509022 0
901 0.9200645351266261 -0.1428465925991917 0
902 0.9122746838001777 -0.1477214837091637 0
903 0.9206923727107755 -0.1509647192284143 0
904 0.9134400449585813 -0.1560876391251096 0
905 0.9214373074905026 -0.1598638333956416 0
906 0.9133676339325734 -0.1647182838287412 0
907 0.9216922869853146 -0.168764279254017 0
908 0.9135906083980263 -0.1737418206987978 0
909 0.905039748991584 -0.1603538400649577 0
910 0.9222230924407757 -0.1779661235793009 0
911 0.9142798726034754 -0.182966642329592 0
912 0.9226491716300069 -0.1872693497983668 0
913 0.9147248205656636 -0.192343887391094 0
914 0.9063861824031613 -0.1879382424625875 0
915 0.906681500192154 -0.1973857660780163 0
916 0.9151906411527178 -0.2018375407469942 0
917 0.9071438807987154 -0.2070055812070729 0
918 0.8985599545510365 -0.202483167998281 0
919 0.8989816121021563 -0.2121677221190092 0
920 0.9075900884589934 -0.2166592217395503 0
921 0.89938416796806 -0.2218650874449821 0
922 0.9080040739890005 -0.2263547409430622 0
923 0.8997836829758632 -0.2316010915267409 0
924 0.8911685117890891 -0.2270751662690154 0
925 0.8915309812910226 -0.2368467343605583 0
926 0.9002162683092525 -0.2413817126938007 0
927 0.8919374047164129 -0.2466569974061619 0
928 0.9006446798670051 -0.2511816944730968 0
929 0.892353226086208 -0.2564878249065702 0
930 0.8836174654298727 -0.2519302562178007 0
931 0.884027476704939 -0.2617861240636103 0
932 0.8927823478578657 -0.2663543705741707 0
933 0.8844449047116931 -0.2716611793356044 0
934 0.8932138504229836 -0.2762327602628537 0
935 0.8848647618489294 -0.2815487843656125 0
936 0.8760932447580898 -0.2769738114110848 0
937 0.8765055186396163 -0.2868681256108259 0
938 0.8852946390791755 -0.2914509028616128 0
939 0.8769273521900508 -0.2967775823275721 0
940 0.8857277926501312 -0.3013632407012783 0
941 0.8773525072003796 -0.3066956701798689 0
942 0.8685471834984827 -0.3021035868541826 0
943 0.8689712161286742 -0.3120286124814384 0
944 0.8777824184884382 -0.3166219261054735 0
945 0.869397615629243 -0.3219590702793403 0
946 0.8782138742141142 -0.3265532386378018 0
947 0.86982557088482 -0.3318931490443948 0
948 0.8610099327976015 -0.3272955302968337 0
949 0.8614400862320215 -0.3372335139638869 0
950 0.8702557931343508 -0.3418310352289315 0
951 0.8618628514630073 -0.3471733903684008 0
952 0.8530535051807622 -0.3425591758093787 0
953 0.8534750559763706 -0.3525144847940942 0
954 0.8622968612150848 -0.3571313288331752 0
955 0.8539018898261543 -0.3624717205200361 0
956 0.8450842687189933 -0.3578510641029756 0
957 0.8455070543918244 -0.3678081922542975 0
958 0.8543316509601646 -0.3724119756871808 0
959 0.8459332326389088 -0.3777573252825723 0
960 0.837108340999374 -0.3731479608056395 0
961 0.8375335731221323 -0.3831049633736077 0
962 0.8463661694636049 -0.3877103310876971 0
963 0.8379658093438108 -0.3930562638963164 0
964 0.8291322793604397 -0.3884568323018885 0
965 0.8295653332394515 -0.398408368466445 0
966 0.8383995234878041 -0.4030093870671294 0
967 0.8300000174762352 -0.4083609865579999 0
968 0.8211641669772497 -0.4037612225331312 0
969 0.8215994362594989 -0.4137137039755532 0
970 0.8304356568316011 -0.4183126038135089 0
971 0.822035669810254 -0.4236657911571245 0
972 0.8308720134365475 -0.4282625398867762 0
973 0.822472547558896 -0.4336161907845248 0
974 0.8136357934481131 -0.4290194274351328 0
975 0.8140719062441755 -0.4389716869197342 0
976 0.805234325511873 -0.434374418399686 0
977 0.8056709483899516 -0.4443274908613674 0
978 0.8145116135107413 -0.4489221835892474 0
979 0.8061087027109168 -0.4542805294249382 0
980 0.797271050830201 -0.4496859883457525 0
981 0.7977078616797667 -0.4596380769273437 0
982 0.8065545546544373 -0.4642274607135275 0
983 0.798151789924015 -0.4695874307989168 0
984 0.7893097578509782 -0.4649980980416309 0
985 0.7897459569346331 -0.4749497280902552 0
986 0.7985915808353206 -0.4795384220720357 0
987 0.7901865805305545 -0.4849030498985522 0
988 0.7813465050377607 -0.480307875573556 0
989 0.7817869930293189 -0.4902619045161669 0
990 0.7906267524161656 -0.4948571012207442 0
991 0.7822283722031191 -0.5002154423692289 0
992 0.7733869894335249 -0.4956209571185497 0
993 0.7738293142216324 -0.5055752265492883 0
994 0.7649862847840365 -0.5009809605840323 0
995 0.7654290555465156 -0.5109361090256171 0
996 0.7742706622746456 -0.515530554530662 0
997 0.7658715852385563 -0.5208914391084949 0
998 0.7570282032369586 -0.5162998716735755 0
999 0.7574730708155057 -0.5262530509883413 0
1000 0.7663144933504582 -0.5308455155783177 0
1001 0.757916575985891 -0.5362071128586015 0
1002 0.7490745147512738 -0.531614659990595 0
1003 0.7495183077285552 -0.5415693919812041 0
1004 0.7406750888436802 -0.5369760771334944 0
1005 0.7411200231525088 -0.5469312377657201 0
1006 0.7499625722883059 -0.5515235663099567 0
1007 0.7415652608824392 -0.5568853131608889 0
1008 0.7327216048824503 -0.5522938513799551 0
1009 0.733167356442064 -0.5622486148409472 0
1010 0.7243230484224994 -0.5576576042780947 0
1011 0.7247694039041805 -0.567612847905071 0
1012 0.7336129718426588 -0.5722031193834426 0
1013 0.7252155098780807 -0.5775682361162234 0
1014 0.7163714904543341 -0.5729772879074279 0
1015 0.7168180651124367 -0.5829331324504033 0
1016 0.7079737089014039 -0.5783421211383305 0
1017 0.708421157073253 -0.5882974250467882 0
1018 0.7172648886268416 -0.5928876588388349 0
1019 0.7088684691217361 -0.5982527200169643 0
1020 0.7000241205997253 -0.5936628588029957 0
1021 0.7004718717152858 -0.603618415683121 0
1022 0.6916268152081217 -0.5990286136119322 0
1023 0.6920756052011847 -0.6089838300227912 0
1024 0.7009198869741105 -0.6135726500243402 0
1025 0.6925245292475239 -0.618938056563084 0
1026 0.6836797311869302 -0.6143501892842108 0
1027 0.6841289537843306 -0.6243045184535206 0
1028 0.6752834164857174 -0.619716557398261 0
1029 0.6757329393364646 -0.6296714340307441 0
1030 0.6668866266363538 -0.6250834278876105 0
1031 0.6673369058007468 -0.6350387553320003 0
1032 0.6761878523521496 -0.6396211336625002 0
1033 0.6677920837000304 -0.6449897740007394 0
1034 0.6589422090217131 -0.6404058828861456 0
1035 0.6593925049618893 -0.6503602295252761 0
1036 0.6505460310873111 -0.6457741080638237 0
1037 0.6509960859973094 -0.6557289865096873 0
1038 0.6421529076854672 -0.6511417090646885 0
1039 0.6426008674520884 -0.6610973825670066 0
1040 0.6337625304112707 -0.6565076227235358 0
1041 0.6342073417152891 -0.6664674826121819 0
1042 0.6430514578156137 -0.6710525905360708 0
1043 0.6346569597682461 -0.6764201955135611 0
1044 0.6258111617233552 -0.6718373400078397 0
1045 0.6262636512165025 -0.6817877981841567 0
1046 0.6174156125211239 -0.6772051176776399 0
1047 0.6178683988032573 -0.6871574599908703 0
1048 0.6090193510895002 -0.6825730687708156 0
1049 0.6094704918000177 -0.6925283637235192 0
1050 0.6006229739616233 -0.6879425808546931 0
1051 0.6010740908002579 -0.6978984294683905 0
1052 0.5922265946530555 -0.6933120118583591 0
1053 0.5926783886488788 -0.7032682710694147 0
1054 0.5838298782478503 -0.6986818604038439 0
1055 0.5842826757759524 -0.7086383938619185 0
1056 0.5931301410637566 -0.7132238394764316 0
1057 0.5847357627130485 -0.7185927024253589 0
1058 0.5758878427826397 -0.7140087153417434 0
1059 0.5763428647980495 -0.7239614023791494 0
1060 0.5674934119585446 -0.7193783807355851 0
1061 0.5679481992329702 -0.7293321296413386 0
1062 0.5590992395005904 -0.7247496226535547 0
1063 0.5595515263449218 -0.7347050140999389 0
1064 0.5507039550715191 -0.7301205488048816 0
1065 0.5511566769199141 -0.7400750786184778 0
1066 0.542309370155487 -0.7354921447159082 0
1067 0.5427610989371989 -0.7454469368478207 0
1068 0.5339139743583607 -0.7408631349689557 0
1069 0.5343656068740619 -0.750817136118919 0
1070 0.5255190465079541 -0.7462348802000149 0
1071 0.525970107531478 -0.7561880865298783 0
1072 0.5171224022649493 -0.7516040769610306 0
1073 0.5175745433607424 -0.7615585898831611 0
1074 0.5087278112602991 -0.7569769473376913 0
1075 0.5091787374676628 -0.7669294532627829 0
1076 0.5003327590929232 -0.762349226147466 0
1077 0.5007828220152323 -0.7723004902246972 0
1078 0.4919352372309312 -0.7677177706679734 0
1079 0.4923881369860253 -0.7776716256995774 0
1080 0.4835412620308415 -0.7730915811095742 0
1081 0.4839909074826125 -0.7830425513647055 0
1082 0.47514605851298 -0.7784640101791906 0
1083 0.4755949705574262 -0.7884135446509207 0
1084 0.4667479762489707 -0.7838316569485202 0
1085 0.4671999867552684 -0.7937845638532881 0
1086 0.4583545814756887 -0.7892061559146679 0
1087 0.4588043334079119 -0.7991560134053617 0
1088 0.4499598958121004 -0.794578665177643 0
1089 0.4504088330355359 -0.804527154162222 0
1090 0.4415645455121533 -0.7999498460229759 0
1091 0.4420133458187656 -0.8098979519577667 0
1092 0.4331697496404271 -0.8053215468277096 0
1093 0.433618055372951 -0.8152686855014264 0
1094 0.4247711835849102 -0.8106871616819135 0
1095 0.425221399033947 -0.8206378374146195 0
1096 0.416379100667579 -0.8160622185799024 0
1097 0.416826403479186 -0.8260081121856072 0
1098 0.4079825344805565 -0.8214297566666212 0
1099 0.4084322658030652 -0.8313784860837493 0
1100 0.3995856329735796 -0.8267962507138977 0
1101 0.4000371770300759 -0.8367481252360343 0
1102 0.3911929294884099 -0.8321685423087556 0
1103 0.3916429990708848 -0.8421178373963081 0
1104 0.3827982579217742 -0.8375371188792335 0
1105 0.3832491343804604 -0.8474873398709668 0
1106 0.3744042908112253 -0.8429061350602605 0
1107 0.3748591780409241 -0.8528505906613255 0
1108 0.366011632339075 -0.8482742746797303 0
1109 0.3664667283246502 -0.8582183410476351 0
1110 0.357617855357668 -0.8536410366420755 0
1111 0.3580705565009861 -0.8635924890222377 0
1112 0.3492247504614359 -0.8590106183116009 0
1113 0.3496779208732548 -0.8689617545709725 0
1114 0.3408326348317088 -0.8643789791920815 0
1115 0.4928405847898609 -0.7876265365859636 0
1116 0.5180287634864502 -0.7715130320876736 0
1117 0.3412818634700597 -0.8743308176890536 0
1118 0.3324395439450882 -0.8697481188988402 0
1119 0.3319867846880561 -0.8597949921214317 0
1120 0.3235944436247886 -0.8651652344129501 0
1121 0.3240479904146766 -0.8751176567931565 0
1122 0.3152025461042374 -0.8705355752197108 0
1123 0.3156565583489607 -0.880487104592139 0
1124 0.3068108386053309 -0.8759049456201773 0
1125 0.543212406368915 -0.7554026474553527 0
1126 0.4676576852234529 -0.8037313836862948 0
1127 0.4340709455009527 -0.8252214613137364 0
1128 0.3072651520340046 -0.8858565014391232 0
1129 0.2984188827092218 -0.8812750988045315 0
1130 0.2979643332407808 -0.871321858748086 0
1131 0.2895722989235479 -0.8766929006019983 0
1132 0.2900273320899043 -0.8866457213146526 0
1133 0.2811807889589342 -0.882064149884888 0
1134 0.281637277550455 -0.8920161153871657 0
1135 0.2727900299695646 -0.8874353896135431 0
1136 0.2723333512257638 -0.8774818731764228 0
1137 0.2639418553278069 -0.8828548929121143 0
1138 0.2643998522251507 -0.8928069779479959 0
1139 0.2555509673568753 -0.8882277548281972 0
1140 0.2560085725075605 -0.8981790206662281 0
1141 0.2471601414845418 -0.8935995192379426 0
1142 0.2476174676812714 -0.90355064028503 0
1143 0.2387697041605762 -0.8989713334911005 0
1144 0.2383120519313056 -0.8890186809215421 0
1145 0.2299213529606173 -0.8943920062025149 0
1146 0.2303795314259537 -0.9043451164996488 0
1147 0.2215313549598842 -0.8997656142135901 0
1148 0.2219894738603874 -0.9097175071221503 0
1149 0.2131410867443263 -0.9051392052742215 0
1150 0.2126826636454789 -0.8951859782318978 0
1151 0.2042926399216299 -0.9005604302367451 0
1152 0.2047514667002297 -0.9105130312948568 0
1153 0.195903317334217 -0.9059349879221062 0
1154 0.1963633624502426 -0.9158876150644784 0
1155 0.187514884498775 -0.9113093129116107 0
1156 0.1870543050976274 -0.9013567284906485 0
1157 0.1786650248946943 -0.9067319618773502 0
1158 0.1791258948916696 -0.9166848435809185 0
1159 0.1702799149933813 -0.9121086910930347 0
1160 0.1698150329445192 -0.9021552873237605 0
1161 0.1614273662342338 -0.907532230551205 0
1162 0.1618986695574837 -0.9174765355029418 0
1163 0.1530603265134868 -0.9129085148056093 0
1164 0.1535273381012618 -0.9228323726766903 0
1165 0.1447063468160055 -0.9182701894978443 0
1166 0.1442272960969742 -0.9083606238013993 0
1167 0.1358891622389115 -0.913729148248614 0
1168 0.1363616982380932 -0.9236210382504269 0
1169 0.1275637822831585 -0.9190767194104748 0
1170 0.127085160110389 -0.909218965466487 0
1171 0.1187782779929447 -0.9145502931571532 0
1172 0.1192531049480899 -0.9244077198123413 0
1173 0.110493075339861 -0.9198815729368859 0
1174 0.1100219592915209 -0.9100528605404984 0
1175 0.1017442486217567 -0.9153772721859889 0
1176 0.1022219292182139 -0.925196145879645 0
1177 0.0934836851540688 -0.9207005265774477 0
1178 0.09395614315746732 -0.9305095194548401 0
1179 0.08522982835749439 -0.9260077092959147 0
1180 0.08475686239768998 -0.9162076119574164 0
1181 0.07650874582761422 -0.9215142252389525 0
1182 0.07697764719885332 -0.9313053594156437 0
1183 0.068272080622992 -0.9268049156143607 0
1184 0.06780353769365995 -0.9170311732270894 0
1185 0.05957638947334616 -0.9223111675068093 0
1186 0.05912522818214831 -0.9125532778254596 0
1187 0.05090638636080036 -0.9178239296931637 0
1188 0.0513271132001441 -0.9275827623222408 0
1189 0.04267534900555666 -0.923084597683473 0
1190 0.04226133061884205 -0.9133357977075103 0
1191 0.03403887592774923 -0.9185922720364412 0
1192 0.03440636069841194 -0.9283357514564323 0
1193 0.02578769824066244 -0.923841570435828 0
1194 0.0254245711986645 -0.9140805564724581 0
1195 0.01714429256524474 -0.919351341201724 0
1196 0.01748256863867747 -0.9290705927820557 0
1197 0.008907449605981903 -0.9245846092341861 0
1198 0.008505520606284121 -0.914821206276084 0
1199 0.0002881160892858487 -0.9200243687559411 0
1200 0.0005699409121588287 -0.9297782791442013 0
1201 -0.007985199203808658 -0.9252782229741059 0
1202 -0.008281858727279441 -0.9154748374258073 0
1203 -0.01650494184178958 -0.9207113518631331 0
1204 -0.01620064351696054 -0.9305047733151323 0
1205 -0.02481362890789503 -0.9259885212571659 0
1206 -0.02491621174927209 -0.9160990393333484 0
1207 -0.03331379776915259 -0.9213854905907095 0
1208 -0.03301324479026584 -0.9312128782209028 0
1209 -0.04168101135377678 -0.9266867945934201 0
1210 -0.04183492702580702 -0.9168412022863048 0
1211 -0.05035491131591227 -0.9221709491994954 0
1212 -0.04997097205385565 -0.9319272834120788 0
1213 -0.05861880333651122 -0.9273806800173469 0
1214 -0.05899950352036935 -0.917613315927616 0
1215 -0.0672643528324883 -0.9228297583255657 0
1216 -0.06764431735583476 -0.9130728285924447 0
1217 -0.07591379023232644 -0.9182794278570717 0
1218 -0.07553337828657805 -0.9280531689408158 0
1219 -0.08419462999310197 -0.9234935292166082 0
1220 -0.0845700457396894 -0.913708840555584 0
1221 -0.09286764710606768 -0.9189287551317237 0
1222 -0.09324111379244422 -0.9091264676457487 0
1223 -0.1015558157383638 -0.9143538530769232 0
1224 -0.1011743051854476 -0.9241781638677683 0
1225 -0.1098837218720603 -0.9195947009432391 0
1226 -0.1102621982642701 -0.9097541399904772 0
1227 -0.1186096626844501 -0.9149992251391801 0
1228 0.6183184463066543 -0.6971137333161999 0
1229 -0.1182299229637606 -0.9248618692969324 0
1230 -0.1269710957504514 -0.920260318919647 0
1231 -0.1273506498586913 -0.9103796131904957 0
1232 -0.1357269060956668 -0.9156480982327726 0
1233 -0.1361027776857876 -0.9057524019133822 0
1234 -0.144491602649657 -0.9110278141823148 0
1235 -0.1441111071338002 -0.9209319088155127 0
1236 -0.1528842180028571 -0.916310448858451 0
1237 -0.1532631639067408 -0.9063956429132861 0
1238 -0.1616654308624136 -0.9116827836283214 0
1239 -0.1620427823608407 -0.9017573836044153 0
1240 -0.1704529279363697 -0.9070501495522134 0
1241 -0.1708309236696525 -0.8971172137600714 0
1242 -0.1792447071113323 -0.9024118974581899 0
1243 -0.1788648213184273 -0.9123471356550912 0
1244 -0.1876609806615527 -0.9077091565833888 0
1245 -0.1880403795802355 -0.8977703181912535 0
1246 -0.1964599521502335 -0.9030697040498896 0
1247 -0.1968403399491042 -0.8931263245479105 0
1248 -0.2052620692878583 -0.8984284281091793 0
1249 -0.2048928607292907 -0.9083827209192989 0
1250 -0.213684548724704 -0.9037321313392279 0
1251 -0.2140669331508033 -0.8937861485529655 0
1252 -0.2224916605753885 -0.8990903406624434 0
1253 -0.2228737040156935 -0.8891413663912409 0
1254 -0.2312991105217776 -0.8944467950769213 0
1255 -0.2316818944274927 -0.8844950114209875 0
1256 -0.2401111701773103 -0.889802825451341 0
1257 -0.2404898019790363 -0.8798612789266974 0
1258 -0.2489237559599884 -0.8851630571428444 0
1259 -0.2485390716657671 -0.8951109724322899 0
1260 -0.2573515781757156 -0.8904670406711714 0
1261 -0.2577365067868065 -0.8805162518722882 0
1262 -0.266164259611724 -0.8858221578290371 0
1263 -0.266549480772925 -0.8758702327515115 0
1264 -0.2749781453632775 -0.8811769953429449 0
1265 -0.2753594343092323 -0.8712243630356677 0
1266 -0.2837920579041986 -0.8765314385361581 0
1267 -0.2841673804838509 -0.8665825232637748 0
1268 -0.2926071006950324 -0.871889073021163 0
1269 -0.2922229465381331 -0.8818417727339921 0
1270 -0.3010374792365031 -0.8771963287310626 0
1271 -0.3014235136659708 -0.8672428502097036 0
1272 -0.3098499282184916 -0.872552598123738 0
1273 -0.3102379135565758 -0.8625967644218103 0
1274 -0.3186657877801791 -0.8679078796795769 0
1275 -0.3190534423412986 -0.857951224871496 0
1276 -0.3274840467164356 -0.8632619618836698 0
1277 -0.3278693860579092 -0.8533044211389275 0
1278 -0.3363009475636818 -0.8586162704507295 0
1279 -0.3366860852774989 -0.8486584740529014 0
1280 -0.3451173417451699 -0.8539708185340642 0
1281 -0.3455027647947447 -0.8440119851438388 0
1282 -0.3539345358783131 -0.8493249425649296 0
1283 -0.3543202354470093 -0.8393660671414114 0
1284 -0.3627522548816016 -0.8446794917219008 0
1285 -0.3623662258240814 -0.8546369782982871 0
1286 -0.3711829781588116 -0.8499920701545902 0
1287 -0.3715689942962956 -0.8400351881802479 0
1288 -0.379999300544656 -0.8453478428679329 0
1289 -0.3803853704112971 -0.8353910776119482 0
1290 -0.3888158051505539 -0.8407037093432828 0
1291 -0.3892099314815676 -0.8307619071477209 0
1292 -0.3976338015013414 -0.8360620199785234 0
1293 -0.3980281580106778 -0.8261204785262725 0
1294 -0.4064507591500464 -0.8314188023284979 0
1295 -0.406844614785114 -0.821475548141443 0
1296 -0.4152670921620226 -0.8267753566579101 0
1297 -0.4156564928733086 -0.8168217522443422 0
1298 -0.4240829026803641 -0.8221270292931721 0
1299 -0.4244770152347238 -0.8121839522363881 0
1300 -0.4329004254823954 -0.8174856975971907 0
1301 -0.4332940118432791 -0.8075397958985692 0
1302 -0.4417178054109338 -0.8128409657204698 0
1303 -0.4421069007092152 -0.8028871852471581 0
1304 -0.4505339378932395 -0.8081936063974068 0
1305 -0.450926965437444 -0.7982485148497483 0
1306 -0.4593513082801632 -0.8035514520586388 0
1307 -0.4597437741250992 -0.7936040981032547 0
1308 -0.4681684042139156 -0.7989070292126048 0
1309 -0.4685571260059359 -0.7889528495056193 0
1310 -0.4769845300508003 -0.7942602653573155 0
1311 -0.4773764081856537 -0.7843133982804036 0
1312 -0.4858013477341843 -0.7896178993565806 0
1313 -0.4861927657186538 -0.7796690496434491 0
1314 -0.494617947977253 -0.7849735709511011 0
1315 -0.4950063172965205 -0.7750192839414572 0
1316 -0.5034337923394819 -0.7803274745943484 0
1317 -0.5038245925793431 -0.7703792763359856 0
1318 -0.5122498234931818 -0.7756850602913486 0
1319 -0.5126399634099107 -0.7657345848176882 0
1320 -0.5210612740786709 -0.7710407133998747 0
1321 -0.5214533445207324 -0.7610865471458725 0
1322 -0.5298756029059378 -0.7663960998150979 0
1323 -0.5302694408683521 -0.7564458958228722 0
1324 -0.538696099402593 -0.761751987354825 0
1325 -0.5390847499458147 -0.7518015113536336 0
1326 -0.5475117876455093 -0.7571080268319064 0
1327 -0.5478996811635243 -0.7471581766900361 0
1328 -0.5563263242223841 -0.7524645490660702 0
1329 -0.5567118685712964 -0.7425109930661993 0
1330 -0.565139226657503 -0.747821996140267 0
1331 -0.565525301025129 -0.7378677309646391 0
1332 -0.5739523629439904 -0.7431791231819191 0
1333 -0.5743390189041084 -0.7332247661344726 0
1334 -0.565910802511584 -0.7279123722866805 0
1335 -0.5747264566966847 -0.7232699740968506 0
1336 -0.5831546372197913 -0.7285829354463974 0
1337 -0.5835422170274682 -0.7186280093618147 0
1338 -0.5919695538763379 -0.723940282088033 0
1339 -0.5923570470431476 -0.7139855745599115 0
1340 -0.6007836009261061 -0.7192986966635129 0
1341 -0.6011718030015165 -0.7093439614462536 0
1342 -0.5927439169452984 -0.7040298305564381 0
1343 -0.6015606330893972 -0.6993884008214174 0
1344 -0.6099873110567104 -0.7047031516485764 0
1345 -0.610377186262261 -0.6947474482868456 0
1346 -0.6188035271409214 -0.7000615937516264 0
1347 -0.6191929087948338 -0.6901060569064975 0
1348 -0.6276192319587669 -0.6954198916625283 0
1349 -0.6280086060501515 -0.6854649167521486 0
1350 -0.6195812584530103 -0.680150026746017 0
1351 -0.6283985239891484 -0.6755090863866443 0
1352 -0.6368258987656963 -0.6808249829011271 0
1353 -0.6372160779960646 -0.6708700155077978 0
1354 -0.6456424400339411 -0.6761846689548215 0
1355 -0.6460326477821174 -0.6662306238445299 0
1356 -0.6544574623716272 -0.6715451950630626 0
1357 -0.6548481175244854 -0.6615905288399585 0
1358 -0.6464207907895887 -0.656276943376173 0
1359 -0.6552389206004637 -0.6516352002409165 0
1360 -0.6636634786556695 -0.6569539464021656 0
1361 -0.6640562728239612 -0.6469960850214524 0
1362 -0.6556302092486508 -0.6416784670706669 0
1363 -0.6644492516186739 -0.6370399571235912 0
1364 -0.6728747393233723 -0.6423570268454438 0
1365 -0.673268185376073 -0.6324019689005489 0
1366 -0.6816933132240554 -0.6377186944907508 0
1367 -0.6820860077308821 -0.6277638236182703 0
1368 -0.6905108078042426 -0.6330806733676834 0
1369 -0.6909041982179271 -0.6231259276416911 0
1370 -0.6824783245955685 -0.6178080774127898 0
1371 -0.691297170184574 -0.6131709111527959 0
1372 -0.6997222181217927 -0.6184887788343704 0
1373 -0.7001157858727562 -0.6085343545359773 0
1374 -0.7085390592250764 -0.6138530434308407 0
1375 -0.7089335182196074 -0.603898710213272 0
1376 -0.700510537827015 -0.5985809560503386 0
1377 -0.7093284829208522 -0.5939433870547318 0
1378 -0.7177506774325924 -0.5992676219439792 0
1379 -0.7181469631708313 -0.5893104060712868 0
1380 -0.7097237190451566 -0.5839884125488548 0
1381 -0.7185434347190425 -0.5793526796778884 0
1382 -0.7269663613162916 -0.5846754145489403 0
1383 -0.7273639631320892 -0.5747175652186911 0
1384 -0.7189393930387322 -0.5693956182301183 0
1385 -0.7277610669214646 -0.5647612920160091 0
1386 -0.7361848702926991 -0.5700827538072728 0
1387 -0.7365823503237812 -0.5601275362476769 0
1388 -0.7450042027974405 -0.565449860395098 0
1389 -0.7454024202773017 -0.5554950214232013 0
1390 -0.7369809690525311 -0.5501722053342499 0
1391 -0.7458012298320806 -0.5455391763360686 0
1392 -0.7542217015225476 -0.5508652146741007 0
1393 -0.7546220994239006 -0.5409073636832715 0
1394 -0.7462022176817485 -0.5355833990632684 0
1395 -0.7550222022934104 -0.5309509682978143 0
1396 -0.7634428273345369 -0.5362754020207114 0
1397 -0.7638439681092236 -0.5263202184459942 0
1398 -0.7554255000859449 -0.5209950995650932 0
1399 -0.7642452198057335 -0.5163638381487797 0
1400 -0.7726635361291345 -0.5216923530218114 0
1401 -0.7730660138634852 -0.5117314431766553 0
1402 -0.7646509754921786 -0.5064074820500057 0
1403 -0.7734704265581698 -0.5017774877968482 0
1404 -0.7818891057404099 -0.5071036528208188 0
1405 -0.7822933623681407 -0.4971489683262535 0
1406 -0.7738830936674757 -0.4918125223614478 0
1407 -0.7827057585550685 -0.4871916203487157 0
1408 -0.7911235549861235 -0.4925136077394883 0
1409 -0.7915244487021416 -0.4825629982851275 0
1410 -0.7831256458152194 -0.4772217589461565 0
1411 -0.7919290269987538 -0.4726079730062502 0
1412 -0.8003468738160305 -0.4779360423126756 0
1413 -0.800751537801574 -0.4679810370155078 0
1414 -0.7923560680909697 -0.4626360494644132 0
1415 -0.8011595598519455 -0.4580252391705214 0
1416 -0.8095753267410951 -0.4633550263622646 0
1417 -0.8099817731519431 -0.4533999800073832 0
1418 -0.801589813251666 -0.448051134503073 0
1419 -0.8103919145182603 -0.4434438609727424 0
1420 -0.8188099646213511 -0.448772510667362 0
1421 -0.8192152765304412 -0.4388190046340412 0
1422 -0.810805834219517 -0.4334892022840214 0
1423 -0.8196242797159401 -0.4288637440197039 0
1424 -0.8112052295260568 -0.4235324305517572 0
1425 -0.8200310435562984 -0.4189081941949587 0
1426 -0.8284488263569303 -0.4242391959194352 0
1427 -0.8288571126010029 -0.4142846500322169 0
1428 -0.8204390996729193 -0.4089518989934757 0
1429 -0.8292666734344772 -0.404328585787549 0
1430 -0.820848097551881 -0.3989943860039349 0
1431 -0.8296765765324637 -0.3943709688919107 0
1432 -0.8380947841816755 -0.3997043149408764 0
1433 -0.838505041381724 -0.389747302987235 0
1434 -0.8300873652489852 -0.3844141268191748 0
1435 -0.8389156291787219 -0.3797915000313959 0
1436 -0.8473323113916658 -0.3851245348448833 0
1437 -0.8477436181897323 -0.3751692999259911 0
1438 -0.8393267899863572 -0.3698350181089123 0
1439 -0.8481556932196568 -0.3652133221357733 0
1440 -0.8397384997983921 -0.3598776575423006 0
1441 -0.8485680195471155 -0.3552566193628768 0
1442 -0.856984671626755 -0.3605906011105271 0
1443 -0.8573972014562776 -0.3506354225128031 0
1444 -0.8489820219740607 -0.3453009527159382 0
1445 -0.8578107883832404 -0.3406802479173917 0
1446 -0.8662251997892212 -0.3460153109477396 0
1447 -0.8666383265646931 -0.3360615378235075 0
1448 -0.8582247326928267 -0.3307246258297282 0
1449 -0.8670522980540962 -0.3261083721738346 0
1450 -0.8586387221066323 -0.3207686818451629 0
1451 -0.8674675841346722 -0.3161516479601791 0
1452 -0.8590527496168191 -0.3108117976671835 0
1453 -0.8678829725877076 -0.3061930907903249 0
1454 -0.8762959858352733 -0.3115366665392014 0
1455 -0.8767106081266245 -0.3015781273928592 0
1456 -0.8682977723460346 -0.2962370040207394 0
1457 -0.8771262061778536 -0.2916215896100636 0
1458 -0.8687142464733135 -0.2862796574235567 0
1459 -0.8775450105168834 -0.2816610989500508 0
1460 -0.8859537943382432 -0.2870134124088382 0
1461 -0.886372599862861 -0.2770473128783779 0
1462 -0.8779624749397121 -0.2717082306938169 0
1463 -0.8867834265309328 -0.2670930850618025 0
1464 -0.8783802924910549 -0.2617573538968981 0
1465 -0.8872002476535894 -0.2571435502473384 0
1466 -0.87878720287375 -0.2518008481257 0
1467 -0.8876077005485654 -0.2472013088688464 0
1468 -0.8791583217985117 -0.2418260397360618 0
1469 -0.8879874371176379 -0.2372559460695416 0
1470 -0.8963936281148582 -0.2425901728542381 0
1471 -0.8967914627126713 -0.232692081232925 0
1472 -0.8884195309887986 -0.2273659598546727 0
1473 -0.8973177352078122 -0.2228487479805911 0
1474 -0.8889109564231081 -0.2175383806340433 0
1475 -0.8979031616327742 -0.2130887586482942 0
1476 -0.8895308163554484 -0.2077979079523953 0
1477 -0.8979499684753747 -0.2032390856522053 0
1478 -0.8899800483359881 -0.1981455965311563 0
1479 -0.8982948468871972 -0.1937164269360036 0
1480 -0.9070268131320276 -0.1989955870295246 0
1481 -0.906633366512288 -0.1892841902636759 0
1482 -0.898689493715911 -0.1843474679846926 0
1483 -0.906869388035649 -0.1798904041862656 0
1484 -0.8989551472647046 -0.1749337895587826 0
1485 -0.9151020626264247 -0.184902930339549 0
1486 -0.9151036962986155 -0.1756352588457894 0
1487 -0.327087818275186 -0.8732239179994542 0
1488 -0.5306409662960626 -0.7465104403309161 0
1489 -0.9055404707222369 -0.2280976539921768 0
1490 -0.4148787385538258 -0.8367289343957549 0
1491 -0.4413301295226671 -0.8227950865287419 0
1492 0.5684042094672928 -0.739285681227144 0
1493 -0.2657804168859255 -0.8957751078532113 0
1494 -0.3884286848417531 -0.8506597120428605 0
1495 0.4088857748916165 -0.841331515742911 0
1496 0.5935821286876843 -0.7231782479568479 0
1497 -0.5931306602728046 -0.6940742324289872 0
1498 0.3571730689068624 -0.843689561458945 0
1499 -0.5662961575096919 -0.7179572256045963 0
1500 0.3231415903542103 -0.8552106569658734 0
1501 -0.4942308430495396 -0.7949279656183802 0
1502 0.6682428519839591 -0.6549434211495557 0
1503 0.9053744213523405 -0.1349550896503517 0
1504 -0.3006528527903011 -0.8871512951461474 0
1505 -0.4677809977265663 -0.8088614988248056 0
1506 -0.6199699198446568 -0.6701923397132625 0
1507 -0.8951753338752246 -0.2724361524773066 0
1508 -0.1525017151523766 -0.9262233499142452 0
1509 -0.2221189255172679 -0.9090467884879048 0
1510 0.2634871666060284 -0.8729012925357474 0
1511 -0.5041887563666374 -0.7604521994681456 0
1512 -0.520678870110754 -0.7809949896894177 0
1513 0.6435017895728725 -0.6810063032618771 0
1514 0.9295240145074453 -0.1638522080711179 0
1515 -0.8750522599220603 -0.3413965298718103 0
1516 -0.6560207990483511 -0.6317220764990856 0
1517 -0.9229113894921893 -0.1805740208974635 0
1518 -0.9232319409748291 -0.1714575029314047 0
1519 0.7013684936339774 -0.6235243605726786 0
1520 0.3837015849347437 -0.8574398756248769 0
1521 0.3823659992109681 -0.827582983639632 0
1522 -0.3983498064150111 -0.8162220277034248 0
1523 -0.5471242627112608 -0.7670629252565443 0
1524 -0.4777334375303536 -0.7743937123121368 0
1525 -0.6901184691481529 -0.6430347784598842 0
1526 -0.4248230652911512 -0.8022795494024622 0
1527 -0.4512787555702152 -0.7883364071825186 0
1528 0.4075433273382846 -0.8115007058280003 0
1529 -0.3194309246411945 -0.8479959808872422 0
1530 -0.6004000792261879 -0.7292502563694017 0
1531 -0.2669121760767635 -0.8659214549180589 0
1532 -0.8809327566198656 -0.2122639694843483 0
1533 0.6085741162566207 -0.6726132799495714 0
1534 0.6664364540691257 -0.6151266143583399 0
1535 -0.6272298447644538 -0.7053738087911734 0
1536 -0.2232545247758923 -0.8791896676453891 0
1537 -0.8502208091396968 -0.3154315484487594 0
1538 0.5250529648459367 -0.7362910340567744 0
1539 -0.162420594248613 -0.8918307664125283 0
1540 -0.8699513900064364 -0.2563993228957452 0
1541 0.5586402903859631 -0.7147972219494616 0
1542 0.6417015949896516 -0.6411863373554395 0
1543 0.2564676883223972 -0.908128743163783 0
1544 0.4326793443087286 -0.7954021437057979 0
1545 0.4998604465954948 -0.7524121373031295 0
1546 -0.6540674773528901 -0.6814975546015597 0
1547 0.3585221416144798 -0.8735452564651025 0
1548 0.3161103204088714 -0.8904382898022322 0
1549 0.4746672689234659 -0.7685336167625203 0
1550 -0.9315212125002148 -0.1763490939570493 0
1551 -0.9314151872870569 -0.1672339145193929 0
1552 -0.93221305460615 -0.1856126038044899 0
1553 -0.3458868685856219 -0.8340514218760938 0
1554 0.5833768318935402 -0.6887235516915604 0
1555 -0.5735658533683391 -0.75313153727552 0
1556 -0.9151339608109474 -0.166395735858426 0
1557 0.16096197346217 -0.897583815663535 0
1558 0.06733000032178828 -0.9072786009856573 0
1559 0.1012710046108236 -0.9055683504053245 0
1560 -0.05938913185516656 -0.9078638141703197 0
1561 0.06872697786966392 -0.9366015500100806 0
1562 0.1693509847012408 -0.8922051967809962 0
1563 0.1604956503671304 -0.887632382930503 0
1564 0.1688841374875033 -0.8822534409012923 0
1565 0.05867473066791318 -0.9028112694051382 0
1566 0.06686039710587439 -0.8975453204198526 0
1567 0.05821994026547912 -0.8930863916124649 0
1568 0.1623547663415255 -0.9274087953581283 0
1569 0.1095376428223698 -0.9002339181466734 0
1570 0.1007949991000755 -0.8957536872541336 0
1571 0.1539842117313092 -0.9327570790707563 0
1572 0.45086625030593 -0.814472059920112 0
1573 -0.3447334170912593 -0.8639288528761868 0
1574 0.7097620793479825 -0.6181602760737099 0
1575 0.7102103954121226 -0.6281097992709097 0
1576 0.7186013807021259 -0.622747358727418 0
1577 0.9015150776679499 -0.2709189085442538 0
1578 -0.7081460190162062 -0.6238050098324658 0
1579 0.2308372038949215 -0.9142957745317368 0
1580 0.2052094614008746 -0.9204639314962244 0
1581 -0.7446074248924589 -0.5754024087221798 0
1582 -0.874638520525517 -0.3513485020428309 0
1583 -0.8834625672198668 -0.346731851739182 0
1584 -0.8830471364759372 -0.3566849188259519 0
1585 0.2904836070057865 -0.8965964525460867 0
1586 0.839270828757506 -0.4229104779653268 0
1587 0.8397067170146166 -0.4328584552038044 0
1588 0.8481028930887363 -0.4275076341056659 0
1589 -0.7534243058524588 -0.570771532126287 0
1590 -0.7193371491986933 -0.5594370664863355 0
1591 -0.7169602144646549 -0.6191711344877967 0
1592 0.196823687694064 -0.9258366775679284 0
1593 -0.6828709426438456 -0.607851093152091 0
1594 -0.6628803476333702 -0.6768598750104098 0
1595 -0.3707964176119168 -0.8599477223126147 0
1596 0.2038331815216392 -0.8906061227329727 0
1597 0.8865941994216655 -0.3212124860056594 0
1598 0.8870302047469791 -0.331145783992861 0
1599 -0.8851230247061852 -0.3069239103928584 0
1600 0.7340574779804451 -0.5821588494875622 0
1601 0.7424537757610543 -0.5767943197145089 0
1602 0.7428983781632628 -0.5867462046486934 0
1603 0.7512922185073831 -0.5813844799725689 0
1604 -0.1437261066727419 -0.930834306298173 0
1605 -0.1521188469890711 -0.9361362847308732 0
1606 -0.1433388901109078 -0.9407522376397137 0
1607 -0.8561580032303413 -0.3805036389902506 0
1608 -0.8557476179296741 -0.3904555907684977 0
1609 -0.8645705604710694 -0.3858364835088582 0
1610 -0.8641603863065745 -0.3957853048164522 0
1611 0.7667583854423748 -0.5407977372504661 0
1612 0.7751536204384052 -0.5354385789736065 0
1613 0.7755976780616514 -0.545387001465683 0
1614 0.7839906099352827 -0.5400298828215284 0
1615 -0.8372731165581976 -0.4196168297723316 0
1616 -0.8368649564530722 -0.4295686090478633 0
1617 -0.8456895491728798 -0.4249421490503046 0
1618 -0.8452793935141931 -0.4348954121054607 0
1619 0.2294636055795675 -0.8844375161012158 0
1620 0.7910683436095345 -0.5048083527642436 0
1621 0.7994643131415178 -0.4994521977132328 0
1622 0.7999029645821292 -0.5094046473489415 0
1623 0.8127613119131694 -0.4091137064641965 0
1624 -0.3547067271230851 -0.8294041378365209 0
1625 0.2891168022286493 -0.8667385359688148 0
1626 -0.8506349098059942 -0.3054729405759315 0
1627 0.8601594194023097 -0.3074323841810154 0
1628 0.7075255735887613 -0.5683858293467839 0
1629 0.699125775099656 -0.5737509849984628 0
1630 -0.8120193107707405 -0.4036185345986688 0
1631 -0.8124279464943595 -0.3936587936366975 0
1632 0.7238769940955401 -0.5477021374554703 0
1633 -0.7105129049537853 -0.5640738206529839 0
1634 -0.710910215496237 -0.5541115878855976 0
1635 -0.6472004749083585 -0.636360992222016 0
1636 -0.6475904409221307 -0.6264008442632993 0
1637 -0.6387668141502482 -0.6310428762631342 0
1638 0.7402295691038876 -0.5270220858738559 0
1639 -0.8309078555800762 -0.3645002211126946 0
1640 -0.8313197334249613 -0.3545401972414151 0
1641 -0.8023981114560357 -0.4281425605771765 0
1642 0.7645448002033117 -0.4910239779996274 0
1643 0.7561412406793007 -0.4963864610813067 0
1644 0.7556999732128236 -0.4864255473850602 0
1645 0.8123265564233231 -0.3991577123771073 0
1646 0.8039199251494802 -0.4045131130559934 0
1647 -0.1872928913991921 -0.9176483428946131 0
1648 -0.5482762516305171 -0.7372112937452435 0
1649 0.4494741829158693 -0.7846548645266704 0
1650 0.5418472359107042 -0.7255438882468306 0
1651 -0.3017952017382141 -0.8572923948410753 0
1652 0.8597368432511958 -0.297503011534603 0
1653 0.8513443397658933 -0.3028337536384048 0
1654 0.8509285538241752 -0.2929120806363861 0
1655 -0.380724631542965 -0.8254879074242194 0
1656 -0.1884181305830076 -0.8878260626760568 0
1657 0.8940953593781212 -0.2960301809144509 0
1658 -0.1277170287333867 -0.9004824095000494 0
1659 0.8752722965841029 -0.2572183147360636 0
1660 0.8748675173483029 -0.24734570052913 0
1661 0.8665061913570804 -0.2526404113314041 0
1662 0.8660973051214629 -0.2427440039121635 0
1663 -0.05823046500769706 -0.9371558259431589 0
1664 -0.04957072916029358 -0.9417094240547472 0
1665 -0.05784914241562415 -0.9469528281313953 0
1666 0.07744200266112954 -0.9411076313001487 0
1667 0.06917087516021145 -0.9464148620607468 0
1668 -0.8035963752149529 -0.3982843857781478 0
1669 -0.08493154868442879 -0.9039023117725291 0
1670 0.9162285966326633 -0.2211265893071835 0
1671 0.8904181234533461 -0.2076647929907438 0
1672 0.8900383781311818 -0.1979698866578075 0
1673 0.8818531105349914 -0.2031548691462261 0
1674 0.8814571206251489 -0.1934230402587117 0
1675 0.1026874509062989 -0.9350230107619044 0
1676 0.9166566228508767 -0.2308485936101697 0
1677 -0.08381772017545609 -0.9332693722829877 0
1678 -0.09361082197082596 -0.8993184442194575 0
1679 0.930525779967142 -0.1821640814988227 0
1680 0.9310277790088295 -0.1915922744456179 0
1681 -0.8908818882297356 -0.179345961186883 0
1682 -0.8911845260626974 -0.170063150169788 0
1683 -0.8830124042925973 -0.1743734336086699 0
1684 -0.8834406938296803 -0.1650792401112229 0
1685 -0.8917076806537656 -0.1607988288711223 0
1686 -0.8839149873684342 -0.1558370409272976 0
1687 -0.8919716592597481 -0.1515189534329981 0
1688 -0.8843935780594312 -0.1466925741728353 0
1689 -0.04915814167344588 -0.9515155742487744 0
1690 -0.7165674455567514 -0.6291200006551234 0
1691 -0.7020823878464479 -0.558751215283349 0
1692 0.9280440113154454 -0.147075055478198 0
1693 -0.0853034746314825 -0.8940903232264761 0
1694 -0.0939866264237826 -0.8895085996110754 0
1695 -0.7530275498749887 -0.5807208871444091 0
1696 0.8954119174576687 -0.3258046076301456 0
1697 0.8958471993769154 -0.3357380813970828 0
1698 0.8082997295608753 -0.5040458401400536 0
1699 0.1628037709218489 -0.937329531212872 0
1700 0.1090539832629004 -0.89042402844128 0
1701 0.2056674840830639 -0.9304119749167341 0
1702 0.1972846007638776 -0.9357825940146367 0
1703 0.7472932879287164 -0.4917905056521784 0
1704 0.9248844130275151 -0.2255918698860441 0
1705 0.9253359127999301 -0.2353616396227902 0
1706 0.6986774678444637 -0.5637921227040983 0
1707 0.6902747872246211 -0.5691589126092905 0
1708 -0.8040064514598969 -0.3883238999999143 0
1709 0.07791078327355647 -0.9509266570269601 0
1710 -0.8224867605751508 -0.3591643215587875 0
1711 -0.9397430607065376 -0.1718671693950701 0
1712 -0.9394666030307973 -0.1629681164874221 0
1713 -0.9317787179416315 -0.158224193959287 0
1714 -0.9396885935738588 -0.1540507437379587 0
1715 -0.7253790471556388 -0.6244875182178293 0
1716 0.1544358875344842 -0.9426832479182612 0
1717 -0.8418010096373832 -0.3100932536844114 0
1718 -0.8422168537183263 -0.3001312231730842 0
1719 0.7192327160609704 -0.6327898917106679 0
1720 0.710690693156717 -0.6380716488911611 0
1721 -0.7618418149259406 -0.5760914251967792 0
1722 0.803485726962857 -0.3945530206609185 0
1723 -0.8228985766026133 -0.3492010386964384 0
1724 0.848538597368767 -0.4374541131313939 0
1725 0.8425228975636581 -0.2982357722383389 0
1726 0.8429510646619058 -0.3081698700441303 0
1727 0.8732521390009411 -0.1986262578604606 0
1728 0.8728876922014102 -0.1889046365217987 0
1729 -0.6624888917584802 -0.6868120587238528 0
1730 -0.6713022659685055 -0.6821724780696575 0
1731 -0.8541014917647113 -0.4302701287282694 0
1732 0.7517378648847516 -0.591332195409741 0
1733 0.9390268180844964 -0.1864767658501128 0
1734 -0.6391585222319539 -0.6210780202656287 0
1735 -0.6479824720323597 -0.6164397495176124 0
1736 0.8810651437184545 -0.1837393612417235 0
1737 0.872778522076243 -0.1792478573980184 0
1738 0.06638747515255694 -0.8878372404725 0
1739 0.9394869730839529 -0.1959533773100711 0
1740 0.7433461930900573 -0.5966936723757603 0
1741 0.06963219271000591 -0.9562442998855014 0
1742 0.06088202155769071 -0.951723497154028 0
1743 -0.8729815244553691 -0.3911671993937302 0
1744 -0.8725706929194766 -0.4011136146479524 0
1745 0.100303628081882 -0.8859266232518161 0
1746 0.7950757223827086 -0.3999113684509883 0
1747 0.8736100849749479 -0.2083722803780318 0
1748 0.808737557631607 -0.5139960475979275 0
1749 -0.9472898975187493 -0.1587864488491245 0
1750 -0.9475568710044018 -0.1498234876938223 0
1751 -0.8918714074140297 -0.3520636868738388 0
1752 -0.8922847904379858 -0.3421170111543034 0
1753 -0.8762033028083146 -0.1508499982350904 0
1754 -0.876715239241349 -0.1416831912961073 0
1755 -0.05746858923417327 -0.9567680385549816 0
1756 0.7276830380049921 -0.6274015442929961 0
1757 -0.1517353011865949 -0.9460548963637573 0
1758 -0.1605193565315197 -0.9414286682385964 0
1759 0.7601330487396927 -0.585965949102855 0
1760 -0.3462711739279551 -0.8240885087584615 0
1761 -0.3550933087182807 -0.8194401250757933 0
1762 0.7468514554595713 -0.4818271667747496 0
1763 0.7552596526249473 -0.476462895827667 0
1764 0.8578708776533512 -0.248271588906021 0
1765 0.8581639074864678 -0.2579925927496117 0
1766 0.8577145385511067 -0.2383292176166778 0
1767 -0.8924526477212861 -0.1426142976884788 0
1768 0.7844340155774067 -0.5499764864988392 0
1769 0.7928245575034871 -0.5446201958401771 0
1770 0.8569331353389354 -0.432103911302097 0
1771 0.8564985002421164 -0.4221593989960063 0
1772 -0.6303323263157327 -0.625721343105232 0
1773 -0.6299417309064238 -0.6356874644163589 0
1774 0.1600300954229142 -0.8776826291005315 0
1775 0.1516447352857148 -0.8830610375157049 0
1776 0.1684174517340575 -0.8722981268816634 0
1777 0.7760426945963453 -0.5553332968681646 0
1778 -0.7024793976296348 -0.5487866828980966 0
1779 -0.7113081695398953 -0.5441481894352728 0
1780 -0.8751310627812193 -0.1693735964757068 0
1781 -0.8747090141742149 -0.178791232035751 0
1782 0.8421071526370755 -0.2883091736026006 0
1783 -0.1429516504310966 -0.9506800718666578 0
1784 -0.8998646202973728 -0.1472918899342016 0
1785 -0.8914577329657656 -0.3620144575485441 0
1786 0.0577425256081304 -0.8834360986710956 0
1787 0.04961063675406784 -0.8886359809626065 0
1788 0.8807188489354596 -0.174135261573207 0
1789 0.8726891517675066 -0.1693600254673466 0
1790 0.8803478986589279 -0.1645448801896066 0
1791 0.8721964662303733 -0.1598281375199465 0
1792 0.8799322125436256 -0.1551798053544469 0
1793 -0.04876178808789509 -0.9613417099224373 0
1794 -0.04044816912446396 -0.9560769019330023 0
1795 -0.8536911305366415 -0.4402211220295181 0
1796 0.163259604808467 -0.947251441776103 0
1797 -0.7249864166947148 -0.6344347850973776 0
1798 -0.1345636310877028 -0.9453651618301536 0
1799 0.6019746263991778 -0.7178101783901708 0
1800 0.6024271201415281 -0.7277605225886496 0
1801 0.6108169595566225 -0.7223952302121127 0
1802 0.6112681322492718 -0.7323434958214747 0
1803 0.6028803226400669 -0.7377080137030313 0
1804 0.6196561712737548 -0.726978979301425 0
1805 0.6117189235141696 -0.7422891237721394 0
1806 0.6033326558607182 -0.7476530458861337 0
1807 0.6518944338525686 -0.6756395169120777 0
1808 0.6523457353248182 -0.6855892740687538 0
1809 0.6607357004236252 -0.6802252391731981 0
1810 0.6611857172552421 -0.6901729088112054 0
1811 0.6527977954604326 -0.6955362243339658 0
1812 0.6695732980002728 -0.6848099310380956 0
1813 -0.2918406309921887 -0.8917955398159607 0
1814 -0.3002669081434903 -0.8971037422127216 0
1815 -0.2914582897195314 -0.9017458834270926 0
1816 -0.2998833690993193 -0.9070531515246161 0
1817 -0.308690527450859 -0.9024116263600591 0
1818 -0.2910767158105911 -0.9116944449413147 0
1819 -0.3083070197025598 -0.912358219402044 0
1820 -0.3171133043320558 -0.9077179232022303 0
1821 -0.7161758730180928 -0.6390672442888272 0
1822 -0.636043085758218 -0.7007333492397267 0
1823 -0.6356552633513405 -0.7106845614314728 0
1824 -0.6444658501270846 -0.7060458263934126 0
1825 -0.6268434718296254 -0.7153245554294927 0
1826 -0.6352654395621837 -0.7206338913255333 0
1827 -0.626457975360538 -0.7252712944994344 0
1828 -0.8448728174433704 -0.4448431974549428 0
1829 0.2820946363931606 -0.9019661429769616 0
1830 0.2909383817821704 -0.9065449703948089 0
1831 0.2825515859614079 -0.9119131949510889 0
1832 -0.582376765477376 -0.7484900057439241 0
1833 -0.5819907722614831 -0.7584402132689247 0
1834 -0.5908121502024959 -0.7537937881107106 0
1835 -0.573181741095516 -0.7630811236511188 0
1836 0.7848762981990763 -0.5599217160536696 0
1837 0.8401437119268591 -0.4428047307893938 0
1838 0.8489747667353457 -0.4473994406195997 0
1839 0.8405812267272057 -0.4527496101270889 0
1840 0.1772742811392629 -0.8768703845274306 0
1841 0.574977901084612 -0.694095007160199 0
1842 0.5745250646094846 -0.6841342566154512 0
1843 0.5661240752601208 -0.6895071873860142 0
1844 0.6580370964659591 -0.6204949241029657 0
1845 0.657587141547297 -0.6105354566374408 0
1846 0.6491854943131616 -0.615905293092049 0
1847 0.2378560780379521 -0.8790632280492884 0
1848 0.2290047672715596 -0.8744802912626347 0
1849 0.2374002624168046 -0.8691048637549991 0
1850 0.2285869976705859 -0.86443786752382 0
1851 0.2370370010759433 -0.8590450037907833 0
1852 0.2201585722294644 -0.8698842200234032 0
1853 -0.6111507176056861 -0.6748348875469584 0
1854 -0.6115391204681897 -0.6648747409338253 0
1855 -0.6027193465630603 -0.6695186598610918 0
1856 -0.6031061385648789 -0.6595551726701783 0
1857 -0.594308350912905 -0.6642030844444804 0
1858 0.2975109152933536 -0.8613662318680486 0
1859 0.2886610559580912 -0.8567808575725031 0
1860 0.2970567603372447 -0.8514092678879278 0
1861 0.2882047964673506 -0.8468213821337587 0
1862 0.2966005399890276 -0.841449422368475 0
1863 0.795512064798459 -0.4098735265948405 0
1864 -0.5843126155863736 -0.6987161679048572 0
1865 -0.8413871296327314 -0.3200547609679528 0
1866 -0.8329650889057991 -0.3147155598098428 0
1867 0.2798153466963786 -0.852196922953123 0
1868 0.6659872345474225 -0.6051682682218645 0
1869 0.6571373462281449 -0.6005739396283246 0
1870 0.6655383018444363 -0.5952051624110771 0
1871 0.3315350013502819 -0.8498395494078582 0
1872 -0.1972214874909725 -0.8831789206816293 0
1873 -0.1887949900584905 -0.8778751401984632 0
1874 -0.1976031384698056 -0.8732265218561268 0
1875 0.5829260682731676 -0.6787620347129666 0
1876 -0.3374495998536869 -0.8287372672903569 0
1877 -0.5846989102692725 -0.6887568635933971 0
1878 -0.5758778555400392 -0.6934011604758991 0
1879 -0.5762683921666366 -0.6833633060879857 0
1880 -0.5674418544621459 -0.6880717636732789 0
1881 0.3226867009048037 -0.8452530304471396 0
1882 0.3310844049196021 -0.8398804351940008 0
1883 0.3222310601914158 -0.8352930285698748 0
1884 0.3306322441222385 -0.8299188917159113 0
1885 -0.1364754037350864 -0.8958466996102192 0
1886 -0.1280917586895636 -0.8905930619093319 0
1887 -0.1368519912134898 -0.8859295142213498 0
1888 -0.1284573079011573 -0.8807279302787353 0
1889 -0.1372264947138137 -0.8760143708888243 0
1890 -0.1601362116938242 -0.9513532023685374 0
1891 -0.1689253240140039 -0.9467231091610016 0
1892 0.8494108529618731 -0.4573431130777777 0
1893 0.8410183845940931 -0.4626930739806828 0
1894 -0.06617175821093028 -0.9521906581775009 0
1895 -0.7951713267278415 -0.3929494563624977 0
1896 -0.7947624912064604 -0.4029149998407986 0
1897 -0.7614451015869242 -0.5860391219878508 0
1898 -0.752632182244386 -0.5906687177162471 0
1899 -0.08567605254643276 -0.884297018330675 0
1900 -0.09435638071519989 -0.8797002669706455 0
1901 -0.0770288715705474 -0.8888673187576428 0
1902 0.8649219878063987 -0.1840110387332055 0
1903 -0.6936503472552755 -0.5534253049744789 0
1904 -0.6932541165754174 -0.5633918733975671 0
1905 -0.6849457899707222 -0.5583035734853945 0
1906 -0.6844453138079724 -0.5680726882894493 0
1907 0.8649591178314335 -0.2038142785622727 0
1908 0.6568982068552723 -0.5906004444328906 0
1909 0.6651236922179271 -0.5852408698025658 0
1910 0.933578996904911 -0.2300818661595372 0
1911 -0.9321795914023547 -0.1493942089770977 0
1912 0.871679730956736 -0.1507732005181423 0
1913 0.879495021309508 -0.1457811755241923 0
1914 0.2877485685763531 -0.8368583820714922 0
1915 0.1511790961620373 -0.873115077736256 0
1916 0.1427962956868783 -0.8784965468057354 0
1917 -0.8532830885870171 -0.4501678878557083 0
1918 -0.8444667493971352 -0.4547889731130489 0
1919 0.8336948895510842 -0.2936293615169648 0
1920 0.9340356020694146 -0.2398872996140092 0
1921 0.9257845162862428 -0.245176708717362 0
1922 0.8171331231130907 -0.5086373701838175 0
1923 0.8166926671364325 -0.4986929977674595 0
1924 0.1085802325207296 -0.8805928096226653 0
1925 0.9042321045452493 -0.3303985026227796 0
1926 0.9046649186539819 -0.3403310394426515 0
1927 0.8962787444195632 -0.3456713088904564 0
1928 0.9037919503941543 -0.3204666182032313 0
1929 0.07838557914780503 -0.960764120301501 0
1930 0.0866475473661277 -0.9554342255428423 0
1931 0.9475285543918545 -0.1907560763330208 0
1932 0.9469840962739832 -0.1814145335523555 0
1933 -0.9006925027686064 -0.3474465376918047 0
1934 -0.9011055260300038 -0.3375020515705145 0
1935 0.2913915541553839 -0.9164917068545487 0
1936 0.2997781323032066 -0.9111251986157379 0
1937 0.2830080549068779 -0.9218573574099966 0
1938 0.2061268015996022 -0.9403576521135022 0
1939 0.1977455251333995 -0.9457257352172276 0
1940 0.2145086708296766 -0.9349879922680004 0
1941 -0.1891705378636845 -0.8679204341034079 0
1942 -0.1979838837180798 -0.8632687012314493 0
1943 -0.180366822422953 -0.872573372783664 0
1944 0.689310273603598 -0.5591771281275171 0
1945 0.6981444719723646 -0.553825863333637 0
1946 0.6814218506183665 -0.5645662581184895 0
1947 0.06134364636782026 -0.9615576213972261 0
1948 0.05259084272131937 -0.9570345177993244 0
1949 -0.6395505634004278 -0.6111119969798824 0
1950 -0.6483733058496485 -0.6064819290630398 0
1951 0.9126151318189772 -0.3250598258523585 0
1952 0.9121788226008898 -0.3151308204386282 0
1953 -0.8137969900430775 -0.3534023617256591 0
1954 -0.3378335835985322 -0.8187714888689461 0
1955 -0.3290094023482641 -0.8234220819302092 0
1956 -0.6215099235674761 -0.6303659828385763 0
1957 0.8713086574021041 -0.141544072091442 0
1958 0.879063803394701 -0.13651204611913 0
1959 0.8709809227380135 -0.1323696089620065 0
1960 0.8786484696026919 -0.1274551877344164 0
1961 0.5740720597964843 -0.6741710969825984 0
1962 0.5824758284350037 -0.6687976105184825 0
1963 0.2197393127370299 -0.8598371022881601 0
1964 0.2113070265176983 -0.8652974914613853 0
1965 -0.8625083858522173 -0.4356008927942998 0
1966 0.7384431928982911 -0.4871919390151476 0
1967 0.738886062967246 -0.4971568011757015 0
1968 0.7300345140260981 -0.4925578194965513 0
1969 0.7304786921206812 -0.5025212055519501 0
1970 0.7521830717387317 -0.6012775343689007 0
1971 0.7202108600591866 -0.6428368892640512 0
1972 0.7115666201046016 -0.6480209314065862 0
1973 -0.1341716418142345 -0.955300166375015 0
1974 -0.1257859852165073 -0.9499974017246686 0
1975 0.6616350152660978 -0.7001183059023977 0
1976 0.6532498248847611 -0.7054804596954046 0
1977 -0.6709096364823784 -0.6921226561374383 0
1978 0.8495172371845856 -0.2536250484264709 0
1979 0.8255242758507225 -0.5032835430096883 0
1980 0.8250885960806468 -0.4933308917052758 0
1981 0.3217760589051655 -0.8253302226338037 0
1982 0.3302959659559497 -0.820138860907911 0
1983 0.3390547890252439 -0.8245755578669286 0
1984 0.17675650919152 -0.8670093178791524 0
1985 -0.9002920564500783 -0.1386162061465597 0
1986 -0.8926338590223654 -0.1335382350437977 0
1987 -0.907982779773767 -0.1433992284764835 0
1988 0.7464094082610604 -0.4718627016357997 0
1989 0.7548154922042003 -0.4665047507157086 0
1990 -0.5816045179544527 -0.7683879596674018 0
1991 -0.5727986210395015 -0.7730278529270015 0
1992 0.8175725793975019 -0.5185811437972345 0
1993 -0.7863349717880501 -0.3975779529295971 0
1994 -0.7859340583182173 -0.4075315630350106 0
1995 -0.7955825780345132 -0.3829918251733948 0
1996 0.7866652641984353 -0.4052702352369071 0
1997 0.7871011940178188 -0.4152336035289311 0
1998 -0.07738873411872788 -0.8791153546501024 0
1999 -0.06870526520667286 -0.8836813499869797 0
2000 -0.06578896398885314 -0.9620278164962592 0
2001 -0.07450496059070776 -0.9574488537435998 0
2002 -0.6348784292861342 -0.7305798385194484 0
2003 -0.6260718251115744 -0.7352176253097653 0
2004 0.1548901958746538 -0.9526047836639658 0
2005 0.14607151053916 -0.9480398452581481 0
2006 0.2149677444700135 -0.9449308036721062 0
2007 0.2233548922224699 -0.9395627549112122 0
2008 0.0998213921702705 -0.876102030125731 0
2009 -0.8528752721064128 -0.4601137691070102 0
2010 -0.8440599903821817 -0.4647345622601733 0
2011 -0.6797205613604627 -0.6874840644172008 0
2012 -0.68011047240475 -0.6775383258388034 0
2013 -0.1253952348574521 -0.9599214305984025 0
2014 -0.117002747750037 -0.954636400319444 0
2015 -0.7702566440155378 -0.5814096318369762 0
2016 -0.7706549162230272 -0.5714636324622642 0
2017 0.2961450828339629 -0.8314860073159471 0
2018 -0.7028761344627134 -0.5388206789095504 0
2019 -0.7117071285158707 -0.534181240749474 0
2020 0.7946401335976336 -0.3899491382270112 0
2021 0.8030521954634799 -0.3845907991906687 0
2022 -0.733795595245002 -0.6298023436620047 0
2023 -0.7341897564107593 -0.6198565038003012 0
2024 -0.5946746790650831 -0.6542346237156493 0
2025 -0.5855455548057541 -0.6590817561402003 0
2026 0.8652831384274486 -0.42668612344576 0
2027 0.864885032980391 -0.4168010651455409 0
2028 -0.7426103646219727 -0.6251638799136461 0
2029 0.8706389725206169 -0.1232880299377591 0
2030 0.8782304662784203 -0.1185627131863847 0
2031 0.9344387035644444 -0.2497319876588757 0
2032 0.9261944672830218 -0.2550395301396365 0
2033 -0.814475389442056 -0.3438605679592255 0
2034 0.04949585287663454 -0.8795781036394814 0
2035 0.04115757340343241 -0.8844022763695785 0
2036 -0.8666687772421162 -0.1737107027058775 0
2037 -0.8662980299397396 -0.1832935155740493 0
2038 -0.7610473690700703 -0.5959854689345223 0
2039 0.09157738179080721 -0.8814310428313232 0
2040 0.1173570714991384 -0.8850900571028031 0
2041 0.1168802873136695 -0.8752244234764559 0
2042 0.1716546055661444 -0.9419172867612403 0
2043 -0.7522323625643696 -0.6006195158627309 0
2044 0.7437948981646951 -0.6066366863645352 0
2045 0.7764870704722375 -0.5652778211973654 0
2046 -0.8629254381581886 -0.4256400214797414 0
2047 0.809172687527331 -0.5239510369481699 0
2048 -0.8733918709661772 -0.3812194646037097 0
2049 -0.881800713812667 -0.3865483746719013 0
2050 0.5944942314453213 -0.7430727431167732 0
2051 0.5949469998963507 -0.7530175477436007 0
2052 0.6444115238858953 -0.7008996971681484 0
2053 0.6448478949177538 -0.7108596522217079 0
2054 -0.3174973128489864 -0.8977714988353691 0
2055 -0.3259197654574351 -0.9030780658940756 0
2056 0.702351986916709 -0.6434255536583422 0
2057 0.7028131553592711 -0.653366972188395 0
2058 -0.8926991256775323 -0.3321711481656225 0
2059 -0.9015197312644159 -0.3275579581493829 0
2060 0.3387223324902123 -0.8147995375825479 0
2061 0.3474654590874611 -0.8192125333401621 0
2062 0.3467448443257687 -0.8088278476823518 0
2063 0.3558086648617462 -0.8137402088256134 0
2064 0.3550756316537991 -0.8033367779045517 0
2065 0.3641922476068019 -0.8083296653358302 0
2066 -0.6740499741261259 -0.6124898552275417 0
2067 -0.6744426249014774 -0.6025305566965374 0
2068 0.1856565990940594 -0.8715047586826177 0
2069 -0.8136086334666641 -0.3637182695530817 0
2070 -0.6203594744012288 -0.6602338048966503 0
2071 -0.8325516378767854 -0.3246801403621264 0
2072 -0.824128901414398 -0.3193368723814201 0
2073 -0.1693041212113248 -0.936797358862369 0
2074 -0.1777131620716412 -0.9420941660229201 0
2075 -0.6034947798778727 -0.6495932026449702 0
2076 -0.5950595708972886 -0.6442666626692676 0
2077 0.5736192568731928 -0.664205695456402 0
2078 -0.9552279636214229 -0.154537149027592 0
2079 -0.9554525512788283 -0.1455385671942311 0
2080 -0.954954486135219 -0.1636403060490235 0
2081 -0.04004504709721038 -0.9659152675180795 0
2082 -0.03176389905074482 -0.9605889738227315 0
2083 0.8498022841773747 -0.26331167390762 0
2084 -0.1026800064985993 -0.884913822847927 0
2085 0.8654978745815118 -0.436310767349259 0
2086 0.8409950906475077 -0.2587091748208637 0
2087 -0.5680583039736499 -0.6776207676844763 0
2088 -0.5590414685845095 -0.6826804284640815 0
2089 -0.5586242201388445 -0.6927143563614202 0
2090 0.8653414912648361 -0.213583979476404 0
2091 0.8568787663123547 -0.2094283566423 0
2092 0.9330165289561878 -0.2202936037270813 0
2093 -0.103255483918029 -0.8754327095566625 0
2094 -0.5503143692248629 -0.6876436318514336 0
2095 -0.5498208432250549 -0.6974130272871394 0
2096 0.7942051659130622 -0.379985179793851 0
2097 0.8026186217108907 -0.3746257323513227 0
2098 -0.7245923156975552 -0.6443804614406556 0
2099 -0.7157778526327221 -0.6490179046795409 0
2100 0.5820247887216936 -0.6588310356108312 0
2101 -0.7790681358122683 -0.5767806564449527 0
2102 -0.7794664345056046 -0.5668364137694927 0
2103 0.6121689014704034 -0.7522333730800064 0
2104 -0.6764536614393786 -0.56380730505389 0
2105 -0.6756390241189344 -0.5727691097054906 0
2106 -0.6840421332151527 -0.578018890691216 0
2107 0.9480621118590947 -0.2002581698616827 0
2108 0.06568555782957318 -0.8785021622569238 0
2109 0.1465266870906072 -0.9579547572816121 0
2110 0.137714022473709 -0.9533897311012099 0
2111 0.7853199360288992 -0.5698638998249956 0
2112 0.1637132350043764 -0.9571822581205769 0
2113 -0.1807355025727598 -0.8626140705915006 0
2114 -0.1719279423096883 -0.8672688309370098 0
2115 -0.8684155134120539 -0.145855414848018 0
2116 -0.8686738528639977 -0.1365934842871869 0
2117 0.2111493304162385 -0.8558100222019429 0
2118 -0.7028569008687736 -0.5286599208537648 0
2119 -0.7120357193283569 -0.5241819817891981 0
2120 -0.7205266252406345 -0.5295369285672069 0
2121 -0.7209230856416854 -0.519569794242563 0
2122 0.6620864149625976 -0.7100602683862269 0
2123 0.8641295151450412 -0.155422166107684 0
2124 -0.1289213651592877 -0.871091138372167 0
2125 0.9050975744103655 -0.3502646760467097 0
2126 0.8967134780975849 -0.3556054929832507 0
2127 -0.1723442262002805 -0.8573901399063306 0
2128 0.05290534257024618 -0.967153076790743 0
2129 0.04412962883929727 -0.9626660700264638 0
2130 0.04381997831933649 -0.9525619938594567 0
2131 0.03551795258536661 -0.9578781239326688 0
2132 -0.1635366659771229 -0.86205978141063 0
2133 0.1856990937194741 -0.8623090272366715 0
2134 -0.688529046896986 -0.6828483941221677 0
2135 -0.6889196332945613 -0.6729039338185223 0
2136 -0.8245417604045363 -0.3093721433833259 0
2137 0.9561248229715165 -0.1950799264643959 0
2138 0.648830166108761 -0.5961962534688143 0
2139 -0.7878784651246511 -0.5721526962832886 0
2140 -0.7882776775759692 -0.5622087703730527 0
2141 -0.7798647354000526 -0.5568922562543969 0
2142 -0.7886768522548944 -0.5522643453642642 0
2143 0.03545013295428641 -0.9678710967868882 0
2144 0.02707327807483784 -0.96304804122506 0
2145 0.02678251468778796 -0.9532783522784978 0
2146 0.01847535014773558 -0.9585682702794684 0
2147 0.7119826986499296 -0.6579327368859783 0
2148 0.7032533956077108 -0.6633146226539636 0
2149 0.6943663185474123 -0.6587263173193361 0
2150 0.6947869801833045 -0.6686750687700271 0
2151 0.8876875573574954 -0.1501704522074615 0
2152 -0.9479417042749654 -0.1411293546867607 0
2153 -0.9558595973980937 -0.1369352086417991 0
2154 0.793770207637607 -0.3700194956562519 0
2155 0.8021845008963091 -0.3646610968914263 0
2156 0.8110314956160202 -0.3692671135121716 0
2157 0.8105981204129968 -0.3593037445412748 0
2158 0.01883246300074891 -0.9682937559252381 0
2159 0.01017644411508314 -0.9638589156233923 0
2160 0.009770788448377709 -0.9540311938323423 0
2161 0.001462230906138406 -0.9593305595328661 0
2162 0.6887620694414172 -0.549208804221932 0
2163 0.6976684611775588 -0.5438580566053837 0
2164 0.7120862622132608 -0.6678954748660463 0
2165 -0.8049083544077034 -0.3579457358838925 0
2166 0.9417983467237599 -0.2247937634338101 0
2167 -0.3167284561665171 -0.9176629061841536 0
2168 0.001889753847778976 -0.9691786740327619 0
2169 -0.006782207710487683 -0.9646081863827105 0
2170 -0.007232198839311344 -0.9547744695242814 0
2171 -0.1773329988536217 -0.9520220666065913 0
2172 -0.1861209134771291 -0.9473964750597866 0
2173 0.8498468380436246 -0.4672858373513268 0
2174 0.84145098211341 -0.4726449587210163 0
2175 0.8326251600173271 -0.4680441720721791 0
2176 0.8736670100095707 -0.4213247154032291 0
2177 0.8732746964530407 -0.4114499694340082 0
2178 0.8644565852895274 -0.406868416878053 0
2179 0.8728486926965623 -0.4015207949489066 0
2180 0.8820997532691479 -0.4160436722350318 0
2181 -0.9099245283579589 -0.3328884606968642 0
2182 -0.9103393816606868 -0.3229454471073506 0
2183 0.166685630909742 -0.8611584432229261 0
2184 -0.6436839106700455 -0.7259434574703719 0
2185 0.3002313972013021 -0.921068145965331 0
2186 0.3086137210011188 -0.9157044082218704 0
2187 0.6205557649008212 -0.7468687223406897 0
2188 0.08714872409907104 -0.9652944141145011 0
2189 0.09538645871295154 -0.9599521703031761 0
2190 0.8332823780475549 -0.2837031786145181 0
2191 0.8252867904397789 -0.2890076861366603 0
2192 0.82537431744721 -0.2989431061998661 0
2193 0.9348772437921471 -0.2596003970953564 0
2194 0.9266169417073045 -0.2648861600419808 0
2195 -0.03144338920966145 -0.9704273244559161 0
2196 0.8702807300877767 -0.1142797083802424 0
2197 0.8776870855148275 -0.1095473831423086 0
2198 0.8699194054036883 -0.1052873737547104 0
2199 0.8772729096050843 -0.1005821825700529 0
2200 0.8695242713778517 -0.09630941455170514 0
2201 0.8774685618983269 -0.09188853723775538 0
2202 -0.7036707252773501 -0.5188844533853839 0
2203 -0.5812183070820841 -0.7783337481345752 0
2204 -0.5724134852976539 -0.7829734857692495 0
2205 0.2195615557983518 -0.850233017608218 0
2206 0.8864048676163018 -0.1227349632418811 0
2207 -0.074123027842058 -0.9672968625999028 0
2208 -0.08285538515917976 -0.9626997990668164 0
2209 -0.9635635103349309 -0.1413024203656965 0
2210 -0.9635227382200143 -0.132255393836528 0
2211 0.1423297829515491 -0.8685516892373776 0
2212 0.752628813957954 -0.6112209386985977 0
2213 -0.8581355977960398 -0.1781182682941234 0
2214 -0.8561399543423348 -0.1892593377826969 0
2215 -0.8657002032291313 -0.1932174497956534 0
2216 -0.8585050785826891 -0.1980010313853456 0
2217 -0.5415077724220845 -0.6923535374711337 0
2218 -0.540999394193412 -0.7020836864242168 0
2219 -0.5325544114243926 -0.6967703921181064 0
2220 -0.5321477314696567 -0.706701240373759 0
2221 -0.5405808980393467 -0.7120031462909497 0
2222 -0.5317528016182282 -0.7166548590327522 0
2223 -0.5234591954026413 -0.7116152159196779 0
2224 -0.5229497506746503 -0.7213495150988558 0
2225 -0.5146600764081505 -0.7163167927197469 0
2226 -0.5141322052491257 -0.7260160606856885 0
2227 -0.5059576421435903 -0.7212020101677403 0
2228 -0.5053281039711283 -0.7307086516168125 0
2229 -0.497155607062383 -0.7258988650379472 0
2230 -0.4965094245946753 -0.7353742969415649 0
2231 -0.48806985884495 -0.7300580132644889 0
2232 -0.4876411062140169 -0.7399457629030893 0
2233 -0.5061611774839637 -0.7115044908133341 0
2234 0.778306196446831 -0.4106276216874512 0
2235 0.778752444953443 -0.4205925420683972 0
2236 0.7778249234582679 -0.4006645837392875 0
2237 -0.6433191075700624 -0.735958211940241 0
2238 0.9353840652589547 -0.2694795500484931 0
2239 0.9271188760042818 -0.2747157845045466 0
2240 -0.9556367646500389 -0.1275011580899308 0
2241 -0.9641690298695306 -0.1230626499028027 0
2242 -0.9244155694739007 -0.1533810478569325 0
2243 -0.9256161971359517 -0.1461814662740538 0
2244 -0.4792496831292242 -0.7346160014720301 0
2245 -0.4788664165753015 -0.7445702460275592 0
2246 -0.3079225823200355 -0.9223028523800647 0
2247 0.7610214748722131 -0.605854581068143 0
2248 0.8889708573890438 -0.1785827922802631 0
2249 -0.8771520238382562 -0.1324727205086435 0
2250 -0.869164896999997 -0.1273934489795659 0
2251 -0.8776281009148525 -0.1232514818678046 0
2252 -0.869512726190093 -0.1180240248952641 0
2253 -0.8777531888255947 -0.1142688346990571 0
2254 -0.8700162973787632 -0.1089089315013671 0
2255 -0.8780520719100495 -0.1056890634134451 0
2256 -0.870930644727129 -0.1002496578329202 0
2257 -0.8796226247259232 -0.09637347881576447 0
2258 -0.8717877501402158 -0.09166698587712499 0
2259 -0.8794025229232273 -0.08701763405981068 0
2260 -0.8853798249924824 -0.1192714646242928 0
2261 -0.6793283436364694 -0.6974284692472132 0
2262 -0.6705246787994512 -0.7020640035225794 0
2263 0.6564888009333542 -0.5806329254017852 0
2264 0.3637339255910089 -0.7983567602259718 0
2265 0.3726491590045431 -0.8030376531470418 0
2266 0.6704659317714798 -0.7046872449445126 0
2267 -0.9314195699126607 -0.1405962882998865 0
2268 -0.87192944456291 -0.08336231309172129 0
2269 -0.8800246820840631 -0.07844749002150619 0
2270 -0.8721717386650649 -0.07433726859984 0
2271 -0.8805638038017595 -0.06954734930092461 0
2272 -0.8881069490849774 -0.07428811172799715 0
2273 -0.8885959438549119 -0.06541409669755704 0
2274 -0.8811934964188988 -0.06041789239430475 0
2275 -0.8892576729094261 -0.05643470806496068 0
2276 -0.881744595241498 -0.05136626565550014 0
2277 -0.8899179467094515 -0.04738359357196942 0
2278 -0.8974519449409747 -0.05240447966109444 0
2279 -0.8981012854099928 -0.04345270276190975 0
2280 -0.9056205939741846 -0.04845159589180884 0
2281 -0.9062426157977284 -0.03951502073697669 0
2282 -0.9137681027848853 -0.04460032665643723 0
2283 -0.890590277175717 -0.03827683333117887 0
2284 -0.9143835759095706 -0.03558553116981246 0
2285 -0.9219379613521725 -0.04069759005910934 0
2286 -0.9131788718827507 -0.05321123363849648 0
2287 -0.9069482966972395 -0.03083801555044738 0
2288 -0.922555962410238 -0.03161673588752166 0
2289 -0.9300365893950191 -0.03679256224558358 0
2290 -0.9294265356179656 -0.04578024140673934 0
2291 -0.9374712826846348 -0.04191867635937643 0
2292 -0.9368693211321732 -0.05090520113575009 0
2293 -0.9448700425424721 -0.04697069998793747 0
2294 -0.9442840009943545 -0.05614930313612737 0
2295 -0.9522562186858913 -0.0520965094826793 0
2296 -0.9529771365671678 -0.0430387383813113 0
2297 -0.9604344848816365 -0.04817864751864012 0
2298 -0.9596911168617086 -0.05733306250842027 0
2299 -0.9612199601452032 -0.03903874356807319 0
2300 -0.9536051774835788 -0.03383645669191046 0
2301 -0.9679618674155043 -0.05337750117733798 0
2302 -0.9671422154822769 -0.06250296796556144 0
2303 -0.9589448287008111 -0.06639749749053803 0
2304 -0.9661696037175618 -0.07125589175559834 0
2305 -0.9306515009129199 -0.02763563564382468 0
2306 -0.9755434759637731 -0.05864185203472411 0
2307 -0.9619713711800262 -0.0297653600166588 0
2308 -0.9696951518432926 -0.03506513273456148 0
2309 -0.9287643345411395 -0.05464281679248817 0
2310 -0.9704681193964056 -0.02573279174409489 0
2311 0.8339150010977519 -0.4979297615584571 0
2312 -0.5900236772162297 -0.7736958184310456 0
2313 -0.142564148472371 -0.9606022391036565 0
2314 -0.0653945704146025 -0.9718821100943724 0
2315 -0.116620359822556 -0.9645431746458359 0
2316 -0.1082761828949416 -0.9590887064078546 0
2317 -0.1086703788376608 -0.9491712844397875 0
2318 0.8625657132808372 -0.119072966044309 0
2319 0.07503603788865101 -0.8922803257802356 0
2320 0.7217184835573716 -0.4980716295218791 0
2321 0.7220675332566935 -0.5078919498246863 0
2322 -0.9084722929557844 -0.1202489900497445 0
2323 -0.898959271684741 -0.1056548422388935 0
2324 0.9170834909093386 -0.0741498421690015 0
2325 0.9096991802199579 -0.07007929415489539 0
2326 0.9164874503104793 -0.06567525352284095 0
2327 0.9090331936486472 -0.06182641699349997 0
2328 0.9159831436478689 -0.05713893402525939 0
2329 0.9083793481100833 -0.05336103272358128 0
2330 0.901266793579223 -0.05817398858260846 0
2331 0.9006169616914539 -0.04951114925720523 0
2332 0.9155064040508393 -0.04854161834602588 0
2333 0.9231305470347834 -0.05241588475322613 0
2334 0.8933132551625447 -0.05450579409141166 0
2335 0.8926872859660675 -0.04553646500275195 0
2336 0.9227951994992153 -0.04379906285986221 0
2337 0.9305158582144376 -0.04769049435371858 0
2338 0.9153739858645156 -0.03978008809515306 0
2339 0.9031895131329073 -0.0745591402519863 0
2340 0.9301640474996545 -0.03891388909374102 0
2341 0.9380606763385507 -0.0428336154769118 0
2342 0.9381250607785102 -0.0518646683608883 0
2343 0.9459519473112434 -0.04691416705792502 0
2344 0.9460966294230687 -0.05596183997425095 0
2345 0.9538972412371416 -0.05098900855691599 0
2346 0.9543473472950978 -0.05992225496300015 0
2347 0.9534179154122651 -0.04196128669544619 0
2348 0.9619217443432561 -0.05505089364603563 0
2349 0.9623770507636433 -0.06404533198017716 0
2350 0.8852403670326059 -0.05063916900130667 0
2351 0.8859616678093647 -0.05965313642541299 0
2352 0.8845073096979577 -0.04157901921293236 0
2353 0.8921289190138806 -0.03641972100249728 0
2354 0.9696000295753968 -0.05915482773180746 0
2355 0.9375822165114067 -0.03383788992566908 0
2356 0.9694948648402193 -0.05001856500176591 0
2357 0.8838731887245181 -0.03246702167476326 0
2358 0.877755474361099 -0.05577043044825145 0
2359 0.878550252323184 -0.06483449369352963 0
2360 0.946941937662984 -0.06467612706528669 0
2361 0.9297994544327853 -0.02984410981387475 0
2362 0.8701986938837331 -0.06099870189359011 0
2363 0.9710484795378709 -0.06843946036115535 0
2364 0.963098438230226 -0.07269817634691102 0
2365 0.9707574469622233 -0.07754909631045964 0
2366 0.963123745069873 -0.08228770129594026 0
2367 0.8761136988826891 -0.03761425857565975 0
2368 -0.9183210090573057 -0.07417306532468212 0
2369 -0.9041760042875133 -0.0828051884326876 0
2370 0.8985768611452862 -0.1037173674507111 0
2371 -0.8606267352081647 -0.1218986094697615 0
2372 -0.9430562641322017 -0.07944340337303893 0
2373 -0.9514604259836897 -0.09628205897390731 0
2374 -0.9579084392360074 -0.1000000000138295 0
2375 -0.9585536871346949 -0.09187619360327376 0
2376 -0.9655604529838713 -0.09647184270984588 0
2377 -0.9651264931281676 -0.1047071187326227 0
2378 0.06177759871221465 -0.9714595557877073 0
2379 0.9514967668475187 -0.09612669374600705 0
2380 0.9579046944188855 -0.09999999998616611 0
2381 0.9587294223248952 -0.1082614340365029 0
2382 0.9659445554861935 -0.103117809237596 0
2383 0.9664082630564454 -0.1119921945147165 0
2384 0.9593699557057007 -0.1170908598498635 0
2385 0.9670928635190023 -0.1207698585239542 0
2386 0.959908103638877 -0.1260834597582682 0
2387 -0.9184368744397277 -0.3282635324287261 0
2388 -0.9191060973087827 -0.3183322718894009 0
2389 -0.9107471110826122 -0.3130029549075601 0
2390 -0.919503583123063 -0.3083892933889161 0
2391 -0.9111582512032889 -0.3030600999137411 0
2392 -0.9199158676804531 -0.2984460252412018 0
2393 -0.9115721074245611 -0.2931161849995367 0
2394 -0.920390956908878 -0.2885052854497058 0
2395 -0.9288858921719966 -0.294097846537986 0
2396 -0.9294374339801295 -0.2840689828988795 0
2397 -0.920856448175564 -0.2785935823566627 0
2398 -0.9296793813427409 -0.2739907735705887 0
2399 -0.9212286452694849 -0.2686373129543479 0
2400 -0.9300572548694174 -0.2640290482571035 0
2401 -0.921635345922946 -0.2586971531082786 0
2402 -0.9304553164822784 -0.2540940704090052 0
2403 -0.9220487087771949 -0.2487458729889917 0
2404 -0.9308583014058511 -0.2441734899431817 0
2405 -0.922504399051484 -0.2388626987666434 0
2406 -0.9313014300462261 -0.2342875041597183 0
2407 -0.9396312758525763 -0.2395854831119559 0
2408 -0.9400391258431706 -0.2297092124894884 0
2409 -0.9317384470147807 -0.2244359569183648 0
2410 -0.9404218183058061 -0.2199045785270766 0
2411 -0.9321571463419105 -0.2146750189730331 0
2412 -0.9407902199095909 -0.2101614159324525 0
2413 -0.9235271565010423 -0.2191777816628046 0
2414 -0.9239438177250401 -0.20946679596836 0
2415 -0.9131766870544802 -0.253293553208933 0
2416 -0.9490640288587726 -0.2153498639204007 0
2417 -0.9493922409659832 -0.2056323290870755 0
2418 0.6210044446435325 -0.7568112283114219 0
2419 0.041470149010748 -0.8938977203514831 0
2420 0.03290601044490691 -0.8894264859359324 0
2421 0.03298630139996885 -0.8796292507457695 0
2422 0.02454548476529356 -0.8846404457226438 0
2423 0.02478285015971105 -0.8945401441910044 0
2424 0.01621054117274695 -0.8900541280543256 0
2425 0.01593228994188189 -0.8801426238642917 0
2426 0.007644714969233909 -0.8855832920038809 0
2427 0.007225001335376968 -0.8759659834883703 0
2428 -0.0009326286695030073 -0.8812079527341904 0
2429 -0.0005301197361605721 -0.8908071101462596 0
2430 -0.009071663765041123 -0.8863793285192828 0
2431 -0.00948468803361064 -0.8767542981964321 0
2432 -0.01761174341634184 -0.8819188529150974 0
2433 -0.01720731724524885 -0.8915533335199377 0
2434 -0.02575780042971852 -0.8870823277820692 0
2435 -0.01800886261735772 -0.872304098708209 0
2436 0.1432749546945788 -0.8885438161317343 0
2437 0.1372653413426883 -0.9434639622582319 0
2438 0.1289196783756258 -0.9488144596469047 0
2439 0.1293698580836826 -0.9587267434509419 0
2440 0.1205970262707947 -0.954127023425138 0
2441 0.1210632004535163 -0.9639555907577694 0
2442 -0.4872495072642153 -0.7498831115927996 0
2443 -0.873504506326881 -0.05570093345249451 0
2444 -0.8741429634744466 -0.04588805807587143 0
2445 0.7442368661190619 -0.6165847195228391 0
2446 0.7353936337982907 -0.6120128452861816 0
2447 0.7769318115510551 -0.5752198566231705 0
2448 0.7680989281901751 -0.5706339942349563 0
2449 -0.5137236245272984 -0.7359405222237079 0
2450 -0.02535866398378303 -0.8967308433484826 0
2451 -0.03391936795043088 -0.8922484792566343 0
2452 -0.034313401709305 -0.8826026535671774 0
2453 -0.04253227752992278 -0.8877385505956618 0
2454 -0.04309293317952939 -0.8780404386520608 0
2455 -0.8637514318475084 -0.4057325444696292 0
2456 -0.8721603444616417 -0.4110601389697527 0
2457 -0.8809776536439627 -0.4064416492479431 0
2458 0.792382445030711 -0.5346749752721864 0
2459 0.8012149667580083 -0.5392648531678979 0
2460 0.8016567772747341 -0.5492077371868993 0
2461 -0.2826481342618932 -0.9063887068722091 0
2462 -0.2822699807334496 -0.9163363241172013 0
2463 0.6691245621345286 -0.6748637309727472 0
2464 0.6779616949485319 -0.6794473639904133 0
2465 0.6192058244594167 -0.7170322982376784 0
2466 0.6280441549910024 -0.7216152768959263 0
2467 0.2741659994457829 -0.9172814702404442 0
2468 0.2746175678640539 -0.9272260031333459 0
2469 0.2834623647612875 -0.931799801007915 0
2470 -0.3619826537484048 -0.8645919810589202 0
2471 -0.3704103843335137 -0.8699014275564966 0
2472 -0.3616002931536237 -0.8745444208195426 0
2473 -0.3700252654814261 -0.8798518373863999 0
2474 -0.3788338266549635 -0.8752105647927357 0
2475 -0.3612169590308005 -0.884494023677443 0
2476 -0.3784491004781604 -0.8851594145419082 0
2477 -0.3873135463389963 -0.8804273146332312 0
2478 -0.5639939149762795 -0.777667856860498 0
2479 -0.5636091460344181 -0.7876132447381536 0
2480 0.5861087365641737 -0.7484378904449394 0
2481 0.586562453671705 -0.7583822651047087 0
2482 0.5953995285598749 -0.7629610239474963 0
2483 0.5870157778655356 -0.7683252338944976 0
2484 0.5781792752394515 -0.7637482874727672 0
2485 0.5786324973318112 -0.7736899581807026 0
2486 0.5697958959740244 -0.7691131566169412 0
2487 0.5702490716938343 -0.7790548284284993 0
2488 0.5614130620829967 -0.7744791344044405 0
2489 0.5618655978103411 -0.7844199753319213 0
2490 0.5530279091092408 -0.7798415972616307 0
2491 0.5534815352903598 -0.7897851481478355 0
2492 0.5446453714048147 -0.7852089878085877 0
2493 0.5450996829547633 -0.7951545333884421 0
2494 0.5362624870537872 -0.7905760142501916 0
2495 0.5367165803802426 -0.8005200188502181 0
2496 0.5278758773982899 -0.7959366811360681 0
2497 0.5283305507088076 -0.8058823383261053 0
2498 0.5194940733521347 -0.8013057309680052 0
2499 0.5199472505310457 -0.8112518761533427 0
2500 0.5111111837442455 -0.8066734123582984 0
2501 0.5115629017520564 -0.8166143366219454 0
2502 0.5027253002783925 -0.8120351795826976 0
2503 0.5031783408813117 -0.8219762379479709 0
2504 0.4943428879356441 -0.8174028355931515 0
2505 0.494794441290655 -0.8273412247409202 0
2506 0.4859596964781527 -0.8227692095115799 0
2507 0.4864105783305476 -0.8327064707289225 0
2508 0.4775759276194121 -0.8281345566595189 0
2509 0.4780266899136088 -0.8380715191439063 0
2510 0.4691925757489247 -0.8335003211518606 0
2511 0.469642955171538 -0.8434365421073388 0
2512 0.4608089909356542 -0.8388654309346976 0
2513 0.4612581387952298 -0.8488005014559639 0
2514 0.4524257397642052 -0.8442308874447171 0
2515 0.4528760252985595 -0.8541660461920275 0
2516 0.4440397134779749 -0.8495915134755514 0
2517 0.444491250930882 -0.859529747024623 0
2518 0.435659040883793 -0.8549600116700647 0
2519 0.4361081057594303 -0.864894158951364 0
2520 0.4272771267567877 -0.8603260474939352 0
2521 0.4277267662348275 -0.8702594225615436 0
2522 0.418891464290004 -0.8656856692683749 0
2523 0.5371689393623093 -0.8104750589539085 0
2524 0.5623188755300141 -0.7943619428340787 0
2525 0.5120148693258475 -0.8265565897380858 0
2526 0.419342587683839 -0.8756224045695337 0
2527 0.4105118962457195 -0.8710541109454347 0
2528 0.4109613764631226 -0.8809871741219616 0
2529 0.4021309184661049 -0.8764195795594479 0
2530 0.4025797144691221 -0.8863512080626503 0
2531 0.3937494783697337 -0.8817837085430816 0
2532 0.4015836145774477 -0.8665217002685994 0
2533 0.4267431141990337 -0.850423034079731 0
2534 0.4854611384951324 -0.8128514753092065 0
2535 0.5106229769902443 -0.7967491533613108 0
2536 0.5357838692920233 -0.7806458613279283 0
2537 0.5609447521564001 -0.7645446957211004 0
2538 0.6859381038134549 -0.6641058219513318 0
2539 0.6784100336319928 -0.6893917741107509 0
2540 0.6867958737661051 -0.6840305646137319 0
2541 0.6284942085792605 -0.7315602324239314 0
2542 0.6368798447490163 -0.7261978968858261 0
2543 0.6374886350847395 -0.7363898439616517 0
2544 -0.2906932005549798 -0.9216404623841616 0
2545 -0.2818886843282598 -0.9262815084739959 0
2546 -0.2734670774617441 -0.9209792722841044 0
2547 -0.2730858107001934 -0.9309227002969355 0
2548 -0.2646651387064263 -0.9256210192876826 0
2549 -0.264283714187977 -0.9355636464094138 0
2550 -0.2558633737186179 -0.9302624581337225 0
2551 -0.2562365430344899 -0.9203205777595912 0
2552 -0.2474414894452808 -0.9249626234847969 0
2553 -0.2470623517889696 -0.9349042487743526 0
2554 -0.2386422960543781 -0.9296035524280541 0
2555 -0.238467409193483 -0.9399346265730113 0
2556 -0.2298750610530496 -0.9343097169861458 0
2557 -0.2297074839528522 -0.944651103701708 0
2558 -0.2210901336403699 -0.9389757548747477 0
2559 -0.2207127175327381 -0.9489190784064744 0
2560 -0.2122461912249957 -0.943528217341688 0
2561 -0.2126336133097575 -0.9336039579156412 0
2562 -0.2390092635741222 -0.9196594702129259 0
2563 -0.203806107522823 -0.9382212557122372 0
2564 -0.2034026756348624 -0.9481353989898512 0
2565 -0.2042045844864641 -0.9282949983935799 0
2566 0.8577224099695423 -0.4519969026768711 0
2567 -0.1631483076628106 -0.8719493697671286 0
2568 0.6360069482498433 -0.7062803930339216 0
2569 0.7177114643645368 -0.6028419884524582 0
2570 -0.3876538570785135 -0.8705546455956896 0
2571 -0.39607423653461 -0.8758625227677866 0
2572 -0.3957456577244976 -0.8857154301559755 0
2573 -0.4044955789840918 -0.8811660741464205 0
2574 -0.4048705104404549 -0.8712410404358706 0
2575 -0.4132902761097856 -0.8765462524640381 0
2576 -0.413675469507563 -0.8666052343982639 0
2577 -0.4220938463164066 -0.8719124491480412 0
2578 -0.4224814168948359 -0.861969977055089 0
2579 -0.4308989146631701 -0.8672770010751361 0
2580 -0.4312869158828588 -0.8573327012721303 0
2581 -0.4397053826921713 -0.8626393757510944 0
2582 -0.4400934333076427 -0.8526963610802613 0
2583 -0.4485108292847922 -0.8580030991469082 0
2584 -0.4489001173246119 -0.8480606564759388 0
2585 -0.457317519395773 -0.8533649133830898 0
2586 -0.4577055288871968 -0.8434218410597807 0
2587 -0.4661233108374574 -0.8487277561347532 0
2588 -0.466512399864623 -0.8387862990516366 0
2589 -0.4749295740743986 -0.844090438529609 0
2590 -0.4753191419459033 -0.8341504432277596 0
2591 -0.4837355279360825 -0.8394532241011915 0
2592 -0.4841239148238855 -0.829511029245003 0
2593 -0.4925413997810963 -0.8348160406738799 0
2594 -0.4929309930170184 -0.8248762896432691 0
2595 -0.5010782856948518 -0.8296691548338618 0
2596 -0.5016926418226908 -0.8201556944672768 0
2597 -0.5098320502333833 -0.8249330083214239 0
2598 -0.5104853534142202 -0.8154942601222173 0
2599 -0.5188951281715568 -0.8207859610085004 0
2600 -0.5193285436483202 -0.810929331461955 0
2601 -0.5277490896986826 -0.8162432322619103 0
2602 -0.5281504075771848 -0.8063240419061555 0
2603 -0.5365652836300512 -0.8116271783090326 0
2604 -0.5369581894861286 -0.8016932964123951 0
2605 -0.4569289468043308 -0.8633092197232144 0
2606 -0.4305102422557475 -0.8772207996934676 0
2607 -0.5197504793863209 -0.801004370783116 0
2608 -0.4933287994871465 -0.8149138109346663 0
2609 -0.4669315549117453 -0.8288226821230917 0
2610 -0.4405018616029236 -0.8427392284369556 0
2611 -0.4140723496526278 -0.8566544742003974 0
2612 0.3562953119133308 -0.8237588472213848 0
2613 0.188442161340402 -0.9312108564477706 0
2614 -0.3263039642125258 -0.8931317352436234 0
2615 -0.3347251503446943 -0.8984388937309876 0
2616 -0.3343407702829329 -0.9083839349068676 0
2617 -0.3431479933882327 -0.9037453751001882 0
2618 -0.3427623258698607 -0.9136889587236758 0
2619 -0.3435315051582345 -0.893800677739314 0
2620 -0.3519612601293396 -0.8991049377908216 0
2621 0.7508486673068786 -0.5714340773591191 0
2622 0.2480746108354417 -0.9134997956460142 0
2623 0.2569252555137758 -0.9180762556375714 0
2624 0.2485330823674552 -0.9234471363714351 0
2625 0.2573742645275777 -0.9280244538396465 0
2626 0.2489910007273048 -0.933390833562008 0
2627 -0.8742234156710553 -0.3613058498434885 0
2628 0.8640237722726771 -0.3969285627136093 0
2629 0.8724168819192122 -0.3915815607644356 0
2630 0.8812426185171367 -0.396176439003593 0
2631 0.8808098443789487 -0.386236380987204 0
2632 0.8896344465078272 -0.3908305036517232 0
2633 0.8892014815986967 -0.3808913213273203 0
2634 0.8803772072074164 -0.3762969344357752 0
2635 -0.7438060090699185 -0.5953145465887246 0
2636 0.3721961858776753 -0.7930701324797367 0
2637 0.3810594981911432 -0.7976693594110579 0
2638 0.3806120831349842 -0.7877099338458505 0
2639 0.3894669667189029 -0.792294921040021 0
2640 0.3815129755653437 -0.8076343562754756 0
2641 -0.8460990733368994 -0.4149908798143286 0
2642 0.7915075451947265 -0.514763240560877 0
2643 0.2401413391753391 -0.9288182306108036 0
2644 0.2406010229982532 -0.9387618812067422 0
2645 0.8194434634170578 -0.3639104857362694 0
2646 0.8190110793495343 -0.3539468458022756 0
2647 0.8104978177931308 -0.3493265505974907 0
2648 0.8186329772497261 -0.3439840538345891 0
2649 0.8274308439539875 -0.3485889126762994 0
2650 0.8269990401691345 -0.3386311946287389 0
2651 0.8184686150443566 -0.3340123624378746 0
2652 0.8266123265558767 -0.3286711926089702 0
2653 0.818089646401567 -0.3240505473243701 0
2654 0.8354064331920485 -0.3332779670624921 0
2655 -0.3527649743627826 -0.8791973489631977 0
2656 0.8162654668497886 -0.4887180571180517 0
2657 -0.8356511663187917 -0.4594108419024233 0
2658 -0.8352449066586463 -0.4693551893515365 0
2659 -0.8436537074261354 -0.4746792313631246 0
2660 -0.8348394370828679 -0.4792997387566669 0
2661 -0.8432479570323113 -0.4846230497192963 0
2662 -0.8344343193300389 -0.4892442779772571 0
2663 -0.8260218030446353 -0.4839299210420297 0
2664 -0.8256207279761485 -0.4938666435748573 0
2665 -0.8340291829586738 -0.4991888843661581 0
2666 -0.8252161458896503 -0.503809880422916 0
2667 -0.8168043105944883 -0.4985023850253883 0
2668 -0.8164027399748118 -0.5084314831256541 0
2669 -0.8248122661325428 -0.5137529779809783 0
2670 -0.8159998230971559 -0.5183751290731864 0
2671 -0.8075911784167435 -0.5130582645707573 0
2672 -0.8071728432524222 -0.5230204975562263 0
2673 -0.8244092675209092 -0.5236944595669499 0
2674 0.09254459163989687 -0.9010837371137203 0
2675 -0.6805015467125705 -0.6675928419022135 0
2676 -0.6893105849184662 -0.6629586042211155 0
2677 -0.6977281888588688 -0.6682701274802129 0
2678 -0.6981213580903229 -0.6583229804281745 0
2679 -0.7065459466320051 -0.6636262297491038 0
2680 -0.7293687039625231 -0.5249046566353437 0
2681 -0.7297657391325296 -0.5149367490766192 0
2682 -0.7213326323577266 -0.5096077821342753 0
2683 -0.7301669703788674 -0.5049701115145686 0
2684 -0.7217678392766709 -0.4997058765761521 0
2685 -0.730572652201041 -0.4950137745246195 0
2686 -0.7390006902793866 -0.5003342944377628 0
2687 -0.7394007720345406 -0.490368040766723 0
2688 -0.7478298962904854 -0.4957059512978232 0
2689 -0.7482313015189832 -0.4857296097318343 0
2690 -0.739800386527415 -0.4803991112151704 0
2691 -0.74863327083759 -0.4757614262794418 0
2692 -0.7402003820518087 -0.470430409470974 0
2693 -0.7490341747217655 -0.4657936482265753 0
2694 -0.7574662688924897 -0.4711244617235228 0
2695 -0.7578676791882759 -0.46115754634376 0
2696 -0.7662976481569843 -0.4664892263820822 0
2697 -0.7666997672293765 -0.4565228612114561 0
2698 -0.758614089464246 -0.4512046354858202 0
2699 -0.7671598453348407 -0.4465582539989759 0
2700 -0.7755411273574251 -0.4518899604794662 0
2701 -0.7759464466633077 -0.4419231214688509 0
2702 -0.7675165415619093 -0.4365894880252383 0
2703 -0.7763496318349794 -0.4319687974149967 0
2704 -0.7680421718091323 -0.4268478990696967 0
2705 -0.03213281803461837 -0.9508091561370573 0
2706 -0.780267164425554 -0.5469420339252773 0
2707 -0.7890770518180543 -0.5423190704870136 0
2708 -0.7974890642194414 -0.5476370468899274 0
2709 0.7875505019772218 -0.4251937095641257 0
2710 0.7791403219565265 -0.430559250974864 0
2711 0.7704685131591708 -0.4260070746785256 0
2712 0.7709035904954029 -0.4359241068728868 0
2713 0.7796033965302233 -0.4405207162780272 0
2714 0.7712010699848043 -0.4458863518473729 0
2715 0.7630124404182861 -0.441188884176588 0
2716 0.7636630852878918 -0.4711162841893522 0
2717 -0.555189587469139 -0.7823078163219249 0
2718 -0.5547653349314483 -0.7922787565551107 0
2719 -0.5632178209609231 -0.7975613310568038 0
2720 -0.5462753597251272 -0.7870194206061166 0
2721 0.7318288670598849 -0.5323824936535102 0
2722 -0.859882230869397 -0.2908974898909301 0
2723 -0.8602978923344136 -0.2809389707016142 0
2724 0.6911784872147027 -0.5890731982913211 0
2725 0.186132835780766 -0.8814464439470849 0
2726 -0.798775208031458 -0.5176781237495953 0
2727 0.5908793854591142 -0.6634237882830967 0
2728 0.5904302696246082 -0.653457165554489 0
2729 0.5992849086647793 -0.6580495771941398 0
2730 0.5988358115181888 -0.6480835939306687 0
2731 0.6076921466832814 -0.6526754135376107 0
2732 0.6072412937491521 -0.6427102036187977 0
2733 -0.5574794614908092 -0.7226003385242028 0
2734 0.8593287872516502 -0.2875859858050724 0
2735 0.8878977975556671 -0.351022480474566 0
2736 0.886683693760714 -0.06865609855823718 0
2737 -0.1376404108979504 -0.8660899495806335 0
2738 -0.8514652168854406 -0.2855574827343774 0
2739 -0.8518801007041734 -0.2755959751035473 0
2740 -0.8430465002714996 -0.2802124081606938 0
2741 -0.8434615569665678 -0.2702522478521803 0
2742 -0.8522961430225864 -0.2656321661067957 0
2743 -0.8440263170439144 -0.2605766955437502 0
2744 -0.835037240904454 -0.2649116836438493 0
2745 -0.8527337267759871 -0.255717890889886 0
2746 -0.8445489180018544 -0.2505532884362233 0
2747 -0.8531654672237012 -0.2457559711044265 0
2748 -0.8448377314600327 -0.2403003605710266 0
2749 -0.8535583140748084 -0.2357528148035994 0
2750 -0.8451317059130481 -0.2304240578291959 0
2751 -0.8539590901904669 -0.2258372106700437 0
2752 -0.8623362121616102 -0.2311462234166737 0
2753 -0.8627015696793819 -0.22130688895152 0
2754 0.2458125818907517 -0.8637124611782505 0
2755 0.2453431935121802 -0.8537664848915031 0
2756 0.2541958033187592 -0.8583517987158291 0
2757 0.2537435676759593 -0.848388861834696 0
2758 0.2449301816197237 -0.8437989386129812 0
2759 0.2534185653780153 -0.8386140719320627 0
2760 0.6160933947724534 -0.6473025473700917 0
2761 0.6156464167557678 -0.6373374921359136 0
2762 -0.8128394252297253 -0.3837027558860103 0
2763 0.8745125791100492 -0.2375268435200797 0
2764 0.7393309291917726 -0.5071186176501322 0
2765 0.9019850748312062 -0.2808040168324366 0
2766 0.1945193754696791 -0.8760739461677878 0
2767 -0.8317331176179612 -0.3445830612854138 0
2768 -0.04209826579040379 -0.8974246810387327 0
2769 -0.05072300339927785 -0.8929085861022397 0
2770 -0.2064147876216491 -0.8685776346296494 0
2771 -0.2066527635222048 -0.8588504229439442 0
2772 -0.1981531879703596 -0.8536552416131657 0
2773 -0.21520321926911 -0.8639681741530674 0
2774 -0.2156191983410743 -0.8539650907498071 0
2775 -0.224047464786018 -0.859284950271483 0
2776 -0.2246582461903753 -0.8493206341983771 0
2777 -0.2328903932379097 -0.8546414007129304 0
2778 -0.6832648312597436 -0.5979002090959058 0
2779 -0.9027661414293816 -0.2977292756117785 0
2780 -0.6752182488903948 -0.5826536590818701 0
2781 -0.6668660545823377 -0.5775070871583705 0
2782 -0.6664043939883807 -0.5873104614053301 0
2783 -0.6579566525512953 -0.5819944107720281 0
2784 0.2621597230400325 -0.8430469977132107 0
2785 0.854830675862601 -0.1993851812843191 0
2786 0.6818785781124221 -0.5745271398910193 0
2787 -0.6211271105800257 -0.6403292100634108 0
2788 0.6646874312215008 -0.5752797527739415 0
2789 0.1201254206032158 -0.944267145752398 0
2790 -0.6038843402582089 -0.6396275832298735 0
2791 -0.6295536412925939 -0.6456514995686027 0
2792 -0.1865154384678078 -0.937493382338794 0
2793 -0.5313698375831507 -0.726620871658026 0
2794 -0.4038651915840911 -0.890644477856085 0
2795 -0.9032025782916284 -0.07439907123279202 0
2796 -0.4784090644323315 -0.7545250695176823 0
2797 -0.4699687564963149 -0.7492083965818581 0
2798 -0.4695900987626695 -0.7591664987001285 0
2799 -0.4610988717575755 -0.753930758627086 0
2800 -0.460752716475014 -0.7638377575029953 0
2801 -0.4523103913174278 -0.7585242147340252 0
2802 -0.4527401067466044 -0.7486639902304492 0
2803 -0.1456271778335033 -0.8812906090408751 0
2804 -0.08321153085971661 -0.952864534283219 0
2805 -0.4519395827501562 -0.7684711435811332 0
2806 -0.4434942216630396 -0.7631621809616861 0
2807 -0.443117658775797 -0.7731175727500543 0
2808 -0.4348054665300332 -0.7680678126485915 0
2809 -0.4343082971690228 -0.777822216916758 0
2810 -0.4258438359382548 -0.7724651142798751 0
2811 0.4686870686299768 -0.8235865367320038 0
2812 0.4519131755717186 -0.834321055187341 0
2813 -0.784765701211442 -0.4373014912388976 0
2814 -0.4254719482425134 -0.7824266960716824 0
2815 -0.4171665057961478 -0.7773922540134183 0
2816 -0.4166691404930143 -0.7871165075450657 0
2817 -0.4082236665551847 -0.7818191871660447 0
2818 -0.4078193768267691 -0.7917504162627336 0
2819 -0.3995250244620402 -0.7867155157549253 0
2820 -0.4080542813541133 -0.7727466115560853 0
2821 -0.3990032105527364 -0.7964239483491188 0
2822 -0.3907223315189663 -0.791411374514652 0
2823 -0.3901832557317859 -0.8010865034529006 0
2824 -0.3818806031104223 -0.7960319208043544 0
2825 -0.3816925008649169 -0.7872219692101586 0
2826 0.8585652980844163 -0.2678613622913084 0
2827 -0.7851726231800574 -0.4273649381281113 0
2828 -0.3813556000130747 -0.8057334625779508 0
2829 -0.3730523828842361 -0.8006775296165767 0
2830 0.8262185121021403 -0.3187398126641898 0
2831 0.4532020198321899 -0.8639067979178181 0
2832 -0.5178605269960602 -0.8312082483909456 0
2833 -0.1193331377367819 -0.895245574274445 0
2834 -0.372508340631201 -0.8103428485910232 0
2835 -0.7609302557870306 -0.6062862909639608 0
2836 0.8739971484684157 -0.2180538199636259 0
2837 0.9179539172384864 -0.2602733164711032 0
2838 0.495247400873248 -0.8372824901029958 0
2839 -0.6399385535583031 -0.6011497643784953 0
2840 -0.6311121518942278 -0.6057886309205314 0
2841 -0.3641412700873954 -0.8050575199432246 0
2842 -0.8713250130167949 -0.4309820294915276 0
2843 0.9314471099931149 -0.2011163135911457 0
2844 0.1118350569337361 -0.9495140149820723 0
2845 -0.8672236814247839 -0.1642998619643024 0
2846 0.2578593687671062 -0.937908454565785 0
2847 -0.8805636815619566 -0.4163928375277959 0
2848 0.8570005265209348 -0.2188769060447059 0
2849 0.9316769678395522 -0.1258348296674371 0
2850 0.9380378439091899 -0.130716282735725 0
2851 -0.8709153894727018 -0.4409265741644056 0
2852 -0.8548145949755079 -0.2161406569979284 0
2853 0.2238131385638233 -0.9495035739582784 0
2854 0.8794015105209212 -0.07381896936289983 0
2855 0.8879237414342018 -0.07824326653897441 0
2856 0.5984629264103425 -0.6383103076459077 0
2857 -0.6218960487787576 -0.6203986536893222 0
2858 0.7460510587067255 -0.4618940532823 0
2859 0.737556304017732 -0.4672629047443806 0
2860 0.4784686566105765 -0.847993987179875 0
2861 -0.09512724037278343 -0.8691706397625637 0
2862 0.8742527188866841 -0.02760907524207279 0
2863 -0.3162285454778435 -0.9276013076590555 0
2864 0.971615924054799 -0.08684165895311587 0
2865 -0.3298065660769462 -0.8134692279669317 0
2866 -0.3204164455006223 -0.8170140330130412 0
2867 -0.3201598969501649 -0.8278905595872947 0
2868 -0.3118977215613799 -0.8229526044839776 0
2869 -0.3113814873427363 -0.8327264900314628 0
2870 -0.3029465743627784 -0.8274421575283764 0
2871 -0.3025330753634294 -0.837378745507987 0
2872 -0.2940970371701259 -0.8320674247132966 0
2873 -0.2937108923445466 -0.8420281439919097 0
2874 -0.2852689899395465 -0.8367143701317598 0
2875 -0.284886935727771 -0.8466774484409558 0
2876 -0.2764438525880977 -0.8413655614645568 0
2877 -0.2768268549618227 -0.8313972244388442 0
2878 -0.2677106742723073 -0.8356152340375209 0
2879 -0.2675729778193605 -0.8459420278829395 0
2880 -0.2588297954779083 -0.8401834787556679 0
2881 -0.2587315286868683 -0.8505680267147527 0
2882 -0.2504211910268066 -0.8454783019527636 0
2883 -0.2496087393011878 -0.8360267735730125 0
2884 -0.2500047279582623 -0.8553279304779831 0
2885 -0.3383121672300792 -0.8089081538684142 0
2886 0.9209998792139158 -0.3197213348707968 0
2887 0.9205668069455537 -0.3097923578335945 0
2888 0.9117517226013224 -0.3052040011051542 0
2889 0.9201355211465223 -0.2998675039254153 0
2890 0.8916232853746188 -0.02729190231406841 0
2891 -0.06910981719332017 -0.8739944408739106 0
2892 -0.04837049825998584 -0.9711859013179285 0
2893 0.3089208858353849 -0.925415615996628 0
2894 0.3174248234286106 -0.9202430106685422 0
2895 0.316991915258446 -0.9103353351832841 0
2896 0.3258266166799885 -0.9149108378084675 0
2897 0.325377168858537 -0.9049766815814564 0
2898 0.3342128704675554 -0.9095536898475984 0
2899 0.3337685773429933 -0.8996126256238314 0
2900 0.3425976496732379 -0.9041925148222993 0
2901 0.343049514588897 -0.9141320649702802 0
2902 0.3514186462157055 -0.9087706874437973 0
2903 0.3509789831547057 -0.8988306119128633 0
2904 0.3599783225289317 -0.903872982889801 0
2905 0.3593908726796318 -0.8935480409495989 0
2906 0.3683482926126818 -0.8984427086526731 0
2907 0.3677787827425128 -0.8881908607781057 0
2908 0.3766056519997656 -0.8926972566281441 0
2909 0.3763113538010246 -0.882680871616236 0
2910 -0.5453731200239899 -0.8069944370478073 0
2911 -0.962990012827394 -0.1593330727758119 0
2912 0.8997563609826242 -0.0313229908142411 0
2913 0.8702819822326686 -0.08713474508256178 0
2914 -0.2902753748350506 -0.931520561757878 0
2915 -0.9653078870700396 -0.08785156637557948 0
2916 -0.185658848143354 -0.9571632352951186 0
2917 0.3545415641388796 -0.7929361043528853 0
2918 0.2872550295107476 -0.8270155210634944 0
2919 0.2786616326219975 -0.8319235513743768 0
2920 0.8398847542450679 -0.2483332083530903 0
2921 0.5652140549825219 -0.6695811760834584 0
2922 0.7529016689623893 -0.6208934119882754 0
2923 0.7446796924518028 -0.6264448934018725 0
2924 -0.6844896379326225 -0.5474635746743273 0
2925 0.09103181070562882 -0.8717435040925856 0
2926 0.09913245466480511 -0.8668060945164232 0
2927 0.6888093873897999 -0.5392604922153696 0
2928 0.6973413981765164 -0.5338949652066634 0
2929 0.7061713423810622 -0.5385008406616351 0
2930 0.7057437972588501 -0.5285318774044545 0
2931 -0.9480078571987718 -0.1134954572367508 0
2932 -0.2336309280722436 -0.8433114370809559 0
2933 -0.8488568743235892 -0.1825907292273753 0
2934 -0.9411701557995851 -0.2004676927412583 0
2935 -0.9496866722762652 -0.1959677442741973 0
2936 0.8180100683468119 -0.5285289732639381 0
2937 -0.6131582099493167 -0.6251907585841514 0
2938 -0.8159715603708178 -0.3140080914620064 0
2939 -0.8153384199054652 -0.3239611738710287 0
2940 -0.9542001089341826 -0.0244713886045245 0
2941 -0.4795332849688878 -0.7247243295258559 0
2942 0.7936567839805029 -0.5644234660124939 0
2943 0.795098679030533 -0.5757034785154094 0
2944 0.07884747137869466 -0.9706246170475665 0
2945 -0.7776825365408457 -0.4019144703108974 0
2946 -0.907588573091998 -0.1522571713094983 0
2947 -0.6943051360958374 -0.5335719582786604 0
2948 0.09601030692764619 -0.9696601511706456 0
2949 -0.1080810430627153 -0.9684016459871614 0
2950 -0.8656239010528886 -0.2027045188637585 0
2951 -0.5510516222021593 -0.6780883409895297 0
2952 -0.7223945174346151 -0.4902609165789328 0
2953 0.9372828175377876 -0.02482120441414671 0
2954 0.9451234869131091 -0.02884946879896766 0
2955 0.1504239880663167 -0.8636795567497719 0
2956 0.8175704055204563 -0.3141297579710817 0
2957 0.808331015216718 -0.3193743949821865 0
2958 -0.9724872079016296 -0.1012780282568064 0
2959 0.9398978753572909 -0.07757676056843139 0
2960 -0.9624584601071862 -0.168558513907233 0
2961 -0.9545969854570995 -0.1727461699889725 0
2962 0.8100490788649205 -0.5438468751367371 0
2963 -0.9301251342039476 -0.1260369100470666 0
2964 -0.7784419660822233 -0.5867166605318528 0
2965 -0.938650153773101 -0.2594016512201111 0
2966 -0.08219282084500694 -0.9725582092036761 0
2967 0.6455265025002871 -0.7308308431514074 0
2968 0.8263741517978718 -0.5231718716604413 0
2969 -0.9153456055559772 -0.2139483004450153 0
2970 -0.06057226618047639 -0.8784865703209672 0
2971 0.2783880904106722 -0.8215584692578994 0
2972 0.3214922802389535 -0.8139412597234937 0
2973 0.312955062626521 -0.8205041748688925 0
2974 0.3891233740417606 -0.7825529416244029 0
2975 0.3978445065320134 -0.7870358055810087 0
2976 -0.5449581637536441 -0.816978180822286 0
2977 0.3939482288200572 -0.8915400003095898 0
2978 0.7859303481577209 -0.3855583718376125 0
2979 -0.4351374648225935 -0.758873296192149 0
2980 -0.00655304835760193 -0.9742608208517509 0
2981 -0.8634908465263296 -0.09537050987715187 0
2982 0.5790262217303934 -0.7835392269323715 0
2983 -0.7779065743538921 -0.3922379171017005 0
2984 -0.9581089331395717 -0.07488625968848922 0
2985 0.9763741780898696 -0.05454582866403341 0
2986 -0.7061035622508043 -0.673498657762986 0
2987 0.4279167464836665 -0.8797868975086499 0
2988 -0.3042775409488021 -0.8185889394919427 0
2989 -0.8062177321814236 -0.3189488163291425 0
2990 0.9054156575128918 -0.3600201711025782 0
2991 0.9137837195043509 -0.3546483361654809 0
2992 0.9427413545289506 -0.2446896513339922 0
2993 0.8916302020946977 -0.09991132038217189 0
2994 0.8920421707201048 -0.09179372293823437 0
2995 0.8914246862528735 -0.1082964207533128 0
2996 0.9677236985101987 -0.1295772293051638 0
2997 0.9604191928710836 -0.1348431719193292 0
2998 0.9681299001258118 -0.1386941652661804 0
2999 0.9608528730574755 -0.1438073281506057 0
3000 0.9527891608955377 -0.1398735835720019 0
3001 0.9532069370127891 -0.1488824777378983 0
3002 0.9614764507584634 -0.1529778033980784 0
3003 0.9537381961682507 -0.1580525900744581 0
3004 0.9620566543133281 -0.1622919303897739 0
3005 0.945491885043532 -0.1538870165267741 0
3006 0.945972026455232 -0.163029488631534 0
3007 0.01652050952357154 -0.8997487213745265 0
3008 -0.3644249862942792 -0.7955673727853352 0
3009 -0.3556393643655518 -0.799727674716956 0
3010 -0.8711546419463315 -0.2265711149987556 0
3011 -0.9480627557794895 -0.2349859338590956 0
3012 -0.06818566687868573 -0.893483982085419 0
3013 0.9017875027621906 -0.123212497202774 0
3014 -0.9855923730817364 -0.00787875289297435 0
3015 0.984318614656612 -0.009305787576794462 0
3016 0.08284083063161896 -0.8770195657502869 0
3017 -0.7979024018483678 -0.5376726081415907 0
3018 -0.8063020149787518 -0.5430083977211223 0
3019 -0.7894951809781257 -0.5323433489546346 0
3020 0.8334787824301347 -0.4879815341620488 0
3021 -0.9031854210216494 -0.2877725514487608 0
3022 -0.8615445695934685 -0.455485294033632 0
3023 -0.8611114385479463 -0.4654298718741894 0
3024 0.8971324390433453 -0.3655342960542167 0
3025 -0.7518773321824429 -0.6106299329372346 0
3026 -0.1265861089601331 -0.9301386520210262 0
3027 -0.117817922273686 -0.9347774152564524 0
3028 0.9113132441211849 -0.2952818785135545 0
3029 -0.7658952037784059 -0.4764677977327954 0
3030 -0.8822154873589925 -0.3765973763684872 0
3031 -0.8906223129754013 -0.3819258092146104 0
3032 -0.8902071552218104 -0.3918759647286042 0
3033 0.863593356120966 -0.3869809715281004 0
3034 0.8945395067575801 -0.3059492754322457 0
3035 -0.89311403456459 -0.3222241057064675 0
3036 -0.7474242704614963 -0.5056808326525779 0
3037 -0.6176483840704921 -0.7299120907414651 0
3038 -0.6172655597713999 -0.7398561472335476 0
3039 -0.6256409169370059 -0.745079750782202 0
3040 -0.61687234188752 -0.749785719305883 0
3041 -0.6084550239648761 -0.7444962259985635 0
3042 -0.6080744953548771 -0.7544370063616694 0
3043 -0.8268313783069411 -0.4640342689822874 0
3044 -0.6536722698047176 -0.691453721027232 0
3045 0.2228909428606054 -0.9296212631367919 0
3046 -0.7073488858502213 -0.6437160541308551 0
3047 -0.5912007210435747 -0.7438433466494578 0
3048 -0.9124159488926391 -0.2732298270413455 0
3049 0.3167231691903371 -0.9303727883017064 0
3050 -0.680893645333567 -0.6576433489842497 0
3051 0.307720917261373 -0.8958061479820352 0
3052 0.819876682241739 -0.373872461693417 0
3053 0.7261083531346252 -0.5974771562561173 0
3054 0.8317499150244901 -0.4481562291719179 0
3055 -0.8276380188147813 -0.4441431926301415 0
3056 -0.7289637745833588 -0.53487665374063 0
3057 0.5856520236084521 -0.7384918958603561 0
3058 0.6355658911901416 -0.6963207201153532 0
3059 -0.317883303859809 -0.8878207552989928 0
3060 -0.8842902075522 -0.3268362521360002 0
3061 0.855629745068848 -0.4022697424613247 0
3062 0.6855012995377755 -0.6541412204397 0
3063 -0.6163510015353282 -0.7594707580781468 0
3064 -0.6075476341003598 -0.7641075726480615 0
3065 0.3505260283417405 -0.8888885398219613 0
3066 0.616532039680594 -0.6572767180217178 0
3067 -0.1712064862268586 -0.8871789924507323 0
3068 -0.7714522380126891 -0.5515695201729398 0
3069 0.2122241028646406 -0.8852316857033493 0
3070 -0.5578622553237733 -0.7126450034428098 0
3071 0.8047955788130869 -0.42442344111632 0
3072 -0.8027931755134042 -0.4181960106819936 0
3073 0.9455667518728879 -0.127493761007563 0
3074 0.271878976636271 -0.8675276412272316 0
3075 0.7154789110074505 -0.5530639335480929 0
3076 0.7313846051570976 -0.5224300669553117 0
3077 -0.3635299110713264 -0.8247571536634033 0
3078 0.566579801270737 -0.6994663518281348 0
3079 0.5577230199772161 -0.6948798243204557 0
3080 0.5573799899209585 -0.685091265780403 0
3081 0.5491009562109964 -0.6906605128820177 0
3082 0.5479515770208833 -0.6806549119821135 0
3083 0.5493595595952114 -0.7003175158655319 0
3084 0.5407248422775506 -0.6960795773165562 0
3085 0.5409685204752631 -0.7057104976249005 0
3086 0.5321107475761604 -0.7011267910430538 0
3087 0.5325319384341317 -0.7110353269649302 0
3088 0.5236664131959033 -0.7064401554176648 0
3089 0.5241113575468063 -0.716390157695902 0
3090 0.5152529145962399 -0.7118029421189599 0
3091 0.5157082053465916 -0.7217632535729461 0
3092 0.5063331264157483 -0.7171118290069592 0
3093 0.5072161682223616 -0.7271323724171112 0
3094 0.4977385934692558 -0.7226499099699418 0
3095 0.4987686178044261 -0.7325297385976877 0
3096 0.4900382377274058 -0.7279320417273693 0
3097 0.4904744293612429 -0.7378946720693614 0
3098 0.4810873489570627 -0.7333984396783133 0
3099 0.4819943099528539 -0.7432904144800415 0
3100 0.4721581027982427 -0.7386404664240884 0
3101 0.4734936522791714 -0.7486413355825627 0
3102 0.4641933572304958 -0.7439009649601422 0
3103 0.4651464722856617 -0.7539949066913315 0
3104 0.4568358567211522 -0.7493836826362366 0
3105 0.4569222506941999 -0.7593929875627266 0
3106 0.4474263229022635 -0.7532262593627959 0
3107 0.4483850458182421 -0.7645094762916833 0
3108 0.438943099339211 -0.7596519338960153 0
3109 0.4399454793204602 -0.7700180517387107 0
3110 0.4310760741801847 -0.7654591237313788 0
3111 0.4316530270571032 -0.7755273955055061 0
3112 0.4227802159097747 -0.7709301313165564 0
3113 0.423258100085446 -0.7809026478631612 0
3114 0.4144267088641272 -0.7763212456934729 0
3115 0.414872233599643 -0.7862935717189137 0
3116 0.5052267096007151 -0.7071424170735057 0
3117 0.4799264604295766 -0.7236240825051681 0
3118 0.4142095781640898 -0.7667708826407856 0
3119 0.6827832913464547 -0.5944371843527525 0
3120 -0.8409745716021902 -0.3300197231562365 0
3121 0.6496378941958141 -0.6258643283342893 0
3122 0.6407837147543483 -0.6212752306109435 0
3123 0.6403323134759296 -0.6113134572922782 0
3124 0.6321140781165828 -0.6169767693835412 0
3125 0.6311896528235951 -0.606841171788947 0
3126 0.6324285238173638 -0.6266935978065824 0
3127 0.6237208099626277 -0.6223537430171924 0
3128 0.50775128323298 -0.7371011105404786 0
3129 -0.6023352235165901 -0.6794773863565737 0
3130 0.3059035735975802 -0.8559975299779117 0
3131 -0.5754936893268128 -0.7033614777461126 0
3132 -0.6656222528654963 -0.6071743878719216 0
3133 -0.6652323580204824 -0.6171293145912451 0
3134 0.3399340080467095 -0.8444690241455198 0
3135 0.4825429728825021 -0.7532428886398836 0
3136 -0.2129866497187874 -0.9236568512249523 0
3137 0.4573721376373863 -0.7692989233894411 0
3138 -0.8058520668856072 -0.5528602546642133 0
3139 0.2026135850047071 -0.8609918537345014 0
3140 0.2028480481906277 -0.850544177654011 0
3141 -0.7381910171302162 -0.5202829071877028 0
3142 0.3138342597641208 -0.8406674133347025 0
3143 -0.5851108171516126 -0.6787161090136866 0
3144 0.7229912480173072 -0.5277851576073269 0
3145 0.3982771594037152 -0.7969579219331056 0
3146 -0.7991725804881328 -0.5077406145895069 0
3147 0.7800144535806415 -0.4504821715597659 0
3148 -0.8047608695952935 -0.3683151463709495 0
3149 -0.7963266615978648 -0.362975365711301 0
3150 -0.7566562938690083 -0.4910736042724551 0
3151 -0.2324677495498802 -0.8646026250970927 0
3152 -0.486875258800263 -0.7598283363770182 0
3153 0.1256619927055299 -0.8797396733484332 0
3154 0.1261225196530247 -0.8895682236102698 0
3155 0.1252041638372595 -0.8698456862582372 0
3156 -0.178477152935274 -0.9222714042596496 0
3157 -0.4604356038652342 -0.7737625791224814 0
3158 -0.4339398673150381 -0.7877331869733235 0
3159 0.6244971329604956 -0.6419351790046284 0
3160 -0.4074242223065392 -0.8017045625432335 0
3161 -0.9115225209789364 -0.06995578182765688 0
3162 -0.9041975226294757 -0.06583171860579105 0
3163 0.7716193952801043 -0.4558372343969812 0
3164 -0.6575719536852657 -0.5919251638419059 0
3165 -0.6491236469786557 -0.5865973572037453 0
3166 0.7543788008443303 -0.4565312332070909 0
3167 0.6461371259237401 -0.7411858716853348 0
3168 0.09441579048133682 -0.9403316737392016 0
3169 0.4559651104176791 -0.7394739045376998 0
3170 0.8501666592860128 -0.2731326339646757 0
3171 -0.07517805127334755 -0.9378325938744299 0
3172 0.4059675514220047 -0.7717904374264901 0
3173 0.8421373368093412 -0.4923142315379435 0
3174 -0.01680282600912367 -0.9011876118160452 0
3175 -0.1114281099137028 -0.8803272610268899 0
3176 -0.1124810788325783 -0.8694110550816012 0
3177 -0.6482664265731667 -0.5759747064431242 0
3178 0.8617864407015436 -0.09160139047297702 0
3179 -0.777464386132213 -0.4119936548131333 0
3180 -0.919797486849966 -0.06583294923387704 0
3181 -0.1547511042006493 -0.8667537530848467 0
3182 -0.2466817301165644 -0.9448458099187684 0
3183 0.7542742278168746 -0.6298936727430858 0
3184 0.9088794554090784 -0.24588694130773 0
3185 -0.955564417139835 -0.1128764930962421 0
3186 0.8483403927482003 -0.2151945977357833 0
3187 0.84863362846504 -0.2241615339021398 0
3188 0.9195399630442248 -0.2899287258879996 0
3189 0.9284037915081927 -0.2945054849688127 0
3190 0.7217123775190464 -0.4889589170985465 0
3191 0.1041902710820213 -0.9644791776122117 0
3192 -0.9010916014313446 -0.1219075841808506 0
3193 0.8500978805669335 -0.4769729834834054 0
3194 0.8587373355860108 -0.4716698965637137 0
3195 -0.09158902998781483 -0.9580991449367715 0
3196 -0.09192237749452614 -0.9482414846185325 0
3197 -0.9079262904408398 -0.1347455424430609 0
3198 0.9102684706883066 -0.2754757319508769 0
3199 0.001648423927613565 -0.9781953393422531 0
3200 -0.8920852872530982 -0.1002284051038855 0
3201 -0.7148685794089562 -0.6689232912339904 0
3202 0.595722022706844 -0.7727004090995462 0
3203 0.9409271572842816 -0.2150039717803585 0
3204 0.9500425521581121 -0.2195116236966333 0
3205 0.9493874796101577 -0.07651603608622462 0
3206 -0.8352641047141864 -0.2341296566004198 0
3207 -0.7237279672686221 -0.6543769930952933 0
3208 -0.7338415421793323 -0.6513607737052237 0
3209 0.2957265702350691 -0.8219340655112407 0
3210 0.5647609463545542 -0.659612890737353 0
3211 -0.9760720040698014 -0.0494432140556164 0
3212 -0.02341895404705174 -0.9553736671232161 0
3213 -0.02398935754418734 -0.9455218333559647 0
3214 -0.03489516920527114 -0.8732631835694917 0
3215 -0.04358385381765728 -0.8686970113242697 0
3216 -0.01508495239470043 -0.9698648717926288 0
3217 -0.01474895020507601 -0.9797883333145404 0
3218 -0.9275587885462186 -0.323664460854476 0
3219 0.8633009822378837 -0.1372413396399277 0
3220 -0.8890236060450586 -0.4117554287925157 0
3221 -0.07770721886657936 -0.8697133581393606 0
3222 0.889649564641702 -0.4007905986049413 0
3223 -0.8739386978632934 -0.1978174673415604 0
3224 0.6039923148254894 -0.767160848548081 0
3225 0.9006214472621119 -0.08710119962404492 0
3226 -0.94596449545854 -0.02867878178389065 0
3227 -0.7395552447835146 -0.4607465361955737 0
3228 -0.7311821920650099 -0.4657109971087723 0
3229 0.6972237815233955 -0.5241609286818545 0
3230 0.7053496986550779 -0.5186124181069903 0
3231 -0.3337489554914009 -0.9179379429275318 0
3232 -0.5956392625856275 -0.6346724979226536 0
3233 -0.9701428517611634 -0.1648299509910021 0
3234 0.8104877663264426 -0.5537934260661745 0
3235 0.9207344506837081 -0.3297294747361821 0
3236 0.6964845810407092 -0.5142375229404043 0
3237 0.9503482761690264 -0.2295067093162935 0
3238 0.3807575599367031 -0.7782082883978007 0
3239 0.8995277207272832 -0.02229637904692347 0
3240 0.907619764498643 -0.02623307798133272 0
3241 0.9071838382927927 -0.01678094809928433 0
3242 0.9153603797586709 -0.0210286352731259 0
3243 -0.9719308382036684 -0.1101207085477586 0
3244 -0.9373189239769912 -0.1296553778770143 0
3245 -0.3551906118450407 -0.7902380601510908 0
3246 0.935725615369994 -0.2789280974159372 0
3247 0.2449656641964578 -0.832973892484586 0
3248 0.274818180362593 -0.936784693730262 0
3249 0.9765233003770382 -0.04496792737414949 0
3250 0.9689408567907176 -0.04068811800221462 0
3251 0.9763727574149097 -0.03549573411701959 0
3252 0.968301129563014 -0.03119746681421293 0
3253 0.9759528899002399 -0.02594083618907855 0
3254 0.9457984086281265 -0.1177226610262666 0
3255 0.8340205072386873 -0.5078072789029107 0
3256 -0.8914340088439919 -0.09171618267074738 0
3257 -0.4743665058823572 -0.8537034500672799 0
3258 -0.7692996054367863 -0.6017508644584333 0
3259 0.2365310911215917 -0.8395122705819072 0
3260 0.2616921560783354 -0.8330433542118916 0
3261 -0.7590838581717502 -0.4318883351204927 0
3262 -0.7592302708781183 -0.4209501803010048 0
3263 -0.9576553253591016 -0.2007908817513461 0
3264 -0.9576508307246216 -0.1911855670651137 0
3265 -0.9488193886271384 -0.185903166419203 0
3266 -0.3426050860742301 -0.9227386132871325 0
3267 -0.9508021649170713 -0.06971463713405798 0
3268 -0.7964503314492541 -0.5669360320539606 0
3269 -0.7964186754422269 -0.5773289795538016 0
3270 0.9054988430139536 -0.3696465059478706 0
3271 -0.2244046331738152 -0.8394930951368583 0
3272 0.4307523588600379 -0.755606570123883 0
3273 -0.9238068813187867 -0.02266451872904113 0
3274 -0.7134419812533699 -0.5043854892755397 0
3275 -0.4919547994774888 -0.8443841003599798 0
3276 -0.9777894347547066 -0.03168962024561459 0
3277 0.2150607934740694 -0.9543746798505932 0
3278 0.2226247830965589 -0.9587258973887329 0
3279 -0.7420038295228113 -0.6348437850113086 0
3280 -0.7507731220913448 -0.6306222247940867 0
3281 -0.1255237345154364 -0.9692191263708871 0
3282 0.7136245374423091 -0.5039016414554154 0
3283 0.6872456120530848 -0.6939721415242089 0
3284 0.6955036897333209 -0.6884167298766708 0
3285 0.9283102125667623 -0.3260973647772923 0
3286 0.1166144061587429 -0.865695761897493 0
3287 0.3370025175432709 -0.8053160287015518 0
3288 0.7924055436146356 -0.3606999690121205 0
3289 0.7849191071093208 -0.3654132351018649 0
3290 0.3117489160064753 -0.8109698107723301 0
3291 -0.8078286379180777 -0.32982202943793 0
3292 0.8311626352438626 -0.2548825437804044 0
3293 0.832549783293785 -0.2640127913429666 0
3294 -0.8913303435955137 -0.1070935283209088 0
3295 0.4114136271831103 -0.8909260604539098 0
3296 0.8696472294647992 -0.05222388705223841 0
3297 0.897613404679428 -0.3855032642166848 0
3298 -0.1766503907150252 -0.9613879446100382 0
3299 -0.3297784150315574 -0.8034829402987221 0
3300 0.5243340473537135 -0.6963177648933243 0
3301 0.8622382383554338 -0.05841021862991042 0
3302 -0.8606218487336004 -0.1409744886904475 0
3303 -0.8600182418114759 -0.1501551025294707 0
3304 0.8165205068897364 -0.2928196163752064 0
3305 0.973333301880527 -0.1066411166045623 0
3306 0.1295639400521631 -0.9681997151553556 0
3307 -0.9250439108118116 -0.1327891793964515 0
3308 -0.8142540532717076 -0.5481862310361287 0
3309 -0.8146047278962152 -0.5383016870905681 0
3310 -0.9791528749749596 -0.02171349802873512 0
3311 0.9569246664846992 -0.2047407862064748 0
3312 -0.9841656114526458 -0.05464175539532225 0
3313 -0.965415144940297 -0.1962178211988841 0
3314 -0.9630161300868805 -0.1775521169882524 0
3315 0.1247175670271565 -0.8599189498629884 0
3316 0.1420538867137672 -0.858953851949885 0
3317 0.9728208744673013 -0.09733582341286832 0
3318 -0.06031477277380219 -0.8693098779369159 0
3319 0.3004619102445057 -0.9306604482780163 0
3320 0.1214846358847021 -0.9734785483442778 0
3321 -0.1808006601023554 -0.853175972080806 0
3322 -0.1720539556621557 -0.8481907869109867 0
3323 0.9382800411909984 -0.06913477857947146 0
3324 0.9304032229706052 -0.06568576662961538 0
3325 0.93205062604851 -0.1348779647699588 0
3326 0.9388230829328542 -0.138258742242653 0
3327 0.8248568173200476 -0.2607832285515874 0
3328 0.3772370303373292 -0.9029692237542939 0
3329 -0.8514945378983709 -0.4799784755501373 0
3330 0.9679355156396842 -0.02205930968978781 0
3331 0.9601553782783108 -0.02735484858628953 0
3332 0.01539613718781852 -0.869793746398441 0
3333 -0.5871769324747222 -0.6388421925938972 0
3334 0.9787979683640115 -0.08140665377887978 0
3335 -0.9380380665979589 -0.2792858451846966 0
3336 0.05338018283636729 -0.9777985507528968 0
3337 0.7451856862477149 -0.4522051085249768 0
3338 0.6725019301303851 -0.7158309761068662 0
3339 0.6628557049932136 -0.7200852769845476 0
3340 0.1056284211678684 -0.975655542024474 0
3341 -0.932049688572327 -0.01895187020415764 0
3342 0.6802079581405363 -0.5444066699644389 0
3343 0.06227446868706756 -0.9812815739709455 0
3344 0.04674378729201223 -0.983455738396684 0
3345 0.2839172539822641 -0.9417389379797996 0
3346 -0.1287200397682066 -0.8600955076648447 0
3347 0.8683407257580765 -0.03410264249630503 0
3348 -0.7955316102720904 -0.3525332673688262 0
3349 0.7212482895543286 -0.6630168082177237 0
3350 -0.9178459346708717 -0.3381979873636489 0
3351 -0.8507187306545086 -0.4893305924082157 0
3352 -0.9143330208372804 -0.1393786632063473 0
3353 -0.8985044186511291 -0.3868264734010305 0
3354 -0.8994345668440838 -0.3773188330698296 0
3355 -0.6314219041804874 -0.5953398277769014 0
3356 -0.6226711405032581 -0.6004637474543029 0
3357 -0.7604472697342485 -0.6161805572760888 0
3358 -0.3948954236714907 -0.895074959325926 0
3359 0.08273625899964 -0.867143579273572 0
3360 0.006777742319054606 -0.8664248579723097 0
3361 0.02180112246499326 -0.8643987289340281 0
3362 0.9652476205660674 -0.1984938837293853 0
3363 0.9631707235017336 -0.1901470486536585 0
3364 -0.2293904122661188 -0.9549242471851507 0
3365 -0.2204480801303155 -0.9585838522874837 0
3366 -0.9713605030474552 -0.1278669366989195 0
3367 -0.816557970579447 -0.3040458954565224 0
3368 -0.8250305125926581 -0.2994058447213035 0
3369 -0.8166577650764264 -0.2941875535827937 0
3370 -0.825374164942649 -0.2894307112243291 0
3371 0.9290360976164489 -0.02063851318481924 0
3372 0.7473418099453166 -0.6364024696051517 0
3373 -0.9477113657285436 -0.2448612787828552 0
3374 0.4054437063874312 -0.7614370060399187 0
3375 -0.5814680515282977 -0.7899369119787832 0
3376 0.581694078260774 -0.6490524960131482 0
3377 0.8942896970148076 -0.1175477278492821 0
3378 0.7203058519311203 -0.6732859528681894 0
3379 0.7302958876083453 -0.6582608420070765 0
3380 0.7119241568120289 -0.6784197999174996 0
3381 0.9586195208088921 -0.09163665763453961 0
3382 -0.7135707616888519 -0.6790936017264979 0
3383 -0.8800255119091581 -0.4365110719202663 0
3384 -0.8788117038888449 -0.4467610753876233 0
3385 0.9441849525140766 -0.2734436401842165 0
3386 0.6712280208689274 -0.7254252731152293 0
3387 -0.9457621503110294 -0.1275592966674499 0
3388 -0.3465941663900933 -0.7946760206180972 0
3389 0.8249154126857194 -0.279028468471255 0
3390 0.9757649992974908 -0.01626759223007822 0
3391 0.6048907061647049 -0.7772078522862267 0
3392 0.9751210501290006 -0.1253168976074876 0
3393 -0.6521732848884643 -0.7316052867001495 0
3394 -0.652500950145642 -0.7213681418581577 0
3395 -0.6609045368700502 -0.7266166383367091 0
3396 -0.6612932040493669 -0.716675678363314 0
3397 -0.6690793224822271 -0.721750205304543 0
3398 0.8625539576841319 -0.06649363377133 0
3399 -0.155439761681077 -0.857458139484891 0
3400 -0.8889727082392157 -0.4217098461846304 0
3401 0.6294754770041103 -0.751571579646422 0
3402 -0.7690664147463935 -0.3968687602086747 0
3403 -0.76878962900323 -0.3861239144272663 0
3404 -0.9167893576936372 -0.1476661259622771 0
3405 -0.2725960559635314 -0.9406592864261281 0
3406 -0.2637599881672059 -0.9458067058755053 0
3407 -0.8165093890602118 -0.2849905518158247 0
3408 -0.8252362731562098 -0.2794256592870421 0
3409 -0.8248470194006863 -0.2688505578262329 0
3410 0.8822913482943223 -0.4262483370781587 0
3411 0.8905680773882665 -0.420960505749936 0
3412 0.8816654959834866 -0.435930873392983 0
3413 -0.6796949704842536 -0.7088262071468092 0
3414 -0.8382627643908223 -0.2254490328028222 0
3415 0.8268536429718298 -0.5332464371331623 0
3416 0.8347294229106517 -0.5270368855618461 0
3417 -0.9156862690419679 -0.2042862461018116 0
3418 -0.9240098923531038 -0.199682536572766 0
3419 0.6550299534151044 -0.5692752435209725 0
3420 0.6656922838127747 -0.5657131115803151 0
3421 0.6470769678783095 -0.5769359776324618 0
3422 -0.9830279314488677 -0.06432750587564418 0
3423 0.7692947779227317 -0.4062736903791533 0
3424 0.768965765809639 -0.3960555715151247 0
3425 0.7613919103447473 -0.4123319626542696 0
3426 0.9700156483138727 -0.1570709218647622 0
3427 0.969922664500956 -0.1666075914685255 0
3428 0.9625647107843855 -0.1716114570579503 0
3429 0.9587463916503809 -0.2146226593184359 0
3430 -0.2681888717891386 -0.8250591191521638 0
3431 -0.2775404372444334 -0.8213565101282068 0
3432 0.9805609306615239 -0.1010711227049715 0
3433 0.9383927821989537 -0.06063516805488191 0
3434 -0.813505628831119 -0.5579252535615651 0
3435 0.9448882155972977 -0.01946885149694425 0
3436 0.9599869102633622 -0.01712713932817462 0
3437 -0.4706846679573684 -0.72959576848423 0
3438 -0.3072744375854423 -0.9322473117991843 0
3439 -0.8960716792091172 -0.07874249278114508 0
3440 -0.3162417816634386 -0.9388351069183999 0
3441 -0.8345298439396858 -0.5192593482714124 0
3442 -0.831510993757588 -0.5282942428004059 0
3443 -0.6130031929631349 -0.6140132042005316 0
3444 -0.8529874430781678 -0.1440880874237733 0
3445 -0.8518364969362314 -0.1528811481659807 0
3446 -0.9464302197531455 -0.01941941514143785 0
3447 -0.9548009833562809 -0.01496644470348996 0
3448 -0.9067625289755791 -0.2086655345198866 0
3449 -0.8538390875053201 -0.09679764101132549 0
3450 -0.8989127450327148 -0.3975333758020612 0
3451 -0.8559502419657983 -0.0867237936077008 0
3452 -0.3515564759108035 -0.9185163459746717 0
3453 -0.05036158194304329 -0.9026156581658211 0
3454 -0.9153607555327744 -0.1572486414765646 0
3455 -0.9072579955920071 -0.1612823668535402 0
3456 0.9377966602242725 -0.1588370279021356 0
3457 0.9381364593475865 -0.1680019863127492 0
3458 0.9366757961347751 -0.1506329950390799 0
3459 -0.05177198650842488 -0.873534188012708 0
3460 -0.05175772045009112 -0.8646067794885132 0
3461 0.9149804358437319 -0.01039474451832706 0
3462 -0.8501914749421964 -0.1725425649452939 0
3463 -0.9211856637316038 -0.04944384680183915 0
3464 -0.65058857469531 -0.7419386054339501 0
3465 -0.6417062271599704 -0.746305395593669 0
3466 -0.009273369707483657 -0.8660656727466364 0
3467 -0.01831848734207925 -0.8641594427721322 0
3468 -0.9152212279917249 -0.1943952325805332 0
3469 -0.9515989447531268 -0.06126001060139384 0
3470 -0.9435276680000453 -0.06462926363692402 0
3471 -0.9363059803780798 -0.05970677648821708 0
3472 -0.9280863062838133 -0.06422203203026301 0
3473 -0.5339889108736818 -0.6866350041931338 0
3474 -0.5249822321405812 -0.6906192829610857 0
3475 -0.5361597072785647 -0.6781296158910076 0
3476 -0.5882724122260279 -0.6272887265524094 0
3477 -0.9148983599242937 -0.2236128767821313 0
3478 -0.907068562077528 -0.1706652570183214 0
3479 -0.8849645133232122 -0.1283680120024716 0
3480 0.8866238243136788 -0.1314926315330544 0
3481 0.8871542028418338 -0.1406195793774348 0
3482 0.8951101217441002 -0.1450822977103821 0
3483 0.8975686393557494 -0.1545284506814771 0
3484 0.8957468904408115 -0.1357802430150722 0
3485 0.9036064548933468 -0.1479948413780736 0
3486 0.8965665872979658 -0.1643740320568379 0
3487 0.9047634957501756 -0.1692941683718439 0
3488 0.6805078670292912 -0.5356063382356092 0
3489 0.6706323664922321 -0.548105870364435 0
3490 0.6787130343498992 -0.5548572769048674 0
3491 -0.7888714686945018 -0.3575252183434986 0
3492 -0.7867037604348961 -0.3670528125838325 0
3493 -0.7945385633526165 -0.3418816536616393 0
3494 -0.8048832956189507 -0.3464386293130099 0
3495 0.02496104487514784 -0.8732318248750359 0
3496 0.03391068497385059 -0.871382187933207 0
3497 -0.0728652907508829 -0.8551177434368192 0
3498 0.07259324045801201 -0.8555614547091434 0
3499 0.06791550135795735 -0.8637086713303616 0
3500 0.05766691283609113 -0.865456883178235 0
3501 -0.8986730451414624 -0.4158385402241125 0
3502 0.3854139642511887 -0.8972637614778751 0
3503 0.386764359858111 -0.9066044291798134 0
3504 0.3695117479666474 -0.909855046688526 0
3505 0.8912175207913389 -0.01720926065126476 0
3506 0.2316280668935122 -0.95461048629417 0
3507 0.6302584870870523 -0.7637640798123615 0
3508 0.6196926349309499 -0.7669693425519439 0
3509 0.8526245783848557 -0.1160926568614388 0
3510 0.8491054259173537 -0.1262077616837903 0
3511 -0.8511854673796545 -0.1157351901413644 0
3512 -0.8597904513423779 -0.1117513898099079 0
3513 -0.8507032367573238 -0.1273462085829127 0
3514 -0.8559183715409839 -0.06566915679176584 0
3515 -0.8567415558925402 -0.05544271662088228 0
3516 -0.8647906540414925 -0.0604670443995308 0
3517 -0.8578909308156273 -0.03518287958180858 0
3518 -0.8666523363847404 -0.03041558294134667 0
3519 -0.8674742411540808 -0.0213012887622367 0
3520 -0.875400787862459 -0.0259655158357133 0
3521 -0.8747579701280542 -0.03593739245326082 0
3522 -0.8831648650869323 -0.03170350337138711 0
3523 -0.8838691546235623 -0.02133352118610832 0
3524 -0.8920052739218481 -0.02645605258440225 0
3525 0.72105302435496 -0.6530592411174394 0
3526 0.7299200190394363 -0.6483737695307754 0
3527 0.7370381636627232 -0.6534599636880929 0
3528 0.728871437182868 -0.637900194463636 0
3529 0.8786283349574009 -0.0831723518599467 0
3530 -0.8880756968416609 -0.08374443519142216 0
3531 0.9437294582745186 -0.1446328292298289 0
3532 0.8460864713991439 -0.1454869344493792 0
3533 0.8445039181328338 -0.1552851482709385 0
3534 0.8514906814606876 -0.1621108457197266 0
3535 0.850064228281862 -0.1716244345879936 0
3536 0.8580050837760282 -0.1683294038173024 0
3537 0.854784336614603 -0.1524959569115625 0
3538 0.8407915375363162 -0.1750018656363839 0
3539 0.8484995031031228 -0.1815984990063312 0
3540 0.8391037099329078 -0.1847944037214677 0
3541 0.846844864050152 -0.1914360652104865 0
3542 0.843863700388044 -0.2016381787688168 0
3543 0.8338135544495615 -0.2048211242808469 0
3544 -0.4699903882540684 -0.7197028246678144 0
3545 -0.4617558391622835 -0.7348040273251966 0
3546 -0.4525753527357668 -0.7300378761042575 0
3547 -0.09337223501821608 -0.8534367293910254 0
3548 -0.1027540260872224 -0.852443130230146 0
3549 -0.1085684415246251 -0.8604986211090458 0
3550 -0.1181625609165004 -0.859439983072845 0
3551 0.09262904015953158 -0.853445012341999 0
3552 -0.4440412273003914 -0.73498856178649 0
3553 -0.8661072535531467 -0.04051950615592623 0
3554 -0.05139992000293007 -0.8831659298005827 0
3555 -0.05976650916656641 -0.8882988761689383 0
3556 0.07336266541118043 -0.8717873964014238 0
3557 0.9154498543004628 -0.03057051967495657 0
3558 -0.8406044920446877 -0.1755972356995652 0
3559 0.3518284965127803 -0.918644305961861 0
3560 0.3436175301963855 -0.9231804772042989 0
3561 -0.8847186435343166 -0.1375615051187223 0
3562 0.638404909876493 -0.7470904495546016 0
3563 -0.9867655304662081 -0.1029788177122177 0
3564 -0.92352422428838 -0.1624150468824849 0
3565 0.9538337400452874 -0.06920758287918144 0
3566 0.9345611418386782 -0.007964665176041542 0
3567 -0.9337000862622135 -0.00966242999937599 0
3568 0.8884642287840461 -0.1596392065750722 0
3569 -0.9879630162425564 -0.0836479571725272 0
3570 -0.9801910141135417 -0.0785329366744406 0
3571 -0.8966329025412102 -0.06148173627242338 0
3572 -0.554422785649103 -0.8021958513365597 0
3573 0.818242670955069 -0.5492850892047205 0
3574 0.8543513412431142 -0.08536265495610477 0
3575 0.1022133573229691 -0.8520026107824992 0
3576 -0.9842603484572555 -0.1217697119144715 0
3577 0.04359515344978018 -0.9743729492723876 0
3578 0.03468586682261748 -0.976544321861603 0
3579 0.3851557995331247 -0.8871935042873249 0
3580 0.3849061199569787 -0.8771954271490238 0
3581 0.3759119193533172 -0.872681936476845 0
3582 -0.6408596478744415 -0.5819796086998661 0
3583 -0.9399174961565621 -0.1454141557918651 0
3584 0.08332686840269708 -0.8867882624800424 0
3585 -0.9805818164340474 -0.1422714980751593 0
3586 -0.9721788805450108 -0.1459777777342433 0
3587 0.9815438929385132 -0.1411225801538041 0
3588 -0.8716175432159909 -0.2166917129107357 0
3589 0.8938740054182737 -0.1267362514267015 0
3590 0.859634713584092 -0.01495876494868483 0
3591 0.867003851988091 -0.02037843095869402 0
3592 -0.1223890732649048 -0.8503858612300059 0
3593 0.8895933474592526 -0.1881332809796953 0
3594 0.8976061587475306 -0.1830596184316192 0
3595 -0.8338029291689105 -0.2047202828368294 0
3596 -0.8443354189142553 -0.2027766694591383 0
3597 -0.8410219886820436 -0.2118335829359065 0
3598 -0.8457249805918254 -0.1921489163944016 0
3599 0.8885337227924049 -0.169121205203492 0
3600 -0.0678588820482801 -0.903281316351904 0
3601 0.8757432665288604 -0.0184828272767787 0
3602 0.8288648091659865 -0.2242704466409687 0
3603 0.8389834926913433 -0.2216011606048853 0
3604 0.8357298133401172 -0.2314949433328437 0
3605 0.8264034746012979 -0.2339315678261837 0
3606 0.8335211216027174 -0.2409082192022034 0
3607 0.8419543343980516 -0.2379324425531061 0
3608 -0.2216868453477467 -0.8299309698859169 0
3609 -0.4262541542971575 -0.7452094992266567 0
3610 -0.6025038204888955 -0.6115196970040186 0
3611 0.5184611495274637 -0.6841113802167202 0
3612 0.3263060785166059 -0.7936737459127807 0
3613 0.326256849533769 -0.803568808038156 0
3614 0.2212333874127781 -0.8292565200259483 0
3615 0.2184514802343025 -0.8401501726700132 0
3616 0.2078188579462323 -0.8409070127178908 0
3617 0.1993020558513811 -0.8420576341652004 0
3618 0.1933603672186082 -0.8477350292521193 0
3619 0.4264782031848378 -0.7462920302684817 0
3620 -0.6761694942762153 -0.5289581100698579 0
3621 -0.6796968807943999 -0.5379572467539779 0
3622 -0.6738055949814191 -0.5459152477335796 0
3623 -0.663847765475259 -0.5447217253510876 0
3624 -0.6671349825804307 -0.5534531016008719 0
3625 -0.6574492698980694 -0.5524528959477158 0
3626 -0.6602573400536464 -0.5621965478973142 0
3627 0.7388166366283255 -0.4376098166317405 0
3628 0.7484855712997944 -0.4370185839404773 0
3629 0.7540263557710011 -0.4275381809408511 0
3630 0.7481678309193442 -0.419311682100555 0
3631 -0.7387608347893002 -0.4374309706875113 0
3632 -0.743539308925978 -0.4458817515604972 0
3633 -0.7496313737723244 -0.4369464517431262 0
3634 0.7890839191172436 -0.3384331211669305 0
3635 0.7989523266172958 -0.3374825966854697 0
3636 0.7948407428565909 -0.3458738450939874 0
3637 0.8030264745008466 -0.3291195573821196 0
3638 0.602450282798325 -0.6117776376037389 0
3639 0.6065888407508276 -0.6219484854890193 0
3640 0.613091558130187 -0.6132900132082872 0
3641 0.620160119926586 -0.6058835590904084 0
3642 -0.1420666553499389 -0.8465670048999169 0
3643 0.1418066799843574 -0.8481449003413329 0
3644 0.1228545365610827 -0.8501356133351857 0
3645 0.2793408649201439 -0.8117932679770025 0
3646 0.27013851755111 -0.8151362199062773 0
3647 0.2686595156083312 -0.8254788382748511 0
3648 0.656129271118572 -0.5516296078837761 0
3649 -0.7760303556035276 -0.3662540863937996 0
3650 -0.7117160667643694 -0.4795471274701704 0
3651 -0.7065011814810386 -0.4892994387548421 0
3652 -0.643607278986406 -0.5670521797370796 0
3653 -0.3813661491058094 -0.7688714206992601 0
3654 -0.3902223229330535 -0.7730678883979781 0
3655 -0.3723166919482456 -0.7732159235279271 0
3656 -0.3725454821120668 -0.782285919008222 0
3657 -0.399325732927394 -0.7599629057836307 0
3658 -0.4081692299839038 -0.7549958323682167 0
3659 -0.4171906671383411 -0.7596045074735202 0
3660 -0.493830820655477 -0.7019402923136001 0
3661 -0.4958024379045332 -0.7107066283732859 0
3662 -0.501905668635372 -0.6959653723108162 0
3663 -0.5110585330101952 -0.700732948464488 0
3664 -0.1920414206841335 -0.8370097863423211 0
3665 -0.2016545130967012 -0.8345447071423174 0
3666 -0.208826043694026 -0.8401028925557142 0
3667 0.4941104056577085 -0.7022168728655075 0
3668 0.4964508388174528 -0.7127079100354879 0
3669 0.5031704459809576 -0.6975316907734439 0
3670 0.768296719047307 -0.3853585492624581 0
3671 -0.2982527585572154 -0.8046729037267111 0
3672 -0.3081464371968555 -0.8015398633723804 0
3673 -0.3154016771386834 -0.8081581626850257 0
3674 0.1721435287417626 -0.8411372234276966 0
3675 0.1790210469128453 -0.8486183557538791 0
3676 0.1691852941312504 -0.850698179388493 0
3677 0.298105250977684 -0.804962665747792 0
3678 0.3080793036624438 -0.8018760337934168 0
3679 -0.5653991736950582 -0.64614286558462 0
3680 -0.5743593057655147 -0.6494244788929293 0
3681 -0.5674564295638402 -0.6559339537429538 0
3682 -0.5579150398698993 -0.6526907504804945 0
3683 -0.5597876039839872 -0.6625544167577093 0
3684 -0.5695444256156283 -0.666227969883501 0
3685 0.5660655394786241 -0.6473298850230065 0
3686 0.8106575349904157 -0.2831610651304993 0
3687 0.5804333193340698 -0.6320488813224144 0
3688 0.5879287628560976 -0.6254455581365385 0
3689 0.4775908987622825 -0.7136240235646372 0
3690 0.4694112016566095 -0.7191334361138618 0
3691 0.4704804672367668 -0.7288795584656753 0
3692 0.7226066286361249 -0.4629846608522417 0
3693 0.7282536426495596 -0.4718908583008422 0
3694 0.7281864961912154 -0.4548968978018439 0
3695 0.7114566515129013 -0.4794535846420567 0
3696 0.7060824504530224 -0.4889866258529677 0
3697 0.5342498514602628 -0.6716522565279784 0
3698 0.5358030349529729 -0.6815799710027368 0
3699 0.5420511496728843 -0.6653396994594296 0
3700 0.5502028282927636 -0.6695522539730577 0
3701 -0.2405798327183915 -0.823735813888861 0
3702 -0.23936352888778 -0.8334504306090789 0
3703 -0.2502243596649779 -0.8208368682568558 0
3704 -0.2573966279425579 -0.8292567707324584 0
3705 0.2399920497675257 -0.8240165597360289 0
3706 0.2505068227792817 -0.8213395813297997 0
3707 0.4450384367148945 -0.7364806110677816 0
3708 0.4435044219179273 -0.7452890826150474 0
3709 0.4530943671160018 -0.7298088118703656 0
3710 -0.748533030736772 -0.4200284679492413 0
3711 -0.7539040244440931 -0.4113511552445142 0
3712 -0.7623905042916587 -0.4114419488952907 0
3713 0.3449480386008466 -0.7862979589090463 0
3714 0.3545713465556272 -0.7823856513483809 0
3715 0.3439441423771954 -0.7978184711666026 0
3716 -0.6882210503109065 -0.512978170114832 0
3717 -0.6934481673428518 -0.5226619175808991 0
3718 -0.6940176492748914 -0.5054440876975451 0
3719 -0.8252148438852984 -0.2343119163885595 0
3720 -0.8202069222569133 -0.2532174948881727 0
3721 -0.8288244192869444 -0.2497072722501052 0
3722 -0.7296342246806123 -0.4554351910073992 0
3723 -0.8000036738404745 -0.3106168675598064 0
3724 0.6235905064261897 -0.5900640610483346 0
3725 0.6327383109129694 -0.5917887087983466 0
3726 0.6396636983718906 -0.5842744830138614 0
3727 -0.5419954142983781 -0.664836774238816 0
3728 0.8005214025988368 -0.310808302891815 0
3729 -0.1624389446764672 -0.8433002755213785 0
3730 0.1623489712468079 -0.8431069028670004 0
3731 0.1597244311132935 -0.8523239779439629 0
3732 -0.0433128332515948 -0.8588375042939832 0
3733 -0.05910869097152662 -0.8980690600462287 0
3734 -0.9324780719906235 -0.2049761595839854 0
3735 -0.9327971998145114 -0.1954034973160424 0
3736 -0.9411022723352294 -0.1907713950853489 0
3737 -0.940101911387461 -0.1810136107284323 0
3738 -0.7960388908077928 -0.319975103686637 0
3739 0.8939875402916304 -0.06331953815815455 0
3740 0.04361116354272264 -0.8568745568317468 0
3741 -0.2285385408579677 -0.9645223622502417 0
3742 -0.2386972433712759 -0.9511189715260995 0
3743 -0.2483500451796043 -0.9569407730081826 0
3744 -0.8844483011285712 -0.01024570264016885 0
3745 0.8859847512879658 -0.008434288616683674 0
3746 -0.8707329045694223 -0.2364793926268303 0
3747 -0.545856144285591 -0.7969875205932185 0
3748 -0.5373420758977495 -0.7917433616013226 0
3749 -0.5378243265200199 -0.7817295530669255 0
3750 -0.8597128891317998 -0.0151897531270167 0
3751 -0.02505725995079069 -0.9063208140695386 0
3752 0.954581081696952 -0.08211941727583354 0
3753 -0.9147423116726938 -0.008498795296758014 0
3754 -0.9050133478647679 -0.008535335176593824 0
3755 -0.9099798188583518 -0.01672109557530096 0
3756 -0.9000799042683705 -0.01710847102511196 0
3757 0.02517925323164694 -0.9042458855405519 0
3758 -0.8242094857153708 -0.5349079289013615 0
3759 -0.5624282383749832 -0.8073937676926537 0
3760 -0.5713676499904252 -0.8028354629651855 0
3761 -0.7983448037346961 -0.5276610021331885 0
3762 -0.7899126653884707 -0.5223694161348935 0
3763 -0.04182675205880337 -0.9070976418725254 0
3764 -0.8796031293966942 -0.2319250410276662 0
3765 0.7970654983977301 -0.3203499113469338 0
3766 0.6167072768566264 -0.5971292817165048 0
3767 -0.8703475025787 -0.2464403644618214 0
3768 -0.9801548447032188 -0.08804817991667457 0
3769 0.6371008917562728 -0.5751102155490175 0
3770 -0.9762781881059522 -0.01027074863066291 0
3771 -0.9001384529939638 -0.1300945557681476 0
3772 -0.07659851152522366 -0.898691721922972 0
3773 0.4237692060039362 -0.7908475193362273 0
3774 0.4153773876123076 -0.7962435049797101 0
3775 0.6775268026927921 -0.6694874778149178 0
3776 -0.3898282909408169 -0.8109571424954273 0
3777 0.09206361310748949 -0.8912711345179437 0
3778 -0.02735732567369787 -0.8668088219600836 0
3779 -0.05065688840461861 -0.9123656753518998 0
3780 -0.001381411547368575 -0.8715821615900691 0
3781 0.4405210275676408 -0.7801298528145971 0
3782 0.6951726250166926 -0.6786293100001105 0
3783 0.7040123674084361 -0.6832550248738345 0
3784 0.8330609910849252 -0.477991125367703 0
3785 0.8242333410647003 -0.4733955842974146 0
3786 0.8237943446067694 -0.4634557504858275 0
3787 0.6276045430360365 -0.7116581485966293 0
3788 -0.89613459593522 -0.07002620455295096 0
3789 -0.7153207207267748 -0.6589679455341974 0
3790 0.09300832184099755 -0.9108967344553016 0
3791 0.08427937431576445 -0.9064213562696076 0
3792 0.8593885099059579 -0.03482532980860312 0
3793 -0.8654536131875947 -0.05056626946733687 0
3794 0.9894258076454828 -0.06406616481764922 0
3795 0.980606461754287 -0.06801879181497573 0
3796 0.9905389844646668 -0.05459537907878498 0
3797 0.645247957935897 -0.7208305878495503 0
3798 0.6540980459709452 -0.7254205010062247 0
3799 0.07603200229226616 -0.9117424283535578 0
3800 -0.2584106660912864 -0.8606382885883186 0
3801 -0.2496246490813454 -0.8652856754183235 0
3802 -0.7430181738954933 -0.615222816080605 0
3803 -0.734588364721407 -0.6099092116526377 0
3804 -0.194538713358758 -0.9526851963061211 0
3805 -0.1933012006468465 -0.963018898580116 0
3806 0.05288300992169263 -0.8567118638534108 0
3807 0.04764047439448733 -0.8652006604123059 0
3808 0.9029110140345442 -0.3006158040096938 0
3809 0.05046982229725532 -0.9080716317763654 0
3810 0.04187470270986696 -0.903583790371782 0
3811 -0.9051557812087407 -0.237995823408281 0
3812 -0.9047716752385664 -0.2479242352891211 0
3813 -0.9135934504394161 -0.2433746251205725 0
3814 -0.9043544304739333 -0.2578822874920108 0
3815 0.7685433998033673 -0.5805768712834809 0
3816 0.7772746336010472 -0.5851662254595875 0
3817 0.7270352132242424 -0.6173948959878183 0
3818 0.8185005432956409 -0.5388906729196732 0
3819 -0.8801376708545964 -0.4263691626777844 0
3820 -0.1953473194251384 -0.9328925907157404 0
3821 -0.1957289284754969 -0.9229624088731769 0
3822 -0.6701371181036826 -0.712005679283592 0
3823 -0.6616951749938699 -0.7067193733300476 0
3824 0.9056367431377097 -0.1784617153904982 0
3825 0.1280300083214448 -0.9289549751643402 0
3826 0.1196941504754675 -0.9342674782778136 0
3827 0.1368215351697814 -0.933530502013618 0
3828 0.1284760223813706 -0.9388830871855511 0
3829 -0.4957215301069447 -0.755164309031825 0
3830 -0.08609198654366525 -0.8744630251091765 0
3831 -0.08545148181247038 -0.8651640191987231 0
3832 -0.8633411066405576 -0.4156817798387378 0
3833 0.8007749732120197 -0.5293177579310406 0
3834 0.1354109206717145 -0.9038675383531666 0
3835 0.1437587838500066 -0.8984611998055096 0
3836 -0.7069378953410543 -0.6536720310128166 0
3837 0.2317416836224473 -0.9341935535654362 0
3838 0.1456252501697695 -0.9381081448952706 0
3839 0.9242516018568754 -0.215839579439332 0
3840 -0.3523441215753763 -0.8891595490676426 0
3841 -0.3439247176055545 -0.8838515244786878 0
3842 -0.3607888148856285 -0.8944588188372286 0
3843 -0.3603447101788854 -0.9043352727455951 0
3844 -0.3690742388733449 -0.8997623042436131 0
3845 -0.3689391061938784 -0.9097366831561879 0
3846 -0.3778376143244304 -0.9047789075976278 0
3847 -0.3875761417420152 -0.909578601236098 0
3848 -0.3856749540867082 -0.8991845100528549 0
3849 0.152118476671984 -0.8930424641348514 0
3850 -0.5992329365088913 -0.7590410252422123 0
3851 -0.5987118897771756 -0.7687511038653709 0
3852 -0.8738051510256595 -0.3712709477560587 0
3853 0.2661853529367382 -0.9325227255539261 0
3854 0.266511056273768 -0.9423714123959211 0
3855 -0.8943603581226748 -0.2923971107350137 0
3856 -0.2933444893259506 -0.8519829090522715 0
3857 0.7919417919610583 -0.5247288165765019 0
3858 -0.8549318780454884 -0.4103537773489037 0
3859 0.05213002305498619 -0.9472140913640539 0
3860 0.04341622282964584 -0.9426853253723078 0
3861 0.03510333996269271 -0.9479955264735465 0
3862 0.0264066006245522 -0.9434342401879856 0
3863 0.01808555766465642 -0.9487331973138757 0
3864 0.009399532460032176 -0.9441732270076875 0
3865 0.001054949358516885 -0.9494894503364721 0
3866 -0.007515957168080231 -0.9448716410986435 0
3867 0.0007783959202138756 -0.939595321635909 0
3868 0.01779958449948822 -0.938854955686248 0
3869 0.03476741942979047 -0.9381287620165373 0
3870 0.06043553143939667 -0.9419034574037579 0
3871 -0.3443415982003436 -0.8738916317631508 0
3872 -0.1174015853522869 -0.9447065483272814 0
3873 -0.109085751389318 -0.9392910538090491 0
3874 -0.04085752847491605 -0.9462664234609984 0
3875 0.05174001005033828 -0.9373774474406318 0
3876 0.8887652946544027 -0.3709287932665375 0
3877 0.8799454800412285 -0.3663420714835802 0
3878 0.8715560320750078 -0.3716991049656386 0
3879 0.8711201374078105 -0.3617617160033075 0
3880 0.8795124332645804 -0.3564068458019492 0
3881 -0.02632405050861535 -0.8773299897503547 0
3882 0.6686887433388071 -0.6648989731873006 0
3883 -0.1391029655507113 -0.8561727215288579 0
3884 0.6187662083192618 -0.7070700779961846 0
3885 0.2657656405905812 -0.9226393961174276 0
3886 -0.6448569105694881 -0.6960935680451407 0
3887 0.2653254032555591 -0.9127054682996315 0
3888 0.8980436043795824 -0.1926713433664337 0
3889 -0.1261842304840192 -0.9400669211688181 0
3890 0.6770922458857944 -0.6595236442519599 0
3891 -0.7514469571956512 -0.6205006722669445 0
3892 -0.7592323472381245 -0.6271866441308958 0
3893 -0.7698003158286417 -0.6127090889472762 0
3894 -0.5555666687988144 -0.7723633885622632 0
3895 0.1525923704714759 -0.9029814747936848 0
3896 0.5772574582870852 -0.7438621689146846 0
3897 -0.7434118457295812 -0.6052759161183275 0
3898 -0.7349849312823544 -0.5999592748862949 0
3899 0.5329676393255276 -0.7209778255871593 0
3900 -0.3109852834622421 -0.8426876810820347 0
3901 0.6271641300297692 -0.7016965805358171 0
3902 -0.9127861883532853 -0.2632533666203998 0
3903 -0.8894272451770348 -0.4018606905993428 0
3904 0.7689635744359459 -0.590531353213724 0
3905 0.7778035554321875 -0.5949829599498069 0
3906 0.7691955601526167 -0.6001234217005842 0
3907 0.678673696064757 -0.6990446863219517 0
3908 0.2922960497702816 -0.9363754835859021 0
3909 -0.3266902625679772 -0.88318270263667 0
3910 0.8018071539546053 -0.5586921817127265 0
3911 0.01675796923348914 -0.9095789053937333 0
3912 0.008256538134504639 -0.9049156536866512 0
3913 4.148037955795277e-05 -0.9101786893828514 0
3914 -0.60920916125993 -0.7246109890798378 0
3915 0.8246654922616335 -0.483348931203161 0
3916 0.815837611885692 -0.4787573706152159 0
3917 -0.8702190954057897 -0.451301669941134 0
3918 -0.3247753930193386 -0.9225068146882716 0
3919 -0.2990326875398543 -0.9268694066385414 0
3920 0.6290876363655156 -0.7417346737422227 0
3921 0.7504077866266087 -0.5614762846938089 0
3922 0.7588037962377419 -0.556115079952152 0
3923 0.84181999336798 -0.4825223850840827 0
3924 0.8521674694197297 -0.4869032767360066 0
3925 0.2312937301777225 -0.9242448112426644 0
3926 0.9033560099193149 -0.310538611900011 0
3927 -0.8826291557327044 -0.3666471571151423 0
3928 -0.8847062683869742 -0.3168807149728783 0
3929 -0.893532375582802 -0.3122714798570507 0
3930 0.2279570929769437 -0.8447486590612364 0
3931 0.2282730673550109 -0.8545782631861154 0
3932 -0.5490452768619651 -0.7172863338121672 0
3933 -0.8947782790148066 -0.2824175904864255 0
3934 -0.6342424717370119 -0.740518916657432 0
3935 -0.7353879869127971 -0.5899961233134702 0
3936 -0.1627940333257989 -0.8819004840828286 0
3937 0.7359143164865225 -0.6219160185908904 0
3938 0.7265555811196416 -0.6074334537893227 0
3939 0.9875690752464302 -0.08491792092031508 0
3940 0.8899502465045442 -0.4107834373147804 0
3941 0.8992762292908194 -0.4151961535455315 0
3942 0.2224434628492437 -0.9196688559268797 0
3943 -0.6989294743614761 -0.6384014504072879 0
3944 -0.8717447818992659 -0.4210169685773384 0
3945 0.7093150537430255 -0.608206942814983 0
3946 0.7256608722313904 -0.5875233663667867 0
3947 0.7596899730811948 -0.5760179253665586 0
3948 0.7592485457035555 -0.5660649677269562 0
3949 -0.8653966122335716 -0.3659286305814144 0
3950 0.1114105855556409 -0.9396343520123047 0
3951 0.6699906153316403 -0.694704141854819 0
3952 0.5497744759142273 -0.7102232333618053 0
3953 -0.3535471257994358 -0.8592839156641021 0
3954 0.8350067772094627 -0.3233525728556383 0
3955 0.8438217315478989 -0.3279816135556695 0
3956 0.8442384050240959 -0.337933349701327 0
3957 0.8358349825589771 -0.3432561140033621 0
3958 0.8362627680006672 -0.3531993112344483 0
3959 0.8278548314041569 -0.3585593257351289 0
3960 -0.3359077681751598 -0.8685788574633506 0
3961 0.7583609925679513 -0.5461598243963274 0
3962 0.8114637578320874 -0.3792344511722601 0
3963 0.8118934209492703 -0.3892002709022153 0
3964 0.9913203840982909 -0.03487300932215853 0
3965 -0.9915426607160003 -0.03437842826363828 0
3966 0.4424713261513026 -0.819841361444922 0
3967 0.4429168698510224 -0.8298040459779095 0
3968 0.4345261164750179 -0.8351730491950358 0
3969 0.4256713901158599 -0.8305824872085612 0
3970 0.4172740034166807 -0.835951466486663 0
3971 0.417730652478464 -0.8459161787985752 0
3972 0.4093388933521313 -0.8512823657112367 0
3973 0.4592628141616238 -0.8090995815862636 0
3974 0.4597083009663113 -0.8190632966704366 0
3975 -0.8523454474444876 -0.4700524116382856 0
3976 -0.8608468704511674 -0.4765838671590468 0
3977 -0.8692503391976723 -0.4709390833683867 0
3978 0.4196328883215514 -0.8853043682841694 0
3979 -0.7747196910790961 -0.4718638209750978 0
3980 0.486850235370457 -0.8426262697231286 0
3981 0.4955409764607275 -0.8474310727655947 0
3982 0.5038674490436521 -0.8422163261048357 0
3983 -0.8280417465755189 -0.4341920853003621 0
3984 -0.7201367394817896 -0.5395100756358581 0
3985 -0.4830871495963134 -0.8489033011137759 0
3986 -0.4829584680826806 -0.8593392664330853 0
3987 -0.465531740937586 -0.8582853431430628 0
3988 -0.4663482557454695 -0.8680579624934756 0
3989 -0.4557973972212764 -0.8737539366284917 0
3990 0.6201301394804655 -0.7369625379003139 0
3991 -0.7868657537696646 -0.5818006887257169 0
3992 0.570633155015559 -0.7888885492612743 0
3993 0.5711552505878288 -0.7989374502754122 0
3994 0.5623063371525121 -0.804940639158703 0
3995 0.2396846544354134 -0.91887117169918 0
3996 -0.2994859291712233 -0.9169864228784569 0
3997 0.3899020011512732 -0.8022730498968654 0
3998 0.3903355384187956 -0.8122450724119499 0
3999 0.3819435418596324 -0.8176118881298138 0
4000 0.3730878372499132 -0.8129980199662735 0
4001 0.3646762425995578 -0.8183610877012668 0
4002 0.3651280330791889 -0.8283553952062614 0
4003 -0.6620923288798509 -0.6967700708359201 0
4004 0.1889046987598295 -0.9411526223534266 0
4005 0.1893656356025507 -0.9510932066966677 0
4006 0.1981664440534057 -0.955606516223896 0
4007 0.1900134999235946 -0.9612023573638433 0
4008 0.1810731981713769 -0.9563278563967598 0
4009 0.1986600899254936 -0.9656038967683708 0
4010 0.1800642397827064 -0.9365820508393559 0
4011 0.1795878002019778 -0.9266340401145841 0
4012 0.1805289818334414 -0.9464846970238133 0
4013 0.1721269913117679 -0.9518222312321465 0
4014 0.1729796397796101 -0.9612167225090102 0
4015 0.1652036725831375 -0.9680559152055405 0
4016 0.1879762985128551 -0.9212605576145483 0
4017 0.1707348368963671 -0.9220496979593957 0
4018 -0.5225498671667632 -0.7312814491345847 0
4019 -0.5221518923222955 -0.7412363295917036 0
4020 -0.5133560926662015 -0.7458734083887927 0
4021 0.8074313977977542 -0.484130628246625 0
4022 0.5035944104838461 -0.831979062102271 0
4023 0.5129889380804903 -0.8385317586266803 0
4024 0.5209265465634978 -0.8320347516936711 0
4025 0.5220013082582662 -0.8411959917103078 0
4026 0.520411746830838 -0.8213479793690173 0
4027 0.5304679643141906 -0.8271733575006117 0
4028 0.5289905153837915 -0.8160934731868963 0
4029 0.5376166405555585 -0.8204302288183924 0
4030 0.5459657386006895 -0.8156002245756957 0
4031 0.546457090796863 -0.8249958830852913 0
4032 0.5455455713698406 -0.8051982340851969 0
4033 0.5542016393416681 -0.8102779129619144 0
4034 -0.7570628933992678 -0.48109562295571 0
4035 0.2918085551732731 -0.9263754905169514 0
4036 0.8582351474684693 -0.4619025766994392 0
4037 0.8673694867301234 -0.4662258033235597 0
4038 0.8667968506478522 -0.4561248614278751 0
4039 0.8745622255891342 -0.4496541268275325 0
4040 -0.6993280886595526 -0.6284426215756768 0
4041 0.5538943040769623 -0.7998120342963632 0
4042 0.7612702374182306 -0.6155048266148697 0
4043 0.7701858053980358 -0.6102078265091905 0
4044 0.7605390991373252 -0.5958475058106579 0
4045 -0.325538097258208 -0.9130239281296142 0
4046 0.2135981041856131 -0.91509189167977 0
4047 -0.5899133884009824 -0.7836757609252815 0
4048 -0.7903172508553751 -0.51241314987187 0
4049 0.8096203863341219 -0.533966694894576 0
4050 0.08380745227498429 -0.8966303673377971 0
4051 -0.7385947850016354 -0.5103126590687652 0
4052 0.7035392978735722 -0.6733648835135801 0
4053 -0.8469208495106427 -0.3950797966647177 0
4054 0.3567347721536299 -0.8337279330789614 0
4055 0.7747121148667003 -0.5254871337662308 0
4056 0.8436085601025823 -0.5028585773923661 0
4057 -0.9094301976656816 -0.3428280055152908 0
4058 -0.9090851382750933 -0.35277337066379 0
4059 -0.9002789677103979 -0.3573914530912737 0
4060 -0.9086886476552335 -0.3627160383746461 0
4061 -0.9176882239637905 -0.3578289389746286 0
4062 -0.9090281243134568 -0.3732282934382987 0
4063 -0.8999900074354197 -0.3674372364656221 0
4064 -0.3694718588274865 -0.8898116031315699 0
4065 -0.7751283150848837 -0.4618782143420604 0
4066 -0.7839550557611292 -0.4572737541223079 0
4067 -0.7843651837482392 -0.4472848916541755 0
4068 -0.7931891214284412 -0.4426592648410112 0
4069 0.7990266784956457 -0.4894968953405212 0
4070 -0.7970554407484247 -0.5575051712645271 0
4071 -0.8545175658694319 -0.4203090786406345 0
4072 0.7857652352978133 -0.5798041803337337 0
4073 0.4004845709937451 -0.846690728963259 0
4074 0.3920884331131221 -0.8520586374089364 0
4075 0.3926115268655224 -0.8619871995980135 0
4076 -0.8336243735449596 -0.5091327724330091 0
4077 -0.8435621413716701 -0.5038993288625513 0
4078 -0.8426278544276796 -0.4938922737933273 0
4079 0.3501071812859902 -0.8789256407397108 0
4080 -0.3796115584261862 -0.8553035114572951 0
4081 -0.3880390196050842 -0.8606144428026117 0
4082 -0.3968520730133054 -0.8559738918888691 0
4083 0.5873075917091124 -0.7780150385142528 0
4084 0.5883987900416658 -0.7883581193344442 0
4085 -0.7357873555469865 -0.5800376845038065 0
4086 -0.5903959906534546 -0.7636849847642777 0
4087 -0.2834075576105745 -0.8864869611534613 0
4088 0.4030403927491435 -0.8967272923997789 0
4089 -0.2813115267779862 -0.935855367634419 0
4090 -0.2889121388202071 -0.9407278813118327 0
4091 0.2988749382056988 -0.8912260335537832 0
4092 0.6514446061266508 -0.6656855919708216 0
4093 0.6081338417208468 -0.6626456298424823 0
4094 0.4448626731179806 -0.8693388229231587 0
4095 0.4363314306020604 -0.8744725845331855 0
4096 0.4359199939155144 -0.8837295212175751 0
4097 -0.5030376038145463 -0.7902840737563809 0
4098 -0.5026442842547822 -0.8002500044576289 0
4099 -0.4938465061308562 -0.8048804943523783 0
4100 -0.5118525950945263 -0.7856393061892339 0
4101 -0.5202723638280586 -0.7909618625911621 0
4102 0.3244967698554495 -0.8850725709556403 0
4103 -0.6813011375184626 -0.647673751691946 0
4104 0.3478914402990829 -0.829139159881898 0
4105 0.3349147839638567 -0.9189031692219518 0
4106 -0.5915829439382386 -0.7338928926569215 0
4107 -0.6000126448800409 -0.7392019757957856 0
4108 -0.6972876710697912 -0.6781202455314319 0
4109 -0.6966402890974653 -0.6875007133077056 0
4110 -0.6879335158558781 -0.6923959542354401 0
4111 -0.4765896127203804 -0.8042175312814269 0
4112 -0.4761977051076109 -0.8141812265536532 0
4113 -0.4673965971279563 -0.8188145467475383 0
4114 -0.4854113778891702 -0.7995756854841847 0
4115 -0.5274058266964572 -0.8262972778758481 0
4116 -0.5362349467819577 -0.8220601694464507 0
4117 -0.5447411139842517 -0.8276800510186888 0
4118 0.3669340772012369 -0.8681655902750478 0
4119 -0.5382928886815143 -0.7717162448942798 0
4120 -0.7538219885427714 -0.5608211690843962 0
4121 0.4700323292253098 -0.8532755396592866 0
4122 0.478256431623952 -0.8583192363665214 0
4123 0.4616182120898349 -0.8585932701849321 0
4124 0.461115106192602 -0.8685321863093889 0
4125 0.6015235166999179 -0.7078556623831608 0
4126 0.465764328171751 -0.7639512460142696 0
4127 -0.4960610830764095 -0.7452234126252932 0
4128 -0.5048945626687008 -0.7405806655645061 0
4129 0.4909473642464995 -0.7478653109149717 0
4130 -0.4162474162683555 -0.7970539512467208 0
4131 -0.4427232096628699 -0.7830991835068674 0
4132 -0.5023455040870695 -0.8399342015425804 0
4133 -0.4997663744159869 -0.8502341413485319 0
4134 -0.5131067320444045 -0.8401050009622555 0
4135 -0.5225328582487543 -0.8406670794283478 0
4136 0.4844484354786998 -0.7929902122238889 0
4137 0.4933065413045397 -0.7975741977719816 0
4138 0.5016840790871301 -0.7922120135968895 0
4139 0.4760535698684268 -0.7983588005750626 0
4140 0.4765003593072037 -0.808322738249677 0
4141 -0.4501404514494267 -0.8181512190050133 0
4142 -0.4497499149258108 -0.8281123745286622 0
4143 -0.4409456784009864 -0.8327483442171105 0
4144 -0.4589610235377769 -0.8135091923863804 0
4145 -0.8184058590369157 -0.4587225370254148 0
4146 -0.8179978608728337 -0.4686746933887156 0
4147 -0.809170561781863 -0.4733069533841099 0
4148 -0.808771740723879 -0.4832563885560971 0
4149 -0.7999485747941529 -0.4878818763388306 0
4150 0.516159928040218 -0.73173268427811 0
4151 -0.4692574072188644 -0.7691071987827369 0
4152 -0.4060597297551898 -0.8413737850478185 0
4153 -0.4144911458141454 -0.8466831062140361 0
4154 -0.4232993622456408 -0.8420452478873193 0
4155 -0.4236891189222137 -0.832087172956726 0
4156 -0.4325093867130615 -0.8274454525917303 0
4157 -0.3972411255210047 -0.8460178805662105 0
4158 -0.7173546406308524 -0.6092214448720208 0
4159 -0.7197356749950959 -0.5494770508847138 0
4160 0.5264252878958549 -0.7661384601272087 0
4161 0.5268750243026002 -0.7760965898932793 0
4162 0.5184937512907998 -0.781461414795203 0
4163 0.5348208161040963 -0.7607671070075335 0
4164 0.543672518249525 -0.765351448380429 0
4165 0.552057678610672 -0.7599875524030041 0
4166 0.5516106188065382 -0.750029495124876 0
4167 0.5600082889535303 -0.7446562090345089 0
4168 0.5688687992789024 -0.7492306344956772 0
4169 0.5096393262381107 -0.7768776261675547 0
4170 0.5012427115542436 -0.7822558327291811 0
4171 0.3328878714450375 -0.8797004601786487 0
4172 0.3333381565039025 -0.889654413123983 0
4173 -0.2745945655186125 -0.8911306472643929 0
4174 -0.2742063965914375 -0.9010843294985477 0
4175 -0.2653985656029724 -0.9057264286828579 0
4176 -0.256969446649613 -0.9004186036575386 0
4177 -0.2481641979268929 -0.9050662232317248 0
4178 -0.2397294219335367 -0.8997556099293103 0
4179 -0.2309184819388078 -0.9043990670715933 0
4180 -0.2305649486502246 -0.9143578020575556 0
4181 -0.2393600118553665 -0.9097107150227846 0
4182 -0.2302168925125137 -0.924319335447875 0
4183 -0.7697941978113874 -0.5914283562019947 0
4184 -0.7785471025272515 -0.5982886612841584 0
4185 -0.2553625928858137 -0.9400727304237241 0
4186 -0.4215017374314467 -0.8814673232262684 0
4187 -0.4282823285169158 -0.8868777357247569 0
4188 -0.4389252601568951 -0.8825278206760672 0
4189 -0.4391447746598647 -0.8722613371098094 0
4190 -0.4477993311622198 -0.8676530200256956 0
4191 -0.41262622040331 -0.8859547101286753 0
4192 -0.4124257731188442 -0.8959293884567445 0
4193 0.8259421486133425 -0.5132228591000023 0
4194 -0.7334772859341468 -0.6399796543212206 0
4195 0.2993261800278422 -0.9011773507700156 0
4196 -0.5720267492871474 -0.7929206913183119 0
4197 0.2065113707248335 -0.9501903070090787 0
4198 0.8388341585349672 -0.4129613048308589 0
4199 0.3270070976552863 -0.9260267057880853 0
4200 0.6037429576297569 -0.7575341523497281 0
4201 0.6120575450032053 -0.7617927554936471 0
4202 0.8572295707761759 -0.4419885753684484 0
4203 -0.9382300068895513 -0.2693449107180554 0
4204 -0.9466582707693717 -0.2742544252421346 0
4205 -0.9382520941356025 -0.2898440232946768 0
4206 -0.9368611067728114 -0.2998350817149948 0
4207 -0.6632710225922372 -0.6669095716825371 0
4208 0.2732490090544131 -0.8973873716425519 0
4209 0.6845801649365832 -0.6342555134169623 0
4210 0.6929741501543619 -0.6288896244011605 0
4211 0.6934416927480768 -0.6388376214676905 0
4212 0.2497768343488421 -0.9427719931129267 0
4213 0.2418350890130395 -0.9498286636204027 0
4214 0.2484254078445239 -0.9583620348225017 0
4215 0.2321623155522576 -0.9444101522593737 0
4216 -0.8465085044510851 -0.4050377263450572 0
4217 -0.3515871702400937 -0.9088786235704349 0
4218 -0.5647557746589744 -0.7577725092265859 0
4219 -0.6096004719368426 -0.7146568630400665 0
4220 -0.6184172010545357 -0.7100141220714453 0
4221 -0.6928653103270351 -0.5733662910415724 0
4222 -0.6924624987949504 -0.5833245973935081 0
4223 -0.7016891127501865 -0.5687141686465794 0
4224 -0.8813274975383867 -0.3965012488815789 0
4225 -0.8565699711835446 -0.3705488215890008 0
4226 -0.7630406373830428 -0.5462345126296033 0
4227 -0.6383763863248422 -0.6410077575825637 0
4228 -0.6452496984970559 -0.686138921778663 0
4229 0.7932092644149688 -0.5544736305508009 0
4230 -0.1700670878806718 -0.9169730987544262 0
4231 0.6537047810976954 -0.7154223491894063 0
4232 -0.891058210552061 -0.3719901449637059 0
4233 -0.9179140587285733 -0.3481587741895698 0
4234 0.8986236111522188 -0.3965707483423669 0
4235 -0.256604867490592 -0.9103736498161974 0
4236 0.7345055467823178 -0.5921089657969398 0
4237 0.7477358269935721 -0.5017513431744884 0
4238 0.7826687331751684 -0.5101700358301339 0
4239 0.7831081224078271 -0.5201272781065978 0
4240 -0.9120071748819131 -0.2831760723777111 0
4241 -0.8155161260937797 -0.52856164699319 0
4242 0.7420106710108687 -0.5668383655726931 0
4243 -0.5401983249954616 -0.721960465318621 0
4244 -0.5398173660566743 -0.731921090429405 0
4245 -0.2121134658710862 -0.953098446483158 0
4246 -0.2038553847679259 -0.9597113008267529 0
4247 0.9133691157758987 -0.3448924828324445 0
4248 0.9217805643933803 -0.3490418414362584 0
4249 0.9229659828707383 -0.3598544168651654 0
4250 0.8003377877503236 -0.519363715771523 0
4251 0.8816330185641845 -0.4061218166802968 0
4252 0.8476674029821936 -0.417561051201282 0
4253 -0.8611297259036262 -0.2610235175102492 0
4254 -0.8607151848882635 -0.2709782666226783 0
4255 -0.6249605496021455 -0.7543649417918952 0
4256 -0.6252341504146322 -0.7645846559717223 0
4257 0.7672029182493518 -0.5507472985094313 0
4258 -0.865810936883733 -0.3559707195064672 0
4259 0.8659438951553181 -0.2330146130453482 0
4260 -0.8176020579396477 -0.4786175886079934 0
4261 0.8974375619846751 -0.3754408476656035 0
4262 0.9066251950747275 -0.380239895900112 0
4263 0.7641037736186631 -0.481067960566586 0
4264 0.5913255155223434 -0.6733907559669552 0
4265 -0.2738468881329335 -0.9110322343723698 0
4266 -0.6532768051347692 -0.7014083478395144 0
4267 -0.9271730055992992 -0.3133726505319823 0
4268 0.8229133101311337 -0.4435641146566058 0
4269 -0.3286253798369925 -0.833354898788874 0
4270 0.7181634620835924 -0.6127974859742849 0
4271 -0.8620269432413059 -0.4456172401364496 0
4272 0.7879940139621562 -0.4351472322173915 0
4273 -0.8691313228876358 -0.276323051864895 0
4274 -0.7907265172503332 -0.5024551519453228 0
4275 -0.6528840754021759 -0.7113696051095858 0
4276 -0.8364590647190605 -0.4395179090935014 0
4277 -0.7622392363815627 -0.5661446579080719 0
4278 -0.7722611374172184 -0.5316564124466715 0
4279 0.8149569437932651 -0.4588672955418519 0
4280 0.878644914767938 -0.3364864316948659 0
4281 -0.7718565683397205 -0.5416131738684913 0
4282 -0.6364331944556023 -0.6907790351420967 0
4283 0.8091519285575171 -0.3382732149816816 0
4284 0.2392279601616005 -0.908921281792426 0
4285 0.1782030963572222 -0.8967796147917173 0
4286 0.8467990781494901 -0.3976657505745061 0
4287 0.6863636800701467 -0.6740626011900887 0
4288 0.2737079253694408 -0.9073350796724102 0
4289 0.6598397917760822 -0.6603161802877883 0
4290 -0.2830259291157062 -0.8964386780052773 0
4291 -0.7654773899226411 -0.4864611085942683 0
4292 -0.213329105151444 -0.9136974492265245 0
4293 -0.5827677415878465 -0.7385355116355155 0
4294 0.6364385573132583 -0.7162403259139269 0
4295 -0.2760668705705774 -0.851310136462618 0
4296 0.339486592771844 -0.8345144442522325 0
4297 0.1865933146889421 -0.8914028639151927 0
4298 -0.3531616770593082 -0.8692396918575166 0
4299 0.2648597417890868 -0.9027571102321001 0
4300 0.828278981466299 -0.3685336632258466 0
4301 0.2462539851581352 -0.8736894140370688 0
4302 0.8706871434129103 -0.3517869681700604 0
4303 -0.6724796170837291 -0.6523136674728111 0
4304 -0.8083677878536082 -0.4932060424884778 0
4305 0.854763623730971 -0.3823599045636944 0
4306 -0.3792241772850296 -0.8652553857529071 0
4307 0.6099186967541277 -0.7024850724141949 0
4308 -0.8376832107605563 -0.4096604977820599 0
4309 0.7809072666915273 -0.4703561338586165 0
4310 -0.765065315095496 -0.4964358740523281 0
4311 -0.7558366165893622 -0.5110335585331267 0
4312 -0.7466086130418126 -0.5256239287727752 0
4313 0.8287055479138778 -0.378495497078762 0
4314 -0.8337975561112042 -0.2947764207054534 0
4315 -0.6287879890946919 -0.6655549934448387 0
4316 0.5777227912157582 -0.7538046183787965 0
4317 -0.3631386768781216 -0.8347211267202606 0
4318 -0.5670581023216845 -0.6980423953174415 0
4319 -0.7009028615533981 -0.5886298656895371 0
4320 0.9286684708463699 -0.304241434736675 0
4321 0.936742195651612 -0.2995515925335498 0
4322 0.9299331457863406 -0.3148448173005617 0
4323 0.5754330620293024 -0.704052448099876 0
4324 0.7018395686703274 -0.6334764347103237 0
4325 0.1777397750258229 -0.8868263241439523 0
4326 -0.8743881581693533 -0.1883607461785174 0
4327 0.2625929686389114 -0.8529844833460953 0
4328 -0.9019350427754502 -0.3176124307188588 0
4329 -0.5224213872640316 -0.7012699790005105 0
4330 -0.8066404863007054 -0.5330376399393142 0
4331 0.2140513221162123 -0.9250418878481649 0
4332 -0.7077492977437166 -0.6337587301483727 0
4333 -0.168491041253422 -0.9565591244113518 0
4334 -0.1681538204185488 -0.9665864012446944 0
4335 -0.1597413273509219 -0.9612665663779292 0
4336 -0.1593577984038545 -0.9712129279851028 0
4337 -0.8649812286012104 -0.3758874367900482 0
4338 -0.2650365134048597 -0.9156755303671338 0
4339 -0.822070415244828 -0.3691109346492266 0
4340 0.203373608658362 -0.8806533089675519 0
4341 0.658489432518171 -0.6304512660706774 0
4342 -0.1961010098896183 -0.913025420259781 0
4343 0.7676539625900464 -0.560690851123795 0
4344 -0.7442080847569225 -0.5853567279981395 0
4345 0.5851928348422453 -0.7285437890779419 0
4346 -0.6379890534604621 -0.6509647453492007 0
4347 0.683231197475723 -0.6043950161846505 0
4348 0.8006744693701012 -0.3539008536801598 0
4349 -0.8233125435934789 -0.33924189496979 0
4350 0.8078633754970023 -0.4940894360543239 0
4351 0.8313097025154238 -0.4382103767488371 0
4352 -0.7484395084600863 -0.4547606454326703 0
4353 -0.2060286922312283 -0.878533354931694 0
4354 -0.8264229073175954 -0.4739852333548716 0
4355 -0.8401516966615876 -0.3499214621848067 0
4356 -0.731033511672273 -0.4851761541841216 0
4357 0.8131977978698123 -0.4190670757543659 0
4358 -0.7125797450866744 -0.5142583459005439 0
4359 -0.7710526321499283 -0.561517877625782 0
4360 -0.5593910614672375 -0.6727966511806481 0
4361 -0.5766715956920067 -0.673027698389401 0
4362 0.7835478869746646 -0.5300838873751813 0
4363 -0.8360569105379011 -0.4494651870170831 0
4364 -0.7281596667966608 -0.5548049746621739 0
4365 0.635110518217973 -0.6863700930887932 0
4366 0.8719870391437815 -0.381640131336478 0
4367 -0.309461701375558 -0.8825082132194465 0
4368 -0.8212583794169324 -0.3890371423955505 0
4369 -0.8553402155775517 -0.4004044739364307 0
4370 -0.725773018846396 -0.6145408792953074 0
4371 -0.6916916432240614 -0.6032180457133178 0
4372 0.1954434486797472 -0.8959811456605854 0
4373 0.7565850457169622 -0.5063426293041928 0
4374 0.2210730214471023 -0.8898115174140544 0
4375 -0.6736604927666632 -0.6224463228989536 0
4376 0.8874627421989799 -0.341077683907973 0
4377 -0.1612793781295948 -0.9215985559521809 0
4378 -0.6716914439189626 -0.6722261148215264 0
4379 0.2467046694014908 -0.8836459791572542 0
4380 0.6068138317608556 -0.6326757712035254 0
4381 -0.644075914876412 -0.716007580598089 0
4382 0.280725423764535 -0.8721099511782622 0
4383 -0.3351123968488399 -0.888492673939366 0
4384 -0.6107657448493524 -0.6847916527721537 0
4385 0.3063563105382484 -0.8659527830493898 0
4386 0.7481801124562546 -0.5117107494022632 0
4387 -0.583928143362745 -0.7086728202802687 0
4388 -0.6468093058887276 -0.6463206843069227 0
4389 0.6602879729420437 -0.6702715387506555 0
4390 -0.2948522225981448 -0.8226860505499568 0
4391 -0.5570977847500218 -0.7325560635443127 0
4392 0.340380924541158 -0.8544256648757256 0
4393 -0.6897050327897992 -0.6530087339806758 0
4394 -0.7101183172804806 -0.5740326317589026 0
4395 0.8560613592642772 -0.4122125660538911 0
4396 -0.859467037756461 -0.300854637800433 0
4397 0.6995758652300385 -0.5837070261398117 0
4398 0.7159244753433173 -0.5630213907130162 0
4399 -0.8116132148474027 -0.4135748873457091 0
4400 0.5903077949856186 -0.644016026039597 0
4401 0.732276211733759 -0.5423384922839809 0
4402 0.9129330446507489 -0.3349969038959651 0
4403 0.6103676386980873 -0.7124414199389169 0
4404 -0.8304964867805246 -0.3744556039761632 0
4405 0.4225004377504457 -0.7612261968633997 0
4406 -0.7586716296319722 -0.4412235000361754 0
4407 0.7729459943889467 -0.4856662341257242 0
4408 -0.3993071647977211 -0.7775821001553582 0
4409 -0.2858461622470277 -0.8269779204341305 0
4410 0.9107366899790743 -0.2853743037499701 0
4411 -0.875463929671339 -0.3314471334695982 0
4412 0.8207302914490997 -0.3938073816558757 0
4413 -0.3370676107603788 -0.8386935873320809 0
4414 0.5917744206078503 -0.6833555240651382 0
4415 0.533401244579454 -0.6914426764476175 0
4416 -0.4892939584511139 -0.719006700745169 0
4417 0.6876029576958707 -0.5289994494130933 0
4418 -0.3090752924235097 -0.8924636564232757 0
4419 0.8321887271197239 -0.4581012153740989 0
4420 -0.4441017826953331 -0.7537758767946429 0
4421 0.5142610166929926 -0.7001800090302411 0
4422 -0.6119252786309591 -0.6549187842475259 0
4423 0.2793221996087869 -0.8421767513328813 0
4424 -0.8498085629888148 -0.3253887157805712 0
4425 0.7296719548700571 -0.4828573444239581 0
4426 0.5940381102275496 -0.7331258687172666 0
4427 -0.6588028157303571 -0.572328115297039 0
4428 -0.5643733539044251 -0.76772101575171 0
4429 -0.6942939003101249 -0.5433828259051415 0
4430 0.6439555422753556 -0.6909537186728152 0
4431 0.3133881879450563 -0.8306660819608356 0
4432 -0.7867780209752877 -0.3876755942670563 0
4433 0.7378643263593785 -0.4771488191491463 0
4434 0.3633719078767593 -0.7879808083833401 0
4435 0.7959497337728687 -0.4198304324289204 0
4436 -0.8838754800801639 -0.3367833210894194 0
4437 -0.6307224851649824 -0.6157550957114467 0
4438 -0.3719354772265694 -0.8301082314725724 0
4439 0.8861574669447091 -0.3112821505169553 0
4440 -0.8333921302283178 -0.3047490742462369 0
4441 -0.5869203489998007 -0.6488666212851906 0
4442 0.648825403217558 -0.6059794410850494 0
4443 0.5670357404047315 -0.7094233756442488 0
4444 0.5731672139809557 -0.6542393937588474 0
4445 0.5657999448860662 -0.679746926270798 0
4446 -0.3466524341656431 -0.8141415905025393 0
4447 0.7862525858562586 -0.3953423709874349 0
4448 0.6748343552980011 -0.6097612847656242 0
4449 -0.6985227827446784 -0.6483655476371144 0
4450 -0.5559434028574649 -0.7624133632827924 0
4451 -0.2214316462752686 -0.9289836549039019 0
4452 -0.7373835264045581 -0.5402135886339419 0
4453 -0.7943750500483158 -0.4128541491517624 0
4454 -0.7316713320220294 -0.4753310769501792 0
4455 0.05005338722386547 -0.8983430466307438 0
4456 0.1949839335144279 -0.8860257406658472 0
4457 0.7968347192223928 -0.4397360305277888 0
4458 0.7835438456350352 -0.3750235203196867 0
4459 -0.861542481483927 -0.2510709693522545 0
4460 -0.3964532789435888 -0.8659319467285069 0
4461 0.7888703832486518 -0.455054215648228 0
4462 -0.2320634497908597 -0.8745463205871016 0
4463 0.5767995983726825 -0.7339128445167691 0
4464 -0.849395928651248 -0.3353448362029287 0
4465 0.8677302438073436 -0.2822891670668974 0
4466 -0.9484564190602019 -0.2251317824780588 0
4467 -0.9570880759576823 -0.2216872781771986 0
4468 -0.6180294442519939 -0.7199649858102903 0
4469 -0.1536385214514157 -0.8964791540862802 0
4470 -0.2056448958751798 -0.8884825275987286 0
4471 0.8472318779145966 -0.407613300364832 0
4472 0.7065963583138235 -0.5484651784315884 0
4473 0.6500958629884395 -0.6358202778810534 0
4474 -0.8695450651861215 -0.2663649572473804 0
4475 -0.1894619344185773 -0.8581076511234906 0
4476 0.8605885959072896 -0.3173623725463898 0
4477 -0.1513479870455063 -0.9559778724800803 0
4478 -0.3182731336795335 -0.8778660111596462 0
4479 0.626715172627383 -0.6917410642051982 0
4480 0.882905817731178 -0.2323087186411074 0
4481 -0.1507068781273427 -0.96542959059317 0
4482 -0.1421177773145678 -0.9698883052398105 0
4483 0.6907288045768022 -0.5791171208154001 0
4484 -0.672083459049456 -0.6622732485442505 0
4485 -0.7265680459519424 -0.5946343534374834 0
4486 -0.7261699464775906 -0.6045887976812871 0
4487 -0.07625284926429718 -0.9084894078420841 0
4488 0.7234345196863194 -0.5377457723763712 0
4489 0.3081623759460881 -0.9057585901141728 0
4490 0.1183013395532867 -0.9047217042231896 0
4491 0.6001736478859098 -0.6779821169327228 0
4492 0.2206150486724256 -0.8798563040317593 0
4493 -0.0326190582041445 -0.9409975240069485 0
4494 -0.3282478600893182 -0.8433400059485101 0
4495 -0.9139034513060315 -0.2334255670614649 0
4496 -0.8758793789390925 -0.3214934645419487 0
4497 0.6939182653758835 -0.6487829664389467 0
4498 -0.851050273975104 -0.2955149545197639 0
4499 -0.8619323009570341 -0.2410936621460786 0
4500 0.9542370646150297 -0.1672851932340333 0
4501 0.6739416668002477 -0.5898412950500564 0
4502 -0.4052615869397954 -0.8612932246742924 0
4503 -0.1353399276499849 -0.9255333617399421 0
4504 0.348774638144885 -0.849057795800604 0
4505 -0.575112293719404 -0.7133158131447349 0
4506 0.7349507010149379 -0.6020604633114761 0
4507 -0.5486556901722239 -0.7272519131990218 0
4508 0.314749483166425 -0.8605811844243569 0
4509 -0.6019474890293599 -0.6894331751968321 0
4510 -0.8031927440130084 -0.4082409975625289 0
4511 0.2802708634086181 -0.8621557803229778 0
4512 0.8043575029669598 -0.4144683392373433 0
4513 0.7070728269629079 -0.5584293392137694 0
4514 0.5581854812580144 -0.704851253828273 0
4515 -0.6648401177968208 -0.6270844105059048 0
4516 -0.8216670752647294 -0.379077402595835 0
4517 0.2550957212510487 -0.8782748996446994 0
4518 -0.7626380723320902 -0.5561921586824823 0
4519 0.3165483146788567 -0.9003927736279074 0
4520 -0.6088318088621544 -0.7345546142031002 0
4521 0.8681293214397232 -0.2921879098665255 0
4522 -0.1094919927390073 -0.9294570585964693 0
4523 -0.1007786093212102 -0.9339504327469373 0
4524 -0.6227317410018418 -0.6102757597966024 0
4525 0.6405793370478917 -0.6020860462629014 0
4526 -0.1796233666015253 -0.8924716272997003 0
4527 -0.5467408660932161 -0.7770198332369516 0
4528 0.7486292274771071 -0.5216623822271819 0
4529 0.8790747839926283 -0.3464174927845982 0
4530 0.8341500411094587 -0.3035445648564793 0
4531 0.7141553109221281 -0.5231933038938535 0
4532 0.6412555708182754 -0.6312407796322452 0
4533 0.7775065118982331 -0.3908345101774673 0
4534 0.8517804539579458 -0.3127571302105454 0
4535 0.894975175149182 -0.3158756249480414 0
4536 0.6850474914830743 -0.6442005677324589 0
4537 0.5997276951447219 -0.6680175153503525 0
4538 0.9439164620489087 -0.263689837993699 0
4539 0.951578754207361 -0.2572967487121514 0
4540 0.8417227535598477 -0.2784032472396111 0
4541 0.1555387955104936 -0.9625258285681335 0
4542 0.1468223501342353 -0.9672830385939772 0
4543 -0.7039986724228653 -0.5076034375171014 0
4544 0.1451720191245832 -0.9281805193567715 0
4545 -0.3198068135969595 -0.8380204999839417 0
4546 0.07453082961782984 -0.8825775005602431 0
4547 0.8233524756976873 -0.4535111314699249 0
4548 -0.6376036084631176 -0.6609171229159099 0
4549 0.2117658068296624 -0.8752709428407401 0
4550 -0.8959849506759726 -0.2525361198419451 0
4551 0.9010464113576386 -0.2610249588054377 0
4552 -0.9023512223890132 -0.3076692166289132 0
4553 0.7725073403628563 -0.4757158010837914 0
4554 0.6743860078853807 -0.5998013684976709 0
4555 -0.70130133917598 -0.5786710907969911 0
4556 -0.1608959054424946 -0.9315132615786494 0
4557 0.8551959574677594 -0.3923192104881553 0
4558 -0.6885133653023197 -0.701951424929225 0
4559 -0.7285600585523323 -0.5448424248152612 0
4560 -0.3355107602788435 -0.8785368847134465 0
4561 -0.4056566588638847 -0.8513341650959089 0
4562 -0.6564105748682646 -0.621766099000318 0
4563 0.3249398846081016 -0.895024559119175 0
4564 -0.5935219212074432 -0.6841037168110125 0
4565 -0.2144500349592204 -0.8838371789786944 0
4566 0.1595633881855905 -0.8677323168590695 0
4567 -0.04128542400620872 -0.9364667212915159 0
4568 0.3142954621721492 -0.85062582417113 0
4569 -0.5666770807377219 -0.7080015071665755 0
4570 -0.1799995724380656 -0.8825252792618984 0
4571 -0.1172128861063601 -0.9751815490728205 0
4572 -0.8272322162727802 -0.454091423037452 0
4573 0.2546464176057207 -0.8683135093071681 0
4574 0.8953270847911372 -0.07172094147867852 0
4575 0.8669227064662113 -0.2625335082313947 0
4576 -0.5996530523757013 -0.7491395632431654 0
4577 -0.840567627914208 -0.3399693011313313 0
4578 0.7963931455432665 -0.4297842107090387 0
4579 0.5502474877735345 -0.7201701974220787 0
4580 0.5693308696597386 -0.7591734693297041 0
4581 -0.8426329668944359 -0.2901723830278055 0
4582 0.06001301710931352 -0.9320968833829801 0
4583 0.6766514089610314 -0.6495667764927142 0
4584 -0.1448675312652384 -0.9011191870130554 0
4585 -0.09192381083961723 -0.9690475403669758 0
4586 0.8631617879220146 -0.3770330926482208 0
4587 0.8936464096035686 -0.2861257352695595 0
4588 0.7150258412753265 -0.5431054087117257 0
4589 -0.1339875558718838 -0.9648052429175299 0
4590 -0.3106104565450234 -0.8526423907234548 0
4591 0.6169683697769878 -0.6672536073905051 0
4592 0.1381220153919855 -0.9631713130108359 0
4593 0.8203012157679042 -0.3838480877830515 0
4594 0.739780679784972 -0.5170696570624087 0
4595 0.3483324200538356 -0.8390996531030268 0
4596 -0.6568035582937801 -0.6118108714422849 0
4597 0.2630367502091092 -0.862945518276833 0
4598 0.9233617169723196 -0.06122339353898715 0
4599 -0.5582459231743462 -0.7026919634319848 0
4600 -0.4228814436022398 -0.8520194883912591 0
4601 -0.593932958490433 -0.6741472129510946 0
4602 0.8627280599010394 -0.3670848231095931 0
4603 0.3054480218609243 -0.8460404896878433 0
4604 -0.8132282147828662 -0.3737160101799071 0
4605 0.5413895496388981 -0.7156101615346173 0
4606 -0.302163233129901 -0.847335377533122 0
4607 0.1942814193224711 -0.8664740009976681 0
4608 0.6823346489156569 -0.5844824599611833 0
4609 -0.8341197681105106 -0.2848143957670991 0
4610 0.7309296353237121 -0.5124740402657073 0
4611 -0.1349546732141199 -0.9354392708983108 0
4612 0.6253687246411824 -0.6618730743176984 0
4613 0.2029384651251722 -0.8707357896550776 0
4614 0.3421532730305453 -0.8942489204956177 0
4615 -0.1189831721914654 -0.9051258744458065 0
4616 -0.6291732000686926 -0.6556024398877326 0
4617 -0.431689367379509 -0.8473796891941048 0
4618 0.8153976551553093 -0.4688120129989615 0
4619 -0.6920878528963373 -0.5932696648007767 0
4620 -0.7806728933807374 -0.536987254571986 0
4621 0.5604737040938963 -0.7545994232929426 0
4622 -0.7814792904821665 -0.5170423556563771 0
4623 0.8069940983754214 -0.4741755542408804 0
4624 0.08569697798753083 -0.9358088983955912 0
4625 -0.5494293270119157 -0.7073448630054797 0
4626 0.955656073217612 -0.1857313489798569 0
4627 -0.8044007793243454 -0.378346893121945 0
4628 0.6249294787470345 -0.6519081438237431 0
4629 -0.8939439380163048 -0.3023274619194007 0
4630 -0.8321474606481248 -0.3346293775859371 0
4631 0.1080799128037636 -0.8707530943758071 0
4632 0.3417150479184517 -0.8842836090969441 0
4633 -0.7377863088007027 -0.5302475223389435 0
4634 0.271428480474441 -0.8575730013434326 0
4635 -0.885530505867772 -0.2969737782907902 0
4636 -0.9035780383654102 -0.2778020432915053 0
4637 -0.8955674102859802 -0.2624785435063143 0
4638 0.01043885606661796 -0.9734647375678513 0
4639 0.01935598748280596 -0.9777867405072953 0
4640 0.3049926775293535 -0.8360719312094772 0
4641 -0.1715738607310291 -0.8772327215472102 0
4642 -0.834291393134988 -0.2747444920895162 0
4643 -0.2148323066553591 -0.8738923879313611 0
4644 0.1031133549754842 -0.9448632558845415 0
4645 -0.2929752870095536 -0.8619361463622377 0
4646 0.07008959961012978 -0.9660989785137168 0
4647 -0.1886856950635593 -0.8471431115371946 0
4648 -0.9745771152927296 -0.06778537571513449 0
4649 -0.4320972311783671 -0.83740101691447 0
4650 -0.2478027288877907 -0.91501554325467 0
4651 -0.09248365508648422 -0.9287108626176561 0
4652 -0.7810807839626421 -0.5270151901310622 0
4653 0.5334559430155597 -0.7309172691714551 0
4654 0.1109669211150841 -0.9297044579228325 0
4655 0.07555754403322142 -0.9019830665244513 0
4656 0.5525611666840484 -0.7699134813029372 0
4657 0.08766211645027028 -0.9745355060184426 0
4658 -0.7958228755685472 -0.372890703733281 0
4659 -0.82372970176759 -0.3292939837073598 0
4660 -0.6207408938910495 -0.6502853305467452 0
4661 -0.2845286606285626 -0.8566290825661219 0
4662 0.3655676625279495 -0.8383240598443359 0
4663 -0.683653462210971 -0.5879590359298119 0
4664 0.5441733044211639 -0.7752775262795837 0
4665 -0.6748343685737789 -0.5925970822612046 0
4666 -0.05707689841136846 -0.9666106989886218 0
4667 -0.0086795933955525 -0.895976621950016 0
4668 0.5245767693295454 -0.7263322125225686 0
4669 -0.07377857890609209 -0.9773960738890941 0
4670 -0.06498619575907641 -0.9817613787463315 0
4671 -0.08208134140638225 -0.982451724092103 0
4672 0.7884392644336398 -0.4451009064404453 0
4673 -0.2236447858045199 -0.8692473542809158 0
4674 0.7145870099234989 -0.5331437267758945 0
4675 -0.817198071355401 -0.4885631615491406 0
4676 -0.7872610326687002 -0.3778079021797512 0
4677 -0.03962913344311764 -0.9754780861161281 0
4678 -0.0306465180043046 -0.9814521677556005 0
4679 -0.04855934435673543 -0.9816176975566353 0
4680 0.358924821510104 -0.8835446672320341 0
4681 0.535286252624332 -0.7707014128125255 0
4682 -0.5294662955231725 -0.7763510201642148 0
4683 -0.2672375366497546 -0.8559442110635935 0
4684 -0.7470134670517444 -0.5156548309633401 0
4685 0.8832345492666145 -0.2421027817472888 0
4686 0.6333215798263258 -0.6465473162961997 0
4687 -0.4493112066106216 -0.8381061668591799 0
4688 0.8756856229213006 -0.2670928611898268 0
4689 -0.06688488335792282 -0.932605734325237 0
4690 -0.8156299595077 -0.3341381399218336 0
4691 0.864532445203695 -0.1940329049223614 0
4692 0.3045460621648788 -0.8261317288884541 0
4693 0.9024479653246165 -0.2907053198816109 0
4694 0.3739643988121883 -0.8329487866162341 0
4695 0.8883278204428016 -0.3609733300106833 0
4696 -0.9391516311547852 -0.2494804928322757 0
4697 -0.9476033736863612 -0.2547669835265451 0
4698 -0.6660126633568046 -0.5972352334477453 0
4699 -0.4581187201343445 -0.833464301535096 0
4700 -0.1696777169226089 -0.9268893820412027 0
4701 0.171200003285095 -0.9319869003742626 0
4702 0.673485819850394 -0.5798916141634016 0
4703 -0.03358518127322319 -0.9018572691514307 0
4704 0.3673707503624176 -0.8781487060857599 0
4705 -0.2581185550348402 -0.8705769067802043 0
4706 0.5166486885973102 -0.7416671847314499 0
4707 0.1380999901300092 -0.973411360196893 0
4708 -0.1106233052932706 -0.8999229392321851 0
4709 -0.6123133061744631 -0.6449610574193545 0
4710 -0.4585414359725257 -0.823462477659832 0
4711 0.5274030689875421 -0.7860154601398697 0
4712 0.8712793240658643 -0.06975114268932116 0
4713 0.8366827074968857 -0.363183252893056 0
4714 0.3042132181538019 -0.8166805573188021 0
4715 -0.2493031105733692 -0.8752249043307359 0
4716 0.6735554130066137 -0.5704073820974616 0
4717 -0.8079939584174836 -0.5031294320665534 0
4718 0.2709739036259762 -0.8476049027142907 0
4719 0.5190252046472458 -0.7913797540304394 0
4720 0.7804764059410685 -0.4604195257213631 0
4721 -0.2757120097864568 -0.8612686285516391 0
4722 0.9551648710816406 -0.008356650505462693 0
4723 -0.6127090219102229 -0.6350251487023201 0
4724 -0.6571940924366309 -0.6018675958971045 0
4725 0.5082580972093758 -0.7470369795426179 0
4726 -0.1019220183817404 -0.9045412137738407 0
4727 -0.1452468060780147 -0.8912067816097153 0
4728 0.3735276754685747 -0.8229763602099136 0
4729 -0.5394615875900692 -0.7418610801127082 0
4730 0.7720738165344755 -0.4657776345543692 0
4731 0.5101091716142759 -0.7868055339057906 0
4732 0.9084336214837234 -0.2360941507360915 0
4733 -0.7562438946330043 -0.5010562171430528 0
4734 -0.4757399202722074 -0.824192457989495 0
4735 0.7225368531172147 -0.5178347387585645 0
4736 0.4993697685473469 -0.7424547976387134 0
4737 0.03331629444292863 -0.8990878299059244 0
4738 -0.1780944188351289 -0.9321823644562051 0
4739 -0.6045856475454614 -0.6302807770684641 0
4740 -0.4845431822841638 -0.8195503235072891 0
4741 -0.7995632490638171 -0.4978109183239988 0
4742 0.8446651586085203 -0.3479004433679184 0
4743 -0.2045490724599723 -0.9183490834130092 0
4744 -0.221778361146027 -0.9190177419626706 0
4745 -0.5310012619031519 -0.7365507259427559 0
4746 -0.4849832863606349 -0.8095284751678102 0
4747 -0.1869006620122761 -0.9275674853866296 0
4748 0.390760041823251 -0.822219570255429 0
4749 0.2702448550972433 -0.8372123992702503 0
4750 0.3753284479049744 -0.8627722068563786 0
4751 0.4914538594491001 -0.7577914209464059 0
4752 0.5022434463171052 -0.8021203028115006 0
4753 -0.906528985627024 -0.218414000920875 0
4754 0.4938535459228538 -0.8074828919790038 0
4755 0.8526310192493805 -0.3326160480135271 0
4756 0.3991555143644371 -0.8168412149359148 0
4757 0.8522080971260816 -0.3226773317870384 0
4758 0.4849199818885104 -0.8029103607863068 0
4759 0.9381486419168721 -0.2888620557248866 0
4760 -0.5021436555369352 -0.8102992306918813 0
4761 0.4830768248608994 -0.7631601836492306 0
4762 -0.5109496983488674 -0.8056637715593042 0
4763 -0.5218427344398694 -0.7511610413939143 0
4764 0.8908119566329998 -0.2173495543260548 0
4765 -0.8904597919355727 -0.1886920677246405 0
4766 -0.5114243833571127 -0.7955945260042632 0
4767 0.7632192533404917 -0.4611708282246024 0
4768 0.4741152532339086 -0.7585873628899664 0
4769 0.3987137290680101 -0.806909087676307 0
4770 -0.3278095541468066 -0.7940600680033575 0
4771 -0.7743011304696511 -0.4818364381597469 0
4772 0.4770951864424418 -0.8182191153678322 0
4773 0.6328716456355739 -0.6366027924079743 0
4774 0.9156549922945467 -0.2114324586677914 0
4775 0.7628910772778462 -0.4512034591885779 0
4776 -0.513028046908182 -0.7558050967614183 0
4777 0.08615188156594394 -0.9455946943642517 0
4778 0.4681314820306015 -0.8136475816731559 0
4779 -0.9230331470842696 -0.2289788340541868 0
4780 -0.5285730287499011 -0.7963800506513314 0
4781 0.4663041619173712 -0.7739050418760911 0
4782 -0.9591191521038928 -0.211126977521576 0
4783 0.7534755018993057 -0.4454712599737489 0
4784 0.07026546967270594 -0.9754941645604538 0
4785 -0.7835356338050086 -0.4672469284760477 0
4786 -0.5990266411383595 -0.7782014228834842 0
4787 -0.592159392405285 -0.7932717413991934 0
4788 -0.6083418932149951 -0.7822233044901999 0
4789 -0.07485493750471568 -0.9476461093813084 0
4790 0.9425231606789082 -0.2351069390497255 0
4791 0.4603240003653318 -0.8289536615722595 0
4792 0.7137618048506835 -0.5133445890964022 0
4793 -0.1540197071033067 -0.8865617274740371 0
4794 -0.648748127151032 -0.5965411853210258 0
4795 0.4578832504318442 -0.7792710517720659 0
4796 -0.5045408475647143 -0.7505097070629734 0
4797 0.451342490058194 -0.8243839639985816 0
4798 0.7049921847283147 -0.5093232200775927 0
4799 -0.1022976527301706 -0.8947225067567538 0
4800 -0.7927691336887317 -0.4526550556259171 0
4801 -0.640275077925321 -0.5911145858603302 0
4802 0.4489301872819071 -0.774647036755528 0
4803 0.624055718483538 -0.6320575137871988 0
4804 0.4435374706228642 -0.8396936444728359 0
4805 -0.05705432062006039 -0.9761168782238863 0
4806 0.4351004982317629 -0.8450555452989655 0
4807 -0.1543899004039802 -0.8766294539020533 0
4808 0.4411064313894422 -0.7900293244064287 0
4809 -0.7237186083334178 -0.675671503568107 0
4810 -0.4953695581128693 -0.7650993663946452 0
4811 0.6155481947712486 -0.6277704573031005 0
4812 0.8673327594870075 -0.2724074159837256 0
4813 -0.8020006231315773 -0.4380925739015423 0
4814 -0.5290330552012459 -0.786350249659472 0
4815 0.4261366980622896 -0.8405047440420781 0
4816 0.9002368638217717 -0.04046507922274081 0
4817 0.4321562675216856 -0.7854617920194307 0
4818 -0.06649569174851497 -0.9423862607713707 0
4819 -0.7935878457544003 -0.432727707911596 0
4820 -0.4865571872570545 -0.7697440901254471 0
4821 0.03368480110069196 -0.9088329530447926 0
4822 -0.7939825095066967 -0.4227866689945289 0
4823 0.107599094164532 -0.8606423536141321 0
4824 0.4183790262991232 -0.8557954593025104 0
4825 0.409934996803518 -0.8611556729049866 0
4826 -0.863953178723957 -0.07994348513281635 0
4827 0.424286694009173 -0.800775330980537 0
4828 -0.04424404935674765 -0.9907866137700602 0
4829 0.8822336365772339 -0.2128392109035706 0
4830 -0.1460054330905859 -0.871437185896547 0
4831 -0.4780704090002561 -0.7644608176358583 0
4832 -0.85889525764442 -0.168547148859875 0
4833 -0.1949551946477531 -0.9428040498537549 0
4834 0.4010070059509144 -0.8566160508091719 0
4835 0.6800417796690584 -0.7083054896524034 0
4836 0.6897016391985895 -0.711018820342957 0
4837 -0.2408508136724505 -0.8699349631876323 0
4838 0.4159044211573016 -0.806150913850345 0
4839 -0.9640403883684212 -0.1136395493256001 0
4840 0.9688449772397416 -0.1477723325475871 0
4841 0.393235484605031 -0.8718779567080532 0
4842 0.04305541253564788 -0.9328657743819371 0
4843 0.3720039619676112 -0.7831046031312164 0
4844 -0.4689194300300804 -0.7790376778935979 0
4845 -0.08349415968876035 -0.9430587048287991 0
4846 -0.4600882915787722 -0.783678454672881 0
4847 0.3604116154757011 -0.9137751287193143 0
4848 -0.8801064264317982 -0.2220593631517036 0
4849 -0.9626963228511985 -0.2383082545020188 0
4850 0.940112806203994 -0.2053776062888737 0
4851 0.9624144563190066 -0.2393897565360878 0
4852 0.952023851294504 -0.2401448901384411 0
4853 -0.4515950598760682 -0.7783771162298146 0
4854 0.07881999469053373 -0.9806071903171297 0
4855 -0.9648602824501978 -0.1863046739210324 0
4856 0.1178231600100496 -0.8949103586577307 0
4857 0.02465089767052742 -0.9921105816218128 0
4858 0.8433923270183692 -0.3180639990597071 0
4859 0.005203132593044587 -0.9921225712486121 0
4860 0.9302310322851324 -0.172983570163829 0
4861 -0.4424981208888876 -0.7929923603697494 0
4862 -0.8456325442737761 -0.2197869227471451 0
4863 -0.9039795583744119 -0.267847036738147 0
4864 -0.4336823853268028 -0.7976352833054428 0
4865 0.3842441614351148 -0.8673348605906808 0
4866 -0.02481351543602917 -0.9911359221084767 0
4867 -0.01469455911187917 -0.9898510201669701 0
4868 0.8345816603212183 -0.3134524371190833 0
4869 -0.02442338823360768 -0.935719700403047 0
4870 -0.7855682510879669 -0.4174346475165337 0
4871 0.8589463473446997 -0.2777209435709337 0
4872 -0.2698468245780339 -0.8151290478607659 0
4873 -0.4251266429083415 -0.7923209785000561 0
4874 -0.7769414332370097 -0.4222548242142581 0
4875 0.5693861241555731 -0.8115562953970178 0
4876 0.9171088245029799 -0.2406400366881492 0
4877 0.1027521020523046 -0.9859939945019633 0
4878 -0.2412445214289191 -0.859967656125464 0
4879 -0.1033106759940408 -0.9860787505774695 0
4880 -0.0973761028902391 -0.9780657339367631 0
4881 -0.416010802714819 -0.8069380585366241 0
4882 -0.2416287950736667 -0.8500133418588224 0
4883 -0.369723383266009 -0.9197369709190701 0
4884 0.764176461636082 -0.6321708176366378 0
4885 0.5028345212316881 -0.8545067830518108 0
4886 0.9084279108811608 -0.3974070078068744 0
4887 0.849402728970714 -0.5117240097426475 0
4888 -0.7050493045793239 -0.698102111509709 0
4889 -0.2677033173648671 -0.954651419119447 0
4890 0.7868269201708459 -0.600391185436121 0
4891 -0.7888806927625933 -0.6007197499300528 0
4892 0.8177407666436031 -0.5599721492347651 0
4893 -0.7383786194283244 -0.6614477290373671 0
4894 0.3150843816039464 -0.9403393747454732 0
4895 0.2951057388895728 -0.9455849295318397 0
4896 0.8060059506594681 -0.5771881998812276 0
4897 0.9344973006983508 -0.3334710078896541 0
4898 -0.8066512462050901 -0.5775617801142381 0
4899 0.4146790836834029 -0.8996443199082621 0
4900 0.1715199371757491 -0.976733991359756 0
4901 0.1619163215736377 -0.9783138576619468 0
4902 0.1910680204071569 -0.9723789561676752 0
4903 -0.9340909526278641 -0.33271292088208 0
4904 -0.1703774783265799 -0.9759899096770965 0
4905 -0.1909680448640121 -0.972956137191184 0
4906 -0.2005122358607755 -0.9705060092687594 0
4907 -0.1229183140391639 -0.9841596236849042 0
4908 -0.1426164868616818 -0.9798906838820175 0
4909 0.4603152204052561 -0.8784879362533278 0
4910 -0.7578265418628687 -0.6380296198598245 0
4911 -0.7446680124485126 -0.6541454211284028 0
4912 0.7045360922745487 -0.6981890275087257 0
4913 0.8004496356921843 -0.5851714702814323 0
4914 0.2679121133648764 -0.9527186923979973 0
4915 -0.9561317680576187 -0.2582444976295719 0
4916 0.8589496439171902 -0.4948433454830053 0
4917 0.8679987788698855 -0.4765931695254705 0
4918 0.1225259433719305 -0.982647195971075 0
4919 -0.4071392031895837 -0.8115706264365601 0
4920 0.8505393643652026 -0.2830216542824635 0
4921 -0.3986546648560788 -0.8063274684967774 0
4922 0.8258029948132832 -0.308840855024015 0
4923 0.1349624714731317 -0.89402043103352 0
4924 -0.4083076086680093 -0.9048006905882029 0
4925 -0.3895059944308075 -0.8208511731317555 0
4926 -0.8756612630506682 -0.1600749815855684 0
4927 0.9292494625424148 -0.155132245237234 0
4928 0.007988512218956328 -0.8952299949938788 0
4929 0.8176780861745325 -0.3039578099352862 0
4930 -0.3809924395694538 -0.815591386980959 0
4931 -0.09214404335414568 -0.9384743073441884 0
4932 0.126579728960875 -0.8994138904733351 0
4933 0.8413601929795456 -0.2685690991146697 0
4934 0.02610837202193046 -0.9336109787608479 0
4935 0.5572635141795578 -0.6533275123560951 0
4936 0.4870646193663069 -0.8527168027334477 0
4937 0.9230941112029412 -0.1967142675899723 0
4938 0.09487056262468629 -0.9501298911666867 0
4939 -0.1110034652340595 -0.8901059162744855 0
4940 0.9175628181880275 -0.2504721861347517 0
4941 -0.5857372550511686 -0.6692042809874859 0
4942 0.1344522814327915 -0.8841254792574345 0
4943 0.8330056090265552 -0.2738237011921764 0
4944 -0.8494159818514646 -0.5118282501903242 0
4945 0.1339756760788903 -0.874204541499538 0
4946 0.4070722206478521 -0.8016031227790864 0
4947 0.8243421144747091 -0.2692677886796538 0
4948 -0.9263633486846709 -0.3519077254648507 0
4949 -0.9720215576925815 -0.1368789032840551 0
4950 -0.1197553650428423 -0.8854455425129877 0
4951 0.9092925908653737 -0.2557383817541659 0
4952 0.8344299306121949 -0.5175137830908265 0
4953 0.1337180422390761 -0.8646371514244378 0
4954 -0.3722562265487895 -0.8202192403506043 0
4955 -0.7425201714959651 -0.6443705562228229 0
4956 -0.6225197026721661 -0.5906486645413189 0
4957 0.9385462173674621 -0.1771933750874026 0
4958 -0.9687888126581577 -0.04421851018701082 0
4959 -0.3638248329857297 -0.8149374462480463 0
4960 0.8634975967168026 -0.1464493365115178 0
4961 0.8551584823721907 -0.1420392758231087 0
4962 -0.355383710802099 -0.809602478001032 0
4963 -0.9769095514540773 -0.1710570309411776 0
4964 -0.9361513227671809 -0.06831573943765674 0
4965 0.857470180498337 -0.1777171787578563 0
4966 -0.000211075373889302 -0.9004312826320107 0
4967 -0.9633811271342642 -0.1502641070108865 0
4968 0.8825732627901171 -0.2225734344466556 0
4969 0.4066368079453623 -0.7916639979550268 0
4970 -0.346951054489994 -0.8043105115196328 0
4971 0.8770800474117232 -0.04675494991056545 0
4972 0.4061836952906143 -0.7816976555831627 0
4973 0.009156245339425412 -0.9343428309150479 0
4974 -0.2791933654965584 -0.8116611523963728 0
4975 0.3978321892918049 -0.7772802325687977 0
4976 -0.9052185772816714 -0.05710865433384167 0
4977 -0.1200982476190448 -0.8757037130961736 0
4978 -0.9471427084696564 -0.1676589443370844 0
4979 -0.962684598299036 -0.02039923195961747 0
4980 0.5975366673802115 -0.6286115615311751 0
4981 -0.8607733653746952 -0.1318051640316545 0
4982 -0.0685285730654383 -0.8638573479816504 0
4983 -0.9088159864591767 -0.3976083836285372 0
4984 -0.9455518774613018 -0.03806873213573678 0
4985 -0.8823864363026832 -0.0417592744098613 0
4986 0.9097198141571825 -0.2655815749643399 0
4987 0.9614575164255332 -0.04613062548674408 0
4988 0.9454895748016474 -0.03794395411761557 0
4989 -0.9146686737682006 -0.02528872998176816 0
4990 -0.4262113630221773 -0.7548662358117819 0
4991 0.918410163086895 -0.2701290993439437 0
4992 -0.8990223494444148 -0.03399202976595264 0
4993 0.9165529164045845 -0.3795475441547425 0
4994 0.9079182534121705 -0.04454132811223877 0
4995 0.05751107334036326 -0.8749465013665134 0
4996 0.8616598279055677 -0.1101934314671375 0
4997 -0.6691198484735472 -0.7318375501275834 0
4998 0.8743225055417865 -0.2278141365765598 0
4999 -0.007709643249111596 -0.93502015173836 0
5000 0.9189319187937217 -0.2800271273898442 0
5001 0.1035929763886507 -0.954671142128402 0
5002 0.8633748981457965 -0.1281076555085393 0
5003 -0.8992711844212172 -0.1656024856932767 0
5004 -0.8678214116870701 -0.1550968781992503 0
5005 -0.01655475764031401 -0.9107547000493836 0
5006 -0.01590233685837965 -0.9402368019676569 0
5007 -0.008414771794433493 -0.9056672905426857 0
5008 0.8656329687233764 -0.2232982781264721 0
5009 -0.9460494780523901 -0.2962868875352935 0
5010 0.2367564438712108 -0.8491679288444748 0
5011 0.9306548646949349 -0.0565858959485529 0
5012 -0.8826289191952388 -0.1837596007371156 0
5013 -0.7219930119681292 -0.4798592069498538 0
5014 0.8532405643440057 -0.09568345969950205 0
5015 0.1123652749847302 -0.9592510987312303 0
5016 0.7373691381138965 -0.6324011632140394 0
5017 -0.8642030426191676 -0.07007613797621531 0
5018 -0.9713571096019615 -0.1190028489320899 0
5019 -0.9669658713787682 -0.2197263226432522 0
5020 0.8927652283900509 -0.08465000330607257 0
5021 0.9464033487957155 -0.1721740267980559 0
5022 0.8712626216793026 -0.07794150529423843 0
5023 0.8630797192054371 -0.08162902450216392 0
5024 -0.8225067702628589 -0.553172943098293 0
5025 0.9236118652724056 -0.2062287583628724 0
5026 0.1127574114066091 -0.96902928399166 0
5027 0.9608379851383574 -0.0364656729608332 0
5028 0.8614442259655848 -0.1007359041061782 0
5029 0.9278761756728233 -0.2844794578712618 0
5030 0.7701156049882534 -0.4160550546526413 0
5031 -0.9372067705344196 -0.3242123415995025 0
5032 0.975967593383624 -0.1155415684209562 0
5033 -0.1003994925866844 -0.9436934514309037 0
5034 0.9460805495382694 -0.2963862937797623 0
5035 0.9780667739527564 -0.162371796167116 0
5036 0.9020975622981102 -0.06655426662188556 0
5037 -0.9496656357072976 -0.07743307506403646 0
5038 -0.9568793570281479 -0.08354014253990136 0
5039 0.5777143310786034 -0.8058146876212808 0
5040 -0.4702962835320247 -0.7395206715456226 0
5041 -0.55332207838042 -0.8224848550610749 0
5042 0.8562615368704055 -0.1887285406947214 0
5043 -0.03342235497117482 -0.9116002428839761 0
5044 -0.9279122244071585 -0.3037056292540276 0
5045 -0.1000467302674718 -0.9535719840877883 0
5046 0.885549897911627 -0.1140967078017664 0
5047 0.9840218976447078 -0.1222669123663069 0
5048 0.7821609534656633 -0.3571266544797052 0
5049 0.8067865540081427 -0.2923835029478142 0
5050 0.6955374644615493 -0.5048127480435215 0
5051 -0.09958619369805469 -0.9633487522944385 0
5052 -0.8079037708555976 -0.2911504191040593 0
5053 0.8574261155405898 -0.2284232994264178 0
5054 0.2585809559535696 -0.9471259555619229 0
5055 0.4860417625460797 -0.8641828343011015 0
5056 -0.9712756231434972 -0.1555162320311689 0
5057 0.9428984869493939 -0.2540990980383752 0
5058 0.9322278449278099 -0.2106433055316106 0
5059 0.7575397774158811 -0.6391218583820144 0
5060 -0.02329540503031786 -0.9651163079127048 0
5061 -0.8652229164545251 -0.007442065057835318 0
5062 -0.7786027553602096 -0.3825068393328108 0
5063 0.2068847682072342 -0.9595983900577592 0
5064 0.8654551288739928 -0.007832777898070518 0
5065 -0.2982249670370782 -0.9366733875642617 0
5066 -0.9766149736773621 -0.04068364051533332 0
5067 -0.872737873645544 -0.06509110435388499 0
5068 0.8847356894508487 -0.09646178542287923 0
5069 -0.01553804322990358 -0.950121236024114 0
5070 -0.7144100106504458 -0.49499022864958 0
5071 0.7397245346118769 -0.6443418589296896 0
5072 -0.7233008690273366 -0.6643548663795666 0
5073 0.3242583080421436 -0.9373396466027643 0
5074 -0.9380555586550057 -0.03286642378039146 0
5075 -0.8635985672246967 -0.2117425548992126 0
5076 0.6548801844698452 -0.7449386747813882 0
5077 -0.01520933965066184 -0.9599686126356508 0
5078 0.8659346752029342 -0.4459162295662074 0
5079 -0.1467055469098117 -0.8619089777691663 0
5080 0.8737006644916213 -0.4309871600694413 0
5081 0.8672336070366067 -0.04299975630841203 0
5082 -0.6908220878871818 -0.7117395148815211 0
5083 0.9552091965290735 -0.1764620556491681 0
5084 0.7372114554625223 -0.4576020810626841 0
5085 -0.8996102855526847 -0.1564586160157729 0
5086 -0.02307809338587818 -0.9750860550384939 0
5087 -0.8937561128918041 -0.1146936793979444 0
5088 -0.3382769070666529 -0.7992360956805075 0
5089 -0.4614957911640345 -0.7443214143034116 0
5090 -0.9124968070809896 -0.0616134248744626 0
5091 -0.1988997223055485 -0.8437665725254229 0
5092 -0.9524895315669613 -0.1201680156410901 0
5093 -0.3604139973051295 -0.9141752268605168 0
5094 -0.8595901060583735 -0.1590409541559134 0
5095 -0.7224854462464534 -0.4629655785375786 0
5096 0.9667527145376404 -0.2200858032844822 0
5097 -0.7050700370298582 -0.6830548960431213 0
5098 -0.8874155082247732 -0.4433083443765315 0
5099 0.9213158573840016 -0.3396041052995552 0
5100 0.9239031868077063 -0.07015052613224948 0
5101 -0.5178650794571327 -0.6843989162075176 0
5102 -0.6334701396967868 -0.749979158015607 0
5103 0.7763966756205801 -0.6174142779846056 0
5104 -0.817206385689335 -0.262817837871158 0
5105 -0.8550698968903049 -0.2057699881835436 0
5106 0.6472549292635486 -0.7512278635310388 0
5107 -0.1640036760898867 -0.8527905933487141 0
5108 0.8030490800982319 -0.5678300065137055 0
5109 0.3701229002960207 -0.9199750602321659 0
5110 -0.09933305244955701 -0.8611007992479938 0
5111 -0.8586481834583285 -0.4939986212400212 0
5112 -0.9205849117283771 -0.0581610505619044 0
5113 -0.4791726690167616 -0.7147580415705408 0
5114 0.9724670770459614 -0.190963860215486 0
5115 0.9651206356043152 -0.1809996814342852 0
5116 0.7855977185039221 -0.5897751995835039 0
5117 0.9491359476067603 -0.2099191361920765 0
5118 -0.9161420765301138 -0.3796245134690535 0
5119 -0.576173913008366 -0.6585954697787453 0
5120 0.9523619228814117 -0.1226034780801436 0
5121 -0.8051243835275483 -0.5623135491594171 0
5122 -0.5536616345966027 -0.8119037312258035 0
5123 -0.8822365310762628 -0.1932242443431744 0
5124 0.1426923554537933 -0.9817989278905142 0
5125 -0.3865592427525685 -0.8901174748021203 0
5126 0.643547491287099 -0.5674341713348892 0
5127 -0.8976823121827238 -0.08732210318149995 0
5128 0.004811317793163235 -0.8576254541715217 0
5129 0.5788891922485859 -0.7941823962161869 0
5130 0.6686398695729048 -0.5571750752729838 0
5131 0.1774595387439463 -0.8573699013846255 0
5132 -0.8014734971524489 -0.335593490132689 0
5133 0.9076315928003157 -0.03551508171066743 0
5134 -0.6857461750579412 -0.5298964311546822 0
5135 -0.9919410005325314 -0.01446270983806419 0
5136 0.9919061357758132 -0.01537267715384514 0
5137 -0.3246153889956027 -0.9317742381573519 0
5138 0.372598969179185 -0.7732652846610439 0
5139 0.4696121089028583 -0.8637080181223296 0
5140 0.4070713572429934 -0.9057304383713485 0
5141 0.9798792759575617 -0.09104753783795745 0
5142 0.9046735588730608 -0.008142890186137973 0
5143 0.9522586645272698 -0.1127380420214952 0
5144 -0.3775664310224757 -0.8949693165103721 0
5145 -0.801083889245199 -0.585759612391572 0
5146 0.3813508430284299 -0.7686149359198835 0
5147 0.08382668970657464 -0.9888672100301559 0
5148 0.01033267212479387 -0.9834114867329937 0
5149 0.090779133778468 -0.8624085054739559 0
5150 0.9438997027293898 -0.305654467150153 0
5151 0.9528906137505676 -0.1312595550425943 0
5152 -0.9653561618905386 -0.0792390149118732 0
5153 0.6261745292991739 -0.5987165373308019 0
5154 -0.9387199343139696 -0.02385038364364888 0
5155 -0.8382131278496858 -0.1856299437610783 0
5156 0.6627025355839847 -0.7295745113499124 0
5157 0.95282697808343 -0.03288042135106581 0
5158 0.220047943349233 -0.9674902205499106 0
5159 0.2874990491640881 -0.8172732794476808 0
5160 -0.8366302144706573 -0.2453163592236058 0
5161 -0.3455202926024624 -0.7854335616614796 0
5162 0.9452085799134742 -0.1359995086571427 0
5163 0.1507256272776864 -0.8547029912130306 0
5164 -0.8816765288653214 -0.2027048950663353 0
5165 0.8967617812819523 -0.1737114371720084 0
5166 0.04226048715673161 -0.8738699081917308 0
5167 -0.8695101484076353 -0.4614028657297052 0
5168 0.8844740394920849 -0.1044173167020059 0
5169 0.02722376940415394 -0.9722438798853622 0
5170 -0.9234690882341658 -0.189845070706302 0
5171 -0.8617401968518262 -0.1031916848645303 0
5172 -0.89266519215996 -0.1244428842479088 0
5173 -0.8273295962602686 -0.2598832438558324 0
5174 0.9520739410136301 -0.2779352919526859 0
5175 -0.9705303774959386 -0.01754645881921765 0
5176 0.7627826554064709 -0.4312792982793381 0
5177 0.7624345025073237 -0.421769391258792 0
5178 0.06447151348983302 -0.990025625050448 0
5179 -0.9437932284341384 -0.3057956148410379 0
5180 0.7761832206125445 -0.3666619236481595 0
5181 0.8835920777054558 -0.4511506053539108 0
5182 0.1818415775696327 -0.9658138475654845 0
5183 -0.5511141961645423 -0.6684374431602684 0
5184 -0.2869425894793366 -0.9497271488955257 0
5185 -0.28693746337637 -0.8174236368542529 0
5186 -0.9405361075352775 -0.1364424732040455 0
5187 0.9666176160346724 -0.09292127730167384 0
5188 -0.9156291515447643 -0.1320484397761455 0
5189 -0.9726685373694052 -0.09225734949250095 0
5190 0.5944155877157055 -0.7958218313965481 0
5191 0.9771008391970912 -0.1717081017226819 0
5192 0.3515514651281715 -0.9279304580222447 0
5193 -0.9727644152343623 -0.08329240815728134 0
5194 -0.6042080248934667 -0.6210736032270145 0
5195 0.7138735155098447 -0.4947154987049203 0
5196 0.719606007875585 -0.683343768812846 0
5197 0.8879611294248011 -0.4425860675027957 0
5198 -0.8728979991403426 -0.2073208530943251 0
5199 0.4689572205619341 -0.8737045681908975 0
5200 0.8835352886325628 -0.02358783789290175 0
5201 -0.1838957013705932 -0.966564377069053 0
5202 0.9226971142364896 -0.03475272540880683 0
5203 -0.8911319903516258 -0.01672777324380305 0
5204 -0.829755150480609 -0.224297048391401 0
5205 0.8097964616359905 -0.3081774729554728 0
5206 -0.2192662142526345 -0.9672231648767442 0
5207 0.1546476046151946 -0.9719873524330468 0
5208 0.6878638331798241 -0.5126750866324709 0
5209 0.1912743312741604 -0.8372352304473003 0
5210 -0.351786500842136 -0.9278467981448499 0
5211 -0.9467787255036464 -0.2643440818212534 0
5212 0.09552519092939683 -0.9793566373132025 0
5213 0.5894895593674067 -0.6348531384342467 0
5214 0.9579656832769914 -0.2241394002291183 0
5215 0.2871651427392206 -0.9507663377875221 0
5216 -0.1067965146089724 -0.9774922124960771 0
5217 0.4879994741234016 -0.7181098608568728 0
5218 0.433605082173516 -0.8925225460202468 0
5219 -0.6677051764576102 -0.5683870298256303 0
5220 0.7381156294056911 -0.6627656989362075 0
5221 -0.02412222664626978 -0.8574700608581493 0
5222 -0.3545051088309135 -0.7812809484542494 0
5223 0.9744524459939705 -0.007713100133354691 0
5224 -0.4447001343156652 -0.7443340220478619 0
5225 -0.2545243993355477 -0.9490535134305821 0
5226 0.8559005685486332 -0.132194674206051 0
5227 -0.9785638339952497 -0.1616441737205001 0
5228 0.5574409512178656 -0.6756368993055896 0
5229 0.8356403340609804 -0.5361242650922955 0
5230 -0.8509937808380335 -0.1622789454742797 0
5231 -0.0638979133928832 -0.9904302568498553 0
5232 0.6483641272484911 -0.5868978396511948 0
5233 0.9135810570995194 -0.3639355219071002 0
5234 0.6540377161620374 -0.7352013301033212 0
5235 -0.2961945748837847 -0.9464075533430123 0
5236 0.3306614079011969 -0.8114212258585001 0
5237 0.9838165170269999 -0.0203865428739357 0
5238 0.1942833806115237 -0.8572617733074392 0
5239 -0.2165669200078457 -0.8446574067299588 0
5240 -0.5701917948426053 -0.8123558511543848 0
5241 -0.5792955930298516 -0.6332484838876749 0
5242 -0.7869447081651215 -0.5911360267176545 0
5243 -0.9558533414267334 -0.231183965520461 0
5244 0.2537113311397886 -0.829801609705529 0
5245 -0.4531174377004066 -0.7395981360672201 0
5246 -0.8762767372321318 -0.01720684433540281 0
5247 0.8497383957516741 -0.2335366339144368 0
5248 0.7526615045250142 -0.4106368012874452 0
5249 0.2286757773982742 -0.8352764441329291 0
5250 0.865139465522527 -0.1736577986693018 0
5251 0.3896244039662702 -0.7729075758643096 0
5252 -0.435675573571196 -0.7493237654138662 0
5253 -0.8339721827403281 -0.5373047124456412 0
5254 0.8163057174841341 -0.2641146720952817 0
5255 0.4526821248548366 -0.8733100169444911 0
5256 -0.7690515353777091 -0.4179190083430774 0
5257 -0.9730022102990563 -0.1919341228333176 0
5258 -0.161933215878569 -0.9801046125863737 0
5259 0.5954443952055154 -0.780958006667976 0
5260 -0.8429012328727634 -0.1552342267163526 0
5261 0.409151992211638 -0.753074074540106 0
5262 0.3933372419933416 -0.9000650357390083 0
5263 -0.9797131504908014 -0.0973748551906672 0
5264 -0.05337502613843632 -0.8559818792488181 0
5265 0.9523007158496353 -0.02360725226810696 0
5266 -0.9006342117977967 -0.02589984355213609 0
5267 -0.134152798257241 -0.9739001898174087 0
5268 -0.7656317556692196 -0.6326871309843908 0
5269 -0.6075380217448184 -0.7729921840732052 0
5270 0.9836876308532645 -0.0302909576247652 0
5271 0.8409690595801336 -0.2107839091949751 0
5272 -0.2429306364723369 -0.8416560570149265 0
5273 0.7776459684992298 -0.3822254816826951 0
5274 0.03863865802440776 -0.8646627870884022 0
5275 0.6624699330631048 -0.5440142803974766 0
5276 0.2298396489367314 -0.9647597301579349 0
5277 0.8855939544751555 -0.08770161121731043 0
5278 -0.6770361617042335 -0.72555050731349 0
5279 0.7207507256980635 -0.4799986369048181 0
5280 0.2029874357653661 -0.8335214069662413 0
5281 -0.7794198212170513 -0.3563993475692014 0
5282 -0.9068352396986757 -0.3822126294633872 0
5283 0.9384087110465751 -0.324628132213687 0
5284 -0.006830336865980878 -0.9830251938722618 0
5285 -0.527827496847788 -0.8347909577514525 0
5286 -0.675953803601739 -0.5550300692431792 0
5287 -0.8970007273443005 -0.4253652078388315 0
5288 0.9016050060317968 -0.1413484255257288 0
5289 0.4621834730790489 -0.7335431747361038 0
5290 -0.8088344205988315 -0.3079061345248281 0
5291 0.3080154260207413 -0.9346398952513697 0
5292 0.8495494013709591 -0.2437565576319922 0
5293 0.5294522421323556 -0.8386255741578963 0
5294 -0.885301148797808 -0.1027561443199335 0
5295 0.8751900912469194 -0.469198127078398 0
5296 -0.6343819747437828 -0.763897765088554 0
5297 -0.3732131785413548 -0.7915037999733827 0
5298 -0.2071232261123218 -0.8494205635335681 0
5299 0.9223406245058177 -0.02544917418791173 0
5300 -0.5427037133567618 -0.6829692992302804 0
5301 0.02824906332371217 -0.9828966650517547 0
5302 -0.296720716723979 -0.8136319590280975 0
5303 0.9370099852930488 -0.01622186044384177 0
5304 -0.08913395319297381 -0.9777257201311136 0
5305 0.8209992442226344 -0.2526673436114492 0
5306 -0.7617305035078136 -0.3926267004381179 0
5307 -0.426244572790917 -0.7637810958486996 0
5308 0.854436131528995 -0.06502459864283948 0
5309 0.8736661428111486 -0.4401916384848371 0
5310 -0.6968268920393708 -0.5135679352949534 0
5311 0.04407747074719838 -0.9916251354973548 0
5312 -0.1210589569385173 -0.8673026793430245 0
5313 -0.6486709113216245 -0.7516946128372036 0
5314 0.6748615910110152 -0.5279694681298127 0
5315 -0.6359903750693663 -0.5741932252296718 0
5316 0.9749208238153759 -0.1348837786277329 0
5317 0.4370066690051225 -0.7500346029528631 0
5318 -0.615355836901184 -0.5967591966427944 0
5319 -0.7870354020221655 -0.3380812753776838 0
5320 0.5420516882799533 -0.6737558185890632 0
5321 -0.3816618984781576 -0.7779126081413859 0
5322 -0.615823738023027 -0.7683076051832083 0
5323 0.9836390776510324 -0.03983672187993299 0
5324 0.554428910631515 -0.8224585389413526 0
5325 -0.925333308800302 -0.3341532171840393 0
5326 -0.9790267748202928 -0.1065728440296364 0
5327 0.9496242337696543 -0.2492048396778105 0
5328 -0.3418226230535951 -0.9314904932139664 0
5329 -0.8845889671483645 -0.110810022322453 0
5330 -0.9137247609525945 -0.1248817828325748 0
5331 0.811413535944201 -0.3289660154216465 0
5332 0.8501251349193109 -0.4955903007227265 0
5333 0.9001151220542056 -0.1301045107166204 0
5334 -0.4169025028265945 -0.7682777039423396 0
5335 -0.9250208390927749 -0.3617810772759989 0
5336 -0.9180291986837076 -0.01615637250307838 0
5337 -0.5155520739137963 -0.7082878853835515 0
5338 0.3981570789557841 -0.767399407061534 0
5339 -0.9549999999997375 -0.006645365744504997 0
5340 -0.3636729274949999 -0.7863486313210312 0
5341 0.7616354942118125 -0.6236426641582324 0
5342 0.610050445949277 -0.7841409595916708 0
5343 -0.7776073441153259 -0.616742036046354 0
5344 -0.9393378088654185 -0.01623231950092668 0
5345 -0.3067185762711102 -0.810246236408164 0
5346 0.4443406581189425 -0.8779812303617727 0
5347 -0.3905218738424759 -0.7823185760290763 0
5348 -0.1487725386067891 -0.8527497846984631 0
5349 -0.8361483835296527 -0.2555887765897774 0
5350 -0.696631616088466 -0.6958565085207914 0
5351 0.2962771953813852 -0.8130084011450009 0
5352 -0.9350425468057505 -0.3089404454123528 0
5353 0.8583691671178915 -0.4798445249899883 0
5354 -0.9908066825548522 -0.0630089941585668 0
5355 0.9728409765617655 -0.201062252492721 0
5356 -0.9474881896706766 -0.1763256157806385 0
5357 0.6875671858115553 -0.7022770005855826 0
5358 0.7614649159877441 -0.3924450501408595 0
5359 0.9046131014036366 -0.08090212354542765 0
5360 -0.9370335705112949 -0.07654925619174249 0
5361 -0.02221628591014919 -0.98328737861662 0
5362 0.02438669454756433 -0.8566073955076707 0
5363 -0.8696688255506377 -0.4791270271049671 0
5364 0.8029635423876169 -0.3448790394923056 0
5365 -0.3983672463333439 -0.7684184495143179 0
5366 -0.8090402322386868 -0.2815319308860432 0
5367 -0.9433727710058486 -0.07268089580624276 0
5368 -0.4076911940504753 -0.7639083271185674 0
5369 -0.7302256486779364 -0.6599654588837385 0
5370 0.8977547359764455 -0.4251914632485498 0
5371 -0.01306395542290069 -0.8573026033737374 0
5372 -0.5781636568208768 -0.8069414604936266 0
5373 0.9833336152032244 -0.04981924619727991 0
5374 -0.03951363778486932 -0.984022466809239 0
5375 -0.8861275981538977 -0.09634236794314455 0
5376 -0.8404910761207333 -0.5274621091174898 0
5377 0.9825075134910009 -0.05981055534965342 0
5378 -0.7696372816346355 -0.4055913862035935 0
5379 -0.7519061659779063 -0.4459424442884505 0
5380 -0.07808807209306767 -0.8613936409459937 0
5381 -0.7493305140162765 -0.638873393248941 0
5382 0.6231895455030323 -0.6141444196715454 0
5383 -0.03642151744415281 -0.8651161948384604 0
5384 -0.9732223608647672 -0.07518351299930134 0
5385 -0.1723372005666372 -0.8396824069574791 0
5386 0.9448148440019383 -0.07119958954460916 0
5387 0.7921865019501434 -0.5848989767740554 0
5388 -0.9924592079049918 -0.05443722665112094 0
5389 0.3427272901915099 -0.931371962794509 0
5390 -0.9692267988743724 -0.1726060814754916 0
5391 0.5817367294894399 -0.6408537477567162 0
5392 -0.9323295723199564 -0.1335097842213309 0
5393 0.6955313919169346 -0.6964497908986909 0
5394 -0.896049232722272 -0.4069711681440255 0
5395 0.9228302147252723 -0.01656041254932394 0
5396 -0.4639218227318398 -0.8763598598239299 0
5397 0.07573401649833857 -0.8628449231518756 0
5398 0.8411221625695458 -0.5121504583956451 0
5399 -0.8447030664184438 -0.145931800613031 0
5400 0.5573872218217639 -0.6635855520078395 0
5401 0.6692410224470283 -0.7339530216349509 0
5402 -0.9717331397133524 -0.2016958512341867 0
5403 0.8248756565692009 -0.5538075453539911 0
5404 -0.4464236330818854 -0.8759025327956625 0
5405 0.1336169806031566 -0.8557550301095166 0
5406 -0.2796440120250549 -0.9445518082726282 0
5407 0.925309084941996 -0.1301005756960188 0
5408 0.8984274754435806 -0.110895441690326 0
5409 0.7307629053914309 -0.4629274805523985 0
5410 -0.9243588779598011 -0.07149501925900204 0
5411 -0.949147264833881 -0.1339134982579972 0
5412 0.7438950125748901 -0.4439618703872037 0
5413 -0.7385598961589187 -0.4525979559280152 0
5414 -0.9560719678361023 -0.1816695516938687 0
5415 -0.4732903570801241 -0.8616850841066747 0
5416 -0.780168890475899 -0.3736022427240588 0
5417 -0.7195957072635666 -0.6846553836736738 0
5418 -0.4431480557038725 -0.889948657136897 0
5419 -0.884925925830079 -0.4520010177360538 0
5420 0.9508962632670729 -0.08923496717445104 0
5421 -0.7518837805965991 -0.4276135779166214 0
5422 0.1142565241964254 -0.9769845912793931 0
5423 -0.9073305281382595 -0.1276405185453294 0
5424 -0.9447871417141164 -0.1196690882830779 0
5425 -0.8410778620609888 -0.5127585843095311 0
5426 -0.9780285471984205 -0.1154357210967315 0
5427 -0.5333924351160467 -0.6703428150901849 0
5428 -0.6878960048240874 -0.538287494673668 0
5429 0.9361138971960321 -0.3077967716189287 0
5430 0.333852329307627 -0.7980725240806548 0
5431 -0.4868545858773859 -0.866308548434979 0
5432 -0.08387768898312947 -0.9902144050186581 0
5433 0.2011333444303517 -0.9731849488676156 0
5434 0.9875795181297926 -0.1041006788186208 0
5435 0.4439021762658558 -0.8876464536553693 0
5436 0.7267221823851856 -0.677829494485096 0
5437 -0.9541530856672819 -0.2778244019443875 0
5438 -0.9545271735540115 -0.2409489467896197 0
5439 0.3894146944179513 -0.9143130308633159 0
5440 0.5413963310083715 -0.6880835299262082 0
5441 0.7769639527857767 -0.6030048690741407 0
5442 0.8803096539671881 -0.4441207225374038 0
5443 0.8650864313069339 -0.1641701060838505 0
5444 0.8978797757123188 -0.07924191001418535 0
5445 -0.9523848254824679 -0.0888647667944121 0
5446 -0.4344850532227487 -0.8934982363185797 0
5447 -0.5431834352708841 -0.6736599183709381 0
5448 0.9515465315666015 -0.01555107911959176 0
5449 -0.921471867989351 -0.1397766938191936 0
5450 0.174928546123726 -0.9693135824272275 0
5451 0.61141891240271 -0.7699072569461303 0
5452 -0.9823349611055252 -0.04564629787933144 0
5453 -0.2128009889828253 -0.9613183346183896 0
5454 0.9044806826871237 -0.3900458070783361 0
5455 0.3969246837694284 -0.7594683317021018 0
5456 -0.3228016043319951 -0.8082947331615865 0
5457 0.7459077162011806 -0.6540356308496691 0
5458 0.06409566294330511 -0.8707153724867047 0
5459 -0.1037530594195146 -0.8671227649515734 0
5460 0.8963845026109754 -0.405797720100406 0
5461 -0.5970056794690374 -0.6265502323085068 0
5462 0.9594847712375354 -0.2589007235179192 0
5463 0.9574225859430223 -0.2329413991307199 0
5464 0.9062256464378645 -0.1280167514897739 0
5465 0.8999536793637264 -0.01442835281306009 0
5466 -0.5801730059941408 -0.6439061788546608 0
5467 -0.490406490327525 -0.852447878060512 0
5468 0.9563584008558351 -0.07552324048177116 0
5469 0.8551375146288023 -0.05492414714311208 0
5470 0.1172397479354099 -0.8575073973187806 0
5471 0.9263626470380789 -0.1397285843339638 0
5472 0.8185757102040035 -0.284301549925989 0
5473 0.80954986236707 -0.5615696121964826 0
5474 -0.8573369350231804 -0.007376837892247644 0
5475 -0.5171291746128621 -0.6941156497371059 0
5476 -0.1755522271552051 -0.9694853850769893 0
5477 0.8573369350583214 -0.007376837943098941 0
5478 -0.7248863217464058 -0.4710164066190428 0
5479 -0.623307781363275 -0.7726691816742215 0
5480 0.856763247820219 -0.1242049932746637 0
5481 -0.7751303437875294 -0.6070193646650391 0
5482 -0.4198253985509426 -0.8893910616675946 0
5483 -0.3334142133670692 -0.9270284048453334 0
5484 -0.8654222923838422 -0.08741341751730305 0
5485 -0.958502251007713 -0.1068133664831691 0
5486 0.9291693837555224 -0.3526558273846401 0
5487 0.9926466459195306 -0.007301544425949505 0
5488 -0.9926466459304382 -0.007301544432348692 0
5489 -0.84852398032095 -0.2109072387205809 0
5490 -0.0005410701493800316 -0.8640344298847327 0
5491 -0.5017517275379082 -0.7041699464551048 0
5492 0.9699945983398028 -0.1743342809727813 0
5493 0.6407371213133588 -0.5932470262711591 0
5494 -0.9587310380791214 -0.1187934618589445 0
5495 0.7564799246322792 -0.4361896803913283 0
5496 -0.2470948195790773 -0.8285568798975057 0
5497 0.2740348606517525 -0.9448006233773217 0
5498 -0.1264300400034537 -0.977098665061531 0
5499 -0.5777159324948565 -0.7981184992871119 0
5500 -0.6517652441640871 -0.5679089096857671 0
5501 0.6600436474272295 -0.5592522378272096 0
5502 0.1578359724930309 -0.8602159480782228 0
5503 0.9431715433678797 -0.2816571071267846 0
5504 -0.8207657533007445 -0.543593564000257 0
5505 -0.4706758950002541 -0.8748376766495142 0
5506 -0.675753002756619 -0.7172452582706982 0
5507 -0.5041937067902557 -0.8568165622233852 0
5508 0.09805427296215455 -0.8588019407301973 0
5509 -0.3128464761691919 -0.8152754069346621 0
5510 -0.9806076445188545 -0.0712930943258957 0
5511 -0.7148883360426705 -0.4871608509615483 0
5512 0.7908808042577044 -0.3527926619211437 0
5513 -0.8036838718410488 -0.5701908176527877 0
5514 -0.9840273801599961 -0.03784784229432022 0
5515 0.2370946060452809 -0.8316344677455536 0
5516 -0.1004533197474697 -0.9708958718069901 0
5517 0.8648493805221021 -0.074037761282122 0
5518 0.678960508808752 -0.7243939351424024 0
5519 0.9775354940779211 -0.07411982354252698 0
5520 -0.4167117151362852 -0.9027370572715973 0
5521 0.526033096238546 -0.6867650083149937 0
5522 -0.2174736958300155 -0.836653552249474 0
5523 0.8494320747705287 -0.206834727843128 0
5524 0.9758143138390299 -0.06268137240195219 0
5525 0.6900164745829045 -0.5207271016002684 0
5526 0.42681833257585 -0.8882058154141017 0
5527 -0.8762095741072492 -0.4669512185741895 0
5528 0.88246409949909 -0.01540984342134812 0
5529 0.415153401718698 -0.7584372830645361 0
5530 -0.3928540309946879 -0.9024413392801991 0
5531 0.1287781339202727 -0.9760766621860535 0
5532 0.2995359689221529 -0.9384524165704969 0
5533 0.6741665144242247 -0.5624664160576026 0
5534 -0.2304878593055056 -0.8345258010522854 0
5535 0.3045824321347534 -0.8088683441774506 0
5536 0.3363807966366297 -0.9266691419156448 0
5537 -0.9770087374108083 -0.1232808217963577 0
5538 -0.8513864432757403 -0.1977771173592579 0
5539 0.574352518192791 -0.6468326665243715 0
5540 0.21391819488026 -0.9621867224165125 0
5541 -0.8090950644195328 -0.3386491895856678 0
5542 -0.707635445469029 -0.4987555586783431 0
5543 0.6255805578125835 -0.7723995626787556 0
5544 0.8431530006508875 -0.2291961431327814 0
5545 0.9742304849327417 -0.1428017753969957 0
5546 0.03860840686413297 -0.9834361743327783 0
5547 -0.9644784001753643 -0.2043890352917823 0
5548 0.2596355531185293 -0.8256896652599972 0
5549 -0.9850256494380298 -0.0296731284624117 0
5550 -0.9846177620899637 -0.01561979497358608 0
5551 0.01965675428963337 -0.9856885269453998 0
5552 0.1461583585900138 -0.975259884429977 0
5553 0.03012973662052518 -0.8640433784428057 0
5554 0.3172989399270412 -0.8054875262851531 0
5555 -0.05895761188708713 -0.8619520357072725 0
5556 0.185901383621332 -0.8531288525118168 0
5557 -0.6168819730967199 -0.605215354942279 0
5558 -0.4019140469534705 -0.8991121540760885 0
5559 0.907679057291928 -0.1425240463278663 0
5560 -0.9069769824995101 -0.02343884045717513 0
5561 -0.8299520651605143 -0.2405420856502087 0
5562 -0.8497747952188754 -0.4970675094264858 0
5563 -0.2708715971019588 -0.9480008703319462 0
5564 0.9127759139325501 -0.372920348780944 0
5565 -0.7040016543949125 -0.6902475687621331 0
5566 -0.8850394235723571 -0.09075470306620124 0
5567 0.0008618576337562448 -0.9858172544835953 0
5568 -0.4591010746071652 -0.8810665840840259 0
5569 0.7058700840156706 -0.500703858726282 0
5570 0.7558219753742985 -0.4174047763471264 0
5571 0.7025823341663291 -0.6906886714921062 0
5572 -0.854401071196177 -0.1362255826370937 0
5573 0.08771525507185245 -0.9824720825428683 0
5574 -0.1493513511532878 -0.9731596833180676 0
5575 -0.8197697750761432 -0.5625150677967984 0
5576 0.2513885491043269 -0.9507693818460581 0
5577 -0.05787318859158303 -0.9837538495988665 0
5578 0.81084140411176 -0.2997136151862244 0
5579 -0.5184651304424213 -0.8469427540169804 0
5580 0.4502753707543087 -0.7447378210148471 0
5581 0.934110265557013 -0.1436198761517136 0
5582 0.05091496012086158 -0.8718104113576534 0
5583 -0.6563129545084613 -0.7471669216701242 0
5584 0.5180703383818265 -0.6915925082843954 0
5585 -0.5300695872881027 -0.8410740185790015 0
5586 -0.5788106291946373 -0.6657501201937106 0
5587 -0.9052688665402638 -0.3910093958122372 0
5588 -0.9256747193225502 -0.01539329808340262 0
5589 0.8623382670718112 -0.05078747349652693 0
5590 0.8297652691748842 -0.2471626261415269 0
5591 -0.8109970603351447 -0.2988203749861034 0
5592 0.6164542420086556 -0.620159069077069 0
5593 0.4233307020919264 -0.7539329032891087 0
5594 -0.3252807088444535 -0.9398485295397745 0
5595 0.1855848745215944 -0.8454790281361663 0
5596 0.06965027563935952 -0.9832135027118774 0
5597 -0.7936724190088527 -0.5858398685249365 0
5598 0.926754453774314 -0.3345625899082982 0
5599 -0.6688931547058615 -0.561237612911012 0
5600 0.9299813701820971 -0.01359362994366572 0
5601 0.7140077065115773 -0.4870055231936583 0
5602 -0.4988221671012202 -0.7181533355925408 0
5603 0.5394178445375371 -0.8281957228847456 0
5604 -0.8572141040166743 -0.4851474561971849 0
5605 0.9687788289249372 -0.01451863772845553 0
5606 0.8700703363211215 -0.01388365241090801 0
5607 0.2120869810608709 -0.8478866237517215 0
5608 -0.8689754316143308 -0.01389472604086634 0
5609 -0.09175830432432133 -0.8608219839929011 0
5610 0.9068660535167679 -0.1538209998611386 0
5611 0.8586992096606588 -0.1605056957280252 0
5612 -0.5086469165021706 -0.8329564985025486 0
5613 -0.9336522268358173 -0.3177416542599488 0
5614 0.8420185192856313 -0.5299096843055014 0
5615 -0.5807166595515509 -0.6530967974826756 0
5616 -0.923198605744212 -0.3433999003976455 0
5617 -0.8000615682635369 -0.3267442578385421 0
5618 0.9799672809274631 -0.1086169276489078 0
5619 -0.157225945038233 -0.8500144012261337 0
5620 0.5182753521839636 -0.8471338813227254 0
5621 -0.8374279633022073 -0.2184125528113576 0
5622 0.6637725629597511 -0.5519395716130505 0
5623 0.8651938384247231 -0.02770374612775653 0
5624 -0.6320087357579129 -0.7571194664704034 0
5625 0.7683499075489924 -0.617347545789986 0
5626 -0.1795734376530858 -0.8457382581930468 0
5627 0.4186107418657931 -0.8923743270818816 0
5628 -0.9527874180831323 -0.2500091720650342 0
5629 0.6333871159423796 -0.5992039151519428 0
$EndNodes
$Elements
11260
1 1 2 101 1 3 16
2 1 2 101 1 16 17
3 1 2 101 1 17 18
4 1 2 101 1 18 19
5 1 2 101 1 19 20
6 1 2 101 1 20 21
7 1 2 101 1 21 22
8 1 2 101 1 22 23
9 1 2 101 1 23 24
10 1 2 101 1 24 25
11 1 2 101 1 25 26
12 1 2 101 1 26 27
13 1 2 101 1 27 28
14 1 2 101 1 28 29
15 1 2 101 1 29 30
16 1 2 101 1 30 31
17 1 2 101 1 31 32
18 1 2 101 1 32 33
19 1 2 101 1 33 34
20 1 2 101 1 34 35
21 1 2 101 1 35 36
22 1 2 101 1 36 37
23 1 2 101 1 37 38
24 1 2 101 1 38 39
25 1 2 101 1 39 40
26 1 2 101 1 40 41
27 1 2 101 1 41 42
28 1 2 101 1 42 43
29 1 2 101 1 43 44
30 1 2 101 1 44 45
31 1 2 101 1 45 46
32 1 2 101 1 46 47
33 1 2 101 1 47 48
34 1 2 101 1 48 49
35 1 2 101 1 49 50
36 1 2 101 1 50 51
37 1 2 101 1 51 52
38 1 2 101 1 52 53
39 1 2 101 1 53 54
40 1 2 101 1 54 55
41 1 2 101 1 55 56
42 1 2 101 1 56 57
43 1 2 101 1 57 58
44 1 2 101 1 58 59
45 1 2 101 1 59 60
46 1 2 101 1 60 61
47 1 2 101 1 61 62
48 1 2 101 1 62 63
49 1 2 101 1 63 64
50 1 2 101 1 64 65
51 1 2 101 1 65 66
52 1 2 101 1 66 67
53 1 2 101 1 67 68
54 1 2 101 1 68 69
55 1 2 101 1 69 70
56 1 2 101 1 70 71
57 1 2 101 1 71 72
58 1 2 101 1 72 73
59 1 2 101 1 73 74
60 1 2 101 1 74 75
61 1 2 101 1 75 76
62 1 2 101 1 76 77
63 1 2 101 1 77 78
64 1 2 101 1 78 79
65 1 2 101 1 79 80
66 1 2 101 1 80 81
67 1 2 101 1 81 82
68 1 2 101 1 82 83
69 1 2 101 1 83 84
70 1 2 101 1 84 85
71 1 2 101 1 85 86
72 1 2 101 1 86 87
73 1 2 101 1 87 88
74 1 2 101 1 88 89
75 1 2 101 1 89 90
76 1 2 101 1 90 91
77 1 2 101 1 91 92
78 1 2 101 1 92 93
79 1 2 101 1 93 94
80 1 2 101 1 94 95
81 1 2 101 1 95 96
82 1 2 101 1 96 97
83 1 2 101 1 97 98
84 1 2 101 1 98 99
85 1 2 101 1 99 100
86 1 2 101 1 100 101
87 1 2 101 1 101 102
88 1 2 101 1 102 103
89 1 2 101 1 103 104
90 1 2 101 1 104 105
91 1 2 101 1 105 106
92 1 2 101 1 106 107
93 1 2 101 1 107 108
94 1 2 101 1 108 109
95 1 2 101 1 109 110
96 1 2 101 1 110 111
97 1 2 101 1 111 112
98 1 2 101 1 112 113
99 1 2 101 1 113 114
100 1 2 101 1 114 115
101 1 2 101 1 115 116
102 1 2 101 1 116 117
103 1 2 101 1 117 118
104 1 2 101 1 118 119
105 1 2 101 1 119 120
106 1 2 101 1 120 121
107 1 2 101 1 121 122
108 1 2 101 1 122 123
109 1 2 101 1 123 124
110 1 2 101 1 124 125
111 1 2 101 1 125 126
112 1 2 101 1 126 127
113 1 2 101 1 127 128
114 1 2 101 1 128 129
115 1 2 101 1 129 130
116 1 2 101 1 130 131
117 1 2 101 1 131 132
118 1 2 101 1 132 133
119 1 2 101 1 133 134
120 1 2 101 1 134 135
121 1 2 101 1 135 136
122 1 2 101 1 136 137
123 1 2 101 1 137 138
124 1 2 101 1 138 139
125 1 2 101 1 139 140
126 1 2 101 1 140 141
127 1 2 101 1 141 142
128 1 2 101 1 142 143
129 1 2 101 1 143 144
130 1 2 101 1 144 145
131 1 2 101 1 145 146
132 1 2 101 1 146 147
133 1 2 101 1 147 148
134 1 2 101 1 148 149
135 1 2 101 1 149 150
136 1 2 101 1 150 151
137 1 2 101 1 151 152
138 1 2 101 1 152 153
139 1 2 101 1 153 154
140 1 2 101 1 154 155
141 1 2 101 1 155 156
142 1 2 101 1 156 157
143 1 2 101 1 157 158
144 1 2 101 1 158 159
145 1 2 101 1 159 160
146 1 2 101 1 160 161
147 1 2 101 1 161 162
148 1 2 101 1 162 163
149 1 2 101 1 163 164
150 1 2 101 1 164 165
151 1 2 101 1 165 166
152 1 2 101 1 166 167
153 1 2 101 1 167 168
154 1 2 101 1 168 169
155 1 2 101 1 169 170
156 1 2 101 1 170 171
157 1 2 101 1 171 172
158 1 2 101 1 172 2
159 1 2 101 2 2 173
160 1 2 101 2 173 174
161 1 2 101 2 174 175
162 1 2 101 2 175 176
163 1 2 101 2 176 177
164 1 2 101 2 177 178
165 1 2 101 2 178 179
166 1 2 101 2 179 180
167 1 2 101 2 180 181
168 1 2 101 2 181 182
169 1 2 101 2 182 183
170 1 2 101 2 183 184
171 1 2 101 2 184 185
172 1 2 101 2 185 186
173 1 2 101 2 186 187
174 1 2 101 2 187 188
175 1 2 101 2 188 189
176 1 2 101 2 189 190
177 1 2 101 2 190 191
178 1 2 101 2 191 192
179 1 2 101 2 192 193
180 1 2 101 2 193 194
181 1 2 101 2 194 195
182 1 2 101 2 195 196
183 1 2 101 2 196 197
184 1 2 101 2 197 198
185 1 2 101 2 198 199
186 1 2 101 2 199 200
187 1 2 101 2 200 201
188 1 2 101 2 201 202
189 1 2 101 2 202 203
190 1 2 101 2 203 204
191 1 2 101 2 204 205
192 1 2 101 2 205 206
193 1 2 101 2 206 207
194 1 2 101 2 207 208
195 1 2 101 2 208 209
196 1 2 101 2 209 210
197 1 2 101 2 210 211
198 1 2 101 2 211 212
199 1 2 101 2 212 213
200 1 2 101 2 213 214
201 1 2 101 2 214 215
202 1 2 101 2 215 216
203 1 2 101 2 216 217
204 1 2 101 2 217 218
205 1 2 101 2 218 219
206 1 2 101 2 219 220
207 1 2 101 2 220 221
208 1 2 101 2 221 222
209 1 2 101 2 222 223
210 1 2 101 2 223 224
211 1 2 101 2 224 225
212 1 2 101 2 225 226
213 1 2 101 2 226 227
214 1 2 101 2 227 228
215 1 2 101 2 228 229
216 1 2 101 2 229 230
217 1 2 101 2 230 231
218 1 2 101 2 231 232
219 1 2 101 2 232 233
220 1 2 101 2 233 234
221 1 2 101 2 234 235
222 1 2 101 2 235 236
223 1 2 101 2 236 237
224 1 2 101 2 237 238
225 1 2 101 2 238 239
226 1 2 101 2 239 240
227 1 2 101 2 240 241
228 1 2 101 2 241 242
229 1 2 101 2 242 243
230 1 2 101 2 243 244
231 1 2 101 2 244 245
232 1 2 101 2 245 246
233 1 2 101 2 246 247
234 1 2 101 2 247 248
235 1 2 101 2 248 249
236 1 2 101 2 249 250
237 1 2 101 2 250 251
238 1 2 101 2 251 252
239 1 2 101 2 252 253
240 1 2 101 2 253 254
241 1 2 101 2 254 255
242 1 2 101 2 255 256
243 1 2 101 2 256 257
244 1 2 101 2 257 258
245 1 2 101 2 258 259
246 1 2 101 2 259 260
247 1 2 101 2 260 261
248 1 2 101 2 261 262
249 1 2 101 2 262 263
250 1 2 101 2 263 264
251 1 2 101 2 264 265
252 1 2 101 2 265 266
253 1 2 101 2 266 267
254 1 2 101 2 267 268
255 1 2 101 2 268 269
256 1 2 101 2 269 270
257 1 2 101 2 270 271
258 1 2 101 2 271 272
259 1 2 101 2 272 273
260 1 2 101 2 273 274
261 1 2 101 2 274 275
262 1 2 101 2 275 276
263 1 2 101 2 276 277
264 1 2 101 2 277 278
265 1 2 101 2 278 279
266 1 2 101 2 279 280
267 1 2 101 2 280 281
268 1 2 101 2 281 282
269 1 2 101 2 282 283
270 1 2 101 2 283 284
271 1 2 101 2 284 285
272 1 2 101 2 285 286
273 1 2 101 2 286 287
274 1 2 101 2 287 288
275 1 2 101 2 288 289
276 1 2 101 2 289 290
277 1 2 101 2 290 291
278 1 2 101 2 291 292
279 1 2 101 2 292 293
280 1 2 101 2 293 294
281 1 2 101 2 294 295
282 1 2 101 2 295 296
283 1 2 101 2 296 297
284 1 2 101 2 297 298
285 1 2 101 2 298 299
286 1 2 101 2 299 300
287 1 2 101 2 300 301
288 1 2 101 2 301 302
289 1 2 101 2 302 303
290 1 2 101 2 303 304
291 1 2 101 2 304 305
292 1 2 101 2 305 306
293 1 2 101 2 306 307
294 1 2 101 2 307 308
295 1 2 101 2 308 309
296 1 2 101 2 309 310
297 1 2 101 2 310 311
298 1 2 101 2 311 312
299 1 2 101 2 312 313
300 1 2 101 2 313 314
301 1 2 101 2 314 315
302 1 2 101 2 315 316
303 1 2 101 2 316 317
304 1 2 101 2 317 318
305 1 2 101 2 318 319
306 1 2 101 2 319 320
307 1 2 101 2 320 321
308 1 2 101 2 321 322
309 1 2 101 2 322 323
310 1 2 101 2 323 324
311 1 2 101 2 324 325
312 1 2 101 2 325 326
313 1 2 101 2 326 327
314 1 2 101 2 327 328
315 1 2 101 2 328 329
316 1 2 101 2 329 1
317 1 2 102 4 4 330
318 1 2 102 4 330 331
319 1 2 102 4 331 332
320 1 2 102 4 332 333
321 1 2 102 4 333 334
322 1 2 102 4 334 335
323 1 2 102 4 335 336
324 1 2 102 4 336 337
325 1 2 102 4 337 338
326 1 2 102 4 338 339
327 1 2 102 4 339 340
328 1 2 102 4 340 341
329 1 2 102 4 341 342
330 1 2 102 4 342 343
331 1 2 102 4 343 344
332 1 2 102 4 344 345
333 1 2 102 4 345 346
334 1 2 102 4 346 347
335 1 2 102 4 347 348
336 1 2 102 4 348 349
337 1 2 102 4 349 350
338 1 2 102 4 350 351
339 1 2 102 4 351 352
340 1 2 102 4 352 353
341 1 2 102 4 353 354
342 1 2 102 4 354 355
343 1 2 102 4 355 356
344 1 2 102 4 356 357
345 1 2 102 4 357 358
346 1 2 102 4 358 359
347 1 2 102 4 359 360
348 1 2 102 4 360 361
349 1 2 102 4 361 362
350 1 2 102 4 362 363
351 1 2 102 4 363 364
352 1 2 102 4 364 365
353 1 2 102 4 365 366
354 1 2 102 4 366 367
355 1 2 102 4 367 368
356 1 2 102 4 368 369
357 1 2 102 4 369 370
358 1 2 102 4 370 371
359 1 2 102 4 371 372
360 1 2 102 4 372 373
361 1 2 102 4 373 374
362 1 2 102 4 374 375
363 1 2 102 4 375 376
364 1 2 102 4 376 377
365 1 2 102 4 377 378
366 1 2 102 4 378 379
367 1 2 102 4 379 380
368 1 2 102 4 380 381
369 1 2 102 4 381 382
370 1 2 102 4 382 383
371 1 2 102 4 383 384
372 1 2 102 4 384 385
373 1 2 102 4 385 386
374 1 2 102 4 386 387
375 1 2 102 4 387 388
376 1 2 102 4 388 389
377 1 2 102 4 389 390
378 1 2 102 4 390 391
379 1 2 102 4 391 392
380 1 2 102 4 392 393
381 1 2 102 4 393 394
382 1 2 102 4 394 395
383 1 2 102 4 395 396
384 1 2 102 4 396 397
385 1 2 102 4 397 398
386 1 2 102 4 398 399
387 1 2 102 4 399 400
388 1 2 102 4 400 401
389 1 2 102 4 401 402
390 1 2 102 4 402 403
391 1 2 102 4 403 404
392 1 2 102 4 404 405
393 1 2 102 4 405 406
394 1 2 102 4 406 407
395 1 2 102 4 407 408
396 1 2 102 4 408 409
397 1 2 102 4 409 410
398 1 2 102 4 410 411
399 1 2 102 4 411 412
400 1 2 102 4 412 413
401 1 2 102 4 413 414
402 1 2 102 4 414 415
403 1 2 102 4 415 416
404 1 2 102 4 416 417
405 1 2 102 4 417 418
406 1 2 102 4 418 419
407 1 2 102 4 419 420
408 1 2 102 4 420 421
409 1 2 102 4 421 422
410 1 2 102 4 422 423
411 1 2 102 4 423 424
412 1 2 102 4 424 425
413 1 2 102 4 425 426
414 1 2 102 4 426 427
415 1 2 102 4 427 428
416 1 2 102 4 428 429
417 1 2 102 4 429 430
418 1 2 102 4 430 431
419 1 2 102 4 431 432
420 1 2 102 4 432 433
421 1 2 102 4 433 434
422 1 2 102 4 434 435
423 1 2 102 4 435 436
424 1 2 102 4 436 437
425 1 2 102 4 437 438
426 1 2 102 4 438 439
427 1 2 102 4 439 440
428 1 2 102 4 440 441
429 1 2 102 4 441 442
430 1 2 102 4 442 443
431 1 2 102 4 443 444
432 1 2 102 4 444 445
433 1 2 102 4 445 446
434 1 2 102 4 446 447
435 1 2 102 4 447 448
436 1 2 102 4 448 449
437 1 2 102 4 449 450
438 1 2 102 4 450 451
439 1 2 102 4 451 452
440 1 2 102 4 452 453
441 1 2 102 4 453 454
442 1 2 102 4 454 455
443 1 2 102 4 455 7
444 1 2 104 31 1 456
445 1 2 104 31 456 457
446 1 2 104 31 457 458
447 1 2 104 31 458 459
448 1 2 104 31 459 460
449 1 2 104 31 460 461
450 1 2 104 31 461 462
451 1 2 104 31 462 463
452 1 2 104 31 463 464
453 1 2 104 31 464 465
454 1 2 104 31 465 466
455 1 2 104 31 466 467
456 1 2 104 31 467 468
457 1 2 104 31 468 469
458 1 2 104 31 469 4
459 1 2 105 40 7 470
460 1 2 105 40 470 471
461 1 2 105 40 471 472
462 1 2 105 40 472 473
463 1 2 105 40 473 474
464 1 2 105 40 474 475
465 1 2 105 40 475 476
466 1 2 105 40 476 477
467 1 2 105 40 477 478
468 1 2 105 40 478 479
469 1 2 105 40 479 480
470 1 2 105 40 480 481
471 1 2 105 40 481 482
472 1 2 105 40 482 6
473 1 2 102 41 6 483
474 1 2 102 41 483 484
475 1 2 102 41 484 485
476 1 2 102 41 485 486
477 1 2 102 41 486 487
478 1 2 102 41 487 488
479 1 2 102 41 488 489
480 1 2 102 41 489 490
481 1 2 102 41 490 491
482 1 2 102 41 491 492
483 1 2 102 41 492 493
484 1 2 102 41 493 494
485 1 2 102 41 494 495
486 1 2 102 41 495 496
487 1 2 102 41 496 497
488 1 2 102 41 497 498
489 1 2 102 41 498 499
490 1 2 102 41 499 500
491 1 2 102 41 500 501
492 1 2 102 41 501 502
493 1 2 102 41 502 503
494 1 2 102 41 503 504
495 1 2 102 41 504 505
496 1 2 102 41 505 506
497 1 2 102 41 506 507
498 1 2 102 41 507 508
499 1 2 102 41 508 509
500 1 2 102 41 509 510
501 1 2 102 41 510 511
502 1 2 102 41 511 512
503 1 2 102 41 512 513
504 1 2 102 41 513 514
505 1 2 102 41 514 515
506 1 2 102 41 515 516
507 1 2 102 41 516 517
508 1 2 102 41 517 518
509 1 2 102 41 518 519
510 1 2 102 41 519 520
511 1 2 102 41 520 521
512 1 2 102 41 521 522
513 1 2 102 41 522 523
514 1 2 102 41 523 524
515 1 2 102 41 524 525
516 1 2 102 41 525 526
517 1 2 102 41 526 527
518 1 2 102 41 527 528
519 1 2 102 41 528 529
520 1 2 102 41 529 530
521 1 2 102 41 530 531
522 1 2 102 41 531 532
523 1 2 102 41 532 533
524 1 2 102 41 533 534
525 1 2 102 41 534 535
526 1 2 102 41 535 536
527 1 2 102 41 536 537
528 1 2 102 41 537 538
529 1 2 102 41 538 539
530 1 2 102 41 539 540
531 1 2 102 41 540 541
532 1 2 102 41 541 542
533 1 2 102 41 542 543
534 1 2 102 41 543 544
535 1 2 102 41 544 545
536 1 2 102 41 545 546
537 1 2 102 41 546 547
538 1 2 102 41 547 548
539 1 2 102 41 548 549
540 1 2 102 41 549 550
541 1 2 102 41 550 551
542 1 2 102 41 551 552
543 1 2 102 41 552 553
544 1 2 102 41 553 554
545 1 2 102 41 554 555
546 1 2 102 41 555 556
547 1 2 102 41 556 557
548 1 2 102 41 557 558
549 1 2 102 41 558 559
550 1 2 102 41 559 560
551 1 2 102 41 560 561
552 1 2 102 41 561 562
553 1 2 102 41 562 563
554 1 2 102 41 563 564
555 1 2 102 41 564 565
556 1 2 102 41 565 566
557 1 2 102 41 566 567
558 1 2 102 41 567 568
559 1 2 102 41 568 569
560 1 2 102 41 569 570
561 1 2 102 41 570 571
562 1 2 102 41 571 572
563 1 2 102 41 572 573
564 1 2 102 41 573 574
565 1 2 102 41 574 575
566 1 2 102 41 575 576
567 1 2 102 41 576 577
568 1 2 102 41 577 578
569 1 2 102 41 578 579
570 1 2 102 41 579 580
571 1 2 102 41 580 581
572 1 2 102 41 581 582
573 1 2 102 41 582 583
574 1 2 102 41 583 584
575 1 2 102 41 584 585
576 1 2 102 41 585 586
577 1 2 102 41 586 587
578 1 2 102 41 587 588
579 1 2 102 41 588 589
580 1 2 102 41 589 590
581 1 2 102 41 590 591
582 1 2 102 41 591 592
583 1 2 102 41 592 593
584 1 2 102 41 593 594
585 1 2 102 41 594 595
586 1 2 102 41 595 596
587 1 2 102 41 596 597
588 1 2 102 41 597 598
589 1 2 102 41 598 599
590 1 2 102 41 599 600
591 1 2 102 41 600 601
592 1 2 102 41 601 602
593 1 2 102 41 602 603
594 1 2 102 41 603 604
595 1 2 102 41 604 605
596 1 2 102 41 605 606
597 1 2 102 41 606 607
598 1 2 102 41 607 608
599 1 2 102 41 608 5
600 1 2 103 61 5 609
601 1 2 103 61 609 610
602 1 2 103 61 610 611
603 1 2 103 61 611 612
604 1 2 103 61 612 613
605 1 2 103 61 613 614
606 1 2 103 61 614 615
607 1 2 103 61 615 616
608 1 2 103 61 616 617
609 1 2 103 61 617 618
610 1 2 103 61 618 619
611 1 2 103 61 619 620
612 1 2 103 61 620 621
613 1 2 103 61 621 622
614 1 2 103 61 622 3
615 1 2 1040 201 8 623
616 1 2 1040 201 623 624
617 1 2 1040 201 624 625
618 1 2 1040 201 625 9
619 1 2 1040 202 9 626
620 1 2 1040 202 626 627
621 1 2 1040 202 627 628
622 1 2 1040 202 628 10
623 1 2 1040 203 10 629
624 1 2 1040 203 629 630
625 1 2 1040 203 630 631
626 1 2 1040 203 631 11
627 1 2 1040 204 11 632
628 1 2 1040 204 632 633
629 1 2 1040 204 633 634
630 1 2 1040 204 634 8
631 1 2 1030 301 12 635
632 1 2 1030 301 635 636
633 1 2 1030 301 636 637
634 1 2 1030 301 637 13
635 1 2 1030 302 13 638
636 1 2 1030 302 638 639
637 1 2 1030 302 639 640
638 1 2 1030 302 640 14
639 1 2 1030 303 14 641
640 1 2 1030 303 641 642
641 1 2 1030 303 642 643
642 1 2 1030 303 643 15
643 1 2 1030 304 15 644
644 1 2 1030 304 644 645
645 1 2 1030 304 645 646
646 1 2 1030 304 646 12
647 2 2 200 11 4246 671 4906
648 2 2 200 11 3509 2318 4996
649 2 2 200 11 658 3383 3819
650 2 2 200 11 3492 3649 5281
651 2 2 200 11 4893 3208 4911
652 2 2 200 11 540 704 3476
653 2 2 200 11 132 133 3847
654 2 2 200 11 4855 3264 5414
655 2 2 200 11 679 4132 4134
656 2 2 200 11 3355 720 4801
657 2 2 200 11 3098 3117 3691
658 2 2 200 11 3491 3492 5281
659 2 2 200 11 3311 653 3362
660 2 2 200 11 3108 3106 5317
661 2 2 200 11 3116 3667 3668
662 2 2 200 11 690 4060 4061
663 2 2 200 11 241 242 3507
664 2 2 200 11 197 198 4214
665 2 2 200 11 824 3449 5171
666 2 2 200 11 3280 3892 4910
667 2 2 200 11 4132 679 4133
668 2 2 200 11 3400 658 3819
669 2 2 200 11 3117 3690 3691
670 2 2 200 11 1552 1550 3737
671 2 2 200 11 3206 3719 5204
672 2 2 200 11 3414 3206 5204
673 2 2 200 11 5087 2260 5329
674 2 2 200 11 3384 797 3917
675 2 2 200 11 885 3328 3504
676 2 2 200 11 698 3299 5456
677 2 2 200 11 3705 3247 3706
678 2 2 200 11 3706 3247 5244
679 2 2 200 11 694 3340 4877
680 2 2 200 11 5016 3528 5071
681 2 2 200 11 2323 816 5087
682 2 2 200 11 3299 698 4770
683 2 2 200 11 653 3311 3429
684 2 2 200 11 851 3346 3592
685 2 2 200 11 687 3924 4916
686 2 2 200 11 772 3335 4204
687 2 2 200 11 2878 2880 3704
688 2 2 200 11 3314 4855 5414
689 2 2 200 11 3408 747 3409
690 2 2 200 11 4037 794 4038
691 2 2 200 11 2183 3676 3731
692 2 2 200 11 3407 747 3408
693 2 2 200 11 1944 2162 3490
694 2 2 200 11 3736 1552 3737
695 2 2 200 11 3372 662 5059
696 2 2 200 11 4910 3892 5268
697 2 2 200 11 3092 3116 3668
698 2 2 200 11 5020 2855 5277
699 2 2 200 11 751 4458 5180
700 2 2 200 11 655 4322 5283
701 2 2 200 11 4027 4024 5293
702 2 2 200 11 3366 862 4949
703 2 2 200 11 3237 4790 4852
704 2 2 200 11 3652 3177 5315
705 2 2 200 11 3336 869 3343
706 2 2 200 11 3177 3582 5315
707 2 2 200 11 2371 3511 3512
708 2 2 200 11 2270 2268 4826
709 2 2 200 11 3332 853 3360
710 2 2 200 11 1953 2165 3494
711 2 2 200 11 2062 2064 3715
712 2 2 200 11 463 464 3461
713 2 2 200 11 2981 3449 3451
714 2 2 200 11 3294 5087 5329
715 2 2 200 11 3511 2371 3513
716 2 2 200 11 4417 848 5314
717 2 2 200 11 4322 3285 5283
718 2 2 200 11 2270 4826 5017
719 2 2 200 11 853 3332 3361
720 2 2 200 11 2906 2904 3504
721 2 2 200 11 4213 786 4214
722 2 2 200 11 2981 3451 5484
723 2 2 200 11 3685 3210 4444
724 2 2 200 11 3488 4417 5314
725 2 2 200 11 768 3375 4787
726 2 2 200 11 823 3509 4996
727 2 2 200 11 2324 9 5100
728 2 2 200 11 869 3336 3344
729 2 2 200 11 3924 687 5353
730 2 2 200 11 3317 2864 5187
731 2 2 200 11 3328 885 3503
732 2 2 200 11 3227 3228 3722
733 2 2 200 11 3598 2214 5538
734 2 2 200 11 4060 690 4062
735 2 2 200 11 2380 2382 5187
736 2 2 200 11 4033 4030 5324
737 2 2 200 11 3506 786 4213
738 2 2 200 11 3792 810 5081
739 2 2 200 11 3340 694 5422
740 2 2 200 11 2369 635 5127
741 2 2 200 11 3335 772 4205
742 2 2 200 11 3449 2981 5171
743 2 2 200 11 147 148 3743
744 2 2 200 11 2254 2252 3512
745 2 2 200 11 570 744 3403
746 2 2 200 11 596 597 3513
747 2 2 200 11 3337 707 5084
748 2 2 200 11 3770 3310 5175
749 2 2 200 11 5114 761 5115
750 2 2 200 11 3363 5114 5115
751 2 2 200 11 3493 850 5132
752 2 2 200 11 3310 3770 5550
753 2 2 200 11 634 3254 5143
754 2 2 200 11 3744 3523 5246
755 2 2 200 11 569 570 3403
756 2 2 200 11 3684 2087 4360
757 2 2 200 11 2366 3381 5187
758 2 2 200 11 774 58 3501
759 2 2 200 11 797 3384 5419
760 2 2 200 11 3106 3708 5317
761 2 2 200 11 2864 3317 5141
762 2 2 200 11 3530 3439 5127
763 2 2 200 11 3307 2267 5449
764 2 2 200 11 3210 3685 4935
765 2 2 200 11 230 231 4031
766 2 2 200 11 4336 4334 4904
767 2 2 200 11 841 3473 3474
768 2 2 200 11 862 3585 4949
769 2 2 200 11 3299 4770 5088
770 2 2 200 11 3227 3722 5413
771 2 2 200 11 230 4031 5603
772 2 2 200 11 3349 798 3379
773 2 2 200 11 766 3357 3893
774 2 2 200 11 2785 3541 3542
775 2 2 200 11 2835 3258 3893
776 2 2 200 11 3342 705 3489
777 2 2 200 11 3993 5039 5129
778 2 2 200 11 4782 652 5019
779 2 2 200 11 141 773 3440
780 2 2 200 11 3637 3635 4283
781 2 2 200 11 3771 1986 5172
782 2 2 200 11 4770 842 5088
783 2 2 200 11 4896 2943 4913
784 2 2 200 11 5039 776 5129
785 2 2 200 11 701 3669 4421
786 2 2 200 11 2267 3307 5392
787 2 2 200 11 3377 2995 5046
788 2 2 200 11 802 3472 4964
789 2 2 200 11 798 3349 3378
790 2 2 200 11 2557 2555 3742
791 2 2 200 11 3472 802 5410
792 2 2 200 11 2202 2118 3717
793 2 2 200 11 3323 2360 3433
794 2 2 200 11 775 3338 5518
795 2 2 200 11 3348 710 3493
796 2 2 200 11 3304 3686 5049
797 2 2 200 11 2360 2344 3433
798 2 2 200 11 2919 3647 4749
799 2 2 200 11 2252 2371 3512
800 2 2 200 11 3410 657 3411
801 2 2 200 11 3686 3304 5472
802 2 2 200 11 90 91 4809
803 2 2 200 11 2946 1987 3404
804 2 2 200 11 841 3474 5101
805 2 2 200 11 4336 4904 5258
806 2 2 200 11 780 3413 5082
807 2 2 200 11 3667 3116 3669
808 2 2 200 11 2214 2216 5538
809 2 2 200 11 909 3483 3486
810 2 2 200 11 525 526 5113
811 2 2 200 11 3707 3169 3709
812 2 2 200 11 3419 740 5126
813 2 2 200 11 3381 2366 3752
814 2 2 200 11 666 3994 4033
815 2 2 200 11 891 5032 5047
816 2 2 200 11 3805 4246 4906
817 2 2 200 11 3713 2917 3714
818 2 2 200 11 1971 3526 3528
819 2 2 200 11 3317 3432 5141
820 2 2 200 11 791 4027 5293
821 2 2 200 11 2913 2201 3529
822 2 2 200 11 2206 3377 5046
823 2 2 200 11 850 3493 5319
824 2 2 200 11 2855 3529 5277
825 2 2 200 11 3169 3707 5580
826 2 2 200 11 3994 666 4875
827 2 2 200 11 3314 760 4855
828 2 2 200 11 3334 829 5519
829 2 2 200 11 3094 3092 3668
830 2 2 200 11 3176 3549 3550
831 2 2 200 11 2183 3731 5502
832 2 2 200 11 3183 3372 5059
833 2 2 200 11 756 3689 5217
834 2 2 200 11 677 132 3847
835 2 2 200 11 829 3334 3939
836 2 2 200 11 3295 4088 4899
837 2 2 200 11 2118 2947 3717
838 2 2 200 11 592 739 3558
839 2 2 200 11 884 4184 4891
840 2 2 200 11 3447 857 4979
841 2 2 200 11 3644 3315 5405
842 2 2 200 11 1987 3352 3404
843 2 2 200 11 647 897 898
844 2 2 200 11 648 2963 3307
845 2 2 200 11 3328 2906 3504
846 2 2 200 11 3483 909 5610
847 2 2 200 11 3357 766 3892
848 2 2 200 11 670 4199 5073
849 2 2 200 11 3637 4283 5331
850 2 2 200 11 3908 3345 4895
851 2 2 200 11 801 2959 3323
852 2 2 200 11 3430 2878 3704
853 2 2 200 11 3102 3100 5289
854 2 2 200 11 2957 3728 3765
855 2 2 200 11 2240 3387 5092
856 2 2 200 11 781 4759 5034
857 2 2 200 11 2933 2214 3598
858 2 2 200 11 897 815 3013
859 2 2 200 11 2963 813 3244
860 2 2 200 11 539 540 3476
861 2 2 200 11 794 4037 5295
862 2 2 200 11 140 141 3440
863 2 2 200 11 478 5221 5371
864 2 2 200 11 707 3337 5412
865 2 2 200 11 3982 680 4023
866 2 2 200 11 758 3778 5221
867 2 2 200 11 355 5254 5305
868 2 2 200 11 3256 3530 5127
869 2 2 200 11 2368 799 3161
870 2 2 200 11 705 3342 3488
871 2 2 200 11 4467 4782 5019
872 2 2 200 11 3993 3994 4875
873 2 2 200 11 666 4033 5324
874 2 2 200 11 4023 680 5620
875 2 2 200 11 3208 4893 5369
876 2 2 200 11 2959 817 3205
877 2 2 200 11 3347 3792 5081
878 2 2 200 11 4697 4915 5211
879 2 2 200 11 785 4115 4116
880 2 2 200 11 3372 5016 5071
881 2 2 200 11 1946 1944 3490
882 2 2 200 11 832 3359 5149
883 2 2 200 11 4088 678 5140
884 2 2 200 11 764 3364 3742
885 2 2 200 11 2370 820 2993
886 2 2 200 11 3287 3613 5236
887 2 2 200 11 760 3314 5390
888 2 2 200 11 678 4088 5262
889 2 2 200 11 3205 3565 5386
890 2 2 200 11 819 2323 3200
891 2 2 200 11 3613 3287 5430
892 2 2 200 11 3346 851 3883
893 2 2 200 11 5166 3807 5274
894 2 2 200 11 3364 764 3741
895 2 2 200 11 4899 4088 5140
896 2 2 200 11 814 2849 2850
897 2 2 200 11 3993 4875 5039
898 2 2 200 11 1550 1711 3737
899 2 2 200 11 786 197 4214
900 2 2 200 11 198 875 4214
901 2 2 200 11 877 3406 4889
902 2 2 200 11 5228 2921 5400
903 2 2 200 11 720 3355 4956
904 2 2 200 11 645 644 2322
905 2 2 200 11 5220 257 5457
906 2 2 200 11 2344 2342 3433
907 2 2 200 11 626 9 2324
908 2 2 200 11 4678 713 4866
909 2 2 200 11 3338 775 4835
910 2 2 200 11 241 3507 5543
911 2 2 200 11 710 3348 3491
912 2 2 200 11 3807 5166 5582
913 2 2 200 11 3523 3744 5203
914 2 2 200 11 2283 3524 4992
915 2 2 200 11 133 873 3847
916 2 2 200 11 3735 3418 5170
917 2 2 200 11 2913 3529 5022
918 2 2 200 11 2033 1953 3494
919 2 2 200 11 636 635 2369
920 2 2 200 11 3527 5220 5457
921 2 2 200 11 908 906 3487
922 2 2 200 11 852 3644 5405
923 2 2 200 11 720 3582 4801
924 2 2 200 11 2379 827 2380
925 2 2 200 11 828 2373 2374
926 2 2 200 11 634 633 3254
927 2 2 200 11 2931 828 3185
928 2 2 200 11 3718 718 4543
929 2 2 200 11 1971 3525 3526
930 2 2 200 11 3346 3550 3592
931 2 2 200 11 3432 860 5141
932 2 2 200 11 5221 3467 5371
933 2 2 200 11 4458 751 5273
934 2 2 200 11 628 627 3225
935 2 2 200 11 3381 2380 5187
936 2 2 200 11 806 596 3513
937 2 2 200 11 5254 3327 5305
938 2 2 200 11 5218 218 5435
939 2 2 200 11 597 3511 3513
940 2 2 200 11 242 790 3507
941 2 2 200 11 3176 3550 5312
942 2 2 200 11 662 3372 5071
943 2 2 200 11 3454 2242 3564
944 2 2 200 11 2283 3522 3524
945 2 2 200 11 3192 3771 5172
946 2 2 200 11 5092 3387 5424
947 2 2 200 11 724 524 3544
948 2 2 200 11 855 463 3461
949 2 2 200 11 683 3380 3783
950 2 2 200 11 3357 2835 3893
951 2 2 200 11 3404 3352 5449
952 2 2 200 11 3700 5228 5400
953 2 2 200 11 3015 3390 5237
954 2 2 200 11 3406 877 5225
955 2 2 200 11 4914 3854 5054
956 2 2 200 11 3385 887 4538
957 2 2 200 11 3179 5256 5378
958 2 2 200 11 882 4084 5190
959 2 2 200 11 5169 4639 5301
960 2 2 200 11 3461 464 5142
961 2 2 200 11 3778 758 5383
962 2 2 200 11 680 3982 4885
963 2 2 200 11 5195 3696 5569
964 2 2 200 11 648 15 2963
965 2 2 200 11 3294 2323 5087
966 2 2 200 11 4084 882 5259
967 2 2 200 11 3905 4890 5116
968 2 2 200 11 3161 2795 3162
969 2 2 200 11 801 625 2959
970 2 2 200 11 717 3423 3424
971 2 2 200 11 3574 3178 5023
972 2 2 200 11 2917 3713 3715
973 2 2 200 11 3735 1552 3736
974 2 2 200 11 663 3393 3395
975 2 2 200 11 3267 5037 5367
976 2 2 200 11 3316 3643 5405
977 2 2 200 11 3982 3981 4885
978 2 2 200 11 3100 3098 3691
979 2 2 200 11 647 631 897
980 2 2 200 11 3696 719 5569
981 2 2 200 11 4895 3345 5215
982 2 2 200 11 630 815 897
983 2 2 200 11 3476 704 5461
984 2 2 200 11 643 813 2963
985 2 2 200 11 877 147 3743
986 2 2 200 11 3287 2062 3715
987 2 2 200 11 2064 2917 3715
988 2 2 200 11 4790 2992 4852
989 2 2 200 11 637 799 2368
990 2 2 200 11 3289 3288 5048
991 2 2 200 11 624 817 2959
992 2 2 200 11 72 5253 5376
993 2 2 200 11 646 816 2323
994 2 2 200 11 3524 3756 5266
995 2 2 200 11 4096 5218 5435
996 2 2 200 11 1972 2147 3525
997 2 2 200 11 2270 5017 5067
998 2 2 200 11 4915 876 5211
999 2 2 200 11 443 5209 5280
1000 2 2 200 11 10 820 2370
1001 2 2 200 11 819 12 2323
1002 2 2 200 11 814 632 2849
1003 2 2 200 11 3573 3234 4892
1004 2 2 200 11 4990 3609 5252
1005 2 2 200 11 799 2795 3161
1006 2 2 200 11 671 4246 5453
1007 2 2 200 11 5256 3712 5378
1008 2 2 200 11 873 3845 3846
1009 2 2 200 11 3389 746 5472
1010 2 2 200 11 4911 3208 4955
1011 2 2 200 11 2425 2422 3495
1012 2 2 200 11 3117 3689 3690
1013 2 2 200 11 641 828 2931
1014 2 2 200 11 2243 3404 5449
1015 2 2 200 11 4965 3539 5042
1016 2 2 200 11 2162 3342 3490
1017 2 2 200 11 2880 2883 3704
1018 2 2 200 11 2087 3684 4361
1019 2 2 200 11 3528 3526 5071
1020 2 2 200 11 3359 832 5397
1021 2 2 200 11 862 3366 5537
1022 2 2 200 11 4038 794 4039
1023 2 2 200 11 4900 4015 4901
1024 2 2 200 11 659 3415 3818
1025 2 2 200 11 888 4043 5103
1026 2 2 200 11 5017 3516 5067
1027 2 2 200 11 58 59 3501
1028 2 2 200 11 8 827 2379
1029 2 2 200 11 5032 3392 5047
1030 2 2 200 11 3756 3524 5203
1031 2 2 200 11 3409 2744 4642
1032 2 2 200 11 828 14 2373
1033 2 2 200 11 2825 5321 5347
1034 2 2 200 11 5321 3654 5347
1035 2 2 200 11 5037 2372 5367
1036 2 2 200 11 2165 3348 3494
1037 2 2 200 11 5239 2774 5298
1038 2 2 200 11 5048 3288 5512
1039 2 2 200 11 3204 3429 5117
1040 2 2 200 11 2864 2366 5187
1041 2 2 200 11 2995 3377 5408
1042 2 2 200 11 1503 3484 5288
1043 2 2 200 11 2322 644 5330
1044 2 2 200 11 3670 3424 4533
1045 2 2 200 11 2318 3509 5480
1046 2 2 200 11 2360 3323 5386
1047 2 2 200 11 4902 4007 5182
1048 2 2 200 11 3244 3387 5186
1049 2 2 200 11 2128 2129 3577
1050 2 2 200 11 421 3374 5261
1051 2 2 200 11 773 3438 3440
1052 2 2 200 11 3413 4558 5082
1053 2 2 200 11 5120 2384 5143
1054 2 2 200 11 4199 3049 5073
1055 2 2 200 11 3544 525 5113
1056 2 2 200 11 3374 421 5455
1057 2 2 200 11 4458 3289 5180
1058 2 2 200 11 3639 4380 4811
1059 2 2 200 11 3426 822 4840
1060 2 2 200 11 785 4116 4117
1061 2 2 200 11 249 250 4836
1062 2 2 200 11 4184 884 5481
1063 2 2 200 11 5253 3442 5376
1064 2 2 200 11 3377 2206 3589
1065 2 2 200 11 1480 1481 3468
1066 2 2 200 11 4234 777 4886
1067 2 2 200 11 4043 888 5441
1068 2 2 200 11 9 801 5100
1069 2 2 200 11 3380 683 5196
1070 2 2 200 11 2933 3598 5155
1071 2 2 200 11 3562 2543 3920
1072 2 2 200 11 3178 2913 5023
1073 2 2 200 11 741 3664 4647
1074 2 2 200 11 3375 768 5499
1075 2 2 200 11 4890 3905 5441
1076 2 2 200 11 3421 3419 5126
1077 2 2 200 11 739 3462 3558
1078 2 2 200 11 3683 3684 4360
1079 2 2 200 11 3689 3117 5217
1080 2 2 200 11 5083 4626 5115
1081 2 2 200 11 3408 3409 4642
1082 2 2 200 11 3364 2557 3742
1083 2 2 200 11 2555 3182 3742
1084 2 2 200 11 148 764 3743
1085 2 2 200 11 639 638 5360
1086 2 2 200 11 3187 3186 3603
1087 2 2 200 11 2443 3516 3793
1088 2 2 200 11 3446 812 3447
1089 2 2 200 11 5160 2746 5349
1090 2 2 200 11 480 481 3732
1091 2 2 200 11 3669 3116 4421
1092 2 2 200 11 2260 5087 5172
1093 2 2 200 11 3437 724 3544
1094 2 2 200 11 3225 627 5359
1095 2 2 200 11 5188 3307 5449
1096 2 2 200 11 3647 3260 4749
1097 2 2 200 11 3484 1503 5333
1098 2 2 200 11 3375 4047 4787
1099 2 2 200 11 4543 718 5542
1100 2 2 200 11 1552 3735 5170
1101 2 2 200 11 635 819 5127
1102 2 2 200 11 2859 3693 4433
1103 2 2 200 11 3411 657 5370
1104 2 2 200 11 3742 3182 3743
1105 2 2 200 11 3541 2785 5042
1106 2 2 200 11 2919 2971 3647
1107 2 2 200 11 3567 3341 5588
1108 2 2 200 11 689 292 4249
1109 2 2 200 11 3573 4892 5403
1110 2 2 200 11 5186 3387 5411
1111 2 2 200 11 3417 1480 3468
1112 2 2 200 11 2994 820 3225
1113 2 2 200 11 4847 782 5109
1114 2 2 200 11 2267 2243 5449
1115 2 2 200 11 3698 3082 5320
1116 2 2 200 11 2272 3439 3530
1117 2 2 200 11 3702 2883 5272
1118 2 2 200 11 3504 2904 4847
1119 2 2 200 11 823 4996 5028
1120 2 2 200 11 3100 3691 5289
1121 2 2 200 11 3237 4852 5463
1122 2 2 200 11 3981 879 4885
1123 2 2 200 11 3845 873 4883
1124 2 2 200 11 648 3307 5188
1125 2 2 200 11 5105 3596 5538
1126 2 2 200 11 4669 732 4670
1127 2 2 200 11 814 3073 3254
1128 2 2 200 11 827 634 5143
1129 2 2 200 11 4047 881 4787
1130 2 2 200 11 3596 5105 5489
1131 2 2 200 11 3338 3386 5518
1132 2 2 200 11 881 4047 4786
1133 2 2 200 11 3455 1556 3478
1134 2 2 200 11 3522 2283 4985
1135 2 2 200 11 872 4056 4887
1136 2 2 200 11 2883 3702 5496
1137 2 2 200 11 746 3389 4947
1138 2 2 200 11 3516 3515 3793
1139 2 2 200 11 2309 3472 5112
1140 2 2 200 11 4809 91 5417
1141 2 2 200 11 3429 3311 5117
1142 2 2 200 11 3854 4914 5497
1143 2 2 200 11 3643 852 5405
1144 2 2 200 11 3082 3698 5440
1145 2 2 200 11 776 4084 5129
1146 2 2 200 11 3404 2242 3454
1147 2 2 200 11 754 3661 4416
1148 2 2 200 11 3262 3711 3712
1149 2 2 200 11 4009 4007 4902
1150 2 2 200 11 3266 5328 5483
1151 2 2 200 11 3521 3522 4985
1152 2 2 200 11 3714 2917 4434
1153 2 2 200 11 5230 739 5260
1154 2 2 200 11 839 3443 3610
1155 2 2 200 11 2946 3404 3454
1156 2 2 200 11 5209 3617 5280
1157 2 2 200 11 879 3981 4936
1158 2 2 200 11 3454 1556 3455
1159 2 2 200 11 3621 2924 3622
1160 2 2 200 11 3633 3261 4406
1161 2 2 200 11 3393 663 3464
1162 2 2 200 11 856 3567 5588
1163 2 2 200 11 3325 5471 5581
1164 2 2 200 11 657 3410 3412
1165 2 2 200 11 3641 3125 5153
1166 2 2 200 11 3531 3326 5581
1167 2 2 200 11 2372 639 5360
1168 2 2 200 11 3565 2360 5386
1169 2 2 200 11 3659 5334 5368
1170 2 2 200 11 4037 3194 4917
1171 2 2 200 11 3542 5271 5523
1172 2 2 200 11 3504 4847 5109
1173 2 2 200 11 3312 804 5388
1174 2 2 200 11 3637 2957 3765
1175 2 2 200 11 804 3312 5452
1176 2 2 200 11 4678 4866 5361
1177 2 2 200 11 2943 4896 5108
1178 2 2 200 11 349 350 3543
1179 2 2 200 11 4084 776 5190
1180 2 2 200 11 3845 4883 5093
1181 2 2 200 11 662 5071 5457
1182 2 2 200 11 591 592 3558
1183 2 2 200 11 3363 3362 5114
1184 2 2 200 11 4913 2943 5387
1185 2 2 200 11 3407 3369 5052
1186 2 2 200 11 3254 5120 5143
1187 2 2 200 11 879 4936 5055
1188 2 2 200 11 5328 669 5483
1189 2 2 200 11 2994 3225 5020
1190 2 2 200 11 3383 658 5098
1191 2 2 200 11 108 109 4787
1192 2 2 200 11 777 4234 5460
1193 2 2 200 11 3326 3325 5581
1194 2 2 200 11 802 13 5410
1195 2 2 200 11 3465 778 5102
1196 2 2 200 11 3162 2795 3788
1197 2 2 200 11 3537 2123 4960
1198 2 2 200 11 795 90 4809
1199 2 2 200 11 1481 1485 3468
1200 2 2 200 11 3666 5239 5298
1201 2 2 200 11 3381 3752 5420
1202 2 2 200 11 894 3310 5550
1203 2 2 200 11 3445 5260 5399
1204 2 2 200 11 409 410 3669
1205 2 2 200 11 3416 769 4952
1206 2 2 200 11 524 525 3544
1207 2 2 200 11 895 3744 5246
1208 2 2 200 11 693 4571 4907
1209 2 2 200 11 11 647 5407
1210 2 2 200 11 3571 3162 3788
1211 2 2 200 11 4936 4122 5055
1212 2 2 200 11 815 629 5408
1213 2 2 200 11 5302 3671 5345
1214 2 2 200 11 818 5037 5038
1215 2 2 200 11 3594 3824 5165
1216 2 2 200 11 754 4416 5113
1217 2 2 200 11 3217 4867 5284
1218 2 2 200 11 13 2368 5410
1219 2 2 200 11 5334 2820 5368
1220 2 2 200 11 4077 883 4944
1221 2 2 200 11 3485 3483 5610
1222 2 2 200 11 2250 2116 4981
1223 2 2 200 11 3585 3586 4949
1224 2 2 200 11 3743 3182 5225
1225 2 2 200 11 4759 781 5503
1226 2 2 200 11 3693 4425 4433
1227 2 2 200 11 818 5038 5445
1228 2 2 200 11 5136 3015 5237
1229 2 2 200 11 2979 4990 5252
1230 2 2 200 11 3541 734 3542
1231 2 2 200 11 3542 3543 5271
1232 2 2 200 11 906 909 3487
1233 2 2 200 11 2849 11 5407
1234 2 2 200 11 3558 2933 5155
1235 2 2 200 11 629 2370 5408
1236 2 2 200 11 716 3402 5378
1237 2 2 200 11 3540 734 3541
1238 2 2 200 11 3893 3258 5481
1239 2 2 200 11 5156 3798 5234
1240 2 2 200 11 3310 894 5549
1241 2 2 200 11 3388 842 5161
1242 2 2 200 11 3444 3445 5399
1243 2 2 200 11 865 4671 5304
1244 2 2 200 11 817 623 5420
1245 2 2 200 11 774 3501 5394
1246 2 2 200 11 4009 672 5063
1247 2 2 200 11 690 4061 5335
1248 2 2 200 11 3401 790 3562
1249 2 2 200 11 746 3686 5472
1250 2 2 200 11 3392 863 5047
1251 2 2 200 11 3422 3312 5354
1252 2 2 200 11 4917 3194 5353
1253 2 2 200 11 2396 3335 4205
1254 2 2 200 11 728 3430 3704
1255 2 2 200 11 2395 2396 4205
1256 2 2 200 11 4979 857 5175
1257 2 2 200 11 3591 2862 3601
1258 2 2 200 11 813 642 5424
1259 2 2 200 11 3423 717 3425
1260 2 2 200 11 1475 1477 3448
1261 2 2 200 11 790 3401 3507
1262 2 2 200 11 3430 728 4872
1263 2 2 200 11 3573 659 3818
1264 2 2 200 11 887 3385 5174
1265 2 2 200 11 642 2931 5424
1266 2 2 200 11 842 3388 5088
1267 2 2 200 11 908 3487 3824
1268 2 2 200 11 4538 887 4539
1269 2 2 200 11 3254 3073 5120
1270 2 2 200 11 778 3465 5313
1271 2 2 200 11 4574 2855 5444
1272 2 2 200 11 623 2379 5420
1273 2 2 200 11 3245 3388 5161
1274 2 2 200 11 4883 763 5093
1275 2 2 200 11 2147 3349 3525
1276 2 2 200 11 292 293 4249
1277 2 2 200 11 1971 1972 3525
1278 2 2 200 11 3382 684 5097
1279 2 2 200 11 1902 4965 5042
1280 2 2 200 11 3728 2957 5205
1281 2 2 200 11 2422 2421 3495
1282 2 2 200 11 3472 3180 5112
1283 2 2 200 11 3327 3292 5305
1284 2 2 200 11 522 523 3546
1285 2 2 200 11 4062 3354 4063
1286 2 2 200 11 3332 2425 3495
1287 2 2 200 11 1480 3417 3448
1288 2 2 200 11 5354 3312 5388
1289 2 2 200 11 4671 865 5432
1290 2 2 200 11 3345 676 5215
1291 2 2 200 11 3721 5160 5349
1292 2 2 200 11 4060 4062 4063
1293 2 2 200 11 3386 247 5518
1294 2 2 200 11 903 905 4927
1295 2 2 200 11 3407 5052 5366
1296 2 2 200 11 3262 3710 3711
1297 2 2 200 11 104 4256 5296
1298 2 2 200 11 5158 195 5276
1299 2 2 200 11 3245 5161 5222
1300 2 2 200 11 247 3386 5401
1301 2 2 200 11 5305 3292 5590
1302 2 2 200 11 4015 4900 5450
1303 2 2 200 11 2855 5020 5444
1304 2 2 200 11 640 818 5445
1305 2 2 200 11 5114 3362 5355
1306 2 2 200 11 1766 5247 5292
1307 2 2 200 11 3639 4811 5592
1308 2 2 200 11 788 5139 5199
1309 2 2 200 11 3125 3641 5382
1310 2 2 200 11 3618 3617 5209
1311 2 2 200 11 3140 3616 3617
1312 2 2 200 11 732 4669 4671
1313 2 2 200 11 3588 5075 5198
1314 2 2 200 11 5050 383 5208
1315 2 2 200 11 106 107 4788
1316 2 2 200 11 5014 823 5028
1317 2 2 200 11 2915 2375 5038
1318 2 2 200 11 3403 744 5062
1319 2 2 200 11 3458 3531 5581
1320 2 2 200 11 826 3398 5308
1321 2 2 200 11 1986 3479 5172
1322 2 2 200 11 791 230 5603
1323 2 2 200 11 3390 3015 5223
1324 2 2 200 11 5041 2976 5122
1325 2 2 200 11 2988 5302 5345
1326 2 2 200 11 250 880 4836
1327 2 2 200 11 4256 104 5479
1328 2 2 200 11 143 5184 5235
1329 2 2 200 11 2373 640 5445
1330 2 2 200 11 5139 4124 5199
1331 2 2 200 11 3512 824 5171
1332 2 2 200 11 3663 4329 5337
1333 2 2 200 11 2129 2143 3577
1334 2 2 200 11 1556 3454 3564
1335 2 2 200 11 3336 2128 3577
1336 2 2 200 11 1719 1971 3528
1337 2 2 200 11 424 5138 5146
1338 2 2 200 11 1756 1719 3528
1339 2 2 200 11 3824 3487 5165
1340 2 2 200 11 857 3447 5339
1341 2 2 200 11 32 4963 5227
1342 2 2 200 11 4840 822 5545
1343 2 2 200 11 660 3758 5253
1344 2 2 200 11 1486 1483 3478
1345 2 2 200 11 3167 2543 3562
1346 2 2 200 11 3603 3186 5271
1347 2 2 200 11 3401 3562 3920
1348 2 2 200 11 4188 5418 5446
1349 2 2 200 11 2382 3317 5187
1350 2 2 200 11 717 3424 5358
1351 2 2 200 11 4187 4188 5446
1352 2 2 200 11 676 3345 5497
1353 2 2 200 11 701 4421 5584
1354 2 2 200 11 2915 5038 5152
1355 2 2 200 11 3428 5083 5115
1356 2 2 200 11 3675 5131 5556
1357 2 2 200 11 3261 3633 5421
1358 2 2 200 11 3458 1692 4927
1359 2 2 200 11 350 833 3543
1360 2 2 200 11 3387 2240 5411
1361 2 2 200 11 707 3694 5084
1362 2 2 200 11 864 4467 5019
1363 2 2 200 11 1477 1480 3448
1364 2 2 200 11 4025 4023 5620
1365 2 2 200 11 3445 5230 5260
1366 2 2 200 11 3073 2850 5162
1367 2 2 200 11 313 5035 5191
1368 2 2 200 11 3726 3421 3769
1369 2 2 200 11 2454 3215 3459
1370 2 2 200 11 772 4204 5437
1371 2 2 200 11 3646 729 3647
1372 2 2 200 11 3713 840 3715
1373 2 2 200 11 348 734 3540
1374 2 2 200 11 2309 2292 3471
1375 2 2 200 11 3574 338 5014
1376 2 2 200 11 3433 2342 5011
1377 2 2 200 11 3643 3316 5163
1378 2 2 200 11 1475 3448 4753
1379 2 2 200 11 5048 366 5180
1380 2 2 200 11 3447 812 5339
1381 2 2 200 11 663 3395 4997
1382 2 2 200 11 724 3437 3545
1383 2 2 200 11 526 754 5113
1384 2 2 200 11 758 480 3732
1385 2 2 200 11 775 249 4836
1386 2 2 200 11 3360 853 5128
1387 2 2 200 11 4867 3217 5361
1388 2 2 200 11 3343 869 5178
1389 2 2 200 11 3917 797 5167
1390 2 2 200 11 4759 4321 5034
1391 2 2 200 11 883 4077 5562
1392 2 2 200 11 650 3497 4982
1393 2 2 200 11 672 4009 5433
1394 2 2 200 11 667 4188 5404
1395 2 2 200 11 769 3416 5614
1396 2 2 200 11 4539 691 5327
1397 2 2 200 11 2971 3646 3647
1398 2 2 200 11 5257 35 5402
1399 2 2 200 11 3515 809 3793
1400 2 2 200 11 3479 1986 3561
1401 2 2 200 11 4989 3755 5336
1402 2 2 200 11 4188 667 5418
1403 2 2 200 11 875 4914 5054
1404 2 2 200 11 3939 3334 5141
1405 2 2 200 11 3012 3600 3733
1406 2 2 200 11 3521 2444 3553
1407 2 2 200 11 3178 3574 5014
1408 2 2 200 11 2444 3521 4985
1409 2 2 200 11 691 4539 5462
1410 2 2 200 11 3739 4574 5036
1411 2 2 200 11 684 3382 5417
1412 2 2 200 11 3435 811 5303
1413 2 2 200 11 4329 3663 5475
1414 2 2 200 11 3505 808 3745
1415 2 2 200 11 3398 826 5517
1416 2 2 200 11 5250 1789 5443
1417 2 2 200 11 3673 698 5456
1418 2 2 200 11 4585 4880 5304
1419 2 2 200 11 727 3714 4434
1420 2 2 200 11 3378 3380 5196
1421 2 2 200 11 2197 5046 5168
1422 2 2 200 11 2309 3471 3472
1423 2 2 200 11 1473 1475 4753
1424 2 2 200 11 4903 3218 5031
1425 2 2 200 11 410 3667 3669
1426 2 2 200 11 701 409 3669
1427 2 2 200 11 5050 4798 5569
1428 2 2 200 11 522 3546 3552
1429 2 2 200 11 3272 3108 5317
1430 2 2 200 11 2249 3479 3561
1431 2 2 200 11 3618 5209 5595
1432 2 2 200 11 3537 4960 4961
1433 2 2 200 11 2971 3645 3646
1434 2 2 200 11 347 348 3540
1435 2 2 200 11 873 3846 3847
1436 2 2 200 11 3578 5169 5301
1437 2 2 200 11 2254 3512 5171
1438 2 2 200 11 809 3553 3793
1439 2 2 200 11 3715 840 5430
1440 2 2 200 11 3613 2972 5236
1441 2 2 200 11 2476 5125 5144
1442 2 2 200 11 3456 1514 3457
1443 2 2 200 11 3796 5373 5377
1444 2 2 200 11 3732 481 5264
1445 2 2 200 11 3641 3640 5382
1446 2 2 200 11 4877 3340 5212
1447 2 2 200 11 3344 3577 5546
1448 2 2 200 11 3503 678 5262
1449 2 2 200 11 784 4902 5182
1450 2 2 200 11 3577 3578 5546
1451 2 2 200 11 2209 3586 4967
1452 2 2 200 11 764 149 3741
1453 2 2 200 11 2294 3469 3470
1454 2 2 200 11 3402 716 5306
1455 2 2 200 11 770 4192 5482
1456 2 2 200 11 3082 3700 5320
1457 2 2 200 11 2454 3459 3554
1458 2 2 200 11 4890 685 5116
1459 2 2 200 11 601 825 3451
1460 2 2 200 11 734 349 3543
1461 2 2 200 11 3481 2151 3482
1462 2 2 200 11 4380 3639 4980
1463 2 2 200 11 3565 3205 5468
1464 2 2 200 11 109 768 4787
1465 2 2 200 11 881 108 4787
1466 2 2 200 11 3700 3082 5228
1467 2 2 200 11 3424 3670 5358
1468 2 2 200 11 2294 3470 3471
1469 2 2 200 11 4574 2339 5036
1470 2 2 200 11 3557 3240 5133
1471 2 2 200 11 3571 2278 4976
1472 2 2 200 11 3539 3541 5042
1473 2 2 200 11 1692 903 4927
1474 2 2 200 11 4024 4025 5293
1475 2 2 200 11 4907 4571 5498
1476 2 2 200 11 3162 3571 4976
1477 2 2 200 11 2785 3542 5523
1478 2 2 200 11 1913 2151 3481
1479 2 2 200 11 5297 3008 5340
1480 2 2 200 11 286 287 3941
1481 2 2 200 11 4192 770 5520
1482 2 2 200 11 4061 4233 4948
1483 2 2 200 11 1556 1486 3478
1484 2 2 200 11 4905 3805 4906
1485 2 2 200 11 822 3426 5035
1486 2 2 200 11 682 3391 5342
1487 2 2 200 11 342 805 3510
1488 2 2 200 11 860 3939 5141
1489 2 2 200 11 3632 4352 5413
1490 2 2 200 11 3361 3332 3495
1491 2 2 200 11 604 809 3515
1492 2 2 200 11 2994 5020 5277
1493 2 2 200 11 3758 660 5504
1494 2 2 200 11 809 3517 3553
1495 2 2 200 11 829 3795 5519
1496 2 2 200 11 3831 831 5609
1497 2 2 200 11 3486 3483 3568
1498 2 2 200 11 3265 3737 5356
1499 2 2 200 11 3676 2183 5131
1500 2 2 200 11 3391 682 5451
1501 2 2 200 11 3318 3459 3460
1502 2 2 200 11 5373 2985 5377
1503 2 2 200 11 2202 3717 5310
1504 2 2 200 11 5046 2995 5168
1505 2 2 200 11 2286 2282 3463
1506 2 2 200 11 882 3391 5259
1507 2 2 200 11 3465 3464 5313
1508 2 2 200 11 3481 3482 3484
1509 2 2 200 11 747 3407 5366
1510 2 2 200 11 3162 4976 5090
1511 2 2 200 11 757 3625 3626
1512 2 2 200 11 664 5156 5234
1513 2 2 200 11 3342 3489 3490
1514 2 2 200 11 3362 653 5355
1515 2 2 200 11 3313 5257 5402
1516 2 2 200 11 2932 3702 5272
1517 2 2 200 11 5382 3640 5592
1518 2 2 200 11 1210 1207 5043
1519 2 2 200 11 114 115 4117
1520 2 2 200 11 3533 3534 3537
1521 2 2 200 11 2972 3613 5554
1522 2 2 200 11 115 785 4117
1523 2 2 200 11 3349 3379 3525
1524 2 2 200 11 3555 3012 3733
1525 2 2 200 11 4963 3233 5227
1526 2 2 200 11 2371 2250 4981
1527 2 2 200 11 658 3400 5287
1528 2 2 200 11 3344 3336 3577
1529 2 2 200 11 2294 2295 3469
1530 2 2 200 11 3472 3471 4964
1531 2 2 200 11 3415 659 5229
1532 2 2 200 11 3707 3708 5580
1533 2 2 200 11 5247 3607 5292
1534 2 2 200 11 4626 3363 5115
1535 2 2 200 11 3161 3162 5090
1536 2 2 200 11 3348 3493 3494
1537 2 2 200 11 4467 864 5243
1538 2 2 200 11 2395 4205 4206
1539 2 2 200 11 771 3988 5415
1540 2 2 200 11 2850 3326 5162
1541 2 2 200 11 650 4982 5555
1542 2 2 200 11 737 3575 4823
1543 2 2 200 11 5075 2950 5198
1544 2 2 200 11 4056 872 5332
1545 2 2 200 11 741 4647 5626
1546 2 2 200 11 523 724 3546
1547 2 2 200 11 3459 3215 3460
1548 2 2 200 11 1483 1484 3478
1549 2 2 200 11 345 738 3533
1550 2 2 200 11 2216 2950 5105
1551 2 2 200 11 4880 4585 5516
1552 2 2 200 11 2338 3557 5133
1553 2 2 200 11 3551 832 5149
1554 2 2 200 11 3663 2233 5491
1555 2 2 200 11 5035 3427 5191
1556 2 2 200 11 3533 738 3534
1557 2 2 200 11 3441 767 5376
1558 2 2 200 11 3264 3265 5414
1559 2 2 200 11 5407 899 5471
1560 2 2 200 11 740 3419 5501
1561 2 2 200 11 3436 854 4722
1562 2 2 200 11 3610 3443 5194
1563 2 2 200 11 4122 788 5055
1564 2 2 200 11 830 3422 5354
1565 2 2 200 11 1754 2249 3561
1566 2 2 200 11 3702 2932 5534
1567 2 2 200 11 3622 2924 5286
1568 2 2 200 11 4598 2326 5100
1569 2 2 200 11 3413 780 5506
1570 2 2 200 11 3391 882 5342
1571 2 2 200 11 3378 5196 5436
1572 2 2 200 11 4598 3324 5011
1573 2 2 200 11 2292 2294 3471
1574 2 2 200 11 2116 3302 4981
1575 2 2 200 11 3717 2947 5134
1576 2 2 200 11 5078 4039 5309
1577 2 2 200 11 863 317 5047
1578 2 2 200 11 107 881 4788
1579 2 2 200 11 681 106 4788
1580 2 2 200 11 665 5041 5122
1581 2 2 200 11 888 4890 5441
1582 2 2 200 11 4116 2976 4117
1583 2 2 200 11 569 3403 5306
1584 2 2 200 11 1206 1203 5005
1585 2 2 200 11 3770 3014 5550
1586 2 2 200 11 5003 1685 5085
1587 2 2 200 11 1560 3453 3733
1588 2 2 200 11 3192 2322 5423
1589 2 2 200 11 2233 3663 5337
1590 2 2 200 11 2862 3591 5623
1591 2 2 200 11 678 3503 5439
1592 2 2 200 11 149 150 3741
1593 2 2 200 11 3668 756 5217
1594 2 2 200 11 3507 3508 5543
1595 2 2 200 11 3013 3377 3589
1596 2 2 200 11 3265 5356 5414
1597 2 2 200 11 3604 3606 3607
1598 2 2 200 11 3438 773 5065
1599 2 2 200 11 4134 2832 4135
1600 2 2 200 11 3729 3322 5107
1601 2 2 200 11 788 4122 5139
1602 2 2 200 11 3421 3726 5232
1603 2 2 200 11 3218 4903 5325
1604 2 2 200 11 4030 4031 5324
1605 2 2 200 11 3418 3468 5170
1606 2 2 200 11 3236 5050 5208
1607 2 2 200 11 3554 2970 3555
1608 2 2 200 11 3278 5158 5276
1609 2 2 200 11 3587 863 5316
1610 2 2 200 11 3439 2272 3788
1611 2 2 200 11 909 3486 3487
1612 2 2 200 11 5071 3527 5457
1613 2 2 200 11 3988 771 5505
1614 2 2 200 11 3538 347 3540
1615 2 2 200 11 7 651 3498
1616 2 2 200 11 650 6 3497
1617 2 2 200 11 3605 711 3606
1618 2 2 200 11 3473 841 3475
1619 2 2 200 11 3167 3562 5106
1620 2 2 200 11 1963 1850 3931
1621 2 2 200 11 4867 762 5284
1622 2 2 200 11 3771 3192 5423
1623 2 2 200 11 2092 3203 5058
1624 2 2 200 11 4482 4908 5267
1625 2 2 200 11 907 910 4860
1626 2 2 200 11 2295 2298 3469
1627 2 2 200 11 2342 2337 5011
1628 2 2 200 11 905 1514 4927
1629 2 2 200 11 3453 1560 3779
1630 2 2 200 11 5138 3238 5146
1631 2 2 200 11 1210 3763 3779
1632 2 2 200 11 3265 2935 3736
1633 2 2 200 11 719 5050 5569
1634 2 2 200 11 3324 3433 5011
1635 2 2 200 11 2950 5075 5105
1636 2 2 200 11 287 777 3941
1637 2 2 200 11 3459 2970 3554
1638 2 2 200 11 3486 3568 3599
1639 2 2 200 11 3670 4533 5273
1640 2 2 200 11 757 3626 5500
1641 2 2 200 11 3434 779 5121
1642 2 2 200 11 1999 3012 3555
1643 2 2 200 11 3431 3430 4872
1644 2 2 200 11 4679 866 4828
1645 2 2 200 11 5131 2133 5556
1646 2 2 200 11 3398 3301 5308
1647 2 2 200 11 3676 3730 3731
1648 2 2 200 11 3511 824 3512
1649 2 2 200 11 5313 3464 5583
1650 2 2 200 11 3606 2920 3607
1651 2 2 200 11 757 549 3625
1652 2 2 200 11 3629 5177 5570
1653 2 2 200 11 3484 3482 5288
1654 2 2 200 11 5184 4090 5235
1655 2 2 200 11 3536 5250 5443
1656 2 2 200 11 3600 1560 3733
1657 2 2 200 11 2251 2260 3479
1658 2 2 200 11 5186 2267 5392
1659 2 2 200 11 3265 3736 3737
1660 2 2 200 11 2241 4839 5018
1661 2 2 200 11 3289 5048 5180
1662 2 2 200 11 4914 676 5497
1663 2 2 200 11 5032 891 5618
1664 2 2 200 11 3553 2444 3793
1665 2 2 200 11 549 550 3625
1666 2 2 200 11 5076 3167 5106
1667 2 2 200 11 3763 3453 3779
1668 2 2 200 11 647 898 899
1669 2 2 200 11 3236 4798 5050
1670 2 2 200 11 455 7 3498
1671 2 2 200 11 6 483 3497
1672 2 2 200 11 2282 2285 3463
1673 2 2 200 11 5040 2797 5089
1674 2 2 200 11 1713 1551 3564
1675 2 2 200 11 2769 3554 3555
1676 2 2 200 11 346 347 3538
1677 2 2 200 11 3516 2443 5067
1678 2 2 200 11 914 3594 3888
1679 2 2 200 11 3013 815 3377
1680 2 2 200 11 486 736 3548
1681 2 2 200 11 801 3323 3324
1682 2 2 200 11 3262 3712 5256
1683 2 2 200 11 774 3450 4983
1684 2 2 200 11 5081 810 5589
1685 2 2 200 11 3712 716 5378
1686 2 2 200 11 4872 503 4974
1687 2 2 200 11 3615 2205 3930
1688 2 2 200 11 3650 748 5013
1689 2 2 200 11 3287 3715 5430
1690 2 2 200 11 2242 1713 3564
1691 2 2 200 11 5251 4975 5338
1692 2 2 200 11 3556 2108 4546
1693 2 2 200 11 3016 3556 4546
1694 2 2 200 11 2255 2257 5294
1695 2 2 200 11 3513 2371 4981
1696 2 2 200 11 3259 3930 5010
1697 2 2 200 11 3409 747 5104
1698 2 2 200 11 3451 825 4826
1699 2 2 200 11 3361 3495 5553
1700 2 2 200 11 322 829 3939
1701 2 2 200 11 689 4249 5233
1702 2 2 200 11 809 605 3517
1703 2 2 200 11 5104 3720 5173
1704 2 2 200 11 3722 3228 5095
1705 2 2 200 11 3867 3864 4973
1706 2 2 200 11 3590 3591 5606
1707 2 2 200 11 811 3566 5303
1708 2 2 200 11 2346 2360 3565
1709 2 2 200 11 2737 3346 3883
1710 2 2 200 11 2269 2272 3530
1711 2 2 200 11 4670 732 5231
1712 2 2 200 11 3457 1514 4860
1713 2 2 200 11 2909 2908 3579
1714 2 2 200 11 3640 3639 5592
1715 2 2 200 11 2909 3579 3580
1716 2 2 200 11 4707 889 5124
1717 2 2 200 11 4115 785 5285
1718 2 2 200 11 3548 736 3549
1719 2 2 200 11 5308 3301 5469
1720 2 2 200 11 3498 651 3499
1721 2 2 200 11 3763 1210 5043
1722 2 2 200 11 2237 3393 3464
1723 2 2 200 11 819 3200 3256
1724 2 2 200 11 2769 3555 3733
1725 2 2 200 11 2368 3161 3180
1726 2 2 200 11 353 711 3605
1727 2 2 200 11 2405 4495 4779
1728 2 2 200 11 598 824 3511
1729 2 2 200 11 3143 1879 4361
1730 2 2 200 11 1879 2087 4361
1731 2 2 200 11 2850 2849 3325
1732 2 2 200 11 1489 3477 4495
1733 2 2 200 11 2370 2993 2995
1734 2 2 200 11 2970 1999 3555
1735 2 2 200 11 2152 1750 3583
1736 2 2 200 11 5151 3073 5162
1737 2 2 200 11 3751 1206 5005
1738 2 2 200 11 687 4917 5353
1739 2 2 200 11 3189 4759 5029
1740 2 2 200 11 3352 5188 5449
1741 2 2 200 11 3001 3000 3531
1742 2 2 200 11 859 332 3792
1743 2 2 200 11 2909 3580 3581
1744 2 2 200 11 3723 2989 3738
1745 2 2 200 11 3495 3496 5553
1746 2 2 200 11 4647 3664 5091
1747 2 2 200 11 3200 2323 3294
1748 2 2 200 11 1202 1199 3913
1749 2 2 200 11 3568 1790 3599
1750 2 2 200 11 3241 3461 5142
1751 2 2 200 11 3594 914 3824
1752 2 2 200 11 826 3574 5023
1753 2 2 200 11 4117 2976 5041
1754 2 2 200 11 3455 5003 5085
1755 2 2 200 11 2380 827 2381
1756 2 2 200 11 3502 2977 3579
1757 2 2 200 11 1514 3456 4927
1758 2 2 200 11 2993 820 2994
1759 2 2 200 11 2908 3502 3579
1760 2 2 200 11 861 25 3563
1761 2 2 200 11 1958 1913 3481
1762 2 2 200 11 3656 5297 5340
1763 2 2 200 11 885 3504 5109
1764 2 2 200 11 807 3754 3756
1765 2 2 200 11 918 915 3888
1766 2 2 200 11 831 3547 5609
1767 2 2 200 11 2303 2984 3267
1768 2 2 200 11 3244 813 3387
1769 2 2 200 11 1489 1473 4753
1770 2 2 200 11 3205 817 3752
1771 2 2 200 11 3754 3755 3756
1772 2 2 200 11 24 861 3569
1773 2 2 200 11 863 3392 5316
1774 2 2 200 11 5132 850 5617
1775 2 2 200 11 4205 772 5009
1776 2 2 200 11 763 3452 5093
1777 2 2 200 11 3462 739 5230
1778 2 2 200 11 722 3682 3683
1779 2 2 200 11 2251 2253 2260
1780 2 2 200 11 3542 734 3543
1781 2 2 200 11 892 27 3576
1782 2 2 200 11 3322 3729 5385
1783 2 2 200 11 3986 771 5415
1784 2 2 200 11 2030 1960 2206
1785 2 2 200 11 811 461 3566
1786 2 2 200 11 856 616 3567
1787 2 2 200 11 3586 2209 4949
1788 2 2 200 11 3693 2859 5409
1789 2 2 200 11 806 3513 5572
1790 2 2 200 11 600 601 3451
1791 2 2 200 11 3449 600 3451
1792 2 2 200 11 3585 821 3586
1793 2 2 200 11 830 3569 3570
1794 2 2 200 11 2934 3734 3735
1795 2 2 200 11 5087 3192 5172
1796 2 2 200 11 1756 3528 5016
1797 2 2 200 11 3010 3588 4848
1798 2 2 200 11 3930 3931 5010
1799 2 2 200 11 5125 3848 5144
1800 2 2 200 11 2249 2251 3479
1801 2 2 200 11 3569 861 3768
1802 2 2 200 11 2453 2454 3554
1803 2 2 200 11 3630 3629 5570
1804 2 2 200 11 2379 2380 3381
1805 2 2 200 11 3140 3617 3618
1806 2 2 200 11 3514 3515 3516
1807 2 2 200 11 3868 3862 4934
1808 2 2 200 11 341 342 3510
1809 2 2 200 11 764 3742 3743
1810 2 2 200 11 603 604 3515
1811 2 2 200 11 5222 726 5340
1812 2 2 200 11 1514 907 4860
1813 2 2 200 11 814 2850 3073
1814 2 2 200 11 798 3378 5436
1815 2 2 200 11 3676 3674 3730
1816 2 2 200 11 1850 1851 3931
1817 2 2 200 11 3634 709 3636
1818 2 2 200 11 807 613 3754
1819 2 2 200 11 1198 3912 3913
1820 2 2 200 11 2237 3464 3465
1821 2 2 200 11 550 3623 3625
1822 2 2 200 11 2374 2373 2375
1823 2 2 200 11 3626 4427 5500
1824 2 2 200 11 3169 3102 5289
1825 2 2 200 11 2866 3673 5456
1826 2 2 200 11 2303 2304 2984
1827 2 2 200 11 2935 2934 3736
1828 2 2 200 11 3509 341 3510
1829 2 2 200 11 3514 603 3515
1830 2 2 200 11 3588 1532 4848
1831 2 2 200 11 2769 2453 3554
1832 2 2 200 11 786 3506 5276
1833 2 2 200 11 2364 2349 3565
1834 2 2 200 11 2205 1963 3931
1835 2 2 200 11 362 847 3765
1836 2 2 200 11 496 696 3665
1837 2 2 200 11 501 728 3703
1838 2 2 200 11 507 698 3672
1839 2 2 200 11 381 719 3696
1840 2 2 200 11 518 700 3658
1841 2 2 200 11 529 702 3662
1842 2 2 200 11 436 729 3646
1843 2 2 200 11 414 725 3690
1844 2 2 200 11 395 849 3766
1845 2 2 200 11 567 716 3711
1846 2 2 200 11 556 718 3718
1847 2 2 200 11 727 4434 4843
1848 2 2 200 11 4061 4948 5335
1849 2 2 200 11 1194 3757 3911
1850 2 2 200 11 454 832 3551
1851 2 2 200 11 1692 3458 5581
1852 2 2 200 11 3325 5407 5471
1853 2 2 200 11 3595 3596 3597
1854 2 2 200 11 1784 1767 1985
1855 2 2 200 11 3477 1489 4753
1856 2 2 200 11 862 29 3585
1857 2 2 200 11 316 863 3587
1858 2 2 200 11 2934 3735 3736
1859 2 2 200 11 344 345 3533
1860 2 2 200 11 854 459 4722
1861 2 2 200 11 3324 4598 5100
1862 2 2 200 11 829 3794 3795
1863 2 2 200 11 771 3986 5431
1864 2 2 200 11 488 851 3592
1865 2 2 200 11 26 892 3563
1866 2 2 200 11 843 521 3552
1867 2 2 200 11 724 3545 3546
1868 2 2 200 11 1202 3913 5007
1869 2 2 200 11 2720 2718 3747
1870 2 2 200 11 521 522 3552
1871 2 2 200 11 2259 2269 3530
1872 2 2 200 11 4826 825 5017
1873 2 2 200 11 2233 3661 5491
1874 2 2 200 11 3757 3007 3911
1875 2 2 200 11 615 856 3753
1876 2 2 200 11 2720 3747 3748
1877 2 2 200 11 325 803 3796
1878 2 2 200 11 878 3986 5467
1879 2 2 200 11 2346 2344 2360
1880 2 2 200 11 2241 2240 5494
1881 2 2 200 11 5064 3590 5606
1882 2 2 200 11 2290 2292 2309
1883 2 2 200 11 2273 3571 3788
1884 2 2 200 11 3665 696 3666
1885 2 2 200 11 352 353 3605
1886 2 2 200 11 896 3601 5528
1887 2 2 200 11 3703 728 3704
1888 2 2 200 11 3672 698 3673
1889 2 2 200 11 3658 700 3659
1890 2 2 200 11 3711 716 3712
1891 2 2 200 11 3690 725 3691
1892 2 2 200 11 3662 702 3663
1893 2 2 200 11 830 23 3569
1894 2 2 200 11 1199 1198 3913
1895 2 2 200 11 3570 3569 3768
1896 2 2 200 11 3273 4989 5336
1897 2 2 200 11 1714 1713 1911
1898 2 2 200 11 2386 2384 5120
1899 2 2 200 11 3679 3681 3682
1900 2 2 200 11 3739 2736 4574
1901 2 2 200 11 3587 5316 5545
1902 2 2 200 11 1687 1688 1767
1903 2 2 200 11 3986 878 5431
1904 2 2 200 11 3572 2910 3747
1905 2 2 200 11 2720 3748 3749
1906 2 2 200 11 2280 2282 2286
1907 2 2 200 11 3581 4118 4704
1908 2 2 200 11 3584 2319 4050
1909 2 2 200 11 737 452 3575
1910 2 2 200 11 2403 2415 3813
1911 2 2 200 11 3532 344 3533
1912 2 2 200 11 2946 3454 3455
1913 2 2 200 11 2718 3572 3747
1914 2 2 200 11 28 862 3576
1915 2 2 200 11 1987 1985 3197
1916 2 2 200 11 832 455 3498
1917 2 2 200 11 483 831 3497
1918 2 2 200 11 2934 2412 3734
1919 2 2 200 11 2240 5092 5494
1920 2 2 200 11 2330 2334 3739
1921 2 2 200 11 3326 3531 5162
1922 2 2 200 11 1551 1518 3564
1923 2 2 200 11 1198 3911 3912
1924 2 2 200 11 1687 1767 1784
1925 2 2 200 11 3754 3753 3755
1926 2 2 200 11 860 3432 5434
1927 2 2 200 11 1960 1958 3480
1928 2 2 200 11 5204 834 5621
1929 2 2 200 11 3847 3846 3848
1930 2 2 200 11 3745 896 5528
1931 2 2 200 11 2405 3813 4495
1932 2 2 200 11 30 821 3585
1933 2 2 200 11 822 315 3587
1934 2 2 200 11 824 599 3449
1935 2 2 200 11 847 3637 3765
1936 2 2 200 11 1200 3867 4973
1937 2 2 200 11 1712 1551 1713
1938 2 2 200 11 849 3641 3766
1939 2 2 200 11 3619 3272 5317
1940 2 2 200 11 915 914 3888
1941 2 2 200 11 487 488 3592
1942 2 2 200 11 3005 3001 3531
1943 2 2 200 11 3456 3005 3458
1944 2 2 200 11 26 27 892
1945 2 2 200 11 318 319 891
1946 2 2 200 11 834 3595 3597
1947 2 2 200 11 2269 2271 2272
1948 2 2 200 11 320 321 860
1949 2 2 200 11 24 25 861
1950 2 2 200 11 673 4336 5258
1951 2 2 200 11 4199 670 5536
1952 2 2 200 11 3532 3533 3537
1953 2 2 200 11 3638 3639 3640
1954 2 2 200 11 3495 2421 3496
1955 2 2 200 11 2415 3812 3813
1956 2 2 200 11 3460 3215 3732
1957 2 2 200 11 808 466 3745
1958 2 2 200 11 3203 4850 5058
1959 2 2 200 11 3431 4872 4974
1960 2 2 200 11 677 5530 5558
1961 2 2 200 11 2736 2854 2855
1962 2 2 200 11 4901 4015 5207
1963 2 2 200 11 3778 3467 5221
1964 2 2 200 11 1469 1468 3764
1965 2 2 200 11 4133 878 5467
1966 2 2 200 11 1688 1754 3561
1967 2 2 200 11 825 602 3514
1968 2 2 200 11 2079 1750 2152
1969 2 2 200 11 829 323 3794
1970 2 2 200 11 2405 2403 3813
1971 2 2 200 11 4495 3477 4779
1972 2 2 200 11 653 3429 5096
1973 2 2 200 11 1985 1986 3771
1974 2 2 200 11 2909 3581 4704
1975 2 2 200 11 3178 5014 5028
1976 2 2 200 11 485 486 3548
1977 2 2 200 11 823 340 3509
1978 2 2 200 11 2365 2364 2366
1979 2 2 200 11 1674 1672 3593
1980 2 2 200 11 1911 2242 2243
1981 2 2 200 11 3483 2151 3568
1982 2 2 200 11 1477 1478 1479
1983 2 2 200 11 1472 1469 3764
1984 2 2 200 11 3552 3546 5245
1985 2 2 200 11 2298 2302 2303
1986 2 2 200 11 2275 2278 3571
1987 2 2 200 11 1712 1713 1714
1988 2 2 200 11 1957 1913 1958
1989 2 2 200 11 3547 3548 5110
1990 2 2 200 11 2285 2290 3463
1991 2 2 200 11 2349 2346 3565
1992 2 2 200 11 168 169 4828
1993 2 2 200 11 3590 859 3591
1994 2 2 200 11 3584 3016 4546
1995 2 2 200 11 22 23 830
1996 2 2 200 11 322 323 829
1997 2 2 200 11 1685 1686 1687
1998 2 2 200 11 3518 3520 3521
1999 2 2 200 11 2249 2250 2251
2000 2 2 200 11 2298 2303 3469
2001 2 2 200 11 3631 835 3633
2002 2 2 200 11 834 588 3595
2003 2 2 200 11 5301 4639 5551
2004 2 2 200 11 4352 3227 5413
2005 2 2 200 11 3094 3668 5217
2006 2 2 200 11 3458 3005 3531
2007 2 2 200 11 3869 3860 4842
2008 2 2 200 11 3682 3681 3683
2009 2 2 200 11 3534 738 3535
2010 2 2 200 11 1911 2267 3583
2011 2 2 200 11 1475 1476 1477
2012 2 2 200 11 2744 3409 5173
2013 2 2 200 11 3480 3481 3484
2014 2 2 200 11 2351 2736 3739
2015 2 2 200 11 372 373 3630
2016 2 2 200 11 550 551 3623
2017 2 2 200 11 826 337 3574
2018 2 2 200 11 845 3627 3628
2019 2 2 200 11 3614 695 3615
2020 2 2 200 11 708 3631 3632
2021 2 2 200 11 3612 697 3613
2022 2 2 200 11 3638 703 3639
2023 2 2 200 11 726 3655 3656
2024 2 2 200 11 706 3620 3621
2025 2 2 200 11 1911 2243 2267
2026 2 2 200 11 3674 446 3730
2027 2 2 200 11 1913 1792 2151
2028 2 2 200 11 3422 830 5510
2029 2 2 200 11 451 737 3644
2030 2 2 200 11 377 3692 3694
2031 2 2 200 11 536 3679 3682
2032 2 2 200 11 432 3677 3678
2033 2 2 200 11 399 3687 3688
2034 2 2 200 11 845 374 3627
2035 2 2 200 11 542 839 3610
2036 2 2 200 11 577 3723 3738
2037 2 2 200 11 416 3707 3709
2038 2 2 200 11 438 3705 3706
2039 2 2 200 11 427 3713 3714
2040 2 2 200 11 405 3697 3699
2041 2 2 200 11 731 448 3643
2042 2 2 200 11 490 730 3642
2043 2 2 200 11 364 709 3634
2044 2 2 200 11 696 497 3608
2045 2 2 200 11 718 557 3651
2046 2 2 200 11 708 563 3631
2047 2 2 200 11 441 695 3614
2048 2 2 200 11 397 703 3638
2049 2 2 200 11 430 697 3612
2050 2 2 200 11 706 552 3620
2051 2 2 200 11 700 519 3609
2052 2 2 200 11 408 701 3611
2053 2 2 200 11 419 699 3619
2054 2 2 200 11 726 513 3655
2055 2 2 200 11 4206 4205 5009
2056 2 2 200 11 339 340 823
2057 2 2 200 11 598 599 824
2058 2 2 200 11 336 337 826
2059 2 2 200 11 601 602 825
2060 2 2 200 11 1985 1767 1986
2061 2 2 200 11 30 31 821
2062 2 2 200 11 314 315 822
2063 2 2 200 11 28 29 862
2064 2 2 200 11 316 317 863
2065 2 2 200 11 2251 2252 2253
2066 2 2 200 11 4062 690 5118
2067 2 2 200 11 3456 3458 4927
2068 2 2 200 11 3525 3379 3526
2069 2 2 200 11 3559 782 4847
2070 2 2 200 11 3463 2309 5112
2071 2 2 200 11 3480 1958 3481
2072 2 2 200 11 2334 2351 3739
2073 2 2 200 11 3521 3520 3522
2074 2 2 200 11 1518 1486 1556
2075 2 2 200 11 1912 1792 1913
2076 2 2 200 11 3355 3356 4956
2077 2 2 200 11 3514 3516 5017
2078 2 2 200 11 2210 2153 2240
2079 2 2 200 11 3616 3140 5607
2080 2 2 200 11 3027 3873 4522
2081 2 2 200 11 738 346 3538
2082 2 2 200 11 462 855 3566
2083 2 2 200 11 617 812 3567
2084 2 2 200 11 1784 1985 1987
2085 2 2 200 11 3661 2233 5602
2086 2 2 200 11 2206 1960 3480
2087 2 2 200 11 3812 2415 3814
2088 2 2 200 11 3734 3418 3735
2089 2 2 200 11 599 600 3449
2090 2 2 200 11 3482 2151 3483
2091 2 2 200 11 1468 3746 3764
2092 2 2 200 11 1754 2116 2249
2093 2 2 200 11 4884 3183 5059
2094 2 2 200 11 3600 3012 3772
2095 2 2 200 11 3826 2789 3828
2096 2 2 200 11 2285 2289 2290
2097 2 2 200 11 1987 3197 3352
2098 2 2 200 11 910 1679 4860
2099 2 2 200 11 342 343 805
2100 2 2 200 11 595 596 806
2101 2 2 200 11 1196 3868 4934
2102 2 2 200 11 2363 2349 2364
2103 2 2 200 11 3244 5186 5392
2104 2 2 200 11 3519 3750 5608
2105 2 2 200 11 1518 1556 3564
2106 2 2 200 11 3758 3309 4241
2107 2 2 200 11 1959 1958 1960
2108 2 2 200 11 805 343 3532
2109 2 2 200 11 3989 667 5404
2110 2 2 200 11 3469 3267 3470
2111 2 2 200 11 614 3753 3754
2112 2 2 200 11 1481 1482 1483
2113 2 2 200 11 3242 3240 3557
2114 2 2 200 11 2401 2399 3902
2115 2 2 200 11 3048 4636 4863
2116 2 2 200 11 1788 2248 3599
2117 2 2 200 11 4241 3309 4330
2118 2 2 200 11 604 605 809
2119 2 2 200 11 333 334 810
2120 2 2 200 11 2253 2254 2255
2121 2 2 200 11 4352 3632 5379
2122 2 2 200 11 3480 3484 3589
2123 2 2 200 11 2672 4241 4330
2124 2 2 200 11 3482 3483 3485
2125 2 2 200 11 4038 4039 5078
2126 2 2 200 11 3519 858 3750
2127 2 2 200 11 1791 1790 1792
2128 2 2 200 11 3749 4119 4527
2129 2 2 200 11 2290 2291 2292
2130 2 2 200 11 1672 918 3888
2131 2 2 200 11 597 598 3511
2132 2 2 200 11 2563 2564 4833
2133 2 2 200 11 602 603 3514
2134 2 2 200 11 483 484 831
2135 2 2 200 11 454 455 832
2136 2 2 200 11 3517 858 3518
2137 2 2 200 11 4836 880 5357
2138 2 2 200 11 3017 3019 3761
2139 2 2 200 11 2414 3418 3734
2140 2 2 200 11 2351 2359 2736
2141 2 2 200 11 337 338 3574
2142 2 2 200 11 4825 3972 4834
2143 2 2 200 11 340 341 3509
2144 2 2 200 11 895 611 3744
2145 2 2 200 11 2999 2997 3000
2146 2 2 200 11 19 20 804
2147 2 2 200 11 325 326 803
2148 2 2 200 11 2206 3480 3589
2149 2 2 200 11 3466 649 5371
2150 2 2 200 11 878 4133 5507
2151 2 2 200 11 2029 1960 2030
2152 2 2 200 11 1714 1911 3583
2153 2 2 200 11 1790 1788 3599
2154 2 2 200 11 3027 3872 3873
2155 2 2 200 11 2532 4825 4834
2156 2 2 200 11 3517 3518 3553
2157 2 2 200 11 605 606 3517
2158 2 2 200 11 1789 1788 1790
2159 2 2 200 11 3593 1672 3888
2160 2 2 200 11 1480 1479 1481
2161 2 2 200 11 3746 1468 3767
2162 2 2 200 11 3547 485 3548
2163 2 2 200 11 2196 2030 2197
2164 2 2 200 11 462 463 855
2165 2 2 200 11 460 461 811
2166 2 2 200 11 615 616 856
2167 2 2 200 11 617 618 812
2168 2 2 200 11 361 362 3765
2169 2 2 200 11 2412 2411 3734
2170 2 2 200 11 495 496 3665
2171 2 2 200 11 500 501 3703
2172 2 2 200 11 506 507 3672
2173 2 2 200 11 380 381 3696
2174 2 2 200 11 517 518 3658
2175 2 2 200 11 528 529 3662
2176 2 2 200 11 435 436 3646
2177 2 2 200 11 413 414 3690
2178 2 2 200 11 566 567 3711
2179 2 2 200 11 394 395 3766
2180 2 2 200 11 555 556 3718
2181 2 2 200 11 3977 65 5363
2182 2 2 200 11 3418 3417 3468
2183 2 2 200 11 33 34 760
2184 2 2 200 11 311 312 761
2185 2 2 200 11 700 3609 4990
2186 2 2 200 11 3757 1194 4821
2187 2 2 200 11 5224 3552 5245
2188 2 2 200 11 3453 2769 3733
2189 2 2 200 11 2720 3749 4527
2190 2 2 200 11 3791 4050 4655
2191 2 2 200 11 1737 1736 1788
2192 2 2 200 11 3577 2143 3578
2193 2 2 200 11 612 613 807
2194 2 2 200 11 465 466 808
2195 2 2 200 11 843 3552 5224
2196 2 2 200 11 614 615 3753
2197 2 2 200 11 1477 1476 1478
2198 2 2 200 11 3805 3804 4246
2199 2 2 200 11 1483 1482 1484
2200 2 2 200 11 345 346 738
2201 2 2 200 11 592 593 739
2202 2 2 200 11 3804 2564 4246
2203 2 2 200 11 19 804 3965
2204 2 2 200 11 3911 3007 3912
2205 2 2 200 11 4759 3246 5029
2206 2 2 200 11 4806 3968 4815
2207 2 2 200 11 2255 2256 2257
2208 2 2 200 11 3777 3584 4050
2209 2 2 200 11 2292 2293 2294
2210 2 2 200 11 721 3726 3769
2211 2 2 200 11 3821 3820 4747
2212 2 2 200 11 3685 402 4935
2213 2 2 200 11 38 864 5019
2214 2 2 200 11 722 3683 5183
2215 2 2 200 11 5427 3727 5447
2216 2 2 200 11 1911 1713 2242
2217 2 2 200 11 3602 352 3605
2218 2 2 200 11 2319 3584 4546
2219 2 2 200 11 2789 2438 3828
2220 2 2 200 11 4918 3320 5422
2221 2 2 200 11 2533 4806 4815
2222 2 2 200 11 1180 3791 3799
2223 2 2 200 11 3550 3346 5312
2224 2 2 200 11 343 344 3532
2225 2 2 200 11 2278 2279 2280
2226 2 2 200 11 2414 3417 3418
2227 2 2 200 11 1792 1790 3568
2228 2 2 200 11 4908 890 5267
2229 2 2 200 11 3872 3027 3889
2230 2 2 200 11 1687 1686 1688
2231 2 2 200 11 3794 324 3796
2232 2 2 200 11 3499 651 3500
2233 2 2 200 11 1485 1483 1486
2234 2 2 200 11 3761 3019 3762
2235 2 2 200 11 803 326 3964
2236 2 2 200 11 857 620 3770
2237 2 2 200 11 1203 1202 5005
2238 2 2 200 11 1974 3872 3889
2239 2 2 200 11 1682 1684 1685
2240 2 2 200 11 1192 3869 4842
2241 2 2 200 11 3518 3521 3553
2242 2 2 200 11 877 3743 5225
2243 2 2 200 11 1207 1206 5043
2244 2 2 200 11 3451 4826 5484
2245 2 2 200 11 858 607 3750
2246 2 2 200 11 2198 2197 2199
2247 2 2 200 11 2273 2275 3571
2248 2 2 200 11 902 3485 5610
2249 2 2 200 11 2303 2302 2304
2250 2 2 200 11 612 807 3744
2251 2 2 200 11 1916 2211 4945
2252 2 2 200 11 4248 783 5099
2253 2 2 200 11 3776 4925 4930
2254 2 2 200 11 1194 1191 4821
2255 2 2 200 11 4522 3873 4523
2256 2 2 200 11 1473 1474 1475
2257 2 2 200 11 2410 2409 2411
2258 2 2 200 11 2211 3316 4953
2259 2 2 200 11 3518 3519 3520
2260 2 2 200 11 1475 1474 1476
2261 2 2 200 11 1788 1736 2248
2262 2 2 200 11 4992 3524 5266
2263 2 2 200 11 3264 2935 3265
2264 2 2 200 11 2079 2152 2153
2265 2 2 200 11 4050 2319 4655
2266 2 2 200 11 4925 1655 4930
2267 2 2 200 11 4067 4068 4800
2268 2 2 200 11 831 484 3547
2269 2 2 200 11 3506 3278 5276
2270 2 2 200 11 3805 4905 5201
2271 2 2 200 11 3971 3972 4824
2272 2 2 200 11 2411 2414 3734
2273 2 2 200 11 2419 3810 4455
2274 2 2 200 11 2335 2331 4816
2275 2 2 200 11 1477 1479 1480
2276 2 2 200 11 2417 2412 2934
2277 2 2 200 11 2290 2309 3463
2278 2 2 200 11 3500 3806 3807
2279 2 2 200 11 4824 3972 4825
2280 2 2 200 11 2197 2030 5046
2281 2 2 200 11 3160 4919 4921
2282 2 2 200 11 2272 2271 2273
2283 2 2 200 11 3549 736 3550
2284 2 2 200 11 2275 2277 2278
2285 2 2 200 11 3534 3535 3536
2286 2 2 200 11 1466 1540 3767
2287 2 2 200 11 606 858 3517
2288 2 2 200 11 3197 1985 3771
2289 2 2 200 11 3500 651 3806
2290 2 2 200 11 3778 3214 3881
2291 2 2 200 11 2414 2969 3417
2292 2 2 200 11 1728 1674 1736
2293 2 2 200 11 1750 1714 3583
2294 2 2 200 11 331 859 3590
2295 2 2 200 11 3730 731 3731
2296 2 2 200 11 3720 712 3721
2297 2 2 200 11 2820 5365 5368
2298 2 2 200 11 1517 1486 1518
2299 2 2 200 11 3594 3593 3888
2300 2 2 200 11 4919 1522 4921
2301 2 2 200 11 3003 3001 3005
2302 2 2 200 11 917 920 4774
2303 2 2 200 11 4342 1249 4743
2304 2 2 200 11 3692 752 3693
2305 2 2 200 11 3679 749 3680
2306 2 2 200 11 3667 756 3668
2307 2 2 200 11 3653 742 3654
2308 2 2 200 11 3707 844 3708
2309 2 2 200 11 3697 838 3698
2310 2 2 200 11 1481 1479 1482
2311 2 2 200 11 2726 3761 3762
2312 2 2 200 11 1550 1518 1551
2313 2 2 200 11 2410 2411 2412
2314 2 2 200 11 3728 361 3765
2315 2 2 200 11 3664 495 3665
2316 2 2 200 11 2411 2413 2414
2317 2 2 200 11 3701 500 3703
2318 2 2 200 11 3820 2792 4747
2319 2 2 200 11 3671 506 3672
2320 2 2 200 11 3695 380 3696
2321 2 2 200 11 3724 394 3766
2322 2 2 200 11 3657 517 3658
2323 2 2 200 11 3660 528 3662
2324 2 2 200 11 3645 435 3646
2325 2 2 200 11 3710 566 3711
2326 2 2 200 11 3689 413 3690
2327 2 2 200 11 3716 555 3718
2328 2 2 200 11 1711 1551 1712
2329 2 2 200 11 3875 3870 4582
2330 2 2 200 11 3967 2812 4797
2331 2 2 200 11 2789 3826 3950
2332 2 2 200 11 4065 4066 4785
2333 2 2 200 11 2564 3804 4833
2334 2 2 200 11 3821 1647 4342
2335 2 2 200 11 3764 3010 4848
2336 2 2 200 11 3874 4493 4567
2337 2 2 200 11 3266 3452 5210
2338 2 2 200 11 4075 2532 4834
2339 2 2 200 11 461 462 3566
2340 2 2 200 11 616 617 3567
2341 2 2 200 11 4945 2211 4953
2342 2 2 200 11 3423 3425 5030
2343 2 2 200 11 2039 3584 3777
2344 2 2 200 11 3782 2150 4287
2345 2 2 200 11 3580 4841 4865
2346 2 2 200 11 3967 3968 4804
2347 2 2 200 11 4101 2607 4766
2348 2 2 200 11 2415 2401 3902
2349 2 2 200 11 1647 3821 4747
2350 2 2 200 11 25 26 3563
2351 2 2 200 11 3434 3308 5024
2352 2 2 200 11 3006 3005 3456
2353 2 2 200 11 1745 2039 3777
2354 2 2 200 11 467 896 3745
2355 2 2 200 11 2436 3835 3849
2356 2 2 200 11 3798 3339 4231
2357 2 2 200 11 864 4849 5243
2358 2 2 200 11 4292 1509 4744
2359 2 2 200 11 5005 1202 5007
2360 2 2 200 11 1214 1211 3779
2361 2 2 200 11 613 614 3754
2362 2 2 200 11 23 24 3569
2363 2 2 200 11 3545 5040 5089
2364 2 2 200 11 3382 4809 5417
2365 2 2 200 11 2164 2148 4052
2366 2 2 200 11 4804 3968 4806
2367 2 2 200 11 3974 2811 4778
2368 2 2 200 11 27 28 3576
2369 2 2 200 11 2399 3048 3902
2370 2 2 200 11 3797 3798 4231
2371 2 2 200 11 2726 3762 4048
2372 2 2 200 11 2150 2538 4287
2373 2 2 200 11 2532 4075 4841
2374 2 2 200 11 3956 3957 4742
2375 2 2 200 11 2053 3797 4231
2376 2 2 200 11 2343 2342 2344
2377 2 2 200 11 3452 763 5210
2378 2 2 200 11 4891 4184 5242
2379 2 2 200 11 3761 2672 4330
2380 2 2 200 11 1468 1466 3767
2381 2 2 200 11 3029 3979 4771
2382 2 2 200 11 3971 2533 4815
2383 2 2 200 11 3799 3791 4655
2384 2 2 200 11 2844 2789 3950
2385 2 2 200 11 736 487 3592
2386 2 2 200 11 2538 3775 4287
2387 2 2 200 11 3017 3761 4330
2388 2 2 200 11 3596 735 3598
2389 2 2 200 11 3414 5204 5621
2390 2 2 200 11 3810 3809 4455
2391 2 2 200 11 2438 2437 3828
2392 2 2 200 11 3522 3523 3524
2393 2 2 200 11 3767 1540 4459
2394 2 2 200 11 1932 1931 4626
2395 2 2 200 11 3214 2452 3881
2396 2 2 200 11 2427 3360 3780
2397 2 2 200 11 1188 3875 4582
2398 2 2 200 11 1728 1736 1737
2399 2 2 200 11 4099 2608 4746
2400 2 2 200 11 3201 2679 3789
2401 2 2 200 11 3772 1669 4487
2402 2 2 200 11 453 454 3551
2403 2 2 200 11 3775 2538 3890
2404 2 2 200 11 4493 1208 4567
2405 2 2 200 11 1481 1483 1485
2406 2 2 200 11 169 713 4828
2407 2 2 200 11 1798 1974 3889
2408 2 2 200 11 452 453 3575
2409 2 2 200 11 866 168 4828
2410 2 2 200 11 3510 805 5226
2411 2 2 200 11 3600 3772 4487
2412 2 2 200 11 3412 3410 5080
2413 2 2 200 11 308 309 653
2414 2 2 200 11 36 37 652
2415 2 2 200 11 2812 4791 4797
2416 2 2 200 11 3840 2475 3842
2417 2 2 200 11 2037 1781 4326
2418 2 2 200 11 2763 1660 4685
2419 2 2 200 11 351 352 3602
2420 2 2 200 11 3193 3923 3924
2421 2 2 200 11 4140 2534 4758
2422 2 2 200 11 3808 3028 4693
2423 2 2 200 11 3665 3666 5091
2424 2 2 200 11 3797 2053 4294
2425 2 2 200 11 4010 2042 4012
2426 2 2 200 11 484 485 3547
2427 2 2 200 11 3882 3775 3890
2428 2 2 200 11 4118 3581 4750
2429 2 2 200 11 2436 1916 4942
2430 2 2 200 11 3576 862 5537
2431 2 2 200 11 3448 2969 4753
2432 2 2 200 11 458 459 854
2433 2 2 200 11 619 620 857
2434 2 2 200 11 466 467 3745
2435 2 2 200 11 1685 1684 1686
2436 2 2 200 11 2855 2854 3529
2437 2 2 200 11 694 4918 5422
2438 2 2 200 11 3877 3876 4695
2439 2 2 200 11 3146 4048 4274
2440 2 2 200 11 884 5343 5481
2441 2 2 200 11 3028 3188 4410
2442 2 2 200 11 4008 4013 4014
2443 2 2 200 11 3821 4342 4743
2444 2 2 200 11 2607 4762 4766
2445 2 2 200 11 4010 4011 4701
2446 2 2 200 11 3193 2174 3923
2447 2 2 200 11 373 845 3630
2448 2 2 200 11 551 706 3623
2449 2 2 200 11 2408 2409 2410
2450 2 2 200 11 2656 1980 3915
2451 2 2 200 11 767 3441 5425
2452 2 2 200 11 2417 2934 2935
2453 2 2 200 11 3851 2312 4086
2454 2 2 200 11 3442 3441 5376
2455 2 2 200 11 2656 3915 3916
2456 2 2 200 11 3906 2247 4043
2457 2 2 200 11 2408 2406 2409
2458 2 2 200 11 4099 4098 4760
2459 2 2 200 11 585 586 3719
2460 2 2 200 11 447 731 3730
2461 2 2 200 11 1737 1788 1789
2462 2 2 200 11 378 752 3692
2463 2 2 200 11 537 749 3679
2464 2 2 200 11 389 740 3648
2465 2 2 200 11 559 748 3650
2466 2 2 200 11 548 757 3652
2467 2 2 200 11 433 745 3677
2468 2 2 200 11 584 712 3720
2469 2 2 200 11 411 756 3667
2470 2 2 200 11 400 750 3687
2471 2 2 200 11 515 742 3653
2472 2 2 200 11 417 844 3707
2473 2 2 200 11 439 846 3705
2474 2 2 200 11 428 840 3713
2475 2 2 200 11 406 838 3697
2476 2 2 200 11 2655 2475 3840
2477 2 2 200 11 4012 2042 4013
2478 2 2 200 11 588 589 3595
2479 2 2 200 11 392 721 3769
2480 2 2 200 11 562 708 3722
2481 2 2 200 11 534 722 3727
2482 2 2 200 11 578 714 3723
2483 2 2 200 11 2243 2242 3404
2484 2 2 200 11 1559 2674 3790
2485 2 2 200 11 1502 3882 3890
2486 2 2 200 11 2278 2280 4976
2487 2 2 200 11 2533 3971 4824
2488 2 2 200 11 3866 3867 4999
2489 2 2 200 11 2053 2568 4294
2490 2 2 200 11 2861 1900 3830
2491 2 2 200 11 357 358 3686
2492 2 2 200 11 491 492 3729
2493 2 2 200 11 360 361 3728
2494 2 2 200 11 2160 3863 3864
2495 2 2 200 11 494 495 3664
2496 2 2 200 11 445 446 3674
2497 2 2 200 11 3902 3048 4863
2498 2 2 200 11 29 30 3585
2499 2 2 200 11 315 316 3587
2500 2 2 200 11 2170 3865 3866
2501 2 2 200 11 2160 2146 3863
2502 2 2 200 11 499 500 3701
2503 2 2 200 11 450 451 3644
2504 2 2 200 11 1736 1674 3593
2505 2 2 200 11 368 369 3670
2506 2 2 200 11 376 377 3694
2507 2 2 200 11 448 449 3643
2508 2 2 200 11 489 490 3642
2509 2 2 200 11 535 536 3682
2510 2 2 200 11 505 506 3671
2511 2 2 200 11 431 432 3678
2512 2 2 200 11 374 375 3627
2513 2 2 200 11 398 399 3688
2514 2 2 200 11 541 542 3610
2515 2 2 200 11 379 380 3695
2516 2 2 200 11 565 566 3710
2517 2 2 200 11 415 416 3709
2518 2 2 200 11 571 572 3649
2519 2 2 200 11 437 438 3706
2520 2 2 200 11 426 427 3714
2521 2 2 200 11 404 405 3699
2522 2 2 200 11 393 394 3724
2523 2 2 200 11 401 402 3685
2524 2 2 200 11 516 517 3657
2525 2 2 200 11 434 435 3645
2526 2 2 200 11 527 528 3660
2527 2 2 200 11 554 555 3716
2528 2 2 200 11 363 364 3634
2529 2 2 200 11 497 498 3608
2530 2 2 200 11 412 413 3689
2531 2 2 200 11 563 564 3631
2532 2 2 200 11 557 558 3651
2533 2 2 200 11 440 441 3614
2534 2 2 200 11 396 397 3638
2535 2 2 200 11 429 430 3612
2536 2 2 200 11 552 553 3620
2537 2 2 200 11 519 520 3609
2538 2 2 200 11 407 408 3611
2539 2 2 200 11 418 419 3619
2540 2 2 200 11 576 577 3738
2541 2 2 200 11 513 514 3655
2542 2 2 200 11 4138 2535 4731
2543 2 2 200 11 2170 2161 3865
2544 2 2 200 11 1560 1214 3779
2545 2 2 200 11 3783 3380 4052
2546 2 2 200 11 3943 3046 4449
2547 2 2 200 11 2811 4772 4778
2548 2 2 200 11 3827 2437 3838
2549 2 2 200 11 2820 4408 5365
2550 2 2 200 11 4760 4098 4762
2551 2 2 200 11 2736 2359 2854
2552 2 2 200 11 1998 1999 2891
2553 2 2 200 11 1901 1693 3772
2554 2 2 200 11 1606 1798 4611
2555 2 2 200 11 3789 2679 3836
2556 2 2 200 11 2568 3787 4294
2557 2 2 200 11 2655 3840 3841
2558 2 2 200 11 1791 1792 1912
2559 2 2 200 11 3748 4780 4814
2560 2 2 200 11 2257 2258 2259
2561 2 2 200 11 4113 2609 4710
2562 2 2 200 11 3844 3842 4064
2563 2 2 200 11 2655 3841 3871
2564 2 2 200 11 2341 2337 2342
2565 2 2 200 11 4636 1507 4863
2566 2 2 200 11 4130 2816 4873
2567 2 2 200 11 3280 3891 3892
2568 2 2 200 11 2237 3465 3934
2569 2 2 200 11 453 3551 3575
2570 2 2 200 11 3787 2568 3901
2571 2 2 200 11 1834 3850 4086
2572 2 2 200 11 3280 2028 3891
2573 2 2 200 11 3850 3851 4086
2574 2 2 200 11 3024 3876 4261
2575 2 2 200 11 3855 1460 3933
2576 2 2 200 11 1211 1210 3779
2577 2 2 200 11 3146 2726 4048
2578 2 2 200 11 1557 3849 3895
2579 2 2 200 11 3270 4261 4262
2580 2 2 200 11 1789 1790 1791
2581 2 2 200 11 3021 3855 3933
2582 2 2 200 11 3397 3396 3822
2583 2 2 200 11 3012 1901 3772
2584 2 2 200 11 1834 3047 4576
2585 2 2 200 11 3270 3024 4261
2586 2 2 200 11 2437 3827 3828
2587 2 2 200 11 3046 3836 4449
2588 2 2 200 11 324 325 3796
2589 2 2 200 11 2688 3150 4733
2590 2 2 200 11 1912 1913 1957
2591 2 2 200 11 4302 3880 4529
2592 2 2 200 11 2891 2970 3318
2593 2 2 200 11 1190 3809 3810
2594 2 2 200 11 4021 4069 4350
2595 2 2 200 11 3016 3359 3556
2596 2 2 200 11 1899 1901 1998
2597 2 2 200 11 1998 1901 1999
2598 2 2 200 11 2411 2409 2413
2599 2 2 200 11 3884 3787 3901
2600 2 2 200 11 4068 1418 4800
2601 2 2 200 11 3790 2674 3791
2602 2 2 200 11 1228 3884 3901
2603 2 2 200 11 2534 4754 4758
2604 2 2 200 11 4119 3749 4682
2605 2 2 200 11 3958 3959 4713
2606 2 2 200 11 4540 1782 4920
2607 2 2 200 11 4841 4075 4865
2608 2 2 200 11 333 810 3792
2609 2 2 200 11 2150 3782 4052
2610 2 2 200 11 1704 2092 3839
2611 2 2 200 11 2847 3400 3819
2612 2 2 200 11 2812 3967 4804
2613 2 2 200 11 3950 1675 4644
2614 2 2 200 11 332 333 3792
2615 2 2 200 11 3773 1544 4817
2616 2 2 200 11 3683 3681 3684
2617 2 2 200 11 2280 2281 2282
2618 2 2 200 11 1180 3790 3791
2619 2 2 200 11 3150 4291 4310
2620 2 2 200 11 4138 4137 4752
2621 2 2 200 11 2962 3573 3818
2622 2 2 200 11 2608 4740 4746
2623 2 2 200 11 4131 2807 4853
2624 2 2 200 11 2210 2240 2241
2625 2 2 200 11 3136 4292 4744
2626 2 2 200 11 4008 4012 4013
2627 2 2 200 11 3863 3862 3868
2628 2 2 200 11 2039 2925 3016
2629 2 2 200 11 1657 3034 3808
2630 2 2 200 11 3865 3864 3867
2631 2 2 200 11 845 3628 3629
2632 2 2 200 11 3615 695 3616
2633 2 2 200 11 3143 4361 4941
2634 2 2 200 11 3632 3631 3633
2635 2 2 200 11 4113 4112 4734
2636 2 2 200 11 706 3621 3622
2637 2 2 200 11 2145 3861 3862
2638 2 2 200 11 3046 2099 3836
2639 2 2 200 11 2844 3950 4644
2640 2 2 200 11 4181 4177 4650
2641 2 2 200 11 1482 1479 4765
2642 2 2 200 11 2607 4101 4780
2643 2 2 200 11 2345 2344 2346
2644 2 2 200 11 952 3956 4742
2645 2 2 200 11 916 917 4774
2646 2 2 200 11 954 955 4602
2647 2 2 200 11 2428 2427 3780
2648 2 2 200 11 3829 4127 4796
2649 2 2 200 11 1899 1693 1901
2650 2 2 200 11 3526 3379 3527
2651 2 2 200 11 2445 2446 3937
2652 2 2 200 11 2562 4180 4181
2653 2 2 200 11 1190 1187 3809
2654 2 2 200 11 3773 3774 4827
2655 2 2 200 11 3880 2735 4529
2656 2 2 200 11 4752 4137 4754
2657 2 2 200 11 2446 3817 3937
2658 2 2 200 11 4791 3974 4797
2659 2 2 200 11 3489 705 5275
2660 2 2 200 11 3849 3835 3895
2661 2 2 200 11 1526 4130 4873
2662 2 2 200 11 4143 2610 4649
2663 2 2 200 11 3822 3396 3823
2664 2 2 200 11 2042 4010 4701
2665 2 2 200 11 3850 1834 4576
2666 2 2 200 11 1181 1180 3799
2667 2 2 200 11 621 3014 3770
2668 2 2 200 11 3879 3880 4302
2669 2 2 200 11 4291 1406 4310
2670 2 2 200 11 1175 1559 3790
2671 2 2 200 11 4033 3994 4041
2672 2 2 200 11 1675 3950 4654
2673 2 2 200 11 4734 4112 4740
2674 2 2 200 11 3595 735 3596
2675 2 2 200 11 4180 2562 4182
2676 2 2 200 11 3864 3868 4973
2677 2 2 200 11 4762 4098 4766
2678 2 2 200 11 3781 1649 4802
2679 2 2 200 11 2936 2047 4049
2680 2 2 200 11 3016 2925 3359
2681 2 2 200 11 3835 2436 4923
2682 2 2 200 11 2249 2116 2250
2683 2 2 200 11 1400 4622 4652
2684 2 2 200 11 2408 2410 4466
2685 2 2 200 11 2145 2131 3861
2686 2 2 200 11 2007 2853 4215
2687 2 2 200 11 4244 4243 4507
2688 2 2 200 11 3842 2475 4064
2689 2 2 200 11 954 3879 4302
2690 2 2 200 11 3031 3030 4232
2691 2 2 200 11 2891 1999 2970
2692 2 2 200 11 3380 2164 4052
2693 2 2 200 11 4987 3250 5027
2694 2 2 200 11 805 3532 4961
2695 2 2 200 11 1567 1738 1786
2696 2 2 200 11 2811 3974 4791
2697 2 2 200 11 3806 3740 3807
2698 2 2 200 11 4916 3924 5332
2699 2 2 200 11 2644 2643 3837
2700 2 2 200 11 3784 3020 3923
2701 2 2 200 11 1745 2008 2039
2702 2 2 200 11 4827 3774 4838
2703 2 2 200 11 3028 4410 4693
2704 2 2 200 11 4151 2798 4831
2705 2 2 200 11 2047 3833 4049
2706 2 2 200 11 2635 3897 3898
2707 2 2 200 11 3876 3024 4695
2708 2 2 200 11 3950 3826 4654
2709 2 2 200 11 2842 2046 3944
2710 2 2 200 11 4066 1414 4785
2711 2 2 200 11 2303 3267 3469
2712 2 2 200 11 2736 2855 4574
2713 2 2 200 11 4304 4148 4675
2714 2 2 200 11 2046 3832 3944
2715 2 2 200 11 1540 4253 4459
2716 2 2 200 11 4161 2536 4681
2717 2 2 200 11 2148 2150 4052
2718 2 2 200 11 1648 4244 4507
2719 2 2 200 11 1675 3168 4644
2720 2 2 200 11 3811 1489 4495
2721 2 2 200 11 3960 3871 4560
2722 2 2 200 11 3020 3784 3915
2723 2 2 200 11 3966 3967 4797
2724 2 2 200 11 509 842 4770
2725 2 2 200 11 698 508 4770
2726 2 2 200 11 1470 1469 1471
2727 2 2 200 11 4172 4102 4563
2728 2 2 200 11 1798 3889 4611
2729 2 2 200 11 3252 3330 3331
2730 2 2 200 11 1527 4131 4853
2731 2 2 200 11 1952 2888 3926
2732 2 2 200 11 3113 3773 4817
2733 2 2 200 11 2247 3906 4044
2734 2 2 200 11 3160 4130 4881
2735 2 2 200 11 3248 3853 3854
2736 2 2 200 11 2099 3789 3836
2737 2 2 200 11 2656 3916 4021
2738 2 2 200 11 1980 3020 3915
2739 2 2 200 11 5357 880 5393
2740 2 2 200 11 2635 2043 3897
2741 2 2 200 11 4051 3036 4684
2742 2 2 200 11 4772 4140 4778
2743 2 2 200 11 4348 3636 5512
2744 2 2 200 11 2608 4099 4760
2745 2 2 200 11 3973 3974 4778
2746 2 2 200 11 1544 4808 4817
2747 2 2 200 11 2174 3784 3923
2748 2 2 200 11 3025 3802 3897
2749 2 2 200 11 3417 2969 3448
2750 2 2 200 11 2567 2114 4641
2751 2 2 200 11 3248 2468 3853
2752 2 2 200 11 1159 1162 4017
2753 2 2 200 11 114 4117 5041
2754 2 2 200 11 1531 3800 4683
2755 2 2 200 11 1787 1786 2034
2756 2 2 200 11 620 621 3770
2757 2 2 200 11 3814 2415 3902
2758 2 2 200 11 2861 3830 3831
2759 2 2 200 11 3879 954 4602
2760 2 2 200 11 3109 3781 4802
2761 2 2 200 11 2221 3932 4243
2762 2 2 200 11 3866 3865 3867
2763 2 2 200 11 1731 1617 4071
2764 2 2 200 11 1693 1669 3772
2765 2 2 200 11 2609 4699 4710
2766 2 2 200 11 2404 2405 2406
2767 2 2 200 11 4126 1549 4768
2768 2 2 200 11 2414 2413 2969
2769 2 2 200 11 4170 4138 4731
2770 2 2 200 11 3864 3863 3868
2771 2 2 200 11 1786 1738 2108
2772 2 2 200 11 1570 1745 3777
2773 2 2 200 11 2454 2452 3214
2774 2 2 200 11 4780 4101 4814
2775 2 2 200 11 1584 1785 3927
2776 2 2 200 11 2534 4140 4772
2777 2 2 200 11 4161 4162 4711
2778 2 2 200 11 4100 4101 4766
2779 2 2 200 11 38 39 864
2780 2 2 200 11 1511 3829 4796
2781 2 2 200 11 2028 3802 3891
2782 2 2 200 11 3506 4213 4215
2783 2 2 200 11 2221 2218 4625
2784 2 2 200 11 4143 4142 4687
2785 2 2 200 11 3999 4000 4728
2786 2 2 200 11 3160 4881 4919
2787 2 2 200 11 306 307 886
2788 2 2 200 11 4114 4099 4746
2789 2 2 200 11 2410 2416 4466
2790 2 2 200 11 3049 4894 5073
2791 2 2 200 11 2535 4719 4731
2792 2 2 200 11 2248 3593 3594
2793 2 2 200 11 1667 1561 3870
2794 2 2 200 11 3904 1759 4044
2795 2 2 200 11 1524 4151 4831
2796 2 2 200 11 2215 2037 4326
2797 2 2 200 11 3766 3641 5153
2798 2 2 200 11 2092 2166 3203
2799 2 2 200 11 323 324 3794
2800 2 2 200 11 2039 2008 2925
2801 2 2 200 11 4740 4112 4746
2802 2 2 200 11 4126 3137 4781
2803 2 2 200 11 4165 2537 4621
2804 2 2 200 11 3802 3025 3891
2805 2 2 200 11 3158 4131 4861
2806 2 2 200 11 3838 1571 4544
2807 2 2 200 11 2620 3840 3842
2808 2 2 200 11 4139 4140 4758
2809 2 2 200 11 2427 3332 3360
2810 2 2 200 11 3979 1410 4771
2811 2 2 200 11 4538 4539 5057
2812 2 2 200 11 4107 1530 4520
2813 2 2 200 11 3318 2970 3459
2814 2 2 200 11 4243 3932 4507
2815 2 2 200 11 1169 1170 1171
2816 2 2 200 11 2620 3842 3843
2817 2 2 200 11 4754 4137 4758
2818 2 2 200 11 1748 1622 4250
2819 2 2 200 11 2523 4029 4030
2820 2 2 200 11 2713 3147 4672
2821 2 2 200 11 3808 3034 3926
2822 2 2 200 11 3801 3800 4705
2823 2 2 200 11 2454 3214 3215
2824 2 2 200 11 3861 3860 3869
2825 2 2 200 11 3817 2446 3938
2826 2 2 200 11 4300 3052 4313
2827 2 2 200 11 2847 3819 3944
2828 2 2 200 11 3053 3938 4506
2829 2 2 200 11 4274 1408 4741
2830 2 2 200 11 2923 2445 3937
2831 2 2 200 11 1471 1469 1472
2832 2 2 200 11 3906 3904 4044
2833 2 2 200 11 1649 4795 4802
2834 2 2 200 11 1759 3815 3947
2835 2 2 200 11 3935 4085 4344
2836 2 2 200 11 3837 2643 3925
2837 2 2 200 11 3862 3861 3869
2838 2 2 200 11 3103 4126 4768
2839 2 2 200 11 2635 3898 3935
2840 2 2 200 11 2427 2425 3332
2841 2 2 200 11 4864 1526 4873
2842 2 2 200 11 2435 2431 3466
2843 2 2 200 11 1467 1468 1469
2844 2 2 200 11 2435 3466 3467
2845 2 2 200 11 4305 962 4557
2846 2 2 200 11 4687 4142 4699
2847 2 2 200 11 956 3958 4713
2848 2 2 200 11 4019 4018 4745
2849 2 2 200 11 4711 4162 4719
2850 2 2 200 11 2656 4021 4350
2851 2 2 200 11 2899 4172 4563
2852 2 2 200 11 1161 1557 3895
2853 2 2 200 11 3815 1759 3904
2854 2 2 200 11 1185 1184 1186
2855 2 2 200 11 3896 1492 4168
2856 2 2 200 11 4144 4113 4710
2857 2 2 200 11 2353 2335 4816
2858 2 2 200 11 2493 2495 4032
2859 2 2 200 11 2752 2751 2753
2860 2 2 200 11 2753 2751 2852
2861 2 2 200 11 3933 1507 4636
2862 2 2 200 11 611 612 3744
2863 2 2 200 11 2749 2750 2751
2864 2 2 200 11 3853 2468 3885
2865 2 2 200 11 2950 2215 3223
2866 2 2 200 11 2523 4028 4029
2867 2 2 200 11 3862 3869 4934
2868 2 2 200 11 1033 1502 4583
2869 2 2 200 11 2775 3151 4673
2870 2 2 200 11 3478 1484 5003
2871 2 2 200 11 3003 3005 3006
2872 2 2 200 11 4153 2611 4561
2873 2 2 200 11 472 759 3740
2874 2 2 200 11 1567 1786 1787
2875 2 2 200 11 2262 3822 3823
2876 2 2 200 11 983 986 4623
2877 2 2 200 11 1670 1704 3839
2878 2 2 200 11 3825 3826 3828
2879 2 2 200 11 4021 986 4069
2880 2 2 200 11 4156 4143 4649
2881 2 2 200 11 1559 1570 2674
2882 2 2 200 11 2962 3818 4049
2883 2 2 200 11 3158 4861 4864
2884 2 2 200 11 1109 4118 4750
2885 2 2 200 11 3827 3838 4544
2886 2 2 200 11 3928 1599 3929
2887 2 2 200 11 3896 4168 4316
2888 2 2 200 11 4063 3354 4232
2889 2 2 200 11 1696 1928 4535
2890 2 2 200 11 3871 1573 4298
2891 2 2 200 11 1163 1161 3895
2892 2 2 200 11 607 608 3750
2893 2 2 200 11 2749 2751 2752
2894 2 2 200 11 3947 2448 3948
2895 2 2 200 11 3157 4151 4844
2896 2 2 200 11 3518 858 3519
2897 2 2 200 11 1198 1195 3911
2898 2 2 200 11 1162 1568 4017
2899 2 2 200 11 4129 1545 4736
2900 2 2 200 11 2043 3025 3897
2901 2 2 200 11 3859 3870 3875
2902 2 2 200 11 960 4300 4313
2903 2 2 200 11 3922 3948 4343
2904 2 2 200 11 651 470 3806
2905 2 2 200 11 4781 3137 4795
2906 2 2 200 11 3820 2563 4833
2907 2 2 200 11 4145 1420 4572
2908 2 2 200 11 3045 3925 3942
2909 2 2 200 11 4166 4165 4621
2910 2 2 200 11 2609 4113 4734
2911 2 2 200 11 3801 4705 4715
2912 2 2 200 11 1742 1667 3870
2913 2 2 200 11 3859 1742 3870
2914 2 2 200 11 2680 3141 4633
2915 2 2 200 11 4260 4146 4354
2916 2 2 200 11 4480 2763 4685
2917 2 2 200 11 1179 1177 1180
2918 2 2 200 11 3872 2317 3873
2919 2 2 200 11 1168 1167 1169
2920 2 2 200 11 3041 4107 4520
2921 2 2 200 11 2259 2268 2269
2922 2 2 200 11 4032 4033 4041
2923 2 2 200 11 3679 3680 3681
2924 2 2 200 11 1565 1566 1567
2925 2 2 200 11 3871 3841 4560
2926 2 2 200 11 3870 1561 4582
2927 2 2 200 11 2200 2199 2201
2928 2 2 200 11 2535 4138 4752
2929 2 2 200 11 3010 2753 3588
2930 2 2 200 11 2262 3823 4003
2931 2 2 200 11 3791 2674 4050
2932 2 2 200 11 1796 2112 4013
2933 2 2 200 11 2497 2499 4028
2934 2 2 200 11 1174 1171 4490
2935 2 2 200 11 3097 4129 4736
2936 2 2 200 11 3857 2642 4239
2937 2 2 200 11 3825 1172 3826
2938 2 2 200 11 3746 3767 4499
2939 2 2 200 11 1729 1977 4003
2940 2 2 200 11 2426 2425 2427
2941 2 2 200 11 3065 4079 4632
2942 2 2 200 11 3818 2936 4049
2943 2 2 200 11 4846 1527 4853
2944 2 2 200 11 471 3740 3806
2945 2 2 200 11 1567 1566 1738
2946 2 2 200 11 1704 1910 2092
2947 2 2 200 11 1454 1599 3928
2948 2 2 200 11 2130 3859 3860
2949 2 2 200 11 2161 2160 3865
2950 2 2 200 11 2404 2403 2405
2951 2 2 200 11 3819 2842 3944
2952 2 2 200 11 1183 1181 1184
2953 2 2 200 11 3833 2047 4250
2954 2 2 200 11 2146 2145 3863
2955 2 2 200 11 2523 2497 4028
2956 2 2 200 11 3815 2448 3947
2957 2 2 200 11 1169 1171 1172
2958 2 2 200 11 1186 1558 1565
2959 2 2 200 11 4160 4161 4681
2960 2 2 200 11 4129 3135 4751
2961 2 2 200 11 2290 2289 2291
2962 2 2 200 11 610 611 895
2963 2 2 200 11 467 468 896
2964 2 2 200 11 1664 1689 3874
2965 2 2 200 11 3812 3814 4550
2966 2 2 200 11 2644 3837 4215
2967 2 2 200 11 331 332 859
2968 2 2 200 11 606 607 858
2969 2 2 200 11 2853 3506 4215
2970 2 2 200 11 2562 4181 4650
2971 2 2 200 11 3545 3437 5040
2972 2 2 200 11 1471 1489 3811
2973 2 2 200 11 1169 1172 3825
2974 2 2 200 11 1957 1958 1959
2975 2 2 200 11 4145 3043 4146
2976 2 2 200 11 2888 3808 3926
2977 2 2 200 11 2407 2406 2408
2978 2 2 200 11 1502 3890 4583
2979 2 2 200 11 4165 4164 4656
2980 2 2 200 11 2042 1796 4013
2981 2 2 200 11 2363 2364 2365
2982 2 2 200 11 2663 4260 4354
2983 2 2 200 11 2420 2035 2421
2984 2 2 200 11 4054 4104 4595
2985 2 2 200 11 1557 1563 3849
2986 2 2 200 11 1543 2623 3887
2987 2 2 200 11 1567 1787 4455
2988 2 2 200 11 1471 1472 1473
2989 2 2 200 11 1175 1174 1559
2990 2 2 200 11 833 3602 3603
2991 2 2 200 11 1195 1194 3911
2992 2 2 200 11 2416 2412 2417
2993 2 2 200 11 2536 4664 4681
2994 2 2 200 11 3832 2046 4071
2995 2 2 200 11 4571 693 5216
2996 2 2 200 11 3354 3031 4232
2997 2 2 200 11 4152 4153 4561
2998 2 2 200 11 3033 4305 4557
2999 2 2 200 11 4699 4142 4710
3000 2 2 200 11 3047 4107 4576
3001 2 2 200 11 2014 2317 3872
3002 2 2 200 11 3936 2567 4641
3003 2 2 200 11 3030 3927 4232
3004 2 2 200 11 1549 4761 4768
3005 2 2 200 11 4235 4175 4338
3006 2 2 200 11 3152 3829 4810
3007 2 2 200 11 1651 3856 4606
3008 2 2 200 11 3800 2881 4683
3009 2 2 200 11 1162 1161 1163
3010 2 2 200 11 1689 1794 3874
3011 2 2 200 11 3157 4844 4846
3012 2 2 200 11 1173 1174 1175
3013 2 2 200 11 1189 1187 1190
3014 2 2 200 11 2623 3885 3887
3015 2 2 200 11 1794 2705 3874
3016 2 2 200 11 2655 3871 4298
3017 2 2 200 11 1521 3999 4728
3018 2 2 200 11 4118 1547 4704
3019 2 2 200 11 3837 2007 4215
3020 2 2 200 11 1488 4019 4745
3021 2 2 200 11 2627 1584 3927
3022 2 2 200 11 2623 2625 3885
3023 2 2 200 11 4146 3043 4354
3024 2 2 200 11 2251 2250 2252
3025 2 2 200 11 2130 1948 3859
3026 2 2 200 11 1173 1171 1174
3027 2 2 200 11 1216 1214 1560
3028 2 2 200 11 2627 3852 3949
3029 2 2 200 11 3874 2705 4493
3030 2 2 200 11 1787 2419 4455
3031 2 2 200 11 978 4279 4547
3032 2 2 200 11 3150 4310 4733
3033 2 2 200 11 2432 2431 2435
3034 2 2 200 11 2424 2422 2425
3035 2 2 200 11 2461 4174 4290
3036 2 2 200 11 4531 2930 4674
3037 2 2 200 11 3932 2221 4625
3038 2 2 200 11 2705 3212 3213
3039 2 2 200 11 3866 4999 5006
3040 2 2 200 11 2833 1658 4615
3041 2 2 200 11 4079 1117 4632
3042 2 2 200 11 1948 1742 3859
3043 2 2 200 11 2402 2403 2404
3044 2 2 200 11 4820 1524 4831
3045 2 2 200 11 1322 4119 4682
3046 2 2 200 11 2551 4235 4338
3047 2 2 200 11 3556 3499 5458
3048 2 2 200 11 2431 2428 3780
3049 2 2 200 11 1928 1952 3926
3050 2 2 200 11 2046 1731 4071
3051 2 2 200 11 3052 3962 4593
3052 2 2 200 11 1187 1186 3809
3053 2 2 200 11 1172 1171 1173
3054 2 2 200 11 2039 3016 3584
3055 2 2 200 11 1657 3808 4693
3056 2 2 200 11 4216 4053 4369
3057 2 2 200 11 1662 2763 4259
3058 2 2 200 11 1186 1184 1558
3059 2 2 200 11 2635 3935 4344
3060 2 2 200 11 1525 3943 4449
3061 2 2 200 11 1460 3855 4635
3062 2 2 200 11 3914 4219 4468
3063 2 2 200 11 1193 1191 1194
3064 2 2 200 11 3045 3837 3925
3065 2 2 200 11 2618 2617 4217
3066 2 2 200 11 4656 4164 4664
3067 2 2 200 11 4266 3823 4275
3068 2 2 200 11 4150 1538 4668
3069 2 2 200 11 2160 3864 3865
3070 2 2 200 11 4153 4154 4600
3071 2 2 200 11 1694 1693 1899
3072 2 2 200 11 3091 4150 4668
3073 2 2 200 11 1249 4292 4743
3074 2 2 200 11 2734 1652 4521
3075 2 2 200 11 2709 4272 4578
3076 2 2 200 11 3948 2448 4343
3077 2 2 200 11 1733 1931 1932
3078 2 2 200 11 1467 1469 1470
3079 2 2 200 11 2752 2753 3010
3080 2 2 200 11 3852 2627 3927
3081 2 2 200 11 1197 1195 1198
3082 2 2 200 11 3223 2215 4326
3083 2 2 200 11 3044 3886 4228
3084 2 2 200 11 4719 4162 4731
3085 2 2 200 11 2679 2678 3836
3086 2 2 200 11 3938 2446 4506
3087 2 2 200 11 3882 1502 4289
3088 2 2 200 11 1183 1184 1185
3089 2 2 200 11 4103 3050 4303
3090 2 2 200 11 3858 2641 4216
3091 2 2 200 11 2047 1748 4250
3092 2 2 200 11 2282 2284 2285
3093 2 2 200 11 2430 2428 2431
3094 2 2 200 11 2667 4304 4675
3095 2 2 200 11 1179 1180 1181
3096 2 2 200 11 3068 4226 4281
3097 2 2 200 11 1617 2641 4071
3098 2 2 200 11 2493 4032 4041
3099 2 2 200 11 1787 2034 2035
3100 2 2 200 11 3884 1228 4307
3101 2 2 200 11 1794 2082 2705
3102 2 2 200 11 1472 3764 4848
3103 2 2 200 11 2610 4617 4649
3104 2 2 200 11 1547 4079 4680
3105 2 2 200 11 4751 3135 4761
3106 2 2 200 11 1681 1482 4765
3107 2 2 200 11 2452 2434 3881
3108 2 2 200 11 4103 1525 4393
3109 2 2 200 11 4466 2416 4467
3110 2 2 200 11 1168 1169 3825
3111 2 2 200 11 2402 2401 2403
3112 2 2 200 11 1533 4093 4537
3113 2 2 200 11 3955 3956 4755
3114 2 2 200 11 3935 1382 4085
3115 2 2 200 11 1543 3887 4299
3116 2 2 200 11 1186 1565 3809
3117 2 2 200 11 3860 3859 3875
3118 2 2 200 11 3152 4810 4820
3119 2 2 200 11 1824 4266 4275
3120 2 2 200 11 2499 4026 4028
3121 2 2 200 11 1492 3896 4463
3122 2 2 200 11 1201 1199 1202
3123 2 2 200 11 2625 3853 3885
3124 2 2 200 11 3927 1785 4232
3125 2 2 200 11 3037 3914 4468
3126 2 2 200 11 2440 2438 2789
3127 2 2 200 11 3603 3602 3604
3128 2 2 200 11 3886 3044 4266
3129 2 2 200 11 3856 2873 4606
3130 2 2 200 11 65 3977 5527
3131 2 2 200 11 2674 1570 3777
3132 2 2 200 11 1392 4226 4518
3133 2 2 200 11 2610 4143 4687
3134 2 2 200 11 2014 2316 2317
3135 2 2 200 11 4645 1267 4661
3136 2 2 200 11 4225 3949 4337
3137 2 2 200 11 4622 3762 4652
3138 2 2 200 11 4150 3128 4706
3139 2 2 200 11 2145 3862 3863
3140 2 2 200 11 2706 3068 4281
3141 2 2 200 11 1775 1916 2436
3142 2 2 200 11 2642 3857 4250
3143 2 2 200 11 1465 1466 1467
3144 2 2 200 11 1228 3901 4479
3145 2 2 200 11 822 3587 5545
3146 2 2 200 11 4222 4221 4555
3147 2 2 200 11 2110 2437 2438
3148 2 2 200 11 1662 1660 2763
3149 2 2 200 11 1622 2642 4250
3150 2 2 200 11 3810 2419 4737
3151 2 2 200 11 2749 2752 4499
3152 2 2 200 11 1165 1166 1167
3153 2 2 200 11 1470 1471 3811
3154 2 2 200 11 3782 3783 4052
3155 2 2 200 11 2169 2161 2170
3156 2 2 200 11 456 457 3015
3157 2 2 200 11 621 622 3014
3158 2 2 200 11 3032 3450 3903
3159 2 2 200 11 2159 2146 2160
3160 2 2 200 11 2536 4161 4711
3161 2 2 200 11 2129 1948 2130
3162 2 2 200 11 1159 1161 1162
3163 2 2 200 11 2144 2131 2145
3164 2 2 200 11 1164 1163 1165
3165 2 2 200 11 2495 2523 4032
3166 2 2 200 11 1977 2262 4003
3167 2 2 200 11 1185 1186 1187
3168 2 2 200 11 3894 1523 4450
3169 2 2 200 11 4174 4173 4290
3170 2 2 200 11 502 503 4872
3171 2 2 200 11 1998 2891 3221
3172 2 2 200 11 3087 3899 4605
3173 2 2 200 11 2499 2501 4026
3174 2 2 200 11 1487 3909 4478
3175 2 2 200 11 2641 3858 4071
3176 2 2 200 11 4093 2729 4537
3177 2 2 200 11 2131 2130 3861
3178 2 2 200 11 1974 2014 3872
3179 2 2 200 11 1165 1167 1168
3180 2 2 200 11 3047 4106 4107
3181 2 2 200 11 1457 1460 4635
3182 2 2 200 11 2151 1792 3568
3183 2 2 200 11 1529 3900 4545
3184 2 2 200 11 1928 3926 4535
3185 2 2 200 11 1184 1181 3799
3186 2 2 200 11 1716 1571 3838
3187 2 2 200 11 1999 1901 3012
3188 2 2 200 11 4600 4154 4617
3189 2 2 200 11 4942 1916 4945
3190 2 2 200 11 1205 1203 1206
3191 2 2 200 11 3043 4145 4572
3192 2 2 200 11 4175 4174 4265
3193 2 2 200 11 1451 1454 4496
3194 2 2 200 11 2005 1716 3838
3195 2 2 200 11 3899 1650 4605
3196 2 2 200 11 1047 1228 4479
3197 2 2 200 11 165 166 732
3198 2 2 200 11 179 180 733
3199 2 2 200 11 3036 4311 4684
3200 2 2 200 11 2674 3777 4050
3201 2 2 200 11 4737 3757 4821
3202 2 2 200 11 169 170 713
3203 2 2 200 11 1177 1175 3790
3204 2 2 200 11 2187 3401 3920
3205 2 2 200 11 175 176 654
3206 2 2 200 11 4175 4265 4338
3207 2 2 200 11 1061 1492 4463
3208 2 2 200 11 3409 5104 5173
3209 2 2 200 11 2437 2005 3838
3210 2 2 200 11 1678 1669 1693
3211 2 2 200 11 1274 1487 4478
3212 2 2 200 11 1162 1163 1164
3213 2 2 200 11 1545 4725 4736
3214 2 2 200 11 1180 1177 3790
3215 2 2 200 11 2747 2748 2749
3216 2 2 200 11 167 168 866
3217 2 2 200 11 177 178 869
3218 2 2 200 11 1509 4180 4744
3219 2 2 200 11 2646 2645 3959
3220 2 2 200 11 1176 1175 1177
3221 2 2 200 11 1360 4303 4484
3222 2 2 200 11 3880 3877 4695
3223 2 2 200 11 2453 2452 2454
3224 2 2 200 11 2642 4238 4239
3225 2 2 200 11 2246 3438 3919
3226 2 2 200 11 3823 3396 4275
3227 2 2 200 11 173 174 868
3228 2 2 200 11 3809 1565 4455
3229 2 2 200 11 1159 1160 1161
3230 2 2 200 11 1454 3928 4496
3231 2 2 200 11 3984 3056 4559
3232 2 2 200 11 1498 4054 4595
3233 2 2 200 11 172 2 762
3234 2 2 200 11 3900 2869 4545
3235 2 2 200 11 1169 1167 1170
3236 2 2 200 11 4020 4019 4763
3237 2 2 200 11 2109 2005 2110
3238 2 2 200 11 1209 1207 1210
3239 2 2 200 11 4119 1523 4527
3240 2 2 200 11 2440 2789 2844
3241 2 2 200 11 2451 2434 2452
3242 2 2 200 11 3035 3928 3929
3243 2 2 200 11 1487 3960 4560
3244 2 2 200 11 2404 2406 2407
3245 2 2 200 11 1158 1159 4017
3246 2 2 200 11 4393 1525 4449
3247 2 2 200 11 1547 4680 4704
3248 2 2 200 11 3858 4216 4369
3249 2 2 200 11 3767 4459 4499
3250 2 2 200 11 4081 2570 4306
3251 2 2 200 11 3466 2431 3780
3252 2 2 200 11 1669 1220 4487
3253 2 2 200 11 3044 1729 4003
3254 2 2 200 11 3949 3852 4337
3255 2 2 200 11 3917 3022 4271
3256 2 2 200 11 4253 1540 4474
3257 2 2 200 11 955 958 4602
3258 2 2 200 11 330 331 3590
3259 2 2 200 11 1602 1600 4236
3260 2 2 200 11 4664 4164 4681
3261 2 2 200 11 3942 4046 4331
3262 2 2 200 11 3943 4040 4332
3263 2 2 200 11 4612 1040 4628
3264 2 2 200 11 3045 3942 4331
3265 2 2 200 11 2110 2005 2437
3266 2 2 200 11 3955 4755 4757
3267 2 2 200 11 2420 2421 2422
3268 2 2 200 11 833 351 3602
3269 2 2 200 11 3452 2618 4217
3270 2 2 200 11 3146 4274 4741
3271 2 2 200 11 3061 4286 4471
3272 2 2 200 11 3046 3943 4332
3273 2 2 200 11 1079 1115 4170
3274 2 2 200 11 1099 1495 3970
3275 2 2 200 11 2418 2103 4201
3276 2 2 200 11 4254 4253 4474
3277 2 2 200 11 1379 1382 4485
3278 2 2 200 11 1300 1491 4156
3279 2 2 200 11 1585 1830 4195
3280 2 2 200 11 1213 1211 1214
3281 2 2 200 11 1189 1190 1191
3282 2 2 200 11 2583 2605 4190
3283 2 2 200 11 845 3629 3630
3284 2 2 200 11 706 3622 3623
3285 2 2 200 11 2424 2425 2426
3286 2 2 200 11 1140 1543 4299
3287 2 2 200 11 1798 1973 1974
3288 2 2 200 11 3860 3875 4842
3289 2 2 200 11 1775 1915 1916
3290 2 2 200 11 3800 1531 4705
3291 2 2 200 11 3007 2424 4928
3292 2 2 200 11 1492 1063 4167
3293 2 2 200 11 4048 1404 4274
3294 2 2 200 11 986 4021 4623
3295 2 2 200 11 4279 3786 4547
3296 2 2 200 11 2413 2409 4779
3297 2 2 200 11 2063 2612 4001
3298 2 2 200 11 3055 3983 4276
3299 2 2 200 11 1467 1466 1468
3300 2 2 200 11 1565 1558 1566
3301 2 2 200 11 2130 3860 3861
3302 2 2 200 11 1432 4053 4216
3303 2 2 200 11 4226 3068 4518
3304 2 2 200 11 4013 2112 4014
3305 2 2 200 11 4030 4029 4031
3306 2 2 200 11 4102 1548 4563
3307 2 2 200 11 3970 1495 3971
3308 2 2 200 11 1886 1658 2833
3309 2 2 200 11 3998 3999 4748
3310 2 2 200 11 1155 1158 4016
3311 2 2 200 11 2723 4254 4273
3312 2 2 200 11 1216 1560 3600
3313 2 2 200 11 1573 3871 3960
3314 2 2 200 11 3957 3958 4742
3315 2 2 200 11 2554 2556 4182
3316 2 2 200 11 3035 3929 4328
3317 2 2 200 11 1193 1194 1195
3318 2 2 200 11 4080 4081 4306
3319 2 2 200 11 3066 4093 4591
3320 2 2 200 11 4238 996 4239
3321 2 2 200 11 1471 1473 1489
3322 2 2 200 11 1492 4167 4168
3323 2 2 200 11 3961 3922 4257
3324 2 2 200 11 3053 2569 3938
3325 2 2 200 11 2825 3656 5321
3326 2 2 200 11 4228 3886 4282
3327 2 2 200 11 1346 1535 4220
3328 2 2 200 11 2187 3920 3990
3329 2 2 200 11 2525 4023 4024
3330 2 2 200 11 3921 2621 3948
3331 2 2 200 11 2539 1812 3951
3332 2 2 200 11 2266 3907 3951
3333 2 2 200 11 958 4305 4586
3334 2 2 200 11 3508 2418 4201
3335 2 2 200 11 2617 2620 4217
3336 2 2 200 11 1563 1775 3849
3337 2 2 200 11 3022 1917 4271
3338 2 2 200 11 4211 2056 4324
3339 2 2 200 11 4001 2612 4002
3340 2 2 200 11 1937 2469 4035
3341 2 2 200 11 4286 966 4471
3342 2 2 200 11 4617 4154 4649
3343 2 2 200 11 1785 4059 4063
3344 2 2 200 11 2745 2746 2747
3345 2 2 200 11 2468 2467 3885
3346 2 2 200 11 4257 3922 4343
3347 2 2 200 11 1939 4006 4197
3348 2 2 200 11 2457 1744 4224
3349 2 2 200 11 3050 4103 4393
3350 2 2 200 11 2426 2427 2428
3351 2 2 200 11 2022 3279 4194
3352 2 2 200 11 3908 3319 4035
3353 2 2 200 11 1785 1751 4059
3354 2 2 200 11 2460 1769 4229
3355 2 2 200 11 1224 4522 4523
3356 2 2 200 11 3843 3842 3844
3357 2 2 200 11 2015 2964 4183
3358 2 2 200 11 4706 3128 4725
3359 2 2 200 11 2705 2082 3212
3360 2 2 200 11 4174 2461 4265
3361 2 2 200 11 3686 358 5049
3362 2 2 200 11 2752 3746 4499
3363 2 2 200 11 2524 2491 4041
3364 2 2 200 11 1523 1326 4450
3365 2 2 200 11 1158 4011 4016
3366 2 2 200 11 2544 1818 3996
3367 2 2 200 11 3550 736 3592
3368 2 2 200 11 1974 2013 2014
3369 2 2 200 11 4139 1126 4140
3370 2 2 200 11 1318 1512 4100
3371 2 2 200 11 3196 2804 4845
3372 2 2 200 11 4100 1512 4101
3373 2 2 200 11 2624 2622 3995
3374 2 2 200 11 2004 1716 2005
3375 2 2 200 11 2246 3919 3996
3376 2 2 200 11 1312 1501 4114
3377 2 2 200 11 2521 2987 4095
3378 2 2 200 11 1085 1126 4139
3379 2 2 200 11 3032 3903 4224
3380 2 2 200 11 1115 4138 4170
3381 2 2 200 11 4106 3047 4293
3382 2 2 200 11 1154 1155 4016
3383 2 2 200 11 1306 1505 4144
3384 2 2 200 11 2204 3375 4196
3385 2 2 200 11 4123 2831 4124
3386 2 2 200 11 1600 3946 4236
3387 2 2 200 11 2603 2976 4116
3388 2 2 200 11 1491 4143 4156
3389 2 2 200 11 4095 2987 4096
3390 2 2 200 11 2515 2831 4123
3391 2 2 200 11 3940 3222 4251
3392 2 2 200 11 3925 1579 3942
3393 2 2 200 11 4210 4211 4324
3394 2 2 200 11 4967 3586 5056
3395 2 2 200 11 2562 2554 4182
3396 2 2 200 11 1544 3773 4827
3397 2 2 200 11 2942 3910 4229
3398 2 2 200 11 2605 3989 4190
3399 2 2 200 11 3957 2649 3958
3400 2 2 200 11 1197 1198 1199
3401 2 2 200 11 2845 2036 4832
3402 2 2 200 11 2400 2401 2402
3403 2 2 200 11 1992 2968 4193
3404 2 2 200 11 3962 2021 3963
3405 2 2 200 11 1830 1936 4195
3406 2 2 200 11 4183 2964 4184
3407 2 2 200 11 2569 1019 3945
3408 2 2 200 11 17 18 894
3409 2 2 200 11 327 328 893
3410 2 2 200 11 2167 1820 4045
3411 2 2 200 11 3922 3921 3948
3412 2 2 200 11 859 3792 5623
3413 2 2 200 11 2435 3778 3881
3414 2 2 200 11 3147 4461 4672
3415 2 2 200 11 2093 1900 2861
3416 2 2 200 11 2661 3351 4078
3417 2 2 200 11 1600 1013 3946
3418 2 2 200 11 3954 2654 3955
3419 2 2 200 11 4614 3065 4632
3420 2 2 200 11 1740 1602 4236
3421 2 2 200 11 1505 4113 4144
3422 2 2 200 11 3231 3918 4045
3423 2 2 200 11 1201 1202 1203
3424 2 2 200 11 3969 1097 3970
3425 2 2 200 11 3055 4276 4363
3426 2 2 200 11 2621 3921 4242
3427 2 2 200 11 3810 4737 4821
3428 2 2 200 11 2701 2813 4067
3429 2 2 200 11 4303 3050 4484
3430 2 2 200 11 1254 1256 4178
3431 2 2 200 11 2129 2130 2131
3432 2 2 200 11 1722 1645 3963
3433 2 2 200 11 1501 4099 4114
3434 2 2 200 11 2888 2889 3028
3435 2 2 200 11 4067 2813 4068
3436 2 2 200 11 1254 4178 4179
3437 2 2 200 11 2003 2002 3934
3438 2 2 200 11 1463 1464 1465
3439 2 2 200 11 860 321 3939
3440 2 2 200 11 4000 2065 4001
3441 2 2 200 11 1065 4166 4167
3442 2 2 200 11 3952 1541 4514
3443 2 2 200 11 1611 1001 3961
3444 2 2 200 11 1563 1774 1775
3445 2 2 200 11 2650 2649 3957
3446 2 2 200 11 4059 4060 4063
3447 2 2 200 11 1641 4813 4819
3448 2 2 200 11 4008 4005 4012
3449 2 2 200 11 4020 4763 4776
3450 2 2 200 11 3258 4183 4184
3451 2 2 200 11 4011 1158 4017
3452 2 2 200 11 2525 4022 4023
3453 2 2 200 11 3020 3173 3923
3454 2 2 200 11 4808 3781 4817
3455 2 2 200 11 1285 2470 3953
3456 2 2 200 11 4213 2644 4215
3457 2 2 200 11 2014 2315 2316
3458 2 2 200 11 3150 4034 4291
3459 2 2 200 11 1535 1825 4220
3460 2 2 200 11 851 3642 3883
3461 2 2 200 11 4011 4017 4701
3462 2 2 200 11 3055 1421 3983
3463 2 2 200 11 1530 3914 4520
3464 2 2 200 11 2103 4200 4201
3465 2 2 200 11 1012 1601 4242
3466 2 2 200 11 1408 1409 4149
3467 2 2 200 11 3994 2524 4041
3468 2 2 200 11 2569 3945 4270
3469 2 2 200 11 4776 1511 4796
3470 2 2 200 11 3141 4312 4633
3471 2 2 200 11 4178 4177 4181
3472 2 2 200 11 1095 1097 3969
3473 2 2 200 11 2723 2739 4254
3474 2 2 200 11 2261 2011 4110
3475 2 2 200 11 2435 3467 3778
3476 2 2 200 11 2620 3843 4217
3477 2 2 200 11 4289 4092 4389
3478 2 2 200 11 3083 3952 4514
3479 2 2 200 11 3150 2689 4034
3480 2 2 200 11 1228 1049 4307
3481 2 2 200 11 1461 1507 3933
3482 2 2 200 11 3966 1127 3967
3483 2 2 200 11 4074 1520 4075
3484 2 2 200 11 3923 3173 3924
3485 2 2 200 11 3973 1572 3974
3486 2 2 200 11 1780 2845 4926
3487 2 2 200 11 4313 3052 4593
3488 2 2 200 11 1161 1160 1557
3489 2 2 200 11 2662 2661 4078
3490 2 2 200 11 4066 4067 4800
3491 2 2 200 11 1065 1067 4166
3492 2 2 200 11 3141 2681 4051
3493 2 2 200 11 3021 3933 4636
3494 2 2 200 11 1429 1432 4308
3495 2 2 200 11 2541 1804 3990
3496 2 2 200 11 2652 2654 3954
3497 2 2 200 11 3907 2539 3951
3498 2 2 200 11 1442 3949 4225
3499 2 2 200 11 589 735 3595
3500 2 2 200 11 2021 1722 3963
3501 2 2 200 11 3882 4289 4389
3502 2 2 200 11 4756 1528 4769
3503 2 2 200 11 2523 4030 4032
3504 2 2 200 11 2838 3982 4022
3505 2 2 200 11 1097 1099 3970
3506 2 2 200 11 1573 3953 4298
3507 2 2 200 11 1125 4163 4164
3508 2 2 200 11 1467 1470 4550
3509 2 2 200 11 3995 2622 4284
3510 2 2 200 11 2009 3023 3975
3511 2 2 200 11 4004 2613 4010
3512 2 2 200 11 2265 2065 4000
3513 2 2 200 11 1178 1177 1179
3514 2 2 200 11 4036 4037 4038
3515 2 2 200 11 1823 1824 4381
3516 2 2 200 11 3802 3803 3897
3517 2 2 200 11 4082 1494 4157
3518 2 2 200 11 3997 2640 3998
3519 2 2 200 11 3930 2205 3931
3520 2 2 200 11 1548 3051 4519
3521 2 2 200 11 4169 1077 4170
3522 2 2 200 11 4155 1298 4156
3523 2 2 200 11 4590 1651 4606
3524 2 2 200 11 2611 4153 4600
3525 2 2 200 11 2645 3052 4300
3526 2 2 200 11 3028 2889 3188
3527 2 2 200 11 1502 1035 4289
3528 2 2 200 11 3268 2140 4070
3529 2 2 200 11 2002 2237 3934
3530 2 2 200 11 4189 2581 4190
3531 2 2 200 11 2469 3908 4035
3532 2 2 200 11 2139 3269 3991
3533 2 2 200 11 2144 2145 2146
3534 2 2 200 11 2159 2160 2161
3535 2 2 200 11 2537 4165 4656
3536 2 2 200 11 2400 2399 2401
3537 2 2 200 11 1063 1065 4167
3538 2 2 200 11 1105 1520 4074
3539 2 2 200 11 2065 2063 4001
3540 2 2 200 11 2004 2005 2109
3541 2 2 200 11 2400 2965 4203
3542 2 2 200 11 3329 3975 3976
3543 2 2 200 11 3959 2645 4300
3544 2 2 200 11 4180 4179 4181
3545 2 2 200 11 2439 2438 2440
3546 2 2 200 11 2097 2021 3962
3547 2 2 200 11 3039 2003 3934
3548 2 2 200 11 1093 1127 3966
3549 2 2 200 11 2449 4020 4128
3550 2 2 200 11 1089 1572 3973
3551 2 2 200 11 2528 3295 3978
3552 2 2 200 11 1077 1079 4170
3553 2 2 200 11 3919 2544 3996
3554 2 2 200 11 3943 1368 4040
3555 2 2 200 11 4272 4457 4578
3556 2 2 200 11 3975 3023 3976
3557 2 2 200 11 1298 1300 4156
3558 2 2 200 11 993 996 4238
3559 2 2 200 11 3942 1148 4046
3560 2 2 200 11 2509 2860 3980
3561 2 2 200 11 1509 1252 4179
3562 2 2 200 11 4307 4125 4403
3563 2 2 200 11 2581 2583 4190
3564 2 2 200 11 4081 4082 4460
3565 2 2 200 11 2591 3275 3985
3566 2 2 200 11 3170 4540 4920
3567 2 2 200 11 2505 2838 4022
3568 2 2 200 11 4036 3194 4037
3569 2 2 200 11 2173 3194 4036
3570 2 2 200 11 2587 3257 3987
3571 2 2 200 11 2501 2525 4026
3572 2 2 200 11 1125 1069 4163
3573 2 2 200 11 1382 3935 4485
3574 2 2 200 11 3972 1495 4073
3575 2 2 200 11 1970 2247 4044
3576 2 2 200 11 1494 1290 4157
3577 2 2 200 11 163 164 865
3578 2 2 200 11 181 182 867
3579 2 2 200 11 3884 4307 4403
3580 2 2 200 11 589 590 735
3581 2 2 200 11 348 349 734
3582 2 2 200 11 2637 2640 3997
3583 2 2 200 11 1538 4653 4668
3584 2 2 200 11 2228 2449 4128
3585 2 2 200 11 2982 2487 3992
3586 2 2 200 11 1779 3984 4159
3587 2 2 200 11 2794 4191 4192
3588 2 2 200 11 2430 2431 2432
3589 2 2 200 11 2224 2793 4018
3590 2 2 200 11 1938 1939 4197
3591 2 2 200 11 3885 2467 3887
3592 2 2 200 11 1412 4147 4148
3593 2 2 200 11 1282 1285 3953
3594 2 2 200 11 1897 2015 4183
3595 2 2 200 11 4239 4055 4362
3596 2 2 200 11 4065 2700 4066
3597 2 2 200 11 1487 1276 3960
3598 2 2 200 11 962 4286 4557
3599 2 2 200 11 3368 4314 4440
3600 2 2 200 11 3836 2678 4449
3601 2 2 200 11 3903 2457 4224
3602 2 2 200 11 1744 1743 4224
3603 2 2 200 11 1922 1992 4193
3604 2 2 200 11 2403 2401 2415
3605 2 2 200 11 4054 2612 4104
3606 2 2 200 11 1797 2022 4194
3607 2 2 200 11 1769 1768 4229
3608 2 2 200 11 2312 1990 4086
3609 2 2 200 11 3918 2167 4045
3610 2 2 200 11 1075 1077 4169
3611 2 2 200 11 4091 1585 4195
3612 2 2 200 11 1296 1298 4155
3613 2 2 200 11 4076 2665 4077
3614 2 2 200 11 1702 2613 4004
3615 2 2 200 11 2621 3947 3948
3616 2 2 200 11 3910 2460 4229
3617 2 2 200 11 1732 1970 4044
3618 2 2 200 11 3051 1128 4091
3619 2 2 200 11 3857 4239 4362
3620 2 2 200 11 1574 1576 4270
3621 2 2 200 11 2579 2581 4189
3622 2 2 200 11 1933 4057 4058
3623 2 2 200 11 1935 1937 4035
3624 2 2 200 11 1042 1807 4092
3625 2 2 200 11 3151 4462 4673
3626 2 2 200 11 1568 1164 1571
3627 2 2 200 11 1358 4346 4388
3628 2 2 200 11 2393 3021 4240
3629 2 2 200 11 2134 4108 4109
3630 2 2 200 11 1269 1813 4087
3631 2 2 200 11 1595 1286 4080
3632 2 2 200 11 1461 1463 1507
3633 2 2 200 11 2794 2573 4191
3634 2 2 200 11 3202 2483 4083
3635 2 2 200 11 1804 1802 3990
3636 2 2 200 11 1579 3995 4284
3637 2 2 200 11 1917 1795 4271
3638 2 2 200 11 1056 1799 4125
3639 2 2 200 11 3829 2442 4127
3640 2 2 200 11 1812 1810 3951
3641 2 2 200 11 3560 2901 4105
3642 2 2 200 11 1259 4176 4177
3643 2 2 200 11 4022 3982 4023
3644 2 2 200 11 1364 4103 4303
3645 2 2 200 11 1606 1783 1798
3646 2 2 200 11 1461 1462 1463
3647 2 2 200 11 2103 1806 4200
3648 2 2 200 11 1649 3781 4808
3649 2 2 200 11 3222 2630 4251
3650 2 2 200 11 1509 4179 4180
3651 2 2 200 11 1493 4173 4174
3652 2 2 200 11 2398 2397 2399
3653 2 2 200 11 1238 1240 4230
3654 2 2 200 11 1460 1461 3933
3655 2 2 200 11 4319 4222 4555
3656 2 2 200 11 2681 2683 4051
3657 2 2 200 11 4173 4087 4290
3658 2 2 200 11 2447 3816 4072
3659 2 2 200 11 2689 2691 4034
3660 2 2 200 11 4106 1530 4107
3661 2 2 200 11 1779 2019 3984
3662 2 2 200 11 1166 1163 3895
3663 2 2 200 11 1473 1472 1474
3664 2 2 200 11 4005 4004 4012
3665 2 2 200 11 3998 4748 4756
3666 2 2 200 11 2697 2700 4065
3667 2 2 200 11 4047 2312 4786
3668 2 2 200 11 1252 1254 4179
3669 2 2 200 11 1824 3886 4266
3670 2 2 200 11 2888 2887 2889
3671 2 2 200 11 1590 1634 4159
3672 2 2 200 11 1344 1346 4220
3673 2 2 200 11 1601 2621 4242
3674 2 2 200 11 1818 1816 3996
3675 2 2 200 11 1421 1423 3983
3676 2 2 200 11 3066 4591 4612
3677 2 2 200 11 958 4586 4602
3678 2 2 200 11 4160 1116 4161
3679 2 2 200 11 2969 3477 4753
3680 2 2 200 11 4152 1490 4153
3681 2 2 200 11 1019 1021 3945
3682 2 2 200 11 2491 2493 4041
3683 2 2 200 11 1013 1015 3946
3684 2 2 200 11 1001 1003 3961
3685 2 2 200 11 1146 1579 4284
3686 2 2 200 11 2649 2646 3959
3687 2 2 200 11 2890 2353 2912
3688 2 2 200 11 4186 2606 4187
3689 2 2 200 11 2894 3049 4199
3690 2 2 200 11 1555 1835 4218
3691 2 2 200 11 3044 4003 4266
3692 2 2 200 11 2085 1770 4202
3693 2 2 200 11 1611 3961 4257
3694 2 2 200 11 4024 4023 4025
3695 2 2 200 11 4004 4010 4012
3696 2 2 200 11 1378 4485 4486
3697 2 2 200 11 1519 1025 4210
3698 2 2 200 11 2140 2142 4070
3699 2 2 200 11 1884 1882 4296
3700 2 2 200 11 3405 2547 4089
3701 2 2 200 11 3051 4195 4489
3702 2 2 200 11 1412 1413 4147
3703 2 2 200 11 2830 2652 3954
3704 2 2 200 11 1493 1262 4173
3705 2 2 200 11 2643 2624 3995
3706 2 2 200 11 3938 2569 4270
3707 2 2 200 11 1432 1433 4053
3708 2 2 200 11 3181 2567 4807
3709 2 2 200 11 1336 4106 4293
3710 2 2 200 11 3856 4645 4661
3711 2 2 200 11 4729 1488 4745
3712 2 2 200 11 2479 2204 4196
3713 2 2 200 11 996 997 4055
3714 2 2 200 11 1952 2887 2888
3715 2 2 200 11 4219 4220 4468
3716 2 2 200 11 3843 3844 3845
3717 2 2 200 11 1603 1759 3947
3718 2 2 200 11 986 987 4069
3719 2 2 200 11 1546 3044 4228
3720 2 2 200 11 4795 3137 4802
3721 2 2 200 11 2666 2665 4076
3722 2 2 200 11 1634 1779 4159
3723 2 2 200 11 1933 1934 4057
3724 2 2 200 11 2398 2400 4203
3725 2 2 200 11 2456 2847 3944
3726 2 2 200 11 1382 1383 4085
3727 2 2 200 11 3979 4065 4785
3728 2 2 200 11 2432 2435 3881
3729 2 2 200 11 2010 2009 3975
3730 2 2 200 11 2398 2399 2400
3731 2 2 200 11 1368 1369 4040
3732 2 2 200 11 973 4268 4351
3733 2 2 200 11 1389 1392 4120
3734 2 2 200 11 1148 1149 4046
3735 2 2 200 11 1820 2055 4045
3736 2 2 200 11 1990 1833 4086
3737 2 2 200 11 3920 2541 3990
3738 2 2 200 11 4288 4208 4299
3739 2 2 200 11 2473 2476 4064
3740 2 2 200 11 2742 2743 2745
3741 2 2 200 11 1745 1924 2008
3742 2 2 200 11 2134 2135 4108
3743 2 2 200 11 2537 4580 4621
3744 2 2 200 11 2549 3406 4185
3745 2 2 200 11 1607 1437 4225
3746 2 2 200 11 1352 4228 4282
3747 2 2 200 11 2519 2521 4095
3748 2 2 200 11 3955 2654 3956
3749 2 2 200 11 712 585 3719
3750 2 2 200 11 4501 1870 4554
3751 2 2 200 11 2212 2922 4042
3752 2 2 200 11 1759 1732 4044
3753 2 2 200 11 1316 1318 4100
3754 2 2 200 11 1128 1129 4091
3755 2 2 200 11 1123 1548 4102
3756 2 2 200 11 1324 1523 4119
3757 2 2 200 11 1338 1530 4106
3758 2 2 200 11 1111 1547 4118
3759 2 2 200 11 3144 4531 4674
3760 2 2 200 11 3105 3137 4126
3761 2 2 200 11 1495 1101 4073
3762 2 2 200 11 1366 1525 4103
3763 2 2 200 11 4314 1718 4440
3764 2 2 200 11 3099 3135 4129
3765 2 2 200 11 1117 1118 4171
3766 2 2 200 11 3971 1495 3972
3767 2 2 200 11 2601 2603 4116
3768 2 2 200 11 1173 1175 1176
3769 2 2 200 11 1824 4275 4381
3770 2 2 200 11 1259 1260 4176
3771 2 2 200 11 2132 2114 2567
3772 2 2 200 11 1310 1312 4114
3773 2 2 200 11 3093 3128 4150
3774 2 2 200 11 350 351 833
3775 2 2 200 11 587 588 834
3776 2 2 200 11 1375 1378 4158
3777 2 2 200 11 2513 2515 4123
3778 2 2 200 11 4002 2612 4054
3779 2 2 200 11 1570 1700 1745
3780 2 2 200 11 4061 4058 4233
3781 2 2 200 11 2652 2650 2654
3782 2 2 200 11 1569 1174 4490
3783 2 2 200 11 1442 1443 4258
3784 2 2 200 11 1073 1116 4160
3785 2 2 200 11 1294 1490 4152
3786 2 2 200 11 3051 4091 4195
3787 2 2 200 11 2442 2232 4127
3788 2 2 200 11 2110 2438 2439
3789 2 2 200 11 1083 1085 4139
3790 2 2 200 11 1595 4080 4306
3791 2 2 200 11 1882 3134 4296
3792 2 2 200 11 1330 1555 4218
3793 2 2 200 11 2577 2606 4186
3794 2 2 200 11 4346 4227 4388
3795 2 2 200 11 1691 1633 4223
3796 2 2 200 11 1304 1306 4144
3797 2 2 200 11 1053 1056 4125
3798 2 2 200 11 2612 2061 4104
3799 2 2 200 11 998 4373 4386
3800 2 2 200 11 3887 4288 4299
3801 2 2 200 11 4683 4295 4721
3802 2 2 200 11 1354 1546 4228
3803 2 2 200 11 2648 2646 2649
3804 2 2 200 11 1465 1464 1466
3805 2 2 200 11 2311 3255 4056
3806 2 2 200 11 966 967 4198
3807 2 2 200 11 1039 1042 4092
3808 2 2 200 11 4158 1378 4486
3809 2 2 200 11 1592 1154 4016
3810 2 2 200 11 4200 3224 4201
3811 2 2 200 11 2749 2748 2750
3812 2 2 200 11 1240 1243 4230
3813 2 2 200 11 2101 2139 3991
3814 2 2 200 11 3976 3023 3977
3815 2 2 200 11 2888 3028 3808
3816 2 2 200 11 1654 1652 2734
3817 2 2 200 11 1215 1214 1216
3818 2 2 200 11 3623 3622 3624
3819 2 2 200 11 2901 2898 4105
3820 2 2 200 11 4268 3054 4351
3821 2 2 200 11 1604 1606 4611
3822 2 2 200 11 4148 4147 4260
3823 2 2 200 11 4219 1344 4220
3824 2 2 200 11 4221 1904 4223
3825 2 2 200 11 1357 1360 4207
3826 2 2 200 11 1559 1569 1570
3827 2 2 200 11 1029 1032 4209
3828 2 2 200 11 753 3674 3675
3829 2 2 200 11 1009 1012 4242
3830 2 2 200 11 1138 1140 4299
3831 2 2 200 11 1838 2566 4202
3832 2 2 200 11 1496 4345 4426
3833 2 2 200 11 2124 1888 4977
3834 2 2 200 11 1802 1805 3990
3835 2 2 200 11 1904 1691 4223
3836 2 2 200 11 1939 4004 4005
3837 2 2 200 11 1460 1459 1461
3838 2 2 200 11 847 3634 3635
3839 2 2 200 11 1892 2173 4036
3840 2 2 200 11 847 3635 3637
3841 2 2 200 11 996 4055 4239
3842 2 2 200 11 2924 3621 5428
3843 2 2 200 11 2611 4502 4561
3844 2 2 200 11 1135 1138 4208
3845 2 2 200 11 4212 2644 4213
3846 2 2 200 11 1266 1269 4087
3847 2 2 200 11 837 3701 3702
3848 2 2 200 11 3925 2643 3995
3849 2 2 200 11 1588 1771 4252
3850 2 2 200 11 4177 4176 4235
3851 2 2 200 11 2645 2156 3052
3852 2 2 200 11 4179 4178 4181
3853 2 2 200 11 2203 2312 4047
3854 2 2 200 11 3967 1127 3968
3855 2 2 200 11 1256 1259 4178
3856 2 2 200 11 4094 2519 4095
3857 2 2 200 11 3998 2640 3999
3858 2 2 200 11 1770 1724 4202
3859 2 2 200 11 4097 1316 4100
3860 2 2 200 11 3897 3803 3898
3861 2 2 200 11 4058 4057 4233
3862 2 2 200 11 2400 2402 2965
3863 2 2 200 11 1032 1033 4583
3864 2 2 200 11 4115 2601 4116
3865 2 2 200 11 1409 1412 4149
3866 2 2 200 11 2884 3800 3801
3867 2 2 200 11 2482 3224 4200
3868 2 2 200 11 1125 4164 4165
3869 2 2 200 11 1341 1344 4219
3870 2 2 200 11 2739 2742 4254
3871 2 2 200 11 4465 2734 4521
3872 2 2 200 11 4111 1310 4114
3873 2 2 200 11 4121 2513 4123
3874 2 2 200 11 1751 1933 4059
3875 2 2 200 11 2884 2881 3800
3876 2 2 200 11 1939 1702 4004
3877 2 2 200 11 1493 4174 4175
3878 2 2 200 11 2665 2662 4078
3879 2 2 200 11 3675 3674 3676
3880 2 2 200 11 1702 1592 2613
3881 2 2 200 11 3817 3938 4270
3882 2 2 200 11 1513 4365 4430
3883 2 2 200 11 2157 2156 2645
3884 2 2 200 11 1396 4278 4281
3885 2 2 200 11 1113 1117 4079
3886 2 2 200 11 2648 2649 2650
3887 2 2 200 11 2626 2644 4212
3888 2 2 200 11 2793 4243 4244
3889 2 2 200 11 4136 1083 4139
3890 2 2 200 11 1637 1635 4227
3891 2 2 200 11 1165 1163 1166
3892 2 2 200 11 2623 2624 2625
3893 2 2 200 11 1432 4216 4308
3894 2 2 200 11 1729 1730 1977
3895 2 2 200 11 2106 4221 4222
3896 2 2 200 11 1585 1829 1830
3897 2 2 200 11 1807 1513 1808
3898 2 2 200 11 1546 1594 1729
3899 2 2 200 11 1977 2011 2261
3900 2 2 200 11 1543 2622 2623
3901 2 2 200 11 1578 1591 1690
3902 2 2 200 11 3746 3010 3764
3903 2 2 200 11 1809 1808 1810
3904 2 2 200 11 1830 1831 1935
3905 2 2 200 11 2625 2626 2846
3906 2 2 200 11 1582 1515 1583
3907 2 2 200 11 2449 4018 4019
3908 2 2 200 11 4141 1304 4144
3909 2 2 200 11 1555 1832 1833
3910 2 2 200 11 1833 1834 4086
3911 2 2 200 11 1576 1575 1719
3912 2 2 200 11 3195 2804 3196
3913 2 2 200 11 1574 1519 1575
3914 2 2 200 11 1580 1592 1701
3915 2 2 200 11 1603 1602 1732
3916 2 2 200 11 1584 1583 1751
3917 2 2 200 11 1610 1609 1743
3918 2 2 200 11 3029 2696 3979
3919 2 2 200 11 1799 1496 1800
3920 2 2 200 11 1535 1822 1823
3921 2 2 200 11 1801 1800 1802
3922 2 2 200 11 1586 1588 4252
3923 2 2 200 11 1690 1715 1797
3924 2 2 200 11 1601 1600 1602
3925 2 2 200 11 2542 2541 2543
3926 2 2 200 11 1608 1607 1609
3927 2 2 200 11 2875 2873 3856
3928 2 2 200 11 1701 1702 1938
3929 2 2 200 11 2540 2539 3283
3930 2 2 200 11 2470 1595 2471
3931 2 2 200 11 1581 1589 1695
3932 2 2 200 11 4210 4209 4211
3933 2 2 200 11 2469 3248 3345
3934 2 2 200 11 2002 2184 2237
3935 2 2 200 11 754 3660 3661
3936 2 2 200 11 2700 2701 4067
3937 2 2 200 11 2266 2122 3338
3938 2 2 200 11 1695 1721 1897
3939 2 2 200 11 3401 2418 3507
3940 2 2 200 11 2847 2457 3220
3941 2 2 200 11 2621 1603 3947
3942 2 2 200 11 1501 4097 4098
3943 2 2 200 11 3400 3220 3501
3944 2 2 200 11 849 3638 3640
3945 2 2 200 11 2472 2471 2473
3946 2 2 200 11 2247 2212 4042
3947 2 2 200 11 3349 2164 3378
3948 2 2 200 11 836 3716 3717
3949 2 2 200 11 2853 3277 3278
3950 2 2 200 11 1795 1731 1965
3951 2 2 200 11 1618 1617 1731
3952 2 2 200 11 3032 3031 3353
3953 2 2 200 11 2187 2103 2418
3954 2 2 200 11 2986 3201 3382
3955 2 2 200 11 721 3724 3725
3956 2 2 200 11 1614 1613 1768
3957 2 2 200 11 1505 4111 4112
3958 2 2 200 11 2967 2543 3167
3959 2 2 200 11 1576 3817 4270
3960 2 2 200 11 1616 1615 1617
3961 2 2 200 11 2475 2473 4064
3962 2 2 200 11 723 3699 3700
3963 2 2 200 11 3063 4255 4256
3964 2 2 200 11 4080 1494 4081
3965 2 2 200 11 3224 3202 3391
3966 2 2 200 11 1115 4136 4137
3967 2 2 200 11 2860 4121 4122
3968 2 2 200 11 1612 1611 1613
3969 2 2 200 11 1491 4141 4142
3970 2 2 200 11 2962 2460 3234
3971 2 2 200 11 4083 2982 4084
3972 2 2 200 11 3832 2456 3944
3973 2 2 200 11 3992 2524 3993
3974 2 2 200 11 3635 3634 3636
3975 2 2 200 11 2942 2111 2943
3976 2 2 200 11 2851 2842 3383
3977 2 2 200 11 2838 3980 3981
3978 2 2 200 11 1103 1105 4074
3979 2 2 200 11 3257 3985 3986
3980 2 2 200 11 3138 3308 3434
3981 2 2 200 11 3275 4132 4133
3982 2 2 200 11 1813 1504 1814
3983 2 2 200 11 2530 2977 4088
3984 2 2 200 11 2796 2442 3152
3985 2 2 200 11 1922 1748 1992
3986 2 2 200 11 1698 1622 1748
3987 2 2 200 11 2871 2869 3900
3988 2 2 200 11 2605 3987 3988
3989 2 2 200 11 1621 1620 1622
3990 2 2 200 11 3438 2863 3440
3991 2 2 200 11 1618 1731 1795
3992 2 2 200 11 1695 1589 1721
3993 2 2 200 11 1616 1617 1618
3994 2 2 200 11 1976 2053 4231
3995 2 2 200 11 3231 2618 3266
3996 2 2 200 11 1897 1721 2015
3997 2 2 200 11 2968 2936 3415
3998 2 2 200 11 2120 2680 3056
3999 2 2 200 11 2526 2528 3978
4000 2 2 200 11 2673 3441 3442
4001 2 2 200 11 2686 2688 3036
4002 2 2 200 11 2011 2134 4110
4003 2 2 200 11 1802 1803 1805
4004 2 2 200 11 2851 3383 3384
4005 2 2 200 11 2694 2696 3029
4006 2 2 200 11 1581 1388 1589
4007 2 2 200 11 2246 2167 2863
4008 2 2 200 11 746 357 3686
4009 2 2 200 11 2964 2101 3991
4010 2 2 200 11 1285 1286 1595
4011 2 2 200 11 2482 2483 3202
4012 2 2 200 11 2661 3329 3351
4013 2 2 200 11 3138 3018 3308
4014 2 2 200 11 2473 2474 2476
4015 2 2 200 11 1608 1609 1610
4016 2 2 200 11 2572 2573 2794
4017 2 2 200 11 1610 1743 1744
4018 2 2 200 11 1416 4145 4146
4019 2 2 200 11 1621 1622 1698
4020 2 2 200 11 1690 1591 1715
4021 2 2 200 11 1056 1057 1496
4022 2 2 200 11 1698 1748 1922
4023 2 2 200 11 1805 1806 2103
4024 2 2 200 11 4089 2914 4090
4025 2 2 200 11 2760 2731 3066
4026 2 2 200 11 2009 3022 3023
4027 2 2 200 11 1614 1768 1769
4028 2 2 200 11 1835 1833 1990
4029 2 2 200 11 1612 1613 1614
4030 2 2 200 11 1701 1592 1702
4031 2 2 200 11 2847 3220 3400
4032 2 2 200 11 1938 1702 1939
4033 2 2 200 11 4177 4235 4650
4034 2 2 200 11 3032 3353 3450
4035 2 2 200 11 1152 1154 1580
4036 2 2 200 11 1797 1715 2022
4037 2 2 200 11 2968 3415 3416
4038 2 2 200 11 1815 1814 1816
4039 2 2 200 11 1582 1583 1584
4040 2 2 200 11 4060 4058 4061
4041 2 2 200 11 2456 1744 2457
4042 2 2 200 11 2962 3234 3573
4043 2 2 200 11 1372 1374 1578
4044 2 2 200 11 1991 1990 2203
4045 2 2 200 11 1643 1703 4237
4046 2 2 200 11 2204 2203 3375
4047 2 2 200 11 1364 1366 4103
4048 2 2 200 11 1146 1148 1579
4049 2 2 200 11 1578 1374 1591
4050 2 2 200 11 1584 1751 1785
4051 2 2 200 11 2464 1812 2539
4052 2 2 200 11 1810 1811 1975
4053 2 2 200 11 2623 2622 2624
4054 2 2 200 11 1366 1368 1525
4055 2 2 200 11 1386 1388 1581
4056 2 2 200 11 2517 2519 4094
4057 2 2 200 11 1354 1356 1546
4058 2 2 200 11 1580 1154 1592
4059 2 2 200 11 2564 2560 4245
4060 2 2 200 11 1140 1142 1543
4061 2 2 200 11 2456 2457 2847
4062 2 2 200 11 3056 4452 4559
4063 2 2 200 11 1601 1602 1603
4064 2 2 200 11 3279 2028 3280
4065 2 2 200 11 1132 1134 1585
4066 2 2 200 11 2022 2028 3279
4067 2 2 200 11 2625 2624 2626
4068 2 2 200 11 2466 1804 2541
4069 2 2 200 11 1937 2468 2469
4070 2 2 200 11 1603 1732 1759
4071 2 2 200 11 2459 1769 2460
4072 2 2 200 11 2459 2460 2962
4073 2 2 200 11 1121 1123 4102
4074 2 2 200 11 2015 2101 2964
4075 2 2 200 11 1346 1348 1535
4076 2 2 200 11 1314 1316 4097
4077 2 2 200 11 1091 1093 3966
4078 2 2 200 11 2009 1917 3022
4079 2 2 200 11 2677 2679 2986
4080 2 2 200 11 1123 1128 1548
4081 2 2 200 11 1109 1111 4118
4082 2 2 200 11 1336 1338 4106
4083 2 2 200 11 2846 2626 4212
4084 2 2 200 11 2545 2544 2914
4085 2 2 200 11 1338 1340 1530
4086 2 2 200 11 2247 4042 4043
4087 2 2 200 11 4171 4102 4172
4088 2 2 200 11 1042 1043 1513
4089 2 2 200 11 2139 3268 3269
4090 2 2 200 11 1111 1113 1547
4091 2 2 200 11 3572 2719 3759
4092 2 2 200 11 1525 1368 3943
4093 2 2 200 11 1729 1594 1730
4094 2 2 200 11 1975 1976 2122
4095 2 2 200 11 1322 1324 4119
4096 2 2 200 11 1330 1332 1555
4097 2 2 200 11 2599 2601 4115
4098 2 2 200 11 1426 1615 1616
4099 2 2 200 11 1977 1730 2011
4100 2 2 200 11 2673 2669 3441
4101 2 2 200 11 1101 1103 4073
4102 2 2 200 11 3164 2782 4698
4103 2 2 200 11 1324 1326 1523
4104 2 2 200 11 1105 1107 1520
4105 2 2 200 11 2708 3018 3138
4106 2 2 200 11 1773 1637 4227
4107 2 2 200 11 3109 3111 3781
4108 2 2 200 11 4253 2745 4459
4109 2 2 200 11 3113 3115 3773
4110 2 2 200 11 2828 2823 3776
4111 2 2 200 11 3338 3339 3386
4112 2 2 200 11 1579 1148 3942
4113 2 2 200 11 2550 2549 4185
4114 2 2 200 11 1318 1320 1512
4115 2 2 200 11 2661 2659 3329
4116 2 2 200 11 3949 1442 4258
4117 2 2 200 11 1099 1101 1495
4118 2 2 200 11 2710 2713 4272
4119 2 2 200 11 1089 1091 1572
4120 2 2 200 11 1574 1575 1576
4121 2 2 200 11 1965 2842 2851
4122 2 2 200 11 1436 1607 1608
4123 2 2 200 11 3502 3328 3503
4124 2 2 200 11 2902 2901 3559
4125 2 2 200 11 1825 1823 1826
4126 2 2 200 11 2835 2038 3258
4127 2 2 200 11 1576 1719 1756
4128 2 2 200 11 1830 1829 1831
4129 2 2 200 11 2528 2530 3295
4130 2 2 200 11 2986 2679 3201
4131 2 2 200 11 1087 1089 3973
4132 2 2 200 11 990 1620 1621
4133 2 2 200 11 3105 3107 3137
4134 2 2 200 11 1543 1142 2622
4135 2 2 200 11 1093 1095 1127
4136 2 2 200 11 4006 4005 4007
4137 2 2 200 11 1935 1831 1937
4138 2 2 200 11 1823 1822 1824
4139 2 2 200 11 1827 1826 2002
4140 2 2 200 11 3103 3105 4126
4141 2 2 200 11 2521 2526 2987
4142 2 2 200 11 2566 4036 4038
4143 2 2 200 11 1936 1935 2185
4144 2 2 200 11 2821 2818 3160
4145 2 2 200 11 1546 1356 1594
4146 2 2 200 11 2511 2513 4121
4147 2 2 200 11 1308 1310 4111
4148 2 2 200 11 2106 1906 4221
4149 2 2 200 11 1000 1611 1612
4150 2 2 200 11 1312 1314 1501
4151 2 2 200 11 2049 3031 3032
4152 2 2 200 11 1006 3921 3922
4153 2 2 200 11 2616 2617 2618
4154 2 2 200 11 2132 2567 3181
4155 2 2 200 11 1446 1515 1582
4156 2 2 200 11 1262 1264 4173
4157 2 2 200 11 1085 1087 1126
4158 2 2 200 11 2630 2179 4251
4159 2 2 200 11 1906 1904 4221
4160 2 2 200 11 4161 1116 4162
4161 2 2 200 11 1417 1420 4145
4162 2 2 200 11 3099 3101 3135
4163 2 2 200 11 1306 1308 1505
4164 2 2 200 11 1012 1600 1601
4165 2 2 200 11 2566 1892 4036
4166 2 2 200 11 4007 4005 4008
4167 2 2 200 11 3207 2098 3208
4168 2 2 200 11 3097 3099 4129
4169 2 2 200 11 1992 2936 2968
4170 2 2 200 11 2603 2910 2976
4171 2 2 200 11 2814 2809 3158
4172 2 2 200 11 1585 1134 1829
4173 2 2 200 11 1836 2111 2942
4174 2 2 200 11 1018 2569 3053
4175 2 2 200 11 2509 2511 2860
4176 2 2 200 11 2597 2599 2832
4177 2 2 200 11 2311 1979 3255
4178 2 2 200 11 4153 1490 4154
4179 2 2 200 11 2186 2185 2893
4180 2 2 200 11 2515 2517 2831
4181 2 2 200 11 2262 2261 3413
4182 2 2 200 11 3886 1822 4282
4183 2 2 200 11 2507 2509 3980
4184 2 2 200 11 4032 4030 4033
4185 2 2 200 11 1719 1720 1971
4186 2 2 200 11 2853 2006 3277
4187 2 2 200 11 1079 1081 1115
4188 2 2 200 11 2894 2893 3049
4189 2 2 200 11 1970 2212 2247
4190 2 2 200 11 1504 4367 4418
4191 2 2 200 11 1300 1302 1491
4192 2 2 200 11 2469 2468 3248
4193 2 2 200 11 2591 2593 3275
4194 2 2 200 11 1807 1808 1809
4195 2 2 200 11 1535 1348 1822
4196 2 2 200 11 4297 2725 4325
4197 2 2 200 11 2505 2507 2838
4198 2 2 200 11 2181 2387 3350
4199 2 2 200 11 2226 2224 4018
4200 2 2 200 11 3093 3095 3128
4201 2 2 200 11 2622 1142 4284
4202 2 2 200 11 2237 2184 3393
4203 2 2 200 11 1025 1027 4210
4204 2 2 200 11 3091 3093 4150
4205 2 2 200 11 2587 2589 3257
4206 2 2 200 11 3173 2311 4056
4207 2 2 200 11 1024 1025 1519
4208 2 2 200 11 1819 1820 2167
4209 2 2 200 11 730 491 3729
4210 2 2 200 11 1024 1519 1574
4211 2 2 200 11 1809 1810 1812
4212 2 2 200 11 1439 1442 4225
4213 2 2 200 11 2230 2228 4128
4214 2 2 200 11 1586 1587 1588
4215 2 2 200 11 2593 2595 4132
4216 2 2 200 11 3087 3089 3899
4217 2 2 200 11 2147 2148 2164
4218 2 2 200 11 3120 1865 4424
4219 2 2 200 11 2791 1773 4227
4220 2 2 200 11 2639 2637 3997
4221 2 2 200 11 1437 1439 4225
4222 2 2 200 11 2805 2800 3157
4223 2 2 200 11 1276 1278 3960
4224 2 2 200 11 1548 1128 3051
4225 2 2 200 11 1588 1724 1770
4226 2 2 200 11 2501 2503 2525
4227 2 2 200 11 1269 1270 1504
4228 2 2 200 11 1071 1073 4160
4229 2 2 200 11 1073 1075 1116
4230 2 2 200 11 2495 2497 2523
4231 2 2 200 11 2387 2388 3218
4232 2 2 200 11 1454 1455 1599
4233 2 2 200 11 1018 1019 2569
4234 2 2 200 11 1292 1294 4152
4235 2 2 200 11 3335 2398 4203
4236 2 2 200 11 1294 1296 1490
4237 2 2 200 11 2893 2185 3319
4238 2 2 200 11 1703 1967 4237
4239 2 2 200 11 2540 3283 3284
4240 2 2 200 11 2583 2585 2605
4241 2 2 200 11 2809 2807 4131
4242 2 2 200 11 4187 2606 4188
4243 2 2 200 11 2800 2798 4151
4244 2 2 200 11 1081 1083 4136
4245 2 2 200 11 1732 1740 1970
4246 2 2 200 11 2464 2539 2540
4247 2 2 200 11 3853 2846 3854
4248 2 2 200 11 1067 1069 1125
4249 2 2 200 11 1805 2187 3990
4250 2 2 200 11 1775 2436 3849
4251 2 2 200 11 1833 1832 1834
4252 2 2 200 11 2896 2894 4199
4253 2 2 200 11 1751 1752 1933
4254 2 2 200 11 2547 2545 4089
4255 2 2 200 11 2147 2164 3349
4256 2 2 200 11 1816 1817 1819
4257 2 2 200 11 3083 3085 3952
4258 2 2 200 11 1530 1340 3914
4259 2 2 200 11 2564 4245 4246
4260 2 2 200 11 1042 1513 1807
4261 2 2 200 11 2589 2591 3985
4262 2 2 200 11 2742 2745 4253
4263 2 2 200 11 1822 1348 4282
4264 2 2 200 11 2245 2232 2442
4265 2 2 200 11 2775 2777 3151
4266 2 2 200 11 2503 2505 4022
4267 2 2 200 11 3066 4612 4628
4268 2 2 200 11 2462 1818 2544
4269 2 2 200 11 1302 1304 4141
4270 2 2 200 11 2975 2639 3145
4271 2 2 200 11 1588 1587 1724
4272 2 2 200 11 2232 2230 4127
4273 2 2 200 11 1269 1504 1813
4274 2 2 200 11 1288 1290 1494
4275 2 2 200 11 1069 1071 4163
4276 2 2 200 11 1838 1892 2566
4277 2 2 200 11 2577 2579 2606
4278 2 2 200 11 1696 1925 1928
4279 2 2 200 11 2002 1826 2184
4280 2 2 200 11 2173 3193 3194
4281 2 2 200 11 1290 1292 4157
4282 2 2 200 11 2575 2577 4186
4283 2 2 200 11 1264 4087 4173
4284 2 2 200 11 1940 1938 2006
4285 2 2 200 11 2818 2816 4130
4286 2 2 200 11 1970 2044 2212
4287 2 2 200 11 1405 1408 4274
4288 2 2 200 11 1286 1288 4080
4289 2 2 200 11 1446 1447 1515
4290 2 2 200 11 2007 2006 2853
4291 2 2 200 11 2212 2445 2922
4292 2 2 200 11 2489 2491 2524
4293 2 2 200 11 2396 2397 2398
4294 2 2 200 11 2181 2182 2387
4295 2 2 200 11 2485 2487 2982
4296 2 2 200 11 1813 1814 1815
4297 2 2 200 11 1547 1113 4079
4298 2 2 200 11 1061 1063 1492
4299 2 2 200 11 1012 1013 1600
4300 2 2 200 11 2155 2097 2156
4301 2 2 200 11 1027 4209 4210
4302 2 2 200 11 2487 2489 3992
4303 2 2 200 11 3827 3825 3828
4304 2 2 200 11 2637 2265 2640
4305 2 2 200 11 2922 2923 3183
4306 2 2 200 11 2224 2222 2793
4307 2 2 200 11 1555 1332 1832
4308 2 2 200 11 1278 1280 1573
4309 2 2 200 11 715 360 3728
4310 2 2 200 11 1821 1797 2098
4311 2 2 200 11 2585 2587 3987
4312 2 2 200 11 1806 2051 4200
4313 2 2 200 11 2477 2571 2572
4314 2 2 200 11 1586 972 1587
4315 2 2 200 11 2228 2226 2449
4316 2 2 200 11 1799 1800 1801
4317 2 2 200 11 1975 2122 2266
4318 2 2 200 11 2483 2485 4083
4319 2 2 200 11 1801 1802 1804
4320 2 2 200 11 1724 1838 4202
4321 2 2 200 11 3559 2901 3560
4322 2 2 200 11 1743 2048 2049
4323 2 2 200 11 1282 1284 1285
4324 2 2 200 11 2157 2645 2646
4325 2 2 200 11 2542 2543 2967
4326 2 2 200 11 2099 2098 3207
4327 2 2 200 11 2470 2471 2472
4328 2 2 200 11 1644 1642 4263
4329 2 2 200 11 1053 1055 1056
4330 2 2 200 11 1051 1053 4125
4331 2 2 200 11 2466 2541 2542
4332 2 2 200 11 2051 2481 2482
4333 2 2 200 11 2187 2418 3401
4334 2 2 200 11 970 972 1586
4335 2 2 200 11 2203 1990 2312
4336 2 2 200 11 2220 2218 2221
4337 2 2 200 11 3375 2203 4047
4338 2 2 200 11 2180 3410 3411
4339 2 2 200 11 2573 2575 4191
4340 2 2 200 11 2049 3030 3031
4341 2 2 200 11 1768 1777 1836
4342 2 2 200 11 2793 2222 4243
4343 2 2 200 11 2063 2061 2612
4344 2 2 200 11 1436 1437 1607
4345 2 2 200 11 1006 1007 3921
4346 2 2 200 11 741 494 3664
4347 2 2 200 11 2472 2473 2475
4348 2 2 200 11 2061 1983 4104
4349 2 2 200 11 4105 2896 4199
4350 2 2 200 11 1056 1496 1799
4351 2 2 200 11 1397 1400 4278
4352 2 2 200 11 3816 3904 3905
4353 2 2 200 11 4073 1103 4074
4354 2 2 200 11 3152 2442 3829
4355 2 2 200 11 1967 2764 4237
4356 2 2 200 11 2727 1962 4264
4357 2 2 200 11 3063 3040 4255
4358 2 2 200 11 1815 1816 1818
4359 2 2 200 11 2718 2479 2719
4360 2 2 200 11 3759 2719 3760
4361 2 2 200 11 1898 1897 2038
4362 2 2 200 11 1285 1595 2470
4363 2 2 200 11 1805 2103 2187
4364 2 2 200 11 1047 1049 1228
4365 2 2 200 11 2545 2914 4089
4366 2 2 200 11 1278 1573 3960
4367 2 2 200 11 2540 3782 4287
4368 2 2 200 11 1836 2045 2111
4369 2 2 200 11 2246 2863 3438
4370 2 2 200 11 3295 2530 4088
4371 2 2 200 11 1519 4210 4324
4372 2 2 200 11 2449 2226 4018
4373 2 2 200 11 2222 2221 4243
4374 2 2 200 11 2731 2729 4093
4375 2 2 200 11 1037 1039 4092
4376 2 2 200 11 1965 2046 2842
4377 2 2 200 11 1274 1276 1487
4378 2 2 200 11 3845 3844 3846
4379 2 2 200 11 2043 2038 2835
4380 2 2 200 11 2908 2906 3328
4381 2 2 200 11 2987 2526 3978
4382 2 2 200 11 4087 1813 4290
4383 2 2 200 11 1039 1041 1042
4384 2 2 200 11 3025 2835 3357
4385 2 2 200 11 3773 3115 3774
4386 2 2 200 11 3145 2639 3997
4387 2 2 200 11 1000 1001 1611
4388 2 2 200 11 4127 2230 4128
4389 2 2 200 11 2026 1770 2085
4390 2 2 200 11 3891 3357 3892
4391 2 2 200 11 1328 1330 4218
4392 2 2 200 11 4006 4007 4009
4393 2 2 200 11 1579 3925 3995
4394 2 2 200 11 2464 2540 4287
4395 2 2 200 11 1443 1446 4258
4396 2 2 200 11 3038 2003 3039
4397 2 2 200 11 721 3725 3726
4398 2 2 200 11 1426 1427 1615
4399 2 2 200 11 2747 2746 2748
4400 2 2 200 11 1205 1206 1207
4401 2 2 200 11 1118 1121 4171
4402 2 2 200 11 1572 1091 3966
4403 2 2 200 11 2462 2544 2545
4404 2 2 200 11 1033 1035 1502
4405 2 2 200 11 2900 2898 2901
4406 2 2 200 11 3042 3040 3063
4407 2 2 200 11 2482 3202 3224
4408 2 2 200 11 849 3640 3641
4409 2 2 200 11 1819 2167 2246
4410 2 2 200 11 1501 1314 4097
4411 2 2 200 11 2898 2896 4105
4412 2 2 200 11 2055 2615 2616
4413 2 2 200 11 2831 2517 4094
4414 2 2 200 11 1416 1417 4145
4415 2 2 200 11 1182 1181 1183
4416 2 2 200 11 3040 3039 4255
4417 2 2 200 11 2832 2599 4115
4418 2 2 200 11 1863 4435 4512
4419 2 2 200 11 753 445 3674
4420 2 2 200 11 2867 1955 4269
4421 2 2 200 11 3945 1574 4270
4422 2 2 200 11 1420 1421 3055
4423 2 2 200 11 3157 2800 4151
4424 2 2 200 11 1126 1087 3973
4425 2 2 200 11 3047 1832 4293
4426 2 2 200 11 2709 2710 4272
4427 2 2 200 11 2616 2618 3231
4428 2 2 200 11 4268 978 4547
4429 2 2 200 11 2787 1773 2791
4430 2 2 200 11 1029 1031 1032
4431 2 2 200 11 1129 1132 4091
4432 2 2 200 11 2713 2714 3147
4433 2 2 200 11 1992 2047 2936
4434 2 2 200 11 1027 1029 4209
4435 2 2 200 11 2051 2482 4200
4436 2 2 200 11 2572 2794 3358
4437 2 2 200 11 2860 2511 4121
4438 2 2 200 11 1505 1308 4111
4439 2 2 200 11 1288 1494 4080
4440 2 2 200 11 1832 1332 4293
4441 2 2 200 11 2485 2982 4083
4442 2 2 200 11 1597 1696 4535
4443 2 2 200 11 1457 1459 1460
4444 2 2 200 11 1815 2461 4290
4445 2 2 200 11 1972 2057 2147
4446 2 2 200 11 1393 1396 4226
4447 2 2 200 11 4428 3894 4450
4448 2 2 200 11 3139 4607 4613
4449 2 2 200 11 4345 3057 4426
4450 2 2 200 11 990 991 1620
4451 2 2 200 11 1071 4160 4163
4452 2 2 200 11 3158 2809 4131
4453 2 2 200 11 1115 4137 4138
4454 2 2 200 11 1491 4142 4143
4455 2 2 200 11 1292 4152 4157
4456 2 2 200 11 2489 2524 3992
4457 2 2 200 11 2838 2507 3980
4458 2 2 200 11 2694 2695 2696
4459 2 2 200 11 1021 1023 1024
4460 2 2 200 11 3275 2593 4132
4461 2 2 200 11 2549 2547 3405
4462 2 2 200 11 3857 3833 4250
4463 2 2 200 11 4261 3297 4262
4464 2 2 200 11 2575 4186 4191
4465 2 2 200 11 1115 1081 4136
4466 2 2 200 11 1264 1266 4087
4467 2 2 200 11 1939 4005 4006
4468 2 2 200 11 1420 3055 4572
4469 2 2 200 11 3257 2589 3985
4470 2 2 200 11 2688 2689 3150
4471 2 2 200 11 1491 1302 4141
4472 2 2 200 11 1451 1453 1454
4473 2 2 200 11 2632 3222 4234
4474 2 2 200 11 1505 4112 4113
4475 2 2 200 11 4218 4428 4450
4476 2 2 200 11 3160 2818 4130
4477 2 2 200 11 1515 4411 4436
4478 2 2 200 11 2605 3988 3989
4479 2 2 200 11 2261 4110 4558
4480 2 2 200 11 4207 1360 4484
4481 2 2 200 11 2134 4109 4110
4482 2 2 200 11 1934 2059 2181
4483 2 2 200 11 2525 2503 4022
4484 2 2 200 11 1266 1268 1269
4485 2 2 200 11 2549 3405 3406
4486 2 2 200 11 1015 1017 1018
4487 2 2 200 11 2135 2677 4108
4488 2 2 200 11 1813 1815 4290
4489 2 2 200 11 1785 4063 4232
4490 2 2 200 11 2180 2176 3410
4491 2 2 200 11 1928 1951 1952
4492 2 2 200 11 2605 2585 3987
4493 2 2 200 11 4236 3053 4506
4494 2 2 200 11 2686 2687 2688
4495 2 2 200 11 2466 2542 4294
4496 2 2 200 11 4081 1494 4082
4497 2 2 200 11 1763 1644 4263
4498 2 2 200 11 2542 3797 4294
4499 2 2 200 11 1149 1152 4046
4500 2 2 200 11 837 499 3701
4501 2 2 200 11 2838 3981 3982
4502 2 2 200 11 1352 1354 4228
4503 2 2 200 11 2680 2681 3141
4504 2 2 200 11 1501 4098 4099
4505 2 2 200 11 1009 1011 1012
4506 2 2 200 11 4453 1896 4510
4507 2 2 200 11 1771 1770 2026
4508 2 2 200 11 1404 1405 4274
4509 2 2 200 11 1443 1445 1446
4510 2 2 200 11 3993 2524 3994
4511 2 2 200 11 2156 2097 3962
4512 2 2 200 11 1369 1372 4040
4513 2 2 200 11 1974 1973 2013
4514 2 2 200 11 852 450 3644
4515 2 2 200 11 1647 1244 4342
4516 2 2 200 11 1962 1875 4264
4517 2 2 200 11 2105 1906 2106
4518 2 2 200 11 751 368 3670
4519 2 2 200 11 1439 1441 1442
4520 2 2 200 11 2670 2669 2673
4521 2 2 200 11 3522 3520 3523
4522 2 2 200 11 4264 1875 4414
4523 2 2 200 11 2120 2121 2680
4524 2 2 200 11 2627 3949 4258
4525 2 2 200 11 2633 3297 4261
4526 2 2 200 11 1967 1969 2764
4527 2 2 200 11 1433 1435 1436
4528 2 2 200 11 1923 1922 1979
4529 2 2 200 11 1396 1397 4278
4530 2 2 200 11 2476 2474 2477
4531 2 2 200 11 2019 2120 3984
4532 2 2 200 11 2449 4019 4020
4533 2 2 200 11 1427 1429 4308
4534 2 2 200 11 1127 1095 3969
4535 2 2 200 11 4373 4237 4386
4536 2 2 200 11 1003 1005 1006
4537 2 2 200 11 2015 2016 2101
4538 2 2 200 11 2473 2471 2474
4539 2 2 200 11 2396 2398 3335
4540 2 2 200 11 1280 1282 3953
4541 2 2 200 11 1802 1800 1803
4542 2 2 200 11 743 505 3671
4543 2 2 200 11 2139 2140 3268
4544 2 2 200 11 2708 3017 3018
4545 2 2 200 11 752 379 3695
4546 2 2 200 11 2447 3815 3816
4547 2 2 200 11 1484 1681 1682
4548 2 2 200 11 744 571 3649
4549 2 2 200 11 1828 1795 1917
4550 2 2 200 11 1463 1462 1464
4551 2 2 200 11 2101 2102 2139
4552 2 2 200 11 750 401 3685
4553 2 2 200 11 1899 1998 3830
4554 2 2 200 11 742 516 3657
4555 2 2 200 11 745 434 3645
4556 2 2 200 11 754 527 3660
4557 2 2 200 11 2027 2026 2176
4558 2 2 200 11 756 412 3689
4559 2 2 200 11 1383 1386 4085
4560 2 2 200 11 1805 1803 1806
4561 2 2 200 11 835 565 3710
4562 2 2 200 11 449 852 3643
4563 2 2 200 11 851 489 3642
4564 2 2 200 11 2660 2659 2661
4565 2 2 200 11 1429 1431 1432
4566 2 2 200 11 2572 2571 2573
4567 2 2 200 11 3507 2418 3508
4568 2 2 200 11 836 554 3716
4569 2 2 200 11 847 363 3634
4570 2 2 200 11 2245 2442 2796
4571 2 2 200 11 498 837 3608
4572 2 2 200 11 558 3650 3651
4573 2 2 200 11 1980 1979 2311
4574 2 2 200 11 564 835 3631
4575 2 2 200 11 846 440 3614
4576 2 2 200 11 849 396 3638
4577 2 2 200 11 840 429 3612
4578 2 2 200 11 553 836 3620
4579 2 2 200 11 520 843 3609
4580 2 2 200 11 838 407 3611
4581 2 2 200 11 844 418 3619
4582 2 2 200 11 850 576 3738
4583 2 2 200 11 514 3653 3655
4584 2 2 200 11 707 376 3694
4585 2 2 200 11 2173 2174 3193
4586 2 2 200 11 997 999 1000
4587 2 2 200 11 722 535 3682
4588 2 2 200 11 2640 2265 4000
4589 2 2 200 11 697 431 3678
4590 2 2 200 11 1798 1783 1973
4591 2 2 200 11 375 707 3627
4592 2 2 200 11 703 398 3688
4593 2 2 200 11 1918 1917 2009
4594 2 2 200 11 2683 2686 4051
4595 2 2 200 11 1955 1876 4269
4596 2 2 200 11 1067 1125 4166
4597 2 2 200 11 704 541 3610
4598 2 2 200 11 2543 2541 3920
4599 2 2 200 11 1446 1582 4258
4600 2 2 200 11 3940 3411 3941
4601 2 2 200 11 2392 2394 2395
4602 2 2 200 11 725 415 3709
4603 2 2 200 11 729 437 3706
4604 2 2 200 11 727 426 3714
4605 2 2 200 11 2458 1769 2459
4606 2 2 200 11 723 404 3699
4607 2 2 200 11 1285 1284 1286
4608 2 2 200 11 721 393 3724
4609 2 2 200 11 2482 2481 2483
4610 2 2 200 11 1555 1833 1835
4611 2 2 200 11 3020 2311 3173
4612 2 2 200 11 3266 2618 3452
4613 2 2 200 11 2882 2881 2884
4614 2 2 200 11 2701 2703 2813
4615 2 2 200 11 967 970 4198
4616 2 2 200 11 3057 4345 4463
4617 2 2 200 11 993 995 996
4618 2 2 200 11 2631 2630 2632
4619 2 2 200 11 1423 1425 1426
4620 2 2 200 11 2629 2179 2630
4621 2 2 200 11 1892 1893 2173
4622 2 2 200 11 4269 1876 4413
4623 2 2 200 11 2455 1744 2456
4624 2 2 200 11 2022 2023 2028
4625 2 2 200 11 1056 1055 1057
4626 2 2 200 11 2697 2699 2700
4627 2 2 200 11 1386 1387 1388
4628 2 2 200 11 2710 2712 2713
4629 2 2 200 11 1417 1419 1420
4630 2 2 200 11 1835 1990 1991
4631 2 2 200 11 1810 1808 1811
4632 2 2 200 11 2691 2694 4034
4633 2 2 200 11 1991 2203 2204
4634 2 2 200 11 4059 4058 4060
4635 2 2 200 11 2177 2176 2180
4636 2 2 200 11 975 978 4268
4637 2 2 200 11 2659 2010 3975
4638 2 2 200 11 3066 2731 4093
4639 2 2 200 11 1573 1280 3953
4640 2 2 200 11 1997 2235 2709
4641 2 2 200 11 4014 2112 4015
4642 2 2 200 11 4002 4054 4662
4643 2 2 200 11 2142 2708 4070
4644 2 2 200 11 1259 4177 4178
4645 2 2 200 11 3338 2122 3339
4646 2 2 200 11 4066 2700 4067
4647 2 2 200 11 2208 2001 2804
4648 2 2 200 11 1838 1839 1892
4649 2 2 200 11 2669 2666 4076
4650 2 2 200 11 2718 2719 3572
4651 2 2 200 11 446 447 3730
4652 2 2 200 11 1413 1415 1416
4653 2 2 200 11 2396 2394 2397
4654 2 2 200 11 3283 2539 3907
4655 2 2 200 11 1975 1811 1976
4656 2 2 200 11 2691 2693 2694
4657 2 2 200 11 2220 2221 2222
4658 2 2 200 11 987 989 990
4659 2 2 200 11 2863 2167 3918
4660 2 2 200 11 2879 2876 4295
4661 2 2 200 11 1413 1416 4147
4662 2 2 200 11 2111 2447 4072
4663 2 2 200 11 2555 2553 3182
4664 2 2 200 11 1523 3894 4527
4665 2 2 200 11 2880 2879 2881
4666 2 2 200 11 1243 3156 4230
4667 2 2 200 11 2394 2393 4240
4668 2 2 200 11 1260 1262 1493
4669 2 2 200 11 1405 1407 1408
4670 2 2 200 11 1409 1411 1412
4671 2 2 200 11 1121 4102 4171
4672 2 2 200 11 2633 2632 3297
4673 2 2 200 11 1535 1823 1825
4674 2 2 200 11 4077 2665 4078
4675 2 2 200 11 1724 1837 1838
4676 2 2 200 11 4107 3041 4576
4677 2 2 200 11 2716 1763 4263
4678 2 2 200 11 2654 2650 3957
4679 2 2 200 11 1372 1373 1374
4680 2 2 200 11 2616 2615 2617
4681 2 2 200 11 987 990 4069
4682 2 2 200 11 1979 1922 4193
4683 2 2 200 11 1830 1935 1936
4684 2 2 200 11 4003 3823 4266
4685 2 2 200 11 1401 1403 1404
4686 2 2 200 11 4459 2747 4499
4687 2 2 200 11 2683 2685 2686
4688 2 2 200 11 1042 1041 1043
4689 2 2 200 11 983 985 986
4690 2 2 200 11 1819 1817 1820
4691 2 2 200 11 2908 3328 3502
4692 2 2 200 11 1256 1258 1259
4693 2 2 200 11 1989 1763 2716
4694 2 2 200 11 2626 2643 2644
4695 2 2 200 11 1152 1153 1154
4696 2 2 200 11 2218 2095 4625
4697 2 2 200 11 1412 4148 4149
4698 2 2 200 11 1827 2002 2003
4699 2 2 200 11 1366 1367 1368
4700 2 2 200 11 979 981 982
4701 2 2 200 11 2469 3345 3908
4702 2 2 200 11 1825 1826 1827
4703 2 2 200 11 2745 2743 2746
4704 2 2 200 11 3378 2164 3380
4705 2 2 200 11 1397 1399 1400
4706 2 2 200 11 2668 2666 2669
4707 2 2 200 11 4057 3350 4233
4708 2 2 200 11 1546 1729 3044
4709 2 2 200 11 979 982 4279
4710 2 2 200 11 3817 1756 3937
4711 2 2 200 11 1719 1575 1720
4712 2 2 200 11 583 584 3720
4713 2 2 200 11 2664 2662 2665
4714 2 2 200 11 1977 2261 2262
4715 2 2 200 11 1132 1585 4091
4716 2 2 200 11 2914 2544 3919
4717 2 2 200 11 1392 1393 4226
4718 2 2 200 11 2011 2012 2134
4719 2 2 200 11 1364 1365 1366
4720 2 2 200 11 1393 1395 1396
4721 2 2 200 11 2677 2678 2679
4722 2 2 200 11 2900 2901 2902
4723 2 2 200 11 1816 1814 1817
4724 2 2 200 11 1423 1426 3983
4725 2 2 200 11 3042 3063 3064
4726 2 2 200 11 970 971 972
4727 2 2 200 11 4365 3058 4430
4728 2 2 200 11 1928 1925 1951
4729 2 2 200 11 4460 4082 4502
4730 2 2 200 11 2395 2394 2396
4731 2 2 200 11 3365 3364 3741
4732 2 2 200 11 3038 3039 3040
4733 2 2 200 11 1146 1147 1148
4734 2 2 200 11 1936 2185 2186
4735 2 2 200 11 1878 3131 4318
4736 2 2 200 11 2142 2707 2708
4737 2 2 200 11 2092 1910 2166
4738 2 2 200 11 2632 2630 3222
4739 2 2 200 11 2186 2893 2894
4740 2 2 200 11 389 390 740
4741 2 2 200 11 570 571 744
4742 2 2 200 11 559 560 748
4743 2 2 200 11 515 516 742
4744 2 2 200 11 493 494 741
4745 2 2 200 11 526 527 754
4746 2 2 200 11 367 368 751
4747 2 2 200 11 504 505 743
4748 2 2 200 11 581 582 747
4749 2 2 200 11 548 549 757
4750 2 2 200 11 433 434 745
4751 2 2 200 11 537 538 749
4752 2 2 200 11 444 445 753
4753 2 2 200 11 400 401 750
4754 2 2 200 11 422 423 755
4755 2 2 200 11 411 412 756
4756 2 2 200 11 356 357 746
4757 2 2 200 11 378 379 752
4758 2 2 200 11 2387 2182 2388
4759 2 2 200 11 4435 3071 4512
4760 2 2 200 11 997 1000 4055
4761 2 2 200 11 377 378 3692
4762 2 2 200 11 2019 2119 2120
4763 2 2 200 11 536 537 3679
4764 2 2 200 11 1389 1391 1392
4765 2 2 200 11 388 389 3648
4766 2 2 200 11 2629 2630 2631
4767 2 2 200 11 1140 1141 1142
4768 2 2 200 11 558 559 3650
4769 2 2 200 11 2560 2559 4245
4770 2 2 200 11 2658 2010 2659
4771 2 2 200 11 1937 2467 2468
4772 2 2 200 11 2625 2846 3853
4773 2 2 200 11 547 548 3652
4774 2 2 200 11 1470 3812 4550
4775 2 2 200 11 432 433 3677
4776 2 2 200 11 410 411 3667
4777 2 2 200 11 399 400 3687
4778 2 2 200 11 2876 2875 4295
4779 2 2 200 11 3856 1651 4645
4780 2 2 200 11 520 521 843
4781 2 2 200 11 406 407 838
4782 2 2 200 11 531 532 841
4783 2 2 200 11 498 499 837
4784 2 2 200 11 417 418 844
4785 2 2 200 11 428 429 840
4786 2 2 200 11 542 543 839
4787 2 2 200 11 564 565 835
4788 2 2 200 11 395 396 849
4789 2 2 200 11 553 554 836
4790 2 2 200 11 362 363 847
4791 2 2 200 11 439 440 846
4792 2 2 200 11 509 510 842
4793 2 2 200 11 373 374 845
4794 2 2 200 11 575 576 850
4795 2 2 200 11 384 385 848
4796 2 2 200 11 514 515 3653
4797 2 2 200 11 1971 1720 1972
4798 2 2 200 11 2548 2547 2549
4799 2 2 200 11 991 993 4238
4800 2 2 200 11 3953 2470 4298
4801 2 2 200 11 1035 1037 4289
4802 2 2 200 11 1032 1031 1033
4803 2 2 200 11 416 417 3707
4804 2 2 200 11 391 392 3769
4805 2 2 200 11 438 439 3705
4806 2 2 200 11 2563 2560 2564
4807 2 2 200 11 1732 1602 1740
4808 2 2 200 11 427 428 3713
4809 2 2 200 11 405 406 3697
4810 2 2 200 11 975 977 978
4811 2 2 200 11 561 562 3722
4812 2 2 200 11 2262 3413 3822
4813 2 2 200 11 1433 1436 4053
4814 2 2 200 11 488 489 851
4815 2 2 200 11 449 450 852
4816 2 2 200 11 1138 1139 1140
4817 2 2 200 11 3896 3057 4463
4818 2 2 200 11 4148 4260 4675
4819 2 2 200 11 533 534 3727
4820 2 2 200 11 2853 3278 3506
4821 2 2 200 11 2782 2780 4665
4822 2 2 200 11 577 578 3723
4823 2 2 200 11 1751 1583 1752
4824 2 2 200 11 3393 3394 3395
4825 2 2 200 11 1354 1355 1356
4826 2 2 200 11 2068 1840 2725
4827 2 2 200 11 1383 1385 1386
4828 2 2 200 11 2006 1938 4197
4829 2 2 200 11 1775 1774 1915
4830 2 2 200 11 1548 4519 4563
4831 2 2 200 11 1260 1493 4176
4832 2 2 200 11 1983 1884 4296
4833 2 2 200 11 1269 1268 1270
4834 2 2 200 11 3395 3396 3397
4835 2 2 200 11 507 508 698
4836 2 2 200 11 496 497 696
4837 2 2 200 11 518 519 700
4838 2 2 200 11 584 585 712
4839 2 2 200 11 441 442 695
4840 2 2 200 11 430 431 697
4841 2 2 200 11 529 530 702
4842 2 2 200 11 419 420 699
4843 2 2 200 11 397 398 703
4844 2 2 200 11 386 387 705
4845 2 2 200 11 551 552 706
4846 2 2 200 11 408 409 701
4847 2 2 200 11 540 541 704
4848 2 2 200 11 375 376 707
4849 2 2 200 11 573 574 710
4850 2 2 200 11 364 365 709
4851 2 2 200 11 353 354 711
4852 2 2 200 11 562 563 708
4853 2 2 200 11 4120 1392 4518
4854 2 2 200 11 403 404 723
4855 2 2 200 11 545 546 720
4856 2 2 200 11 392 393 721
4857 2 2 200 11 370 371 717
4858 2 2 200 11 567 568 716
4859 2 2 200 11 359 360 715
4860 2 2 200 11 534 535 722
4861 2 2 200 11 381 382 719
4862 2 2 200 11 578 579 714
4863 2 2 200 11 556 557 718
4864 2 2 200 11 523 524 724
4865 2 2 200 11 414 415 725
4866 2 2 200 11 436 437 729
4867 2 2 200 11 512 513 726
4868 2 2 200 11 501 502 728
4869 2 2 200 11 425 426 727
4870 2 2 200 11 490 491 730
4871 2 2 200 11 447 448 731
4872 2 2 200 11 486 487 736
4873 2 2 200 11 451 452 737
4874 2 2 200 11 1003 1006 3961
4875 2 2 200 11 2038 1897 4183
4876 2 2 200 11 1352 1353 1354
4877 2 2 200 11 2556 2555 2557
4878 2 2 200 11 3297 2632 4234
4879 2 2 200 11 2155 2156 2157
4880 2 2 200 11 2147 2057 2148
4881 2 2 200 11 1589 4120 4277
4882 2 2 200 11 1059 1061 4463
4883 2 2 200 11 1701 1938 1940
4884 2 2 200 11 2474 2471 4306
4885 2 2 200 11 2696 2697 4065
4886 2 2 200 11 1379 1381 1382
4887 2 2 200 11 3218 2388 4267
4888 2 2 200 11 1024 1023 1025
4889 2 2 200 11 2631 2632 2633
4890 2 2 200 11 1690 1797 1821
4891 2 2 200 11 1607 4225 4337
4892 2 2 200 11 1346 1347 1348
4893 2 2 200 11 2677 2986 4108
4894 2 2 200 11 1375 1377 1378
4895 2 2 200 11 1152 1580 4046
4896 2 2 200 11 4176 4175 4235
4897 2 2 200 11 1743 1609 2048
4898 2 2 200 11 1933 1752 1934
4899 2 2 200 11 1132 1133 1134
4900 2 2 200 11 2463 1812 2464
4901 2 2 200 11 1454 1453 1455
4902 2 2 200 11 1970 1740 2044
4903 2 2 200 11 3353 3031 3354
4904 2 2 200 11 2546 2545 2547
4905 2 2 200 11 963 966 4286
4906 2 2 200 11 2212 2044 2445
4907 2 2 200 11 3782 3284 3783
4908 2 2 200 11 1768 1836 4229
4909 2 2 200 11 1565 1567 4455
4910 2 2 200 11 2180 3940 4251
4911 2 2 200 11 2922 2445 2923
4912 2 2 200 11 3876 2633 4261
4913 2 2 200 11 1372 1578 4040
4914 2 2 200 11 1123 1124 1128
4915 2 2 200 11 3220 2457 3903
4916 2 2 200 11 1743 2049 4224
4917 2 2 200 11 2874 2873 2875
4918 2 2 200 11 1940 2006 2007
4919 2 2 200 11 3183 2923 3372
4920 2 2 200 11 2525 4024 4026
4921 2 2 200 11 1344 1345 1346
4922 2 2 200 11 2461 1818 2462
4923 2 2 200 11 1155 1157 1158
4924 2 2 200 11 2766 2725 4456
4925 2 2 200 11 1768 1613 1777
4926 2 2 200 11 853 3361 5362
4927 2 2 200 11 2943 2111 4072
4928 2 2 200 11 2098 1797 4194
4929 2 2 200 11 1018 1017 1019
4930 2 2 200 11 2928 2163 2929
4931 2 2 200 11 1121 1122 1123
4932 2 2 200 11 1015 1018 3946
4933 2 2 200 11 3905 3904 3906
4934 2 2 200 11 920 1670 4774
4935 2 2 200 11 2872 2871 2873
4936 2 2 200 11 3234 2460 3910
4937 2 2 200 11 1934 2181 4057
4938 2 2 200 11 2099 3207 3789
4939 2 2 200 11 1369 1371 1372
4940 2 2 200 11 2761 2760 3159
4941 2 2 200 11 944 946 1597
4942 2 2 200 11 2181 2059 2182
4943 2 2 200 11 1821 2098 2099
4944 2 2 200 11 1338 1339 1340
4945 2 2 200 11 2870 2869 2871
4946 2 2 200 11 1021 1024 3945
4947 2 2 200 11 1695 1897 1898
4948 2 2 200 11 1243 1647 3156
4949 2 2 200 11 2673 3758 4241
4950 2 2 200 11 1149 1151 1152
4951 2 2 200 11 2049 2048 3030
4952 2 2 200 11 1965 1731 2046
4953 2 2 200 11 1012 1011 1013
4954 2 2 200 11 1446 1445 1447
4955 2 2 200 11 1890 4333 4335
4956 2 2 200 11 1650 4579 4605
4957 2 2 200 11 2732 2731 2760
4958 2 2 200 11 2071 1865 3120
4959 2 2 200 11 3383 2842 3819
4960 2 2 200 11 2558 2557 2559
4961 2 2 200 11 1461 1459 1462
4962 2 2 200 11 1617 1615 2641
4963 2 2 200 11 1113 1114 1117
4964 2 2 200 11 4198 1586 4252
4965 2 2 200 11 1336 1337 1338
4966 2 2 200 11 4026 4024 4027
4967 2 2 200 11 2730 2729 2731
4968 2 2 200 11 1111 1112 1113
4969 2 2 200 11 1836 1777 2045
4970 2 2 200 11 1143 1145 1146
4971 2 2 200 11 2465 1804 2466
4972 2 2 200 11 1386 1581 4085
4973 2 2 200 11 3797 2967 3798
4974 2 2 200 11 1361 1363 1364
4975 2 2 200 11 4367 3059 4418
4976 2 2 200 11 2558 2559 2560
4977 2 2 200 11 1442 1441 1443
4978 2 2 200 11 2135 2676 2677
4979 2 2 200 11 2556 2557 2558
4980 2 2 200 11 2111 2045 2447
4981 2 2 200 11 2552 2550 2553
4982 2 2 200 11 967 969 970
4983 2 2 200 11 1109 1110 1111
4984 2 2 200 11 2570 2474 4306
4985 2 2 200 11 1049 1051 4307
4986 2 2 200 11 1107 1108 1109
4987 2 2 200 11 1357 1359 1360
4988 2 2 200 11 1330 1331 1332
4989 2 2 200 11 2728 2727 2729
4990 2 2 200 11 4208 1138 4299
4991 2 2 200 11 2120 3056 3984
4992 2 2 200 11 3415 2936 3818
4993 2 2 200 11 2868 2867 2869
4994 2 2 200 11 1992 1748 2047
4995 2 2 200 11 2105 2106 2780
4996 2 2 200 11 970 1586 4198
4997 2 2 200 11 1006 1005 1007
4998 2 2 200 11 1588 1770 1771
4999 2 2 200 11 1105 1106 1107
5000 2 2 200 11 2559 3364 3365
5001 2 2 200 11 3816 3815 3904
5002 2 2 200 11 3072 4453 4510
5003 2 2 200 11 1933 4058 4059
5004 2 2 200 11 1898 2038 2043
5005 2 2 200 11 2878 2876 2879
5006 2 2 200 11 2180 3411 3940
5007 2 2 200 11 1135 1137 1138
5008 2 2 200 11 2043 2835 3025
5009 2 2 200 11 1436 1435 1437
5010 2 2 200 11 962 963 4286
5011 2 2 200 11 3025 3357 3891
5012 2 2 200 11 1622 1620 2642
5013 2 2 200 11 1328 1329 1330
5014 2 2 200 11 1116 1075 4169
5015 2 2 200 11 2559 2557 3364
5016 2 2 200 11 1326 1327 1328
5017 2 2 200 11 1490 1296 4155
5018 2 2 200 11 2553 2550 4185
5019 2 2 200 11 2185 1935 4035
5020 2 2 200 11 4333 4334 4335
5021 2 2 200 11 2530 2531 2977
5022 2 2 200 11 3979 2696 4065
5023 2 2 200 11 1235 1604 4503
5024 2 2 200 11 1324 1325 1326
5025 2 2 200 11 1103 1104 1105
5026 2 2 200 11 3946 3053 4236
5027 2 2 200 11 2606 2579 4189
5028 2 2 200 11 1795 1965 4271
5029 2 2 200 11 1349 1351 1352
5030 2 2 200 11 1952 2886 2887
5031 2 2 200 11 2686 3036 4051
5032 2 2 200 11 2554 2553 2555
5033 2 2 200 11 1322 1323 1324
5034 2 2 200 11 963 965 966
5035 2 2 200 11 3329 2659 3975
5036 2 2 200 11 1101 1102 1103
5037 2 2 200 11 1549 4126 4781
5038 2 2 200 11 2528 2529 2530
5039 2 2 200 11 3625 3624 3626
5040 2 2 200 11 1771 2026 2027
5041 2 2 200 11 1432 1431 1433
5042 2 2 200 11 2708 3138 4070
5043 2 2 200 11 1320 1321 1322
5044 2 2 200 11 1000 999 1001
5045 2 2 200 11 1099 1100 1101
5046 2 2 200 11 2526 2527 2528
5047 2 2 200 11 1129 1131 1132
5048 2 2 200 11 4618 982 4623
5049 2 2 200 11 2521 2522 2526
5050 2 2 200 11 1045 1047 4479
5051 2 2 200 11 3255 1979 4193
5052 2 2 200 11 403 723 4935
5053 2 2 200 11 4472 1945 4513
5054 2 2 200 11 2570 4081 4460
5055 2 2 200 11 1097 1098 1099
5056 2 2 200 11 2519 2520 2521
5057 2 2 200 11 1318 1319 1320
5058 2 2 200 11 1388 1389 4120
5059 2 2 200 11 3921 1007 4242
5060 2 2 200 11 3441 2669 4076
5061 2 2 200 11 2027 2176 2177
5062 2 2 200 11 2694 3029 4034
5063 2 2 200 11 4281 4278 4620
5064 2 2 200 11 1426 1425 1427
5065 2 2 200 11 2603 2604 2910
5066 2 2 200 11 996 995 997
5067 2 2 200 11 2673 3442 3758
5068 2 2 200 11 1095 1096 1097
5069 2 2 200 11 4092 1807 4389
5070 2 2 200 11 4157 4152 4561
5071 2 2 200 11 2517 2518 2519
5072 2 2 200 11 3113 3114 3115
5073 2 2 200 11 1316 1317 1318
5074 2 2 200 11 1341 1343 1344
5075 2 2 200 11 1093 1094 1095
5076 2 2 200 11 1810 1975 3951
5077 2 2 200 11 1235 1508 1604
5078 2 2 200 11 2601 2602 2603
5079 2 2 200 11 3111 3112 3113
5080 2 2 200 11 1816 1819 3996
5081 2 2 200 11 1314 1315 1316
5082 2 2 200 11 2515 2516 2517
5083 2 2 200 11 2599 2600 2601
5084 2 2 200 11 1143 1146 4284
5085 2 2 200 11 1420 1419 1421
5086 2 2 200 11 1091 1092 1093
5087 2 2 200 11 4147 4146 4260
5088 2 2 200 11 2597 2598 2599
5089 2 2 200 11 4502 4082 4561
5090 2 2 200 11 3308 3018 3309
5091 2 2 200 11 1259 1258 1260
5092 2 2 200 11 1118 1120 1121
5093 2 2 200 11 1272 1274 4478
5094 2 2 200 11 2829 2828 2834
5095 2 2 200 11 2559 3365 4245
5096 2 2 200 11 1312 1313 1314
5097 2 2 200 11 3833 2459 4049
5098 2 2 200 11 2696 2695 2697
5099 2 2 200 11 4172 4614 4632
5100 2 2 200 11 2513 2514 2515
5101 2 2 200 11 2177 2180 4251
5102 2 2 200 11 1416 4146 4147
5103 2 2 200 11 2813 2703 2827
5104 2 2 200 11 2595 2596 2597
5105 2 2 200 11 1698 1922 1923
5106 2 2 200 11 1089 1090 1091
5107 2 2 200 11 1310 1311 1312
5108 2 2 200 11 1333 1335 1336
5109 2 2 200 11 1597 1598 1696
5110 2 2 200 11 2719 2479 4196
5111 2 2 200 11 3147 2714 3163
5112 2 2 200 11 2055 2616 4045
5113 2 2 200 11 2511 2512 2513
5114 2 2 200 11 3109 3110 3111
5115 2 2 200 11 2700 2699 2701
5116 2 2 200 11 1087 1088 1089
5117 2 2 200 11 2509 2510 2511
5118 2 2 200 11 1308 1309 1310
5119 2 2 200 11 990 989 991
5120 2 2 200 11 959 961 962
5121 2 2 200 11 2824 2823 2828
5122 2 2 200 11 2507 2508 2509
5123 2 2 200 11 1582 2627 4258
5124 2 2 200 11 2886 3285 4322
5125 2 2 200 11 990 1621 4069
5126 2 2 200 11 2392 2393 2394
5127 2 2 200 11 3182 2553 4185
5128 2 2 200 11 1085 1086 1087
5129 2 2 200 11 3052 2156 3962
5130 2 2 200 11 2125 2991 4247
5131 2 2 200 11 3914 3037 4520
5132 2 2 200 11 3107 3108 3109
5133 2 2 200 11 2593 2594 2595
5134 2 2 200 11 2399 2397 3048
5135 2 2 200 11 1416 1415 1417
5136 2 2 200 11 1493 4175 4176
5137 2 2 200 11 2388 2390 4267
5138 2 2 200 11 1306 1307 1308
5139 2 2 200 11 2505 2506 2507
5140 2 2 200 11 1349 1352 4282
5141 2 2 200 11 966 4198 4471
5142 2 2 200 11 3105 3106 3107
5143 2 2 200 11 2015 1721 2016
5144 2 2 200 11 1589 1388 4120
5145 2 2 200 11 1618 1795 1828
5146 2 2 200 11 2670 2673 4241
5147 2 2 200 11 1083 1084 1085
5148 2 2 200 11 4761 3135 4768
5149 2 2 200 11 2591 2592 2593
5150 2 2 200 11 1250 1509 4292
5151 2 2 200 11 3103 3104 3105
5152 2 2 200 11 2851 3384 3917
5153 2 2 200 11 2822 2821 2823
5154 2 2 200 11 1412 1411 1413
5155 2 2 200 11 2688 2687 2689
5156 2 2 200 11 1374 1375 4158
5157 2 2 200 11 2100 1962 2727
5158 2 2 200 11 1304 1305 1306
5159 2 2 200 11 1749 1714 1750
5160 2 2 200 11 2713 2712 2714
5161 2 2 200 11 2589 2590 2591
5162 2 2 200 11 2503 2504 2505
5163 2 2 200 11 1081 1082 1083
5164 2 2 200 11 1720 1575 4324
5165 2 2 200 11 2694 2693 2695
5166 2 2 200 11 1426 1616 3983
5167 2 2 200 11 3958 2649 3959
5168 2 2 200 11 1408 1407 1409
5169 2 2 200 11 3101 3102 3103
5170 2 2 200 11 2647 2646 2648
5171 2 2 200 11 2819 2818 2821
5172 2 2 200 11 4028 4027 4029
5173 2 2 200 11 2554 2555 2556
5174 2 2 200 11 2651 2650 2652
5175 2 2 200 11 2709 2235 2710
5176 2 2 200 11 986 985 987
5177 2 2 200 11 2587 2588 2589
5178 2 2 200 11 1458 2723 4273
5179 2 2 200 11 2565 2563 3820
5180 2 2 200 11 1302 1303 1304
5181 2 2 200 11 2817 2816 2818
5182 2 2 200 11 1614 1769 2458
5183 2 2 200 11 1079 1080 1081
5184 2 2 200 11 3879 3877 3880
5185 2 2 200 11 2585 2586 2587
5186 2 2 200 11 2173 1893 2174
5187 2 2 200 11 2501 2502 2503
5188 2 2 200 11 959 962 4305
5189 2 2 200 11 2459 2962 4049
5190 2 2 200 11 2739 2741 2742
5191 2 2 200 11 1923 1979 1980
5192 2 2 200 11 1300 1301 1302
5193 2 2 200 11 2866 1955 2867
5194 2 2 200 11 2583 2584 2585
5195 2 2 200 11 2815 2814 2816
5196 2 2 200 11 1077 1078 1079
5197 2 2 200 11 3099 3100 3101
5198 2 2 200 11 2680 2121 2681
5199 2 2 200 11 1000 1612 4055
5200 2 2 200 11 2660 2661 2662
5201 2 2 200 11 1250 1252 1509
5202 2 2 200 11 2499 2500 2501
5203 2 2 200 11 1980 2311 3020
5204 2 2 200 11 1624 3077 4317
5205 2 2 200 11 4247 2991 4248
5206 2 2 200 11 1724 1587 1837
5207 2 2 200 11 3258 2038 4183
5208 2 2 200 11 1610 1744 2455
5209 2 2 200 11 2725 1840 4325
5210 2 2 200 11 1404 1403 1405
5211 2 2 200 11 1249 1250 4292
5212 2 2 200 11 2668 2669 2670
5213 2 2 200 11 1298 1299 1300
5214 2 2 200 11 2810 2809 2814
5215 2 2 200 11 2581 2582 2583
5216 2 2 200 11 2497 2498 2499
5217 2 2 200 11 4079 3065 4680
5218 2 2 200 11 3277 2006 4197
5219 2 2 200 11 2022 1715 2023
5220 2 2 200 11 4550 3814 4637
5221 2 2 200 11 3097 3098 3099
5222 2 2 200 11 1075 1076 1077
5223 2 2 200 11 2495 2496 2497
5224 2 2 200 11 2139 2102 2140
5225 2 2 200 11 1892 1839 1893
5226 2 2 200 11 2686 2685 2687
5227 2 2 200 11 982 981 983
5228 2 2 200 11 1591 1374 4158
5229 2 2 200 11 1400 1399 1401
5230 2 2 200 11 2664 2665 2666
5231 2 2 200 11 2101 2016 2102
5232 2 2 200 11 1436 1608 4053
5233 2 2 200 11 1296 1297 1298
5234 2 2 200 11 2579 2580 2581
5235 2 2 200 11 1244 1246 4342
5236 2 2 200 11 1361 1364 4303
5237 2 2 200 11 3095 3096 3097
5238 2 2 200 11 2808 2807 2809
5239 2 2 200 11 2573 2574 2575
5240 2 2 200 11 1073 1074 1075
5241 2 2 200 11 1294 1295 1296
5242 2 2 200 11 1918 2009 2010
5243 2 2 200 11 2493 2494 2495
5244 2 2 200 11 2708 2707 3017
5245 2 2 200 11 978 977 979
5246 2 2 200 11 1836 2942 4229
5247 2 2 200 11 1396 1395 1397
5248 2 2 200 11 2634 2633 3876
5249 2 2 200 11 3058 4365 4479
5250 2 2 200 11 3093 3094 3095
5251 2 2 200 11 1006 3922 3961
5252 2 2 200 11 1828 1917 1918
5253 2 2 200 11 4046 1580 4331
5254 2 2 200 11 2797 2796 2798
5255 2 2 200 11 1071 1072 1073
5256 2 2 200 11 2548 2549 2550
5257 2 2 200 11 3091 3092 3093
5258 2 2 200 11 2049 3032 4224
5259 2 2 200 11 1292 1293 1294
5260 2 2 200 11 2477 2570 2571
5261 2 2 200 11 2125 2990 2991
5262 2 2 200 11 2577 2578 2579
5263 2 2 200 11 4226 1396 4281
5264 2 2 200 11 1388 1387 1389
5265 2 2 200 11 2806 2805 2807
5266 2 2 200 11 2491 2492 2493
5267 2 2 200 11 1069 1070 1071
5268 2 2 200 11 2483 2484 2485
5269 2 2 200 11 1601 1603 2621
5270 2 2 200 11 1997 2709 4435
5271 2 2 200 11 3089 3090 3091
5272 2 2 200 11 2458 2459 3833
5273 2 2 200 11 2575 2576 2577
5274 2 2 200 11 2278 2277 2279
5275 2 2 200 11 1582 1584 2627
5276 2 2 200 11 1392 1391 1393
5277 2 2 200 11 1286 1287 1288
5278 2 2 200 11 2120 2119 2121
5279 2 2 200 11 2801 2800 2805
5280 2 2 200 11 2658 2659 2660
5281 2 2 200 11 1067 1068 1069
5282 2 2 200 11 3208 2098 4194
5283 2 2 200 11 2489 2490 2491
5284 2 2 200 11 3164 4698 4724
5285 2 2 200 11 2799 2798 2800
5286 2 2 200 11 1290 1291 1292
5287 2 2 200 11 972 971 973
5288 2 2 200 11 4040 1578 4332
5289 2 2 200 11 1838 1837 1839
5290 2 2 200 11 2546 2547 2548
5291 2 2 200 11 2561 2560 2563
5292 2 2 200 11 1288 1289 1290
5293 2 2 200 11 1699 1571 1716
5294 2 2 200 11 1065 1066 1067
5295 2 2 200 11 3062 4497 4536
5296 2 2 200 11 3087 3088 3089
5297 2 2 200 11 2487 2488 2489
5298 2 2 200 11 1333 1336 4293
5299 2 2 200 11 2485 2486 2487
5300 2 2 200 11 1806 2050 2051
5301 2 2 200 11 2455 2456 3832
5302 2 2 200 11 1063 1064 1065
5303 2 2 200 11 4125 1799 4403
5304 2 2 200 11 1701 1940 4331
5305 2 2 200 11 2028 2023 3802
5306 2 2 200 11 2626 2624 2643
5307 2 2 200 11 1057 1058 1059
5308 2 2 200 11 3085 3086 3087
5309 2 2 200 11 1841 3078 4323
5310 2 2 200 11 958 959 4305
5311 2 2 200 11 1890 1891 4333
5312 2 2 200 11 1386 1385 1387
5313 2 2 200 11 4411 3060 4436
5314 2 2 200 11 1356 1357 4207
5315 2 2 200 11 2851 3917 4271
5316 2 2 200 11 1018 3053 3946
5317 2 2 200 11 2181 3350 4057
5318 2 2 200 11 2011 1730 2012
5319 2 2 200 11 1061 1062 1063
5320 2 2 200 11 1576 1756 3817
5321 2 2 200 11 1829 4208 4288
5322 2 2 200 11 3083 3084 3085
5323 2 2 200 11 978 979 4279
5324 2 2 200 11 1690 1821 4332
5325 2 2 200 11 2051 2480 2481
5326 2 2 200 11 1594 1356 4207
5327 2 2 200 11 2244 2232 2245
5328 2 2 200 11 3983 1616 4276
5329 2 2 200 11 2068 2725 2766
5330 2 2 200 11 2974 2639 2975
5331 2 2 200 11 3901 3058 4479
5332 2 2 200 11 1059 1060 1061
5333 2 2 200 11 2462 2546 4265
5334 2 2 200 11 3119 4501 4554
5335 2 2 200 11 2231 2230 2232
5336 2 2 200 11 1246 1248 1249
5337 2 2 200 11 2048 1609 4337
5338 2 2 200 11 1282 1283 1284
5339 2 2 200 11 1024 1574 3945
5340 2 2 200 11 1374 1373 1375
5341 2 2 200 11 2638 2637 2639
5342 2 2 200 11 1037 4092 4289
5343 2 2 200 11 2653 2652 2830
5344 2 2 200 11 1382 1381 1383
5345 2 2 200 11 2229 2228 2230
5346 2 2 200 11 2617 2619 2620
5347 2 2 200 11 4248 2991 4249
5348 2 2 200 11 2223 2222 2224
5349 2 2 200 11 2478 2204 2479
5350 2 2 200 11 1007 1009 4242
5351 2 2 200 11 1937 1831 2467
5352 2 2 200 11 1824 1822 3886
5353 2 2 200 11 1829 1134 4208
5354 2 2 200 11 1378 1377 1379
5355 2 2 200 11 2462 2545 2546
5356 2 2 200 11 1053 1054 1055
5357 2 2 200 11 1165 1168 4544
5358 2 2 200 11 1280 1281 1282
5359 2 2 200 11 2552 2553 2554
5360 2 2 200 11 2227 2226 2228
5361 2 2 200 11 1154 1153 1155
5362 2 2 200 11 2636 2265 2637
5363 2 2 200 11 2056 1720 4324
5364 2 2 200 11 1849 1847 4301
5365 2 2 200 11 1618 1828 4276
5366 2 2 200 11 2717 2479 2718
5367 2 2 200 11 1815 1818 2461
5368 2 2 200 11 2225 2224 2226
5369 2 2 200 11 1134 1135 4208
5370 2 2 200 11 4291 3029 4771
5371 2 2 200 11 1820 2054 2055
5372 2 2 200 11 1051 1052 1053
5373 2 2 200 11 2565 3820 3821
5374 2 2 200 11 3319 2185 4035
5375 2 2 200 11 2264 2065 2265
5376 2 2 200 11 1278 1279 1280
5377 2 2 200 11 4085 1581 4344
5378 2 2 200 11 3393 2184 3394
5379 2 2 200 11 1976 2052 2053
5380 2 2 200 11 1158 1157 1159
5381 2 2 200 11 1368 1367 1369
5382 2 2 200 11 3051 4489 4519
5383 2 2 200 11 973 975 4268
5384 2 2 200 11 2928 2929 2930
5385 2 2 200 11 2179 2177 4251
5386 2 2 200 11 1043 1044 1045
5387 2 2 200 11 3335 4203 4204
5388 2 2 200 11 2055 2614 2615
5389 2 2 200 11 1366 1365 1367
5390 2 2 200 11 3850 3064 3851
5391 2 2 200 11 1049 1050 1051
5392 2 2 200 11 1372 1371 1373
5393 2 2 200 11 2064 2063 2065
5394 2 2 200 11 1449 1451 4496
5395 2 2 200 11 970 969 971
5396 2 2 200 11 1276 1277 1278
5397 2 2 200 11 2880 2881 2882
5398 2 2 200 11 1148 1147 1149
5399 2 2 200 11 1162 1164 1568
5400 2 2 200 11 3900 4590 4606
5401 2 2 200 11 1047 1048 1049
5402 2 2 200 11 2903 2902 2904
5403 2 2 200 11 2062 2061 2063
5404 2 2 200 11 2540 3284 3782
5405 2 2 200 11 2754 1849 4301
5406 2 2 200 11 1045 1046 1047
5407 2 2 200 11 1213 1214 1215
5408 2 2 200 11 2219 2218 2220
5409 2 2 200 11 1695 1898 4344
5410 2 2 200 11 1152 1151 1153
5411 2 2 200 11 1809 1812 2463
5412 2 2 200 11 3914 1340 4219
5413 2 2 200 11 2907 2906 2908
5414 2 2 200 11 2134 2012 2135
5415 2 2 200 11 1142 1141 1143
5416 2 2 200 11 2217 2095 2218
5417 2 2 200 11 3999 2640 4000
5418 2 2 200 11 3041 3040 3042
5419 2 2 200 11 3037 2003 3038
5420 2 2 200 11 4172 2899 4614
5421 2 2 200 11 2060 1983 2061
5422 2 2 200 11 1965 2851 4271
5423 2 2 200 11 955 957 958
5424 2 2 200 11 4316 4168 4580
5425 2 2 200 11 1270 1271 1272
5426 2 2 200 11 2905 2904 2906
5427 2 2 200 11 1364 1363 1365
5428 2 2 200 11 1624 1761 3077
5429 2 2 200 11 2677 2676 2678
5430 2 2 200 11 3075 4472 4513
5431 2 2 200 11 1274 1275 1276
5432 2 2 200 11 1597 946 1598
5433 2 2 200 11 2122 1976 4231
5434 2 2 200 11 1140 1139 1141
5435 2 2 200 11 1039 1040 1041
5436 2 2 200 11 1356 1355 1357
5437 2 2 200 11 3370 3407 3408
5438 2 2 200 11 1819 2246 3996
5439 2 2 200 11 2094 2089 2095
5440 2 2 200 11 1340 1341 4219
5441 2 2 200 11 1146 1145 1147
5442 2 2 200 11 1975 2266 3951
5443 2 2 200 11 1834 1832 3047
5444 2 2 200 11 2461 2462 4265
5445 2 2 200 11 3968 1127 3969
5446 2 2 200 11 2895 2894 2896
5447 2 2 200 11 1033 1034 1035
5448 2 2 200 11 1616 1618 4276
5449 2 2 200 11 3079 3081 3083
5450 2 2 200 11 4104 1983 4296
5451 2 2 200 11 2148 2149 2150
5452 2 2 200 11 2628 2179 2629
5453 2 2 200 11 2899 2898 2900
5454 2 2 200 11 1272 1273 1274
5455 2 2 200 11 1360 1359 1361
5456 2 2 200 11 3395 3394 3396
5457 2 2 200 11 2897 2896 2898
5458 2 2 200 11 1354 1353 1355
5459 2 2 200 11 3623 3624 3625
5460 2 2 200 11 966 965 967
5461 2 2 200 11 1037 1038 1039
5462 2 2 200 11 1841 1843 3078
5463 2 2 200 11 3059 4367 4478
5464 2 2 200 11 4182 2556 4451
5465 2 2 200 11 3368 3369 3370
5466 2 2 200 11 1138 1137 1139
5467 2 2 200 11 944 1597 4439
5468 2 2 200 11 2542 2967 3797
5469 2 2 200 11 1972 2056 2057
5470 2 2 200 11 2388 2389 2390
5471 2 2 200 11 2878 2879 2880
5472 2 2 200 11 1134 1133 1135
5473 2 2 200 11 1035 1036 1037
5474 2 2 200 11 3760 2719 4196
5475 2 2 200 11 1057 1059 4345
5476 2 2 200 11 4285 4297 4325
5477 2 2 200 11 1125 4165 4166
5478 2 2 200 11 1348 1347 1349
5479 2 2 200 11 4034 3029 4291
5480 2 2 200 11 1167 1166 3834
5481 2 2 200 11 1801 1804 2465
5482 2 2 200 11 1926 2125 4247
5483 2 2 200 11 1940 3045 4331
5484 2 2 200 11 1346 1345 1347
5485 2 2 200 11 2616 3231 4045
5486 2 2 200 11 1025 1026 1027
5487 2 2 200 11 1352 1351 1353
5488 2 2 200 11 2472 2475 2655
5489 2 2 200 11 1128 1124 1129
5490 2 2 200 11 1029 1030 1031
5491 2 2 200 11 3263 2935 3264
5492 2 2 200 11 1455 1456 1457
5493 2 2 200 11 1123 1122 1124
5494 2 2 200 11 2631 2633 2634
5495 2 2 200 11 1880 1878 4318
5496 2 2 200 11 2463 2464 3775
5497 2 2 200 11 1027 1028 1029
5498 2 2 200 11 1826 1823 4381
5499 2 2 200 11 1132 1131 1133
5500 2 2 200 11 2390 2391 2392
5501 2 2 200 11 1821 3046 4332
5502 2 2 200 11 2558 2560 2561
5503 2 2 200 11 3909 3059 4478
5504 2 2 200 11 4335 4334 4336
5505 2 2 200 11 1457 1458 1459
5506 2 2 200 11 1340 1339 1341
5507 2 2 200 11 1019 1020 1021
5508 2 2 200 11 3852 2048 4337
5509 2 2 200 11 1934 2058 2059
5510 2 2 200 11 1348 1349 4282
5511 2 2 200 11 1142 1143 4284
5512 2 2 200 11 1266 1267 1268
5513 2 2 200 11 2757 2756 4327
5514 2 2 200 11 1338 1337 1339
5515 2 2 200 11 1982 1884 1983
5516 2 2 200 11 4327 2756 4597
5517 2 2 200 11 3045 2007 3837
5518 2 2 200 11 1344 1343 1345
5519 2 2 200 11 1956 1773 2787
5520 2 2 200 11 962 961 963
5521 2 2 200 11 1447 1448 1449
5522 2 2 200 11 1021 1022 1023
5523 2 2 200 11 1882 1871 3134
5524 2 2 200 11 1117 1114 1118
5525 2 2 200 11 1013 1014 1015
5526 2 2 200 11 2672 2670 4241
5527 2 2 200 11 1113 1112 1114
5528 2 2 200 11 2732 2760 2761
5529 2 2 200 11 1121 1120 1122
5530 2 2 200 11 1696 1697 1925
5531 2 2 200 11 2874 2875 2876
5532 2 2 200 11 2088 1880 2089
5533 2 2 200 11 1451 1452 1453
5534 2 2 200 11 1326 1328 4450
5535 2 2 200 11 2755 2754 2756
5536 2 2 200 11 1111 1110 1112
5537 2 2 200 11 1878 1864 3131
5538 2 2 200 11 972 973 4351
5539 2 2 200 11 1332 1331 1333
5540 2 2 200 11 1449 1450 1451
5541 2 2 200 11 2194 2032 2837
5542 2 2 200 11 2730 2731 2732
5543 2 2 200 11 1264 1265 1266
5544 2 2 200 11 1109 1108 1110
5545 2 2 200 11 2178 2177 2179
5546 2 2 200 11 1015 1016 1017
5547 2 2 200 11 1443 1444 1445
5548 2 2 200 11 2465 2466 3787
5549 2 2 200 11 951 953 954
5550 2 2 200 11 3122 3124 3126
5551 2 2 200 11 2872 2873 2874
5552 2 2 200 11 1336 1335 1337
5553 2 2 200 11 2728 2729 2730
5554 2 2 200 11 1107 1106 1108
5555 2 2 200 11 1330 1329 1331
5556 2 2 200 11 938 940 1657
5557 2 2 200 11 2870 2871 2872
5558 2 2 200 11 2977 2531 3579
5559 2 2 200 11 3030 3852 3927
5560 2 2 200 11 2613 1592 4016
5561 2 2 200 11 1860 1858 3130
5562 2 2 200 11 4273 4254 4474
5563 2 2 200 11 4069 1621 4350
5564 2 2 200 11 2447 2448 3815
5565 2 2 200 11 4252 4395 4471
5566 2 2 200 11 4491 1533 4537
5567 2 2 200 11 2868 2869 2870
5568 2 2 200 11 1007 1008 1009
5569 2 2 200 11 3775 2464 4287
5570 2 2 200 11 2471 1595 4306
5571 2 2 200 11 1105 1104 1106
5572 2 2 200 11 4162 1116 4169
5573 2 2 200 11 1891 2171 4333
5574 2 2 200 11 1328 1327 1329
5575 2 2 200 11 1844 1846 3121
5576 2 2 200 11 4216 2641 4308
5577 2 2 200 11 2781 2780 2782
5578 2 2 200 11 1855 1853 3129
5579 2 2 200 11 4154 1490 4155
5580 2 2 200 11 2530 2529 2531
5581 2 2 200 11 1326 1325 1327
5582 2 2 200 11 3956 2654 3957
5583 2 2 200 11 1437 1438 1439
5584 2 2 200 11 2990 3024 3270
5585 2 2 200 11 1051 4125 4307
5586 2 2 200 11 2634 3876 3877
5587 2 2 200 11 4188 2606 4189
5588 2 2 200 11 1324 1323 1325
5589 2 2 200 11 1698 1923 4350
5590 2 2 200 11 1009 1010 1011
5591 2 2 200 11 1103 1102 1104
5592 2 2 200 11 1898 2635 4344
5593 2 2 200 11 2100 2727 2728
5594 2 2 200 11 2528 2527 2529
5595 2 2 200 11 1001 1002 1003
5596 2 2 200 11 4149 4148 4304
5597 2 2 200 11 1322 1321 1323
5598 2 2 200 11 2526 2522 2527
5599 2 2 200 11 1101 1100 1102
5600 2 2 200 11 1433 1434 1435
5601 2 2 200 11 2783 2782 3164
5602 2 2 200 11 1378 1379 4485
5603 2 2 200 11 1439 1440 1441
5604 2 2 200 11 2521 2520 2522
5605 2 2 200 11 1916 1915 2211
5606 2 2 200 11 2784 2757 4327
5607 2 2 200 11 1099 1098 1100
5608 2 2 200 11 1320 1319 1321
5609 2 2 200 11 951 954 4302
5610 2 2 200 11 2136 3367 3368
5611 2 2 200 11 2910 2604 3747
5612 2 2 200 11 2759 2757 2784
5613 2 2 200 11 1043 1045 4365
5614 2 2 200 11 4279 982 4618
5615 2 2 200 11 2519 2518 2520
5616 2 2 200 11 2603 2602 2604
5617 2 2 200 11 1332 1333 4293
5618 2 2 200 11 2104 1906 2105
5619 2 2 200 11 1003 1004 1005
5620 2 2 200 11 1097 1096 1098
5621 2 2 200 11 1659 1661 4575
5622 2 2 200 11 1613 1611 4257
5623 2 2 200 11 1318 1317 1319
5624 2 2 200 11 2742 4253 4254
5625 2 2 200 11 1427 1428 1429
5626 2 2 200 11 1270 1272 4367
5627 2 2 200 11 1707 1946 2786
5628 2 2 200 11 2866 2867 2868
5629 2 2 200 11 2517 2516 2518
5630 2 2 200 11 1095 1094 1096
5631 2 2 200 11 1772 1637 1773
5632 2 2 200 11 997 998 999
5633 2 2 200 11 2601 2600 2602
5634 2 2 200 11 4010 2613 4011
5635 2 2 200 11 1620 991 4238
5636 2 2 200 11 1262 1263 1264
5637 2 2 200 11 1905 1904 1906
5638 2 2 200 11 3113 3112 3114
5639 2 2 200 11 1316 1315 1317
5640 2 2 200 11 1969 2320 2321
5641 2 2 200 11 2599 2598 2600
5642 2 2 200 11 1093 1092 1094
5643 2 2 200 11 2515 2514 2516
5644 2 2 200 11 1851 1849 2754
5645 2 2 200 11 1314 1313 1315
5646 2 2 200 11 2597 2596 2598
5647 2 2 200 11 4055 1612 4362
5648 2 2 200 11 4395 3061 4471
5649 2 2 200 11 2561 2563 2565
5650 2 2 200 11 2573 2571 2574
5651 2 2 200 11 2513 2512 2514
5652 2 2 200 11 1429 1430 1431
5653 2 2 200 11 1312 1311 1313
5654 2 2 200 11 3111 3110 3112
5655 2 2 200 11 1837 1587 4351
5656 2 2 200 11 1091 1090 1092
5657 2 2 200 11 2551 2550 2552
5658 2 2 200 11 1260 1261 1262
5659 2 2 200 11 3787 2466 4294
5660 2 2 200 11 2829 2834 2841
5661 2 2 200 11 1421 1422 1423
5662 2 2 200 11 1615 1427 4308
5663 2 2 200 11 2392 2391 2393
5664 2 2 200 11 2511 2510 2512
5665 2 2 200 11 2477 2474 2570
5666 2 2 200 11 2595 2594 2596
5667 2 2 200 11 1089 1088 1090
5668 2 2 200 11 1310 1309 1311
5669 2 2 200 11 4026 4027 4028
5670 2 2 200 11 2509 2508 2510
5671 2 2 200 11 1696 1598 1697
5672 2 2 200 11 1614 2458 4362
5673 2 2 200 11 1967 1968 1969
5674 2 2 200 11 991 992 993
5675 2 2 200 11 1087 1086 1088
5676 2 2 200 11 2171 2916 3298
5677 2 2 200 11 2125 2126 2990
5678 2 2 200 11 3132 2066 3133
5679 2 2 200 11 2483 2481 2484
5680 2 2 200 11 1417 1418 1419
5681 2 2 200 11 4278 1400 4652
5682 2 2 200 11 947 950 4280
5683 2 2 200 11 2507 2506 2508
5684 2 2 200 11 1423 1424 1425
5685 2 2 200 11 2824 2828 2829
5686 2 2 200 11 1308 1307 1309
5687 2 2 200 11 1640 1723 2767
5688 2 2 200 11 2593 2592 2594
5689 2 2 200 11 950 951 4302
5690 2 2 200 11 3109 3108 3110
5691 2 2 200 11 2245 2796 2797
5692 2 2 200 11 1844 3121 4341
5693 2 2 200 11 2591 2590 2592
5694 2 2 200 11 1085 1084 1086
5695 2 2 200 11 1286 1284 1287
5696 2 2 200 11 1243 1244 1647
5697 2 2 200 11 2505 2504 2506
5698 2 2 200 11 2701 2702 2703
5699 2 2 200 11 4053 1608 4369
5700 2 2 200 11 993 994 995
5701 2 2 200 11 2697 2698 2699
5702 2 2 200 11 1306 1305 1307
5703 2 2 200 11 3018 3017 4330
5704 2 2 200 11 1806 1803 2050
5705 2 2 200 11 2174 2175 3784
5706 2 2 200 11 3107 3106 3108
5707 2 2 200 11 1413 1414 1415
5708 2 2 200 11 2589 2588 2590
5709 2 2 200 11 1083 1082 1084
5710 2 2 200 11 3105 3104 3106
5711 2 2 200 11 2822 2823 2824
5712 2 2 200 11 2775 2776 2777
5713 2 2 200 11 1209 1210 1211
5714 2 2 200 11 4494 1529 4545
5715 2 2 200 11 2503 2502 2504
5716 2 2 200 11 987 988 989
5717 2 2 200 11 1304 1303 1305
5718 2 2 200 11 2587 2586 2588
5719 2 2 200 11 1590 4159 4364
5720 2 2 200 11 2929 2163 4472
5721 2 2 200 11 3103 3102 3104
5722 2 2 200 11 1610 2455 4369
5723 2 2 200 11 1591 4158 4370
5724 2 2 200 11 2671 2670 2672
5725 2 2 200 11 1081 1080 1082
5726 2 2 200 11 2585 2584 2586
5727 2 2 200 11 1057 1055 1058
5728 2 2 200 11 2501 2500 2502
5729 2 2 200 11 2819 2821 2822
5730 2 2 200 11 1302 1301 1303
5731 2 2 200 11 2617 2615 2619
5732 2 2 200 11 2096 2021 2097
5733 2 2 200 11 2817 2818 2819
5734 2 2 200 11 1079 1078 1080
5735 2 2 200 11 1249 1248 1250
5736 2 2 200 11 1409 1410 1411
5737 2 2 200 11 2583 2582 2584
5738 2 2 200 11 2023 1715 4370
5739 2 2 200 11 3368 3370 4314
5740 2 2 200 11 3101 3100 3102
5741 2 2 200 11 2499 2498 2500
5742 2 2 200 11 3784 3785 3915
5743 2 2 200 11 2815 2816 2817
5744 2 2 200 11 1300 1299 1301
5745 2 2 200 11 1405 1406 1407
5746 2 2 200 11 2154 2097 2155
5747 2 2 200 11 1631 1708 2762
5748 2 2 200 11 2497 2496 2498
5749 2 2 200 11 1077 1076 1078
5750 2 2 200 11 1991 2204 2478
5751 2 2 200 11 2581 2580 2582
5752 2 2 200 11 2726 2672 3761
5753 2 2 200 11 2916 3804 3805
5754 2 2 200 11 1360 1361 4303
5755 2 2 200 11 2810 2814 2815
5756 2 2 200 11 2628 2629 3033
5757 2 2 200 11 1800 1496 4426
5758 2 2 200 11 1903 1691 1904
5759 2 2 200 11 2495 2494 2496
5760 2 2 200 11 2667 2666 2668
5761 2 2 200 11 1575 1519 4324
5762 2 2 200 11 3099 3098 3100
5763 2 2 200 11 1820 1817 2054
5764 2 2 200 11 1298 1297 1299
5765 2 2 200 11 3887 2467 4288
5766 2 2 200 11 2663 2662 2664
5767 2 2 200 11 1765 2083 2826
5768 2 2 200 11 2689 2690 2691
5769 2 2 200 11 1075 1074 1076
5770 2 2 200 11 2579 2578 2580
5771 2 2 200 11 3036 2688 4733
5772 2 2 200 11 1157 1156 4285
5773 2 2 200 11 2808 2809 2810
5774 2 2 200 11 2742 2741 2743
5775 2 2 200 11 2710 2711 2712
5776 2 2 200 11 1401 1402 1403
5777 2 2 200 11 1296 1295 1297
5778 2 2 200 11 1703 1966 1967
5779 2 2 200 11 3339 2122 4231
5780 2 2 200 11 983 984 985
5781 2 2 200 11 3134 1871 4392
5782 2 2 200 11 2493 2492 2494
5783 2 2 200 11 1397 1398 1399
5784 2 2 200 11 3097 3096 3098
5785 2 2 200 11 979 980 981
5786 2 2 200 11 2220 2222 2223
5787 2 2 200 11 1294 1293 1295
5788 2 2 200 11 1073 1072 1074
5789 2 2 200 11 2577 2576 2578
5790 2 2 200 11 2575 2574 2576
5791 2 2 200 11 2887 2886 4322
5792 2 2 200 11 1976 1811 2052
5793 2 2 200 11 3095 3094 3096
5794 2 2 200 11 4477 4335 4481
5795 2 2 200 11 1256 1257 1258
5796 2 2 200 11 2140 2141 2142
5797 2 2 200 11 2691 2692 2693
5798 2 2 200 11 3093 3092 3094
5799 2 2 200 11 2491 2490 2492
5800 2 2 200 11 2136 3368 4440
5801 2 2 200 11 1071 1070 1072
5802 2 2 200 11 2657 2010 2658
5803 2 2 200 11 2397 2394 4240
5804 2 2 200 11 2806 2807 2808
5805 2 2 200 11 1176 1177 1178
5806 2 2 200 11 2089 1880 4318
5807 2 2 200 11 2681 2682 2683
5808 2 2 200 11 3091 3090 3092
5809 2 2 200 11 1393 1394 1395
5810 2 2 200 11 1292 1291 1293
5811 2 2 200 11 1043 1041 1044
5812 2 2 200 11 1069 1068 1070
5813 2 2 200 11 2489 2488 2490
5814 2 2 200 11 3042 3064 3850
5815 2 2 200 11 1952 1951 2886
5816 2 2 200 11 1925 1697 1926
5817 2 2 200 11 1852 1963 1964
5818 2 2 200 11 2313 4477 4481
5819 2 2 200 11 2801 2805 2806
5820 2 2 200 11 1808 1513 4430
5821 2 2 200 11 2900 2902 2903
5822 2 2 200 11 2142 2706 2707
5823 2 2 200 11 2485 2484 2486
5824 2 2 200 11 1290 1289 1291
5825 2 2 200 11 1067 1066 1068
5826 2 2 200 11 2799 2800 2801
5827 2 2 200 11 2797 2798 2799
5828 2 2 200 11 2487 2486 2488
5829 2 2 200 11 3089 3088 3090
5830 2 2 200 11 2791 4227 4346
5831 2 2 200 11 1288 1287 1289
5832 2 2 200 11 1964 2117 3139
5833 2 2 200 11 3131 1864 4387
5834 2 2 200 11 1827 2003 3037
5835 2 2 200 11 1065 1064 1066
5836 2 2 200 11 3038 3040 3041
5837 2 2 200 11 1721 1589 4277
5838 2 2 200 11 4093 1533 4591
5839 2 2 200 11 2683 2684 2685
5840 2 2 200 11 1389 1390 1391
5841 2 2 200 11 2020 1722 2021
5842 2 2 200 11 1568 1571 1699
5843 2 2 200 11 1998 3221 3830
5844 2 2 200 11 2990 2126 3024
5845 2 2 200 11 1270 1268 1271
5846 2 2 200 11 1580 1701 4331
5847 2 2 200 11 3087 3086 3088
5848 2 2 200 11 1063 1062 1064
5849 2 2 200 11 982 983 4623
5850 2 2 200 11 3762 3019 4652
5851 2 2 200 11 4218 1835 4428
5852 2 2 200 11 2388 2182 2389
5853 2 2 200 11 2051 2050 2480
5854 2 2 200 11 1710 1639 4339
5855 2 2 200 11 2470 2472 4298
5856 2 2 200 11 1923 2656 4350
5857 2 2 200 11 2027 2177 2178
5858 2 2 200 11 2393 2779 3021
5859 2 2 200 11 947 949 950
5860 2 2 200 11 2186 2894 2895
5861 2 2 200 11 1578 1690 4332
5862 2 2 200 11 1814 1504 4418
5863 2 2 200 11 958 957 959
5864 2 2 200 11 1033 1031 1034
5865 2 2 200 11 3085 3084 3086
5866 2 2 200 11 2858 1989 3166
5867 2 2 200 11 4580 4168 4621
5868 2 2 200 11 1061 1060 1062
5869 2 2 200 11 2148 2057 2149
5870 2 2 200 11 1383 1384 1385
5871 2 2 200 11 1594 4207 4378
5872 2 2 200 11 1059 1058 1060
5873 2 2 200 11 2014 2013 2315
5874 2 2 200 11 3858 3832 4071
5875 2 2 200 11 1609 1607 4337
5876 2 2 200 11 1972 1720 2056
5877 2 2 200 11 2472 2655 4298
5878 2 2 200 11 975 976 977
5879 2 2 200 11 2717 2718 2720
5880 2 2 200 11 4209 1032 4536
5881 2 2 200 11 2231 2232 2244
5882 2 2 200 11 2552 2554 2562
5883 2 2 200 11 2012 1730 4378
5884 2 2 200 11 2638 2639 2974
5885 2 2 200 11 1988 1763 1989
5886 2 2 200 11 1562 4285 4325
5887 2 2 200 11 1997 2234 2235
5888 2 2 200 11 1282 1281 1283
5889 2 2 200 11 2620 2619 3840
5890 2 2 200 11 2229 2230 2231
5891 2 2 200 11 4167 4166 4621
5892 2 2 200 11 2019 2118 2119
5893 2 2 200 11 2636 2637 2638
5894 2 2 200 11 1379 1380 1381
5895 2 2 200 11 3130 1858 4385
5896 2 2 200 11 2478 2479 2717
5897 2 2 200 11 2945 1994 3179
5898 2 2 200 11 1375 1376 1377
5899 2 2 200 11 4252 1771 4395
5900 2 2 200 11 4301 1847 4379
5901 2 2 200 11 1583 1515 4436
5902 2 2 200 11 2227 2228 2229
5903 2 2 200 11 1779 2018 2019
5904 2 2 200 11 1240 1242 1243
5905 2 2 200 11 3083 3081 3084
5906 2 2 200 11 2225 2226 2227
5907 2 2 200 11 2735 3880 4695
5908 2 2 200 11 1053 1052 1054
5909 2 2 200 11 1541 4443 4514
5910 2 2 200 11 2223 2224 2225
5911 2 2 200 11 1025 1023 1026
5912 2 2 200 11 2055 2054 2614
5913 2 2 200 11 1280 1279 1281
5914 2 2 200 11 1455 1453 1456
5915 2 2 200 11 1951 1925 4402
5916 2 2 200 11 2407 2408 3011
5917 2 2 200 11 2773 2774 2775
5918 2 2 200 11 2264 2265 2636
5919 2 2 200 11 3078 1843 3079
5920 2 2 200 11 2445 2044 2446
5921 2 2 200 11 1496 1057 4345
5922 2 2 200 11 1155 1156 1157
5923 2 2 200 11 4340 2766 4456
5924 2 2 200 11 1934 1752 2058
5925 2 2 200 11 1051 1050 1052
5926 2 2 200 11 1993 1896 1994
5927 2 2 200 11 3129 1853 4384
5928 2 2 200 11 1581 1695 4344
5929 2 2 200 11 2053 2052 2568
5930 2 2 200 11 1278 1277 1279
5931 2 2 200 11 1447 1449 4411
5932 2 2 200 11 3033 2629 4366
5933 2 2 200 11 1246 1249 4342
5934 2 2 200 11 1160 1157 4285
5935 2 2 200 11 1019 1017 1020
5936 2 2 200 11 1940 2007 3045
5937 2 2 200 11 2064 2065 2264
5938 2 2 200 11 2907 2908 2909
5939 2 2 200 11 1369 1370 1371
5940 2 2 200 11 3141 4051 4684
5941 2 2 200 11 3394 2184 4381
5942 2 2 200 11 973 974 975
5943 2 2 200 11 1049 1048 1050
5944 2 2 200 11 3229 2930 3230
5945 2 2 200 11 1045 1044 1046
5946 2 2 200 11 1047 1046 1048
5947 2 2 200 11 2062 2063 2064
5948 2 2 200 11 3235 1951 4402
5949 2 2 200 11 3054 1837 4351
5950 2 2 200 11 2905 2906 2907
5951 2 2 200 11 2903 2904 2905
5952 2 2 200 11 2060 2061 2062
5953 2 2 200 11 1447 1445 1448
5954 2 2 200 11 1762 1644 1763
5955 2 2 200 11 2165 2069 3148
5956 2 2 200 11 1941 1873 1943
5957 2 2 200 11 1013 1011 1014
5958 2 2 200 11 1149 1150 1151
5959 2 2 200 11 1821 2099 3046
5960 2 2 200 11 1276 1275 1277
5961 2 2 200 11 2458 3857 4362
5962 2 2 200 11 1863 1996 1997
5963 2 2 200 11 2217 2218 2219
5964 2 2 200 11 3878 3877 3879
5965 2 2 200 11 4333 3298 4334
5966 2 2 200 11 2648 2650 2651
5967 2 2 200 11 2157 2646 2647
5968 2 2 200 11 2447 2045 2448
5969 2 2 200 11 1777 1613 4257
5970 2 2 200 11 2094 2095 2217
5971 2 2 200 11 3030 2048 3852
5972 2 2 200 11 1634 1778 1779
5973 2 2 200 11 1443 1441 1444
5974 2 2 200 11 2135 2675 2676
5975 2 2 200 11 2897 2898 2899
5976 2 2 200 11 1143 1144 1145
5977 2 2 200 11 1831 1829 4288
5978 2 2 200 11 2895 2896 2897
5979 2 2 200 11 967 968 969
5980 2 2 200 11 1848 1850 1852
5981 2 2 200 11 1557 1562 1563
5982 2 2 200 11 2178 2179 2628
5983 2 2 200 11 1039 1038 1040
5984 2 2 200 11 1895 1668 1896
5985 2 2 200 11 1796 1716 2004
5986 2 2 200 11 2113 1943 2114
5987 2 2 200 11 2150 2149 2538
5988 2 2 200 11 1274 1273 1275
5989 2 2 200 11 1361 1362 1363
5990 2 2 200 11 1357 1358 1359
5991 2 2 200 11 1593 2778 4371
5992 2 2 200 11 1007 1005 1008
5993 2 2 200 11 4227 1635 4388
5994 2 2 200 11 1982 1983 2060
5995 2 2 200 11 2927 2163 2928
5996 2 2 200 11 1272 1271 1273
5997 2 2 200 11 1254 1255 1256
5998 2 2 200 11 209 210 782
5999 2 2 200 11 274 275 769
6000 2 2 200 11 287 288 777
6001 2 2 200 11 70 71 767
6002 2 2 200 11 248 249 775
6003 2 2 200 11 300 301 781
6004 2 2 200 11 196 197 786
6005 2 2 200 11 44 45 772
6006 2 2 200 11 109 110 768
6007 2 2 200 11 235 236 776
6008 2 2 200 11 135 136 763
6009 2 2 200 11 261 262 765
6010 2 2 200 11 83 84 766
6011 2 2 200 11 57 58 774
6012 2 2 200 11 122 123 771
6013 2 2 200 11 148 149 764
6014 2 2 200 11 222 223 788
6015 2 2 200 11 96 97 780
6016 2 2 200 11 1459 1458 4273
6017 2 2 200 11 1437 1435 1438
6018 2 2 200 11 3491 3149 3492
6019 2 2 200 11 2631 2634 4366
6020 2 2 200 11 198 199 875
6021 2 2 200 11 42 43 876
6022 2 2 200 11 120 121 878
6023 2 2 200 11 133 134 873
6024 2 2 200 11 289 290 874
6025 2 2 200 11 276 277 872
6026 2 2 200 11 224 225 879
6027 2 2 200 11 55 56 870
6028 2 2 200 11 94 95 871
6029 2 2 200 11 146 147 877
6030 2 2 200 11 68 69 883
6031 2 2 200 11 250 251 880
6032 2 2 200 11 211 212 885
6033 2 2 200 11 237 238 882
6034 2 2 200 11 81 82 884
6035 2 2 200 11 263 264 888
6036 2 2 200 11 302 303 887
6037 2 2 200 11 107 108 881
6038 2 2 200 11 1188 1187 1189
6039 2 2 200 11 102 103 778
6040 2 2 200 11 89 90 795
6041 2 2 200 11 203 204 796
6042 2 2 200 11 268 269 793
6043 2 2 200 11 255 256 798
6044 2 2 200 11 294 295 783
6045 2 2 200 11 281 282 794
6046 2 2 200 11 242 243 790
6047 2 2 200 11 229 230 791
6048 2 2 200 11 190 191 784
6049 2 2 200 11 63 64 797
6050 2 2 200 11 76 77 779
6051 2 2 200 11 216 217 787
6052 2 2 200 11 115 116 785
6053 2 2 200 11 141 142 773
6054 2 2 200 11 50 51 792
6055 2 2 200 11 154 155 789
6056 2 2 200 11 128 129 770
6057 2 2 200 11 2105 2780 2781
6058 2 2 200 11 2989 2939 3291
6059 2 2 200 11 1035 1034 1036
6060 2 2 200 11 2172 2074 2792
6061 2 2 200 11 1037 1036 1038
6062 2 2 200 11 1898 2043 2635
6063 2 2 200 11 1571 1164 4544
6064 2 2 200 11 1809 2463 4389
6065 2 2 200 11 2088 2089 2094
6066 2 2 200 11 2114 1943 4641
6067 2 2 200 11 2162 1945 2163
6068 2 2 200 11 4497 4211 4536
6069 2 2 200 11 1866 1865 2071
6070 2 2 200 11 1001 999 1002
6071 2 2 200 11 2069 1710 4339
6072 2 2 200 11 185 186 889
6073 2 2 200 11 159 160 890
6074 2 2 200 11 2455 3858 4369
6075 2 2 200 11 1735 1949 1950
6076 2 2 200 11 1135 1136 1137
6077 2 2 200 11 2125 1927 2126
6078 2 2 200 11 1953 1710 2069
6079 2 2 200 11 1458 2722 2723
6080 2 2 200 11 963 964 965
6081 2 2 200 11 2548 2550 2551
6082 2 2 200 11 1593 2067 2778
6083 2 2 200 11 4485 3898 4486
6084 2 2 200 11 112 113 665
6085 2 2 200 11 245 246 664
6086 2 2 200 11 47 48 656
6087 2 2 200 11 232 233 666
6088 2 2 200 11 271 272 659
6089 2 2 200 11 284 285 657
6090 2 2 200 11 99 100 663
6091 2 2 200 11 219 220 668
6092 2 2 200 11 258 259 662
6093 2 2 200 11 60 61 658
6094 2 2 200 11 86 87 661
6095 2 2 200 11 73 74 660
6096 2 2 200 11 206 207 670
6097 2 2 200 11 193 194 672
6098 2 2 200 11 297 298 655
6099 2 2 200 11 151 152 671
6100 2 2 200 11 125 126 667
6101 2 2 200 11 138 139 669
6102 2 2 200 11 239 240 682
6103 2 2 200 11 79 80 686
6104 2 2 200 11 213 214 678
6105 2 2 200 11 105 106 681
6106 2 2 200 11 187 188 674
6107 2 2 200 11 265 266 685
6108 2 2 200 11 92 93 684
6109 2 2 200 11 144 145 675
6110 2 2 200 11 252 253 683
6111 2 2 200 11 157 158 673
6112 2 2 200 11 53 54 690
6113 2 2 200 11 200 201 676
6114 2 2 200 11 226 227 680
6115 2 2 200 11 66 67 688
6116 2 2 200 11 40 41 692
6117 2 2 200 11 131 132 677
6118 2 2 200 11 118 119 679
6119 2 2 200 11 304 305 691
6120 2 2 200 11 291 292 689
6121 2 2 200 11 278 279 687
6122 2 2 200 11 183 184 694
6123 2 2 200 11 161 162 693
6124 2 2 200 11 1433 1431 1434
6125 2 2 200 11 2642 1620 4238
6126 2 2 200 11 1349 1350 1351
6127 2 2 200 11 1029 1028 1030
6128 2 2 200 11 3126 3124 3127
6129 2 2 200 11 3803 2023 4370
6130 2 2 200 11 1027 1026 1028
6131 2 2 200 11 2916 2172 3804
6132 2 2 200 11 4286 3061 4557
6133 2 2 200 11 3121 1846 3122
6134 2 2 200 11 1427 1425 1428
6135 2 2 200 11 1621 1698 4350
6136 2 2 200 11 2390 2389 2391
6137 2 2 200 11 1129 1130 1131
6138 2 2 200 11 997 995 998
6139 2 2 200 11 1926 1927 2125
6140 2 2 200 11 1587 972 4351
6141 2 2 200 11 1947 1742 1948
6142 2 2 200 11 1457 1456 1458
6143 2 2 200 11 2263 1909 2788
6144 2 2 200 11 3419 2788 3420
6145 2 2 200 11 1908 1870 1909
6146 2 2 200 11 1646 1746 1863
6147 2 2 200 11 2938 2072 2939
6148 2 2 200 11 3370 3369 3407
6149 2 2 200 11 1222 1220 1669
6150 2 2 200 11 2059 2058 3035
6151 2 2 200 11 2174 1893 2175
6152 2 2 200 11 2171 2172 2916
6153 2 2 200 11 1636 1734 1735
6154 2 2 200 11 1869 1868 1870
6155 2 2 200 11 1421 1419 1422
6156 2 2 200 11 1260 1258 1261
6157 2 2 200 11 1944 1706 1945
6158 2 2 200 11 1926 4247 4402
6159 2 2 200 11 1021 1020 1022
6160 2 2 200 11 1717 1537 1865
6161 2 2 200 11 1341 1342 1343
6162 2 2 200 11 4285 1156 4297
6163 2 2 200 11 2755 2756 2757
6164 2 2 200 11 1640 2767 4355
6165 2 2 200 11 2056 4211 4497
6166 2 2 200 11 3368 3367 3369
6167 2 2 200 11 2075 2076 2790
6168 2 2 200 11 991 989 992
6169 2 2 200 11 1513 1043 4365
6170 2 2 200 11 3309 3018 4330
6171 2 2 200 11 2770 2771 2773
6172 2 2 200 11 1984 1840 2068
6173 2 2 200 11 1449 1448 1450
6174 2 2 200 11 1451 1450 1452
6175 2 2 200 11 2126 1927 2735
6176 2 2 200 11 1417 1415 1418
6177 2 2 200 11 2758 3247 3259
6178 2 2 200 11 2759 2784 3260
6179 2 2 200 11 1266 1265 1267
6180 2 2 200 11 5294 2257 5375
6181 2 2 200 11 1118 1119 1120
6182 2 2 200 11 1015 1014 1016
6183 2 2 200 11 1413 1411 1414
6184 2 2 200 11 1923 1980 2656
6185 2 2 200 11 987 985 988
6186 2 2 200 11 1612 1614 4362
6187 2 2 200 11 3928 3060 4496
6188 2 2 200 11 1333 1334 1335
6189 2 2 200 11 1839 1837 3054
6190 2 2 200 11 1772 1773 1956
6191 2 2 200 11 2701 2699 2702
6192 2 2 200 11 4725 3128 4736
6193 2 2 200 11 2668 2670 2671
6194 2 2 200 11 1504 1270 4367
6195 2 2 200 11 2697 2695 2698
6196 2 2 200 11 1801 2465 4403
6197 2 2 200 11 1506 1854 2070
6198 2 2 200 11 1252 1253 1254
6199 2 2 200 11 1409 1407 1410
6200 2 2 200 11 1851 2754 2755
6201 2 2 200 11 1856 2024 2075
6202 2 2 200 11 950 949 951
6203 2 2 200 11 1845 1534 1868
6204 2 2 200 11 1741 1667 1742
6205 2 2 200 11 2664 2666 2667
6206 2 2 200 11 2660 2662 2663
6207 2 2 200 11 4221 4223 4555
6208 2 2 200 11 3017 2707 3019
6209 2 2 200 11 2016 1721 4277
6210 2 2 200 11 1859 1861 1867
6211 2 2 200 11 1914 2918 2919
6212 2 2 200 11 2641 1615 4308
6213 2 2 200 11 2481 2480 4316
6214 2 2 200 11 1608 1610 4369
6215 2 2 200 11 3060 4411 4496
6216 2 2 200 11 1009 1008 1010
6217 2 2 200 11 2140 2102 2141
6218 2 2 200 11 1405 1403 1406
6219 2 2 200 11 2877 2876 2878
6220 2 2 200 11 2689 2687 2690
6221 2 2 200 11 2171 3298 4333
6222 2 2 200 11 3604 3605 3606
6223 2 2 200 11 1918 2010 2657
6224 2 2 200 11 1439 1438 1440
6225 2 2 200 11 2781 2782 2783
6226 2 2 200 11 1715 1591 4370
6227 2 2 200 11 2619 2615 4383
6228 2 2 200 11 1401 1399 1402
6229 2 2 200 11 2783 3164 3165
6230 2 2 200 11 2458 3833 3857
6231 2 2 200 11 3963 1645 4412
6232 2 2 200 11 2767 1723 4349
6233 2 2 200 11 1284 1283 4317
6234 2 2 200 11 1264 1263 1265
6235 2 2 200 11 1397 1395 1398
6236 2 2 200 11 1877 1879 3143
6237 2 2 200 11 983 981 984
6238 2 2 200 11 3133 2066 4375
6239 2 2 200 11 1003 1002 1004
6240 2 2 200 11 979 977 980
6241 2 2 200 11 1055 1054 4323
6242 2 2 200 11 1881 1883 3142
6243 2 2 200 11 1905 1906 2104
6244 2 2 200 11 2681 2121 2682
6245 2 2 200 11 1562 1160 4285
6246 2 2 200 11 2629 2631 4366
6247 2 2 200 11 1393 1391 1394
6248 2 2 200 11 2634 3877 3878
6249 2 2 200 11 1981 2972 2973
6250 2 2 200 11 1389 1387 1390
6251 2 2 200 11 1462 1459 4273
6252 2 2 200 11 2077 1962 2100
6253 2 2 200 11 1151 1150 1596
6254 2 2 200 11 2714 2712 2715
6255 2 2 200 11 1545 4129 4751
6256 2 2 200 11 1429 1428 1430
6257 2 2 200 11 1961 1875 1962
6258 2 2 200 11 2455 3832 3858
6259 2 2 200 11 2675 2012 4378
6260 2 2 200 11 2321 2320 3282
6261 2 2 200 11 2710 2235 2711
6262 2 2 200 11 4620 4278 4652
6263 2 2 200 11 3802 2023 3803
6264 2 2 200 11 1643 4237 4373
6265 2 2 200 11 4237 2764 4386
6266 2 2 200 11 2393 2391 2779
6267 2 2 200 11 3784 2175 3785
6268 2 2 200 11 2219 2220 4329
6269 2 2 200 11 2729 2727 4537
6270 2 2 200 11 1903 1904 1905
6271 2 2 200 11 2316 2315 2949
6272 2 2 200 11 3915 3785 3916
6273 2 2 200 11 1969 1968 2320
6274 2 2 200 11 1423 1422 1424
6275 2 2 200 11 3114 3118 3172
6276 2 2 200 11 2480 3896 4316
6277 2 2 200 11 2647 2648 4283
6278 2 2 200 11 2556 2558 4451
6279 2 2 200 11 1842 1554 1875
6280 2 2 200 11 1926 1697 1927
6281 2 2 200 11 973 971 974
6282 2 2 200 11 2171 2074 2172
6283 2 2 200 11 1383 1381 1384
6284 2 2 200 11 1730 1594 4378
6285 2 2 200 11 4223 1633 4394
6286 2 2 200 11 1375 1373 1376
6287 2 2 200 11 2723 2722 2738
6288 2 2 200 11 1031 1030 4341
6289 2 2 200 11 1874 1942 2770
6290 2 2 200 11 1604 1605 1606
6291 2 2 200 11 1379 1377 1380
6292 2 2 200 11 2561 2565 3136
6293 2 2 200 11 2671 2672 2726
6294 2 2 200 11 1967 1966 1968
6295 2 2 200 11 1283 1624 4317
6296 2 2 200 11 1954 1876 1955
6297 2 2 200 11 993 992 994
6298 2 2 200 11 3008 2841 3009
6299 2 2 200 11 2723 2738 2739
6300 2 2 200 11 1023 1022 4347
6301 2 2 200 11 2865 1955 2866
6302 2 2 200 11 1155 1153 1156
6303 2 2 200 11 1760 1553 1876
6304 2 2 200 11 4275 3394 4381
6305 2 2 200 11 1159 1157 1160
6306 2 2 200 11 2127 2114 2132
6307 2 2 200 11 1262 1261 1263
6308 2 2 200 11 2467 1831 4288
6309 2 2 200 11 2703 2702 2704
6310 2 2 200 11 2184 1826 4381
6311 2 2 200 11 1369 1367 1370
6312 2 2 200 11 2745 2747 4459
6313 2 2 200 11 4372 1596 4456
6314 2 2 200 11 4305 3033 4586
6315 2 2 200 11 2869 2867 4545
6316 2 2 200 11 2135 2012 2675
6317 2 2 200 11 2678 2676 4393
6318 2 2 200 11 1149 1147 1150
6319 2 2 200 11 2928 2930 3229
6320 2 2 200 11 1631 2762 4368
6321 2 2 200 11 3245 3009 3388
6322 2 2 200 11 1441 1440 4355
6323 2 2 200 11 3962 3963 4593
6324 2 2 200 11 954 953 955
6325 2 2 200 11 3396 3394 4275
6326 2 2 200 11 1054 1841 4323
6327 2 2 200 11 1143 1141 1144
6328 2 2 200 11 2419 2035 2420
6329 2 2 200 11 967 965 968
6330 2 2 200 11 2142 2141 2706
6331 2 2 200 11 1807 1809 4389
6332 2 2 200 11 1357 1355 1358
6333 2 2 200 11 1250 1251 1252
6334 2 2 200 11 3900 1529 4590
6335 2 2 200 11 2657 2658 3043
6336 2 2 200 11 1431 1430 4368
6337 2 2 200 11 1361 1359 1362
6338 2 2 200 11 2691 2690 2692
6339 2 2 200 11 2693 2692 3227
6340 2 2 200 11 4265 2546 4338
6341 2 2 200 11 1596 1150 3069
6342 2 2 200 11 995 994 4373
6343 2 2 200 11 1776 1564 1840
6344 2 2 200 11 1964 3139 4613
6345 2 2 200 11 2886 3235 3285
6346 2 2 200 11 1353 1351 4315
6347 2 2 200 11 2178 2628 3061
6348 2 2 200 11 2463 3775 3882
6349 2 2 200 11 1135 1133 1136
6350 2 2 200 11 1349 1347 1350
6351 2 2 200 11 2683 2682 2684
6352 2 2 200 11 2685 2684 2952
6353 2 2 200 11 1129 1124 1130
6354 2 2 200 11 4443 3078 4514
6355 2 2 200 11 1403 1402 4310
6356 2 2 200 11 1399 1398 4311
6357 2 2 200 11 2648 2651 4283
6358 2 2 200 11 2182 2059 4328
6359 2 2 200 11 2546 2548 4338
6360 2 2 200 11 2886 1951 3235
6361 2 2 200 11 1964 1963 2117
6362 2 2 200 11 1395 1394 4312
6363 2 2 200 11 1456 1453 4396
6364 2 2 200 11 2463 3882 4389
6365 2 2 200 11 2747 2749 4499
6366 2 2 200 11 2480 3057 3896
6367 2 2 200 11 1799 1801 4403
6368 2 2 200 11 2059 3035 4328
6369 2 2 200 11 2634 3878 4366
6370 2 2 200 11 959 960 961
6371 2 2 200 11 1341 1339 1342
6372 2 2 200 11 985 984 4309
6373 2 2 200 11 1699 1716 1796
6374 2 2 200 11 2777 2776 2932
6375 2 2 200 11 3579 2531 3580
6376 2 2 200 11 1385 1384 1590
6377 2 2 200 11 1020 1017 4397
6378 2 2 200 11 1596 3069 4340
6379 2 2 200 11 1891 2074 2171
6380 2 2 200 11 1118 1114 1119
6381 2 2 200 11 1771 2027 4395
6382 2 2 200 11 2020 2021 2096
6383 2 2 200 11 2119 2118 2202
6384 2 2 200 11 1333 1331 1334
6385 2 2 200 11 2614 3059 3909
6386 2 2 200 11 2019 2018 2118
6387 2 2 200 11 1283 1553 1624
6388 2 2 200 11 1329 1327 1648
6389 2 2 200 11 2465 3787 3884
6390 2 2 200 11 1110 1108 1498
6391 2 2 200 11 2858 3166 3337
6392 2 2 200 11 1014 1011 4398
6393 2 2 200 11 1872 1874 4353
6394 2 2 200 11 3079 3080 3081
6395 2 2 200 11 2529 2527 2532
6396 2 2 200 11 2347 4987 5027
6397 2 2 200 11 3747 2604 3748
6398 2 2 200 11 1779 1778 2018
6399 2 2 200 11 2941 2244 3437
6400 2 2 200 11 1054 1554 1841
6401 2 2 200 11 1988 1989 2858
6402 2 2 200 11 2615 2614 4383
6403 2 2 200 11 2730 2732 2856
6404 2 2 200 11 1993 1994 2945
6405 2 2 200 11 1852 1850 1963
6406 2 2 200 11 1762 1763 1988
6407 2 2 200 11 1145 1144 1619
6408 2 2 200 11 3474 2219 4329
6409 2 2 200 11 1515 1447 4411
6410 2 2 200 11 2520 2518 2533
6411 2 2 200 11 1325 1323 1488
6412 2 2 200 11 1624 1760 1761
6413 2 2 200 11 963 961 964
6414 2 2 200 11 2602 2600 2607
6415 2 2 200 11 2100 2728 3376
6416 2 2 200 11 1371 1370 1593
6417 2 2 200 11 1104 1102 1521
6418 2 2 200 11 1895 1896 1993
6419 2 2 200 11 1377 1376 4319
6420 2 2 200 11 2568 3058 3901
6421 2 2 200 11 1506 2070 4315
6422 2 2 200 11 1243 1242 1244
6423 2 2 200 11 1954 2865 2885
6424 2 2 200 11 2165 3148 3149
6425 2 2 200 11 1098 1096 1528
6426 2 2 200 11 2514 2512 2812
6427 2 2 200 11 1319 1317 1511
6428 2 2 200 11 1499 1334 2733
6429 2 2 200 11 2676 2675 3050
6430 2 2 200 11 2880 2882 2883
6431 2 2 200 11 2096 2097 2154
6432 2 2 200 11 2154 2155 3288
6433 2 2 200 11 1598 946 4280
6434 2 2 200 11 1841 1842 1843
6435 2 2 200 11 2596 2594 2608
6436 2 2 200 11 1852 1964 4549
6437 2 2 200 11 3935 3898 4485
6438 2 2 200 11 1008 1005 4401
6439 2 2 200 11 1961 2077 2921
6440 2 2 200 11 1840 1564 4325
6441 2 2 200 11 2510 2508 2811
6442 2 2 200 11 1500 1119 1871
6443 2 2 200 11 1796 2004 2112
6444 2 2 200 11 1953 2069 2165
6445 2 2 200 11 3229 3230 3236
6446 2 2 200 11 2506 2504 2534
6447 2 2 200 11 1313 1311 1524
6448 2 2 200 11 2538 3062 3890
6449 2 2 200 11 1497 1342 1864
6450 2 2 200 11 2590 2588 2609
6451 2 2 200 11 1092 1090 1544
6452 2 2 200 11 3473 2219 3474
6453 2 2 200 11 2868 2870 2988
6454 2 2 200 11 1088 1086 1649
6455 2 2 200 11 3114 3112 3118
6456 2 2 200 11 2484 2481 4316
6457 2 2 200 11 1619 1144 1847
6458 2 2 200 11 1363 1362 1516
6459 2 2 200 11 4220 1825 4468
6460 2 2 200 11 2571 2570 4460
6461 2 2 200 11 2045 1777 4343
6462 2 2 200 11 3070 2733 3932
6463 2 2 200 11 2050 1803 4426
6464 2 2 200 11 1438 1435 4404
6465 2 2 200 11 975 974 976
6466 2 2 200 11 2584 2582 2610
6467 2 2 200 11 2500 2498 2535
6468 2 2 200 11 2651 2652 2653
6469 2 2 200 11 1307 1305 1527
6470 2 2 200 11 1625 1130 1858
6471 2 2 200 11 1881 1871 1882
6472 2 2 200 11 3785 2175 3786
6473 2 2 200 11 1151 1596 4372
6474 2 2 200 11 2162 2163 2927
6475 2 2 200 11 1866 2071 2072
6476 2 2 200 11 1874 2770 4353
6477 2 2 200 11 2578 2576 2611
6478 2 2 200 11 1506 1350 1853
6479 2 2 200 11 1256 1255 1257
6480 2 2 200 11 1137 1136 1510
6481 2 2 200 11 2614 2054 3059
6482 2 2 200 11 1287 1284 4317
6483 2 2 200 11 3110 3108 3272
6484 2 2 200 11 1950 1949 2839
6485 2 2 200 11 2494 2492 2536
6486 2 2 200 11 1877 1864 1878
6487 2 2 200 11 2829 2841 3008
6488 2 2 200 11 1082 1080 1549
6489 2 2 200 11 2874 2876 2877
6490 2 2 200 11 1301 1299 1526
6491 2 2 200 11 2938 2939 2989
6492 2 2 200 11 1735 1734 1949
6493 2 2 200 11 1510 1136 3074
6494 2 2 200 11 3840 2619 3841
6495 2 2 200 11 1428 1425 4399
6496 2 2 200 11 2782 4665 4698
6497 2 2 200 11 1717 1865 1866
6498 2 2 200 11 1883 1882 1884
6499 2 2 200 11 3188 2889 3189
6500 2 2 200 11 1981 1884 1982
6501 2 2 200 11 3122 3123 3124
6502 2 2 200 11 1058 1055 4323
6503 2 2 200 11 1076 1074 1545
6504 2 2 200 11 2488 2486 2537
6505 2 2 200 11 1944 1945 2162
6506 2 2 200 11 1351 1350 1506
6507 2 2 200 11 2465 3884 4403
6508 2 2 200 11 2822 2824 2825
6509 2 2 200 11 2815 2817 2820
6510 2 2 200 11 1997 1996 2234
6511 2 2 200 11 1291 1289 1655
6512 2 2 200 11 3104 3102 3169
6513 2 2 200 11 3909 1487 4560
6514 2 2 200 11 3232 2076 3333
6515 2 2 200 11 1879 1878 1880
6516 2 2 200 11 1030 1534 1844
6517 2 2 200 11 2480 2050 3057
6518 2 2 200 11 2087 1880 2088
6519 2 2 200 11 1066 1064 1650
6520 2 2 200 11 1131 1130 1625
6521 2 2 200 11 3035 3060 3928
6522 2 2 200 11 2054 1817 4418
6523 2 2 200 11 1295 1293 1522
6524 2 2 200 11 2389 2182 4328
6525 2 2 200 11 2775 2774 2776
6526 2 2 200 11 1908 1909 2263
6527 2 2 200 11 2263 2788 3419
6528 2 2 200 11 1817 1814 4418
6529 2 2 200 11 2478 2717 3894
6530 2 2 200 11 1869 1870 1908
6531 2 2 200 11 1991 2478 4428
6532 2 2 200 11 3098 3096 3117
6533 2 2 200 11 1453 1452 4396
6534 2 2 200 11 1359 1358 4388
6535 2 2 200 11 3139 2117 3140
6536 2 2 200 11 1859 1858 1860
6537 2 2 200 11 1070 1068 1538
6538 2 2 200 11 2918 2017 3209
6539 2 2 200 11 1914 1862 2017
6540 2 2 200 11 1516 1362 1635
6541 2 2 200 11 1017 1016 4397
6542 2 2 200 11 969 968 1623
6543 2 2 200 11 1861 1860 1862
6544 2 2 200 11 2806 2808 2979
6545 2 2 200 11 1593 1370 2066
6546 2 2 200 11 1869 1908 2138
6547 2 2 200 11 2220 2223 4329
6548 2 2 200 11 1343 1342 1497
6549 2 2 200 11 1854 1853 1855
6550 2 2 200 11 2706 2141 3068
6551 2 2 200 11 1022 2724 3119
6552 2 2 200 11 2799 2801 2802
6553 2 2 200 11 1398 1395 4312
6554 2 2 200 11 1034 1031 4341
6555 2 2 200 11 3092 3090 3116
6556 2 2 200 11 2263 3419 3421
6557 2 2 200 11 2024 1857 2025
6558 2 2 200 11 1011 1010 4398
6559 2 2 200 11 2839 1949 2840
6560 2 2 200 11 2568 2052 3058
6561 2 2 200 11 1856 1855 1857
6562 2 2 200 11 1845 1868 1869
6563 2 2 200 11 1062 1060 1541
6564 2 2 200 11 2903 2905 3065
6565 2 2 200 11 1803 1800 4426
6566 2 2 200 11 2671 2726 3146
6567 2 2 200 11 2790 2076 3232
6568 2 2 200 11 1120 1119 1500
6569 2 2 200 11 1542 4473 4532
6570 2 2 200 11 1402 1399 4311
6571 2 2 200 11 2075 2024 2076
6572 2 2 200 11 1844 1845 1846
6573 2 2 200 11 1026 1023 4347
6574 2 2 200 11 1381 1380 4394
6575 2 2 200 11 1406 1403 4310
6576 2 2 200 11 2538 2149 3062
6577 2 2 200 11 1452 1537 1626
6578 2 2 200 11 1005 1004 4401
6579 2 2 200 11 1425 1424 4399
6580 2 2 200 11 2758 2757 2759
6581 2 2 200 11 1444 1441 4355
6582 2 2 200 11 1335 1334 1499
6583 2 2 200 11 1866 2072 2136
6584 2 2 200 11 3035 2058 3060
6585 2 2 200 11 1434 1431 4368
6586 2 2 200 11 3088 3086 3300
6587 2 2 200 11 1835 1991 4428
6588 2 2 200 11 2919 2918 2971
6589 2 2 200 11 2857 1956 2937
6590 2 2 200 11 1794 2081 2082
6591 2 2 200 11 1435 1434 4404
6592 2 2 200 11 2705 3213 4493
6593 2 2 200 11 1283 1281 1553
6594 2 2 200 11 2877 3430 3431
6595 2 2 200 11 1016 1628 1629
6596 2 2 200 11 1054 1052 1554
6597 2 2 200 11 946 947 4280
6598 2 2 200 11 1893 1839 4419
6599 2 2 200 11 988 985 4309
6600 2 2 200 11 4276 1828 4363
6601 2 2 200 11 2638 2974 3238
6602 2 2 200 11 2162 2927 3342
6603 2 2 200 11 2231 2244 2941
6604 2 2 200 11 1048 1046 1533
6605 2 2 200 11 1030 1844 4341
6606 2 2 200 11 998 995 4373
6607 2 2 200 11 3079 1843 3080
6608 2 2 200 11 2225 2227 2233
6609 2 2 200 11 1590 1384 1633
6610 2 2 200 11 2052 1811 4430
6611 2 2 200 11 1273 1271 1651
6612 2 2 200 11 1811 1808 4430
6613 2 2 200 11 1626 1717 1718
6614 2 2 200 11 2060 2062 3287
6615 2 2 200 11 1993 2945 2983
6616 2 2 200 11 2165 3149 3348
6617 2 2 200 11 2064 2264 2917
6618 2 2 200 11 1766 1662 4259
6619 2 2 200 11 1863 1746 1996
6620 2 2 200 11 2973 2972 3290
6621 2 2 200 11 1010 1632 3075
6622 2 2 200 11 2118 2018 2947
6623 2 2 200 11 3120 4424 4464
6624 2 2 200 11 2927 2928 4417
6625 2 2 200 11 2217 2219 3473
6626 2 2 200 11 3841 2619 4383
6627 2 2 200 11 1038 1036 1542
6628 2 2 200 11 1636 1635 1637
6629 2 2 200 11 2699 2698 4406
6630 2 2 200 11 1734 1637 1772
6631 2 2 200 11 1440 1639 1640
6632 2 2 200 11 1848 1847 1849
6633 2 2 200 11 1458 1456 2722
6634 2 2 200 11 1022 1020 2724
6635 2 2 200 11 3122 1846 3123
6636 2 2 200 11 1629 1706 1707
6637 2 2 200 11 3355 2840 3356
6638 2 2 200 11 1707 1944 1946
6639 2 2 200 11 989 988 4407
6640 2 2 200 11 2067 2066 3132
6641 2 2 200 11 1277 1275 1529
6642 2 2 200 11 1430 1428 1630
6643 2 2 200 11 1030 1028 1534
6644 2 2 200 11 1153 1151 4372
6645 2 2 200 11 1850 1849 1851
6646 2 2 200 11 1004 1638 2721
6647 2 2 200 11 1424 1422 1641
6648 2 2 200 11 1961 1962 2077
6649 2 2 200 11 2088 2094 2951
6650 2 2 200 11 1016 1014 1628
6651 2 2 200 11 1925 1926 4402
6652 2 2 200 11 992 989 4407
6653 2 2 200 11 1452 1450 1537
6654 2 2 200 11 2702 2699 4406
6655 2 2 200 11 3177 3165 3582
6656 2 2 200 11 4775 2715 4783
6657 2 2 200 11 961 960 4313
6658 2 2 200 11 1440 1438 1639
6659 2 2 200 11 1010 1008 1632
6660 2 2 200 11 1564 1562 4325
6661 2 2 200 11 2755 2757 2758
6662 2 2 200 11 1004 1002 1638
6663 2 2 200 11 4264 4491 4537
6664 2 2 200 11 3056 2680 4633
6665 2 2 200 11 2136 2938 3367
6666 2 2 200 11 1842 1875 1961
6667 2 2 200 11 1772 1956 2857
6668 2 2 200 11 1430 1630 1631
6669 2 2 200 11 2783 3165 3177
6670 2 2 200 11 3227 2692 3228
6671 2 2 200 11 2684 2682 3274
6672 2 2 200 11 1752 1583 4436
6673 2 2 200 11 1640 1710 1723
6674 2 2 200 11 1723 1953 2033
6675 2 2 200 11 2721 3076 3144
6676 2 2 200 11 1988 2858 2859
6677 2 2 200 11 994 992 1642
6678 2 2 200 11 1903 1905 2924
6679 2 2 200 11 2704 2702 3261
6680 2 2 200 11 951 952 953
6681 2 2 200 11 1424 1641 3072
6682 2 2 200 11 1661 1765 4575
6683 2 2 200 11 2320 1968 3190
6684 2 2 200 11 1531 4683 4721
6685 2 2 200 11 1604 1508 1605
6686 2 2 200 11 2653 2830 2956
6687 2 2 200 11 950 4302 4529
6688 2 2 200 11 1760 1876 1954
6689 2 2 200 11 1445 1444 4464
6690 2 2 200 11 1657 940 3034
6691 2 2 200 11 1022 3119 4347
6692 2 2 200 11 2658 2660 4354
6693 2 2 200 11 2548 2551 4338
6694 2 2 200 11 1697 1598 4376
6695 2 2 200 11 1984 2068 2133
6696 2 2 200 11 3172 3118 3374
6697 2 2 200 11 1380 1377 4319
6698 2 2 200 11 1631 1668 1708
6699 2 2 200 11 1634 1633 1691
6700 2 2 200 11 1708 1895 1995
6701 2 2 200 11 1707 2786 4483
6702 2 2 200 11 955 956 957
6703 2 2 200 11 2983 3402 3403
6704 2 2 200 11 994 1642 1643
6705 2 2 200 11 976 974 3071
6706 2 2 200 11 2732 2761 4380
6707 2 2 200 11 1778 1691 1903
6708 2 2 200 11 3008 3009 3245
6709 2 2 200 11 1954 1955 2865
6710 2 2 200 11 2117 1963 2205
6711 2 2 200 11 2027 2178 4395
6712 2 2 200 11 4263 1642 4407
6713 2 2 200 11 2695 2693 4352
6714 2 2 200 11 2704 3261 3262
6715 2 2 200 11 1619 1847 1848
6716 2 2 200 11 2877 2878 3430
6717 2 2 200 11 1703 1762 1966
6718 2 2 200 11 2676 3050 4393
6719 2 2 200 11 2102 2016 4359
6720 2 2 200 11 1643 1644 1703
6721 2 2 200 11 2739 2740 2741
6722 2 2 200 11 1500 1871 1881
6723 2 2 200 11 1384 1381 4394
6724 2 2 200 11 1499 2733 3070
6725 2 2 200 11 1497 1864 1877
6726 2 2 200 11 1593 2066 2067
6727 2 2 200 11 2687 2685 4356
6728 2 2 200 11 2448 2045 4343
6729 2 2 200 11 1590 1633 1634
6730 2 2 200 11 1828 1918 4363
6731 2 2 200 11 971 969 4357
6732 2 2 200 11 4195 1936 4489
6733 2 2 200 11 1254 1253 1255
6734 2 2 200 11 3203 2166 3204
6735 2 2 200 11 1506 1853 1854
6736 2 2 200 11 1265 1263 1531
6737 2 2 200 11 1625 1858 1859
6738 2 2 200 11 3081 3080 3082
6739 2 2 200 11 1624 1553 1760
6740 2 2 200 11 1507 1463 4637
6741 2 2 200 11 965 964 4412
6742 2 2 200 11 1841 1554 1842
6743 2 2 200 11 1891 1758 2073
6744 2 2 200 11 2983 2945 3402
6745 2 2 200 11 1631 1630 1668
6746 2 2 200 11 1516 1635 1636
6747 2 2 200 11 2721 1638 3076
6748 2 2 200 11 2941 3437 3544
6749 2 2 200 11 1387 1385 4364
6750 2 2 200 11 1881 1882 1883
6751 2 2 200 11 2921 2077 3210
6752 2 2 200 11 2121 2119 4358
6753 2 2 200 11 1634 1691 1778
6754 2 2 200 11 1877 1878 1879
6755 2 2 200 11 2839 2840 3355
6756 2 2 200 11 1640 1639 1710
6757 2 2 200 11 3348 3149 3491
6758 2 2 200 11 1708 1668 1895
6759 2 2 200 11 1777 4257 4343
6760 2 2 200 11 1854 1855 1856
6761 2 2 200 11 1914 2017 2918
6762 2 2 200 11 4297 4372 4456
6763 2 2 200 11 1861 1862 1914
6764 2 2 200 11 1859 1860 1861
6765 2 2 200 11 1623 968 1645
6766 2 2 200 11 1868 1534 4448
6767 2 2 200 11 1626 1537 1717
6768 2 2 200 11 1464 1462 4474
6769 2 2 200 11 2857 2937 3443
6770 2 2 200 11 1856 1857 2024
6771 2 2 200 11 2136 2072 2938
6772 2 2 200 11 1636 1637 1734
6773 2 2 200 11 3232 3333 3476
6774 2 2 200 11 1844 1534 1845
6775 2 2 200 11 1629 1628 1706
6776 2 2 200 11 2758 2759 3247
6777 2 2 200 11 1246 1247 1248
6778 2 2 200 11 3342 2927 3488
6779 2 2 200 11 1643 1642 1644
6780 2 2 200 11 3124 3123 3125
6781 2 2 200 11 1883 1884 1981
6782 2 2 200 11 1723 1710 1953
6783 2 2 200 11 2155 2157 4348
6784 2 2 200 11 2087 2088 4360
6785 2 2 200 11 2885 2865 3299
6786 2 2 200 11 1879 1880 2087
6787 2 2 200 11 1981 1982 2972
6788 2 2 200 11 3021 2779 3855
6789 2 2 200 11 1147 1145 4374
6790 2 2 200 11 1703 1644 1762
6791 2 2 200 11 4435 2709 4578
6792 2 2 200 11 1707 1706 1944
6793 2 2 200 11 2058 1752 4436
6794 2 2 200 11 1848 1849 1850
6795 2 2 200 11 2889 2887 4320
6796 2 2 200 11 2693 3227 4352
6797 2 2 200 11 1362 1359 4388
6798 2 2 200 11 3043 2658 4354
6799 2 2 200 11 1891 2073 2074
6800 2 2 200 11 2234 1996 2236
6801 2 2 200 11 1351 1506 4315
6802 2 2 200 11 1250 1248 1251
6803 2 2 200 11 1394 1391 4452
6804 2 2 200 11 2773 2771 2774
6805 2 2 200 11 4159 3984 4559
6806 2 2 200 11 946 945 947
6807 2 2 200 11 1373 1371 4371
6808 2 2 200 11 2870 2872 4390
6809 2 2 200 11 1391 1390 4452
6810 2 2 200 11 2685 2952 4356
6811 2 2 200 11 2743 2741 2744
6812 2 2 200 11 1825 1827 4468
6813 2 2 200 11 1440 1640 4355
6814 2 2 200 11 964 961 4313
6815 2 2 200 11 980 977 4457
6816 2 2 200 11 4339 1639 4404
6817 2 2 200 11 1558 1184 3799
6818 2 2 200 11 1723 2033 4349
6819 2 2 200 11 4269 4494 4545
6820 2 2 200 11 3959 4300 4713
6821 2 2 200 11 1367 1365 4375
6822 2 2 200 11 1328 4218 4450
6823 2 2 200 11 1141 1139 4379
6824 2 2 200 11 2175 1893 4419
6825 2 2 200 11 944 945 946
6826 2 2 200 11 2722 1456 4396
6827 2 2 200 11 959 957 960
6828 2 2 200 11 1931 2137 4626
6829 2 2 200 11 3423 2236 3424
6830 2 2 200 11 1385 1590 4364
6831 2 2 200 11 2739 2738 2740
6832 2 2 200 11 4653 3899 4668
6833 2 2 200 11 2119 2202 4358
6834 2 2 200 11 1863 1997 4435
6835 2 2 200 11 3288 2155 4348
6836 2 2 200 11 968 965 4412
6837 2 2 200 11 984 981 4461
6838 2 2 200 11 1145 1619 4374
6839 2 2 200 11 951 949 952
6840 2 2 200 11 1627 942 1652
6841 2 2 200 11 2724 1020 4397
6842 2 2 200 11 1133 1131 4382
6843 2 2 200 11 1839 3054 4419
6844 2 2 200 11 938 1657 4587
6845 2 2 200 11 2999 3000 3001
6846 2 2 200 11 2558 2561 4451
6847 2 2 200 11 1646 1645 1722
6848 2 2 200 11 2154 3288 3289
6849 2 2 200 11 2020 2096 2978
6850 2 2 200 11 2234 2236 3423
6851 2 2 200 11 1347 1345 4384
6852 2 2 200 11 3079 3083 4514
6853 2 2 200 11 1628 1014 4398
6854 2 2 200 11 1124 1122 4385
6855 2 2 200 11 1252 1251 1253
6856 2 2 200 11 1606 1757 1783
6857 2 2 200 11 1623 1645 1646
6858 2 2 200 11 1339 1337 4387
6859 2 2 200 11 1331 1329 4391
6860 2 2 200 11 1746 1722 2020
6861 2 2 200 11 1238 4230 4377
6862 2 2 200 11 1941 1943 2113
6863 2 2 200 11 1114 1112 4392
6864 2 2 200 11 947 948 949
6865 2 2 200 11 1430 1631 4368
6866 2 2 200 11 977 976 4457
6867 2 2 200 11 1371 1593 4371
6868 2 2 200 11 3057 2050 4426
6869 2 2 200 11 2614 3909 4383
6870 2 2 200 11 1865 1537 4424
6871 2 2 200 11 1632 1008 4401
6872 2 2 200 11 1646 1722 1746
6873 2 2 200 11 2928 3229 4417
6874 2 2 200 11 2660 2663 4354
6875 2 2 200 11 1168 3827 4544
6876 2 2 200 11 1156 1153 4372
6877 2 2 200 11 1776 1840 1984
6878 2 2 200 11 1856 2075 4422
6879 2 2 200 11 2070 1854 4422
6880 2 2 200 11 2698 2695 4352
6881 2 2 200 11 3830 3221 3831
6882 2 2 200 11 3048 2397 4240
6883 2 2 200 11 3059 2054 4418
6884 2 2 200 11 2728 2730 4400
6885 2 2 200 11 1639 1438 4404
6886 2 2 200 11 994 1643 4373
6887 2 2 200 11 1968 1966 4425
6888 2 2 200 11 3112 3110 4405
6889 2 2 200 11 1914 2919 4423
6890 2 2 200 11 1867 1861 4423
6891 2 2 200 11 969 1623 4357
6892 2 2 200 11 1630 1428 4399
6893 2 2 200 11 1450 1448 4424
6894 2 2 200 11 2478 3894 4428
6895 2 2 200 11 2141 2102 4359
6896 2 2 200 11 2781 2783 4427
6897 2 2 200 11 2932 2776 3271
6898 2 2 200 11 2690 2687 4356
6899 2 2 200 11 4391 1648 4507
6900 2 2 200 11 1735 1950 4596
6901 2 2 200 11 2678 4393 4449
6902 2 2 200 11 981 980 4461
6903 2 2 200 11 1918 2657 4363
6904 2 2 200 11 2817 2819 4408
6905 2 2 200 11 941 943 944
6906 2 2 200 11 2725 4297 4456
6907 2 2 200 11 4104 4296 4595
6908 2 2 200 11 1052 1050 4414
6909 2 2 200 11 2057 2056 4497
6910 2 2 200 11 2016 4277 4359
6911 2 2 200 11 2770 1942 2771
6912 2 2 200 11 1281 1279 4413
6913 2 2 200 11 1255 1253 1536
6914 2 2 200 11 2229 2231 4416
6915 2 2 200 11 1936 2186 4489
6916 2 2 200 11 2682 2121 4358
6917 2 2 200 11 3086 3084 4415
6918 2 2 200 11 1131 1625 4382
6919 2 2 200 11 3058 2052 4430
6920 2 2 200 11 1390 1387 4364
6921 2 2 200 11 2128 1948 2129
6922 2 2 200 11 2157 2647 4348
6923 2 2 200 11 4002 4662 4694
6924 2 2 200 11 955 953 956
6925 2 2 200 11 3812 3811 3813
6926 2 2 200 11 3147 3163 4720
6927 2 2 200 11 1740 4236 4506
6928 2 2 200 11 1981 2973 4431
6929 2 2 200 11 3142 1883 4431
6930 2 2 200 11 2872 2874 4409
6931 2 2 200 11 4374 1619 4492
6932 2 2 200 11 2178 3061 4395
6933 2 2 200 11 4345 1059 4463
6934 2 2 200 11 2088 2951 4360
6935 2 2 200 11 3261 2702 4406
6936 2 2 200 11 1150 1147 4374
6937 2 2 200 11 1642 992 4407
6938 2 2 200 11 1927 1697 4376
6939 2 2 200 11 1890 4335 4477
6940 2 2 200 11 1171 1170 4490
6941 2 2 200 11 1538 4150 4706
6942 2 2 200 11 2801 2806 4420
6943 2 2 200 11 1244 1245 1246
6944 2 2 200 11 1376 1373 4371
6945 2 2 200 11 1994 1896 4453
6946 2 2 200 11 4579 3952 4605
6947 2 2 200 11 974 971 4357
6948 2 2 200 11 3090 3088 4421
6949 2 2 200 11 2313 4481 4482
6950 2 2 200 11 1452 1626 4396
6951 2 2 200 11 4264 4414 4491
6952 2 2 200 11 4789 1894 4818
6953 2 2 200 11 2724 4397 4483
6954 2 2 200 11 4272 2713 4672
6955 2 2 200 11 1016 1629 4397
6956 2 2 200 11 1875 1554 4414
6957 2 2 200 11 1633 1384 4394
6958 2 2 200 11 1563 1562 1564
6959 2 2 200 11 1192 1191 1193
6960 2 2 200 11 1370 1367 4375
6961 2 2 200 11 3488 2927 4417
6962 2 2 200 11 1563 1564 1774
6963 2 2 200 11 4317 3077 4438
6964 2 2 200 11 1010 3075 4398
6965 2 2 200 11 2100 3376 4444
6966 2 2 200 11 2574 2571 4460
6967 2 2 200 11 1876 1553 4413
6968 2 2 200 11 2561 3136 4451
6969 2 2 200 11 4473 3121 4532
6970 2 2 200 11 1144 1141 4379
6971 2 2 200 11 1776 1984 2183
6972 2 2 200 11 1004 2721 4401
6973 2 2 200 11 947 945 948
6974 2 2 200 11 1635 1362 4388
6975 2 2 200 11 1656 4526 4570
6976 2 2 200 11 2077 2100 4444
6977 2 2 200 11 4297 1156 4372
6978 2 2 200 11 2856 2732 4380
6979 2 2 200 11 4240 3021 4636
6980 2 2 200 11 4541 2109 4542
6981 2 2 200 11 3060 2058 4436
6982 2 2 200 11 4269 4413 4494
6983 2 2 200 11 1289 1287 4438
6984 2 2 200 11 1424 3072 4399
6985 2 2 200 11 1598 4280 4376
6986 2 2 200 11 1136 1133 4382
6987 2 2 200 11 1848 1852 4492
6988 2 2 200 11 1699 1796 2042
6989 2 2 200 11 3037 3038 4520
6990 2 2 200 11 2735 1927 4376
6991 2 2 200 11 1919 2191 2192
6992 2 2 200 11 2733 4391 4507
6993 2 2 200 11 2044 1740 4506
6994 2 2 200 11 4292 3136 4743
6995 2 2 200 11 3926 3034 4535
6996 2 2 200 11 1448 1445 4464
6997 2 2 200 11 1350 1347 4384
6998 2 2 200 11 2264 2636 4434
6999 2 2 200 11 3786 2175 4419
7000 2 2 200 11 1130 1124 4385
7001 2 2 200 11 1247 1245 1656
7002 2 2 200 11 2132 3181 3399
7003 2 2 200 11 1890 1758 1891
7004 2 2 200 11 2716 4263 4553
7005 2 2 200 11 3122 3126 4532
7006 2 2 200 11 2113 2114 2127
7007 2 2 200 11 1342 1339 4387
7008 2 2 200 11 1334 1331 4391
7009 2 2 200 11 1060 1058 4443
7010 2 2 200 11 1329 1648 4391
7011 2 2 200 11 4629 1599 4635
7012 2 2 200 11 1119 1114 4392
7013 2 2 200 11 1235 1236 1508
7014 2 2 200 11 2988 2870 4390
7015 2 2 200 11 4323 3078 4443
7016 2 2 200 11 4397 1629 4483
7017 2 2 200 11 3069 1150 4374
7018 2 2 200 11 3376 2728 4400
7019 2 2 200 11 1774 1564 1776
7020 2 2 200 11 2730 2856 4400
7021 2 2 200 11 2733 1334 4391
7022 2 2 200 11 2143 2131 2144
7023 2 2 200 11 1466 1464 1540
7024 2 2 200 11 3855 4629 4635
7025 2 2 200 11 4515 1516 4562
7026 2 2 200 11 3068 2141 4359
7027 2 2 200 11 1596 4340 4456
7028 2 2 200 11 1540 1464 4474
7029 2 2 200 11 1896 1668 4510
7030 2 2 200 11 3118 3112 4405
7031 2 2 200 11 1689 1793 1794
7032 2 2 200 11 1871 1119 4392
7033 2 2 200 11 2451 2452 2453
7034 2 2 200 11 1847 1144 4379
7035 2 2 200 11 1864 1342 4387
7036 2 2 200 11 932 934 1577
7037 2 2 200 11 1632 4401 4488
7038 2 2 200 11 3080 1843 4445
7039 2 2 200 11 2756 2754 4573
7040 2 2 200 11 1858 1130 4385
7041 2 2 200 11 3110 3272 4405
7042 2 2 200 11 3190 1968 4425
7043 2 2 200 11 1853 1350 4384
7044 2 2 200 11 1229 3026 3027
7045 2 2 200 11 3074 1136 4382
7046 2 2 200 11 4365 1045 4479
7047 2 2 200 11 4367 1272 4478
7048 2 2 200 11 4357 1623 4512
7049 2 2 200 11 2820 2817 4408
7050 2 2 200 11 1843 1842 4445
7051 2 2 200 11 2066 1370 4375
7052 2 2 200 11 1761 1760 4446
7053 2 2 200 11 2783 3177 4427
7054 2 2 200 11 1537 1450 4424
7055 2 2 200 11 4198 4252 4471
7056 2 2 200 11 1645 968 4412
7057 2 2 200 11 1554 1052 4414
7058 2 2 200 11 1673 1672 1674
7059 2 2 200 11 3123 1846 4442
7060 2 2 200 11 1553 1281 4413
7061 2 2 200 11 1954 2885 4446
7062 2 2 200 11 1827 3037 4468
7063 2 2 200 11 1196 1195 1197
7064 2 2 200 11 1854 1856 4422
7065 2 2 200 11 2024 2025 4441
7066 2 2 200 11 2231 2941 4416
7067 2 2 200 11 1861 1914 4423
7068 2 2 200 11 1772 2857 4437
7069 2 2 200 11 1244 1242 1245
7070 2 2 200 11 3300 3086 4415
7071 2 2 200 11 1961 2921 4445
7072 2 2 200 11 1846 1845 4442
7073 2 2 200 11 1734 1772 4437
7074 2 2 200 11 2806 2979 4420
7075 2 2 200 11 1650 3899 4653
7076 2 2 200 11 2802 2801 4420
7077 2 2 200 11 999 998 4528
7078 2 2 200 11 1903 2924 4429
7079 2 2 200 11 3274 2682 4358
7080 2 2 200 11 1778 1903 4429
7081 2 2 200 11 3116 3090 4421
7082 2 2 200 11 1995 1895 4432
7083 2 2 200 11 1718 1717 4440
7084 2 2 200 11 2874 2877 4409
7085 2 2 200 11 1522 3776 4921
7086 2 2 200 11 1757 1758 1890
7087 2 2 200 11 2018 1778 4429
7088 2 2 200 11 1117 4171 4632
7089 2 2 200 11 2852 2751 4862
7090 2 2 200 11 3088 3300 4421
7091 2 2 200 11 1655 1289 4438
7092 2 2 200 11 1646 1863 4512
7093 2 2 200 11 1945 1706 4513
7094 2 2 200 11 4382 1625 4511
7095 2 2 200 11 1966 1762 4433
7096 2 2 200 11 1895 1993 4432
7097 2 2 200 11 4517 1510 4573
7098 2 2 200 11 3069 4374 4492
7099 2 2 200 11 1028 1026 4448
7100 2 2 200 11 2423 2422 2424
7101 2 2 200 11 3333 2076 4441
7102 2 2 200 11 4401 2721 4488
7103 2 2 200 11 3189 4320 4321
7104 2 2 200 11 1653 1652 1654
7105 2 2 200 11 4011 2613 4016
7106 2 2 200 11 1762 1988 4433
7107 2 2 200 11 1036 1034 4473
7108 2 2 200 11 2771 1942 2772
7109 2 2 200 11 1883 1981 4431
7110 2 2 200 11 1869 2138 4442
7111 2 2 200 11 2877 3431 4409
7112 2 2 200 11 2840 1949 4437
7113 2 2 200 11 1866 2136 4440
7114 2 2 200 11 1287 4317 4438
7115 2 2 200 11 1541 1060 4443
7116 2 2 200 11 2947 2018 4429
7117 2 2 200 11 2163 1945 4472
7118 2 2 200 11 2917 2264 4434
7119 2 2 200 11 1973 1783 2313
7120 2 2 200 11 1993 2983 4432
7121 2 2 200 11 1949 1734 4437
7122 2 2 200 11 4694 1521 4728
7123 2 2 200 11 2873 2871 4606
7124 2 2 200 11 1859 1867 4511
7125 2 2 200 11 1872 1656 1873
7126 2 2 200 11 3834 1166 3835
7127 2 2 200 11 1246 1245 1247
7128 2 2 200 11 1870 1868 4554
7129 2 2 200 11 1717 1866 4440
7130 2 2 200 11 1557 1160 1562
7131 2 2 200 11 3071 974 4357
7132 2 2 200 11 1247 1656 1872
7133 2 2 200 11 4390 2872 4409
7134 2 2 200 11 2076 2024 4441
7135 2 2 200 11 1058 4323 4443
7136 2 2 200 11 4328 3929 4552
7137 2 2 200 11 1845 1869 4442
7138 2 2 200 11 1874 1941 1942
7139 2 2 200 11 1988 2859 4433
7140 2 2 200 11 1239 1237 4469
7141 2 2 200 11 3210 2077 4444
7142 2 2 200 11 4425 1966 4433
7143 2 2 200 11 1842 1961 4445
7144 2 2 200 11 1462 4273 4474
7145 2 2 200 11 1363 1516 4515
7146 2 2 200 11 1335 1499 4505
7147 2 2 200 11 1343 1497 4509
7148 2 2 200 11 4370 4158 4486
7149 2 2 200 11 1760 1954 4446
7150 2 2 200 11 1120 1500 4508
7151 2 2 200 11 1534 1028 4448
7152 2 2 200 11 2929 4472 4588
7153 2 2 200 11 1541 3952 4579
7154 2 2 200 11 1542 1036 4473
7155 2 2 200 11 2653 2956 2957
7156 2 2 200 11 4509 1497 4564
7157 2 2 200 11 4320 2887 4322
7158 2 2 200 11 1026 4347 4448
7159 2 2 200 11 1034 4341 4473
7160 2 2 200 11 1137 1510 4517
7161 2 2 200 11 3134 4392 4504
7162 2 2 200 11 1874 1873 1941
7163 2 2 200 11 1872 1873 1874
7164 2 2 200 11 1652 942 4521
7165 2 2 200 11 3131 4387 4505
7166 2 2 200 11 4508 1500 4568
7167 2 2 200 11 2439 2440 2441
7168 2 2 200 11 3228 2692 4454
7169 2 2 200 11 944 943 945
7170 2 2 200 11 1996 1746 4447
7171 2 2 200 11 2113 2127 3321
7172 2 2 200 11 1626 1718 4498
7173 2 2 200 11 4424 1448 4464
7174 2 2 200 11 2692 2690 4454
7175 2 2 200 11 4359 4277 4518
7176 2 2 200 11 3055 4363 4572
7177 2 2 200 11 4341 3121 4473
7178 2 2 200 11 1465 1467 4550
7179 2 2 200 11 3130 4385 4508
7180 2 2 200 11 1746 2020 4447
7181 2 2 200 11 998 4386 4528
7182 2 2 200 11 2095 2089 4599
7183 2 2 200 11 1872 4353 4470
7184 2 2 200 11 3129 4384 4509
7185 2 2 200 11 1050 1048 4491
7186 2 2 200 11 2020 2978 4447
7187 2 2 200 11 1048 1533 4491
7188 2 2 200 11 4277 4120 4518
7189 2 2 200 11 2785 1907 4691
7190 2 2 200 11 4437 2857 4524
7191 2 2 200 11 2186 2895 4489
7192 2 2 200 11 2112 2004 4541
7193 2 2 200 11 3085 3087 4605
7194 2 2 200 11 4505 1499 4569
7195 2 2 200 11 1783 1757 4477
7196 2 2 200 11 1240 1241 1242
7197 2 2 200 11 1110 1498 4504
7198 2 2 200 11 2236 1996 4447
7199 2 2 200 11 4378 4207 4484
7200 2 2 200 11 2740 4581 4609
7201 2 2 200 11 2158 2146 2159
7202 2 2 200 11 1279 1277 4494
7203 2 2 200 11 1277 1529 4494
7204 2 2 200 11 2611 2576 4502
7205 2 2 200 11 1757 1890 4477
7206 2 2 200 11 3226 2300 4984
7207 2 2 200 11 3123 4442 4525
7208 2 2 200 11 4447 2978 4533
7209 2 2 200 11 1251 1248 4470
7210 2 2 200 11 2750 3206 3414
7211 2 2 200 11 1606 1605 1757
7212 2 2 200 11 1200 1199 1201
7213 2 2 200 11 3321 2127 3322
7214 2 2 200 11 1653 1725 1726
7215 2 2 200 11 4411 1449 4496
7216 2 2 200 11 3890 3062 4583
7217 2 2 200 11 3062 2149 4497
7218 2 2 200 11 2110 2439 4592
7219 2 2 200 11 3074 4382 4511
7220 2 2 200 11 3133 4375 4515
7221 2 2 200 11 1629 1707 4483
7222 2 2 200 11 4301 4379 4517
7223 2 2 200 11 2690 4356 4454
7224 2 2 200 11 4015 2112 4541
7225 2 2 200 11 2576 2574 4502
7226 2 2 200 11 3370 3408 4609
7227 2 2 200 11 2149 2057 4497
7228 2 2 200 11 1627 1652 1653
7229 2 2 200 11 1248 1247 4470
7230 2 2 200 11 4155 4156 4649
7231 2 2 200 11 2096 2154 4458
7232 2 2 200 11 2236 4447 4533
7233 2 2 200 11 4414 1050 4491
7234 2 2 200 11 2833 4615 4708
7235 2 2 200 11 3898 3803 4486
7236 2 2 200 11 3153 2040 3154
7237 2 2 200 11 2168 2161 2169
7238 2 2 200 11 4335 4336 4481
7239 2 2 200 11 3071 4357 4512
7240 2 2 200 11 3486 3599 5165
7241 2 2 200 11 2840 4437 4524
7242 2 2 200 11 1112 1110 4504
7243 2 2 200 11 1257 1255 4462
7244 2 2 200 11 2312 3851 4786
7245 2 2 200 11 4413 1279 4494
7246 2 2 200 11 1337 1335 4505
7247 2 2 200 11 3159 2760 4628
7248 2 2 200 11 3034 940 4439
7249 2 2 200 11 4375 1365 4515
7250 2 2 200 11 4387 1337 4505
7251 2 2 200 11 4385 1122 4508
7252 2 2 200 11 4384 1345 4509
7253 2 2 200 11 1179 1181 1182
7254 2 2 200 11 3041 3042 4576
7255 2 2 200 11 4327 4597 4634
7256 2 2 200 11 3068 4359 4518
7257 2 2 200 11 4392 1112 4504
7258 2 2 200 11 1508 1236 4377
7259 2 2 200 11 1122 1120 4508
7260 2 2 200 11 2722 4396 4498
7261 2 2 200 11 1345 1343 4509
7262 2 2 200 11 2978 2096 4458
7263 2 2 200 11 2154 3289 4458
7264 2 2 200 11 1943 1873 4570
7265 2 2 200 11 3604 3602 3605
7266 2 2 200 11 1630 4399 4510
7267 2 2 200 11 4379 1139 4517
7268 2 2 200 11 2721 3144 4488
7269 2 2 200 11 1767 1688 3561
7270 2 2 200 11 2248 1736 3593
7271 2 2 200 11 1909 1870 4501
7272 2 2 200 11 4442 2138 4525
7273 2 2 200 11 1725 1654 1782
7274 2 2 200 11 1636 1735 4562
7275 2 2 200 11 1241 1239 1539
7276 2 2 200 11 4717 3146 4741
7277 2 2 200 11 1757 1605 1758
7278 2 2 200 11 1365 1363 4515
7279 2 2 200 11 3894 2717 4527
7280 2 2 200 11 1656 1245 4526
7281 2 2 200 11 2446 2044 4506
7282 2 2 200 11 2192 2191 3304
7283 2 2 200 11 1219 1217 1220
7284 2 2 200 11 1628 4398 4513
7285 2 2 200 11 4399 3072 4510
7286 2 2 200 11 2574 4460 4502
7287 2 2 200 11 4404 1434 4516
7288 2 2 200 11 2826 2083 3170
7289 2 2 200 11 4396 1626 4498
7290 2 2 200 11 1238 1239 1240
7291 2 2 200 11 1619 1848 4492
7292 2 2 200 11 1727 1674 1728
7293 2 2 200 11 1255 1536 4462
7294 2 2 200 11 4346 1358 4548
7295 2 2 200 11 1216 3600 4487
7296 2 2 200 11 4526 3067 4570
7297 2 2 200 11 2738 2722 4498
7298 2 2 200 11 1353 4315 4548
7299 2 2 200 11 2313 1783 4477
7300 2 2 200 11 1358 1355 4548
7301 2 2 200 11 3803 4370 4486
7302 2 2 200 11 941 942 943
7303 2 2 200 11 1139 1137 4517
7304 2 2 200 11 2675 4378 4484
7305 2 2 200 11 2208 2804 3195
7306 2 2 200 11 3189 2889 4320
7307 2 2 200 11 2773 2775 4673
7308 2 2 200 11 1638 1002 4528
7309 2 2 200 11 3061 2628 4557
7310 2 2 200 11 3067 1539 3936
7311 2 2 200 11 1577 2765 3198
7312 2 2 200 11 2930 2929 4674
7313 2 2 200 11 1877 3143 4564
7314 2 2 200 11 1969 2321 4610
7315 2 2 200 11 1400 1401 4622
7316 2 2 200 11 4398 3075 4513
7317 2 2 200 11 3050 2675 4484
7318 2 2 200 11 1881 3142 4568
7319 2 2 200 11 943 942 1627
7320 2 2 200 11 1887 1889 2803
7321 2 2 200 11 2980 2169 3216
7322 2 2 200 11 3078 3079 4514
7323 2 2 200 11 4230 3156 4700
7324 2 2 200 11 2779 2391 4552
7325 2 2 200 11 2735 4376 4529
7326 2 2 200 11 3932 2733 4507
7327 2 2 200 11 2004 2109 4541
7328 2 2 200 11 1919 1782 2190
7329 2 2 200 11 2253 2252 2254
7330 2 2 200 11 4700 3156 4738
7331 2 2 200 11 3038 3041 4520
7332 2 2 200 11 4464 1444 4577
7333 2 2 200 11 1236 1238 4377
7334 2 2 200 11 941 939 942
7335 2 2 200 11 2895 2897 4519
7336 2 2 200 11 3148 2069 4604
7337 2 2 200 11 4376 4280 4529
7338 2 2 200 11 2191 2190 3389
7339 2 2 200 11 4082 4157 4561
7340 2 2 200 11 1664 3874 4567
7341 2 2 200 11 4720 3163 4730
7342 2 2 200 11 1659 930 1660
7343 2 2 200 11 2389 4328 4552
7344 2 2 200 11 1668 1630 4510
7345 2 2 200 11 1625 1859 4511
7346 2 2 200 11 1919 2190 2191
7347 2 2 200 11 1638 4528 4594
7348 2 2 200 11 3356 2840 4524
7349 2 2 200 11 2717 2720 4527
7350 2 2 200 11 4336 673 5574
7351 2 2 200 11 1706 1628 4513
7352 2 2 200 11 941 944 4439
7353 2 2 200 11 2429 2428 2430
7354 2 2 200 11 4295 2875 4661
7355 2 2 200 11 1434 4368 4516
7356 2 2 200 11 1653 1654 1725
7357 2 2 200 11 4619 2778 4663
7358 2 2 200 11 1623 1646 4512
7359 2 2 200 11 2365 2366 2864
7360 2 2 200 11 1247 1872 4470
7361 2 2 200 11 4627 1995 4658
7362 2 2 200 11 1240 1239 1241
7363 2 2 200 11 1236 1234 1237
7364 2 2 200 11 935 937 938
7365 2 2 200 11 3133 4515 4562
7366 2 2 200 11 4280 950 4529
7367 2 2 200 11 2406 2405 4779
7368 2 2 200 11 4211 4209 4536
7369 2 2 200 11 938 939 940
7370 2 2 200 11 1241 1539 3067
7371 2 2 200 11 940 939 941
7372 2 2 200 11 1725 1782 1919
7373 2 2 200 11 1235 1234 1236
7374 2 2 200 11 1002 999 4528
7375 2 2 200 11 4394 1380 4555
7376 2 2 200 11 2727 4264 4537
7377 2 2 200 11 4407 988 4553
7378 2 2 200 11 1164 1165 4544
7379 2 2 200 11 3033 4366 4586
7380 2 2 200 11 3230 2930 4531
7381 2 2 200 11 945 943 4476
7382 2 2 200 11 4504 1498 4595
7383 2 2 200 11 4339 4404 4516
7384 2 2 200 11 3054 4268 4547
7385 2 2 200 11 1232 1234 1235
7386 2 2 200 11 4489 2895 4519
7387 2 2 200 11 1041 1040 4612
7388 2 2 200 11 4581 4314 4609
7389 2 2 200 11 940 941 4439
7390 2 2 200 11 2772 1942 4475
7391 2 2 200 11 1539 1239 4469
7392 2 2 200 11 4368 2762 4516
7393 2 2 200 11 3291 2939 4690
7394 2 2 200 11 1942 1941 4475
7395 2 2 200 11 4301 4517 4573
7396 2 2 200 11 1941 2113 4475
7397 2 2 200 11 1862 4603 4640
7398 2 2 200 11 2899 2900 4614
7399 2 2 200 11 1455 1457 4635
7400 2 2 200 11 3912 3007 4928
7401 2 2 200 11 3121 3122 4532
7402 2 2 200 11 2857 3443 4524
7403 2 2 200 11 1204 1203 1205
7404 2 2 200 11 2867 4269 4545
7405 2 2 200 11 1236 1237 1238
7406 2 2 200 11 4439 1597 4535
7407 2 2 200 11 4163 4160 4681
7408 2 2 200 11 1168 3825 3827
7409 2 2 200 11 1390 4364 4559
7410 2 2 200 11 3125 3123 4525
7411 2 2 200 11 4000 4001 4728
7412 2 2 200 11 2706 4281 4620
7413 2 2 200 11 1868 4448 4554
7414 2 2 200 11 1650 1064 4579
7415 2 2 200 11 3129 4509 4564
7416 2 2 200 11 2750 2748 3206
7417 2 2 200 11 2537 2486 4580
7418 2 2 200 11 2211 2955 3316
7419 2 2 200 11 1062 1541 4579
7420 2 2 200 11 1465 4550 4637
7421 2 2 200 11 3130 4508 4568
7422 2 2 200 11 2484 4316 4580
7423 2 2 200 11 1355 1353 4548
7424 2 2 200 11 976 3071 4578
7425 2 2 200 11 1182 1183 1561
7426 2 2 200 11 3062 4536 4583
7427 2 2 200 11 3413 2261 4558
7428 2 2 200 11 3131 4505 4569
7429 2 2 200 11 4363 2657 4572
7430 2 2 200 11 1776 2183 4566
7431 2 2 200 11 2780 2106 4663
7432 2 2 200 11 2770 2773 4643
7433 2 2 200 11 2881 2879 4683
7434 2 2 200 11 2779 4552 4629
7435 2 2 200 11 1233 1231 1658
7436 2 2 200 11 1273 1651 4590
7437 2 2 200 11 1533 1046 4591
7438 2 2 200 11 3071 4435 4578
7439 2 2 200 11 1857 1855 4601
7440 2 2 200 11 1862 1860 4603
7441 2 2 200 11 4548 4315 4616
7442 2 2 200 11 948 945 4476
7443 2 2 200 11 1529 1275 4590
7444 2 2 200 11 1536 1253 4565
7445 2 2 200 11 943 1627 4476
7446 2 2 200 11 2707 2706 4620
7447 2 2 200 11 3424 2236 4533
7448 2 2 200 11 2133 2068 4607
7449 2 2 200 11 4448 4347 4554
7450 2 2 200 11 1238 1237 1239
7451 2 2 200 11 4235 2551 4650
7452 2 2 200 11 1251 4470 4565
7453 2 2 200 11 2628 3033 4557
7454 2 2 200 11 2391 2389 4552
7455 2 2 200 11 4340 3069 4549
7456 2 2 200 11 2113 3321 4475
7457 2 2 200 11 1191 1190 4821
7458 2 2 200 11 3089 3091 4668
7459 2 2 200 11 1671 918 1672
7460 2 2 200 11 3786 4279 4618
7461 2 2 200 11 4318 3131 4569
7462 2 2 200 11 1245 1242 4526
7463 2 2 200 11 2578 2611 4600
7464 2 2 200 11 1915 1774 4566
7465 2 2 200 11 2752 3010 3746
7466 2 2 200 11 3027 3026 3889
7467 2 2 200 11 4492 1852 4549
7468 2 2 200 11 2073 1758 4556
7469 2 2 200 11 3420 2788 4716
7470 2 2 200 11 4318 4569 4599
7471 2 2 200 11 1320 1322 4682
7472 2 2 200 11 327 893 3964
7473 2 2 200 11 4364 4159 4559
7474 2 2 200 11 4607 2766 4613
7475 2 2 200 11 988 4309 4553
7476 2 2 200 11 4383 3909 4560
7477 2 2 200 11 2792 3820 4833
7478 2 2 200 11 1268 1267 4645
7479 2 2 200 11 4355 2767 4577
7480 2 2 200 11 4528 4386 4594
7481 2 2 200 11 2269 2270 2271
7482 2 2 200 11 1380 4319 4555
7483 2 2 200 11 3956 952 4755
7484 2 2 200 11 4223 4394 4555
7485 2 2 200 11 4569 3070 4599
7486 2 2 200 11 1229 3027 4522
7487 2 2 200 11 1919 2192 4530
7488 2 2 200 11 1660 930 4685
7489 2 2 200 11 932 1577 4551
7490 2 2 200 11 4263 4407 4553
7491 2 2 200 11 2551 2552 4650
7492 2 2 200 11 4519 2897 4563
7493 2 2 200 11 3069 4492 4549
7494 2 2 200 11 3198 2765 4410
7495 2 2 200 11 2315 2013 3281
7496 2 2 200 11 3034 4439 4535
7497 2 2 200 11 4412 964 4593
7498 2 2 200 11 1408 4149 4741
7499 2 2 200 11 2897 2899 4563
7500 2 2 200 11 938 937 939
7501 2 2 200 11 1605 1508 4556
7502 2 2 200 11 4536 1032 4583
7503 2 2 200 11 4347 3119 4554
7504 2 2 200 11 4358 2202 4543
7505 2 2 200 11 1242 1241 4526
7506 2 2 200 11 2091 1907 2785
7507 2 2 200 11 1185 1187 1188
7508 2 2 200 11 3152 4820 4831
7509 2 2 200 11 4498 1718 4581
7510 2 2 200 11 1577 934 2765
7511 2 2 200 11 4470 4353 4565
7512 2 2 200 11 2086 3292 3293
7513 2 2 200 11 2740 2738 4581
7514 2 2 200 11 1661 1660 1662
7515 2 2 200 11 2903 3065 4614
7516 2 2 200 11 3134 4504 4595
7517 2 2 200 11 2610 2582 4617
7518 2 2 200 11 2439 3306 4592
7519 2 2 200 11 3120 4464 4577
7520 2 2 200 11 3785 3786 4618
7521 2 2 200 11 2965 2402 4696
7522 2 2 200 11 2013 1973 4589
7523 2 2 200 11 4244 4729 4745
7524 2 2 200 11 3841 4383 4560
7525 2 2 200 11 4054 1498 4662
7526 2 2 200 11 4452 1390 4559
7527 2 2 200 11 1741 1742 1947
7528 2 2 200 11 4419 3054 4547
7529 2 2 200 11 2109 2110 4592
7530 2 2 200 11 1516 1636 4562
7531 2 2 200 11 2434 2432 3881
7532 2 2 200 11 1708 1995 4627
7533 2 2 200 11 3835 1166 3895
7534 2 2 200 11 2738 4498 4581
7535 2 2 200 11 4048 3762 4622
7536 2 2 200 11 1900 1899 3830
7537 2 2 200 11 3075 1632 4588
7538 2 2 200 11 2955 1915 4566
7539 2 2 200 11 4244 1648 4729
7540 2 2 200 11 937 936 4465
7541 2 2 200 11 4469 1237 4584
7542 2 2 200 11 1726 1725 4530
7543 2 2 200 11 2211 1915 2955
7544 2 2 200 11 929 931 932
7545 2 2 200 11 4319 1376 4619
7546 2 2 200 11 1718 4314 4581
7547 2 2 200 11 1787 2035 2419
7548 2 2 200 11 1497 1877 4564
7549 2 2 200 11 1394 4452 4633
7550 2 2 200 11 1765 2826 4575
7551 2 2 200 11 2410 2412 2416
7552 2 2 200 11 2657 3043 4572
7553 2 2 200 11 3042 3850 4576
7554 2 2 200 11 4549 1964 4613
7555 2 2 200 11 2129 2131 2143
7556 2 2 200 11 1253 1251 4565
7557 2 2 200 11 3293 3292 3327
7558 2 2 200 11 1500 1881 4568
7559 2 2 200 11 2754 4301 4573
7560 2 2 200 11 2404 2407 4696
7561 2 2 200 11 1885 1658 1886
7562 2 2 200 11 4260 2663 4675
7563 2 2 200 11 1208 1207 1209
7564 2 2 200 11 3492 3149 4658
7565 2 2 200 11 1064 1062 4579
7566 2 2 200 11 3829 1511 4810
7567 2 2 200 11 1499 3070 4569
7568 2 2 200 11 1889 2124 2737
7569 2 2 200 11 2486 2484 4580
7570 2 2 200 11 3786 4419 4547
7571 2 2 200 11 4019 1488 4763
7572 2 2 200 11 2939 2072 4659
7573 2 2 200 11 2737 2124 3346
7574 2 2 200 11 2433 2432 2434
7575 2 2 200 11 1947 1948 2128
7576 2 2 200 11 4141 4144 4710
7577 2 2 200 11 1774 1776 4566
7578 2 2 200 11 1229 1230 3026
7579 2 2 200 11 3274 4358 4543
7580 2 2 200 11 1215 1216 1217
7581 2 2 200 11 1508 4377 4556
7582 2 2 200 11 4339 4516 4604
7583 2 2 200 11 1889 1888 2124
7584 2 2 200 11 4483 2786 4608
7585 2 2 200 11 4542 2109 4592
7586 2 2 200 11 4516 2762 4604
7587 2 2 200 11 1758 1605 4556
7588 2 2 200 11 935 936 937
7589 2 2 200 11 2205 3615 5607
7590 2 2 200 11 1444 4355 4577
7591 2 2 200 11 1241 3067 4526
7592 2 2 200 11 4018 2793 4745
7593 2 2 200 11 2086 1978 2920
7594 2 2 200 11 1651 1271 4645
7595 2 2 200 11 4472 3075 4588
7596 2 2 200 11 2937 4723 4739
7597 2 2 200 11 4151 1524 4844
7598 2 2 200 11 1653 1726 4534
7599 2 2 200 11 4577 2767 4630
7600 2 2 200 11 2238 2194 2239
7601 2 2 200 11 1173 1176 4654
7602 2 2 200 11 460 811 4722
7603 2 2 200 11 1066 1650 4653
7604 2 2 200 11 4371 2778 4619
7605 2 2 200 11 3119 2724 4608
7606 2 2 200 11 2756 4573 4597
7607 2 2 200 11 1538 1068 4653
7608 2 2 200 11 4366 3878 4586
7609 2 2 200 11 3929 1599 4629
7610 2 2 200 11 4296 3134 4595
7611 2 2 200 11 1275 1273 4590
7612 2 2 200 11 1559 1174 1569
7613 2 2 200 11 3281 2013 4589
7614 2 2 200 11 1046 1044 4591
7615 2 2 200 11 2075 2790 4709
7616 2 2 200 11 3076 4594 4610
7617 2 2 200 11 2663 2664 4675
7618 2 2 200 11 3999 1521 4748
7619 2 2 200 11 1725 1919 4530
7620 2 2 200 11 935 933 936
7621 2 2 200 11 4222 4619 4663
7622 2 2 200 11 4457 976 4578
7623 2 2 200 11 3998 4756 4769
7624 2 2 200 11 1233 1658 1885
7625 2 2 200 11 2189 2948 3191
7626 2 2 200 11 2488 2537 4656
7627 2 2 200 11 3157 4846 4853
7628 2 2 200 11 2190 1782 4540
7629 2 2 200 11 1498 1108 4662
7630 2 2 200 11 4169 4170 4731
7631 2 2 200 11 2741 2740 4642
7632 2 2 200 11 926 928 3184
7633 2 2 200 11 1232 1233 1234
7634 2 2 200 11 4594 2764 4610
7635 2 2 200 11 1873 1656 4570
7636 2 2 200 11 2767 4349 4630
7637 2 2 200 11 4346 4548 4616
7638 2 2 200 11 482 6 650
7639 2 2 200 11 7 470 651
7640 2 2 200 11 476 477 649
7641 2 2 200 11 4222 4319 4619
7642 2 2 200 11 3239 2912 3240
7643 2 2 200 11 3916 4618 4623
7644 2 2 200 11 1189 1191 1192
7645 2 2 200 11 4552 3929 4629
7646 2 2 200 11 472 473 759
7647 2 2 200 11 3148 4604 4627
7648 2 2 200 11 1627 1653 4534
7649 2 2 200 11 2144 2146 2158
7650 2 2 200 11 3813 3811 4495
7651 2 2 200 11 2536 2492 4664
7652 2 2 200 11 4568 3142 4603
7653 2 2 200 11 1930 2188 2189
7654 2 2 200 11 3132 3133 4596
7655 2 2 200 11 4564 3143 4601
7656 2 2 200 11 3158 4864 4873
7657 2 2 200 11 474 475 853
7658 2 2 200 11 3963 4412 4593
7659 2 2 200 11 964 4313 4593
7660 2 2 200 11 591 3558 5155
7661 2 2 200 11 1794 1793 2081
7662 2 2 200 11 1404 4048 4622
7663 2 2 200 11 4131 1527 4861
7664 2 2 200 11 1887 1888 1889
7665 2 2 200 11 939 937 4521
7666 2 2 200 11 980 4457 4672
7667 2 2 200 11 3306 2441 3320
7668 2 2 200 11 1709 1929 1930
7669 2 2 200 11 3776 1522 4925
7670 2 2 200 11 1193 1195 1196
7671 2 2 200 11 2788 1909 4702
7672 2 2 200 11 894 18 3965
7673 2 2 200 11 3878 3879 4602
7674 2 2 200 11 4562 1735 4596
7675 2 2 200 11 4130 1526 4881
7676 2 2 200 11 2580 2578 4600
7677 2 2 200 11 2439 2441 3306
7678 2 2 200 11 3076 1638 4594
7679 2 2 200 11 2126 2735 4695
7680 2 2 200 11 479 480 758
7681 2 2 200 11 1212 1211 1213
7682 2 2 200 11 1510 3074 4597
7683 2 2 200 11 2082 2081 2195
7684 2 2 200 11 2159 2161 2168
7685 2 2 200 11 4476 1627 4534
7686 2 2 200 11 4603 3142 4640
7687 2 2 200 11 3952 3085 4605
7688 2 2 200 11 1855 3129 4601
7689 2 2 200 11 1764 1662 1766
7690 2 2 200 11 1887 1886 1888
7691 2 2 200 11 4017 1568 4701
7692 2 2 200 11 3070 3932 4625
7693 2 2 200 11 932 933 934
7694 2 2 200 11 1860 3130 4603
7695 2 2 200 11 3826 1172 4654
7696 2 2 200 11 2871 3900 4606
7697 2 2 200 11 2238 2239 3246
7698 2 2 200 11 1201 1203 1204
7699 2 2 200 11 1485 1486 1517
7700 2 2 200 11 1765 1978 2083
7701 2 2 200 11 1197 1199 1200
7702 2 2 200 11 1973 2313 4589
7703 2 2 200 11 1632 4488 4588
7704 2 2 200 11 4630 4349 4659
7705 2 2 200 11 4501 3119 4608
7706 2 2 200 11 1040 1038 4686
7707 2 2 200 11 4452 3056 4633
7708 2 2 200 11 2238 3246 3385
7709 2 2 200 11 4021 3916 4623
7710 2 2 200 11 1179 1182 4624
7711 2 2 200 11 1536 4565 4643
7712 2 2 200 11 1230 1227 1231
7713 2 2 200 11 1675 1178 3168
7714 2 2 200 11 937 4465 4521
7715 2 2 200 11 3065 2905 4680
7716 2 2 200 11 3120 4577 4630
7717 2 2 200 11 2068 2766 4607
7718 2 2 200 11 3067 3936 4641
7719 2 2 200 11 1678 1693 1694
7720 2 2 200 11 2450 2434 2451
7721 2 2 200 11 2764 1969 4610
7722 2 2 200 11 2584 2610 4687
7723 2 2 200 11 911 908 3824
7724 2 2 200 11 4168 4167 4621
7725 2 2 200 11 3095 3097 4736
7726 2 2 200 11 1170 1167 3834
7727 2 2 200 11 1755 1665 1894
7728 2 2 200 11 3011 2408 4466
7729 2 2 200 11 4586 3878 4602
7730 2 2 200 11 2089 4318 4599
7731 2 2 200 11 3148 4627 4658
7732 2 2 200 11 2000 1894 2001
7733 2 2 200 11 4386 2764 4594
7734 2 2 200 11 1398 4312 4684
7735 2 2 200 11 2137 3362 3363
7736 2 2 200 11 4020 4776 4796
7737 2 2 200 11 2017 1862 4640
7738 2 2 200 11 2108 1738 4546
7739 2 2 200 11 2420 2422 2423
7740 2 2 200 11 1044 1041 4612
7741 2 2 200 11 1104 1521 4694
7742 2 2 200 11 471 472 3740
7743 2 2 200 11 1258 1257 4715
7744 2 2 200 11 942 939 4521
7745 2 2 200 11 2086 2920 3292
7746 2 2 200 11 779 3434 5575
7747 2 2 200 11 1885 1886 1887
7748 2 2 200 11 1230 1231 1232
7749 2 2 200 11 2069 4339 4604
7750 2 2 200 11 4304 2667 4717
7751 2 2 200 11 934 933 935
7752 2 2 200 11 4591 1044 4612
7753 2 2 200 11 2609 2588 4699
7754 2 2 200 11 2791 4346 4616
7755 2 2 200 11 2900 2903 4614
7756 2 2 200 11 2929 4588 4674
7757 2 2 200 11 2193 2238 4538
7758 2 2 200 11 1659 1660 1661
7759 2 2 200 11 1661 1764 1765
7760 2 2 200 11 2667 2668 4717
7761 2 2 200 11 2207 2001 2208
7762 2 2 200 11 1220 1217 4487
7763 2 2 200 11 1232 1231 1233
7764 2 2 200 11 2791 4616 4660
7765 2 2 200 11 3026 1230 4503
7766 2 2 200 11 932 931 933
7767 2 2 200 11 4111 4114 4746
7768 2 2 200 11 2095 4599 4625
7769 2 2 200 11 1401 1404 4622
7770 2 2 200 11 2292 2291 2293
7771 2 2 200 11 2582 2580 4617
7772 2 2 200 11 2313 4482 4589
7773 2 2 200 11 1230 1232 4503
7774 2 2 200 11 2188 1929 2944
7775 2 2 200 11 1070 1538 4706
7776 2 2 200 11 4314 3370 4609
7777 2 2 200 11 2766 4340 4613
7778 2 2 200 11 1225 1227 1229
7779 2 2 200 11 1463 1465 4637
7780 2 2 200 11 3019 4620 4652
7781 2 2 200 11 2744 2741 4642
7782 2 2 200 11 1107 1109 4750
7783 2 2 200 11 3130 4568 4603
7784 2 2 200 11 2580 4600 4617
7785 2 2 200 11 3129 4564 4601
7786 2 2 200 11 3958 956 4742
7787 2 2 200 11 2494 2536 4711
7788 2 2 200 11 1222 1669 1678
7789 2 2 200 11 1531 1263 4705
7790 2 2 200 11 4570 3067 4641
7791 2 2 200 11 3133 4562 4596
7792 2 2 200 11 2760 3066 4628
7793 2 2 200 11 1694 1899 1900
7794 2 2 200 11 2940 2300 3226
7795 2 2 200 11 2426 2428 2429
7796 2 2 200 11 4300 960 4713
7797 2 2 200 11 1959 1960 2029
7798 2 2 200 11 3916 3785 4618
7799 2 2 200 11 960 957 4713
7800 2 2 200 11 4643 2773 4673
7801 2 2 200 11 2724 4483 4608
7802 2 2 200 11 2168 2169 2980
7803 2 2 200 11 3019 2707 4620
7804 2 2 200 11 1232 1235 4503
7805 2 2 200 11 470 471 3806
7806 2 2 200 11 920 922 1670
7807 2 2 200 11 3209 2017 4692
7808 2 2 200 11 4608 2786 4702
7809 2 2 200 11 4573 1510 4597
7810 2 2 200 11 2083 1978 2086
7811 2 2 200 11 1512 4682 4814
7812 2 2 200 11 1219 1220 1221
7813 2 2 200 11 4340 4549 4613
7814 2 2 200 11 4634 1867 4718
7815 2 2 200 11 4171 4172 4632
7816 2 2 200 11 2762 1708 4627
7817 2 2 200 11 4457 4272 4672
7818 2 2 200 11 3209 4692 4714
7819 2 2 200 11 1738 1566 2319
7820 2 2 200 11 4002 4694 4728
7821 2 2 200 11 984 4461 4720
7822 2 2 200 11 4315 2070 4616
7823 2 2 200 11 2071 3120 4630
7824 2 2 200 11 1217 1216 4487
7825 2 2 200 11 2949 2315 4571
7826 2 2 200 11 2787 2791 4660
7827 2 2 200 11 4609 3408 4642
7828 2 2 200 11 2792 4738 4747
7829 2 2 200 11 2980 3216 3217
7830 2 2 200 11 1599 1455 4635
7831 2 2 200 11 4511 1867 4634
7832 2 2 200 11 3048 4240 4636
7833 2 2 200 11 2535 2498 4719
7834 2 2 200 11 3159 4628 4686
7835 2 2 200 11 1267 1265 4721
7836 2 2 200 11 1229 1227 1230
7837 2 2 200 11 4565 4353 4643
7838 2 2 200 11 1376 4371 4619
7839 2 2 200 11 4312 3141 4684
7840 2 2 200 11 4616 2070 4660
7841 2 2 200 11 4493 3213 4869
7842 2 2 200 11 2671 3146 4717
7843 2 2 200 11 2937 1956 4723
7844 2 2 200 11 4708 1226 4726
7845 2 2 200 11 3471 3470 4964
7846 2 2 200 11 1205 1207 1208
7847 2 2 200 11 1545 1074 4725
7848 2 2 200 11 3750 5061 5608
7849 2 2 200 11 4503 1604 4611
7850 2 2 200 11 1709 1667 1741
7851 2 2 200 11 2000 2207 2314
7852 2 2 200 11 1178 1179 4624
7853 2 2 200 11 1176 1178 1675
7854 2 2 200 11 1568 1699 4701
7855 2 2 200 11 3749 3748 4814
7856 2 2 200 11 2768 3453 3763
7857 2 2 200 11 1561 1183 4582
7858 2 2 200 11 4312 1394 4633
7859 2 2 200 11 3191 2948 3340
7860 2 2 200 11 2430 2432 2433
7861 2 2 200 11 2423 2424 3007
7862 2 2 200 11 1237 1234 4584
7863 2 2 200 11 1176 1675 4654
7864 2 2 200 11 4136 4139 4758
7865 2 2 200 11 3145 3997 4769
7866 2 2 200 11 1648 1327 4729
7867 2 2 200 11 1224 4523 4651
7868 2 2 200 11 1666 1561 1667
7869 2 2 200 11 1325 1488 4729
7870 2 2 200 11 4597 3074 4634
7871 2 2 200 11 1271 1268 4645
7872 2 2 200 11 2792 2074 4738
7873 2 2 200 11 1765 1764 1978
7874 2 2 200 11 1218 1217 1219
7875 2 2 200 11 1947 2128 2378
7876 2 2 200 11 2189 2188 2948
7877 2 2 200 11 2740 4609 4642
7878 2 2 200 11 2193 2194 2238
7879 2 2 200 11 3855 2779 4629
7880 2 2 200 11 1747 2090 2836
7881 2 2 200 11 2768 2453 2769
7882 2 2 200 11 1182 1561 1666
7883 2 2 200 11 2590 2609 4734
7884 2 2 200 11 1224 1225 4522
7885 2 2 200 11 2925 2008 2926
7886 2 2 200 11 4604 2762 4627
7887 2 2 200 11 2552 2562 4650
7888 2 2 200 11 2071 4630 4659
7889 2 2 200 11 1218 1677 3171
7890 2 2 200 11 935 938 4587
7891 2 2 200 11 2378 2128 3336
7892 2 2 200 11 1172 1173 4654
7893 2 2 200 11 4127 4128 4796
7894 2 2 200 11 1068 1066 4653
7895 2 2 200 11 4154 4155 4649
7896 2 2 200 11 1402 4311 4733
7897 2 2 200 11 1661 1662 1764
7898 2 2 200 11 3136 2565 4743
7899 2 2 200 11 3142 4431 4640
7900 2 2 200 11 4097 4100 4766
7901 2 2 200 11 1234 1233 4584
7902 2 2 200 11 1212 1663 1664
7903 2 2 200 11 2193 2032 2194
7904 2 2 200 11 931 930 1659
7905 2 2 200 11 1126 3973 4778
7906 2 2 200 11 1930 1929 2188
7907 2 2 200 11 2608 2594 4740
7908 2 2 200 11 545 720 4956
7909 2 2 200 11 929 932 4551
7910 2 2 200 11 4304 4717 4741
7911 2 2 200 11 1943 4570 4641
7912 2 2 200 11 4327 4634 4718
7913 2 2 200 11 4599 3070 4625
7914 2 2 200 11 2315 3281 4571
7915 2 2 200 11 2407 3373 4696
7916 2 2 200 11 1209 1211 1212
7917 2 2 200 11 2875 3856 4661
7918 2 2 200 11 2765 934 4587
7919 2 2 200 11 3171 4789 4818
7920 2 2 200 11 1225 1223 1226
7921 2 2 200 11 3101 3103 4768
7922 2 2 200 11 652 4782 5547
7923 2 2 200 11 2000 2001 2207
7924 2 2 200 11 929 930 931
7925 2 2 200 11 4709 2790 4723
7926 2 2 200 11 2490 2488 4656
7927 2 2 200 11 4813 4068 4819
7928 2 2 200 11 1225 1229 4522
7929 2 2 200 11 2207 2208 2966
7930 2 2 200 11 1470 3811 3812
7931 2 2 200 11 2137 3363 4626
7932 2 2 200 11 4353 2770 4643
7933 2 2 200 11 1108 1106 4662
7934 2 2 200 11 3970 3971 4815
7935 2 2 200 11 3074 4511 4634
7936 2 2 200 11 1182 1666 4624
7937 2 2 200 11 2804 2001 4789
7938 2 2 200 11 4501 4608 4702
7939 2 2 200 11 1215 1217 1218
7940 2 2 200 11 929 927 930
7941 2 2 200 11 4461 3147 4720
7942 2 2 200 11 1709 1741 1929
7943 2 2 200 11 1233 1885 4584
7944 2 2 200 11 4295 4661 4721
7945 2 2 200 11 956 953 4742
7946 2 2 200 11 2378 3336 3343
7947 2 2 200 11 2106 4222 4663
7948 2 2 200 11 2238 3385 4538
7949 2 2 200 11 1520 4750 4865
7950 2 2 200 11 2158 2159 4638
7951 2 2 200 11 1221 1223 1224
7952 2 2 200 11 2208 3195 4585
7953 2 2 200 11 1183 1185 4582
7954 2 2 200 11 1418 4068 4813
7955 2 2 200 11 1521 1102 4748
7956 2 2 200 11 1664 1665 1689
7957 2 2 200 11 1212 1213 1663
7958 2 2 200 11 4588 4488 4674
7959 2 2 200 11 3149 3148 4658
7960 2 2 200 11 2072 2071 4659
7961 2 2 200 11 928 929 4551
7962 2 2 200 11 2168 2980 3199
7963 2 2 200 11 1224 1223 1225
7964 2 2 200 11 2788 4702 4716
7965 2 2 200 11 3492 4658 4676
7966 2 2 200 11 2492 2490 4664
7967 2 2 200 11 1755 1894 2000
7968 2 2 200 11 2500 2535 4752
7969 2 2 200 11 2081 1793 2892
7970 2 2 200 11 1076 1545 4751
7971 2 2 200 11 1689 1755 1793
7972 2 2 200 11 2939 4659 4690
7973 2 2 200 11 2716 4730 4767
7974 2 2 200 11 934 935 4587
7975 2 2 200 11 4311 3036 4733
7976 2 2 200 11 4587 1657 4693
7977 2 2 200 11 1666 1667 1709
7978 2 2 200 11 1414 4066 4800
7979 2 2 200 11 3166 1989 4767
7980 2 2 200 11 3899 3089 4668
7981 2 2 200 11 2070 4422 4660
7982 2 2 200 11 18 19 3965
7983 2 2 200 11 4715 1257 4837
7984 2 2 200 11 1572 3966 4797
7985 2 2 200 11 4628 1040 4686
7986 2 2 200 11 2534 2504 4754
7987 2 2 200 11 3889 3026 4611
7988 2 2 200 11 2159 2168 4638
7989 2 2 200 11 2490 4656 4664
7990 2 2 200 11 2780 4663 4665
7991 2 2 200 11 1098 1528 4756
7992 2 2 200 11 4164 4163 4681
7993 2 2 200 11 2041 3155 3286
7994 2 2 200 11 1185 1188 4582
7995 2 2 200 11 1410 3979 4785
7996 2 2 200 11 1406 4291 4771
7997 2 2 200 11 1658 1231 4615
7998 2 2 200 11 3477 2413 4779
7999 2 2 200 11 1689 1665 1755
8000 2 2 200 11 2041 3286 4631
8001 2 2 200 11 952 949 4755
8002 2 2 200 11 2596 2608 4760
8003 2 2 200 11 2778 2067 4665
8004 2 2 200 11 2017 4640 4692
8005 2 2 200 11 1549 1080 4761
8006 2 2 200 11 1664 1663 1665
8007 2 2 200 11 1479 1478 4765
8008 2 2 200 11 1208 1209 4567
8009 2 2 200 11 1407 1406 4771
8010 2 2 200 11 1221 1220 1222
8011 2 2 200 11 1512 1320 4682
8012 2 2 200 11 2768 2769 3453
8013 2 2 200 11 2607 2600 4762
8014 2 2 200 11 2433 2434 2450
8015 2 2 200 11 1488 1323 4763
8016 2 2 200 11 2664 2667 4675
8017 2 2 200 11 4461 980 4672
8018 2 2 200 11 1670 1676 1704
8019 2 2 200 11 2772 4475 4647
8020 2 2 200 11 2905 2907 4680
8021 2 2 200 11 4610 2321 4735
8022 2 2 200 11 2879 4295 4683
8023 2 2 200 11 3168 1178 4624
8024 2 2 200 11 3972 4073 4834
8025 2 2 200 11 4662 1106 4694
8026 2 2 200 11 3286 3155 3315
8027 2 2 200 11 1558 3799 4655
8028 2 2 200 11 2586 2584 4687
8029 2 2 200 11 2031 1921 2032
8030 2 2 200 11 2158 4638 4639
8031 2 2 200 11 2041 2040 3153
8032 2 2 200 11 3581 3580 4865
8033 2 2 200 11 2402 2404 4696
8034 2 2 200 11 4615 1226 4708
8035 2 2 200 11 2965 4696 4697
8036 2 2 200 11 2266 3338 4835
8037 2 2 200 11 4311 1398 4684
8038 2 2 200 11 3107 3109 4802
8039 2 2 200 11 3166 4775 4783
8040 2 2 200 11 2714 2715 4775
8041 2 2 200 11 1536 4643 4673
8042 2 2 200 11 4735 2321 4792
8043 2 2 200 11 2811 2508 4772
8044 2 2 200 11 2506 2534 4772
8045 2 2 200 11 4475 3321 4647
8046 2 2 200 11 3024 2126 4695
8047 2 2 200 11 1106 1104 4694
8048 2 2 200 11 1995 4432 4676
8049 2 2 200 11 2451 2453 2768
8050 2 2 200 11 2433 2450 3174
8051 2 2 200 11 1038 1542 4686
8052 2 2 200 11 3968 3969 4815
8053 2 2 200 11 1225 1226 1227
8054 2 2 200 11 1319 1511 4776
8055 2 2 200 11 2429 2430 4667
8056 2 2 200 11 1411 1410 4785
8057 2 2 200 11 4462 1536 4673
8058 2 2 200 11 1887 2803 4727
8059 2 2 200 11 4692 2973 4714
8060 2 2 200 11 3026 4503 4611
8061 2 2 200 11 4723 2790 4739
8062 2 2 200 11 2588 2586 4699
8063 2 2 200 11 1218 1219 1677
8064 2 2 200 11 4665 2067 4698
8065 2 2 200 11 3834 4923 4932
8066 2 2 200 11 1227 1226 4615
8067 2 2 200 11 2423 3007 3757
8068 2 2 200 11 3748 2604 4780
8069 2 2 200 11 2602 2607 4780
8070 2 2 200 11 2067 3132 4698
8071 2 2 200 11 4730 3163 4767
8072 2 2 200 11 1566 1558 4655
8073 2 2 200 11 1709 1930 4777
8074 2 2 200 11 4488 3144 4674
8075 2 2 200 11 2966 2208 4585
8076 2 2 200 11 4349 2033 4690
8077 2 2 200 11 2787 4660 4709
8078 2 2 200 11 4682 3749 4814
8079 2 2 200 11 1741 1947 4646
8080 2 2 200 11 2041 3153 3155
8081 2 2 200 11 2123 3537 5611
8082 2 2 200 11 1082 1549 4781
8083 2 2 200 11 4431 2973 4692
8084 2 2 200 11 4074 4075 4834
8085 2 2 200 11 2031 2032 2193
8086 2 2 200 11 2586 4687 4699
8087 2 2 200 11 4180 4182 4744
8088 2 2 200 11 1920 2031 2992
8089 2 2 200 11 4640 4431 4692
8090 2 2 200 11 1570 1569 1700
8091 2 2 200 11 5060 2195 5086
8092 2 2 200 11 2907 2909 4704
8093 2 2 200 11 4680 2907 4704
8094 2 2 200 11 1263 1261 4705
8095 2 2 200 11 1072 1070 4706
8096 2 2 200 11 4142 4141 4710
8097 2 2 200 11 4661 1267 4721
8098 2 2 200 11 2784 4327 4718
8099 2 2 200 11 1699 2042 4701
8100 2 2 200 11 4532 3126 4773
8101 2 2 200 11 3164 4724 4794
8102 2 2 200 11 2407 3011 3373
8103 2 2 200 11 1209 1212 4567
8104 2 2 200 11 2812 2512 4791
8105 2 2 200 11 2510 2811 4791
8106 2 2 200 11 3144 3076 4735
8107 2 2 200 11 1415 1414 4800
8108 2 2 200 11 2496 2494 4711
8109 2 2 200 11 869 3344 5311
8110 2 2 200 11 2813 2827 4819
8111 2 2 200 11 2419 2420 4737
8112 2 2 200 11 2314 4669 4670
8113 2 2 200 11 2430 2433 4667
8114 2 2 200 11 4596 1950 4724
8115 2 2 200 11 3111 3113 4817
8116 2 2 200 11 2073 4700 4738
8117 2 2 200 11 326 327 3964
8118 2 2 200 11 2944 1929 4646
8119 2 2 200 11 2768 3763 4703
8120 2 2 200 11 3174 2450 3751
8121 2 2 200 11 4773 3126 4803
8122 2 2 200 11 2716 4553 4730
8123 2 2 200 11 1231 1227 4615
8124 2 2 200 11 923 925 926
8125 2 2 200 11 1649 1086 4795
8126 2 2 200 11 4410 2765 4693
8127 2 2 200 11 957 956 4713
8128 2 2 200 11 459 460 4722
8129 2 2 200 11 2029 2030 2196
8130 2 2 200 11 928 927 929
8131 2 2 200 11 3260 2784 4749
8132 2 2 200 11 931 1659 4688
8133 2 2 200 11 1517 1518 1550
8134 2 2 200 11 933 931 4688
8135 2 2 200 11 1221 1222 1223
8136 2 2 200 11 1261 1258 4715
8137 2 2 200 11 4660 4422 4709
8138 2 2 200 11 1659 4575 4688
8139 2 2 200 11 4422 2075 4709
8140 2 2 200 11 936 933 4688
8141 2 2 200 11 1550 1551 1711
8142 2 2 200 11 4658 1995 4676
8143 2 2 200 11 1704 1705 1910
8144 2 2 200 11 4659 4349 4690
8145 2 2 200 11 2786 1946 4716
8146 2 2 200 11 1929 1741 4646
8147 2 2 200 11 2765 4587 4693
8148 2 2 200 11 3171 1677 4845
8149 2 2 200 11 1920 2992 4790
8150 2 2 200 11 926 3184 4732
8151 2 2 200 11 2498 2496 4719
8152 2 2 200 11 4698 3132 4724
8153 2 2 200 11 2514 2812 4804
8154 2 2 200 11 4705 1261 4715
8155 2 2 200 11 2973 3290 4714
8156 2 2 200 11 4724 1950 4794
8157 2 2 200 11 2168 3199 4638
8158 2 2 200 11 806 3444 5399
8159 2 2 200 11 2668 2671 4717
8160 2 2 200 11 4377 4230 4700
8161 2 2 200 11 2496 4711 4719
8162 2 2 200 11 4001 4002 4728
8163 2 2 200 11 1909 4501 4702
8164 2 2 200 11 1419 1418 4813
8165 2 2 200 11 4469 4584 4727
8166 2 2 200 11 4531 3144 4735
8167 2 2 200 11 1072 4706 4725
8168 2 2 200 11 4182 4451 4744
8169 2 2 200 11 4309 984 4720
8170 2 2 200 11 1956 2787 4723
8171 2 2 200 11 1074 1072 4725
8172 2 2 200 11 2533 2518 4806
8173 2 2 200 11 2798 2796 4831
8174 2 2 200 11 1265 1531 4721
8175 2 2 200 11 1867 4423 4718
8176 2 2 200 11 2188 2944 4657
8177 2 2 200 11 1088 1649 4808
8178 2 2 200 11 1544 1090 4808
8179 2 2 200 11 703 3688 4980
8180 2 2 200 11 1511 1317 4810
8181 2 2 200 11 503 504 4974
8182 2 2 200 11 3487 3486 5165
8183 2 2 200 11 2073 4556 4700
8184 2 2 200 11 3455 3478 5003
8185 2 2 200 11 1212 1664 4567
8186 2 2 200 11 1327 1325 4729
8187 2 2 200 11 1728 1737 1902
8188 2 2 200 11 3936 4793 4807
8189 2 2 200 11 1947 2378 4646
8190 2 2 200 11 2417 2935 3263
8191 2 2 200 11 3936 1539 4793
8192 2 2 200 11 1641 1422 4813
8193 2 2 200 11 4309 4720 4730
8194 2 2 200 11 4556 4377 4700
8195 2 2 200 11 4584 1885 4727
8196 2 2 200 11 1745 1700 1924
8197 2 2 200 11 1920 1705 1921
8198 2 2 200 11 3181 4807 4830
8199 2 2 200 11 4663 2778 4665
8200 2 2 200 11 3128 3095 4736
8201 2 2 200 11 4476 4534 4757
8202 2 2 200 11 1738 2319 4546
8203 2 2 200 11 2592 2590 4734
8204 2 2 200 11 5189 2915 5193
8205 2 2 200 11 4162 4169 4731
8206 2 2 200 11 1313 1524 4820
8207 2 2 200 11 3126 3127 4803
8208 2 2 200 11 2172 2792 4833
8209 2 2 200 11 4702 2786 4716
8210 2 2 200 11 4310 1402 4733
8211 2 2 200 11 926 927 928
8212 2 2 200 11 2520 2533 4824
8213 2 2 200 11 4738 3156 4747
8214 2 2 200 11 2294 2293 2295
8215 2 2 200 11 2532 2527 4825
8216 2 2 200 11 1476 1474 1532
8217 2 2 200 11 2195 4677 4678
8218 2 2 200 11 4531 4735 4792
8219 2 2 200 11 1092 1544 4827
8220 2 2 200 11 2787 4709 4723
8221 2 2 200 11 2314 2207 4669
8222 2 2 200 11 1924 2040 2041
8223 2 2 200 11 2594 2592 4740
8224 2 2 200 11 3188 3189 5029
8225 2 2 200 11 925 924 4480
8226 2 2 200 11 2565 3821 4743
8227 2 2 200 11 1920 1921 2031
8228 2 2 200 11 2213 2933 3462
8229 2 2 200 11 2948 2188 4657
8230 2 2 200 11 1670 922 1676
8231 2 2 200 11 2074 2073 4738
8232 2 2 200 11 3513 4981 5572
8233 2 2 200 11 2793 4244 4745
8234 2 2 200 11 2784 4718 4749
8235 2 2 200 11 4542 4592 4707
8236 2 2 200 11 2592 4734 4740
8237 2 2 200 11 1213 1215 4689
8238 2 2 200 11 1663 1213 4689
8239 2 2 200 11 2084 2093 3175
8240 2 2 200 11 1528 1096 4838
8241 2 2 200 11 2790 3232 4739
8242 2 2 200 11 4669 2966 4671
8243 2 2 200 11 4112 4111 4746
8244 2 2 200 11 953 952 4742
8245 2 2 200 11 2000 2314 4666
8246 2 2 200 11 2848 3186 3187
8247 2 2 200 11 3875 1188 4842
8248 2 2 200 11 3580 2531 4841
8249 2 2 200 11 2036 2213 4832
8250 2 2 200 11 2529 2532 4841
8251 2 2 200 11 4149 4304 4741
8252 2 2 200 11 3539 3540 3541
8253 2 2 200 11 2409 2406 4779
8254 2 2 200 11 2084 1900 2093
8255 2 2 200 11 2207 2966 4669
8256 2 2 200 11 3156 1647 4747
8257 2 2 200 11 4803 3127 4811
8258 2 2 200 11 2904 2902 4847
8259 2 2 200 11 1219 1221 4651
8260 2 2 200 11 4933 3293 4943
8261 2 2 200 11 4553 4309 4730
8262 2 2 200 11 1793 1755 4666
8263 2 2 200 11 4451 3136 4744
8264 2 2 200 11 2450 2451 4703
8265 2 2 200 11 2892 1793 4666
8266 2 2 200 11 2451 2768 4703
8267 2 2 200 11 2008 1924 4631
8268 2 2 200 11 923 921 924
8269 2 2 200 11 1885 1887 4727
8270 2 2 200 11 2807 2805 4853
8271 2 2 200 11 1520 1107 4750
8272 2 2 200 11 1102 1100 4748
8273 2 2 200 11 2638 3238 4843
8274 2 2 200 11 2433 3174 4667
8275 2 2 200 11 4677 2892 4679
8276 2 2 200 11 923 924 925
8277 2 2 200 11 3132 4596 4724
8278 2 2 200 11 3159 4686 4773
8279 2 2 200 11 1218 3171 4689
8280 2 2 200 11 1524 1311 4844
8281 2 2 200 11 1755 2000 4666
8282 2 2 200 11 1078 1076 4751
8283 2 2 200 11 926 925 927
8284 2 2 200 11 2502 2500 4752
8285 2 2 200 11 4696 3373 4697
8286 2 2 200 11 3331 3330 3436
8287 2 2 200 11 4434 2636 4843
8288 2 2 200 11 2195 2081 4677
8289 2 2 200 11 4592 3306 4707
8290 2 2 200 11 3801 4715 4837
8291 2 2 200 11 4259 2763 4998
8292 2 2 200 11 4718 4423 4749
8293 2 2 200 11 2395 4206 5044
8294 2 2 200 11 4423 2919 4749
8295 2 2 200 11 4750 3581 4865
8296 2 2 200 11 3175 2093 3176
8297 2 2 200 11 2504 2502 4754
8298 2 2 200 11 3954 3955 4858
8299 2 2 200 11 2295 2297 2298
8300 2 2 200 11 1307 1527 4846
8301 2 2 200 11 4727 2803 4793
8302 2 2 200 11 3003 3006 4500
8303 2 2 200 11 1694 1900 2084
8304 2 2 200 11 949 948 4755
8305 2 2 200 11 2502 4752 4754
8306 2 2 200 11 3076 4610 4735
8307 2 2 200 11 4748 1100 4756
8308 2 2 200 11 1100 1098 4756
8309 2 2 200 11 2081 2892 4677
8310 2 2 200 11 1910 1705 1920
8311 2 2 200 11 2420 2423 4737
8312 2 2 200 11 1215 1218 4689
8313 2 2 200 11 4137 4136 4758
8314 2 2 200 11 2321 3282 4792
8315 2 2 200 11 3814 3902 4863
8316 2 2 200 11 3154 2040 4856
8317 2 2 200 11 1670 3839 4774
8318 2 2 200 11 1671 1672 1673
8319 2 2 200 11 3493 710 5319
8320 2 2 200 11 2598 2596 4760
8321 2 2 200 11 1078 4751 4761
8322 2 2 200 11 1924 1700 2040
8323 2 2 200 11 1784 1987 2946
8324 2 2 200 11 1080 1078 4761
8325 2 2 200 11 4792 3282 4798
8326 2 2 200 11 2319 1566 4655
8327 2 2 200 11 4755 948 4757
8328 2 2 200 11 1704 1676 1705
8329 2 2 200 11 1677 1219 4651
8330 2 2 200 11 2090 2091 2848
8331 2 2 200 11 2600 2598 4762
8332 2 2 200 11 4686 1542 4773
8333 2 2 200 11 1323 1321 4763
8334 2 2 200 11 3189 4321 4759
8335 2 2 200 11 843 5224 5252
8336 2 2 200 11 948 4476 4757
8337 2 2 200 11 2598 4760 4762
8338 2 2 200 11 4098 4097 4766
8339 2 2 200 11 2816 2814 4873
8340 2 2 200 11 3997 3998 4769
8341 2 2 200 11 1188 1189 4842
8342 2 2 200 11 3135 3101 4768
8343 2 2 200 11 3165 3164 4794
8344 2 2 200 11 2255 2254 2256
8345 2 2 200 11 1484 1482 1681
8346 2 2 200 11 1989 2716 4767
8347 2 2 200 11 4789 3171 4845
8348 2 2 200 11 2830 3954 4868
8349 2 2 200 11 1527 1305 4861
8350 2 2 200 11 2848 2091 3186
8351 2 2 200 11 2892 4666 4805
8352 2 2 200 11 1221 1224 4651
8353 2 2 200 11 2956 2830 4922
8354 2 2 200 11 3179 1994 4870
8355 2 2 200 11 2239 4991 5000
8356 2 2 200 11 2956 4922 4929
8357 2 2 200 11 508 509 4770
8358 2 2 200 11 2508 2506 4772
8359 2 2 200 11 1663 4689 4818
8360 2 2 200 11 1410 1407 4771
8361 2 2 200 11 1474 1472 4848
8362 2 2 200 11 4140 1126 4778
8363 2 2 200 11 3166 4767 4775
8364 2 2 200 11 4763 1321 4776
8365 2 2 200 11 3751 2450 4703
8366 2 2 200 11 1889 2737 4830
8367 2 2 200 11 936 4688 4812
8368 2 2 200 11 3006 3456 3457
8369 2 2 200 11 3163 2714 4775
8370 2 2 200 11 3582 3165 4801
8371 2 2 200 11 1321 1319 4776
8372 2 2 200 11 1226 1223 4726
8373 2 2 200 11 3165 4794 4801
8374 2 2 200 11 1301 1526 4864
8375 2 2 200 11 1673 1674 1727
8376 2 2 200 11 1924 2041 4631
8377 2 2 200 11 3954 4858 4868
8378 2 2 200 11 4666 2314 4805
8379 2 2 200 11 922 921 923
8380 2 2 200 11 2944 4646 4784
8381 2 2 200 11 889 4707 5531
8382 2 2 200 11 2423 3757 4737
8383 2 2 200 11 4835 775 4836
8384 2 2 200 11 691 4851 4852
8385 2 2 200 11 2703 2704 4874
8386 2 2 200 11 1780 2036 2845
8387 2 2 200 11 3443 839 5557
8388 2 2 200 11 927 925 4685
8389 2 2 200 11 925 4480 4685
8390 2 2 200 11 3159 4773 4803
8391 2 2 200 11 2604 2602 4780
8392 2 2 200 11 1894 1665 4818
8393 2 2 200 11 4646 2378 4784
8394 2 2 200 11 4866 4867 5361
8395 2 2 200 11 4101 1512 4814
8396 2 2 200 11 3776 2823 4921
8397 2 2 200 11 2821 3160 4921
8398 2 2 200 11 4469 4727 4793
8399 2 2 200 11 1084 1082 4781
8400 2 2 200 11 1682 1683 1684
8401 2 2 200 11 2196 2197 2198
8402 2 2 200 11 3204 2166 3237
8403 2 2 200 11 1542 4532 4773
8404 2 2 200 11 864 39 4849
8405 2 2 200 11 4757 4534 4858
8406 2 2 200 11 2348 2346 2349
8407 2 2 200 11 2750 3414 4862
8408 2 2 200 11 3535 738 3538
8409 2 2 200 11 4128 4020 4796
8410 2 2 200 11 306 886 4851
8411 2 2 200 11 3072 1641 4822
8412 2 2 200 11 930 927 4685
8413 2 2 200 11 1414 1411 4785
8414 2 2 200 11 2090 1907 2091
8415 2 2 200 11 2512 2510 4791
8416 2 2 200 11 3337 3166 4783
8417 2 2 200 11 1526 1299 4881
8418 2 2 200 11 3535 3538 3539
8419 2 2 200 11 3450 774 5394
8420 2 2 200 11 2285 2288 2289
8421 2 2 200 11 1747 2836 4829
8422 2 2 200 11 3974 1572 4797
8423 2 2 200 11 1222 1678 4726
8424 2 2 200 11 338 339 5014
8425 2 2 200 11 1084 4781 4795
8426 2 2 200 11 1086 1084 4795
8427 2 2 200 11 2280 2279 2281
8428 2 2 200 11 1747 1907 2090
8429 2 2 200 11 2828 3776 4930
8430 2 2 200 11 3873 2317 5033
8431 2 2 200 11 1295 1522 4919
8432 2 2 200 11 4637 3814 4863
8433 2 2 200 11 4688 4575 4812
8434 2 2 200 11 920 921 922
8435 2 2 200 11 1223 1222 4726
8436 2 2 200 11 3230 4792 4798
8437 2 2 200 11 1950 2839 4794
8438 2 2 200 11 4453 4822 4870
8439 2 2 200 11 1727 1728 4691
8440 2 2 200 11 4708 4726 4799
8441 2 2 200 11 4453 3072 4822
8442 2 2 200 11 2567 3936 4807
8443 2 2 200 11 1930 2189 4938
8444 2 2 200 11 3137 3107 4802
8445 2 2 200 11 1688 1753 1754
8446 2 2 200 11 881 4786 4788
8447 2 2 200 11 1418 1415 4800
8448 2 2 200 11 3236 3230 4798
8449 2 2 200 11 4793 2803 4807
8450 2 2 200 11 4794 2839 4801
8451 2 2 200 11 2761 3159 4803
8452 2 2 200 11 4689 3171 4818
8453 2 2 200 11 1666 1709 4777
8454 2 2 200 11 2516 2514 4804
8455 2 2 200 11 1190 3810 4821
8456 2 2 200 11 2926 2008 4631
8457 2 2 200 11 2839 3355 4801
8458 2 2 200 11 917 919 920
8459 2 2 200 11 4951 4551 4986
8460 2 2 200 11 3230 4531 4792
8461 2 2 200 11 3869 1192 4934
8462 2 2 200 11 321 322 3939
8463 2 2 200 11 1291 1655 4925
8464 2 2 200 11 1522 1293 4925
8465 2 2 200 11 3981 3980 4936
8466 2 2 200 11 2860 4122 4936
8467 2 2 200 11 2332 2328 2333
8468 2 2 200 11 1539 4469 4793
8469 2 2 200 11 2001 1894 4789
8470 2 2 200 11 3382 3201 4809
8471 2 2 200 11 4465 936 4812
8472 2 2 200 11 2518 2516 4806
8473 2 2 200 11 2314 4670 4805
8474 2 2 200 11 1782 1654 4920
8475 2 2 200 11 3241 3240 3242
8476 2 2 200 11 2516 4804 4806
8477 2 2 200 11 2912 2353 4816
8478 2 2 200 11 2378 3343 4784
8479 2 2 200 11 3913 3912 4966
8480 2 2 200 11 4859 5148 5567
8481 2 2 200 11 2341 2342 2343
8482 2 2 200 11 1090 1088 4808
8483 2 2 200 11 2761 4803 4811
8484 2 2 200 11 1747 1727 1907
8485 2 2 200 11 1673 1727 1747
8486 2 2 200 11 1907 1727 4691
8487 2 2 200 11 1317 1315 4810
8488 2 2 200 11 3196 4845 4931
8489 2 2 200 11 3969 3970 4815
8490 2 2 200 11 2416 2417 4782
8491 2 2 200 11 4879 865 4880
8492 2 2 200 11 3907 2266 4835
8493 2 2 200 11 914 911 3824
8494 2 2 200 11 1208 4493 4869
8495 2 2 200 11 4410 3188 5000
8496 2 2 200 11 1921 4876 4940
8497 2 2 200 11 1422 1419 4813
8498 2 2 200 11 2803 1889 4830
8499 2 2 200 11 3781 3111 4817
8500 2 2 200 11 4068 2813 4819
8501 2 2 200 11 4380 2761 4811
8502 2 2 200 11 3839 2092 5058
8503 2 2 200 11 4819 2827 4822
8504 2 2 200 11 4871 3170 4920
8505 2 2 200 11 2317 2316 5045
8506 2 2 200 11 919 918 1671
8507 2 2 200 11 920 919 921
8508 2 2 200 11 4810 1315 4820
8509 2 2 200 11 1315 1313 4820
8510 2 2 200 11 923 926 4732
8511 2 2 200 11 4039 794 5181
8512 2 2 200 11 2334 2350 2351
8513 2 2 200 11 3427 3004 3428
8514 2 2 200 11 1569 4490 4856
8515 2 2 200 11 1205 1208 4869
8516 2 2 200 11 2856 4380 4980
8517 2 2 200 11 4822 2827 4870
8518 2 2 200 11 3683 4360 5183
8519 2 2 200 11 4624 1666 4777
8520 2 2 200 11 2522 2520 4824
8521 2 2 200 11 917 915 918
8522 2 2 200 11 2995 2993 5168
8523 2 2 200 11 2527 2522 4825
8524 2 2 200 11 1676 922 4732
8525 2 2 200 11 922 923 4732
8526 2 2 200 11 2085 5078 5309
8527 2 2 200 11 1094 1092 4827
8528 2 2 200 11 2333 2328 4598
8529 2 2 200 11 2025 1857 4941
8530 2 2 200 11 2522 4824 4825
8531 2 2 200 11 2796 3152 4831
8532 2 2 200 11 3955 4757 4858
8533 2 2 200 11 2216 2215 2950
8534 2 2 200 11 4073 4074 4834
8535 2 2 200 11 2837 2032 4940
8536 2 2 200 11 3804 2172 4833
8537 2 2 200 11 2830 4868 4922
8538 2 2 200 11 1096 1094 4838
8539 2 2 200 11 2424 2426 4928
8540 2 2 200 11 1094 4827 4838
8541 2 2 200 11 2272 2273 3788
8542 2 2 200 11 4767 3163 4775
8543 2 2 200 11 1678 1694 4799
8544 2 2 200 11 4679 2892 4805
8545 2 2 200 11 3168 4624 4777
8546 2 2 200 11 1910 1920 4790
8547 2 2 200 11 2531 2529 4841
8548 2 2 200 11 5001 3191 5015
8549 2 2 200 11 2316 2949 5051
8550 2 2 200 11 2257 2256 2258
8551 2 2 200 11 4726 1678 4799
8552 2 2 200 11 1694 2084 4799
8553 2 2 200 11 4540 3170 4933
8554 2 2 200 11 1257 4462 4837
8555 2 2 200 11 3170 2083 4933
8556 2 2 200 11 3792 3347 5623
8557 2 2 200 11 4462 3151 4837
8558 2 2 200 11 4075 1520 4865
8559 2 2 200 11 3151 2777 4878
8560 2 2 200 11 2636 2638 4843
8561 2 2 200 11 1665 1663 4818
8562 2 2 200 11 1712 1714 1749
8563 2 2 200 11 4575 2826 4812
8564 2 2 200 11 3154 4856 4932
8565 2 2 200 11 4467 2416 4782
8566 2 2 200 11 1192 1193 4934
8567 2 2 200 11 2351 2358 2359
8568 2 2 200 11 2795 3439 3788
8569 2 2 200 11 2201 2199 5068
8570 2 2 200 11 1311 1309 4844
8571 2 2 200 11 2298 2301 2302
8572 2 2 200 11 917 918 919
8573 2 2 200 11 4878 2777 4882
8574 2 2 200 11 2078 1750 2079
8575 2 2 200 11 2711 5030 5177
8576 2 2 200 11 2166 1910 4790
8577 2 2 200 11 2086 3293 4933
8578 2 2 200 11 175 654 4857
8579 2 2 200 11 4194 3279 4955
8580 2 2 200 11 713 170 4866
8581 2 2 200 11 868 174 4857
8582 2 2 200 11 5033 2317 5045
8583 2 2 200 11 2214 2037 2215
8584 2 2 200 11 3179 4870 4874
8585 2 2 200 11 173 868 4859
8586 2 2 200 11 762 2 4859
8587 2 2 200 11 4037 4917 5295
8588 2 2 200 11 172 762 4867
8589 2 2 200 11 4923 3154 4932
8590 2 2 200 11 1733 1739 1931
8591 2 2 200 11 2804 4789 4845
8592 2 2 200 11 2969 2413 3477
8593 2 2 200 11 2751 2750 4862
8594 2 2 200 11 3255 4193 4952
8595 2 2 200 11 4844 1309 4846
8596 2 2 200 11 2777 2932 4882
8597 2 2 200 11 3500 3807 5582
8598 2 2 200 11 1309 1307 4846
8599 2 2 200 11 2902 3559 4847
8600 2 2 200 11 1189 1192 4842
8601 2 2 200 11 2343 2344 2345
8602 2 2 200 11 3263 3264 3313
8603 2 2 200 11 2826 3170 4871
8604 2 2 200 11 2273 2274 2275
8605 2 2 200 11 4982 3318 5555
8606 2 2 200 11 1728 1902 4691
8607 2 2 200 11 2213 3462 4832
8608 2 2 200 11 4837 3151 4878
8609 2 2 200 11 3203 3204 5117
8610 2 2 200 11 1931 2107 2137
8611 2 2 200 11 2417 3263 4782
8612 2 2 200 11 2968 3416 4952
8613 2 2 200 11 3389 2190 4943
8614 2 2 200 11 2805 3157 4853
8615 2 2 200 11 2137 2107 3311
8616 2 2 200 11 3801 4837 4878
8617 2 2 200 11 2734 4871 4920
8618 2 2 200 11 1700 1569 4856
8619 2 2 200 11 539 3476 5241
8620 2 2 200 11 1528 4838 4946
8621 2 2 200 11 2944 4784 4854
8622 2 2 200 11 1641 4819 4822
8623 2 2 200 11 1786 2108 4995
8624 2 2 200 11 3621 3620 5134
8625 2 2 200 11 1739 1680 2843
8626 2 2 200 11 921 919 4764
8627 2 2 200 11 924 921 4764
8628 2 2 200 11 910 912 1679
8629 2 2 200 11 913 911 914
8630 2 2 200 11 4262 874 4993
8631 2 2 200 11 2383 2381 2384
8632 2 2 200 11 832 3498 5397
8633 2 2 200 11 3539 3538 3540
8634 2 2 200 11 39 40 4849
8635 2 2 200 11 3252 3331 5027
8636 2 2 200 11 305 306 4851
8637 2 2 200 11 1791 1912 2123
8638 2 2 200 11 2137 3311 3362
8639 2 2 200 11 1679 1680 1733
8640 2 2 200 11 1679 1733 4957
8641 2 2 200 11 2926 4631 4823
8642 2 2 200 11 1507 4637 4863
8643 2 2 200 11 3462 2933 3558
8644 2 2 200 11 3868 1196 4973
8645 2 2 200 11 1931 1739 2107
8646 2 2 200 11 1305 1303 4861
8647 2 2 200 11 40 692 4849
8648 2 2 200 11 1754 2115 2116
8649 2 2 200 11 691 305 4851
8650 2 2 200 11 3145 4769 4946
8651 2 2 200 11 913 915 916
8652 2 2 200 11 1170 3834 4932
8653 2 2 200 11 4807 2803 4830
8654 2 2 200 11 2356 3249 3250
8655 2 2 200 11 1921 1705 4876
8656 2 2 200 11 174 175 4857
8657 2 2 200 11 3650 5013 5511
8658 2 2 200 11 3221 2891 4982
8659 2 2 200 11 2 173 4859
8660 2 2 200 11 5008 2848 5053
8661 2 2 200 11 170 171 4866
8662 2 2 200 11 171 172 4867
8663 2 2 200 11 4858 1726 4868
8664 2 2 200 11 3237 2166 4790
8665 2 2 200 11 4465 4812 4871
8666 2 2 200 11 919 1671 4764
8667 2 2 200 11 3583 2267 5186
8668 2 2 200 11 4939 3175 4950
8669 2 2 200 11 2080 2960 2961
8670 2 2 200 11 233 234 4875
8671 2 2 200 11 4876 3184 4940
8672 2 2 200 11 4861 1303 4864
8673 2 2 200 11 4534 1726 4858
8674 2 2 200 11 1303 1301 4864
8675 2 2 200 11 4540 4933 4943
8676 2 2 200 11 916 915 917
8677 2 2 200 11 666 233 4875
8678 2 2 200 11 4631 3286 4823
8679 2 2 200 11 3428 3004 4500
8680 2 2 200 11 4657 2944 4854
8681 2 2 200 11 2214 2215 2216
8682 2 2 200 11 4480 4968 4998
8683 2 2 200 11 867 182 4877
8684 2 2 200 11 163 865 4879
8685 2 2 200 11 3313 3264 4855
8686 2 2 200 11 905 907 1514
8687 2 2 200 11 5045 2316 5051
8688 2 2 200 11 2040 1700 4856
8689 2 2 200 11 2814 3158 4873
8690 2 2 200 11 1888 1886 4950
8691 2 2 200 11 728 502 4872
8692 2 2 200 11 3532 3537 4961
8693 2 2 200 11 2827 2703 4874
8694 2 2 200 11 1655 4438 4954
8695 2 2 200 11 1682 1681 1683
8696 2 2 200 11 2198 2199 2200
8697 2 2 200 11 2345 2346 2348
8698 2 2 200 11 3114 3172 4972
8699 2 2 200 11 3468 1485 5170
8700 2 2 200 11 1994 4453 4870
8701 2 2 200 11 2884 3801 4878
8702 2 2 200 11 682 3508 5451
8703 2 2 200 11 4860 1679 4957
8704 2 2 200 11 2209 2153 2210
8705 2 2 200 11 1204 1205 4869
8706 2 2 200 11 2975 3145 4969
8707 2 2 200 11 1726 4530 4868
8708 2 2 200 11 1685 1687 5085
8709 2 2 200 11 182 183 4877
8710 2 2 200 11 162 163 4879
8711 2 2 200 11 2884 4878 4882
8712 2 2 200 11 4812 2826 4871
8713 2 2 200 11 4601 3143 4941
8714 2 2 200 11 1299 1297 4881
8715 2 2 200 11 4923 2436 4942
8716 2 2 200 11 3867 1200 4999
8717 2 2 200 11 1577 3198 4986
8718 2 2 200 11 2734 4465 4871
8719 2 2 200 11 913 914 915
8720 2 2 200 11 2282 2281 2284
8721 2 2 200 11 183 694 4877
8722 2 2 200 11 693 162 4879
8723 2 2 200 11 155 156 4904
8724 2 2 200 11 1684 1683 1780
8725 2 2 200 11 4732 3184 4876
8726 2 2 200 11 2975 4969 4972
8727 2 2 200 11 2882 2884 4882
8728 2 2 200 11 3145 4946 4969
8729 2 2 200 11 189 190 4900
8730 2 2 200 11 153 154 4905
8731 2 2 200 11 295 296 4897
8732 2 2 200 11 188 189 4901
8733 2 2 200 11 152 153 4906
8734 2 2 200 11 191 192 4902
8735 2 2 200 11 134 135 4883
8736 2 2 200 11 288 289 4886
8737 2 2 200 11 275 276 4887
8738 2 2 200 11 789 155 4904
8739 2 2 200 11 279 280 4917
8740 2 2 200 11 260 261 4884
8741 2 2 200 11 269 270 4892
8742 2 2 200 11 267 268 4896
8743 2 2 200 11 77 78 4898
8744 2 2 200 11 49 50 4903
8745 2 2 200 11 88 89 4893
8746 2 2 200 11 204 205 4894
8747 2 2 200 11 202 203 4895
8748 2 2 200 11 215 216 4899
8749 2 2 200 11 225 226 4885
8750 2 2 200 11 93 94 4888
8751 2 2 200 11 145 146 4889
8752 2 2 200 11 80 81 4891
8753 2 2 200 11 264 265 4890
8754 2 2 200 11 199 200 4914
8755 2 2 200 11 41 42 4915
8756 2 2 200 11 277 278 4916
8757 2 2 200 11 251 252 4912
8758 2 2 200 11 266 267 4913
8759 2 2 200 11 87 88 4911
8760 2 2 200 11 85 86 4910
8761 2 2 200 11 220 221 4909
8762 2 2 200 11 158 159 4908
8763 2 2 200 11 160 161 4907
8764 2 2 200 11 184 185 4918
8765 2 2 200 11 3216 2169 5077
8766 2 2 200 11 2890 2912 3239
8767 2 2 200 11 4881 1297 4919
8768 2 2 200 11 1733 1680 1739
8769 2 2 200 11 2940 3226 3446
8770 2 2 200 11 1297 1295 4919
8771 2 2 200 11 190 784 4900
8772 2 2 200 11 154 789 4905
8773 2 2 200 11 783 295 4897
8774 2 2 200 11 4856 4490 4932
8775 2 2 200 11 674 188 4901
8776 2 2 200 11 671 152 4906
8777 2 2 200 11 928 4551 4951
8778 2 2 200 11 784 191 4902
8779 2 2 200 11 135 763 4883
8780 2 2 200 11 777 288 4886
8781 2 2 200 11 769 275 4887
8782 2 2 200 11 873 134 4883
8783 2 2 200 11 289 874 4886
8784 2 2 200 11 276 872 4887
8785 2 2 200 11 261 765 4884
8786 2 2 200 11 793 269 4892
8787 2 2 200 11 268 793 4896
8788 2 2 200 11 779 77 4898
8789 2 2 200 11 50 792 4903
8790 2 2 200 11 89 795 4893
8791 2 2 200 11 879 225 4885
8792 2 2 200 11 94 871 4888
8793 2 2 200 11 146 877 4889
8794 2 2 200 11 875 199 4914
8795 2 2 200 11 42 876 4915
8796 2 2 200 11 872 277 4916
8797 2 2 200 11 81 884 4891
8798 2 2 200 11 888 264 4890
8799 2 2 200 11 880 251 4912
8800 2 2 200 11 796 204 4894
8801 2 2 200 11 203 796 4895
8802 2 2 200 11 216 787 4899
8803 2 2 200 11 687 279 4917
8804 2 2 200 11 159 890 4908
8805 2 2 200 11 890 160 4907
8806 2 2 200 11 185 889 4918
8807 2 2 200 11 226 680 4885
8808 2 2 200 11 684 93 4888
8809 2 2 200 11 675 145 4889
8810 2 2 200 11 686 80 4891
8811 2 2 200 11 265 685 4890
8812 2 2 200 11 200 676 4914
8813 2 2 200 11 692 41 4915
8814 2 2 200 11 278 687 4916
8815 2 2 200 11 252 683 4912
8816 2 2 200 11 685 266 4913
8817 2 2 200 11 661 87 4911
8818 2 2 200 11 86 661 4910
8819 2 2 200 11 901 903 1692
8820 2 2 200 11 668 220 4909
8821 2 2 200 11 673 158 4908
8822 2 2 200 11 161 693 4907
8823 2 2 200 11 694 184 4918
8824 2 2 200 11 3320 2441 5026
8825 2 2 200 11 130 131 4924
8826 2 2 200 11 1196 1197 4973
8827 2 2 200 11 3004 3003 4500
8828 2 2 200 11 4972 3172 4975
8829 2 2 200 11 2823 2821 4921
8830 2 2 200 11 1654 2734 4920
8831 2 2 200 11 811 3435 5448
8832 2 2 200 11 1676 4732 4876
8833 2 2 200 11 1671 1673 4829
8834 2 2 200 11 3000 5151 5162
8835 2 2 200 11 1673 1747 4829
8836 2 2 200 11 4922 2192 4929
8837 2 2 200 11 3153 3154 4942
8838 2 2 200 11 131 677 4924
8839 2 2 200 11 1293 1291 4925
8840 2 2 200 11 731 3643 5163
8841 2 2 200 11 4480 924 4968
8842 2 2 200 11 1705 1676 4876
8843 2 2 200 11 4530 2192 4922
8844 2 2 200 11 3937 1756 5016
8845 2 2 200 11 1532 1474 4848
8846 2 2 200 11 2833 4939 4950
8847 2 2 200 11 2337 2333 5011
8848 2 2 200 11 3834 3835 4923
8849 2 2 200 11 2834 2828 4930
8850 2 2 200 11 4868 4530 4922
8851 2 2 200 11 3002 3001 3003
8852 2 2 200 11 2426 2429 4928
8853 2 2 200 11 2998 2997 2999
8854 2 2 200 11 3250 3251 3252
8855 2 2 200 11 4838 3774 4946
8856 2 2 200 11 2192 3304 4929
8857 2 2 200 11 2213 2214 2933
8858 2 2 200 11 1986 1767 3561
8859 2 2 200 11 2036 2037 2213
8860 2 2 200 11 2213 2037 2214
8861 2 2 200 11 2084 3175 4939
8862 2 2 200 11 2285 2284 2288
8863 2 2 200 11 3252 3253 3330
8864 2 2 200 11 1206 3751 5043
8865 2 2 200 11 2834 4954 4959
8866 2 2 200 11 2306 3422 4648
8867 2 2 200 11 3470 3267 5367
8868 2 2 200 11 2269 2268 2270
8869 2 2 200 11 359 715 5049
8870 2 2 200 11 365 366 5048
8871 2 2 200 11 4870 2827 4874
8872 2 2 200 11 2275 2276 2277
8873 2 2 200 11 2189 3191 5001
8874 2 2 200 11 714 579 5052
8875 2 2 200 11 1484 1682 5003
8876 2 2 200 11 4764 1671 4829
8877 2 2 200 11 382 383 5050
8878 2 2 200 11 3980 2860 4936
8879 2 2 200 11 2841 2834 4959
8880 2 2 200 11 3931 1851 5010
8881 2 2 200 11 3444 3303 3445
8882 2 2 200 11 2239 2194 4991
8883 2 2 200 11 4799 2084 4939
8884 2 2 200 11 2931 3185 5092
8885 2 2 200 11 70 767 4944
8886 2 2 200 11 883 69 4944
8887 2 2 200 11 1679 912 1680
8888 2 2 200 11 2336 2333 2337
8889 2 2 200 11 2306 3312 3422
8890 2 2 200 11 1688 1686 1753
8891 2 2 200 11 402 403 4935
8892 2 2 200 11 32 33 4963
8893 2 2 200 11 4866 171 4867
8894 2 2 200 11 2837 4951 4986
8895 2 2 200 11 3009 2841 4962
8896 2 2 200 11 2841 4959 4962
8897 2 2 200 11 4571 3281 5498
8898 2 2 200 11 737 4823 5470
8899 2 2 200 11 3656 2825 5297
8900 2 2 200 11 3388 3009 4970
8901 2 2 200 11 906 904 909
8902 2 2 200 11 792 51 4948
8903 2 2 200 11 3759 665 5122
8904 2 2 200 11 1193 1196 4934
8905 2 2 200 11 2083 2086 4933
8906 2 2 200 11 3358 3848 5125
8907 2 2 200 11 2259 2258 2268
8908 2 2 200 11 4777 1930 4938
8909 2 2 200 11 1739 2843 4850
8910 2 2 200 11 4708 4799 4939
8911 2 2 200 11 2107 1739 4850
8912 2 2 200 11 2328 2326 4598
8913 2 2 200 11 1200 1201 4999
8914 2 2 200 11 766 3893 5343
8915 2 2 200 11 899 898 900
8916 2 2 200 11 4490 1170 4932
8917 2 2 200 11 2758 3259 5010
8918 2 2 200 11 1851 2755 5010
8919 2 2 200 11 2330 3739 5036
8920 2 2 200 11 9 625 801
8921 2 2 200 11 638 13 802
8922 2 2 200 11 3009 4962 4970
8923 2 2 200 11 4651 4523 4931
8924 2 2 200 11 2036 1781 2037
8925 2 2 200 11 3002 3003 3004
8926 2 2 200 11 3245 5222 5340
8927 2 2 200 11 4644 3168 4938
8928 2 2 200 11 2298 2297 2301
8929 2 2 200 11 2273 2271 2274
8930 2 2 200 11 755 5251 5338
8931 2 2 200 11 1780 1683 1781
8932 2 2 200 11 3389 4943 4947
8933 2 2 200 11 4454 4356 5013
8934 2 2 200 11 1857 4601 4941
8935 2 2 200 11 11 631 647
8936 2 2 200 11 644 15 648
8937 2 2 200 11 2032 1921 4940
8938 2 2 200 11 4014 4015 5450
8939 2 2 200 11 1780 1781 2036
8940 2 2 200 11 2441 2440 5015
8941 2 2 200 11 1677 4651 4931
8942 2 2 200 11 69 70 4944
8943 2 2 200 11 2953 2355 2954
8944 2 2 200 11 2354 2349 2363
8945 2 2 200 11 3239 3240 3241
8946 2 2 200 11 1517 1550 1552
8947 2 2 200 11 465 808 5142
8948 2 2 200 11 2362 3301 3398
8949 2 2 200 11 4930 1655 4954
8950 2 2 200 11 3002 3004 3426
8951 2 2 200 11 630 629 815
8952 2 2 200 11 646 645 816
8953 2 2 200 11 4774 3839 5025
8954 2 2 200 11 2280 2286 4976
8955 2 2 200 11 912 911 913
8956 2 2 200 11 3330 3253 3390
8957 2 2 200 11 33 760 4963
8958 2 2 200 11 2833 4708 4939
8959 2 2 200 11 189 4900 4901
8960 2 2 200 11 153 4905 4906
8961 2 2 200 11 3302 2115 3303
8962 2 2 200 11 57 774 4983
8963 2 2 200 11 870 56 4983
8964 2 2 200 11 4427 3626 5219
8965 2 2 200 11 2079 2153 2209
8966 2 2 200 11 267 4896 4913
8967 2 2 200 11 88 4893 4911
8968 2 2 200 11 2190 4540 4943
8969 2 2 200 11 3460 3732 5264
8970 2 2 200 11 3503 885 5439
8971 2 2 200 11 2200 2201 2913
8972 2 2 200 11 51 52 4948
8973 2 2 200 11 3168 4777 4938
8974 2 2 200 11 3426 3004 3427
8975 2 2 200 11 2295 2296 2297
8976 2 2 200 11 910 911 912
8977 2 2 200 11 3154 4923 4942
8978 2 2 200 11 4991 3198 5000
8979 2 2 200 11 4887 4056 5398
8980 2 2 200 11 2711 2235 5030
8981 2 2 200 11 4135 117 5579
8982 2 2 200 11 3293 3327 4947
8983 2 2 200 11 2332 2333 2336
8984 2 2 200 11 15 643 2963
8985 2 2 200 11 4845 1677 4931
8986 2 2 200 11 2234 3423 5030
8987 2 2 200 11 2308 2310 3276
8988 2 2 200 11 4938 2189 5001
8989 2 2 200 11 2352 2335 2353
8990 2 2 200 11 4193 2968 4952
8991 2 2 200 11 3155 3153 4945
8992 2 2 200 11 3372 2923 5016
8993 2 2 200 11 1886 2833 4950
8994 2 2 200 11 910 908 911
8995 2 2 200 11 907 908 910
8996 2 2 200 11 2961 2960 3314
8997 2 2 200 11 3426 3427 5035
8998 2 2 200 11 4946 3774 4969
8999 2 2 200 11 876 4204 5211
9000 2 2 200 11 2837 4940 4951
9001 2 2 200 11 3395 3397 4997
9002 2 2 200 11 2304 2302 4648
9003 2 2 200 11 1749 1750 2078
9004 2 2 200 11 2299 2307 2308
9005 2 2 200 11 2116 2115 3302
9006 2 2 200 11 627 626 800
9007 2 2 200 11 637 636 799
9008 2 2 200 11 2362 3398 4712
9009 2 2 200 11 2351 2350 2358
9010 2 2 200 11 4928 2429 4966
9011 2 2 200 11 2245 2797 5040
9012 2 2 200 11 2920 3606 5590
9013 2 2 200 11 311 761 5114
9014 2 2 200 11 3266 5210 5328
9015 2 2 200 11 1684 1780 4926
9016 2 2 200 11 4267 2390 5044
9017 2 2 200 11 3639 703 4980
9018 2 2 200 11 3252 3251 3253
9019 2 2 200 11 2392 2395 5044
9020 2 2 200 11 874 290 4993
9021 2 2 200 11 2090 2848 5008
9022 2 2 200 11 291 689 4993
9023 2 2 200 11 2299 2296 2300
9024 2 2 200 11 3399 3181 5079
9025 2 2 200 11 3437 2244 5040
9026 2 2 200 11 3208 4194 4955
9027 2 2 200 11 4954 3077 4959
9028 2 2 200 11 2289 2288 2305
9029 2 2 200 11 2326 2324 5100
9030 2 2 200 11 544 545 4956
9031 2 2 200 11 2306 2301 3211
9032 2 2 200 11 3241 3242 3461
9033 2 2 200 11 3673 2866 5509
9034 2 2 200 11 4438 3077 4954
9035 2 2 200 11 1754 1753 2115
9036 2 2 200 11 3789 3207 5072
9037 2 2 200 11 99 663 4997
9038 2 2 200 11 2327 2329 2330
9039 2 2 200 11 2307 2300 2940
9040 2 2 200 11 3302 3303 3444
9041 2 2 200 11 5006 3213 5069
9042 2 2 200 11 2357 2353 2890
9043 2 2 200 11 3155 4945 4953
9044 2 2 200 11 3769 3421 5126
9045 2 2 200 11 2850 3325 3326
9046 2 2 200 11 3250 3249 3251
9047 2 2 200 11 1686 1684 4926
9048 2 2 200 11 3077 1761 4959
9049 2 2 200 11 4769 1528 4946
9050 2 2 200 11 2834 4930 4954
9051 2 2 200 11 3315 3155 4953
9052 2 2 200 11 2976 2910 5122
9053 2 2 200 11 3276 2310 3310
9054 2 2 200 11 907 906 908
9055 2 2 200 11 3184 928 4951
9056 2 2 200 11 2385 2384 2386
9057 2 2 200 11 3324 3323 3433
9058 2 2 200 11 4859 868 5148
9059 2 2 200 11 2998 2999 4840
9060 2 2 200 11 625 624 2959
9061 2 2 200 11 4959 1761 4962
9062 2 2 200 11 3536 3535 4965
9063 2 2 200 11 2302 2301 2306
9064 2 2 200 11 2340 2337 2341
9065 2 2 200 11 2843 1680 4937
9066 2 2 200 11 2940 3446 3447
9067 2 2 200 11 4025 228 5293
9068 2 2 200 11 1761 4446 4962
9069 2 2 200 11 2286 3463 5112
9070 2 2 200 11 2854 2359 4712
9071 2 2 200 11 635 12 819
9072 2 2 200 11 10 628 820
9073 2 2 200 11 2846 4212 5054
9074 2 2 200 11 3659 700 4990
9075 2 2 200 11 2279 2277 2283
9076 2 2 200 11 2996 2386 2997
9077 2 2 200 11 913 916 4937
9078 2 2 200 11 2891 3318 4982
9079 2 2 200 11 4986 3198 4991
9080 2 2 200 11 3774 3115 4969
9081 2 2 200 11 772 45 5009
9082 2 2 200 11 3758 3442 5253
9083 2 2 200 11 1712 1749 4978
9084 2 2 200 11 624 623 817
9085 2 2 200 11 640 639 818
9086 2 2 200 11 3976 688 5604
9087 2 2 200 11 4969 3115 4972
9088 2 2 200 11 4259 4998 5008
9089 2 2 200 11 3153 4942 4945
9090 2 2 200 11 748 560 5095
9091 2 2 200 11 561 3722 5095
9092 2 2 200 11 4962 4446 4970
9093 2 2 200 11 2275 2274 2276
9094 2 2 200 11 4446 2885 4970
9095 2 2 200 11 3919 3438 5065
9096 2 2 200 11 3115 3114 4972
9097 2 2 200 11 504 743 4974
9098 2 2 200 11 1957 1959 3219
9099 2 2 200 11 657 3412 5197
9100 2 2 200 11 4976 2286 5090
9101 2 2 200 11 2356 2985 3249
9102 2 2 200 11 633 632 814
9103 2 2 200 11 643 642 813
9104 2 2 200 11 3912 4928 4966
9105 2 2 200 11 3913 4966 5007
9106 2 2 200 11 3457 4860 4957
9107 2 2 200 11 2295 2293 2296
9108 2 2 200 11 3277 4197 5063
9109 2 2 200 11 4968 2836 4998
9110 2 2 200 11 2340 2355 2361
9111 2 2 200 11 2429 4667 4966
9112 2 2 200 11 2974 2975 4975
9113 2 2 200 11 13 637 2368
9114 2 2 200 11 609 610 5061
9115 2 2 200 11 4829 2836 4968
9116 2 2 200 11 2080 2911 2960
9117 2 2 200 11 900 898 1503
9118 2 2 200 11 1197 1200 4973
9119 2 2 200 11 4006 4009 5063
9120 2 2 200 11 3588 2753 5075
9121 2 2 200 11 531 841 5101
9122 2 2 200 11 702 530 5101
9123 2 2 200 11 2359 2358 2362
9124 2 2 200 11 2999 3001 3002
9125 2 2 200 11 905 906 907
9126 2 2 200 11 3609 843 5252
9127 2 2 200 11 631 630 897
9128 2 2 200 11 661 4911 4955
9129 2 2 200 11 2352 2357 2367
9130 2 2 200 11 5243 4849 5438
9131 2 2 200 11 2975 4972 4975
9132 2 2 200 11 2276 2274 2443
9133 2 2 200 11 2844 5001 5015
9134 2 2 200 11 2983 3403 5062
9135 2 2 200 11 2367 2862 3347
9136 2 2 200 11 4869 3213 5006
9137 2 2 200 11 468 469 5064
9138 2 2 200 11 4090 2914 5065
9139 2 2 200 11 37 38 5019
9140 2 2 200 11 2890 3239 3505
9141 2 2 200 11 583 3720 5104
9142 2 2 200 11 3499 3556 5397
9143 2 2 200 11 747 582 5104
9144 2 2 200 11 313 314 5035
9145 2 2 200 11 660 74 5024
9146 2 2 200 11 56 57 4983
9147 2 2 200 11 3572 3759 5122
9148 2 2 200 11 2348 2349 2354
9149 2 2 200 11 2954 2355 4988
9150 2 2 200 11 1888 4950 4977
9151 2 2 200 11 2348 2354 2356
9152 2 2 200 11 3508 682 5543
9153 2 2 200 11 317 318 5047
9154 2 2 200 11 1711 1712 4978
9155 2 2 200 11 2953 2954 3435
9156 2 2 200 11 3744 807 5203
9157 2 2 200 11 3866 5006 5069
9158 2 2 200 11 2999 3002 4840
9159 2 2 200 11 2343 2345 2347
9160 2 2 200 11 679 4134 5579
9161 2 2 200 11 1681 4765 5012
9162 2 2 200 11 2082 2195 5060
9163 2 2 200 11 2284 2281 2287
9164 2 2 200 11 1680 912 4937
9165 2 2 200 11 2330 2331 2334
9166 2 2 200 11 4259 5008 5053
9167 2 2 200 11 3535 3539 4965
9168 2 2 200 11 2193 4538 5057
9169 2 2 200 11 656 48 5031
9170 2 2 200 11 2305 2288 3273
9171 2 2 200 11 632 11 2849
9172 2 2 200 11 2334 2335 2350
9173 2 2 200 11 4995 3500 5582
9174 2 2 200 11 2362 2358 3296
9175 2 2 200 11 2306 3211 3312
9176 2 2 200 11 4943 3293 4947
9177 2 2 200 11 2299 2300 2307
9178 2 2 200 11 299 300 5034
9179 2 2 200 11 2444 2443 3793
9180 2 2 200 11 3752 2366 5468
9181 2 2 200 11 2308 2307 2310
9182 2 2 200 11 2952 2684 5070
9183 2 2 200 11 641 14 828
9184 2 2 200 11 8 634 827
9185 2 2 200 11 4326 1781 5012
9186 2 2 200 11 3485 902 5559
9187 2 2 200 11 2785 4691 5042
9188 2 2 200 11 642 641 2931
9189 2 2 200 11 3562 790 5106
9190 2 2 200 11 629 10 2370
9191 2 2 200 11 4676 4432 5062
9192 2 2 200 11 308 653 5096
9193 2 2 200 11 912 913 4937
9194 2 2 200 11 2992 2031 5057
9195 2 2 200 11 2361 2953 3371
9196 2 2 200 11 2080 2078 2911
9197 2 2 200 11 12 646 2323
9198 2 2 200 11 1749 2078 2080
9199 2 2 200 11 2356 3250 4987
9200 2 2 200 11 2297 2296 2299
9201 2 2 200 11 113 114 5041
9202 2 2 200 11 4551 1577 4986
9203 2 2 200 11 924 4764 4968
9204 2 2 200 11 235 776 5039
9205 2 2 200 11 4764 4829 4968
9206 2 2 200 11 3240 2912 5133
9207 2 2 200 11 2085 4202 5078
9208 2 2 200 11 2123 1912 4960
9209 2 2 200 11 3175 3176 4977
9210 2 2 200 11 2352 2353 2357
9211 2 2 200 11 2566 4038 5078
9212 2 2 200 11 2078 2079 4967
9213 2 2 200 11 3300 5521 5584
9214 2 2 200 11 2026 2085 5080
9215 2 2 200 11 2276 2443 2444
9216 2 2 200 11 3410 2176 5080
9217 2 2 200 11 2996 2997 2998
9218 2 2 200 11 2305 3273 3341
9219 2 2 200 11 2356 2354 2985
9220 2 2 200 11 1682 1685 5003
9221 2 2 200 11 2252 2250 2371
9222 2 2 200 11 2277 2276 4985
9223 2 2 200 11 2960 2911 3233
9224 2 2 200 11 1753 1686 4926
9225 2 2 200 11 825 3514 5017
9226 2 2 200 11 1749 2080 4978
9227 2 2 200 11 2340 2341 2355
9228 2 2 200 11 2441 5015 5026
9229 2 2 200 11 2336 2337 2340
9230 2 2 200 11 1683 1681 5012
9231 2 2 200 11 3452 4217 5093
9232 2 2 200 11 3216 5060 5086
9233 2 2 200 11 3537 3534 5611
9234 2 2 200 11 740 390 5126
9235 2 2 200 11 391 3769 5126
9236 2 2 200 11 2332 2336 2338
9237 2 2 200 11 2194 2837 4991
9238 2 2 200 11 4940 3184 4951
9239 2 2 200 11 2210 2241 3366
9240 2 2 200 11 3425 717 5248
9241 2 2 200 11 5030 3425 5177
9242 2 2 200 11 2367 2357 2862
9243 2 2 200 11 2361 2355 2953
9244 2 2 200 11 290 291 4993
9245 2 2 200 11 2302 2306 4648
9246 2 2 200 11 2034 1786 4995
9247 2 2 200 11 3751 4703 5043
9248 2 2 200 11 905 904 906
9249 2 2 200 11 788 223 5055
9250 2 2 200 11 224 879 5055
9251 2 2 200 11 4500 3006 5021
9252 2 2 200 11 3002 3426 4840
9253 2 2 200 11 702 5101 5475
9254 2 2 200 11 2350 2335 2352
9255 2 2 200 11 4644 4938 5001
9256 2 2 200 11 3892 766 5268
9257 2 2 200 11 3288 4348 5512
9258 2 2 200 11 2859 2858 5084
9259 2 2 200 11 3183 4884 5341
9260 2 2 200 11 816 645 2322
9261 2 2 200 11 2329 2328 2332
9262 2 2 200 11 98 99 4997
9263 2 2 200 11 2377 3243 4839
9264 2 2 200 11 662 259 5059
9265 2 2 200 11 2327 2326 2328
9266 2 2 200 11 2797 2799 5089
9267 2 2 200 11 3628 4783 5495
9268 2 2 200 11 2885 3299 5088
9269 2 2 200 11 2366 2364 5468
9270 2 2 200 11 649 3466 5490
9271 2 2 200 11 2248 3594 5165
9272 2 2 200 11 4109 4108 5097
9273 2 2 200 11 2334 2331 2335
9274 2 2 200 11 2986 3382 5097
9275 2 2 200 11 3211 4958 5066
9276 2 2 200 11 795 4809 5072
9277 2 2 200 11 1912 1957 4960
9278 2 2 200 11 2079 2209 4967
9279 2 2 200 11 5025 3839 5058
9280 2 2 200 11 2374 2375 2376
9281 2 2 200 11 2325 2327 5036
9282 2 2 200 11 339 823 5014
9283 2 2 200 11 3198 4410 5000
9284 2 2 200 11 886 307 5096
9285 2 2 200 11 5000 3188 5029
9286 2 2 200 11 4809 3201 5072
9287 2 2 200 11 899 900 901
9288 2 2 200 11 424 425 5138
9289 2 2 200 11 2365 2864 3334
9290 2 2 200 11 3843 3845 5093
9291 2 2 200 11 2327 2328 2329
9292 2 2 200 11 800 626 2324
9293 2 2 200 11 2330 2329 2331
9294 2 2 200 11 1201 1204 4999
9295 2 2 200 11 4247 4248 5099
9296 2 2 200 11 4966 4667 5007
9297 2 2 200 11 2763 4480 4998
9298 2 2 200 11 4255 3039 5102
9299 2 2 200 11 3196 4931 5033
9300 2 2 200 11 4839 3243 5018
9301 2 2 200 11 476 649 5128
9302 2 2 200 11 1733 1932 4957
9303 2 2 200 11 2359 2362 4712
9304 2 2 200 11 2362 3296 3301
9305 2 2 200 11 853 475 5128
9306 2 2 200 11 2029 2196 2318
9307 2 2 200 11 4206 5009 5179
9308 2 2 200 11 3719 586 5204
9309 2 2 200 11 3235 4402 5099
9310 2 2 200 11 2942 2943 5108
9311 2 2 200 11 49 4903 5031
9312 2 2 200 11 623 8 2379
9313 2 2 200 11 3300 4415 5521
9314 2 2 200 11 4908 4482 5574
9315 2 2 200 11 903 904 905
9316 2 2 200 11 782 3559 5192
9317 2 2 200 11 2844 4644 5001
9318 2 2 200 11 2383 2384 2385
9319 2 2 200 11 14 640 2373
9320 2 2 200 11 2380 2381 2382
9321 2 2 200 11 866 4679 5577
9322 2 2 200 11 45 46 5009
9323 2 2 200 11 372 3630 5248
9324 2 2 200 11 3439 2369 5127
9325 2 2 200 11 4875 234 5039
9326 2 2 200 11 206 670 5073
9327 2 2 200 11 4072 3816 5116
9328 2 2 200 11 4926 2845 5004
9329 2 2 200 11 4958 2308 5066
9330 2 2 200 11 2132 3399 5107
9331 2 2 200 11 2755 2758 5010
9332 2 2 200 11 3174 3751 5005
9333 2 2 200 11 3322 2127 5107
9334 2 2 200 11 2374 2376 2377
9335 2 2 200 11 423 424 5146
9336 2 2 200 11 245 664 5076
9337 2 2 200 11 4416 2941 5113
9338 2 2 200 11 4999 1204 5006
9339 2 2 200 11 3753 856 5336
9340 2 2 200 11 652 37 5019
9341 2 2 200 11 903 902 904
9342 2 2 200 11 3268 4070 5121
9343 2 2 200 11 4356 2952 5013
9344 2 2 200 11 3681 3680 5119
9345 2 2 200 11 2080 2961 4978
9346 2 2 200 11 2836 2090 5008
9347 2 2 200 11 314 822 5035
9348 2 2 200 11 2030 2206 5046
9349 2 2 200 11 3467 3466 5371
9350 2 2 200 11 2923 3937 5016
9351 2 2 200 11 4064 2476 5144
9352 2 2 200 11 590 591 5155
9353 2 2 200 11 901 902 903
9354 2 2 200 11 799 636 2369
9355 2 2 200 11 4950 3175 4977
9356 2 2 200 11 4931 4523 5033
9357 2 2 200 11 901 900 902
9358 2 2 200 11 3138 3434 5121
9359 2 2 200 11 96 780 5082
9360 2 2 200 11 871 95 5082
9361 2 2 200 11 2440 2844 5015
9362 2 2 200 11 3174 5005 5007
9363 2 2 200 11 5202 2361 5299
9364 2 2 200 11 2301 2297 4958
9365 2 2 200 11 818 639 2372
9366 2 2 200 11 4937 916 5025
9367 2 2 200 11 2258 2256 2981
9368 2 2 200 11 3725 3724 5153
9369 2 2 200 11 4558 871 5082
9370 2 2 200 11 4667 3174 5007
9371 2 2 200 11 2325 2326 2327
9372 2 2 200 11 2843 4937 5025
9373 2 2 200 11 3303 5004 5094
9374 2 2 200 11 3211 2301 4958
9375 2 2 200 11 4031 231 5324
9376 2 2 200 11 2572 3358 5125
9377 2 2 200 11 2476 2477 5125
9378 2 2 200 11 3992 3993 5129
9379 2 2 200 11 4084 2982 5129
9380 2 2 200 11 4894 3049 5291
9381 2 2 200 11 2382 3305 3317
9382 2 2 200 11 3755 4989 5560
9383 2 2 200 11 3848 3846 5144
9384 2 2 200 11 3598 735 5155
9385 2 2 200 11 3339 3798 5156
9386 2 2 200 11 4960 3219 4961
9387 2 2 200 11 2325 2324 2326
9388 2 2 200 11 3934 3465 5102
9389 2 2 200 11 2283 2277 4985
9390 2 2 200 11 260 4884 5059
9391 2 2 200 11 836 3717 5134
9392 2 2 200 11 3323 2959 5386
9393 2 2 200 11 3457 4957 5021
9394 2 2 200 11 1957 3219 4960
9395 2 2 200 11 2837 4986 4991
9396 2 2 200 11 2276 2444 4985
9397 2 2 200 11 2209 2210 4949
9398 2 2 200 11 2200 2913 3178
9399 2 2 200 11 61 62 5098
9400 2 2 200 11 286 3941 5370
9401 2 2 200 11 2993 5068 5168
9402 2 2 200 11 4123 4124 5139
9403 2 2 200 11 4027 791 5603
9404 2 2 200 11 1984 2133 5131
9405 2 2 200 11 2299 2308 4958
9406 2 2 200 11 2863 3918 5137
9407 2 2 200 11 2946 3455 5085
9408 2 2 200 11 74 75 5024
9409 2 2 200 11 2940 3447 4979
9410 2 2 200 11 3617 3616 5280
9411 2 2 200 11 3795 2363 5519
9412 2 2 200 11 2385 2386 2996
9413 2 2 200 11 1784 2946 5085
9414 2 2 200 11 4122 4121 5139
9415 2 2 200 11 2339 2325 5036
9416 2 2 200 11 2271 2270 5067
9417 2 2 200 11 765 262 5103
9418 2 2 200 11 263 888 5103
9419 2 2 200 11 842 510 5161
9420 2 2 200 11 816 2322 3192
9421 2 2 200 11 633 814 3254
9422 2 2 200 11 2307 2940 4979
9423 2 2 200 11 1204 4869 5006
9424 2 2 200 11 2385 2996 3392
9425 2 2 200 11 3006 3457 5021
9426 2 2 200 11 5004 2845 5094
9427 2 2 200 11 2382 2381 2383
9428 2 2 200 11 2911 2078 4967
9429 2 2 200 11 2959 3205 5386
9430 2 2 200 11 3496 2421 5166
9431 2 2 200 11 3633 835 5421
9432 2 2 200 11 3629 5176 5177
9433 2 2 200 11 916 4774 5025
9434 2 2 200 11 4133 679 5507
9435 2 2 200 11 1766 4259 5053
9436 2 2 200 11 299 5034 5150
9437 2 2 200 11 3303 2115 5004
9438 2 2 200 11 2235 2234 5030
9439 2 2 200 11 790 243 5106
9440 2 2 200 11 2300 2296 4984
9441 2 2 200 11 4008 4014 5182
9442 2 2 200 11 3191 3340 5026
9443 2 2 200 11 782 210 5109
9444 2 2 200 11 211 885 5109
9445 2 2 200 11 48 49 5031
9446 2 2 200 11 2297 2299 4958
9447 2 2 200 11 68 883 5111
9448 2 2 200 11 688 67 5111
9449 2 2 200 11 2377 2958 3243
9450 2 2 200 11 336 826 5308
9451 2 2 200 11 820 628 3225
9452 2 2 200 11 4894 205 5073
9453 2 2 200 11 3246 2239 5029
9454 2 2 200 11 3659 5307 5334
9455 2 2 200 11 2795 2369 3439
9456 2 2 200 11 739 593 5260
9457 2 2 200 11 2293 2291 4984
9458 2 2 200 11 2341 2343 4988
9459 2 2 200 11 3768 5189 5193
9460 2 2 200 11 2358 2350 4971
9461 2 2 200 11 2108 3556 5458
9462 2 2 200 11 4523 3873 5033
9463 2 2 200 11 55 870 5118
9464 2 2 200 11 690 54 5118
9465 2 2 200 11 3846 3844 5144
9466 2 2 200 11 3296 4971 5081
9467 2 2 200 11 710 3491 5281
9468 2 2 200 11 3384 3383 5098
9469 2 2 200 11 300 781 5034
9470 2 2 200 11 318 891 5047
9471 2 2 200 11 800 2325 2339
9472 2 2 200 11 2376 2375 2915
9473 2 2 200 11 4994 2338 5133
9474 2 2 200 11 2355 2341 4988
9475 2 2 200 11 4956 3356 5318
9476 2 2 200 11 2345 2348 4987
9477 2 2 200 11 681 4788 5269
9478 2 2 200 11 4816 2331 4994
9479 2 2 200 11 3636 4348 5364
9480 2 2 200 11 3196 5033 5045
9481 2 2 200 11 4971 2367 5081
9482 2 2 200 11 5038 2984 5152
9483 2 2 200 11 234 235 5039
9484 2 2 200 11 2244 2245 5040
9485 2 2 200 11 1781 1683 5012
9486 2 2 200 11 2352 2367 4971
9487 2 2 200 11 366 367 5180
9488 2 2 200 11 889 186 5124
9489 2 2 200 11 187 674 5124
9490 2 2 200 11 665 113 5041
9491 2 2 200 11 3524 3523 5203
9492 2 2 200 11 3296 2358 4971
9493 2 2 200 11 2281 2279 4992
9494 2 2 200 11 2310 2307 4979
9495 2 2 200 11 4213 4214 5576
9496 2 2 200 11 2390 2392 5044
9497 2 2 200 11 1532 3588 5198
9498 2 2 200 11 2957 3637 5331
9499 2 2 200 11 2350 2352 4971
9500 2 2 200 11 800 2324 2325
9501 2 2 200 11 2737 3883 5079
9502 2 2 200 11 2333 4598 5011
9503 2 2 200 11 857 3770 5175
9504 2 2 200 11 3195 3196 5045
9505 2 2 200 11 2348 2356 4987
9506 2 2 200 11 4500 5021 5083
9507 2 2 200 11 4691 1902 5042
9508 2 2 200 11 2421 2035 5166
9509 2 2 200 11 4703 3763 5043
9510 2 2 200 11 5501 5130 5622
9511 2 2 200 11 16 17 5135
9512 2 2 200 11 328 329 5136
9513 2 2 200 11 2296 2293 4984
9514 2 2 200 11 831 3831 5380
9515 2 2 200 11 799 2369 2795
9516 2 2 200 11 705 3488 5314
9517 2 2 200 11 3509 3510 5480
9518 2 2 200 11 2288 2284 4989
9519 2 2 200 11 4783 3628 5412
9520 2 2 200 11 3586 821 5056
9521 2 2 200 11 2279 2283 4992
9522 2 2 200 11 2196 2198 4996
9523 2 2 200 11 3250 3252 5027
9524 2 2 200 11 4088 2977 5262
9525 2 2 200 11 2943 4072 5387
9526 2 2 200 11 2925 2926 5149
9527 2 2 200 11 3233 5056 5227
9528 2 2 200 11 5137 3918 5483
9529 2 2 200 11 3022 3917 5167
9530 2 2 200 11 2343 2347 4988
9531 2 2 200 11 4134 4132 5612
9532 2 2 200 11 678 214 5140
9533 2 2 200 11 2832 4134 5612
9534 2 2 200 11 3658 3659 5368
9535 2 2 200 11 709 365 5048
9536 2 2 200 11 4998 2836 5008
9537 2 2 200 11 1959 2029 5002
9538 2 2 200 11 5074 2305 5154
9539 2 2 200 11 2210 3366 4949
9540 2 2 200 11 733 180 5147
9541 2 2 200 11 5015 3191 5026
9542 2 2 200 11 5060 3216 5077
9543 2 2 200 11 4639 4638 5148
9544 2 2 200 11 2347 2345 4987
9545 2 2 200 11 3226 4984 5074
9546 2 2 200 11 358 359 5049
9547 2 2 200 11 4830 2737 5079
9548 2 2 200 11 2289 2305 5074
9549 2 2 200 11 2239 5000 5029
9550 2 2 200 11 719 382 5050
9551 2 2 200 11 3649 3492 5416
9552 2 2 200 11 3195 5045 5051
9553 2 2 200 11 3614 3615 5249
9554 2 2 200 11 579 580 5052
9555 2 2 200 11 4924 677 5558
9556 2 2 200 11 3578 2143 5169
9557 2 2 200 11 3977 3023 5167
9558 2 2 200 11 181 867 5147
9559 2 2 200 11 3854 2846 5054
9560 2 2 200 11 3280 4910 5381
9561 2 2 200 11 3379 798 5220
9562 2 2 200 11 223 224 5055
9563 2 2 200 11 2748 2746 5160
9564 2 2 200 11 3529 2854 5022
9565 2 2 200 11 3671 3672 5345
9566 2 2 200 11 3317 3305 3432
9567 2 2 200 11 2170 3866 5069
9568 2 2 200 11 713 4678 5374
9569 2 2 200 11 2284 2287 4989
9570 2 2 200 11 4009 4902 5433
9571 2 2 200 11 79 686 5145
9572 2 2 200 11 5343 3893 5481
9573 2 2 200 11 3659 4990 5307
9574 2 2 200 11 3273 2288 4989
9575 2 2 200 11 3615 3616 5607
9576 2 2 200 11 4585 3195 5051
9577 2 2 200 11 2107 4850 5117
9578 2 2 200 11 4850 3203 5117
9579 2 2 200 11 587 834 5204
9580 2 2 200 11 2848 3187 5053
9581 2 2 200 11 812 3446 5344
9582 2 2 200 11 3207 3208 5369
9583 2 2 200 11 2115 1753 5004
9584 2 2 200 11 2287 2281 4992
9585 2 2 200 11 1753 4926 5004
9586 2 2 200 11 3307 2963 5392
9587 2 2 200 11 655 298 5150
9588 2 2 200 11 3366 2241 5018
9589 2 2 200 11 259 260 5059
9590 2 2 200 11 5091 3666 5298
9591 2 2 200 11 2031 2193 5057
9592 2 2 200 11 2332 2338 4994
9593 2 2 200 11 2143 2144 5169
9594 2 2 200 11 228 4025 5620
9595 2 2 200 11 2715 2712 5176
9596 2 2 200 11 3223 4326 5123
9597 2 2 200 11 3649 572 5281
9598 2 2 200 11 610 895 5061
9599 2 2 200 11 2329 2332 4994
9600 2 2 200 11 2854 4712 5022
9601 2 2 200 11 3704 2883 5496
9602 2 2 200 11 718 3651 5542
9603 2 2 200 11 3582 720 5315
9604 2 2 200 11 458 854 5223
9605 2 2 200 11 892 3576 5426
9606 2 2 200 11 3219 1959 5002
9607 2 2 200 11 3615 3930 5249
9608 2 2 200 11 2169 2170 5077
9609 2 2 200 11 5271 3186 5523
9610 2 2 200 11 4197 4006 5063
9611 2 2 200 11 3267 2984 5037
9612 2 2 200 11 3212 2082 5060
9613 2 2 200 11 896 468 5064
9614 2 2 200 11 2327 2330 5036
9615 2 2 200 11 2963 3244 5392
9616 2 2 200 11 383 384 5208
9617 2 2 200 11 2158 4639 5169
9618 2 2 200 11 4432 2983 5062
9619 2 2 200 11 3709 3169 5289
9620 2 2 200 11 443 444 5209
9621 2 2 200 11 3201 3789 5072
9622 2 2 200 11 2910 3572 5122
9623 2 2 200 11 2170 5069 5077
9624 2 2 200 11 704 3610 5194
9625 2 2 200 11 2331 2329 4994
9626 2 2 200 11 2382 2383 3305
9627 2 2 200 11 4854 733 5147
9628 2 2 200 11 2443 2274 5067
9629 2 2 200 11 194 195 5158
9630 2 2 200 11 1476 1532 5164
9631 2 2 200 11 5027 3331 5157
9632 2 2 200 11 2914 3919 5065
9633 2 2 200 11 215 4899 5140
9634 2 2 200 11 2377 2376 2958
9635 2 2 200 11 140 3440 5594
9636 2 2 200 11 3502 3503 5262
9637 2 2 200 11 4816 4994 5133
9638 2 2 200 11 3269 3268 5513
9639 2 2 200 11 3656 3655 5321
9640 2 2 200 11 512 726 5222
9641 2 2 200 11 4409 3431 5185
9642 2 2 200 11 179 733 5178
9643 2 2 200 11 3526 3527 5071
9644 2 2 200 11 869 178 5178
9645 2 2 200 11 2843 5025 5058
9646 2 2 200 11 681 5269 5322
9647 2 2 200 11 854 3436 5605
9648 2 2 200 11 5148 3199 5567
9649 2 2 200 11 3346 2124 5312
9650 2 2 200 11 3213 3212 5069
9651 2 2 200 11 3269 4898 5145
9652 2 2 200 11 760 34 5257
9653 2 2 200 11 5056 821 5227
9654 2 2 200 11 5034 4321 5150
9655 2 2 200 11 2993 2994 5068
9656 2 2 200 11 2684 3274 5070
9657 2 2 200 11 4187 770 5482
9658 2 2 200 11 478 479 5221
9659 2 2 200 11 4898 78 5145
9660 2 2 200 11 3217 3216 5086
9661 2 2 200 11 3740 759 5274
9662 2 2 200 11 2240 2153 5411
9663 2 2 200 11 2989 3723 5290
9664 2 2 200 11 595 806 5399
9665 2 2 200 11 4124 4909 5199
9666 2 2 200 11 781 301 5174
9667 2 2 200 11 302 887 5174
9668 2 2 200 11 818 2372 5037
9669 2 2 200 11 312 313 5191
9670 2 2 200 11 3496 5166 5274
9671 2 2 200 11 3759 3760 5240
9672 2 2 200 11 3419 3420 5501
9673 2 2 200 11 2320 3190 5195
9674 2 2 200 11 3700 3699 5320
9675 2 2 200 11 4957 1932 5021
9676 2 2 200 11 2274 2271 5067
9677 2 2 200 11 3662 3663 5491
9678 2 2 200 11 4256 4255 5624
9679 2 2 200 11 3443 2937 5194
9680 2 2 200 11 3647 729 5548
9681 2 2 200 11 3703 3704 5496
9682 2 2 200 11 3708 3106 5580
9683 2 2 200 11 4850 2843 5058
9684 2 2 200 11 47 656 5179
9685 2 2 200 11 2029 2318 5002
9686 2 2 200 11 2916 3805 5201
9687 2 2 200 11 3015 457 5223
9688 2 2 200 11 2198 2200 5028
9689 2 2 200 11 205 206 5073
9690 2 2 200 11 2318 2196 4996
9691 2 2 200 11 783 4248 5486
9692 2 2 200 11 794 282 5181
9693 2 2 200 11 5069 3212 5077
9694 2 2 200 11 2753 2852 5075
9695 2 2 200 11 3258 4184 5481
9696 2 2 200 11 886 5096 5214
9697 2 2 200 11 4898 3269 5513
9698 2 2 200 11 143 144 5184
9699 2 2 200 11 770 4187 5446
9700 2 2 200 11 2957 2956 5205
9701 2 2 200 11 2918 3209 5159
9702 2 2 200 11 244 245 5076
9703 2 2 200 11 4204 4203 5211
9704 2 2 200 11 3292 2920 5590
9705 2 2 200 11 538 539 5241
9706 2 2 200 11 3388 4970 5088
9707 2 2 200 11 4202 2566 5078
9708 2 2 200 11 3140 3618 5238
9709 2 2 200 11 2965 4697 5211
9710 2 2 200 11 1932 4626 5083
9711 2 2 200 11 2176 2026 5080
9712 2 2 200 11 4855 760 5257
9713 2 2 200 11 2845 4832 5094
9714 2 2 200 11 22 830 5354
9715 2 2 200 11 2997 2386 5151
9716 2 2 200 11 3645 2971 5159
9717 2 2 200 11 891 319 5434
9718 2 2 200 11 320 860 5434
9719 2 2 200 11 668 4909 5255
9720 2 2 200 11 2308 3276 5066
9721 2 2 200 11 3688 3687 5213
9722 2 2 200 11 3557 2338 5202
9723 2 2 200 11 810 334 5469
9724 2 2 200 11 776 236 5190
9725 2 2 200 11 237 882 5190
9726 2 2 200 11 2104 2105 5219
9727 2 2 200 11 3285 3235 5598
9728 2 2 200 11 95 96 5082
9729 2 2 200 11 3670 369 5358
9730 2 2 200 11 1687 1784 5085
9731 2 2 200 11 717 371 5248
9732 2 2 200 11 3096 3094 5217
9733 2 2 200 11 3233 2911 5056
9734 2 2 200 11 5021 1932 5083
9735 2 2 200 11 209 782 5192
9736 2 2 200 11 4909 4124 5255
9737 2 2 200 11 3738 2989 5617
9738 2 2 200 11 2781 4427 5219
9739 2 2 200 11 2913 5022 5023
9740 2 2 200 11 3180 3161 5090
9741 2 2 200 11 3697 3698 5320
9742 2 2 200 11 3548 3549 5110
9743 2 2 200 11 4090 5065 5235
9744 2 2 200 11 812 618 5339
9745 2 2 200 11 4897 3285 5598
9746 2 2 200 11 355 356 5254
9747 2 2 200 11 801 3324 5100
9748 2 2 200 11 3490 3489 5130
9749 2 2 200 11 4204 876 5437
9750 2 2 200 11 4185 3406 5225
9751 2 2 200 11 683 253 5196
9752 2 2 200 11 284 657 5197
9753 2 2 200 11 3428 4500 5083
9754 2 2 200 11 2858 3337 5084
9755 2 2 200 11 3664 3665 5091
9756 2 2 200 11 4466 4467 5243
9757 2 2 200 11 667 3989 5568
9758 2 2 200 11 3729 492 5385
9759 2 2 200 11 420 421 5261
9760 2 2 200 11 222 788 5199
9761 2 2 200 11 3710 3262 5421
9762 2 2 200 11 2291 2289 5074
9763 2 2 200 11 2772 4647 5091
9764 2 2 200 11 4135 2832 5285
9765 2 2 200 11 3494 3493 5132
9766 2 2 200 11 665 3759 5240
9767 2 2 200 11 3082 3080 5228
9768 2 2 200 11 4903 792 5325
9769 2 2 200 11 4783 2715 5495
9770 2 2 200 11 2799 2802 5089
9771 2 2 200 11 2948 4657 5212
9772 2 2 200 11 5101 3474 5475
9773 2 2 200 11 2704 3262 5256
9774 2 2 200 11 4935 723 5400
9775 2 2 200 11 3597 3596 5489
9776 2 2 200 11 3531 3000 5162
9777 2 2 200 11 4445 2921 5228
9778 2 2 200 11 746 4947 5254
9779 2 2 200 11 3181 4830 5079
9780 2 2 200 11 4249 2991 5233
9781 2 2 200 11 3798 2967 5234
9782 2 2 200 11 2990 3270 5233
9783 2 2 200 11 4134 4135 5579
9784 2 2 200 11 31 32 5227
9785 2 2 200 11 151 671 5206
9786 2 2 200 11 2195 4678 5086
9787 2 2 200 11 3722 708 5413
9788 2 2 200 11 2263 3421 5232
9789 2 2 200 11 2138 1908 5232
9790 2 2 200 11 4217 3843 5093
9791 2 2 200 11 3612 3613 5430
9792 2 2 200 11 3473 3475 5300
9793 2 2 200 11 891 5434 5618
9794 2 2 200 11 3616 695 5280
9795 2 2 200 11 5135 894 5550
9796 2 2 200 11 560 561 5095
9797 2 2 200 11 388 3648 5275
9798 2 2 200 11 705 387 5275
9799 2 2 200 11 3431 4974 5185
9800 2 2 200 11 4108 2986 5097
9801 2 2 200 11 763 136 5210
9802 2 2 200 11 482 650 5264
9803 2 2 200 11 3139 3140 5238
9804 2 2 200 11 2972 1982 5236
9805 2 2 200 11 2060 3287 5236
9806 2 2 200 11 3607 2920 5292
9807 2 2 200 11 4984 2291 5074
9808 2 2 200 11 658 61 5098
9809 2 2 200 11 3604 3607 5544
9810 2 2 200 11 2776 2774 5239
9811 2 2 200 11 217 218 5218
9812 2 2 200 11 676 201 5215
9813 2 2 200 11 5012 4765 5123
9814 2 2 200 11 4326 5012 5123
9815 2 2 200 11 256 257 5220
9816 2 2 200 11 3627 707 5412
9817 2 2 200 11 3675 3676 5131
9818 2 2 200 11 307 308 5096
9819 2 2 200 11 2964 3991 5242
9820 2 2 200 11 573 710 5281
9821 2 2 200 11 442 443 5280
9822 2 2 200 11 715 3728 5205
9823 2 2 200 11 4402 4247 5099
9824 2 2 200 11 3479 2260 5172
9825 2 2 200 11 732 166 5231
9826 2 2 200 11 167 866 5231
9827 2 2 200 11 732 4671 5432
9828 2 2 200 11 3520 3519 5246
9829 2 2 200 11 1485 1517 5170
9830 2 2 200 11 3039 3934 5102
9831 2 2 200 11 530 531 5101
9832 2 2 200 11 3247 2759 5244
9833 2 2 200 11 2133 4607 5238
9834 2 2 200 11 262 263 5103
9835 2 2 200 11 2200 3178 5028
9836 2 2 200 11 4124 2831 5255
9837 2 2 200 11 725 3709 5289
9838 2 2 200 11 3768 861 5263
9839 2 2 200 11 810 5469 5589
9840 2 2 200 11 688 3976 5363
9841 2 2 200 11 3223 5123 5164
9842 2 2 200 11 3429 3204 5214
9843 2 2 200 11 3692 3693 5409
9844 2 2 200 11 3278 3277 5540
9845 2 2 200 11 582 583 5104
9846 2 2 200 11 3445 3303 5094
9847 2 2 200 11 4083 4084 5259
9848 2 2 200 11 3391 3202 5259
9849 2 2 200 11 4896 793 5108
9850 2 2 200 11 3678 3290 5554
9851 2 2 200 11 804 20 5388
9852 2 2 200 11 619 857 5339
9853 2 2 200 11 4980 3688 5213
9854 2 2 200 11 4909 221 5199
9855 2 2 200 11 659 272 5229
9856 2 2 200 11 3794 3796 5377
9857 2 2 200 11 2383 2385 5032
9858 2 2 200 11 3910 2942 5108
9859 2 2 200 11 2367 3347 5081
9860 2 2 200 11 3601 2862 5200
9861 2 2 200 11 3238 2974 5251
9862 2 2 200 11 3505 3745 5528
9863 2 2 200 11 243 244 5106
9864 2 2 200 11 2127 2132 5107
9865 2 2 200 11 244 5076 5106
9866 2 2 200 11 210 211 5109
9867 2 2 200 11 354 355 5305
9868 2 2 200 11 4996 2198 5028
9869 2 2 200 11 716 568 5306
9870 2 2 200 11 4539 887 5462
9871 2 2 200 11 3214 3778 5383
9872 2 2 200 11 751 3670 5273
9873 2 2 200 11 3653 3654 5321
9874 2 2 200 11 3475 5427 5447
9875 2 2 200 11 67 68 5111
9876 2 2 200 11 142 143 5235
9877 2 2 200 11 4788 4786 5269
9878 2 2 200 11 3685 4444 5539
9879 2 2 200 11 2941 3544 5113
9880 2 2 200 11 2989 3291 5617
9881 2 2 200 11 659 3573 5403
9882 2 2 200 11 4212 4213 5576
9883 2 2 200 11 4880 865 5304
9884 2 2 200 11 112 665 5240
9885 2 2 200 11 1902 1737 5250
9886 2 2 200 11 848 385 5314
9887 2 2 200 11 386 705 5314
9888 2 2 200 11 3475 841 5427
9889 2 2 200 11 547 3652 5315
9890 2 2 200 11 720 546 5315
9891 2 2 200 11 4786 3851 5269
9892 2 2 200 11 844 3619 5317
9893 2 2 200 11 3684 3681 5119
9894 2 2 200 11 3816 3905 5116
9895 2 2 200 11 3310 2310 5175
9896 2 2 200 11 839 543 5318
9897 2 2 200 11 575 850 5319
9898 2 2 200 11 710 574 5319
9899 2 2 200 11 3226 5074 5154
9900 2 2 200 11 3309 3758 5504
9901 2 2 200 11 2385 3392 5032
9902 2 2 200 11 202 4895 5215
9903 2 2 200 11 54 55 5118
9904 2 2 200 11 5164 1532 5198
9905 2 2 200 11 2883 2882 5272
9906 2 2 200 11 668 5255 5346
9907 2 2 200 11 2978 4458 5273
9908 2 2 200 11 3420 5130 5501
9909 2 2 200 11 819 3256 5127
9910 2 2 200 11 310 311 5114
9911 2 2 200 11 3281 4589 5267
9912 2 2 200 11 3193 3924 5353
9913 2 2 200 11 72 73 5253
9914 2 2 200 11 2384 2381 5143
9915 2 2 200 11 4322 655 5429
9916 2 2 200 11 5009 46 5179
9917 2 2 200 11 3272 3619 5593
9918 2 2 200 11 4408 3654 5365
9919 2 2 200 11 3654 742 5365
9920 2 2 200 11 4070 3138 5121
9921 2 2 200 11 4970 2885 5088
9922 2 2 200 11 4832 3462 5230
9923 2 2 200 11 3049 2893 5291
9924 2 2 200 11 5098 62 5419
9925 2 2 200 11 5037 2984 5038
9926 2 2 200 11 2924 1905 5286
9927 2 2 200 11 157 673 5258
9928 2 2 200 11 2938 2989 5290
9929 2 2 200 11 816 3192 5087
9930 2 2 200 11 2832 4115 5285
9931 2 2 200 11 759 5362 5553
9932 2 2 200 11 3311 2107 5117
9933 2 2 200 11 186 187 5124
9934 2 2 200 11 3271 3608 5534
9935 2 2 200 11 4843 3238 5138
9936 2 2 200 11 805 4961 5226
9937 2 2 200 11 2825 2824 5297
9938 2 2 200 11 2829 3008 5297
9939 2 2 200 11 2920 1978 5292
9940 2 2 200 11 2477 2572 5125
9941 2 2 200 11 4425 3693 5279
9942 2 2 200 11 2774 2771 5298
9943 2 2 200 11 2217 3473 5300
9944 2 2 200 11 2951 2094 5300
9945 2 2 200 11 370 717 5358
9946 2 2 200 11 475 476 5128
9947 2 2 200 11 3000 2997 5151
9948 2 2 200 11 390 391 5126
9949 2 2 200 11 766 84 5268
9950 2 2 200 11 3305 2383 5032
9951 2 2 200 11 2982 3992 5129
9952 2 2 200 11 581 747 5366
9953 2 2 200 11 2911 4967 5056
9954 2 2 200 11 1764 1766 5292
9955 2 2 200 11 3210 4935 5400
9956 2 2 200 11 3199 2980 5284
9957 2 2 200 11 5348 730 5619
9958 2 2 200 11 17 894 5135
9959 2 2 200 11 893 328 5136
9960 2 2 200 11 2979 2808 5307
9961 2 2 200 11 4839 3185 5485
9962 2 2 200 11 2256 2254 5171
9963 2 2 200 11 195 196 5276
9964 2 2 200 11 653 309 5355
9965 2 2 200 11 3620 836 5134
9966 2 2 200 11 2183 1984 5131
9967 2 2 200 11 493 741 5385
9968 2 2 200 11 669 5137 5483
9969 2 2 200 11 3557 5202 5299
9970 2 2 200 11 2890 3505 5200
9971 2 2 200 11 3464 663 5583
9972 2 2 200 11 477 478 5371
9973 2 2 200 11 4415 3698 5521
9974 2 2 200 11 780 97 5278
9975 2 2 200 11 3063 4256 5322
9976 2 2 200 11 759 473 5362
9977 2 2 200 11 474 853 5362
9978 2 2 200 11 2387 3218 5325
9979 2 2 200 11 297 655 5283
9980 2 2 200 11 3337 4783 5412
9981 2 2 200 11 3440 2863 5137
9982 2 2 200 11 3290 2972 5554
9983 2 2 200 11 2966 4585 5304
9984 2 2 200 11 727 4843 5138
9985 2 2 200 11 2199 2197 5168
9986 2 2 200 11 2152 3583 5186
9987 2 2 200 11 2340 2361 5202
9988 2 2 200 11 3173 4056 5332
9989 2 2 200 11 228 229 5293
9990 2 2 200 11 4558 4110 5350
9991 2 2 200 11 3666 696 5522
9992 2 2 200 11 5274 759 5553
9993 2 2 200 11 3654 4408 5347
9994 2 2 200 11 4121 4123 5139
9995 2 2 200 11 425 727 5138
9996 2 2 200 11 103 104 5296
9997 2 2 200 11 281 794 5295
9998 2 2 200 11 4095 4096 5346
9999 2 2 200 11 2922 3183 5341
10000 2 2 200 11 871 4558 5350
10001 2 2 200 11 2815 2820 5334
10002 2 2 200 11 4283 2651 5331
10003 2 2 200 11 2653 2957 5331
10004 2 2 200 11 3285 4897 5283
10005 2 2 200 11 2225 2233 5337
10006 2 2 200 11 4329 2223 5337
10007 2 2 200 11 4904 156 5258
10008 2 2 200 11 2381 827 5143
10009 2 2 200 11 214 215 5140
10010 2 2 200 11 874 4262 5454
10011 2 2 200 11 654 176 5311
10012 2 2 200 11 177 869 5311
10013 2 2 200 11 3844 4064 5144
10014 2 2 200 11 2984 2304 5152
10015 2 2 200 11 5076 664 5234
10016 2 2 200 11 3318 3460 5555
10017 2 2 200 11 3698 4415 5440
10018 2 2 200 11 867 4877 5212
10019 2 2 200 11 3906 4043 5441
10020 2 2 200 11 5096 3429 5214
10021 2 2 200 11 4879 4880 5216
10022 2 2 200 11 2822 2825 5347
10023 2 2 200 11 4408 2819 5347
10024 2 2 200 11 2746 2743 5349
10025 2 2 200 11 841 532 5427
10026 2 2 200 11 533 3727 5427
10027 2 2 200 11 3434 5024 5575
10028 2 2 200 11 3212 5060 5077
10029 2 2 200 11 85 4910 5268
10030 2 2 200 11 4541 4542 5207
10031 2 2 200 11 3501 59 5287
10032 2 2 200 11 3651 5070 5542
10033 2 2 200 11 3331 3436 5265
10034 2 2 200 11 3727 722 5183
10035 2 2 200 11 3720 3721 5173
10036 2 2 200 11 2862 2357 5200
10037 2 2 200 11 3642 730 5348
10038 2 2 200 11 2138 5232 5493
10039 2 2 200 11 4348 2647 5364
10040 2 2 200 11 102 778 5313
10041 2 2 200 11 544 4956 5318
10042 2 2 200 11 4765 1478 5123
10043 2 2 200 11 3903 3450 5394
10044 2 2 200 11 4835 4836 5357
10045 2 2 200 11 3334 2864 5141
10046 2 2 200 11 3546 3545 5245
10047 2 2 200 11 781 5174 5503
10048 2 2 200 11 3941 777 5460
10049 2 2 200 11 3624 5286 5599
10050 2 2 200 11 2945 3179 5378
10051 2 2 200 11 231 232 5324
10052 2 2 200 11 4283 3635 5364
10053 2 2 200 11 3124 3125 5382
10054 2 2 200 11 5157 3331 5265
10055 2 2 200 11 2949 4571 5216
10056 2 2 200 11 4421 3300 5584
10057 2 2 200 11 5 609 5474
10058 2 2 200 11 2698 4352 5379
10059 2 2 200 11 608 5 5474
10060 2 2 200 11 138 669 5328
10061 2 2 200 11 3698 838 5521
10062 2 2 200 11 3721 712 5561
10063 2 2 200 11 5065 773 5235
10064 2 2 200 11 4190 3989 5404
10065 2 2 200 11 469 4 5477
10066 2 2 200 11 4 330 5477
10067 2 2 200 11 3501 3220 5394
10068 2 2 200 11 78 79 5145
10069 2 2 200 11 3661 3660 5491
10070 2 2 200 11 4897 296 5283
10071 2 2 200 11 4997 3397 5278
10072 2 2 200 11 4965 1902 5250
10073 2 2 200 11 3702 3701 5496
10074 2 2 200 11 5240 3760 5372
10075 2 2 200 11 3359 2925 5149
10076 2 2 200 11 53 690 5335
10077 2 2 200 11 3466 3780 5490
10078 2 2 200 11 4089 4090 5406
10079 2 2 200 11 464 465 5142
10080 2 2 200 11 2971 2918 5159
10081 2 2 200 11 4188 4189 5404
10082 2 2 200 11 3559 3560 5192
10083 2 2 200 11 755 423 5146
10084 2 2 200 11 4882 2932 5272
10085 2 2 200 11 3941 3411 5370
10086 2 2 200 11 697 3678 5554
10087 2 2 200 11 3257 3986 5415
10088 2 2 200 11 3988 3987 5415
10089 2 2 200 11 882 238 5342
10090 2 2 200 11 3907 4835 5357
10091 2 2 200 11 239 682 5342
10092 2 2 200 11 2921 3210 5400
10093 2 2 200 11 83 766 5343
10094 2 2 200 11 884 82 5343
10095 2 2 200 11 4961 3219 5226
10096 2 2 200 11 758 3732 5383
10097 2 2 200 11 4917 280 5295
10098 2 2 200 11 709 5048 5512
10099 2 2 200 11 3179 4874 5256
10100 2 2 200 11 180 181 5147
10101 2 2 200 11 1 456 5487
10102 2 2 200 11 622 3 5488
10103 2 2 200 11 2856 4980 5213
10104 2 2 200 11 2386 5120 5151
10105 2 2 200 11 3724 3766 5153
10106 2 2 200 11 329 1 5487
10107 2 2 200 11 3 16 5488
10108 2 2 200 11 5279 3695 5601
10109 2 2 200 11 5013 2952 5511
10110 2 2 200 11 35 36 5402
10111 2 2 200 11 3599 2248 5165
10112 2 2 200 11 298 299 5150
10113 2 2 200 11 3446 3226 5154
10114 2 2 200 11 65 66 5363
10115 2 2 200 11 2338 2336 5202
10116 2 2 200 11 3441 4076 5425
10117 2 2 200 11 3347 2862 5623
10118 2 2 200 11 3354 4062 5282
10119 2 2 200 11 3508 4201 5451
10120 2 2 200 11 4638 3199 5148
10121 2 2 200 11 657 285 5370
10122 2 2 200 11 3822 3413 5506
10123 2 2 200 11 768 110 5372
10124 2 2 200 11 2932 3271 5534
10125 2 2 200 11 2912 4816 5133
10126 2 2 200 11 71 72 5376
10127 2 2 200 11 4955 3279 5381
10128 2 2 200 11 3741 150 5206
10129 2 2 200 11 4429 2924 5428
10130 2 2 200 11 4990 2979 5307
10131 2 2 200 11 3224 3391 5451
10132 2 2 200 11 4234 3222 5460
10133 2 2 200 11 3081 3082 5440
10134 2 2 200 11 4415 3084 5440
10135 2 2 200 11 4246 4245 5453
10136 2 2 200 11 4262 3297 5454
10137 2 2 200 11 2852 4862 5489
10138 2 2 200 11 3345 3248 5497
10139 2 2 200 11 3940 3941 5460
10140 2 2 200 11 670 207 5389
10141 2 2 200 11 3275 4133 5467
10142 2 2 200 11 3986 3985 5467
10143 2 2 200 11 3316 2955 5163
10144 2 2 200 11 2865 2866 5456
10145 2 2 200 11 5123 1478 5164
10146 2 2 200 11 3231 3266 5483
10147 2 2 200 11 673 4908 5574
10148 2 2 200 11 2093 2861 5459
10149 2 2 200 11 5159 3209 5351
10150 2 2 200 11 664 246 5401
10151 2 2 200 11 4192 4191 5482
10152 2 2 200 11 861 3563 5263
10153 2 2 200 11 4186 4187 5482
10154 2 2 200 11 4416 3661 5602
10155 2 2 200 11 3232 3476 5461
10156 2 2 200 11 4196 3375 5499
10157 2 2 200 11 735 590 5155
10158 2 2 200 11 271 659 5403
10159 2 2 200 11 2951 5300 5447
10160 2 2 200 11 3180 5090 5112
10161 2 2 200 11 3304 2191 5472
10162 2 2 200 11 654 5311 5546
10163 2 2 200 11 4029 4027 5603
10164 2 2 200 11 165 732 5432
10165 2 2 200 11 2363 3795 5524
10166 2 2 200 11 3329 3976 5604
10167 2 2 200 11 3386 3339 5156
10168 2 2 200 11 691 4852 5327
10169 2 2 200 11 3732 3215 5383
10170 2 2 200 11 4132 2595 5612
10171 2 2 200 11 4975 3172 5338
10172 2 2 200 11 865 164 5432
10173 2 2 200 11 92 684 5417
10174 2 2 200 11 3717 3716 5310
10175 2 2 200 11 667 126 5418
10176 2 2 200 11 2597 2832 5612
10177 2 2 200 11 4096 2987 5526
10178 2 2 200 11 4105 4199 5536
10179 2 2 200 11 63 797 5419
10180 2 2 200 11 4077 4078 5562
10181 2 2 200 11 3608 837 5534
10182 2 2 200 11 729 3706 5548
10183 2 2 200 11 2794 4192 5558
10184 2 2 200 11 98 4997 5278
10185 2 2 200 11 3737 1711 5356
10186 2 2 200 11 672 194 5158
10187 2 2 200 11 122 771 5431
10188 2 2 200 11 878 121 5431
10189 2 2 200 11 2233 2227 5602
10190 2 2 200 11 3140 2117 5607
10191 2 2 200 11 2229 4416 5602
10192 2 2 200 11 117 4135 5585
10193 2 2 200 11 745 3645 5159
10194 2 2 200 11 4566 2183 5502
10195 2 2 200 11 3374 3118 5529
10196 2 2 200 11 193 672 5433
10197 2 2 200 11 5296 4256 5624
10198 2 2 200 11 3731 731 5163
10199 2 2 200 11 218 219 5435
10200 2 2 200 11 3106 3104 5580
10201 2 2 200 11 4647 3321 5626
10202 2 2 200 11 255 798 5436
10203 2 2 200 11 44 772 5437
10204 2 2 200 11 876 43 5437
10205 2 2 200 11 885 212 5439
10206 2 2 200 11 213 678 5439
10207 2 2 200 11 4481 4336 5574
10208 2 2 200 11 128 770 5446
10209 2 2 200 11 3206 2748 5160
10210 2 2 200 11 510 511 5161
10211 2 2 200 11 5118 870 5282
10212 2 2 200 11 257 258 5457
10213 2 2 200 11 4948 52 5335
10214 2 2 200 11 887 303 5462
10215 2 2 200 11 304 691 5462
10216 2 2 200 11 3384 5098 5419
10217 2 2 200 11 4524 3443 5557
10218 2 2 200 11 3204 3237 5214
10219 2 2 200 11 2035 2034 5166
10220 2 2 200 11 3556 3359 5397
10221 2 2 200 11 2091 2785 5523
10222 2 2 200 11 5075 2852 5105
10223 2 2 200 11 808 3505 5465
10224 2 2 200 11 3291 4690 5541
10225 2 2 200 11 3420 4716 5533
10226 2 2 200 11 5325 792 5616
10227 2 2 200 11 3023 3022 5167
10228 2 2 200 11 4823 3286 5470
10229 2 2 200 11 104 105 5479
10230 2 2 200 11 294 783 5486
10231 2 2 200 11 4839 2241 5494
10232 2 2 200 11 1478 1476 5164
10233 2 2 200 11 4707 3306 5531
10234 2 2 200 11 123 124 5505
10235 2 2 200 11 227 228 5620
10236 2 2 200 11 4862 3597 5489
10237 2 2 200 11 4892 270 5403
10238 2 2 200 11 120 878 5507
10239 2 2 200 11 679 119 5507
10240 2 2 200 11 661 4955 5381
10241 2 2 200 11 2144 2158 5169
10242 2 2 200 11 274 769 5614
10243 2 2 200 11 247 248 5518
10244 2 2 200 11 5188 3197 5423
10245 2 2 200 11 4192 4924 5558
10246 2 2 200 11 3570 3768 5193
10247 2 2 200 11 770 129 5520
10248 2 2 200 11 64 65 5527
10249 2 2 200 11 3563 892 5326
10250 2 2 200 11 3353 3354 5282
10251 2 2 200 11 669 139 5594
10252 2 2 200 11 117 118 5579
10253 2 2 200 11 682 240 5543
10254 2 2 200 11 124 125 5568
10255 2 2 200 11 2377 4839 5485
10256 2 2 200 11 301 302 5174
10257 2 2 200 11 785 116 5585
10258 2 2 200 11 899 901 5471
10259 2 2 200 11 663 100 5583
10260 2 2 200 11 76 779 5575
10261 2 2 200 11 5111 883 5562
10262 2 2 200 11 3276 3310 5549
10263 2 2 200 11 2347 5027 5157
10264 2 2 200 11 2305 3341 5154
10265 2 2 200 11 2712 2711 5176
10266 2 2 200 11 4854 4784 5596
10267 2 2 200 11 3274 4543 5542
10268 2 2 200 11 3352 3197 5188
10269 2 2 200 11 2152 5186 5411
10270 2 2 200 11 2260 2253 5329
10271 2 2 200 11 3476 3333 5241
10272 2 2 200 11 46 47 5179
10273 2 2 200 11 3365 3741 5206
10274 2 2 200 11 4902 192 5433
10275 2 2 200 11 178 179 5178
10276 2 2 200 11 5158 3278 5540
10277 2 2 200 11 5052 580 5366
10278 2 2 200 11 3313 4855 5257
10279 2 2 200 11 752 3695 5279
10280 2 2 200 11 1789 1791 5443
10281 2 2 200 11 3371 2953 5303
10282 2 2 200 11 367 751 5180
10283 2 2 200 11 3167 5076 5234
10284 2 2 200 11 4015 4541 5207
10285 2 2 200 11 2954 4988 5157
10286 2 2 200 11 704 5194 5461
10287 2 2 200 11 282 283 5181
10288 2 2 200 11 5161 511 5222
10289 2 2 200 11 4007 4008 5182
10290 2 2 200 11 4988 2347 5157
10291 2 2 200 11 733 4854 5596
10292 2 2 200 11 4360 2951 5183
10293 2 2 200 11 1517 1552 5170
10294 2 2 200 11 893 5136 5237
10295 2 2 200 11 644 648 5330
10296 2 2 200 11 5385 741 5626
10297 2 2 200 11 761 312 5191
10298 2 2 200 11 5207 4542 5552
10299 2 2 200 11 3964 893 5270
10300 2 2 200 11 807 3756 5203
10301 2 2 200 11 2958 2376 5189
10302 2 2 200 11 144 675 5184
10303 2 2 200 11 4963 760 5390
10304 2 2 200 11 130 4924 5520
10305 2 2 200 11 4924 4192 5520
10306 2 2 200 11 904 902 5610
10307 2 2 200 11 4390 4409 5185
10308 2 2 200 11 4679 4805 5577
10309 2 2 200 11 2868 2988 5509
10310 2 2 200 11 5146 3238 5251
10311 2 2 200 11 5213 3687 5391
10312 2 2 200 11 2287 4992 5266
10313 2 2 200 11 4852 4851 5463
10314 2 2 200 11 3416 3415 5229
10315 2 2 200 11 5346 4096 5435
10316 2 2 200 11 2977 3502 5262
10317 2 2 200 11 5530 3358 5558
10318 2 2 200 11 3436 3330 5605
10319 2 2 200 11 5090 2286 5112
10320 2 2 200 11 3624 3622 5286
10321 2 2 200 11 4849 692 5438
10322 2 2 200 11 3403 3402 5306
10323 2 2 200 11 236 237 5190
10324 2 2 200 11 5286 2104 5599
10325 2 2 200 11 627 800 5359
10326 2 2 200 11 2981 2256 5171
10327 2 2 200 11 208 209 5192
10328 2 2 200 11 2772 5091 5298
10329 2 2 200 11 2960 3233 5390
10330 2 2 200 11 3530 3256 5566
10331 2 2 200 11 4974 743 5185
10332 2 2 200 11 686 4891 5242
10333 2 2 200 11 4977 3176 5312
10334 2 2 200 11 3341 3567 5344
10335 2 2 200 11 893 5237 5270
10336 2 2 200 11 3315 4953 5405
10337 2 2 200 11 4826 2268 5484
10338 2 2 200 11 3282 2320 5195
10339 2 2 200 11 253 254 5196
10340 2 2 200 11 283 284 5197
10341 2 2 200 11 2937 4739 5194
10342 2 2 200 11 3262 3261 5421
10343 2 2 200 11 5181 283 5197
10344 2 2 200 11 3233 4963 5390
10345 2 2 200 11 2950 3223 5198
10346 2 2 200 11 5176 2711 5177
10347 2 2 200 11 221 222 5199
10348 2 2 200 11 59 60 5287
10349 2 2 200 11 3223 5164 5198
10350 2 2 200 11 3444 806 5572
10351 2 2 200 11 3298 2916 5201
10352 2 2 200 11 2954 5157 5265
10353 2 2 200 11 5120 3073 5151
10354 2 2 200 11 796 4894 5291
10355 2 2 200 11 2253 2255 5329
10356 2 2 200 11 586 587 5204
10357 2 2 200 11 828 2374 5485
10358 2 2 200 11 5330 5188 5423
10359 2 2 200 11 150 151 5206
10360 2 2 200 11 2310 4979 5175
10361 2 2 200 11 3545 5089 5245
10362 2 2 200 11 3190 5279 5601
10363 2 2 200 11 2861 5110 5459
10364 2 2 200 11 3527 3379 5220
10365 2 2 200 11 4905 789 5201
10366 2 2 200 11 3543 833 5271
10367 2 2 200 11 4454 5013 5478
10368 2 2 200 11 4947 3327 5254
10369 2 2 200 11 3392 2996 5316
10370 2 2 200 11 3505 3239 5465
10371 2 2 200 11 898 897 5464
10372 2 2 200 11 384 848 5208
10373 2 2 200 11 3756 3755 5560
10374 2 2 200 11 444 753 5209
10375 2 2 200 11 4203 2965 5211
10376 2 2 200 11 4249 293 5486
10377 2 2 200 11 821 31 5227
10378 2 2 200 11 5189 3768 5263
10379 2 2 200 11 1946 3490 5533
10380 2 2 200 11 136 137 5210
10381 2 2 200 11 3529 2201 5277
10382 2 2 200 11 5174 3385 5503
10383 2 2 200 11 4056 3255 5398
10384 2 2 200 11 2357 2890 5200
10385 2 2 200 11 5160 3721 5561
10386 2 2 200 11 2257 2259 5566
10387 2 2 200 11 5242 3991 5597
10388 2 2 200 11 2376 2915 5189
10389 2 2 200 11 833 3603 5271
10390 2 2 200 11 5020 3225 5444
10391 2 2 200 11 310 5114 5355
10392 2 2 200 11 3399 5348 5619
10393 2 2 200 11 3340 2948 5212
10394 2 2 200 11 201 202 5215
10395 2 2 200 11 4400 2856 5213
10396 2 2 200 11 5024 75 5575
10397 2 2 200 11 3185 828 5485
10398 2 2 200 11 3117 3096 5217
10399 2 2 200 11 787 217 5218
10400 2 2 200 11 2105 2781 5219
10401 2 2 200 11 798 256 5220
10402 2 2 200 11 3351 5111 5562
10403 2 2 200 11 5206 671 5453
10404 2 2 200 11 5108 793 5473
10405 2 2 200 11 2985 2354 5524
10406 2 2 200 11 4062 5118 5282
10407 2 2 200 11 2956 4929 5205
10408 2 2 200 11 2336 2340 5202
10409 2 2 200 11 897 3013 5464
10410 2 2 200 11 3693 752 5279
10411 2 2 200 11 802 4964 5360
10412 2 2 200 11 5299 3371 5395
10413 2 2 200 11 880 4912 5393
10414 2 2 200 11 3221 4982 5380
10415 2 2 200 11 1766 5053 5247
10416 2 2 200 11 2033 3494 5541
10417 2 2 200 11 511 512 5222
10418 2 2 200 11 3718 4543 5310
10419 2 2 200 11 479 758 5221
10420 2 2 200 11 745 5159 5351
10421 2 2 200 11 3567 812 5344
10422 2 2 200 11 2363 2365 5519
10423 2 2 200 11 826 5023 5517
10424 2 2 200 11 674 4901 5207
10425 2 2 200 11 2268 2258 5484
10426 2 2 200 11 457 458 5223
10427 2 2 200 11 5185 743 5302
10428 2 2 200 11 3246 4759 5503
10429 2 2 200 11 3180 3472 5410
10430 2 2 200 11 5212 4657 5573
10431 2 2 200 11 3182 4185 5225
10432 2 2 200 11 2802 4420 5224
10433 2 2 200 11 2201 5068 5277
10434 2 2 200 11 4722 811 5448
10435 2 2 200 11 5132 3291 5541
10436 2 2 200 11 5192 3560 5389
10437 2 2 200 11 3080 4445 5228
10438 2 2 200 11 693 4879 5216
10439 2 2 200 11 5130 3420 5533
10440 2 2 200 11 60 658 5287
10441 2 2 200 11 4214 875 5576
10442 2 2 200 11 803 3964 5323
10443 2 2 200 11 272 273 5229
10444 2 2 200 11 4677 4679 5374
10445 2 2 200 11 5137 669 5594
10446 2 2 200 11 768 5372 5499
10447 2 2 200 11 166 167 5231
10448 2 2 200 11 4852 2992 5327
10449 2 2 200 11 872 4916 5332
10450 2 2 200 11 3910 5108 5473
10451 2 2 200 11 711 5305 5590
10452 2 2 200 11 2025 4941 5586
10453 2 2 200 11 1908 2263 5232
10454 2 2 200 11 5241 3333 5466
10455 2 2 200 11 2991 2990 5233
10456 2 2 200 11 3315 3644 5470
10457 2 2 200 11 2967 3167 5234
10458 2 2 200 11 4090 5184 5406
10459 2 2 200 11 3687 750 5391
10460 2 2 200 11 5156 664 5401
10461 2 2 200 11 4679 4828 5374
10462 2 2 200 11 3547 5110 5609
10463 2 2 200 11 5023 5022 5517
10464 2 2 200 11 5022 4712 5517
10465 2 2 200 11 2926 4823 5508
10466 2 2 200 11 855 3461 5395
10467 2 2 200 11 715 5205 5578
10468 2 2 200 11 4390 5185 5302
10469 2 2 200 11 773 142 5235
10470 2 2 200 11 1982 2060 5236
10471 2 2 200 11 3723 714 5290
10472 2 2 200 11 3205 3752 5468
10473 2 2 200 11 3312 3211 5452
10474 2 2 200 11 5013 748 5478
10475 2 2 200 11 674 5207 5552
10476 2 2 200 11 5426 3576 5537
10477 2 2 200 11 5163 2955 5502
10478 2 2 200 11 3271 2776 5239
10479 2 2 200 11 2802 5224 5245
10480 2 2 200 11 3242 5299 5395
10481 2 2 200 11 5224 4420 5252
10482 2 2 200 11 4884 765 5341
10483 2 2 200 11 4823 3575 5508
10484 2 2 200 11 5438 692 5628
10485 2 2 200 11 749 538 5241
10486 2 2 200 11 111 112 5240
10487 2 2 200 11 4607 3139 5238
10488 2 2 200 11 3536 4965 5250
10489 2 2 200 11 5239 3666 5522
10490 2 2 200 11 846 3614 5249
10491 2 2 200 11 5216 4880 5516
10492 2 2 200 11 4320 4322 5429
10493 2 2 200 11 3633 4406 5379
10494 2 2 200 11 1711 4978 5356
10495 2 2 200 11 3644 737 5470
10496 2 2 200 11 4982 3497 5380
10497 2 2 200 11 3908 4895 5532
10498 2 2 200 11 900 1503 5559
10499 2 2 200 11 4184 2964 5242
10500 2 2 200 11 3187 3603 5544
10501 2 2 200 11 2759 3260 5244
10502 2 2 200 11 3320 4918 5531
10503 2 2 200 11 3930 3259 5249
10504 2 2 200 11 371 372 5248
10505 2 2 200 11 3492 4676 5416
10506 2 2 200 11 3011 4466 5243
10507 2 2 200 11 3390 3253 5237
10508 2 2 200 11 3291 5132 5617
10509 2 2 200 11 660 5024 5504
10510 2 2 200 11 3731 5163 5502
10511 2 2 200 11 677 3847 5530
10512 2 2 200 11 5179 656 5352
10513 2 2 200 11 1737 1789 5250
10514 2 2 200 11 3242 3557 5299
10515 2 2 200 11 356 746 5254
10516 2 2 200 11 5232 3726 5493
10517 2 2 200 11 73 660 5253
10518 2 2 200 11 4420 2979 5252
10519 2 2 200 11 2831 4094 5255
10520 2 2 200 11 5068 2199 5168
10521 2 2 200 11 3510 5226 5480
10522 2 2 200 11 4874 2704 5256
10523 2 2 200 11 5218 4096 5526
10524 2 2 200 11 3964 5270 5323
10525 2 2 200 11 5026 3340 5422
10526 2 2 200 11 34 35 5257
10527 2 2 200 11 4267 5044 5352
10528 2 2 200 11 3523 3520 5246
10529 2 2 200 11 3202 4083 5259
10530 2 2 200 11 156 157 5258
10531 2 2 200 11 699 420 5261
10532 2 2 200 11 481 482 5264
10533 2 2 200 11 5322 4256 5479
10534 2 2 200 11 796 5291 5532
10535 2 2 200 11 3177 3652 5500
10536 2 2 200 11 593 594 5260
10537 2 2 200 11 5393 4912 5571
10538 2 2 200 11 3482 3485 5288
10539 2 2 200 11 5223 854 5605
10540 2 2 200 11 3606 711 5590
10541 2 2 200 11 3270 4262 5564
10542 2 2 200 11 5152 2304 5384
10543 2 2 200 11 421 422 5455
10544 2 2 200 11 3589 3484 5333
10545 2 2 200 11 84 85 5268
10546 2 2 200 11 3706 5244 5548
10547 2 2 200 11 4918 889 5531
10548 2 2 200 11 4589 4482 5267
10549 2 2 200 11 3851 3064 5269
10550 2 2 200 11 4888 5350 5565
10551 2 2 200 11 3219 5002 5226
10552 2 2 200 11 3831 3221 5380
10553 2 2 200 11 4525 5493 5629
10554 2 2 200 11 3976 3977 5363
10555 2 2 200 11 5263 3563 5326
10556 2 2 200 11 3716 3718 5310
10557 2 2 200 11 3013 3589 5333
10558 2 2 200 11 4893 795 5369
10559 2 2 200 11 3474 4329 5475
10560 2 2 200 11 5210 137 5328
10561 2 2 200 11 3807 3740 5274
10562 2 2 200 11 4915 4697 5628
10563 2 2 200 11 3691 725 5289
10564 2 2 200 11 387 388 5275
10565 2 2 200 11 4904 4334 5476
10566 2 2 200 11 4533 2978 5273
10567 2 2 200 11 688 5111 5604
10568 2 2 200 11 5261 3374 5529
10569 2 2 200 11 208 5192 5389
10570 2 2 200 11 5336 856 5588
10571 2 2 200 11 196 786 5276
10572 2 2 200 11 4676 5062 5416
10573 2 2 200 11 3621 5134 5428
10574 2 2 200 11 5309 4039 5442
10575 2 2 200 11 3549 3176 5459
10576 2 2 200 11 5260 594 5399
10577 2 2 200 11 5024 3308 5504
10578 2 2 200 11 2915 5152 5193
10579 2 2 200 11 3699 3697 5320
10580 2 2 200 11 5193 5152 5384
10581 2 2 200 11 2974 4975 5251
10582 2 2 200 11 3883 3642 5348
10583 2 2 200 11 97 98 5278
10584 2 2 200 11 4400 5213 5391
10585 2 2 200 11 5264 650 5555
10586 2 2 200 11 2124 4977 5312
10587 2 2 200 11 5166 2034 5582
10588 2 2 200 11 3190 4425 5279
10589 2 2 200 11 5237 3253 5270
10590 2 2 200 11 695 442 5280
10591 2 2 200 11 4248 4249 5486
10592 2 2 200 11 572 573 5281
10593 2 2 200 11 3435 2954 5265
10594 2 2 200 11 296 297 5283
10595 2 2 200 11 4782 3263 5547
10596 2 2 200 11 4361 3684 5586
10597 2 2 200 11 5201 789 5476
10598 2 2 200 11 4888 871 5350
10599 2 2 200 11 743 3671 5302
10600 2 2 200 11 839 5318 5557
10601 2 2 200 11 3400 3501 5287
10602 2 2 200 11 2980 3217 5284
10603 2 2 200 11 1905 2104 5286
10604 2 2 200 11 3496 5274 5553
10605 2 2 200 11 5362 3361 5553
10606 2 2 200 11 4678 4677 5374
10607 2 2 200 11 3367 2938 5290
10608 2 2 200 11 2882 4882 5272
10609 2 2 200 11 4585 5051 5516
10610 2 2 200 11 2992 5057 5327
10611 2 2 200 11 2893 3319 5291
10612 2 2 200 11 5194 4739 5461
10613 2 2 200 11 3209 4714 5351
10614 2 2 200 11 229 791 5293
10615 2 2 200 11 3253 3251 5270
10616 2 2 200 11 3298 5201 5476
10617 2 2 200 11 5285 785 5585
10618 2 2 200 11 3977 5167 5527
10619 2 2 200 11 1978 1764 5292
10620 2 2 200 11 3796 803 5373
10621 2 2 200 11 5269 3064 5322
10622 2 2 200 11 5255 4094 5346
10623 2 2 200 11 5196 254 5436
10624 2 2 200 11 3200 3294 5294
10625 2 2 200 11 280 281 5295
10626 2 2 200 11 5493 3725 5629
10627 2 2 200 11 778 103 5296
10628 2 2 200 11 2824 2829 5297
10629 2 2 200 11 5094 4832 5230
10630 2 2 200 11 2216 5105 5538
10631 2 2 200 11 2771 2772 5298
10632 2 2 200 11 2094 2217 5300
10633 2 2 200 11 3008 3245 5340
10634 2 2 200 11 2861 3831 5609
10635 2 2 200 11 3255 4952 5398
10636 2 2 200 11 3416 5229 5614
10637 2 2 200 11 4639 5148 5551
10638 2 2 200 11 749 5241 5466
10639 2 2 200 11 5311 3344 5546
10640 2 2 200 11 3229 3236 5525
10641 2 2 200 11 3296 5081 5589
10642 2 2 200 11 2988 4390 5302
10643 2 2 200 11 5119 2025 5586
10644 2 2 200 11 5391 750 5539
10645 2 2 200 11 711 354 5305
10646 2 2 200 11 5351 4714 5535
10647 2 2 200 11 683 3783 5571
10648 2 2 200 11 5053 3187 5247
10649 2 2 200 11 111 5240 5372
10650 2 2 200 11 5341 765 5625
10651 2 2 200 11 568 569 5306
10652 2 2 200 11 3675 5556 5595
10653 2 2 200 11 2339 4574 5444
10654 2 2 200 11 5080 2085 5309
10655 2 2 200 11 4671 2966 5304
10656 2 2 200 11 4953 3316 5405
10657 2 2 200 11 5434 3432 5618
10658 2 2 200 11 3755 3753 5336
10659 2 2 200 11 2958 5263 5326
10660 2 2 200 11 3282 5195 5569
10661 2 2 200 11 5142 808 5465
10662 2 2 200 11 2808 2810 5307
10663 2 2 200 11 5233 3270 5564
10664 2 2 200 11 4262 4993 5564
10665 2 2 200 11 335 336 5308
10666 2 2 200 11 4857 654 5301
10667 2 2 200 11 3445 5094 5230
10668 2 2 200 11 3305 5032 5618
10669 2 2 200 11 3632 3633 5379
10670 2 2 200 11 4543 2202 5310
10671 2 2 200 11 5209 753 5595
10672 2 2 200 11 2744 5173 5349
10673 2 2 200 11 176 177 5311
10674 2 2 200 11 5173 3721 5349
10675 2 2 200 11 5066 3276 5514
10676 2 2 200 11 3708 844 5317
10677 2 2 200 11 101 102 5313
10678 2 2 200 11 385 386 5314
10679 2 2 200 11 546 547 5315
10680 2 2 200 11 5326 892 5426
10681 2 2 200 11 3497 831 5380
10682 2 2 200 11 3260 3647 5548
10683 2 2 200 11 5231 866 5577
10684 2 2 200 11 5350 4109 5565
10685 2 2 200 11 2361 3371 5299
10686 2 2 200 11 3399 5079 5348
10687 2 2 200 11 5089 2802 5245
10688 2 2 200 11 422 755 5455
10689 2 2 200 11 780 5278 5506
10690 2 2 200 11 5086 4678 5361
10691 2 2 200 11 5396 124 5568
10692 2 2 200 11 543 544 5318
10693 2 2 200 11 574 575 5319
10694 2 2 200 11 5307 2810 5334
10695 2 2 200 11 3677 745 5351
10696 2 2 200 11 2953 3435 5303
10697 2 2 200 11 3655 3653 5321
10698 2 2 200 11 795 5072 5369
10699 2 2 200 11 3064 3063 5322
10700 2 2 200 11 335 5308 5469
10701 2 2 200 11 3011 5243 5438
10702 2 2 200 11 232 666 5324
10703 2 2 200 11 3350 2387 5325
10704 2 2 200 11 137 138 5328
10705 2 2 200 11 3672 3673 5345
10706 2 2 200 11 726 3656 5340
10707 2 2 200 11 3635 3636 5364
10708 2 2 200 11 5300 3475 5447
10709 2 2 200 11 3247 3705 5515
10710 2 2 200 11 848 4417 5525
10711 2 2 200 11 4952 769 5398
10712 2 2 200 11 5214 3237 5463
10713 2 2 200 11 4321 4320 5429
10714 2 2 200 11 3924 3173 5332
10715 2 2 200 11 4427 3177 5500
10716 2 2 200 11 2651 2653 5331
10717 2 2 200 11 3795 3794 5377
10718 2 2 200 11 52 53 5335
10719 2 2 200 11 2810 2815 5334
10720 2 2 200 11 5466 4441 5615
10721 2 2 200 11 5270 3251 5323
10722 2 2 200 11 2223 2225 5337
10723 2 2 200 11 670 5389 5536
10724 2 2 200 11 2949 5216 5516
10725 2 2 200 11 3172 3374 5338
10726 2 2 200 11 3694 3692 5409
10727 2 2 200 11 5365 3657 5368
10728 2 2 200 11 5068 2994 5277
10729 2 2 200 11 618 619 5339
10730 2 2 200 11 4042 2922 5341
10731 2 2 200 11 5072 3207 5369
10732 2 2 200 11 238 239 5342
10733 2 2 200 11 124 5396 5505
10734 2 2 200 11 82 83 5343
10735 2 2 200 11 3279 3280 5381
10736 2 2 200 11 755 5146 5251
10737 2 2 200 11 3499 3500 5458
10738 2 2 200 11 3365 5206 5453
10739 2 2 200 11 5062 744 5416
10740 2 2 200 11 4094 4095 5346
10741 2 2 200 11 5128 649 5490
10742 2 2 200 11 2819 2822 5347
10743 2 2 200 11 5290 714 5591
10744 2 2 200 11 2743 2744 5349
10745 2 2 200 11 4110 4109 5350
10746 2 2 200 11 5111 3351 5604
10747 2 2 200 11 5049 715 5578
10748 2 2 200 11 2996 2998 5316
10749 2 2 200 11 5229 273 5614
10750 2 2 200 11 3965 804 5514
10751 2 2 200 11 3194 3193 5353
10752 2 2 200 11 21 22 5354
10753 2 2 200 11 3353 5282 5587
10754 2 2 200 11 309 310 5355
10755 2 2 200 11 3283 3907 5357
10756 2 2 200 11 5205 4929 5578
10757 2 2 200 11 369 370 5358
10758 2 2 200 11 3657 3658 5368
10759 2 2 200 11 4267 5352 5613
10760 2 2 200 11 3302 3444 5572
10761 2 2 200 11 21 5354 5388
10762 2 2 200 11 473 474 5362
10763 2 2 200 11 792 4948 5616
10764 2 2 200 11 3251 3249 5323
10765 2 2 200 11 2153 2152 5411
10766 2 2 200 11 742 3657 5365
10767 2 2 200 11 66 688 5363
10768 2 2 200 11 3450 3353 5587
10769 2 2 200 11 3677 5351 5535
10770 2 2 200 11 2647 4283 5364
10771 2 2 200 11 830 3570 5510
10772 2 2 200 11 580 581 5366
10773 2 2 200 11 2958 5189 5263
10774 2 2 200 11 3619 699 5593
10775 2 2 200 11 2988 5345 5509
10776 2 2 200 11 5079 3883 5348
10777 2 2 200 11 285 286 5370
10778 2 2 200 11 4234 4886 5454
10779 2 2 200 11 3225 5359 5444
10780 2 2 200 11 692 4915 5628
10781 2 2 200 11 3498 3499 5397
10782 2 2 200 11 110 111 5372
10783 2 2 200 11 3215 3214 5383
10784 2 2 200 11 3603 3604 5544
10785 2 2 200 11 649 477 5371
10786 2 2 200 11 3377 815 5408
10787 2 2 200 11 867 5212 5573
10788 2 2 200 11 767 71 5376
10789 2 2 200 11 4948 4233 5616
10790 2 2 200 11 4944 767 5425
10791 2 2 200 11 3283 5357 5393
10792 2 2 200 11 685 4913 5387
10793 2 2 200 11 3680 5466 5615
10794 2 2 200 11 875 5054 5576
10795 2 2 200 11 4072 5116 5387
10796 2 2 200 11 4525 2138 5493
10797 2 2 200 11 3402 2945 5378
10798 2 2 200 11 2859 5084 5409
10799 2 2 200 11 4406 2698 5379
10800 2 2 200 11 3127 3124 5382
10801 2 2 200 11 3719 3206 5561
10802 2 2 200 11 5149 2926 5508
10803 2 2 200 11 492 493 5385
10804 2 2 200 11 3325 2849 5407
10805 2 2 200 11 686 5242 5597
10806 2 2 200 11 3727 5183 5447
10807 2 2 200 11 2368 3180 5410
10808 2 2 200 11 5291 3319 5532
10809 2 2 200 11 2364 3565 5468
10810 2 2 200 11 647 899 5407
10811 2 2 200 11 36 652 5402
10812 2 2 200 11 20 21 5388
10813 2 2 200 11 4077 4944 5425
10814 2 2 200 11 3243 2958 5326
10815 2 2 200 11 3256 3200 5375
10816 2 2 200 11 2370 2995 5408
10817 2 2 200 11 5356 2961 5414
10818 2 2 200 11 3651 3650 5511
10819 2 2 200 11 207 208 5389
10820 2 2 200 11 3636 709 5512
10821 2 2 200 11 4206 5179 5352
10822 2 2 200 11 800 2339 5359
10823 2 2 200 11 3376 4400 5391
10824 2 2 200 11 4828 713 5374
10825 2 2 200 11 3628 3627 5412
10826 2 2 200 11 3290 3678 5535
10827 2 2 200 11 3648 5501 5622
10828 2 2 200 11 3284 3283 5393
10829 2 2 200 11 3333 4441 5466
10830 2 2 200 11 750 3685 5539
10831 2 2 200 11 3220 3903 5394
10832 2 2 200 11 708 3632 5413
10833 2 2 200 11 3989 3988 5396
10834 2 2 200 11 3367 5290 5591
10835 2 2 200 11 594 595 5399
10836 2 2 200 11 3197 3771 5423
10837 2 2 200 11 5471 1692 5581
10838 2 2 200 11 3320 5026 5422
10839 2 2 200 11 4417 3229 5525
10840 2 2 200 11 5323 3249 5373
10841 2 2 200 11 5248 3630 5570
10842 2 2 200 11 3608 3271 5522
10843 2 2 200 11 723 3700 5400
10844 2 2 200 11 246 247 5401
10845 2 2 200 11 3500 4995 5458
10846 2 2 200 11 5178 733 5596
10847 2 2 200 11 5182 4014 5450
10848 2 2 200 11 5265 3436 5448
10849 2 2 200 11 3405 4089 5406
10850 2 2 200 11 4189 4190 5404
10851 2 2 200 11 803 5323 5373
10852 2 2 200 11 270 271 5403
10853 2 2 200 11 4910 661 5381
10854 2 2 200 11 3461 3242 5395
10855 2 2 200 11 2304 4648 5384
10856 2 2 200 11 2259 3530 5566
10857 2 2 200 11 638 802 5360
10858 2 2 200 11 3228 4454 5478
10859 2 2 200 11 3987 3257 5415
10860 2 2 200 11 5110 2861 5609
10861 2 2 200 11 3705 846 5515
10862 2 2 200 11 1503 5288 5559
10863 2 2 200 11 4983 3450 5587
10864 2 2 200 11 3412 5080 5309
10865 2 2 200 11 3249 2985 5373
10866 2 2 200 11 5469 3301 5589
10867 2 2 200 11 5377 2985 5524
10868 2 2 200 11 3440 5137 5594
10869 2 2 200 11 3322 5385 5626
10870 2 2 200 11 3991 3269 5597
10871 2 2 200 11 3607 5247 5544
10872 2 2 200 11 2379 3381 5420
10873 2 2 200 11 3752 817 5420
10874 2 2 200 11 3387 813 5424
10875 2 2 200 11 4892 3234 5473
10876 2 2 200 11 744 3649 5416
10877 2 2 200 11 3848 3358 5530
10878 2 2 200 11 3314 2960 5390
10879 2 2 200 11 91 92 5417
10880 2 2 200 11 3847 3848 5530
10881 2 2 200 11 126 127 5418
10882 2 2 200 11 5057 4539 5327
10883 2 2 200 11 769 4887 5398
10884 2 2 200 11 4989 2287 5560
10885 2 2 200 11 2375 2373 5445
10886 2 2 200 11 3350 5325 5616
10887 2 2 200 11 62 63 5419
10888 2 2 200 11 835 3710 5421
10889 2 2 200 11 4978 2961 5356
10890 2 2 200 11 3295 4899 5627
10891 2 2 200 11 4886 874 5454
10892 2 2 200 11 4900 784 5450
10893 2 2 200 11 319 320 5434
10894 2 2 200 11 696 3608 5522
10895 2 2 200 11 4076 4077 5425
10896 2 2 200 11 699 5529 5593
10897 2 2 200 11 846 5249 5515
10898 2 2 200 11 532 533 5427
10899 2 2 200 11 1503 898 5464
10900 2 2 200 11 609 5061 5474
10901 2 2 200 11 840 3612 5430
10902 2 2 200 11 5275 3648 5622
10903 2 2 200 11 2947 4429 5428
10904 2 2 200 11 5051 2949 5516
10905 2 2 200 11 5514 3276 5549
10906 2 2 200 11 5521 3611 5584
10907 2 2 200 11 4042 5341 5625
10908 2 2 200 11 121 122 5431
10909 2 2 200 11 101 5313 5583
10910 2 2 200 11 5064 469 5477
10911 2 2 200 11 748 5095 5478
10912 2 2 200 11 5183 2951 5447
10913 2 2 200 11 5044 4206 5352
10914 2 2 200 11 164 165 5432
10915 2 2 200 11 192 193 5433
10916 2 2 200 11 4995 2108 5458
10917 2 2 200 11 2961 3314 5414
10918 2 2 200 11 787 5526 5627
10919 2 2 200 11 3436 4722 5448
10920 2 2 200 11 254 255 5436
10921 2 2 200 11 219 668 5435
10922 2 2 200 11 886 5214 5463
10923 2 2 200 11 3678 3677 5535
10924 2 2 200 11 43 44 5437
10925 2 2 200 11 783 4897 5598
10926 2 2 200 11 4964 3470 5367
10927 2 2 200 11 5375 2257 5566
10928 2 2 200 11 3281 5267 5498
10929 2 2 200 11 3905 3906 5441
10930 2 2 200 11 212 213 5439
10931 2 2 200 11 5249 3259 5515
10932 2 2 200 11 3084 3081 5440
10933 2 2 200 11 4895 796 5532
10934 2 2 200 11 4657 4854 5573
10935 2 2 200 11 901 1692 5471
10936 2 2 200 11 3663 702 5475
10937 2 2 200 11 127 128 5446
10938 2 2 200 11 5148 868 5551
10939 2 2 200 11 4912 683 5571
10940 2 2 200 11 3373 3011 5438
10941 2 2 200 11 3217 5086 5361
10942 2 2 200 11 655 5150 5429
10943 2 2 200 11 714 5052 5591
10944 2 2 200 11 4201 3224 5451
10945 2 2 200 11 5181 5197 5442
10946 2 2 200 11 5115 761 5492
10947 2 2 200 11 4245 3365 5453
10948 2 2 200 11 3297 4234 5454
10949 2 2 200 11 2715 5176 5495
10950 2 2 200 11 5418 127 5446
10951 2 2 200 11 3376 5391 5539
10952 2 2 200 11 3299 2865 5456
10953 2 2 200 11 668 5346 5435
10954 2 2 200 11 258 662 5457
10955 2 2 200 11 3680 749 5466
10956 2 2 200 11 3222 3940 5460
10957 2 2 200 11 3652 757 5500
10958 2 2 200 11 3648 740 5501
10959 2 2 200 11 3611 701 5584
10960 2 2 200 11 334 335 5469
10961 2 2 200 11 3284 5393 5571
10962 2 2 200 11 303 304 5462
10963 2 2 200 11 3127 5382 5592
10964 2 2 200 11 3985 3275 5467
10965 2 2 200 11 3176 2093 5459
10966 2 2 200 11 3591 3601 5606
10967 2 2 200 11 5352 656 5613
10968 2 2 200 11 3750 608 5474
10969 2 2 200 11 3780 3360 5490
10970 2 2 200 11 5167 797 5527
10971 2 2 200 11 3684 5119 5586
10972 2 2 200 11 3234 3910 5473
10973 2 2 200 11 3185 4839 5494
10974 2 2 200 11 5406 675 5563
10975 2 2 200 11 330 3590 5477
10976 2 2 200 11 3566 855 5600
10977 2 2 200 11 2191 3389 5472
10978 2 2 200 11 4739 3232 5461
10979 2 2 200 11 1791 2123 5443
10980 2 2 200 11 3427 3428 5492
10981 2 2 200 11 4857 5301 5551
10982 2 2 200 11 3286 3315 5470
10983 2 2 200 11 5266 3756 5560
10984 2 2 200 11 2255 5294 5329
10985 2 2 200 11 4334 3298 5476
10986 2 2 200 11 3304 5049 5578
10987 2 2 200 11 5226 5002 5480
10988 2 2 200 11 3534 3536 5611
10989 2 2 200 11 3405 5406 5563
10990 2 2 200 11 4851 886 5463
10991 2 2 200 11 3918 3231 5483
10992 2 2 200 11 3660 3662 5491
10993 2 2 200 11 3218 4267 5613
10994 2 2 200 11 16 5135 5488
10995 2 2 200 11 5136 329 5487
10996 2 2 200 11 105 681 5479
10997 2 2 200 11 4191 4186 5482
10998 2 2 200 11 3248 3854 5497
10999 2 2 200 11 456 3015 5487
11000 2 2 200 11 3014 622 5488
11001 2 2 200 11 5316 2998 5545
11002 2 2 200 11 4862 3414 5621
11003 2 2 200 11 3701 3703 5496
11004 2 2 200 11 3397 3822 5506
11005 2 2 200 11 293 294 5486
11006 2 2 200 11 3575 3551 5508
11007 2 2 200 11 793 4892 5473
11008 2 2 200 11 3263 3313 5547
11009 2 2 200 11 2866 2868 5509
11010 2 2 200 11 3629 3628 5495
11011 2 2 200 11 3601 896 5606
11012 2 2 200 11 3726 3725 5493
11013 2 2 200 11 5116 685 5387
11014 2 2 200 11 765 5103 5625
11015 2 2 200 11 3390 5223 5605
11016 2 2 200 11 3386 5156 5401
11017 2 2 200 11 3760 4196 5499
11018 2 2 200 11 5070 3651 5511
11019 2 2 200 11 3591 859 5623
11020 2 2 200 11 3268 5121 5513
11021 2 2 200 11 3243 5326 5426
11022 2 2 200 11 3308 3309 5504
11023 2 2 200 11 3725 5153 5629
11024 2 2 200 11 789 4904 5476
11025 2 2 200 11 3199 5284 5567
11026 2 2 200 11 3446 5154 5344
11027 2 2 200 11 730 3729 5619
11028 2 2 200 11 771 123 5505
11029 2 2 200 11 648 5188 5330
11030 2 2 200 11 5150 4321 5429
11031 2 2 200 11 2955 4566 5502
11032 2 2 200 11 119 120 5507
11033 2 2 200 11 2374 2377 5485
11034 2 2 200 11 3385 3246 5503
11035 2 2 200 11 3596 3598 5538
11036 2 2 200 11 5084 3694 5409
11037 2 2 200 11 2952 5070 5511
11038 2 2 200 11 3597 4862 5621
11039 2 2 200 11 5134 2947 5428
11040 2 2 200 11 3259 3247 5515
11041 2 2 200 11 3241 5142 5465
11042 2 2 200 11 4714 3290 5535
11043 2 2 200 11 3239 3241 5465
11044 2 2 200 11 3373 5438 5628
11045 2 2 200 11 248 775 5518
11046 2 2 200 11 3236 5208 5525
11047 2 2 200 11 2133 5238 5556
11048 2 2 200 11 779 4898 5513
11049 2 2 200 11 3613 697 5554
11050 2 2 200 11 838 3611 5521
11051 2 2 200 11 129 130 5520
11052 2 2 200 11 4542 4707 5552
11053 2 2 200 11 3319 3908 5532
11054 2 2 200 11 2987 3978 5526
11055 2 2 200 11 797 64 5527
11056 2 2 200 11 3695 3696 5601
11057 2 2 200 11 5018 3243 5426
11058 2 2 200 11 3570 5384 5510
11059 2 2 200 11 5384 4648 5510
11060 2 2 200 11 837 3702 5534
11061 2 2 200 11 3118 4405 5529
11062 2 2 200 11 3560 4105 5536
11063 2 2 200 11 3277 5063 5540
11064 2 2 200 11 890 4907 5498
11065 2 2 200 11 5154 3341 5344
11066 2 2 200 11 834 3597 5621
11067 2 2 200 11 3186 2091 5523
11068 2 2 200 11 3306 3320 5531
11069 2 2 200 11 2104 5219 5599
11070 2 2 200 11 3360 5128 5490
11071 2 2 200 11 2931 5092 5424
11072 2 2 200 11 4648 3422 5510
11073 2 2 200 11 4899 787 5627
11074 2 2 200 11 4444 3376 5539
11075 2 2 200 11 5372 3760 5499
11076 2 2 200 11 240 241 5543
11077 2 2 200 11 4716 1946 5533
11078 2 2 200 11 5195 3190 5601
11079 2 2 200 11 3494 5132 5541
11080 2 2 200 11 894 3965 5549
11081 2 2 200 11 4109 5097 5565
11082 2 2 200 11 5526 3978 5627
11083 2 2 200 11 5038 2375 5445
11084 2 2 200 11 5095 3228 5478
11085 2 2 200 11 3490 5130 5533
11086 2 2 200 11 5529 4405 5593
11087 2 2 200 11 3358 2794 5558
11088 2 2 200 11 4690 2033 5541
11089 2 2 200 11 3406 3405 5563
11090 2 2 200 11 712 3719 5561
11091 2 2 200 11 4078 3351 5562
11092 2 2 200 11 3356 4524 5557
11093 2 2 200 11 5054 4212 5576
11094 2 2 200 11 3626 3624 5599
11095 2 2 200 11 2258 2981 5484
11096 2 2 200 11 5061 3750 5474
11097 2 2 200 11 5200 3505 5528
11098 2 2 200 11 3783 3284 5571
11099 2 2 200 11 125 667 5568
11100 2 2 200 11 5246 3519 5608
11101 2 2 200 11 75 76 5575
11102 2 2 200 11 3211 5066 5452
11103 2 2 200 11 4482 4481 5574
11104 2 2 200 11 118 679 5579
11105 2 2 200 11 100 101 5583
11106 2 2 200 11 3104 3169 5580
11107 2 2 200 11 116 117 5585
11108 2 2 200 11 3235 5099 5598
11109 2 2 200 11 3371 5303 5600
11110 2 2 200 11 5099 783 5598
11111 2 2 200 11 3590 5064 5477
11112 2 2 200 11 3369 3367 5591
11113 2 2 200 11 753 3675 5595
11114 2 2 200 11 4712 3398 5517
11115 2 2 200 11 5119 3680 5615
11116 2 2 200 11 4255 5102 5624
11117 2 2 200 11 139 140 5594
11118 2 2 200 11 909 904 5610
11119 2 2 200 11 4441 2025 5615
11120 2 2 200 11 4405 3272 5593
11121 2 2 200 11 4031 4029 5603
11122 2 2 200 11 3351 3329 5604
11123 2 2 200 11 5107 3399 5619
11124 2 2 200 11 2227 2229 5602
11125 2 2 200 11 4889 3406 5563
11126 2 2 200 11 3125 4525 5629
11127 2 2 200 11 2117 2205 5607
11128 2 2 200 11 2595 2597 5612
11129 2 2 200 11 868 4857 5551
11130 2 2 200 11 3978 3295 5627
11131 2 2 200 11 5124 674 5552
11132 2 2 200 11 4670 5231 5577
11133 2 2 200 11 4233 3350 5616
11134 2 2 200 11 5282 870 5587
11135 2 2 200 11 850 3738 5617
11136 2 2 200 11 5360 4964 5367
11137 2 2 200 11 273 274 5614
11138 2 2 200 11 4043 4042 5625
11139 2 2 200 11 3551 5149 5508
11140 2 2 200 11 5147 867 5573
11141 2 2 200 11 680 227 5620
11142 2 2 200 11 761 5191 5492
11143 2 2 200 11 4798 3282 5569
11144 2 2 200 11 3321 3322 5626
11145 2 2 200 11 4805 4670 5577
11146 2 2 200 11 5031 3218 5613
11147 2 2 200 11 762 4859 5567
11148 2 2 200 11 4697 3373 5628
11149 2 2 200 11 689 5233 5564
11150 2 2 200 11 4811 3127 5592
11151 2 2 200 11 2354 2363 5524
11152 2 2 200 11 4784 3343 5596
11153 2 2 200 11 4993 689 5564
11154 2 2 200 11 684 4888 5565
11155 2 2 200 11 675 4889 5563
11156 2 2 200 11 5145 686 5597
11157 2 2 200 11 2365 3334 5519
11158 2 2 200 11 3570 5193 5384
11159 2 2 200 11 3460 5264 5555
11160 2 2 200 11 870 4983 5587
11161 2 2 200 11 2998 4840 5545
11162 2 2 200 11 4929 3304 5578
11163 2 2 200 11 3269 5145 5597
11164 2 2 200 11 3428 5115 5492
11165 2 2 200 11 5002 2318 5480
11166 2 2 200 11 5052 3369 5591
11167 2 2 200 11 656 5031 5613
11168 2 2 200 11 681 5322 5479
11169 2 2 200 11 3330 3390 5605
11170 2 2 200 11 902 900 5559
11171 2 2 200 11 3343 5178 5596
11172 2 2 200 11 5110 3549 5459
11173 2 2 200 11 4941 4361 5586
11174 2 2 200 11 4854 5147 5573
11175 2 2 200 11 4981 3302 5572
11176 2 2 200 11 5103 4043 5625
11177 2 2 200 11 5184 675 5406
11178 2 2 200 11 5294 3294 5329
11179 2 2 200 11 784 5182 5450
11180 2 2 200 11 3341 3273 5588
11181 2 2 200 11 3301 3296 5589
11182 2 2 200 11 2034 4995 5582
11183 2 2 200 11 5135 3014 5488
11184 2 2 200 11 3015 5136 5487
11185 2 2 200 11 5278 3397 5506
11186 2 2 200 11 3200 5294 5375
11187 2 2 200 11 5105 2852 5489
11188 2 2 200 11 5063 672 5540
11189 2 2 200 11 787 5218 5526
11190 2 2 200 11 5121 779 5513
11191 2 2 200 11 5092 3185 5494
11192 2 2 200 11 3729 5107 5619
11193 2 2 200 11 3366 5018 5537
11194 2 2 200 11 3206 5160 5561
11195 2 2 200 11 755 5338 5455
11196 2 2 200 11 5070 3274 5542
11197 2 2 200 11 3432 3305 5618
11198 2 2 200 11 4039 5181 5442
11199 2 2 200 11 5197 3412 5442
11200 2 2 200 11 5395 3371 5600
11201 2 2 200 11 3435 5265 5448
11202 2 2 200 11 5061 895 5608
11203 2 2 200 11 5318 3356 5557
11204 2 2 200 11 5191 3427 5492
11205 2 2 200 11 4707 5124 5552
11206 2 2 200 11 896 5064 5606
11207 2 2 200 11 5176 3629 5495
11208 2 2 200 11 699 5261 5529
11209 2 2 200 11 5097 684 5565
11210 2 2 200 11 5177 3425 5570
11211 2 2 200 11 3014 5135 5550
11212 2 2 200 11 5288 3485 5559
11213 2 2 200 11 5102 778 5624
11214 2 2 200 11 5018 5426 5537
11215 2 2 200 11 2025 5119 5615
11216 2 2 200 11 3578 5301 5546
11217 2 2 200 11 672 5158 5540
11218 2 2 200 11 5301 654 5546
11219 2 2 200 11 5389 3560 5536
11220 2 2 200 11 3601 5200 5528
11221 2 2 200 11 2372 5360 5367
11222 2 2 200 11 5130 3489 5622
11223 2 2 200 11 3412 5309 5442
11224 2 2 200 11 2322 5330 5423
11225 2 2 200 11 5153 3125 5629
11226 2 2 200 11 4135 5285 5585
11227 2 2 200 11 5267 890 5498
11228 2 2 200 11 855 5395 5600
11229 2 2 200 11 5208 848 5525
11230 2 2 200 11 3696 5195 5601
11231 2 2 200 11 804 5452 5514
11232 2 2 200 11 3965 5514 5549
11233 2 2 200 11 5333 1503 5464
11234 2 2 200 11 5556 3618 5595
11235 2 2 200 11 3271 5239 5522
11236 2 2 200 11 5338 3374 5455
11237 2 2 200 11 3013 5333 5464
11238 2 2 200 11 5219 3626 5599
11239 2 2 200 11 5359 2339 5444
11240 2 2 200 11 3489 5275 5622
11241 2 2 200 11 3425 5248 5570
11242 2 2 200 11 5238 3618 5556
11243 2 2 200 11 5244 3260 5548
11244 2 2 200 11 5247 3187 5544
11245 2 2 200 11 2287 5266 5560
11246 2 2 200 11 3313 5402 5547
11247 2 2 200 11 5303 3566 5600
11248 2 2 200 11 5345 3673 5509
11249 2 2 200 11 5396 3988 5505
11250 2 2 200 11 5284 762 5567
11251 2 2 200 11 895 5246 5608
11252 2 2 200 11 3795 5377 5524
11253 2 2 200 11 3989 5396 5568
11254 2 2 200 11 3273 5336 5588
11255 2 2 200 11 5452 5066 5514
11256 2 2 200 11 3536 5443 5611
11257 2 2 200 11 778 5296 5624
11258 2 2 200 11 3256 5375 5566
11259 2 2 200 11 5402 652 5547
11260 2 2 200 11 5443 2123 5611
$EndElements
