$MeshFormat
2.2 0 8
$EndMeshFormat
$Nodes
5662
1 1 0 0
2 0 -1 0
3 0.85 0 0
4 0 -0.85 0
5 0.004005515808468721 -0.8499905622082565 0
6 0.9350000000000001 -0.1 0
7 0.925 -0.09000000000000001 0
8 0.915 -0.1 0
9 0.925 -0.11 0
10 -1 0 0
11 -0.004005515808468721 -0.8499905622082565 0
12 -0.85 0 0
13 -0.9350000000000001 -0.1 0
14 -0.925 -0.11 0
15 -0.915 -0.1 0
16 -0.925 -0.09000000000000001 0
17 0.9999505812211366 -0.009941585160892233 0
18 0.9998023297689784 -0.01988218771974043 0
19 0.9995552602963369 -0.0298208251717179 0
20 0.9992093972229613 -0.03975651520601764 0
21 0.998764774733128 -0.04968827580309102 0
22 0.9982214367721974 -0.05961512533283606 0
23 0.9975794370423777 -0.0695360826493177 0
24 0.9968388389975092 -0.0794501671873498 0
25 0.995999715836573 -0.08935639906277518 0
26 0.9950621504963902 -0.09925379916909641 0
27 0.9940262356430868 -0.1091413892766372 0
28 0.9928920736640127 -0.1190181921185864 0
29 0.9916597766571241 -0.128883231494026 0
30 0.9903294664196459 -0.1387355323663676 0
31 0.9889012744360937 -0.1485741209587653 0
32 0.9873753418647614 -0.1583980248533599 0
33 0.985751819526781 -0.1682062730686362 0
34 0.9840308678870537 -0.1779978961826569 0
35 0.9822126570381638 -0.1877719264267968 0
36 0.9802973666902598 -0.1975273977455845 0
37 0.9782851861447281 -0.2072633459388676 0
38 0.9761763142812269 -0.2169788087263808 0
39 0.9739709595348206 -0.2266728258588155 0
40 0.9716693398760898 -0.2363444392084652 0
41 0.9692716827934188 -0.245992692848414 0
42 0.9667782252654176 -0.255616633168989 0
43 0.9641892137372895 -0.2652153089711592 0
44 0.9615049041022572 -0.2747877715388901 0
45 0.9587255616714789 -0.2843330747516144 0
46 0.9558514611469919 -0.2938502751796579 0
47 0.9528828865975516 -0.3033384321669734 0
48 0.9498201314272857 -0.3127966079346988 0
49 0.9466634983559328 -0.3222238676456273 0
50 0.9434132993797874 -0.3316192795260006 0
51 0.9400698557389453 -0.3409819149617155 0
52 0.9366334978883984 -0.350310848580719 0
53 0.9331045654657122 -0.3596051583432089 0
54 0.9294834072646283 -0.3688639256144968 0
55 0.9257703811951318 -0.3780862352715585 0
56 0.9219658542437975 -0.3872711758038606 0
57 0.9180702024442184 -0.3964178393867155 0
58 0.9140838108240461 -0.4055253220076269 0
59 0.9100070733966716 -0.4145927234865858 0
60 0.9058403930891211 -0.4236191476410698 0
61 0.9015841817293491 -0.432603702313584 0
62 0.8972388599935766 -0.4415454994872298 0
63 0.8928048573537571 -0.45044365539492 0
64 0.8882826120641533 -0.4592972905477289 0
65 0.883672571092432 -0.4681055298742909 0
66 0.8789751900845854 -0.4768675027885284 0
67 0.8741909333181153 -0.4855823432790802 0
68 0.869320273655858 -0.4942491899951928 0
69 0.8643636924975164 -0.5028671863345817 0
70 0.8593216797331571 -0.511435480525731 0
71 0.8541947337170409 -0.5199532256752271 0
72 0.8489833611796488 -0.5284195799174233 0
73 0.843688077195584 -0.5368337064659952 0
74 0.838309405144034 -0.5451947736791467 0
75 0.8328478766468079 -0.5535019551590612 0
76 0.8273040314970066 -0.5617544298613051 0
77 0.8216784176321343 -0.5699513821349605 0
78 0.815971591081685 -0.5780920018021555 0
79 0.8101841158901105 -0.5861754842701629 0
80 0.8043165640847705 -0.5942010305770845 0
81 0.798369515585777 -0.6021678475170621 0
82 0.7923435582011861 -0.6100751476474711 0
83 0.7862392875147793 -0.6179221494397592 0
84 0.7800573068491122 -0.625708077326248 0
85 0.7737982272354358 -0.6334321617405425 0
86 0.7674626672819524 -0.641093639282493 0
87 0.7610512531935274 -0.6486917526934973 0
88 0.7545646186660289 -0.6562257509861911 0
89 0.748003404810073 -0.6636948895332389 0
90 0.7413682601129865 -0.6710984301106978 0
91 0.7346598403932119 -0.6784356409516089 0
92 0.7278788086979794 -0.6857057968607312 0
93 0.7210258352468102 -0.6929081792753206 0
94 0.714101597359308 -0.7000420763417615 0
95 0.707106779420814 -0.707106782952281 0
96 0.7000420727929081 -0.7141016008382902 0
97 0.6929081757273606 -0.7210258386564112 0
98 0.6857057933185567 -0.7278788120349217 0
99 0.6784356374366523 -0.7346598436391657 0
100 0.67109842661006 -0.7413682632818199 0
101 0.6636948860579589 -0.7480034078936492 0
102 0.6562257475377676 -0.7545646216650355 0
103 0.6486917492592812 -0.7610512561207253 0
104 0.6410936358570185 -0.7674626701433944 0
105 0.6334321583473745 -0.7737982300130872 0
106 0.6257080739492596 -0.780057309557899 0
107 0.6179221460838286 -0.7862392901522764 0
108 0.6100751443142758 -0.7923435607676228 0
109 0.6021678442178764 -0.798369518074178 0
110 0.594201027304695 -0.8043165665022977 0
111 0.5861754810120506 -0.8101841182473839 0
112 0.5780919985672895 -0.8159715933734929 0
113 0.5699513789118473 -0.8216784198678239 0
114 0.5617544266452184 -0.8273040336807878 0
115 0.5535019519735245 -0.8328478787638822 0
116 0.5451947705103425 -0.8383094072048667 0
117 0.5368337033311938 -0.8436880791902395 0
118 0.52841957682331 -0.8489833631054697 0
119 0.5199532226077349 -0.854194735584241 0
120 0.5114354775060749 -0.8593216815303413 0
121 0.5028671833656404 -0.8643636942247791 0
122 0.4942491870586138 -0.8693202753254403 0
123 0.4855823403752207 -0.8741909349311072 0
124 0.4768674999173914 -0.8789751916422537 0
125 0.4681055270309076 -0.88367257259865 0
126 0.4592972877351264 -0.8882826135184435 0
127 0.4504436526228862 -0.8928048587523214 0
128 0.4415454967554298 -0.8972388613379387 0
129 0.4326036996190551 -0.9015841830222546 0
130 0.4236191450058061 -0.9058403943215106 0
131 0.4145927208925351 -0.9100070745785027 0
132 0.4055253194467806 -0.9140838119601432 0
133 0.3964178368862346 -0.9180702035239128 0
134 0.387271173347381 -0.9219658552756402 0
135 0.3780862328737326 -0.9257703821744081 0
136 0.3688639232818604 -0.9294834081903312 0
137 0.359605156082045 -0.9331045663371325 0
138 0.350310846377288 -0.936633498712505 0
139 0.3409819127977409 -0.9400698565238617 0
140 0.3316192774187702 -0.9434133001205001 0
141 0.3222238655894955 -0.9466634990557958 0
142 0.3127966059457379 -0.9498201320822942 0
143 0.303338430249782 -0.9528828872078657 0
144 0.293850273313708 -0.955851461720627 0
145 0.2843330729367547 -0.9587255622097192 0
146 0.2747877697747868 -0.9615049046064189 0
147 0.2652153072760465 -0.9641892142035567 0
148 0.2556166315475332 -0.9667782256941313 0
149 0.2459926912920778 -0.9692716831884033 0
150 0.2363444377179809 -0.9716693402386284 0
151 0.2266728244192231 -0.9739709598698577 0
152 0.2169788073381563 -0.9761763145897934 0
153 0.2072633446112538 -0.9782851864260016 0
154 0.1975273964872958 -0.9802973669438018 0
155 0.1877719252383045 -0.9822126572653707 0
156 0.1779978950695694 -0.9840308680883961 0
157 0.168206272021534 -0.9857518197054559 0
158 0.1583980238536585 -0.9873753420251368 0
159 0.1485741200253455 -0.9889012745763321 0
160 0.1387355315050921 -0.9903294665403022 0
161 0.1288832307037134 -0.9916597767598389 0
162 0.1190181913975402 -0.9928920737504446 0
163 0.1091413886231332 -0.9940262357148397 0
164 0.0992537985650828 -0.9950621505566384 0
165 0.0893563984969344 -0.9959997158873375 0
166 0.07945016668370315 -0.9968388390376509 0
167 0.06953608221023377 -0.997579437072984 0
168 0.0596151249601606 -0.9982214367944542 0
169 0.04968827549698132 -0.9987647747483569 0
170 0.03975651496078298 -0.9992093972327187 0
171 0.02982082497406131 -0.9995552603022339 0
172 0.01988218758597899 -0.9998023297716384 0
173 0.00994158509370268 -0.9999505812218045 0
174 0.01393902035939465 -0.8498857003805984 0
175 0.02387062099280422 -0.8496647535666157 0
176 0.03379896116247781 -0.8493277519452296 0
177 0.04372268476844932 -0.84887474154709 0
178 0.05364043633800231 -0.8483057842485036 0
179 0.06355086121879046 -0.8476209577625781 0
180 0.07345260575867193 -0.8468203556287844 0
181 0.08334431747571019 -0.8459040872016803 0
182 0.0932246452828209 -0.8448722776324787 0
183 0.1030922396368525 -0.843725067854842 0
184 0.1129457527362114 -0.8424626145644984 0
185 0.1227838387002847 -0.8410850901983832 0
186 0.1326051537355666 -0.8395926829140228 0
187 0.1424083563739586 -0.837985596555733 0
188 0.1521921076170406 -0.8362640506317865 0
189 0.1619550711042977 -0.8344282802875282 0
190 0.1716959133140899 -0.8324785362705999 0
191 0.181413303763189 -0.8304150848929256 0
192 0.1911059151677899 -0.8282382079980865 0
193 0.2007724236223444 -0.8259482029236518 0
194 0.2104115087731304 -0.8235453824628092 0
195 0.2200218540311366 -0.8210300748137678 0
196 0.2296021467361806 -0.8184026235381564 0
197 0.2391510783278242 -0.8156633875163447 0
198 0.2486673445381644 -0.8128127408944436 0
199 0.2581496455483335 -0.8098510730395249 0
200 0.2675966861712001 -0.8067787884855379 0
201 0.2770071760380146 -0.8035963068751899 0
202 0.2863798297680396 -0.8003040629048616 0
203 0.295713367200653 -0.7969025062445543 0
204 0.3050065134502939 -0.7933921015191011 0
205 0.3142579991794562 -0.7897733282098889 0
206 0.3234665607460389 -0.7860466805979968 0
207 0.3326309403591552 -0.7822126677034731 0
208 0.3417498862610893 -0.778271813212153 0
209 0.3508221529286619 -0.7742246553904742 0
210 0.3598465011678174 -0.7700717470452217 0
211 0.3688216983467961 -0.7658136554205499 0
212 0.3777465185469448 -0.7614509621280039 0
213 0.3866197427700422 -0.7569842630467468 0
214 0.3954401589976157 -0.7524141682955874 0
215 0.4042065624656446 -0.7477413020956558 0
216 0.4129177558034055 -0.7429663026963466 0
217 0.4215725491340264 -0.7380898223228923 0
218 0.4301697603313147 -0.7331125270355835 0
219 0.4387082151257192 -0.7280350966685643 0
220 0.4471867471955798 -0.722858224780376 0
221 0.4556041984679635 -0.717582618475646 0
222 0.4639594192778184 -0.712208998302738 0
223 0.4722512683946528 -0.7067380982369931 0
224 0.4804786131806636 -0.7011706655843399 0
225 0.4886403299008482 -0.6955074607755047 0
226 0.4967353037729975 -0.6897492573287396 0
227 0.5047624290802992 -0.6838968417743687 0
228 0.5127206094391531 -0.6779510134636155 0
229 0.5206087578274963 -0.6719125845475072 0
230 0.5284257968146575 -0.6657823798064909 0
231 0.5361706587050211 -0.6595612365382185 0
232 0.5438422856069565 -0.6532500045050145 0
233 0.5514396296596519 -0.6468495457529719 0
234 0.5589616531555737 -0.6403607345095326 0
235 0.5664073286978943 -0.6337844570493311 0
236 0.5737756392414127 -0.627121611661652 0
237 0.581065578373151 -0.6203731084032218 0
238 0.5882761503670686 -0.6135398690462601 0
239 0.5954063703353415 -0.6066228269395194 0
240 0.6024552643924702 -0.5996229268513661 0
241 0.6094218697403505 -0.5925411248868512 0
242 0.6163052347804907 -0.5853783883798275 0
243 0.6231044193228013 -0.5781356956808623 0
244 0.6298184946705347 -0.5708140360668628 0
245 0.6364465437813226 -0.5634144095679566 0
246 0.642987661341938 -0.5559378268853679 0
247 0.6494409539079332 -0.5483853092371765 0
248 0.6558055400157838 -0.5407578882315135 0
249 0.6620805503510044 -0.533056605668583 0
250 0.6682651277971837 -0.5252825134822343 0
251 0.6743584276181384 -0.5174366735170517 0
252 0.6803596175547596 -0.509520157403749 0
253 0.6862678778868757 -0.5015340464820353 0
254 0.6920824016262205 -0.4934794315463237 0
255 0.6978023945494308 -0.4853574128012061 0
256 0.7034270753773949 -0.4771690996135488 0
257 0.7089556758751975 -0.4689156103653854 0
258 0.7143874408586277 -0.460598072448703 0
259 0.7197216284098806 -0.4522176219465908 0
260 0.7249575099527042 -0.4437754035130549 0
261 0.7300943703178988 -0.4352725702707566 0
262 0.7351315078653713 -0.4267102836159277 0
263 0.7400682345908456 -0.4180897130396647 0
264 0.74490387617414 -0.409412036047722 0
265 0.7496377721326355 -0.4006784378925557 0
266 0.7542692758786788 -0.3918901114667905 0
267 0.7587977547748967 -0.3830482572060281 0
268 0.7632225902857752 -0.3741540828020882 0
269 0.767543178035894 -0.365208803084701 0
270 0.7717589278788169 -0.356213639883903 0
271 0.7758692639919266 -0.3471698218345398 0
272 0.7798736249386952 -0.3380785842448163 0
273 0.7837714637843405 -0.3289411688392808 0
274 0.7875622481139823 -0.3197588237182049 0
275 0.7912454601411614 -0.3105328031078229 0
276 0.7948205967892495 -0.3012643671587815 0
277 0.7982871697455759 -0.291954781806358 0
278 0.8016447055117687 -0.2826053186423594 0
279 0.8048927454680298 -0.2732172547496541 0
280 0.8080308459787763 -0.2637918724047864 0
281 0.8110585784207887 -0.2543304589899713 0
282 0.8139755292398934 -0.2448343068253211 0
283 0.8167812999975823 -0.2353047130302736 0
284 0.8194755074697009 -0.2257429791981941 0
285 0.82205778365681 -0.2161504113557346 0
286 0.8245277758496429 -0.2065283197347061 0
287 0.8268851466579046 -0.1968780186728215 0
288 0.8291295740995236 -0.1872008262629808 0
289 0.8312607516235856 -0.1774980642435054 0
290 0.8332783881244366 -0.1677710579472538 0
291 0.8351822080140672 -0.1580211359810691 0
292 0.8369719512506665 -0.148249630082682 0
293 0.8386473733760964 -0.1384578749272658 0
294 0.840208245546657 -0.1286472079580762 0
295 0.8416543545636275 -0.1188189692098175 0
296 0.8429855029021934 -0.1089745011309338 0
297 0.8442015087466408 -0.09911514833715078 0
298 0.8453022060072219 -0.0892422574755032 0
299 0.8462874443358985 -0.07935717711343815 0
300 0.8471570891572516 -0.0694612574793483 0
301 0.8479110216912085 -0.05955585021281293 0
302 0.848549138958437 -0.0496423082953963 0
303 0.849071353800821 -0.03972198578672884 0
304 0.8494775948893831 -0.0297962376978876 0
305 0.8497678067362399 -0.01986641977509895 0
306 0.8499419497018006 -0.00993388831735639 0
307 0 -0.9900000000000578 0
308 0 -0.9800000000000492 0
309 0 -0.970000000000052 0
310 0 -0.9600000000000362 0
311 0 -0.9500000000000144 0
312 0 -0.9400000000000173 0
313 0 -0.9300000000000144 0
314 0 -0.9199999999999363 0
315 0 -0.9099999999998959 0
316 0 -0.8999999999998988 0
317 0 -0.8899999999998771 0
318 0 -0.8799999999998612 0
319 0 -0.8699999999998642 0
320 0 -0.8599999999999421 0
321 0.8599999999999162 0 0
322 0.8699999999998989 0 0
323 0.8799999999998136 0 0
324 0.8899999999997298 0 0
325 0.8999999999996821 0 0
326 0.9099999999996532 0 0
327 0.9199999999995867 0 0
328 0.9299999999995954 0 0
329 0.9399999999996532 0 0
330 0.9499999999997111 0 0
331 0.9599999999997688 0 0
332 0.9699999999998267 0 0
333 0.9799999999998844 0 0
334 0.9899999999999423 0 0
335 0.9320710678679948 -0.09292893224426378 0
336 0.9179289321031789 -0.09292893227309015 0
337 0.9179289321320053 -0.1070710677557362 0
338 0.9320710678968211 -0.1070710677269099 0
339 -0.9999505812211362 -0.009941585160916878 0
340 -0.9998023297689782 -0.01988218771974905 0
341 -0.9995552602963368 -0.02982082517172281 0
342 -0.9992093972229612 -0.03975651520601985 0
343 -0.998764774733128 -0.04968827580309173 0
344 -0.9982214367721974 -0.05961512533283617 0
345 -0.9975794370423777 -0.06953608264931771 0
346 -0.9968388389975028 -0.07945016718743096 0
347 -0.9959997158365713 -0.08935639906279283 0
348 -0.9950621504963911 -0.09925379916908721 0
349 -0.9940262356430883 -0.1091413892766237 0
350 -0.9928920736640132 -0.1190181921185818 0
351 -0.9916597766571248 -0.1288832314940211 0
352 -0.9903294664196459 -0.1387355323663673 0
353 -0.9889012744360937 -0.1485741209587652 0
354 -0.9873753418647607 -0.1583980248533639 0
355 -0.985751819526782 -0.1682062730686299 0
356 -0.9840308678870555 -0.177997896182647 0
357 -0.9822126570381667 -0.1877719264267813 0
358 -0.9802973666902608 -0.1975273977455797 0
359 -0.978285186144728 -0.2072633459388677 0
360 -0.976176314281227 -0.2169788087263804 0
361 -0.9739709595348206 -0.2266728258588154 0
362 -0.971669339876077 -0.2363444392085182 0
363 -0.9692716827934199 -0.2459926928484095 0
364 -0.9667782252654155 -0.2556166331689969 0
365 -0.9641892137372987 -0.2652153089711257 0
366 -0.9615049041022573 -0.2747877715388897 0
367 -0.9587255616714785 -0.2843330747516161 0
368 -0.9558514611469918 -0.2938502751796582 0
369 -0.9528828865975516 -0.3033384321669734 0
370 -0.9498201314272794 -0.3127966079347179 0
371 -0.9466634983559361 -0.3222238676456177 0
372 -0.9434132993797865 -0.3316192795260032 0
373 -0.9400698557389536 -0.3409819149616924 0
374 -0.9366334978883989 -0.3503108485807178 0
375 -0.9331045654657134 -0.3596051583432058 0
376 -0.9294834072646284 -0.3688639256144967 0
377 -0.9257703734573089 -0.3780862542181543 0
378 -0.9219658542437978 -0.3872711758038598 0
379 -0.9180702024441907 -0.3964178393867797 0
380 -0.914083810824053 -0.4055253220076113 0
381 -0.9100070733966741 -0.4145927234865805 0
382 -0.9058403930891208 -0.4236191476410707 0
383 -0.9015841817293497 -0.4326037023135827 0
384 -0.8972388599935768 -0.4415454994872293 0
385 -0.8928048526340796 -0.4504436647495883 0
386 -0.8882826120641707 -0.4592972905476952 0
387 -0.8836725710924349 -0.4681055298742855 0
388 -0.8789751900845942 -0.4768675027885119 0
389 -0.8741909333181126 -0.485582343279085 0
390 -0.8693202736558603 -0.4942491899951887 0
391 -0.8643636924975161 -0.5028671863345823 0
392 -0.8593216797331572 -0.5114354805257308 0
393 -0.8541947314231417 -0.5199532294437134 0
394 -0.8489833611796548 -0.5284195799174135 0
395 -0.8436880771955289 -0.5368337064660818 0
396 -0.8383094051440466 -0.5451947736791272 0
397 -0.8328478766467998 -0.5535019551590734 0
398 -0.8273040314970109 -0.5617544298612986 0
399 -0.8216784176321361 -0.569951382134958 0
400 -0.8159715910816859 -0.5780920018021543 0
401 -0.8101841151260604 -0.586175485326197 0
402 -0.8043165640849438 -0.5942010305768498 0
403 -0.7983695155858119 -0.6021678475170158 0
404 -0.7923435582011999 -0.6100751476474531 0
405 -0.7862392875147836 -0.6179221494397539 0
406 -0.7800573068491133 -0.6257080773262467 0
407 -0.773798227235436 -0.6334321617405423 0
408 -0.7674626672819527 -0.6410936392824926 0
409 -0.7610512530865968 -0.6486917528189492 0
410 -0.7545646186659931 -0.6562257509862321 0
411 -0.7480034048100856 -0.6636948895332245 0
412 -0.7413682601129949 -0.6710984301106885 0
413 -0.7346598403932081 -0.6784356409516131 0
414 -0.7278788086979797 -0.6857057968607309 0
415 -0.7210258352468096 -0.6929081792753211 0
416 -0.7141015973593081 -0.7000420763417615 0
417 -0.7071067811865476 -0.7071067811865475 0
418 -0.7000420727926917 -0.7141016008385024 0
419 -0.6929081757272075 -0.7210258386565583 0
420 -0.6857057933184603 -0.7278788120350126 0
421 -0.6784356374366062 -0.7346598436392082 0
422 -0.6710984266100437 -0.7413682632818347 0
423 -0.6636948860579543 -0.7480034078936533 0
424 -0.6562257475377674 -0.7545646216650356 0
425 -0.6486917492590806 -0.7610512561208963 0
426 -0.6410936358567283 -0.7674626701436368 0
427 -0.6334321583472622 -0.7737982300131792 0
428 -0.6257080739491844 -0.7800573095579593 0
429 -0.6179221460837884 -0.7862392901523081 0
430 -0.6100751443142501 -0.7923435607676426 0
431 -0.6021678442178711 -0.7983695180741821 0
432 -0.5942010273046944 -0.8043165665022982 0
433 -0.5861754810117968 -0.8101841182475676 0
434 -0.5780919985669994 -0.8159715933736984 0
435 -0.5699513789117174 -0.8216784198679139 0
436 -0.5617544266451679 -0.8273040336808221 0
437 -0.5535019519735028 -0.8328478787638965 0
438 -0.545194770510336 -0.8383094072048709 0
439 -0.5368337033311897 -0.8436880791902421 0
440 -0.5284195768233096 -0.8489833631054701 0
441 -0.519953222607054 -0.8541947355846554 0
442 -0.5114354775058615 -0.8593216815304682 0
443 -0.5028671833655085 -0.8643636942248558 0
444 -0.4942491870585389 -0.8693202753254828 0
445 -0.4855823403751754 -0.8741909349311323 0
446 -0.476867499917393 -0.8789751916422529 0
447 -0.4681055270309071 -0.8836725725986502 0
448 -0.4592972877351262 -0.8882826135184436 0
449 -0.4504436526223622 -0.8928048587525858 0
450 -0.4415454967551148 -0.8972388613380937 0
451 -0.4326036996190671 -0.9015841830222489 0
452 -0.4236191450057115 -0.9058403943215548 0
453 -0.4145927208924912 -0.9100070745785227 0
454 -0.4055253194467631 -0.914083811960151 0
455 -0.3964178368862313 -0.9180702035239142 0
456 -0.3872711544425102 -0.921965863216619 0
457 -0.3780862328737447 -0.9257703821744032 0
458 -0.368863923281553 -0.9294834081904532 0
459 -0.3596051560818863 -0.9331045663371936 0
460 -0.3503108463772946 -0.9366334987125026 0
461 -0.3409819127977511 -0.940069856523858 0
462 -0.3316192774187556 -0.9434133001205052 0
463 -0.3222238655894961 -0.9466634990557956 0
464 -0.3127965959626135 -0.949820135369956 0
465 -0.3033384302493903 -0.9528828872079904 0
466 -0.2938502733134253 -0.9558514617207139 0
467 -0.2843330729366257 -0.9587255622097575 0
468 -0.2747877697747101 -0.9615049046064408 0
469 -0.2652153072759966 -0.9641892142035705 0
470 -0.2556166315475198 -0.9667782256941349 0
471 -0.245992691292078 -0.9692716831884033 0
472 -0.2363444334021305 -0.9716693412883963 0
473 -0.226672824418818 -0.973970959869952 0
474 -0.2169788073378998 -0.9761763145898504 0
475 -0.2072633446111018 -0.9782851864260338 0
476 -0.1975273964872975 -0.9802973669438014 0
477 -0.1877719252382696 -0.9822126572653773 0
478 -0.1779978950695701 -0.984030868088396 0
479 -0.1682062720215322 -0.9857518197054562 0
480 -0.1583980225458655 -0.9873753422349373 0
481 -0.1485741200253629 -0.9889012745763295 0
482 -0.13873553150508 -0.990329466540304 0
483 -0.1288832307035693 -0.9916597767598575 0
484 -0.1190181913974633 -0.9928920737504539 0
485 -0.1091413886230988 -0.9940262357148436 0
486 -0.09925379856508369 -0.9950621505566383 0
487 -0.08935639849693285 -0.9959997158873377 0
488 -0.07945016652091579 -0.9968388390506254 0
489 -0.06953608220981757 -0.997579437073013 0
490 -0.05961512495991546 -0.9982214367944688 0
491 -0.04968827549683916 -0.998764774748364 0
492 -0.03975651496070976 -0.9992093972327216 0
493 -0.02982082497403113 -0.9995552603022347 0
494 -0.01988218758597011 -0.9998023297716385 0
495 -0.00994158509370268 -0.9999505812218045 0
496 -0.01393902035940824 -0.8498857003805982 0
497 -0.02387062099280679 -0.8496647535666157 0
498 -0.03379896116247956 -0.8493277519452295 0
499 -0.04372268476844925 -0.84887474154709 0
500 -0.05364043633800233 -0.8483057842485036 0
501 -0.06355086121879044 -0.8476209577625781 0
502 -0.07345260575868619 -0.8468203556287833 0
503 -0.0833443174757246 -0.8459040872016789 0
504 -0.09322464528280806 -0.8448722776324802 0
505 -0.1030922396368523 -0.8437250678548421 0
506 -0.1129457527362078 -0.842462614564499 0
507 -0.122783838700284 -0.8410850901983833 0
508 -0.1326051680325143 -0.8395926806559647 0
509 -0.1424083563739676 -0.8379855965557315 0
510 -0.152192107617042 -0.8362640506317862 0
511 -0.1619550711042727 -0.834428280287533 0
512 -0.1716959133140842 -0.8324785362706011 0
513 -0.1814133037631905 -0.8304150848929254 0
514 -0.1911059151677896 -0.8282382079980865 0
515 -0.2007724238430461 -0.8259482028700034 0
516 -0.210411508773198 -0.823545382462792 0
517 -0.2200218540311231 -0.8210300748137714 0
518 -0.2296021467361611 -0.8184026235381618 0
519 -0.2391510783278137 -0.8156633875163479 0
520 -0.2486673445381647 -0.8128127408944434 0
521 -0.2581496455483337 -0.8098510730395247 0
522 -0.2675966861713586 -0.8067787884854852 0
523 -0.2770071760379801 -0.8035963068752018 0
524 -0.2863798297680089 -0.8003040629048725 0
525 -0.2957133672006534 -0.7969025062445541 0
526 -0.3050065134502868 -0.7933921015191039 0
527 -0.3142579991794569 -0.7897733282098887 0
528 -0.3234665607460389 -0.7860466805979968 0
529 -0.3326309403593471 -0.7822126677033916 0
530 -0.3417498862610734 -0.77827181321216 0
531 -0.350822152928653 -0.7742246553904782 0
532 -0.3598465011678141 -0.7700717470452233 0
533 -0.3688216983467912 -0.7658136554205525 0
534 -0.3777465185469442 -0.761450962128004 0
535 -0.3866197443858131 -0.756984262221513 0
536 -0.3954401589974446 -0.7524141682956772 0
537 -0.4042065624656748 -0.7477413020956395 0
538 -0.4129177558033567 -0.7429663026963736 0
539 -0.4215725491340442 -0.7380898223228821 0
540 -0.4301697603313068 -0.7331125270355882 0
541 -0.4387082151257194 -0.7280350966685641 0
542 -0.4471867471954027 -0.7228582247804856 0
543 -0.4556041984680788 -0.7175826184755728 0
544 -0.463959419277907 -0.7122089983026803 0
545 -0.4722512683946525 -0.7067380982369933 0
546 -0.4804786131806708 -0.7011706655843351 0
547 -0.488640329900847 -0.6955074607755055 0
548 -0.4967353037729975 -0.6897492573287396 0
549 -0.5047624290807184 -0.6838968417740594 0
550 -0.5127206094391367 -0.6779510134636278 0
551 -0.5206087578274421 -0.6719125845475494 0
552 -0.5284257968146254 -0.6657823798065162 0
553 -0.5361706587050251 -0.6595612365382154 0
554 -0.5438422856069575 -0.6532500045050137 0
555 -0.5514396343025827 -0.6468495417948703 0
556 -0.5589616531554462 -0.6403607345096439 0
557 -0.5664073286978669 -0.6337844570493556 0
558 -0.5737756392413792 -0.6271216116616829 0
559 -0.5810655783731414 -0.6203731084032307 0
560 -0.5882761503670743 -0.6135398690462548 0
561 -0.5954063703353409 -0.60662282693952 0
562 -0.602455263250807 -0.599622927998422 0
563 -0.6094218697404407 -0.5925411248867586 0
564 -0.6163052347805617 -0.5853783883797529 0
565 -0.6231044193228275 -0.5781356956808341 0
566 -0.6298184946705637 -0.5708140360668308 0
567 -0.636446543781329 -0.5634144095679492 0
568 -0.6429876613419382 -0.5559378268853676 0
569 -0.6494409539080548 -0.5483853092370325 0
570 -0.6558055400158965 -0.5407578882313769 0
571 -0.6620805503511257 -0.5330566056684324 0
572 -0.6682651277972183 -0.5252825134821902 0
573 -0.6743584276181442 -0.5174366735170441 0
574 -0.6803596175547614 -0.5095201574037468 0
575 -0.6862678864343587 -0.5015340347861931 0
576 -0.6920824016263141 -0.4934794315461927 0
577 -0.6978023945495155 -0.4853574128010845 0
578 -0.7034270753774188 -0.4771690996135134 0
579 -0.7089556758752001 -0.4689156103653814 0
580 -0.7143874408586289 -0.460598072448701 0
581 -0.719721628409882 -0.4522176219465885 0
582 -0.7249575100720251 -0.4437754033181306 0
583 -0.7300943703179075 -0.4352725702707422 0
584 -0.7351315078653707 -0.4267102836159288 0
585 -0.7400682345909014 -0.4180897130395657 0
586 -0.7449038761741624 -0.4094120360476815 0
587 -0.7496377721326367 -0.4006784378925536 0
588 -0.7542692758786794 -0.3918901114667891 0
589 -0.7587977547749323 -0.3830482572059578 0
590 -0.7632225902859121 -0.3741540828018089 0
591 -0.7675431780359389 -0.3652088030846069 0
592 -0.7717589278788146 -0.3562136398839081 0
593 -0.7758692639919391 -0.3471698218345116 0
594 -0.7798736249386957 -0.3380785842448149 0
595 -0.7837714637843405 -0.3289411688392808 0
596 -0.7875622481141283 -0.3197588237178458 0
597 -0.791245460141198 -0.3105328031077296 0
598 -0.7948205967892621 -0.3012643671587487 0
599 -0.7982871697456062 -0.2919547818062751 0
600 -0.8016447055117693 -0.2826053186423579 0
601 -0.8048927454680308 -0.273217254749651 0
602 -0.8080308465418223 -0.2637918706800987 0
603 -0.8110585784208 -0.2543304589899347 0
604 -0.8139755292399077 -0.2448343068252739 0
605 -0.8167812999975828 -0.2353047130302723 0
606 -0.819475507469712 -0.2257429791981536 0
607 -0.8220577836568101 -0.2161504113557343 0
608 -0.8245277758496432 -0.2065283197347048 0
609 -0.8268851466579084 -0.1968780186728049 0
610 -0.8291295740995286 -0.1872008262629587 0
611 -0.8312607516236294 -0.1774980642432998 0
612 -0.8332783881244403 -0.1677710579472352 0
613 -0.8351822080140741 -0.1580211359810328 0
614 -0.8369719512506681 -0.1482496300826724 0
615 -0.8386473733760964 -0.1384578749272658 0
616 -0.8402082455467315 -0.1286472079575894 0
617 -0.841654354563671 -0.1188189692095099 0
618 -0.8429855029021988 -0.1089745011308929 0
619 -0.8442015087466492 -0.09911514833707862 0
620 -0.8453022060072226 -0.08924225747549756 0
621 -0.8462874443358986 -0.07935717711343721 0
622 -0.8471570896584342 -0.06946125136687123 0
623 -0.847911021691241 -0.05955585021234844 0
624 -0.8485491389584402 -0.04964230829533996 0
625 -0.849071353800822 -0.03972198578670603 0
626 -0.8494775948893851 -0.02979623769783404 0
627 -0.84976780673624 -0.01986641977509575 0
628 -0.8499419497018006 -0.009933888317356015 0
629 -0.8599999999998749 0 0
630 -0.8699999999999708 0 0
631 -0.88 0 0
632 -0.8899999999996885 0 0
633 -0.8999999999996614 0 0
634 -0.91 0 0
635 -0.9199999999997304 0 0
636 -0.9299999999995747 0 0
637 -0.9399999999999999 0 0
638 -0.949999999999855 0 0
639 -0.9599999999997482 0 0
640 -0.97 0 0
641 -0.9799999999998432 0 0
642 -0.9900000000000141 0 0
643 -0.9320710678118656 -0.1070710678118655 0
644 -0.9179289321881345 -0.1070710678118655 0
645 -0.9179289321881345 -0.09292893218813453 0
646 -0.9320710678118656 -0.09292893218813453 0
647 0.973309412505579 -0.1905921341811089 0
648 0.8428018567493375 -0.1643756490786547 0
649 0.8116482735646342 -0.2808700963063026 0
650 0.3126279978741937 -0.8001234246705311 0
651 0.4643417304923787 -0.7220464288975041 0
652 0.7400291339357934 -0.4352376319942483 0
653 0.1488149639579917 -0.8469075923688457 0
654 0.5978061931350463 -0.6162969480364804 0
655 0.639597804493543 -0.5725830019275163 0
656 0.0877822942995567 -0.8539211572595115 0
657 0.7074578611273401 -0.4860025552818706 0
658 0.5138210924971562 -0.6877779169929901 0
659 0.25594116789929 -0.8195536381840874 0
660 0.82858284753164 -0.2236225928148779 0
661 0.7897223391484118 -0.3369163296193434 0
662 0.3680217152729634 -0.775715449987637 0
663 0.4123955926275662 -0.7524099688391989 0
664 0.769640363052582 -0.3819537452056836 0
665 0.2076427062858005 -0.8334426845553451 0
666 0.5530148060987004 -0.6564405952649868 0
667 0.6780386170094292 -0.5266861882471769 0
668 0.7646427932620982 -0.6304548798591875 0
669 0.6618501484719997 -0.7390292336590535 0
670 0.2121202588089366 -0.9691086207340407 0
671 0.8737357894594161 -0.4684184650483833 0
672 0.503476140355068 -0.8542287023836881 0
673 0.3973622311057611 -0.9078742770318526 0
674 0.923413745669285 -0.3614160087369268 0
675 0.9495271061887182 -0.2867469008133734 0
676 0.3240345386493158 -0.9379388934849648 0
677 0.569280327800324 -0.8128910445112633 0
678 0.8340377153743592 -0.5363341021938371 0
679 0.132299955926089 -0.9818472894805708 0
680 0.7184908804447081 -0.6838197531142269 0
681 0.9634411214164154 -0.2293945296957908 0
682 0.4509734213228219 -0.8828756926370345 0
683 0.9001066206231332 -0.4154974845695887 0
684 0.2682136791666321 -0.9547705938846008 0
685 0.6155790481036171 -0.7767811474367787 0
686 0.8008998668853394 -0.5861247037013196 0
687 0.008151091126731579 -0.9250494768790963 0
688 0.09337311228523026 -0.9874171491892154 0
689 0.6912027775875104 -0.7097216735791432 0
690 0.1716709394515194 -0.976746188559537 0
691 0.8548667745459134 -0.5019708147706045 0
692 0.5353126426484113 -0.8328146219685393 0
693 0.360766542488866 -0.9233164595539038 0
694 0.9376490912680835 -0.3233946654122455 0
695 0.8359217473894449 -0.1932919112537138 0
696 0.5753000314138839 -0.6368619263215298 0
697 0.4893083544975746 -0.7051981702251826 0
698 0.2843388464263665 -0.809662556772731 0
699 0.1786709598691787 -0.8381366007853278 0
700 0.6595193962019587 -0.5507134701970015 0
701 0.754834342018696 -0.4091449111271663 0
702 0.4386146304740742 -0.7376530795864329 0
703 0.3406032934122237 -0.7881394792646239 0
704 0.7236747408142292 -0.4613759992113106 0
705 0.8012607538698582 -0.3090919435684325 0
706 0.6189088384287098 -0.5950932589813513 0
707 0.1189217844459447 -0.8494674459723679 0
708 0.8205183485017062 -0.2518859888019643 0
709 0.05918872591234662 -0.8565460507139356 0
710 0.9781920504043162 -0.1620755960940579 0
711 0.06451021826692772 -0.9900192271262924 0
712 0.423971135268042 -0.8946578500425467 0
713 0.5950505176495673 -0.7939128839030231 0
714 0.9127161718120265 -0.3887441012349894 0
715 0.887417177806084 -0.4406437411243826 0
716 0.2383879790923167 -0.961011012943327 0
717 0.9568943697839042 -0.2585903045616155 0
718 0.7381645470568011 -0.6617917263496427 0
719 0.2961283404756633 -0.9463578023687542 0
720 0.4771900486876602 -0.8684578037495256 0
721 0.8169851389530407 -0.5600737786197963 0
722 0.6393402451539927 -0.7576768039210472 0
723 0.7840291095732024 -0.6096982343280426 0
724 0.9043446300920801 -0.009038033185731292 0
725 0.9449238267806255 -0.008614591770793979 0
726 0.8480985429071846 -0.1341076437013019 0
727 0.8566810483475458 -0.05517404259076007 0
728 0.9904207412954489 -0.0543517479225433 0
729 0.008816187183976349 -0.8941040599175296 0
730 0.00887347248390399 -0.9541444429205217 0
731 0.8520708994488242 -0.1048861029488392 0
732 0.982455034002805 -0.1329641551500615 0
733 0.9881129930891898 -0.08345023744201022 0
734 0.03495917833766879 -0.9898395528959464 0
735 0.02883183027305458 -0.8582240213484753 0
736 0.8543172443891495 -0.08537303906028243 0
737 0.8574069241103799 -0.0351801854530675 0
738 0.5374376905604394 -0.6695137777381334 0
739 0.6909696115233909 -0.5116849353648929 0
740 0.386051405526478 -0.766902050163264 0
741 0.2368540181304645 -0.8252383907799596 0
742 0.7813862475105461 -0.355994746502666 0
743 0.8849999999997713 -0.008660254037771176 0
744 0.924339259957595 -0.009724537114853972 0
745 0.9651667144136373 -0.008862713415224256 0
746 0.9834274654060076 -0.1137211171535029 0
747 0.9913730264738467 -0.03505026241254641 0
748 0.7027333299361498 -0.6979543148811583 0
749 0.8442569695971647 -0.5196732217903592 0
750 0.5533780822954175 -0.8223512419593 0
751 0.674707486240299 -0.7255688172152818 0
752 0.3792431518586596 -0.915733361347506 0
753 0.930411611209218 -0.3439290334742386 0
754 0.9695299879506227 -0.2098944555726076 0
755 0.1148214868616615 -0.9852788875988368 0
756 0.3425839372942887 -0.9305926757151046 0
757 0.1527924119541934 -0.9794973309043409 0
758 0.9431604885302508 -0.3054150962698012 0
759 0.5196732187677151 -0.8442569715287384 0
760 0.8641718220235421 -0.486216531319475 0
761 0.1906937770236191 -0.972755239713351 0
762 0.7520249141167314 -0.647136109907779 0
763 0.008817463608568145 -0.9747265352664239 0
764 0.008483993393932431 -0.8767097384626755 0
765 0.8582346488607335 -0.01551082634993072 0
766 0.9849399225940745 -0.008295749053153769 0
767 0.01485485349459192 -0.9922687530741443 0
768 0.009200780455090693 -0.8564945057148285 0
769 0.8532331646492676 -0.09510700906649361 0
770 0.8610304593014534 -0.1009832391988867 0
771 0.8599178250427265 -0.1104751488330509 0
772 0.8685424994587969 -0.106665578201091 0
773 0.8674890574987157 -0.1161822762675147 0
774 0.875897249521016 -0.1120862738873584 0
775 0.8749081087076569 -0.1214158281642685 0
776 0.8768182266581503 -0.103046132346686 0
777 0.8831227857217938 -0.1173697705008291 0
778 0.8822690638991447 -0.1261691033263278 0
779 0.8902341820913879 -0.1224663757206942 0
780 0.8894653442735351 -0.1312184586270857 0
781 0.8814006018791565 -0.1349513012087551 0
782 0.8886979034271085 -0.1401186273116884 0
783 0.8968639909871811 -0.1362813236736493 0
784 0.8960588875751585 -0.1453025476682742 0
785 0.9043040142661335 -0.1414491963997144 0
786 0.9034935616884578 -0.1505413893551837 0
787 0.9118182124650565 -0.146629276699815 0
788 0.9105799743812215 -0.1557602175953697 0
789 0.9025639148093854 -0.159734829300444 0
790 0.9108234240585998 -0.1654958693532871 0
791 0.9018559088900414 -0.1691206388669009 0
792 0.9093591100596816 -0.1749549988477861 0
793 0.9009403878480843 -0.1784602104754673 0
794 0.9086590458810526 -0.1839961201418025 0
795 0.9000569827128519 -0.1880095604292901 0
796 0.9078038005690738 -0.193504890043643 0
797 0.8993894893019833 -0.1976224217366044 0
798 0.9069808328230575 -0.2031436074042129 0
799 0.8986515317880014 -0.2074920653128556 0
800 0.9060472749321642 -0.2128558257636389 0
801 0.897569606050745 -0.2172180133107205 0
802 0.9051640501062965 -0.2225932413704448 0
803 0.8965883115889198 -0.2267359781586427 0
804 0.9045905072737626 -0.2323485779714466 0
805 0.8957246579976031 -0.2364982617603852 0
806 0.9037923522296635 -0.2421359910889781 0
807 0.8948636195386523 -0.2463006921540732 0
808 0.9310720636598424 -0.1146592581901081 0
809 0.9029597283718523 -0.2519477442841026 0
810 0.8940108395722597 -0.2561310894158033 0
811 0.8859186267450735 -0.2504641279974371 0
812 0.8850589865521332 -0.2603078709593372 0
813 0.8931594041099238 -0.2659737328167378 0
814 0.8841945338048376 -0.2701584285352542 0
815 0.8922995004362035 -0.275833843842044 0
816 0.8833253029923565 -0.2800205495924722 0
817 0.8914415691557628 -0.2857018594400867 0
818 0.8824617634086601 -0.2898916350138552 0
819 0.8743425756379852 -0.2842055574662057 0
820 0.8734772370853316 -0.2940815205858344 0
821 0.8815975466029125 -0.2997688910945447 0
822 0.8726107877846637 -0.3039614886072804 0
823 0.8807355880960084 -0.3096517255934066 0
824 0.8717439835246533 -0.3138459725460769 0
825 0.8798741721947241 -0.3195379823305927 0
826 0.8708780250881317 -0.3237335927394921 0
827 0.919567120330125 -0.1522987901078845 0
828 0.8636080859297227 -0.3081475011139617 0
829 0.8885863461953315 -0.2210838300367732 0
830 0.8790105103800221 -0.329427988337025 0
831 0.8700115625042533 -0.3336244752436193 0
832 0.8781459242162849 -0.3393196447840552 0
833 0.8691454693059359 -0.3435175275505763 0
834 0.861010149969352 -0.3378205390365071 0
835 0.8601433556245741 -0.3477149334849888 0
836 0.8520064735514957 -0.3420160881592696 0
837 0.8511402297458406 -0.3519120230791111 0
838 0.8592769689949247 -0.3576106404963282 0
839 0.8502732919367437 -0.3618081807223637 0
840 0.8584106264351195 -0.367507151440827 0
841 0.8494061670137514 -0.3717049241576764 0
842 0.8412687478780279 -0.3660056206901441 0
843 0.8404012177823784 -0.3759028980186857 0
844 0.84853933972429 -0.3816025753983734 0
845 0.8395338669775214 -0.3858007103076096 0
846 0.847672479983432 -0.3915008460759112 0
847 0.8386665295226586 -0.3956990382458457 0
848 0.8305282220421808 -0.3899987675698515 0
849 0.8296603204704299 -0.3998972760423514 0
850 0.8377992983099805 -0.4055977983733794 0
851 0.8287926710978841 -0.4097961581605407 0
852 0.8369319986232423 -0.4154969868846985 0
853 0.8279251757678321 -0.4196952963902392 0
854 0.8197859646267537 -0.413994404562075 0
855 0.8189183829778728 -0.4238934804058286 0
856 0.8270575906197289 -0.4295946286339223 0
857 0.8180505866705188 -0.4337928993268007 0
858 0.8261899924661681 -0.4394943228182108 0
859 0.8171826657482046 -0.4436926204115187 0
860 0.8090435538592324 -0.4379910533420032 0
861 0.8081752062248981 -0.4478908701501974 0
862 0.8163145590161035 -0.4535920781164523 0
863 0.807307223748342 -0.457790466763336 0
864 0.7991677003428578 -0.452089158895366 0
865 0.7982996888958538 -0.4619886770168782 0
866 0.8064390843009477 -0.4676901726497663 0
867 0.7974315577543472 -0.4718882698562242 0
868 0.7892922969580516 -0.4661866507770429 0
869 0.788423993489095 -0.4760862245053726 0
870 0.7965633310572366 -0.4817880758073469 0
871 0.7875555578406717 -0.4859860124423792 0
872 0.7956950096762379 -0.4916880863523208 0
873 0.7866870928416478 -0.4958859222769006 0
874 0.7785478794210783 -0.4901837447494453 0
875 0.777679248821723 -0.5000836042691346 0
876 0.785818431364708 -0.5057858989009389 0
877 0.7768105276496265 -0.5099836343949777 0
878 0.7686718044652756 -0.5042807661986951 0
879 0.7678026637554619 -0.5141811368661198 0
880 0.7759414930918844 -0.5198835770008319 0
881 0.7669336738295048 -0.5240811860917762 0
882 0.758794968292388 -0.518377503992989 0
883 0.7579257492057782 -0.5282783780379506 0
884 0.7660642490000927 -0.5339810597997218 0
885 0.7570565333049517 -0.5381785090348777 0
886 0.7489182792255225 -0.5324747245255719 0
887 0.7480487939102258 -0.54237555710417 0
888 0.756187353952957 -0.548078408775173 0
889 0.7471791787016981 -0.5522755721604172 0
890 0.7390419832563466 -0.5465727404863394 0
891 0.7381710623442228 -0.5564727190173901 0
892 0.7463098620899642 -0.5621756155222899 0
893 0.737301403480547 -0.5663725827254427 0
894 0.7291625617153878 -0.5606697434237425 0
895 0.7282929912170503 -0.5705694510839121 0
896 0.7201545085294832 -0.5648664894077137 0
897 0.7192848599914352 -0.5747661263060359 0
898 0.727423411118125 -0.5804691563927868 0
899 0.7184151233028063 -0.58466593551879 0
900 0.7102768027847489 -0.578962566373845 0
901 0.7094068282601724 -0.5888623574892049 0
902 0.7175450678805891 -0.5945657064194196 0
903 0.7085368738499761 -0.5987623736946508 0
904 0.7003987322998869 -0.5930588847699614 0
905 0.6995283713921898 -0.6029588458694422 0
906 0.7076668877360599 -0.6086621864275963 0
907 0.6986582820227488 -0.6128586291753337 0
908 0.6905198227848299 -0.607155284896774 0
909 0.6896496861637806 -0.6170549371195565 0
910 0.6815115206346321 -0.6113514063120781 0
911 0.6806412413647862 -0.6212510016516442 0
912 0.6887794968351442 -0.6269546212662264 0
913 0.6797709050820395 -0.6311508051202056 0
914 0.6716327376572304 -0.6254471558711576 0
915 0.6707623361286681 -0.6353468529405164 0
916 0.6626242503861761 -0.629643375965436 0
917 0.6617537307514976 -0.6395429338501727 0
918 0.669891973863892 -0.6452465762765158 0
919 0.6608832772531594 -0.6494425159345436 0
920 0.6527451769729615 -0.643738889750765 0
921 0.6518746542075596 -0.6536383486255435 0
922 0.6437367296591935 -0.647934715967313 0
923 0.642866008887622 -0.6578341807553032 0
924 0.6510041000675939 -0.6635379785483255 0
925 0.6419953478480585 -0.6677337090023323 0
926 0.6338573903805298 -0.6620299104650424 0
927 0.6329866532166324 -0.6719293416184097 0
928 0.6248488554619553 -0.6662255283846422 0
929 0.6239779146578726 -0.6761249770411599 0
930 0.6321158926855298 -0.6818289573756938 0
931 0.6231070404250626 -0.6860245054403299 0
932 0.6149691870068407 -0.6803205160153932 0
933 0.6140982348074217 -0.6902199589636391 0
934 0.6059606534359538 -0.684515847494014 0
935 0.6050895124683319 -0.6944152970878505 0
936 0.6132272876837811 -0.7001195768988353 0
937 0.6042182308590733 -0.7043147881169617 0
938 0.5960805304234357 -0.6986106314379964 0
939 0.5952092560499267 -0.7085101057946671 0
940 0.5870718153003411 -0.7028058936518395 0
941 0.5862004170487731 -0.7127052314052298 0
942 0.5780630917793217 -0.7070011379378069 0
943 0.5771917357788356 -0.7169005965230555 0
944 0.5853292592479641 -0.7226049424754023 0
945 0.5763180020481676 -0.7268000030658431 0
946 0.5681826080762449 -0.7210955997799104 0
947 0.5673108429201532 -0.7309951435460693 0
948 0.5591739057507266 -0.7252907559647431 0
949 0.5583022515366857 -0.7351901423466927 0
950 0.5501650265720907 -0.7294859000270316 0
951 0.5492935288372314 -0.7393852346685361 0
952 0.5411569867585012 -0.7336800045500663 0
953 0.5402850884451298 -0.7435801236199767 0
954 0.5484221129634782 -0.7492846508125094 0
955 0.5394131873601782 -0.7534796737309524 0
956 0.5312760840131547 -0.7477751898646138 0
957 0.5304041527321097 -0.7576746025746559 0
958 0.5222668213100007 -0.7519700750169661 0
959 0.5213950879037417 -0.7618693513317024 0
960 0.5132581997608711 -0.7561649226780767 0
961 0.5123861639887399 -0.76606419618105 0
962 0.5042494080146956 -0.760359761854539 0
963 0.5033774296815179 -0.7702589659317294 0
964 0.4952404111509631 -0.7645544672726914 0
965 0.4943685784917167 -0.774453673982159 0
966 0.5025058444722952 -0.7801583529546738 0
967 0.4934967459462024 -0.7843531415257866 0
968 0.485359749828885 -0.7786483017627432 0
969 0.4844876553791112 -0.7885478508182474 0
970 0.4763506443883026 -0.7828430390177312 0
971 0.4754784809652591 -0.7927423331689424 0
972 0.4673416709011052 -0.7870377927127183 0
973 0.4664694377496326 -0.7969369535899835 0
974 0.458332684566058 -0.7912324700635252 0
975 0.4574603725207896 -0.8011314135948693 0
976 0.4493234108355164 -0.7954270993556533 0
977 0.4484514092065844 -0.8053261564762791 0
978 0.4403149692069222 -0.7996217608280478 0
979 0.4394424883947919 -0.8095205335062691 0
980 0.4313061621465886 -0.803816340286665 0
981 0.4304335138349229 -0.8137148467634373 0
982 0.4222966643218034 -0.8080109233948312 0
983 0.4214246841993123 -0.8179097263949642 0
984 0.4132886015509363 -0.8122055396608701 0
985 0.41241581591537 -0.8221039413753415 0
986 0.4042799072565654 -0.8164000580959417 0
987 0.4034069094554227 -0.8262982027702919 0
988 0.3952702138188663 -0.8205946383871323 0
989 0.3943981631809746 -0.8304932301302567 0
990 0.3862613260990205 -0.8247892846472453 0
991 0.3853891138019268 -0.8346872986244644 0
992 0.3772526230314922 -0.8289837460108836 0
993 0.3763801810129393 -0.8388815174858301 0
994 0.3682438047478863 -0.8331781071880228 0
995 0.3673713571193004 -0.8430759860450925 0
996 0.3592347383498089 -0.8373729276532839 0
997 0.3583624174159366 -0.8472703901588156 0
998 0.3502262126498992 -0.8415674026756853 0
999 0.3493536267030164 -0.8514649214363526 0
1000 0.3412173318815175 -0.8457617251018079 0
1001 0.3403446892209824 -0.8556592461905039 0
1002 0.332208243146762 -0.849956455210453 0
1003 0.3313357740826804 -0.8598538262332771 0
1004 0.3231993625471582 -0.854151083649157 0
1005 0.3223267763277404 -0.8640482256051036 0
1006 0.3141905817634247 -0.8583453759266552 0
1007 0.3133178599760251 -0.8682427706756028 0
1008 0.3051814801357755 -0.862540107826905 0
1009 0.304308771779051 -0.872437204141024 0
1010 0.2961723743341188 -0.8667347307167657 0
1011 0.295300358631905 -0.8766330862556176 0
1012 0.2871634263756133 -0.8709295449356304 0
1013 0.2862907531884896 -0.880826693556124 0
1014 0.2781542489162278 -0.8751240563472766 0
1015 0.2772814024604398 -0.8850209140028428 0
1016 0.2691436262482191 -0.8793184633408349 0
1017 0.2682728713094893 -0.8892170386211813 0
1018 0.2601332427424771 -0.8835128441476702 0
1019 0.2592626017709547 -0.893410419222439 0
1020 0.2511251440588704 -0.8877073069865746 0
1021 0.2502550878914292 -0.897608065073245 0
1022 0.2421174710913058 -0.8919031107347541 0
1023 0.2412456714320562 -0.9018029002514083 0
1024 0.2331080831857226 -0.8960980122469292 0
1025 0.2322362655505378 -0.9059978201150302 0
1026 0.2240986211906044 -0.9002928604653524 0
1027 0.3845097328319182 -0.8445890625816431 0
1028 0.4115381749587813 -0.8320052031583096 0
1029 0.4385666947686327 -0.8194211325738824 0
1030 0.2232267320557907 -0.9101927575431938 0
1031 0.2150891172508185 -0.9044876487193672 0
1032 0.215961052816027 -0.8945879720000756 0
1033 0.2069518338992993 -0.8987826705455874 0
1034 0.2060796305237381 -0.9086822973390982 0
1035 0.1979427501544824 -0.9029771768178581 0
1036 0.1970702385543803 -0.9128769904638701 0
1037 0.1889331272026755 -0.9071717562012289 0
1038 0.1880605986122109 -0.9170716812847618 0
1039 0.1799232180289182 -0.9113664224749833 0
1040 0.1807964344140913 -0.9014664419054557 0
1041 0.1717858796458361 -0.9056612522775512 0
1042 0.1709135978083844 -0.9155608808278077 0
1043 0.1627761129757644 -0.9098556036926354 0
1044 0.161904006595094 -0.9197553842613204 0
1045 0.1537666699062713 -0.9140500779036851 0
1046 0.1528943685766588 -0.9239499684049113 0
1047 0.1447570426260767 -0.9182445413475382 0
1048 0.1456293832318613 -0.9083447484127574 0
1049 0.1366198979850709 -0.9125391026219152 0
1050 0.1357472154829696 -0.9224391743108084 0
1051 0.1276093946550253 -0.9167330879554699 0
1052 0.1267369556572251 -0.9266343711426641 0
1053 0.1185974946564981 -0.9209288650121852 0
1054 0.1194702791253655 -0.9110258129078939 0
1055 0.110457053574498 -0.9152210192617705 0
1056 0.1095838916500831 -0.9251264650644054 0
1057 0.1014412612060082 -0.9194166284104659 0
1058 0.1005678768733322 -0.9293285058970735 0
1059 0.09242277105962612 -0.9236152695212563 0
1060 0.09329957556751446 -0.9137094043642835 0
1061 0.08427690358110282 -0.9179054576050651 0
1062 0.08340079067740497 -0.9278170032626687 0
1063 0.07525044393030716 -0.9221013351991341 0
1064 0.3484717083245616 -0.8613676756690463 0
1065 0.07437595651269693 -0.9320174319588965 0
1066 0.4655954085798336 -0.8068372158795017 0
1067 0.3124334413270113 -0.8781462087614784 0
1068 0.5295323039573514 -0.7675739878282977 0
1069 0.5754475158472505 -0.7366996758102401 0
1070 0.2429872306592077 -0.8820025746485431 0
1071 0.9173793668816924 -0.179867230250634 0
1072 0.07612443444539273 -0.9121877277940513 0
1073 0.06709850475879076 -0.9163842928368281 0
1074 0.2854043584354125 -0.8907301978925262 0
1075 0.2078236594022296 -0.8888831218114057 0
1076 0.5016341001666904 -0.7900581415393562 0
1077 0.8769670686546173 -0.2546365928192091 0
1078 0.8920478817461273 -0.1923359307897242 0
1079 0.1726580546433779 -0.8957618103782193 0
1080 0.6123533514625468 -0.7100223398969898 0
1081 0.9384352553815779 -0.1117807030534032 0
1082 0.9373274139319789 -0.1197865552188373 0
1083 0.9145223866152349 -0.2077455689081011 0
1084 0.2880356526987891 -0.8610303324631233 0
1085 0.2583862357929412 -0.9033092179964474 0
1086 0.5510363797752185 -0.7195866963042827 0
1087 0.06797031562653819 -0.9064650284465512 0
1088 0.05894380229609435 -0.910668033059129 0
1089 0.9124636547234447 -0.2371055459860161 0
1090 0.3150626361889375 -0.8484466090948646 0
1091 0.4682150140123565 -0.7771377116463466 0
1092 0.8804657676598949 -0.1439486505790857 0
1093 0.8888657620344844 -0.3153415804649968 0
1094 0.9004239223592592 -0.2815077218012987 0
1095 0.161031637242863 -0.9296554815334371 0
1096 0.1961979707924752 -0.9227770713290784 0
1097 0.5789343905254516 -0.6971019800940628 0
1098 0.2313645549988618 -0.9158980578523312 0
1099 0.5141294608576464 -0.7462656745955208 0
1100 0.3420892789364911 -0.8358629687969499 0
1101 0.4411871211294739 -0.7897221250831674 0
1102 0.05981648567381762 -0.9007449768912316 0
1103 0.06882989528944849 -0.8965352623418321 0
1104 0.9449493725060513 -0.1164876012228172 0
1105 0.9438472445279724 -0.1249481734970616 0
1106 0.3691157168051618 -0.8232793461543086 0
1107 0.4141609678750989 -0.802305679302083 0
1108 0.08252641779241379 -0.9377322853735498 0
1109 0.07350220249004859 -0.9419336085950634 0
1110 0.1087125752539972 -0.9350354788962676 0
1111 0.4961136548069064 -0.7546546962594618 0
1112 0.3961420992970295 -0.8106956808191094 0
1113 0.2700144708097525 -0.8694197104856007 0
1114 0.6823814853541178 -0.6014523207579944 0
1115 0.6634948856292059 -0.6197437315670975 0
1116 0.6446075281624335 -0.638035233659473 0
1117 0.7210238056401633 -0.5549673345109397 0
1118 0.6257196495242435 -0.6563261587707698 0
1119 0.6068315249720448 -0.6746168023685521 0
1120 0.7120163481827084 -0.5591636863739928 0
1121 0.7128855621414993 -0.5492650726884341 0
1122 0.7038785304114319 -0.5534612019840839 0
1123 0.7454403204448914 -0.5720757941079053 0
1124 0.877283815530035 -0.3492125424627633 0
1125 0.7067970124845618 -0.6185622118965206 0
1126 0.6879094250939661 -0.6368545258899676 0
1127 0.6690216285129131 -0.6551463200407719 0
1128 0.6501335545923489 -0.6734376672309921 0
1129 0.5475506534583061 -0.7591845254923248 0
1130 0.780285030709532 -0.4703843643508795 0
1131 0.781153229541066 -0.4604853273375749 0
1132 0.7721464738193839 -0.464682749417515 0
1133 0.6312449477253765 -0.6917284823383075 0
1134 0.8107794622828355 -0.4181924832923256 0
1135 0.8116469900676775 -0.4082937293481701 0
1136 0.8026408191870581 -0.4124917037159761 0
1137 0.8035089684204522 -0.4025931264661765 0
1138 0.8322635720920567 -0.3702030098440545 0
1139 0.833131315477267 -0.3603060700186843 0
1140 0.8241262251013503 -0.3645033351856437 0
1141 0.8249936175810424 -0.3546064395842631 0
1142 0.7158060062187497 -0.6143656705229066 0
1143 0.7149360382652092 -0.6242662168425148 0
1144 0.7544492107236616 -0.5678784954547196 0
1145 0.7535796267777713 -0.5777793712228978 0
1146 0.8351973418739638 -0.4352960173085517 0
1147 0.8343298030002284 -0.4451961131985221 0
1148 0.843337706281363 -0.4409974740486163 0
1149 0.8047030832471902 -0.4874899166984601 0
1150 0.8038346199987483 -0.4973905280556454 0
1151 0.8459381627461413 -0.4112985136019505 0
1152 0.8566783264916097 -0.3873023074605244 0
1153 0.4836147646536604 -0.7984477056058179 0
1154 0.3304526293892375 -0.8697569282448507 0
1155 0.3664906876959891 -0.8529784056738692 0
1156 0.152022027222143 -0.9338503259554936 0
1157 0.887146582366078 -0.3351221273027419 0
1158 0.0653497436742569 -0.9362183854366873 0
1159 0.06447629448273104 -0.9461368866996774 0
1160 0.05632197957031548 -0.9404208952014331 0
1161 0.05544745160899696 -0.9503439197786983 0
1162 0.8653572398513574 -0.2883921266316805 0
1163 0.1374922207364151 -0.9026394287625732 0
1164 0.1113306808220894 -0.9053172207622745 0
1165 0.05078656192711895 -0.9049509448124247 0
1166 0.05165986013105012 -0.8950248574549189 0
1167 0.8932495499048632 -0.1730030696176344 0
1168 0.7730145729368766 -0.4547842385454876 0
1169 0.8128432534936059 -0.493192036661814 0
1170 0.7239454118860011 -0.6200693626912508 0
1171 0.04729083420548243 -0.9446240919086735 0
1172 0.08165287210572639 -0.947646468204228 0
1173 0.8424700181782966 -0.4508981816177672 0
1174 0.7945818210041433 -0.4069610627093637 0
1175 0.7936470996558975 -0.4167190137825463 0
1176 0.8119746584744132 -0.5030932955741385 0
1177 0.762589027657911 -0.573581667195861 0
1178 0.04641571757744582 -0.9545509133951674 0
1179 0.7640082206893846 -0.458981631693944 0
1180 0.7631399465438685 -0.4688799055557152 0
1181 0.1601595874786255 -0.9395561696643888 0
1182 0.1511493373205869 -0.9437511866036554 0
1183 0.9189279363608106 -0.1146592582247583 0
1184 0.9516531614661794 -0.121669449596621 0
1185 0.9527379575523323 -0.1130354889160676 0
1186 0.9506287283274617 -0.1302018646831988 0
1187 0.851478500894314 -0.4466991633358589 0
1188 0.7230753217729819 -0.6299704501070659 0
1189 0.8911707963060866 -0.1138339506514127 0
1190 0.06360169368545079 -0.9560591851516734 0
1191 0.7047479156926857 -0.5435628614858473 0
1192 0.7137569587631278 -0.5393670599530235 0
1193 0.8159962704211701 -0.3588197438108487 0
1194 0.815122738414239 -0.3687033737335627 0
1195 0.8163387659315152 -0.3489972371540251 0
1196 0.04263011023248188 -0.8992292765348409 0
1197 0.04175269536383555 -0.9091587876782407 0
1198 0.04350587019999831 -0.8893047018998903 0
1199 0.7953700025037226 -0.3968929891281133 0
1200 0.8209836900618952 -0.4988947026184094 0
1201 0.8218520652809765 -0.4889932814376418 0
1202 0.9425615353305187 -0.1334904923469395 0
1203 0.9495110510282998 -0.1389015334150467 0
1204 0.7617194872484832 -0.5834829486612589 0
1205 0.7527098682511415 -0.5876805213749003 0
1206 0.6957976753120427 -0.5478804455374595 0
1207 0.6948811269247372 -0.5576773791531935 0
1208 0.7320852043435171 -0.6257734154323946 0
1209 0.7329549564058331 -0.6158722542924404 0
1210 0.8257743539669029 -0.3447247118905384 0
1211 0.8174036849903777 -0.3390558977185679 0
1212 0.8266789366312406 -0.3348204167328579 0
1213 0.2168326415363298 -0.8846886413872955 0
1214 0.2086958526986926 -0.8789840886981173 0
1215 0.2177041349524673 -0.8747897457654409 0
1216 0.2095675951548057 -0.8690856935351234 0
1217 0.2185756115983688 -0.8648914817513541 0
1218 0.2005596036774451 -0.8732797069364248 0
1219 0.2014313678703035 -0.8633817441251501 0
1220 0.1924235918235118 -0.8675755884002394 0
1221 0.597823390739863 -0.6788118342860959 0
1222 0.5986942347451016 -0.6689133143240357 0
1223 0.5896865489103216 -0.6731081313370488 0
1224 0.5699260745874909 -0.7012970072215317 0
1225 0.5707970952725627 -0.6913985598822203 0
1226 0.56178938634215 -0.6955931997384136 0
1227 0.4871039565295257 -0.7588499040439035 0
1228 0.487975101755902 -0.7489515451462389 0
1229 0.4789673778345896 -0.7531458853183641 0
1230 0.1465015589227444 -0.8984452715559269 0
1231 0.1383648286051084 -0.8927400895076448 0
1232 0.1473736107020546 -0.8885461323926332 0
1233 0.1392374510032043 -0.8828411667367706 0
1234 0.1482457645458518 -0.8786475099391894 0
1235 0.8778297455627704 -0.2447925491764703 0
1236 0.8688750971222126 -0.2489640537152716 0
1237 0.8697434110585728 -0.2391203594180534 0
1238 0.8607996769844792 -0.2432926059274565 0
1239 0.8599134782208382 -0.2531416500924922 0
1240 0.8616769580773532 -0.233450328396761 0
1241 0.8528746916755648 -0.332121029553151 0
1242 0.2223545971402035 -0.9200931721864543 0
1243 0.2304927881608314 -0.9257986516749848 0
1244 0.2214824409487851 -0.9299939142195899 0
1245 0.7140658289877559 -0.6341669156889923 0
1246 0.852346103350781 -0.4367978770216255 0
1247 0.1871882087638732 -0.9269720203227735 0
1248 0.195326273366225 -0.932677574377846 0
1249 0.5565601353574399 -0.7549892307400969 0
1250 0.5556886032545892 -0.764889607380416 0
1251 0.5646986033269039 -0.7606939566213694 0
1252 0.5638271136210815 -0.7705947342983683 0
1253 0.5728373164691799 -0.7663990078379437 0
1254 0.5548168078045848 -0.7747903892464556 0
1255 0.5629555976470595 -0.7804958092509021 0
1256 0.5539454945648423 -0.7846908420553321 0
1257 0.2395030208412908 -0.9216033219465724 0
1258 0.5106436557335565 -0.7858630136116781 0
1259 0.5097719070711655 -0.7957633459788485 0
1260 0.5187820111652468 -0.7915678661951902 0
1261 0.5179103052707973 -0.8014685590404467 0
1262 0.5089000318704665 -0.8056638939253705 0
1263 0.1863160792173251 -0.9368724734899634 0
1264 0.1302275129795484 -0.8870319858812387 0
1265 0.5269205582746216 -0.7972730400915702 0
1266 0.2386312900988685 -0.9315043533834144 0
1267 0.2476419327491174 -0.9273087599701053 0
1268 0.8995628313212716 -0.2913852713588172 0
1269 0.908545545634345 -0.2871906145787959 0
1270 0.9076874138605011 -0.2970721026749862 0
1271 0.9094075658834471 -0.2773110326378965 0
1272 0.850254364455685 -0.2470845932423805 0
1273 0.8509376655517698 -0.2573227085712926 0
1274 0.1401101227885335 -0.8729429178988737 0
1275 0.917529050983253 -0.2829941469233337 0
1276 0.9183874218753418 -0.2731160544874843 0
1277 0.7648763901603554 -0.4490833526845625 0
1278 0.7738824471193357 -0.4448859628382411 0
1279 0.7659331255177959 -0.4392017997847186 0
1280 0.03825624555070604 -0.9488285619983907 0
1281 0.03738284237790176 -0.9587568605903287 0
1282 0.03913379190348146 -0.9389028993085058 0
1283 0.04554173893356277 -0.9644771753909064 0
1284 0.7550020030538904 -0.4631789260252739 0
1285 0.7541336840859355 -0.4730769729132001 0
1286 0.1944540416133608 -0.9425786235109649 0
1287 0.1854440926171066 -0.9467733961056967 0
1288 0.7857833896875054 -0.4116125358103262 0
1289 0.5626603516525169 -0.6856952530314331 0
1290 0.5536529250944067 -0.689889712789399 0
1291 0.05253364181677699 -0.8851025561242617 0
1292 0.820115272495954 -0.508796187981702 0
1293 0.8111058975312846 -0.5129947847471015 0
1294 0.5905574524554656 -0.6632100061168631 0
1295 0.5995648322030657 -0.6590150878006222 0
1296 0.5815911245924832 -0.6674969047228105 0
1297 0.7707291446993896 -0.5792853181655737 0
1298 0.7715985772503685 -0.5693837300471788 0
1299 0.51703863462482 -0.8113695891620306 0
1300 0.5080278247183919 -0.8155651833298021 0
1301 0.1592875801357259 -0.9494572429449388 0
1302 0.150276512906995 -0.9536524468890601 0
1303 0.1421378414976865 -0.9479459850086992 0
1304 0.850610786398976 -0.4566004939556382 0
1305 0.8416020809611454 -0.4607991830342789 0
1306 0.9198892522372236 -0.1426821105580899 0
1307 0.9596937073418781 -0.1183417463728187 0
1308 0.960704729284922 -0.1096329620838079 0
1309 0.2467701238184228 -0.9372102412952232 0
1310 0.2557810538222823 -0.9330144845762287 0
1311 0.7608499534613651 -0.5933844050347448 0
1312 0.9537280753365456 -0.1043695588616145 0
1313 0.9616867763451555 -0.100930725980023 0
1314 0.9547245055706789 -0.09583006179050019 0
1315 0.9626112882449634 -0.09237802255899955 0
1316 0.9561115563000246 -0.08724954209478591 0
1317 0.9637936478709721 -0.08395946963619769 0
1318 0.9571127976084212 -0.07849051577973643 0
1319 0.9649599895014254 -0.0751174125941738 0
1320 0.9576334353894073 -0.06962404931315522 0
1321 0.9493867117712804 -0.07446768429435476 0
1322 0.9503369431050115 -0.06459080736907985 0
1323 0.9424561283139075 -0.06795538222776089 0
1324 0.9187672305191167 -0.08522149857606766 0
1325 0.9432099000551567 -0.05921518375201482 0
1326 0.951253845816706 -0.05555350656117096 0
1327 0.9118304280108919 -0.08800933759894498 0
1328 0.9127159560832327 -0.08034364182237039 0
1329 0.9052922203483859 -0.08346292096564488 0
1330 0.9062841195193145 -0.07530541250498701 0
1331 0.8986215154937058 -0.07848837707169015 0
1332 0.8996926218585021 -0.07014695099262658 0
1333 0.9075177641034973 -0.06696300134702832 0
1334 0.9007263280113962 -0.06170633083996326 0
1335 0.9088602251150029 -0.05837807131694709 0
1336 0.9018462538167953 -0.05301072440478259 0
1337 0.9101807516912135 -0.04963774458641 0
1338 0.9440060850792584 -0.05029918195271178 0
1339 0.8904396394033061 -0.07411553138060889 0
1340 0.952260150942315 -0.04657502178916876 0
1341 0.9031275382719919 -0.04410299455672995 0
1342 0.8946966327712663 -0.04756037950150703 0
1343 0.9115121621852614 -0.04074791337901962 0
1344 0.9448239915284853 -0.04126854804079284 0
1345 0.8959737992574803 -0.03847838938251939 0
1346 0.953170626747724 -0.03742663158740223 0
1347 0.9607261457145768 -0.04286134699685233 0
1348 0.8874977953893721 -0.04196393047439611 0
1349 0.886266008493069 -0.05111286199499738 0
1350 0.8984974542673468 -0.08722100413108325 0
1351 0.9196413966332777 -0.07715286396930526 0
1352 0.9658325814371052 -0.06600649544212842 0
1353 0.9352478806419692 -0.06280039964054253 0
1354 0.9185129968267184 -0.04608504960587959 0
1355 0.9199998598853294 -0.03730681919243235 0
1356 0.7056176281481391 -0.5336647495039037 0
1357 0.7146265060922519 -0.5294688795504555 0
1358 0.9412097208738619 -0.1422179414153998 0
1359 0.9482473867544192 -0.1477987583881402 0
1360 0.9566776079269936 -0.1443687809753886 0
1361 0.9554074664389444 -0.1533981031242195 0
1362 0.9468985541691455 -0.1568872767125812 0
1363 0.954127127758588 -0.1626084899906189 0
1364 0.9455196025857042 -0.1661301385634999 0
1365 0.9527881556940453 -0.1719387355623498 0
1366 0.9441157941420407 -0.1755066622109835 0
1367 0.6868020784781798 -0.5521001221401798 0
1368 0.6858778632997802 -0.561880472438032 0
1369 0.9516458280719048 -0.1813737412850419 0
1370 0.9427763574999239 -0.1849712238896208 0
1371 0.9503465074729275 -0.1909093688883033 0
1372 0.9413904954275998 -0.1945327303433628 0
1373 0.9616780092582795 -0.03353586486769917 0
1374 0.7222051456965267 -0.6398717992094839 0
1375 0.7131953775959365 -0.644068468112639 0
1376 0.8186312046951703 -0.3291321851993686 0
1377 0.8275921954408059 -0.324921658851296 0
1378 0.8732129589467137 -0.1389291895492514 0
1379 0.8721050490807349 -0.1478483780953124 0
1380 0.8604872564321795 -0.4424999762470377 0
1381 0.861354217904355 -0.4325989384000646 0
1382 0.8069929963755965 -0.3630201985203213 0
1383 0.9049797695489337 -0.1325325689243074 0
1384 0.03358895961464482 -0.9034340355371105 0
1385 0.03271191424699701 -0.9133690044240402 0
1386 0.1412648939197888 -0.9578479676272169 0
1387 0.1331256181122912 -0.9521411339406526 0
1388 0.030693223492922 -0.9431644573435569 0
1389 0.7747816525711775 -0.4349906882056392 0
1390 0.8061183687185435 -0.3729015323739128 0
1391 0.1915516552409328 -0.8774736090748162 0
1392 0.1834138796275131 -0.8717694397847208 0
1393 0.7518401161442938 -0.5975819417234217 0
1394 0.7599803296205141 -0.6032861423934998 0
1395 0.969795546842797 -0.09783491626663193 0
1396 0.8590455627663502 -0.2630008017198078 0
1397 0.8500633033482569 -0.2671851433682488 0
1398 0.4798388958317863 -0.7432479599461888 0
1399 0.4888462785885189 -0.7390536326126803 0
1400 0.4708313561988767 -0.7474421458130959 0
1401 0.04456741924120223 -0.8795477935791545 0
1402 0.03432541904448787 -0.8838736021153937 0
1403 0.8299928855712628 -0.4946960568143135 0
1404 0.8308603782225528 -0.484794381586896 0
1405 0.9297855332092958 -0.1226658637171599 0
1406 0.7410947504099673 -0.6215766691784241 0
1407 0.8886932123407905 -0.03274479997360218 0
1408 0.9101448685462806 -0.1060409385640031 0
1409 0.8795993627071552 -0.1531248049381314 0
1410 0.8711910563107322 -0.1571305833403813 0
1411 0.8635143550203079 -0.1516461867930611 0
1412 0.9128635418619011 -0.03164225665313406 0
1413 0.9455356533754223 -0.03244097266606744 0
1414 0.1488978479899954 -0.8682766127299765 0
1415 0.157216939253949 -0.8743749640965987 0
1416 0.1578627964535508 -0.8639911792149144 0
1417 0.9490276098552565 -0.200502131632201 0
1418 0.9400167333182857 -0.2041409776289631 0
1419 0.947695679108434 -0.2101581503687718 0
1420 0.9386289758283648 -0.2138173314620803 0
1421 0.8789648023849196 -0.04550639751388241 0
1422 0.8782817550584344 -0.0547492119883507 0
1423 0.9367197688623208 -0.1696198580047785 0
1424 0.9312897964392285 -0.08527293574583934 0
1425 0.8497433050325928 -0.4665015888163938 0
1426 0.9265109162295107 -0.2787969656608902 0
1427 0.9272634385382517 -0.269071513255381 0
1428 0.9256596696711569 -0.2886764570916694 0
1429 0.8421277205548441 -0.2618849115420349 0
1430 0.8411035339219366 -0.2714320268673194 0
1431 0.862700309832142 -0.1608973705294151 0
1432 0.8703523470058361 -0.1665382368739708 0
1433 0.8603335532605915 -0.1708185011272134 0
1434 0.8693113661955852 -0.1761519877305586 0
1435 0.8607756873263583 -0.1802682162376725 0
1436 0.8686613373762675 -0.1857558136665041 0
1437 0.859876423481919 -0.1898379482318528 0
1438 0.8678322526987963 -0.1954338316034103 0
1439 0.8589835823151768 -0.1995278217511123 0
1440 0.8669884373533852 -0.2051235216880873 0
1441 0.8579950916369375 -0.2089970233953716 0
1442 0.5164702467876201 -0.8217298887274774 0
1443 0.5074086799005887 -0.8258490500796676 0
1444 0.4990589604509093 -0.8198244735351806 0
1445 0.4981939680274359 -0.8297366168022348 0
1446 0.4900058217730443 -0.8239561915743918 0
1447 0.4891419590070119 -0.8338701394744141 0
1448 0.4809962786881135 -0.8281538408161381 0
1449 0.4801243849393531 -0.8380556803282133 0
1450 0.4719838583004541 -0.8323472704029664 0
1451 0.4711120893630161 -0.8422491645641055 0
1452 0.4629729313757153 -0.8365427809191633 0
1453 0.4621009273847347 -0.8464442699867223 0
1454 0.4539620386569681 -0.8407382748515284 0
1455 0.4530900078057326 -0.8506396913613226 0
1456 0.4449513102308851 -0.8449336531310939 0
1457 0.4440367287769221 -0.8553171182160632 0
1458 0.4359334215686749 -0.8492094744329016 0
1459 0.4349191419137574 -0.8595975798221619 0
1460 0.4269037440900024 -0.8534323319535382 0
1461 0.4259298375273564 -0.8633297863203687 0
1462 0.4178932799381683 -0.8575552560857931 0
1463 0.417021163832936 -0.867444602359738 0
1464 0.4088995389119268 -0.861725196444232 0
1465 0.4080302101242672 -0.8716223054724725 0
1466 0.3998950029018816 -0.8659132685939356 0
1467 0.3990237786387253 -0.8758135815131697 0
1468 0.3908858871154908 -0.8701069111500255 0
1469 0.3900139964648233 -0.8800080352755765 0
1470 0.3818753755801414 -0.8743020630926559 0
1471 0.3810034139113283 -0.8842032628700345 0
1472 0.3728646701757116 -0.8784973730349195 0
1473 0.3719926581988015 -0.8883986502587177 0
1474 0.3638538581767834 -0.8826928152277183 0
1475 0.362981846166993 -0.8925940947375821 0
1476 0.3548430218544144 -0.8868882547629188 0
1477 0.3539630013098165 -0.896772363548948 0
1478 0.3458308249210261 -0.8910808357250197 0
1479 0.3449505790829275 -0.9009644980118678 0
1480 0.3368194507023448 -0.8952752598824808 0
1481 0.3359473483883802 -0.9051764535602154 0
1482 0.3278097234302892 -0.8994733014030165 0
1483 0.3269378966003251 -0.9093751374852741 0
1484 0.3187992054502687 -0.9036697449725262 0
1485 0.3179273216158146 -0.913571468108753 0
1486 0.3097884140980976 -0.907865522554575 0
1487 0.3089163380158473 -0.9177670921058512 0
1488 0.3007773209515643 -0.9120611213596466 0
1489 0.2999052740146376 -0.921962697420599 0
1490 0.2917662506582852 -0.9162566447397261 0
1491 0.2908941604220964 -0.9261582813032448 0
1492 0.2827586969912316 -0.9204471647204002 0
1493 0.28189083504615 -0.930343361018825 0
1494 0.4250050184568087 -0.8731349755372874 0
1495 0.5254998828263848 -0.8171757846488925 0
1496 0.1932956398446444 -0.8576778740562548 0
1497 0.4520309720605595 -0.8613593579109703 0
1498 0.3983337758507278 -0.8861060383114895 0
1499 0.7797389683912306 -0.5750874935785215 0
1500 0.7806077388675413 -0.5651866022658006 0
1501 0.7788695130829812 -0.5849893513720049 0
1502 0.03651022055172413 -0.968683800932703 0
1503 0.04466970613836536 -0.9743992193645529 0
1504 0.7668378114187662 -0.4293071691278594 0
1505 0.5914283197448018 -0.6533120795575057 0
1506 0.6004363032472229 -0.6491164264795164 0
1507 0.8192467249945603 -0.5186979133309155 0
1508 0.8102371527084677 -0.5228964192067702 0
1509 0.9693292012021768 -0.0390692869371973 0
1510 0.9703383535381437 -0.02957645190558256 0
1511 0.3801315089284249 -0.8941046247919889 0
1512 0.8195662495676814 -0.319231856157491 0
1513 0.8284776239307426 -0.3150254122547509 0
1514 0.8203463816629946 -0.3093273378664076 0
1515 0.8293336805691904 -0.3051303184042019 0
1516 0.8374642372522605 -0.3108267266623677 0
1517 0.8383271045441854 -0.300933937230778 0
1518 0.8307298796968473 -0.2952754956829184 0
1519 0.946352579994689 -0.2198609097404437 0
1520 0.9372423946089248 -0.2235441243011433 0
1521 0.9449968892188229 -0.2296080428351271 0
1522 0.9358557616787027 -0.2333025600640491 0
1523 0.9436369433655761 -0.2393819096531249 0
1524 0.9344718731815733 -0.243081062389842 0
1525 0.7461398930278049 -0.46738867799786 0
1526 0.7452955096642141 -0.4772886906888992 0
1527 0.7532929019308284 -0.4829779501889329 0
1528 0.7442915801848184 -0.4871748207211302 0
1529 0.736765295043678 -0.4818600434015175 0
1530 0.7354412053289124 -0.4915958908900616 0
1531 0.7434273167873877 -0.4971082309103028 0
1532 0.7344219196488071 -0.5013110088738502 0
1533 0.7470988779760699 -0.4579322209698301 0
1534 0.2377590854336251 -0.9414058275549778 0
1535 0.9323847686655009 -0.1981249393389896 0
1536 0.5620840019702231 -0.7903971393651079 0
1537 0.5534686457443855 -0.7945021553087046 0
1538 0.5710913682728957 -0.7862009873731142 0
1539 0.4792511615260565 -0.847955350658432 0
1540 0.1322525771634618 -0.9620438599431044 0
1541 0.1241154700208525 -0.9563365006894367 0
1542 0.1408670280380357 -0.8629844746750488 0
1543 0.1319564011098859 -0.8672272714976131 0
1544 0.9732932814659885 -0.07158331463260843 0
1545 0.7214841786889277 -0.6497865696633456 0
1546 0.7123496352939727 -0.6539728487378567 0
1547 0.7206429574552953 -0.659691144529011 0
1548 0.7114880235906821 -0.6638756679122526 0
1549 0.7033240032282617 -0.6581687941930474 0
1550 0.7024508569879764 -0.6680704476883045 0
1551 0.694306772967909 -0.6623642363339916 0
1552 0.6934348438967739 -0.672266769901254 0
1553 0.1935822598611886 -0.9524801135898335 0
1554 0.2025924104201895 -0.9482845318656381 0
1555 0.3620933418689867 -0.9028410046968812 0
1556 0.9214144636672251 -0.02820172045577993 0
1557 0.158415308239659 -0.9593589609238938 0
1558 0.7064870937783986 -0.5237667744507662 0
1559 0.7154950669756583 -0.51956853289038 0
1560 0.7236384880121614 -0.5252667805940225 0
1561 0.2021905540705616 -0.8536445088211124 0
1562 0.02454249179783755 -0.9076414070108456 0
1563 0.02834775502031836 -0.9629637762845685 0
1564 0.02747572844453203 -0.9728941857909987 0
1565 0.7979521698574478 -0.367140206160636 0
1566 0.7262469956544171 -0.495565397829984 0
1567 0.1232397351175833 -0.9662396842565208 0
1568 0.1151035407360748 -0.9605346213563899 0
1569 0.8994499031786036 -0.1185016182802423 0
1570 0.5545240679602441 -0.6799921332123301 0
1571 0.8707247748750115 -0.2295236563479242 0
1572 0.9385041379175959 -0.08816256506183606 0
1573 0.8389941284004376 -0.4904851423981296 0
1574 0.9284561037123495 -0.2272705408810727 0
1575 0.7305684552789892 -0.6454031594925324 0
1576 0.9191014548587728 -0.2634479845034671 0
1577 0.2836278896441229 -0.9105499308637723 0
1578 0.310660562066573 -0.8979642447351962 0
1579 0.05369811750658013 -0.9701949570973686 0
1580 0.4097747328843382 -0.8518215916905929 0
1581 0.4368116319231302 -0.8392411308274808 0
1582 0.09067466996309312 -0.9434463421253507 0
1583 0.08979753599952711 -0.9533583016583451 0
1584 0.4638453927778714 -0.8266413185888692 0
1585 0.5635310860790417 -0.6757976218057477 0
1586 0.08078145836422461 -0.9575593810819343 0
1587 0.08892682888718925 -0.9632699032282031 0
1588 0.07991007996405454 -0.9674701067391058 0
1589 0.226712633843743 -0.8705953120585784 0
1590 0.2275834564019017 -0.8606971569778654 0
1591 0.5527818138150056 -0.6997876245669503 0
1592 0.5446455904022298 -0.6940842811240847 0
1593 0.8125155252002516 -0.3983949525443585 0
1594 0.7971076522119325 -0.377086175961942 0
1595 0.7889404067666423 -0.3713226104378163 0
1596 0.4699596550178496 -0.7573399384869977 0
1597 0.4621076271097869 -0.7516611895340761 0
1598 0.2194473252245965 -0.8549934266849327 0
1599 0.2286566710539971 -0.8508171714013371 0
1600 0.236624402260012 -0.856505780190095 0
1601 0.2377352968343016 -0.8471111443730354 0
1602 0.2456490916674412 -0.8523933804392005 0
1603 0.2464692491459806 -0.8424110029040963 0
1604 0.2546444676768157 -0.8481944927661764 0
1605 0.2537378024035937 -0.8580191513507238 0
1606 0.2627484699715978 -0.8538321812924989 0
1607 0.2637321968052823 -0.8441761806357904 0
1608 0.2717697642863793 -0.849668287876044 0
1609 0.2727244626814753 -0.8399500921554595 0
1610 0.2807768374754399 -0.8454735934500526 0
1611 0.2818160652832609 -0.8359369238361491 0
1612 0.2897980752985581 -0.8413093003427795 0
1613 0.290923707036979 -0.831785119673488 0
1614 0.2730965903481405 -0.8310886716504058 0
1615 0.298824293880891 -0.8371269384723536 0
1616 0.2997826691978981 -0.8272388328955071 0
1617 0.3078098287773371 -0.8328757531050244 0
1618 0.3085001918995042 -0.8234465211626367 0
1619 0.3167650973406 -0.8287390198188955 0
1620 0.3167515740107295 -0.8179314835551497 0
1621 0.32563752793361 -0.8243340781569664 0
1622 0.3266625643356759 -0.8145589984919741 0
1623 0.3347726721528311 -0.8202413968385638 0
1624 0.3356716674027339 -0.8103749470904538 0
1625 0.3438014541581485 -0.816065891394417 0
1626 0.3446984340465489 -0.8062193913911648 0
1627 0.3528153236948105 -0.8118810828500039 0
1628 0.3537034813505087 -0.8020194368795274 0
1629 0.3618229787913499 -0.8076871131519927 0
1630 0.3626970277954591 -0.7977850496998424 0
1631 0.370848635099256 -0.8034820979681048 0
1632 0.6733736200584606 -0.6056481746862117 0
1633 0.6742435905841209 -0.595749540150915 0
1634 0.6652358429867419 -0.599945600589866 0
1635 0.6664994573640022 -0.5900814159198824 0
1636 0.6566106562771815 -0.5931523618601803 0
1637 0.6751803002717969 -0.5858560207036476 0
1638 0.6672656877628517 -0.5804144281344273 0
1639 0.6544866047577182 -0.6239398953081945 0
1640 0.6553571518314044 -0.6140409154201076 0
1641 0.6463494001248835 -0.6182367275183568 0
1642 0.6472201220762238 -0.6083379357391223 0
1643 0.6382121398576701 -0.6125343401833312 0
1644 0.6390832374328019 -0.60263559950651 0
1645 0.6355992625110976 -0.6422310439246309 0
1646 0.6364703505164673 -0.6323317936383586 0
1647 0.6274623122290059 -0.6365276022002548 0
1648 0.6283326752954203 -0.62662939980009 0
1649 0.6194291330288708 -0.6310470745097585 0
1650 0.6193420764065014 -0.6207580088109911 0
1651 0.6184722712933182 -0.640759805688867 0
1652 0.6105728812494173 -0.6355693077293288 0
1653 0.7828941981624272 -0.4406884917880314 0
1654 0.6940033041841759 -0.5675582318888153 0
1655 0.6852955093338126 -0.6665596922958814 0
1656 0.6844234621112261 -0.6764633022503554 0
1657 0.6762863327128673 -0.670754240619136 0
1658 0.675413551877171 -0.6806579686529073 0
1659 0.6835526551628053 -0.6863648262767282 0
1660 0.6745422072422793 -0.6905616954874159 0
1661 0.6664037626558917 -0.6848545075351768 0
1662 0.6655318385586486 -0.6947584612875004 0
1663 0.6736714222697264 -0.7004638425142261 0
1664 0.6646608144620929 -0.7046606346803452 0
1665 0.6565216168256802 -0.6989532595905044 0
1666 0.6556502968731092 -0.7088569414031115 0
1667 0.6475132341460869 -0.7031470744855045 0
1668 0.6466402037769026 -0.7130529610767944 0
1669 0.6385054113004289 -0.7073397016923934 0
1670 0.6376307763698371 -0.7172457292630916 0
1671 0.6457692581563126 -0.722954576485702 0
1672 0.6367586534463907 -0.7271511224140352 0
1673 0.6286211202700085 -0.7214419257902157 0
1674 0.6277480378157794 -0.7313475811449207 0
1675 0.6358873595491166 -0.7370536983717001 0
1676 0.6268765479889136 -0.7412501045968278 0
1677 0.6187369294772448 -0.7355447861206766 0
1678 0.6178656610971525 -0.7454465726171091 0
1679 0.6097262415916144 -0.7397412281364858 0
1680 0.6088549243308006 -0.749642858372345 0
1681 0.6007156142594638 -0.7439375641620096 0
1682 0.5998442999802081 -0.7538390655094889 0
1683 0.61708284627096 -0.7555381193181684 0
1684 0.6105974505568517 -0.7298398417073038 0
1685 0.5917067335897908 -0.7481244085773491 0
1686 0.5437744039205394 -0.7039819378101284 0
1687 0.5361304806558416 -0.6983219143803205 0
1688 0.5348491536855584 -0.7081833523480642 0
1689 0.5260851316459387 -0.7010789741954587 0
1690 0.525682662078039 -0.7121392452135793 0
1691 0.5170720641352764 -0.7069240209346719 0
1692 0.5167529613681553 -0.7165645788851794 0
1693 0.4609993993413292 -0.7615379967855233 0
1694 0.4530500162410865 -0.7560102315345715 0
1695 0.4519446305841087 -0.7657277590247548 0
1696 0.4437425481760281 -0.7602043664474123 0
1697 0.442926122368705 -0.7699515450937781 0
1698 0.4350432055405463 -0.7646171290434187 0
1699 0.7437003743852448 -0.5918776844861555 0
1700 0.80209670739769 -0.5171929106269511 0
1701 0.8012276332002709 -0.5270948131590312 0
1702 0.8093683822671123 -0.5327981975957605 0
1703 0.8003586696757742 -0.5369965452871285 0
1704 0.7922183603567234 -0.531292499090638 0
1705 0.7913487028281754 -0.5411936865520377 0
1706 0.7994897942885429 -0.546896292653383 0
1707 0.7724660237539386 -0.5594840163001567 0
1708 0.8227199968732271 -0.4790921590177454 0
1709 0.7425265599677395 -0.5069730168581552 0
1710 0.5458069067604346 -0.7789850983381408 0
1711 0.678029834457652 -0.6509503380292837 0
1712 0.6402526522877529 -0.6875328988565397 0
1713 0.8142537508449684 -0.378598988591357 0
1714 0.2566465316569925 -0.923112689509741 0
1715 0.8558115480613312 -0.3972011666970955 0
1716 0.8648180142570318 -0.3930026674941084 0
1717 0.8639512025453033 -0.4029021620522054 0
1718 0.8729582719273474 -0.3987031507117106 0
1719 0.8738243630704928 -0.388803757631467 0
1720 0.8720913565155494 -0.4086035712443805 0
1721 0.8819655263004765 -0.3945037232250212 0
1722 0.882831788906743 -0.3846038810812975 0
1723 0.8909732441101467 -0.3903043552097989 0
1724 0.8918399927694268 -0.3804037565046818 0
1725 0.8836982458555709 -0.3747037250581405 0
1726 0.8927066485497538 -0.3705031425961031 0
1727 0.8674146952373181 -0.3633092360830808 0
1728 0.4339681372046942 -0.7741866077992839 0
1729 0.4252110268799001 -0.7675732140468984 0
1730 0.4248316770257489 -0.7781812274611322 0
1731 0.416786974052997 -0.7726057753242318 0
1732 0.4159000207382907 -0.7824815062800832 0
1733 0.4077778285617638 -0.7767974009216508 0
1734 0.5248753483463651 -0.7222294152572882 0
1735 0.5158791970440448 -0.7264556518198342 0
1736 0.5078423777624915 -0.7209663408043259 0
1737 0.5068896938240419 -0.7306894798978507 0
1738 0.4987548118660728 -0.7249945598241303 0
1739 0.7882317538492588 -0.3810922595176814 0
1740 0.4069048415878296 -0.7866922286608685 0
1741 0.3987865050617272 -0.7810241984411267 0
1742 0.3979024725449716 -0.7908947698200506 0
1743 0.3897821453148815 -0.7852236599813376 0
1744 0.4818678400268156 -0.8182507884126617 0
1745 0.1674267047413024 -0.9551634926790106 0
1746 0.8630843426347306 -0.412801475834093 0
1747 0.3888964851800039 -0.7950908324747658 0
1748 0.5277909784193633 -0.7873724477935988 0
1749 0.871224400865088 -0.4185039991450517 0
1750 0.05719721354677083 -0.930503541639861 0
1751 0.1249912876935534 -0.9464350262106495 0
1752 0.3827492894623026 -0.8644008414660449 0
1753 0.3647277977476165 -0.8727918807384827 0
1754 0.3467061201381145 -0.8811822626437937 0
1755 0.3286843718991282 -0.8895727506962825 0
1756 0.5737087059809182 -0.7564979881047946 0
1757 0.5908356922538216 -0.7580237937743768 0
1758 0.5989734299691722 -0.7637387775923898 0
1759 0.5899644254819921 -0.7679246739898056 0
1760 0.5981022891875045 -0.7736402197663699 0
1761 0.09881850462354314 -0.9491506637767744 0
1762 0.2746276783298989 -0.9147310651974571 0
1763 0.04088154877064569 -0.9190844065942142 0
1764 0.4807102658227228 -0.7333502237365694 0
1765 0.03222281886597073 -0.92332482920606 0
1766 0.7990850237507665 -0.3577133094573212 0
1767 0.8491791740422676 -0.2770501394081106 0
1768 0.9639286724028204 -0.1499162843593304 0
1769 0.9650779799562015 -0.1409107728474052 0
1770 0.4633440983610762 -0.7417787315188706 0
1771 0.1846476194682048 -0.95656715465339 0
1772 0.3807894388928317 -0.7894484525388896 0
1773 0.7887197443868007 -0.5708271599774714 0
1774 0.915085160199548 -0.0640758540488765 0
1775 0.809207583959586 -0.3331236724183509 0
1776 0.7074915294781643 -0.5141590571274177 0
1777 0.3444303967414163 -0.911050949290471 0
1778 0.8332333237335567 -0.2657806287654398 0
1779 0.8321134150538068 -0.2755677637378139 0
1780 0.9603429565884621 -0.1777549658579853 0
1781 0.8528866067850982 -0.1848594583512093 0
1782 0.8972705981228659 -0.02927837744867791 0
1783 0.8802324356813367 -0.4143051378314306 0
1784 0.5371993485010713 -0.6885793030621377 0
1785 0.8584533605336931 -0.1208487634621391 0
1786 0.05354369027082598 -0.875436796050735 0
1787 0.06157960561533518 -0.8809418191146575 0
1788 0.04467734567303858 -0.8687672067954236 0
1789 0.02570108333303262 -0.898301714759058 0
1790 0.3079278403757619 -0.9276585957380841 0
1791 0.9365169792762486 -0.04508735104155298 0
1792 0.2312216252987221 -0.8420558604316334 0
1793 0.6778866247125466 -0.5564913344067142 0
1794 0.6780628318775631 -0.5457200651150813 0
1795 0.9682394189055564 -0.04843085097013452 0
1796 0.8793652746733249 -0.4242065720394417 0
1797 0.7014191099822408 -0.6776380966930853 0
1798 0.5924083547866185 -0.6435221220512899 0
1799 0.875750455204055 -0.2011518828818616 0
1800 0.6965343874224635 -0.5283478058285225 0
1801 0.9353972772668178 -0.2745159290000075 0
1802 0.9364411649884989 -0.2653663090234568 0
1803 0.8379863231868463 -0.500062469722778 0
1804 0.5890264454774363 -0.7776877446921222 0
1805 0.194323499892974 -0.8478227849935963 0
1806 0.7401944092918 -0.631411921009561 0
1807 0.29966568979131 -0.817051531050939 0
1808 0.7556144539862868 -0.44355349356048 0
1809 0.9072164401826253 -0.09916847499458689 0
1810 0.8772424483606551 -0.1815214629935265 0
1811 0.3261831088064813 -0.919110838898858 0
1812 0.9742552845274075 -0.06246673174137685 0
1813 0.9675829127546215 -0.1153182266876964 0
1814 0.966734742825303 -0.1238783102992446 0
1815 0.2456837163489775 -0.9466513878489 0
1816 0.8901002432692439 -0.400191161580403 0
1817 0.8694868418191423 -0.4383009379767865 0
1818 0.8686188870183651 -0.448201584997779 0
1819 0.9423835650390261 -0.2503925104368029 0
1820 0.9006460101296465 -0.3760762810814962 0
1821 0.9016802728716519 -0.3662818276976137 0
1822 0.8935677745840565 -0.3605989103840584 0
1823 0.9025799514989087 -0.3564026240815536 0
1824 0.8743574547954636 -0.2108691669174835 0
1825 0.9346252144706867 -0.1364351284424374 0
1826 0.9444851124129442 -0.2708185017628411 0
1827 0.4360680090350509 -0.7559609005078383 0
1828 0.8503482165247114 -0.2035947285159457 0
1829 0.8491203544203368 -0.21281761228143 0
1830 0.6301077100605288 -0.6078324551918807 0
1831 0.9342791125461187 -0.0714526588269912 0
1832 0.9025034402640115 -0.1051719347425622 0
1833 0.8244695335566888 -0.2690073876809266 0
1834 0.7688569534773598 -0.598802369726522 0
1835 0.8464610842461349 -0.3066314163506078 0
1836 0.8473293074075763 -0.2967491102060759 0
1837 0.7163882431115065 -0.5097166846497558 0
1838 0.7071240841536514 -0.5035335078211235 0
1839 0.8456010823531985 -0.3165263017466769 0
1840 0.7335227353165337 -0.5111732203774147 0
1841 0.5925792060635415 -0.7382223707823591 0
1842 0.351944699985769 -0.8217712895791731 0
1843 0.166213076906291 -0.8701525334910671 0
1844 0.1670812876365909 -0.8602503697149515 0
1845 0.3248989613084883 -0.834348421221331 0
1846 0.6768871854427381 -0.5661099676453712 0
1847 0.7756607944418821 -0.4250939318325047 0
1848 0.9094463497444477 -0.3725610453881892 0
1849 0.8357228582798394 -0.330617940222992 0
1850 0.2978992395010811 -0.846937518085368 0
1851 0.7416536209942676 -0.5168683420112826 0
1852 0.1825419206183591 -0.8816676562482699 0
1853 0.58068387002622 -0.6773197061157431 0
1854 0.8430022030948964 -0.3462120336186413 0
1855 0.6085744528189316 -0.6548183496616197 0
1856 0.1653775380935948 -0.8801268681348224 0
1857 0.5240121844613196 -0.7321602947516308 0
1858 0.1555103387026985 -0.8942509965151169 0
1859 0.4240301716133417 -0.788183656847144 0
1860 0.4510695555865485 -0.7756316435583802 0
1861 0.6951769920805004 -0.6524616674594033 0
1862 0.1906793160374244 -0.8873722021900573 0
1863 0.8665491058106892 -0.3732063273914599 0
1864 0.6969181853934165 -0.632658298180649 0
1865 0.8450715367445332 -0.421197741360062 0
1866 0.2755029276171152 -0.9048313467181009 0
1867 0.7515341155889846 -0.5027797221227579 0
1868 0.2133447320103985 -0.9242880018079684 0
1869 0.178178579269288 -0.9311663320270565 0
1870 0.1348745383162648 -0.9323392262730992 0
1871 0.2124721126403052 -0.9341889573191837 0
1872 0.2206104392240644 -0.9398950948469711 0
1873 0.7832099474622398 -0.5354886453359419 0
1874 0.8944354313844616 -0.3507036582649657 0
1875 0.9034278287988681 -0.3465010910114699 0
1876 0.1203430108851603 -0.9011240672969471 0
1877 0.1122038908869679 -0.8954144383859669 0
1878 0.1031918316930144 -0.899608472294539 0
1879 0.104064981492412 -0.8897056625098869 0
1880 0.09503653007424175 -0.8939027883295988 0
1881 0.09590981464006221 -0.8839966734844662 0
1882 0.1049359425778223 -0.8798029343617456 0
1883 0.09679707434386971 -0.8740944152316793 0
1884 0.08778772925703907 -0.8782874925052401 0
1885 0.1058112744505108 -0.8699014074220253 0
1886 0.1139514687272896 -0.875610726601926 0
1887 0.5358723356163013 -0.7929559927005388 0
1888 0.5348024422474019 -0.8026836523347216 0
1889 0.659141404709672 -0.6692418471536717 0
1890 0.7428302769987514 -0.6017793223001571 0
1891 0.7346909329716825 -0.5960746782777251 0
1892 0.8317284215093692 -0.4748935099382762 0
1893 0.8235874070098519 -0.4691920250315872 0
1894 0.7823401685996249 -0.5453895321818667 0
1895 0.6213628729506763 -0.7058240740144353 0
1896 0.7896103521555695 -0.5609799539643373 0
1897 0.7977822715342104 -0.5667435783733784 0
1898 0.8987005801248082 -0.3012652534256282 0
1899 0.9068289868713668 -0.3069554631396519 0
1900 0.915820134774773 -0.3027593086419917 0
1901 0.9149597820516503 -0.3126491395359468 0
1902 0.9059681126446956 -0.3168433276756428 0
1903 0.9140978366750723 -0.3225421787269317 0
1904 0.9051019216784035 -0.3267369437864741 0
1905 0.9132351325768114 -0.3324377537580083 0
1906 0.9239573488813974 -0.3084502530323974 0
1907 0.9144007099550464 -0.02293175867031702 0
1908 0.2647779838015794 -0.9288172154324439 0
1909 0.8662528477994551 -0.2785183454954209 0
1910 0.9767935258167115 -0.04464703466558573 0
1911 0.7680291465280973 -0.6089502256517859 0
1912 0.759096101030841 -0.6131801392979928 0
1913 0.3283550873582535 -0.804033216861467 0
1914 0.9724933307268168 -0.1464268501614994 0
1915 0.1401666786856143 -0.9672658083730854 0
1916 0.8280755115912906 -0.5144654192325051 0
1917 0.9331635209961722 -0.1450906811247018 0
1918 0.9578303353895155 -0.1968158407074002 0
1919 0.7674803569993975 -0.4193897289149268 0
1920 0.7592906787758419 -0.4239967490686852 0
1921 0.8549467109538192 -0.1553431103520945 0
1922 0.5062838657374704 -0.8353684292501742 0
1923 0.8413215475144467 -0.2081548702760509 0
1924 0.6636496935258047 -0.7142613866229908 0
1925 0.9621434295589786 -0.02472496875877818 0
1926 0.1328683281537345 -0.8568980040685774 0
1927 0.8584735730110971 -0.4622784321936989 0
1928 0.2638133956289158 -0.9385084101841783 0
1929 0.9815895438358521 -0.06775557734447787 0
1930 0.8855395006889741 -0.0599518888960771 0
1931 0.8768700147300127 -0.06408670339199589 0
1932 0.1146450664357541 -0.8659722783107719 0
1933 0.1068039227974967 -0.8602150238888493 0
1934 0.5700551039906221 -0.7957428383734847 0
1935 0.8704582974075158 -0.04994979192544757 0
1936 0.8717251702719824 -0.03961415309355089 0
1937 0.06253322868054348 -0.8712029948577593 0
1938 0.07059871277587397 -0.8767427372543951 0
1939 0.07210276740529925 -0.867922381362266 0
1940 0.8903363072757401 -0.02365706531499099 0
1941 0.8808278088193415 -0.02628160557571727 0
1942 0.3545547098129581 -0.7920787671949695 0
1943 0.9286586142427548 -0.03404948475215941 0
1944 0.9300936523803831 -0.02481371951602781 0
1945 0.8989807146141937 -0.3955984716277392 0
1946 0.9516655295821771 -0.2449791305416552 0
1947 0.7489938931496681 -0.6270517822635955 0
1948 0.9222376800797952 -0.3282372098762946 0
1949 0.4088295768460558 -0.7678561481632397 0
1950 0.1851603310597389 -0.8519741366717172 0
1951 0.9551763009543992 -0.216131362126616 0
1952 0.9116224440372662 -0.3517279285008238 0
1953 0.8634795536521851 -0.2239924078207204 0
1954 0.8546225955458515 -0.2271321764792209 0
1955 0.1140096562097479 -0.96997058876683 0
1956 0.1060445394211643 -0.9646704708259872 0
1957 0.1048561506872285 -0.974248242687572 0
1958 0.8567154165273065 -0.4721933069586425 0
1959 0.8487400126315049 -0.4763966138200415 0
1960 0.970258319358524 -0.01851845128366505 0
1961 0.9787324659682931 -0.02555671955314661 0
1962 0.08826003416089162 -0.9727536691911098 0
1963 0.07924493324949757 -0.9788858331102709 0
1964 0.07092656751184356 -0.971921085273747 0
1965 0.08895428755837953 -0.868997165359658 0
1966 0.8828782883931965 -0.2067871679400588 0
1967 0.05282526477202913 -0.9801138016013043 0
1968 0.6707135061349178 -0.5611609435734219 0
1969 0.947227309683664 -0.09972427409216662 0
1970 0.8360486582363162 -0.2560948090243325 0
1971 0.5248253919120021 -0.8271857976376324 0
1972 0.719299615518382 -0.6694317739676883 0
1973 0.4986152979272065 -0.716224040889049 0
1974 0.4911031686470128 -0.7203827222733798 0
1975 0.3816298393232606 -0.7794839711580008 0
1976 0.8555716150769579 -0.1467165414286093 0
1977 0.5790250964628348 -0.7921434702065255 0
1978 0.5852624772281125 -0.6481401743560741 0
1979 0.8986531564334512 -0.09631356766165672 0
1980 0.1585594131966739 -0.8539965969171559 0
1981 0.1677648493973269 -0.8506327382113219 0
1982 0.7666663133567831 -0.6194044164473812 0
1983 0.9279055140736387 -0.06602706794168244 0
1984 0.9279732431754597 -0.05725816308561391 0
1985 0.01917747777715374 -0.9674730879406948 0
1986 0.5562700092767242 -0.6719267940662275 0
1987 0.5632789975880553 -0.6672711686781977 0
1988 0.2014944721896716 -0.9582404108797247 0
1989 0.2104954084828887 -0.9535736760739925 0
1990 0.779860152606722 -0.375998504572124 0
1991 0.7383431778396894 -0.4608034673412222 0
1992 0.7406005619112523 -0.4515167677619925 0
1993 0.8264101453129165 -0.5242400894321404 0
1994 0.9751673203249387 -0.1203967369509855 0
1995 0.8988526451185277 -0.01850676041295366 0
1996 0.9336615976210858 -0.2515880585222571 0
1997 0.9261653134107504 -0.2472881339591432 0
1998 0.3635613291524272 -0.7878846304544715 0
1999 0.6292252584408634 -0.596989688045622 0
2000 0.6397309713705338 -0.592994456293676 0
2001 0.8883743554608229 -0.420006833922115 0
2002 0.8418668999164258 -0.2179619197799856 0
2003 0.8928879680301879 -0.1045689860667663 0
2004 0.8911756394803084 -0.09655643543610194 0
2005 0.631869950168631 -0.5867447670996933 0
2006 0.1666913335227126 -0.9643215939573753 0
2007 0.8873515201874232 -0.4296794553491854 0
2008 0.121782640298773 -0.976634584047781 0
2009 0.9050872808643643 -0.1119572478625783 0
2010 0.9462231496807593 -0.2606147961398544 0
2011 0.5345032815542164 -0.8222759872643216 0
2012 0.01985591828047384 -0.9570889118376932 0
2013 0.8229087410126824 -0.2798237322209483 0
2014 0.5963980290337779 -0.7836070104834738 0
2015 0.6071857385373987 -0.7696811731495656 0
2016 0.2906546615713488 -0.9376337156130796 0
2017 0.2807264913476221 -0.9406670570025563 0
2018 0.1575641786844165 -0.9698815821350996 0
2019 0.6358453813194328 -0.7483166922293611 0
2020 0.6450660210600285 -0.7419391638372029 0
2021 0.57836306510652 -0.8018093857165881 0
2022 0.9368940400488841 -0.08022154591556376 0
2023 0.9446344519296281 -0.08286431080689584 0
2024 0.203375822590794 -0.8425605508516554 0
2025 0.7797032299509375 -0.3861055864404604 0
2026 0.7718574097003512 -0.3924333235628229 0
2027 0.7797531926393027 -0.3967432981971071 0
2028 0.7720888881419686 -0.4008932788918951 0
2029 0.764113971189079 -0.398030819021704 0
2030 0.04445213697887658 -0.984239655663659 0
2031 0.8111914079117213 -0.3139792835967942 0
2032 0.8120849942934905 -0.3040638690604358 0
2033 0.8025319516353737 -0.3199076009125831 0
2034 0.2368868504199696 -0.9513078638073302 0
2035 0.8622275210362148 -0.09146483652537893 0
2036 0.86328294676809 -0.08181656003319895 0
2037 0.8708501814134939 -0.0877464409156383 0
2038 0.8719028714507924 -0.07861793770270056 0
2039 0.8787382501793372 -0.08401049898567177 0
2040 0.8646254761452483 -0.07311918240229082 0
2041 0.8800886700493085 -0.07424321865869969 0
2042 0.8777703380397046 -0.09373789007465312 0
2043 0.7663550169452169 -0.4084789323908485 0
2044 0.1596220430374785 -0.8439021637608941 0
2045 0.1492894861888944 -0.8585355941730404 0
2046 0.5445419773704798 -0.827474517212559 0
2047 0.5444206462245982 -0.8160634343032441 0
2048 0.5539185967234853 -0.8127723792052125 0
2049 0.5474799056784011 -0.8078406363649382 0
2050 0.7809861071388419 -0.3666825125577707 0
2051 0.9461006608520652 -0.1084109784379508 0
2052 0.01862323792034152 -0.8578083650383246 0
2053 0.0235298150608554 -0.8665944002698194 0
2054 0.03393395101083806 -0.8668678326899464 0
2055 0.03908639773779696 -0.8583408336621494 0
2056 0.04924836196636587 -0.8584827912011402 0
2057 0.884042443602417 -0.1085609270207226 0
2058 0.5268540708475358 -0.8376902753408897 0
2059 0.5168924040528297 -0.8337559311899683 0
2060 0.8570196187551183 -0.04526286161314598 0
2061 0.193971473322848 -0.8381123194845476 0
2062 0.2142336426032421 -0.8399215891416351 0
2063 0.2174203834184555 -0.830985437942536 0
2064 0.2272614653513657 -0.8275230609755519 0
2065 0.02865796990883971 -0.875250839684836 0
2066 0.7279668046896621 -0.6656829310746644 0
2067 0.8555685477788648 -0.07586113888002279 0
2068 0.8578134381454974 -0.06563431535550746 0
2069 0.8645455567864959 -0.0577334546221438 0
2070 0.8493798741585505 -0.1248768559088023 0
2071 0.8577206639384658 -0.1301009432016242 0
2072 0.8665520052457174 -0.1255130260216843 0
2073 0.01664773024819624 -0.9016102103592761 0
2074 0.01570916080672651 -0.9115148094058833 0
2075 0.8695398709846357 -0.09727401954372235 0
2076 0.9124487511239121 -0.1376098243562197 0
2077 0.9130203565449773 -0.1288574581106996 0
2078 0.9059620889918925 -0.1243250750047297 0
2079 0.920216991332242 -0.1338971350428147 0
2080 0.9212214492942582 -0.1241591761751691 0
2081 0.8470234161656157 -0.1499008391510848 0
2082 0.01855638983171902 -0.8754185766350211 0
2083 0.023447572188362 -0.8836536771231126 0
2084 0.01383588553719711 -0.8846074878383083 0
2085 0.8405441969268185 -0.1738455978537435 0
2086 0.8500100974960867 -0.1711397959604433 0
2087 0.838020607383439 -0.1833497872194331 0
2088 0.9350390800280605 -0.008609022913609255 0
2089 0.9392162408154585 -0.018139889917595 0
2090 0.9499771991949607 -0.0160965860776539 0
2091 0.9550062535250403 -0.008215495415182366 0
2092 0.9137064192960459 -0.00859208392181696 0
2093 0.858122115159257 -0.02520127564440617 0
2094 0.8664832393570514 -0.02047022559148433 0
2095 0.8661034671289906 -0.009418228612131641 0
2096 0.87581222659348 -0.01638233025210185 0
2097 0.8663317350562366 -0.03134743587127432 0
2098 0.9806317139681409 -0.0776117227253299 0
2099 0.5354186525010649 -0.8128000864905454 0
2100 0.8507436361082692 -0.1148133902489305 0
2101 0.8950396716762189 -0.008675990488501508 0
2102 0.4726939344683297 -0.716714307803653 0
2103 0.4806935307936971 -0.7106044412849638 0
2104 0.7944608993838167 -0.3266248160836835 0
2105 0.7996039759141205 -0.3355415966375768 0
2106 0.7955363564977507 -0.3441806306713918 0
2107 0.8058635708051549 -0.3435909044117055 0
2108 0.7132600799944111 -0.4778637601560006 0
2109 0.7179427905391925 -0.4884039781658375 0
2110 0.7228000336423032 -0.4782190198543329 0
2111 0.4557658299839927 -0.7272031404425465 0
2112 0.8263357734626592 -0.2328803060852805 0
2113 0.835372087706833 -0.2309432801719336 0
2114 0.8334249701066967 -0.2398886535680253 0
2115 0.8429258567079472 -0.2379492358030472 0
2116 0.8404153850144431 -0.2469247682522148 0
2117 0.8235618853253168 -0.2421208213451328 0
2118 0.5057541632643101 -0.6936984376862682 0
2119 0.4036652884195916 -0.7572605300441519 0
2120 0.5216062154426387 -0.6815258866380921 0
2121 0.5229460400352197 -0.6914835308856236 0
2122 0.5293637328819669 -0.6752096725205383 0
2123 0.8078896225457046 -0.2898036871009331 0
2124 0.6838146708196426 -0.5191574337809565 0
2125 0.4209726138084454 -0.7479996617239557 0
2126 0.4206985345855102 -0.7580528769278971 0
2127 0.4294516829671156 -0.7426787105258426 0
2128 0.2653633612640888 -0.8162460470520433 0
2129 0.2642417281220762 -0.82544928089539 0
2130 0.2537966385434031 -0.829237072924229 0
2131 0.2748718507941026 -0.8129458160368623 0
2132 0.2830270640316549 -0.8178811457698131 0
2133 0.7446169615770892 -0.4269490685799942 0
2134 0.7494055827393786 -0.4352674788671578 0
2135 0.5448930942556528 -0.662784933631836 0
2136 0.1388985326670862 -0.8472789622580068 0
2137 0.5605134484347942 -0.6498806346665003 0
2138 0.5677824639863969 -0.6436444888971795 0
2139 0.5701669908144854 -0.6535044569474336 0
2140 0.6049408035604685 -0.6092811135348346 0
2141 0.6076515612660127 -0.61878475720285 0
2142 0.6007794930533576 -0.625046558275435 0
2143 0.6145180652311955 -0.6120556547007922 0
2144 0.09834556367347491 -0.8541584677390246 0
2145 0.07851482667044871 -0.8545661133201324 0
2146 0.672120513941449 -0.534695548663503 0
2147 0.6822353270329515 -0.5355885863941453 0
2148 0.6672389861263421 -0.5436367984268693 0
2149 0.7018696546287898 -0.4941957259867223 0
2150 0.3037126390269041 -0.8028709685317686 0
2151 0.3111703382319965 -0.8094256276270528 0
2152 0.3219211756750687 -0.796208195485721 0
2153 0.3310139007635768 -0.7924762747182107 0
2154 0.6461570514735724 -0.5653458583399638 0
2155 0.6491797816873115 -0.5747498552519581 0
2156 0.6558104599961148 -0.5675293909190182 0
2157 0.6421329116629036 -0.5827582390119562 0
2158 0.6523645100219408 -0.5840137580477337 0
2159 0.6963906959259329 -0.5023895618368402 0
2160 0.3949605590419986 -0.7626445953254504 0
2161 0.4472360684809107 -0.7324836516002488 0
2162 0.4467555935139406 -0.7419325500765083 0
2163 0.4973844726876254 -0.6992304937563817 0
2164 0.5068772466577691 -0.7028244753004704 0
2165 0.6118538962112906 -0.6023021801178383 0
2166 0.8174532332003022 -0.2617111603268774 0
2167 0.5831128745444771 -0.6299414226514811 0
2168 0.6523991642921644 -0.5580921115284385 0
2169 0.7509143065150328 -0.4187647986841718 0
2170 0.7186503928286077 -0.469479781574815 0
2171 0.7273841185504972 -0.4701634849458313 0
2172 0.2949720069558557 -0.8073275941942991 0
2173 0.06892351166108143 -0.8548277952939314 0
2174 0.973449624880262 -0.1373425240608109 0
2175 0.8173347448664718 -0.2889715439384424 0
2176 0.8978258798452555 -0.1275542367051181 0
2177 0.7483525109933028 -0.6376587929748901 0
2178 0.5907196909633717 -0.6230314187479955 0
2179 0.5938025722208861 -0.633140101485128 0
2180 0.7856527674744274 -0.3458344351738899 0
2181 0.2463843239744695 -0.8224513796990346 0
2182 0.2445879482573604 -0.8328520592820462 0
2183 0.7296322250610798 -0.6554835047301593 0
2184 0.7386056881293452 -0.65064415021079 0
2185 0.9750088114740412 -0.008655166730905824 0
2186 0.5470783944531216 -0.6729474702893488 0
2187 0.4725242944777301 -0.7270864942571058 0
2188 0.3798809456667241 -0.7992935199028628 0
2189 0.9223206835658795 -0.3380683288029292 0
2190 0.9859526026908966 -0.1034211589884738 0
2191 0.9769750328472027 -0.1059035116448812 0
2192 0.9871392683934759 -0.09353527949733856 0
2193 0.9795960198973146 -0.08719333346732952 0
2194 0.06166045442962703 -0.9754766366551159 0
2195 0.8554684902232721 -0.3024463324615603 0
2196 0.371761350003246 -0.7936554171514358 0
2197 0.37898340735111 -0.8091859769938045 0
2198 0.01843796195954918 -0.9771087075003899 0
2199 0.02671432145264184 -0.9825264348249455 0
2200 0.009483285528572419 -0.9644415797589829 0
2201 0.01532071532396903 -0.9483925939998896 0
2202 0.2845057880243753 -0.90064550114782 0
2203 0.8563355410553288 -0.2925585686999188 0
2204 0.8787248563666866 -0.2350059023902187 0
2205 0.879632771778749 -0.2252708084312908 0
2206 0.06970595197446976 -0.8866084250029589 0
2207 0.9298166457927995 -0.2175115056109256 0
2208 0.9214470621105006 -0.2223319298193882 0
2209 0.886786261065127 -0.2406354408067435 0
2210 0.07973513220039204 -0.8727581407876204 0
2211 0.9276575302822311 -0.2371926343095475 0
2212 0.7899797879639131 -0.3619199805477988 0
2213 0.976660667359186 -0.1715042569537712 0
2214 0.9693298088170519 -0.165258597680876 0
2215 0.9751868748338752 -0.1808873795118796 0
2216 0.4978668387144528 -0.7348663566140391 0
2217 0.9102358750361084 -0.2674760809891105 0
2218 0.9109823164680672 -0.2577431576059781 0
2219 0.7172660190349707 -0.4995718694531495 0
2220 0.07874550709140267 -0.8824829714303349 0
2221 0.08687075738859121 -0.8881845969640698 0
2222 0.08600814467186754 -0.8980788673883957 0
2223 0.7326470906854283 -0.5210659851591422 0
2224 0.7449403849175599 -0.4431809801373355 0
2225 0.1759130572188068 -0.8564384476276891 0
2226 0.05457078483885101 -0.9602695451319103 0
2227 0.2798848585064236 -0.85532654898881 0
2228 0.4897174348116937 -0.7291561261133944 0
2229 0.3970272915920139 -0.8007903191037531 0
2230 0.8780883540197438 -0.1719701519883105 0
2231 0.4969877651408129 -0.7447565622143842 0
2232 0.09969605617621209 -0.9392394396744091 0
2233 0.1078426860891472 -0.9449391706892472 0
2234 0.8952775846050776 -0.3408091895886647 0
2235 0.9012772967602395 -0.2716413103924268 0
2236 0.2618732197600087 -0.8637193724941038 0
2237 0.2528622700169105 -0.867910181136517 0
2238 0.1743903185747744 -0.8759406819089338 0
2239 0.7764042502294541 -0.4155444979852293 0
2240 0.7846696798759556 -0.4210582611321761 0
2241 0.792774533306012 -0.4266227505707907 0
2242 0.6017083871501068 -0.6397666704199327 0
2243 0.6665120666971033 -0.5697495620909611 0
2244 0.6759300909217005 -0.5759376859857923 0
2245 0.6841249169029779 -0.581651482971531 0
2246 0.03579688198396812 -0.9787638082454677 0
2247 0.09154809709034706 -0.9335298076423847 0
2248 0.8854254100582517 -0.3549064531305068 0
2249 0.008008738675243886 -0.9349585162319447 0
2250 0.01579761996228422 -0.9308621747558723 0
2251 0.9338484694835706 -0.1885450479535056 0
2252 0.9247948438389483 -0.1921007843193772 0
2253 0.92346961813268 -0.2027053109860562 0
2254 0.9312593650975576 -0.2079796872233212 0
2255 0.696047857761118 -0.6425590670215485 0
2256 0.6095266200924905 -0.6450540144852321 0
2257 0.6292765846950492 -0.6171877909452186 0
2258 0.7963938387664081 -0.3867713300421716 0
2259 0.8393257725072647 -0.2910689223597033 0
2260 0.1130764630691868 -0.8855113404142979 0
2261 0.1220906068589095 -0.881322404387897 0
2262 0.5519101597932722 -0.7096860846157107 0
2263 0.5798069641560333 -0.6872055108376796 0
2264 0.8845617173699709 -0.3648052305755266 0
2265 0.09792136025860665 -0.8647665484089313 0
2266 0.6561469167197159 -0.6039597033343097 0
2267 0.8212570077716044 -0.2986376934415097 0
2268 0.4690955935402664 -0.7672389994367796 0
2269 0.572402975449408 -0.6719394594841988 0
2270 0.1735263554979923 -0.8858532456978931 0
2271 0.8755546267474514 -0.369007129561387 0
2272 0.8348405911703122 -0.340516321183059 0
2273 0.8438663880184629 -0.3363137767255028 0
2274 0.8447340744083421 -0.3264212389186801 0
2275 0.8537410376917689 -0.3222281060008146 0
2276 0.8546045207439805 -0.3123366067757121 0
2277 0.1816681586407229 -0.8915654796087599 0
2278 0.07263009587710557 -0.9518482414878501 0
2279 0.8215218449902637 -0.394196659048227 0
2280 0.6373533296956841 -0.6225091696929652 0
2281 0.8339798928069346 -0.3504124528877624 0
2282 0.6167115039966793 -0.6605217772037025 0
2283 0.6643519382481984 -0.6098141773320878 0
2284 0.7245115961377279 -0.5153758020038126 0
2285 0.7317773631301225 -0.5309680016064992 0
2286 0.7227669352950237 -0.5351681817349188 0
2287 0.5459171797273444 -0.6840109482316876 0
2288 0.7253929181506603 -0.5054523305313277 0
2289 0.6015879231989006 -0.7340344849112324 0
2290 0.6024583396033873 -0.7241348472564418 0
2291 0.6114762882221341 -0.719929605011526 0
2292 0.4728563184164353 -0.8224457996985531 0
2293 0.4647174706925741 -0.8167404926734804 0
2294 0.4557084725696963 -0.8209347454782213 0
2295 0.454835635433738 -0.830836539965394 0
2296 0.4458243696883157 -0.8350345143954689 0
2297 0.437687168419449 -0.829326844962016 0
2298 0.4286766036064416 -0.8335217488480788 0
2299 0.373739058696022 -0.8685964562118633 0
2300 0.3656104554155051 -0.862885345442316 0
2301 0.3557176596837315 -0.8769872789662936 0
2302 0.3475902893579744 -0.8712754163216913 0
2303 0.6536160197859002 -0.6338392157677462 0
2304 0.471952240996154 -0.7374072201731583 0
2305 0.3376956355137076 -0.8853768827486169 0
2306 0.3295547154866245 -0.8796724229251804 0
2307 0.3196740936175571 -0.8937686651336142 0
2308 0.3115327789481849 -0.8880632372654351 0
2309 0.3025302009176442 -0.8922531758166699 0
2310 0.6988236845607694 -0.5182168426480878 0
2311 0.6966924656929981 -0.538616948306493 0
2312 0.6347278772835749 -0.6521306231389935 0
2313 0.6158400757122987 -0.670421284217408 0
2314 0.5811452705462808 -0.6564841509298783 0
2315 0.7300336181214331 -0.5507701510239873 0
2316 0.5420297971060767 -0.7237794395424212 0
2317 0.6913902032487695 -0.5972558153007863 0
2318 0.790160231286809 -0.456287321966027 0
2319 0.4278022254142583 -0.8434228102188647 0
2320 0.4187827284591494 -0.8476438501437302 0
2321 0.4106567942542313 -0.8419149770148331 0
2322 0.4016459440795234 -0.8461067476353248 0
2323 0.4007690169738064 -0.8560125424882365 0
2324 0.3917590977712301 -0.860204352230475 0
2325 0.3836304272429129 -0.8544948058901716 0
2326 0.5231391660721442 -0.7420696135364921 0
2327 0.2249701629017781 -0.8903932937184781 0
2328 0.2339798470706382 -0.8861983882834453 0
2329 0.2348493290206881 -0.8762987596657372 0
2330 0.7111465964661486 -0.5690628620710201 0
2331 0.4501957567099586 -0.7855278388672986 0
2332 0.2926423455107865 -0.9063545387551014 0
2333 0.3016544061935396 -0.9021588138856809 0
2334 0.4908854676442748 -0.8140655880122305 0
2335 0.4827392086162803 -0.8083493605851678 0
2336 0.4998976741455739 -0.8098718581248662 0
2337 0.4231685517836656 -0.79811190929164 0
2338 0.3871336152295181 -0.814889632167454 0
2339 0.7559326445837069 -0.4538369041658748 0
2340 0.360107265834624 -0.8274737637552733 0
2341 0.3330685153627623 -0.8400569609696481 0
2342 0.7910290385077798 -0.4463884020520277 0
2343 0.8000362124414734 -0.4421895938707928 0
2344 0.7918992345644674 -0.4364948087491802 0
2345 0.2103080062648681 -0.8593748621001016 0
2346 0.3060540459760596 -0.8526410758103314 0
2347 0.5969521689573105 -0.688710838948462 0
2348 0.5879435319811294 -0.6929068496278707 0
2349 0.5690545481771325 -0.7111959855755612 0
2350 0.8017765769361802 -0.4224010419533417 0
2351 0.4862319166773869 -0.7687488885727713 0
2352 0.18424581089401 -0.8619168454330369 0
2353 0.6480920686977559 -0.5984373741409958 0
2354 0.6196123462728217 -0.7256378808244144 0
2355 0.7596658495344446 -0.508477382207963 0
2356 0.8206538860755432 -0.4040955299509537 0
2357 0.8133843835954466 -0.3884962803436219 0
2358 0.7794165438430605 -0.4802838905109197 0
2359 0.7704093372540128 -0.48448119265971 0
2360 0.7695407903005469 -0.4943807726407003 0
2361 0.7021392087741327 -0.5732594687041977 0
2362 0.7012684693244692 -0.5831585152454937 0
2363 0.6931322300436202 -0.5774556139577844 0
2364 0.6454805388405144 -0.6281486725975156 0
2365 0.1546386106124777 -0.9041503784101794 0
2366 0.1636479735512258 -0.8999561016537881 0
2367 0.6725009905987522 -0.6155426079033794 0
2368 0.7634579894969877 -0.5636808646620788 0
2369 0.8029659451414758 -0.5072912847076718 0
2370 0.8137112833136746 -0.4832914720532157 0
2371 0.2485119679521256 -0.9174080454706788 0
2372 0.7712781316120291 -0.4745816753645665 0
2373 0.131333804870204 -0.9714967701364979 0
2374 0.7445705644928623 -0.5819763138426659 0
2375 0.8752278202811677 -0.2743375667357421 0
2376 0.7930881741745522 -0.5213900187261702 0
2377 0.1645169763161587 -0.8900501569558481 0
2378 0.6265942741542743 -0.6464327301459984 0
2379 0.5007634775828529 -0.7999605313009959 0
2380 0.5888160791284796 -0.6830104785254834 0
2381 0.6573960754149833 -0.6890470019381052 0
2382 0.7614074338737085 -0.4886778200646104 0
2383 0.7497877450854706 -0.522574240654323 0
2384 0.5196524649906726 -0.7816678111449011 0
2385 0.2258409964107614 -0.8804939373272088 0
2386 0.5655698166893568 -0.7507934600548176 0
2387 0.546678495815334 -0.7690850145572909 0
2388 0.7509686433638223 -0.6074811035292245 0
2389 0.8099123836291253 -0.4280933433240057 0
2390 0.7248144700592201 -0.6101692317882671 0
2391 0.8084995159308833 -0.5426997733175384 0
2392 0.8172905046280965 -0.5384823951835198 0
2393 0.8079223029637222 -0.5529563169190473 0
2394 0.7651952659838419 -0.5438811210315382 0
2395 0.8334620821133167 -0.4550957666187447 0
2396 0.5600463652673846 -0.7153908892777325 0
2397 0.726553042359445 -0.5903693971451565 0
2398 0.8313958802002448 -0.3801007218007191 0
2399 0.5716470571059638 -0.6815593518595036 0
2400 0.6821562113939563 -0.6962207125249302 0
2401 0.6920578438818774 -0.6934644524769101 0
2402 0.6818112862298215 -0.7061691844417329 0
2403 0.1682981298936092 -0.9452619923699097 0
2404 0.6077027707413536 -0.6647177692626567 0
2405 0.6449365424706666 -0.732430778956904 0
2406 0.6537183677448601 -0.7282083404958706 0
2407 0.214217057767366 -0.9143876366989986 0
2408 0.8365986786108648 -0.3207232131094606 0
2409 0.2357254029501523 -0.8664008121528718 0
2410 0.1790509153479817 -0.92126629952567 0
2411 0.6175997953133228 -0.6506521393260315 0
2412 0.7837800154869869 -0.4308248220463869 0
2413 0.11772503768512 -0.9308335990917871 0
2414 0.782022286259049 -0.4505866240878982 0
2415 0.7622769058833969 -0.4787792527911225 0
2416 0.06068757341681636 -0.8908263161549766 0
2417 0.8532128862041952 -0.4268978319183071 0
2418 0.2610032670525133 -0.873614393825161 0
2419 0.8009070824560817 -0.4322987653016857 0
2420 0.7364316484417569 -0.5762723866732643 0
2421 0.7030108524905558 -0.5633638050292171 0
2422 0.7103441334523516 -0.6732944678483663 0
2423 0.6977882942129733 -0.622758482476838 0
2424 0.6789006312687811 -0.6410505818782268 0
2425 0.4772247673491293 -0.772943472933303 0
2426 0.6849933836485306 -0.5717612647470173 0
2427 0.8232588602013921 -0.3744012855112527 0
2428 0.6600125860417457 -0.6593420837881032 0
2429 0.6925982706760323 -0.682344984482612 0
2430 0.6411244914652641 -0.6776332870661859 0
2431 0.8166404700546916 -0.5484038011972353 0
2432 0.8265403213482989 -0.544223080805371 0
2433 0.807294660926219 -0.5628696248300948 0
2434 0.6222356226631393 -0.6959240393372408 0
2435 0.6260051307420048 -0.7511520467549361 0
2436 0.6251341038273999 -0.761054221429758 0
2437 0.6547243384978576 -0.7186329134903816 0
2438 0.1988153309958324 -0.8930775202695902 0
2439 0.1236588790484284 -0.862221282676938 0
2440 0.7948264715277188 -0.5015882161662203 0
2441 0.4971835979673936 -0.8393693160683851 0
2442 0.6080991584747029 -0.7598047787489446 0
2443 0.1563735279357179 -0.8843327713390347 0
2444 0.5385414338986272 -0.7633791981769839 0
2445 0.7166752459952823 -0.6044656583206973 0
2446 0.5574312260491318 -0.7450894843503106 0
2447 0.5609181360809127 -0.7054914279277756 0
2448 0.7553182497441522 -0.5579783191108915 0
2449 0.4702397762551341 -0.8521505737302679 0
2450 0.4782506622010564 -0.8580346676396409 0
2451 0.4870029569791364 -0.8537453409535783 0
2452 0.4689049919832887 -0.8623605674678616 0
2453 0.4680687145633159 -0.8728080084591088 0
2454 0.4594789953676684 -0.8779713121739463 0
2455 0.4512278804458859 -0.8725836065325354 0
2456 0.442552341282148 -0.8775614153777287 0
2457 0.4430620576908854 -0.8658831493335755 0
2458 0.4926248405791038 -0.7942534484176199 0
2459 0.8253220652883876 -0.4493938346755336 0
2460 0.5115145985259444 -0.775963411846458 0
2461 0.7041899002965315 -0.6482656223068045 0
2462 0.244742483600221 -0.8622218510051495 0
2463 0.4881095733796584 -0.8435834590177654 0
2464 0.8055710741000873 -0.4775899421618107 0
2465 0.4161392520395165 -0.8773289858304373 0
2466 0.4243968820206251 -0.8834259772524156 0
2467 0.4153135870638174 -0.8876943504588298 0
2468 0.4142157299746822 -0.898114297520327 0
2469 0.4329782948476025 -0.889405646603264 0
2470 0.4064776977765536 -0.8920349082748573 0
2471 0.4780972111581246 -0.7630445147986864 0
2472 0.3893536215715371 -0.8903652357755005 0
2473 0.3883682358945532 -0.9000345926845861 0
2474 0.3793207695968754 -0.9041757025326377 0
2475 0.3878262282957484 -0.9108530447788383 0
2476 0.3705906429346455 -0.9094813176165094 0
2477 0.3982050407531671 -0.8976537058839316 0
2478 0.7849491708081932 -0.5156861685407652 0
2479 0.8180792697661924 -0.5285645093972101 0
2480 0.3711851279491212 -0.8985992324390528 0
2481 0.361660692039816 -0.913314022840054 0
2482 0.2403741050459202 -0.9117029593994319 0
2483 0.3353548953413176 -0.9150588885147175 0
2484 0.3342056463866912 -0.9249839030095811 0
2485 0.7698375698816733 -0.5891392152303155 0
2486 0.3170552851581897 -0.9234730204346928 0
2487 0.2990332050588638 -0.9318642719301381 0
2488 0.3067857346365434 -0.9364684529018154 0
2489 0.7750715579725638 -0.5297839495253973 0
2490 0.7312164652808073 -0.6355690581947374 0
2491 0.8290696832006252 -0.5045357928621186 0
2492 0.6726371422961548 -0.710014887703566 0
2493 0.6814373866374179 -0.7169774232142068 0
2494 0.1438846111510764 -0.9281446975752006 0
2495 0.1925405299424721 -0.9628214902837904 0
2496 0.1492638372180142 -0.9633491926092133 0
2497 0.5617429934173876 -0.7996075446797883 0
2498 0.5719639218413779 -0.7762997624931083 0
2499 0.2296208659099915 -0.9356994201320762 0
2500 0.2547627028372148 -0.9426043661860969 0
2501 0.2522823407266929 -0.9517445186255067 0
2502 0.5261591373045096 -0.8071507058375023 0
2503 0.1996875696754261 -0.8831783748300684 0
2504 0.3781168744318845 -0.819084769954965 0
2505 0.8595714345256791 -0.4523971130357308 0
2506 0.7873341050494279 -0.5806736441304099 0
2507 0.7868569329660386 -0.590248308023686 0
2508 0.2052074210063602 -0.9185823815362908 0
2509 0.8360646975405734 -0.4253963933756327 0
2510 0.6050235084829819 -0.7798231654711674 0
2511 0.6162945414519876 -0.7656267250114792 0
2512 0.5429159420060199 -0.713881827864297 0
2513 0.8618771351581428 -0.3279279542590393 0
2514 0.8421326134899516 -0.3561093968361178 0
2515 0.8154466462437796 -0.4634913612554495 0
2516 0.846805457875081 -0.4013995338902683 0
2517 0.4609067819056037 -0.8567004413874073 0
2518 0.677158371932198 -0.6608517614792084 0
2519 0.658268809783247 -0.6791439637543184 0
2520 0.2790256673854656 -0.8652259079457825 0
2521 0.4072197169156012 -0.8817666949768759 0
2522 0.2708860751199379 -0.8595320015138066 0
2523 0.1700411998957292 -0.9254608719751456 0
2524 0.5338957415078383 -0.7180307208469361 0
2525 0.857544571864403 -0.3774046206998523 0
2526 0.8992508415902019 -0.3857771246199448 0
2527 0.1212161678507723 -0.8912230147794342 0
2528 0.4600883693025616 -0.7714345571879867 0
2529 0.1898058529075382 -0.8972717628321583 0
2530 0.297043681723469 -0.8568368901130335 0
2531 0.2889063908672935 -0.8511523639071945 0
2532 0.2493827235907893 -0.9075073745663134 0
2533 0.6832637718054119 -0.5915534462905614 0
2534 0.5376695203704057 -0.7732791722263488 0
2535 0.1752683657898449 -0.8660655860576004 0
2536 0.6393789906049164 -0.6974353797045328 0
2537 0.7059270610764767 -0.6284622355595775 0
2538 0.1284829057485755 -0.9068338605943354 0
2539 0.8682805089710467 -0.3534126994942016 0
2540 0.9124522928288252 -0.3619541211912933 0
2541 0.6870386547470105 -0.6467548310023614 0
2542 0.6681492241253983 -0.6650469330396498 0
2543 0.2287486832536098 -0.9456008454618956 0
2544 0.2278753793190978 -0.9555034166626932 0
2545 0.8764201289856788 -0.3591088818845776 0
2546 0.6492599882211553 -0.6833385502221159 0
2547 0.822390490312416 -0.3842987838108382 0
2548 0.129354750074434 -0.8969325824246179 0
2549 0.6922630539375226 -0.5873556264226863 0
2550 0.620488718274815 -0.7157285275332679 0
2551 0.7218932747515638 -0.5450687967210651 0
2552 0.5205235185673764 -0.7717684456636454 0
2553 0.8810980461905316 -0.4044021561139167 0
2554 0.7782230390804937 -0.5945361934007516 0
2555 0.5664395109105997 -0.7408941874792113 0
2556 0.4592071751797647 -0.7813336690060426 0
2557 0.8442047251849967 -0.4310975194245528 0
2558 0.3069271877710091 -0.8427626213542108 0
2559 0.1310989674300191 -0.8771318180095157 0
2560 0.8656838657109586 -0.3831044383502528 0
2561 0.491754238870291 -0.8041580820077829 0
2562 0.3159223364862139 -0.8385709924492534 0
2563 0.5321485092625368 -0.7378727118631243 0
2564 0.07176164752062478 -0.9618081866186599 0
2565 0.324060009173387 -0.8442550870991178 0
2566 0.7355616622948526 -0.5861732694696258 0
2567 0.2575159279237654 -0.9132118595259118 0
2568 0.7399117248206881 -0.536672691927337 0
2569 0.7939574834023896 -0.5114890829447862 0
2570 0.5051234137600922 -0.7504590357130431 0
2571 0.7643260707962711 -0.553781091570497 0
2572 0.8145792486402611 -0.473391188694929 0
2573 0.8549445937540008 -0.4071000884173057 0
2574 0.7050573685185391 -0.6383634344783684 0
2575 0.6303701494111681 -0.7016298290693924 0
2576 0.3339001459271628 -0.8301346718652456 0
2577 0.6033421625875797 -0.7142200509573604 0
2578 0.7011612250940353 -0.6873299638055343 0
2579 0.6948806698959267 -0.7019726582658932 0
2580 0.0627032109154962 -0.9659549326547456 0
2581 0.3429341379284541 -0.8259577573889448 0
2582 0.4420673766858934 -0.7798385539863271 0
2583 0.6636526215614134 -0.7241551391668617 0
2584 0.1430124746823457 -0.938044949159353 0
2585 0.5150095342342398 -0.7363588921460656 0
2586 0.351096576410322 -0.8316703258593203 0
2587 0.2043351161289243 -0.9284826845897676 0
2588 0.5943359937136363 -0.7184109848846056 0
2589 0.7523955888129701 -0.4928729385492139 0
2590 0.8052728926976119 -0.3827580663888793 0
2591 0.1340004658784994 -0.9422400241357873 0
2592 0.1691692850039542 -0.9353611240863581 0
2593 0.4746054280475629 -0.8026419197864439 0
2594 0.8385134361850586 -0.5106005990814998 0
2595 0.5745785897322285 -0.7465989462118697 0
2596 0.5934520240512333 -0.7283277959536967 0
2597 0.8896867115173099 -0.4100376158612274 0
2598 0.874690332683651 -0.3789048765123341 0
2599 0.8686993831502212 -0.4592716495564519 0
2600 0.8772299980235908 -0.4538431294352395 0
2601 0.102316729563195 -0.9095124083320539 0
2602 0.5060013681050446 -0.7405621706195198 0
2603 0.4330441790391109 -0.7840049245152032 0
2604 0.3609521889537485 -0.8175764581093499 0
2605 0.4737314507384692 -0.8125447407070725 0
2606 0.3699641204034469 -0.8133816507455467 0
2607 0.8044076018639821 -0.3926511241522201 0
2608 0.2034632900607819 -0.9383833209342869 0
2609 0.1773067298999465 -0.9410667972026466 0
2610 0.4321751924865171 -0.7939101194753111 0
2611 0.7605345274415757 -0.4985761166564449 0
2612 0.7256828897156926 -0.6002692594184655 0
2613 0.8880059791747787 -0.3252305164904062 0
2614 0.7840797839776927 -0.5255874763699573 0
2615 0.8627421313560666 -0.3180366222391827 0
2616 0.8244542544823308 -0.4592929717830472 0
2617 0.8763859207901628 -0.1913304863534388 0
2618 0.5286611971457967 -0.7774731884430844 0
2619 0.4565859439936283 -0.8110312614561401 0
2620 0.8644762303216127 -0.2982645896833727 0
2621 0.4150332899009547 -0.7923944529053373 0
2622 0.21156219000719 -0.9440198384678995 0
2623 0.02432040948353761 -0.9173094611221912 0
2624 0.243858776965787 -0.8721052728312657 0
2625 0.1764475898140731 -0.9509504038484381 0
2626 0.854077702037856 -0.4169992049785687 0
2627 0.4475767216001706 -0.8152261630383113 0
2628 0.03456026875236654 -0.8941173035615787 0
2629 0.922710157245245 -0.3183086859932151 0
2630 0.9312116025105643 -0.3155570655802593 0
2631 0.933212199046441 -0.3044957846995772 0
2632 0.7338226900358198 -0.6059737149982034 0
2633 0.4060320017743506 -0.7965951132305391 0
2634 0.8325950834530085 -0.4649948407444222 0
2635 0.0499139541467605 -0.9148730919973836 0
2636 0.7742021218106855 -0.5396846879029351 0
2637 0.7506587824151423 -0.512672102120197 0
2638 0.7407820336099867 -0.5267694440727068 0
2639 0.1757880156518547 -0.9603374769982108 0
2640 0.4051555054656711 -0.8065013324239416 0
2641 0.2519943554840803 -0.8778079134293701 0
2642 0.4467010855457052 -0.8251305413076275 0
2643 0.5330197612404395 -0.7279587644685777 0
2644 0.7419622899231648 -0.6116774326410932 0
2645 0.7733324076391899 -0.5495842307902279 0
2646 0.8407124257382614 -0.4706967970810449 0
2647 0.1258632339374842 -0.9365354212074238 0
2648 0.2196934056237686 -0.9497131369847992 0
2649 0.6861676892531803 -0.6566570877666882 0
2650 0.5367896962832781 -0.7831581324185708 0
2651 0.3880106407193999 -0.8049909935769582 0
2652 0.06622424485348824 -0.9263013904587846 0
2653 0.8398384359129764 -0.4805931864464371 0
2654 0.7500598369420877 -0.6173422850156673 0
2655 0.8622186681821224 -0.4226999870658288 0
2656 0.429557613835583 -0.8236149342137756 0
2657 0.5449350921462069 -0.7887239933617264 0
2658 0.4205491025782538 -0.8278087405901597 0
2659 0.7575702888550044 -0.6231841317894335 0
2660 0.4196676048785193 -0.8377195549956626 0
2661 0.8703592748781962 -0.4284016812823425 0
2662 0.7814727756039417 -0.5552867975927553 0
2663 0.8785950751843142 -0.4342052094706111 0
2664 0.7904810051841351 -0.5510901489734361 0
2665 0.4025305253492205 -0.8361969552864039 0
2666 0.04816968368813727 -0.9347071320579344 0
2667 0.6672771809773744 -0.6749499101258098 0
2668 0.8905800931345884 -0.2955781181861931 0
2669 0.09417430852443115 -0.9038026790040777 0
2670 0.7309058309716957 -0.5408698485125443 0
2671 0.3935213264841166 -0.8403917371524579 0
2672 0.02972055345294922 -0.9530597826576247 0
2673 0.7986242376289561 -0.5567946308962367 0
2674 0.8061437841225267 -0.5721652178987187 0
2675 0.8862857913600315 -0.3450122692556162 0
2676 0.3926394083439237 -0.8503010814264252 0
2677 0.8761014613392529 -0.2644805655288204 0
2678 0.9166709453752157 -0.2928740223194367 0
2679 0.3996479193113856 -0.7711041913775024 0
2680 0.375500236287198 -0.848785920924753 0
2681 0.1229002316017144 -0.8715809635807769 0
2682 0.3746200257999882 -0.8586902959348361 0
2683 0.9248534436516629 -0.2986014844042333 0
2684 0.9331877871838918 -0.2941177326806604 0
2685 0.6483870929167624 -0.6932423607995504 0
2686 0.9382104688680185 -0.1603268954008591 0
2687 0.9294733616018436 -0.1639843031282545 0
2688 0.9260391256537545 -0.1735669190693857 0
2689 0.9201953412772219 -0.1659985765541615 0
2690 0.9349957514495798 -0.1791250647201341 0
2691 0.9297958253297836 -0.154248066925452 0
2692 0.9128828959401873 -0.2273062520811782 0
2693 0.07698469170126376 -0.9022649935151614 0
2694 0.05807053823777771 -0.9205872290251629 0
2695 0.3574812576559844 -0.8571755957490051 0
2696 0.1168532292218733 -0.9407334738709137 0
2697 0.3565998613642288 -0.8670805321478057 0
2698 0.3394622367184073 -0.865565142879719 0
2699 0.2188683334557612 -0.9596859503953447 0
2700 0.6294965080961555 -0.7115349645604661 0
2701 0.9716322248801391 -0.2000998610670195 0
2702 0.3385783299350078 -0.8754777646189452 0
2703 0.9529334635737857 -0.2354287397975565 0
2704 0.7108865616355472 -0.6903297933021347 0
2705 0.3214456292728137 -0.8739474398733043 0
2706 0.3205579199108982 -0.883868711729228 0
2707 0.8897205382178071 -0.3054575025812701 0
2708 0.3034268183296902 -0.8823346534091856 0
2709 0.5844455886105002 -0.7325050704952174 0
2710 0.2944181641695769 -0.8865299931735632 0
2711 0.8477995147559001 -0.4862676716099408 0
2712 0.2935267178981966 -0.8964497341842217 0
2713 0.8680091001425795 -0.2588073132644629 0
2714 0.9341924509739374 -0.284195257946231 0
2715 0.2763988297628991 -0.8949168537629399 0
2716 0.2673892244932676 -0.8991125373550597 0
2717 0.5835746936205615 -0.7424065478757045 0
2718 0.1159817721372542 -0.9506343385345066 0
2719 0.5827037720638393 -0.7523064179498289 0
2720 0.1069655826116304 -0.954838103314101 0
2721 0.8978440099271241 -0.311146413445074 0
2722 0.902099378103423 -0.2617872848184807 0
2723 0.5818326583127879 -0.7622068967616726 0
2724 0.04904361857801731 -0.9247922902407828 0
2725 0.09792581978058096 -0.9590680352427827 0
2726 0.8942736866681789 -0.1636556024313054 0
2727 0.5809516030318571 -0.7720868329386963 0
2728 0.09709590536665877 -0.9687863102005925 0
2729 0.5799797191630576 -0.7818883546600881 0
2730 0.08514467641526209 -0.9079915216118392 0
2731 0.8876738674987361 -0.2308717035973424 0
2732 0.8969828160201427 -0.3210349991807979 0
2733 0.8961225612026377 -0.3309201961302731 0
2734 0.2665054402730589 -0.9090168187738732 0
2735 0.911629635460204 -0.247332577809262 0
2736 0.04007260497016177 -0.9290032050394976 0
2737 0.2656362155602626 -0.918916700797318 0
2738 0.2737646931513062 -0.9246235674817657 0
2739 0.2728335456176298 -0.9345529597017537 0
2740 0.07785749135284056 -0.8923591861071254 0
2741 0.8787476987692777 -0.1624208808007704 0
2742 0.8671418554732422 -0.2686510686589323 0
2743 0.9540958058204606 -0.2258976720232343 0
2744 0.9618882436341073 -0.2395175017356526 0
2745 0.03166032000752725 -0.9332603274224356 0
2746 0.8927245975925742 -0.1825625909927541 0
2747 0.8935871978731045 -0.05647684836006833 0
2748 0.8776141838566558 -0.4442139458957768 0
2749 0.9042604045991163 -0.3366052720341379 0
2750 0.8482304683677023 -0.2868974748858453 0
2751 0.912796917322017 -0.3422355084505305 0
2752 0.8516434769222849 -0.1943197778203425 0
2753 0.9910545205898519 -0.04493572056828816 0
2754 0.8581625886279488 -0.2728464230682371 0
2755 0.8572852554047883 -0.2827081203188772 0
2756 0.9563608381465913 -0.2064261833913774 0
2757 0.9674344797822464 -0.2194516898930149 0
2758 0.8468671525086086 -0.4958212404921751 0
2759 0.8553209724785753 -0.4913681327973947 0
2760 0.9182873499033984 -0.05536088118526072 0
2761 0.2708940355011676 -0.9447049423579182 0
2762 0.9282591186759405 -0.04265691347621953 0
2763 0.8401839999751222 -0.2812122023819089 0
2764 0.9589124021379418 -0.1872221123270145 0
2765 0.0683323328742613 -0.9815191022258896 0
2766 0.9919057757986726 -0.02544046145265165 0
2767 0.8647803886716289 -0.1431272913735901 0
2768 0.9577355902675668 -0.13554700308807 0
2769 0.3368614575356979 -0.8003075206137452 0
2770 0.8989356484082842 -0.4044046321461885 0
2771 0.162042190670924 -0.9782719480504225 0
2772 0.8494655821442936 -0.5113048237229137 0
2773 0.3519366406973304 -0.9269115378816336 0
2774 0.932144652808484 -0.3328659340256964 0
2775 0.9207657608196256 -0.3472648409501146 0
2776 0.181274897191308 -0.9751278617462842 0
2777 0.1043095386022578 -0.9845462198226945 0
2778 0.8397535088916986 -0.5284584146198059 0
2779 0.1430931187186723 -0.9812688576543993 0
2780 0.9464487469267144 -0.2961174349882361 0
2781 0.5119318813016924 -0.8494489063207968 0
2782 0.8697163054397162 -0.4771735450175525 0
2783 0.2014737666763569 -0.9689796941256235 0
2784 0.08368485183040211 -0.9879378744088099 0
2785 0.9194479890996102 -0.3703918990718028 0
2786 0.9519428455226601 -0.2771808378711196 0
2787 0.9542065992066356 -0.2678679201409133 0
2788 0.6543765533657548 -0.7453424264160136 0
2789 0.2866309589919334 -0.9491401853614537 0
2790 0.7873646708201096 -0.6005070503371314 0
2791 0.05360618943116314 -0.9895676525528292 0
2792 0.9774180588501513 -0.03513001790492222 0
2793 0.8078961550716738 -0.3532000586185267 0
2794 0.8317361684044839 -0.2854499574564124 0
2795 0.3533715632144618 -0.9071303233456726 0
2796 0.95970598319301 -0.05198553336106768 0
2797 0.8952112685140682 -0.1544197441826518 0
2798 0.4858960500081595 -0.8642036680532466 0
2799 0.8526509936140131 -0.2369300352488035 0
2800 0.4064227520376061 -0.9040445825184912 0
2801 0.9055562977210414 -0.09145460079055669 0
2802 0.9720808986611722 -0.08080120032163975 0
2803 0.9259892487609447 -0.1831634672889888 0
2804 0.9812775889221572 -0.1427847791493686 0
2805 0.9229448296170075 -0.01958832893007009 0
2806 0.8802513597653741 -0.03649211502367717 0
2807 0.9364210616316546 -0.05400422318755899 0
2808 0.01119917380884844 -0.8661465123029251 0
2809 0.9798497972234804 -0.1525052504262439 0
2810 0.9132727132772108 -0.1205380526581336 0
2811 0.9398812465227594 -0.1510571504121248 0
2812 0.3438408125004666 -0.9209537587288925 0
2813 0.36986853091293 -0.9195164919537855 0
2814 0.9044224453474703 -0.03503596589910602 0
2815 0.3910053301299239 -0.7751930566124861 0
2816 0.9584761762819631 -0.06078459316585084 0
2817 0.9477338024048499 -0.09006372949921768 0
2818 0.9539251084956091 -0.02890338703686642 0
2819 0.6869276674239917 -0.5277788751965744 0
2820 0.8325090778386623 -0.2141691571353007 0
2821 0.7582494890393603 -0.6394510770951041 0
2822 0.3459121706561128 -0.7962029344803424 0
2823 0.9161875351938434 -0.379698973350064 0
2824 0.8917853902100182 -0.08330353760085714 0
2825 0.8652506709101204 -0.2145770729784017 0
2826 0.8861551790786473 -0.08951816459616692 0
2827 0.9136885861819275 -0.07231711141404956 0
2828 0.9360810323544957 -0.1280933086502253 0
2829 0.8878407615585379 -0.1491879962309909 0
2830 0.9372627170699808 -0.0365160065151598 0
2831 0.7766454370751362 -0.6164559585010008 0
2832 0.8149005621301855 -0.2714035839482491 0
2833 0.6686069028433949 -0.73244019728802 0
2834 0.9710067459587428 -0.155862687247666 0
2835 0.5154259563726117 -0.6972978926659137 0
2836 0.9586990402552191 -0.1269905440457147 0
2837 0.4421658702712022 -0.8869220143148711 0
2838 0.1286226740254558 -0.8482394500654176 0
2839 0.3766376187456248 -0.771368760246919 0
2840 0.9832078624042589 -0.1239411882815597 0
2841 0.4331067444391888 -0.8790860178830401 0
2842 0.3496491259078134 -0.7837871044533322 0
2843 0.9784575718180082 -0.09661632062304118 0
2844 0.4822342105467821 -0.7213962579375348 0
2845 0.3730361485357163 -0.7837491233474415 0
2846 0.9077503022042576 -0.3984646128517859 0
2847 0.4601030560543871 -0.8672972156553049 0
2848 0.3587599500185842 -0.7795921446065268 0
2849 0.7970947970349392 -0.5775627881588274 0
2850 0.8741115306294063 -0.1303057790103389 0
2851 0.2556608985546105 -0.838613172440314 0
2852 0.7391702553010296 -0.6409836039173872 0
2853 0.9890787722824722 -0.07332935257739501 0
2854 0.8926073166687036 -0.0651125432802194 0
2855 0.7304700640303311 -0.4537320800873491 0
2856 0.2285121793328092 -0.9649733145669028 0
2857 0.2773678059229475 -0.9521193150439622 0
2858 0.9282145543526956 -0.1306826719826787 0
2859 0.9685527230314925 -0.1071955616883382 0
2860 0.9058190779291714 -0.02575680577003416 0
2861 0.2913432634126232 -0.8226083985936065 0
2862 0.6471935212156112 -0.7516925622976853 0
2863 0.8869933073862375 -0.1583416166709807 0
2864 0.4949074829376029 -0.859061101260717 0
2865 0.959674935221595 -0.249464062373328 0
2866 0.4340958568850241 -0.869765487379027 0
2867 0.5722080016223433 -0.6624395031922899 0
2868 0.8106853853203069 -0.3238549188451193 0
2869 0.9160800481193634 -0.1893630283764952 0
2870 0.4640726266356111 -0.7318591872614324 0
2871 0.8961996519103633 -0.4259704522697418 0
2872 0.009776627848637393 -0.9845250174098448 0
2873 0.9670148353613486 -0.05718016000780283 0
2874 0.9905878200678175 -0.01554521243035765 0
2875 0.2491302368271362 -0.9604014549452057 0
2876 0.109119683038077 -0.8512315126300116 0
2877 0.6210201862369618 -0.6048703091214049 0
2878 0.7350912210521057 -0.4435080948282005 0
2879 0.3158359194511287 -0.9329393376989046 0
2880 0.9624302131662041 -0.1592158737928128 0
2881 0.333489266523249 -0.9342630038446693 0
2882 0.9898628828008156 -0.06392601172884457 0
2883 0.6585374887366259 -0.5767234482336774 0
2884 0.8041327007218635 -0.2991710850205914 0
2885 0.1692706651759368 -0.8412358282208144 0
2886 0.7255943436001479 -0.6760312475300405 0
2887 0.0961743791979274 -0.978180937621369 0
2888 0.9807327302291491 -0.01634774032932557 0
2889 0.1833845399374709 -0.9661168470903161 0
2890 0.9194300509561799 -0.2534056818476594 0
2891 0.6879431247487231 -0.5427853498515627 0
2892 0.8861622079905593 -0.1676868960242867 0
2893 0.5445558904240884 -0.7998602941482561 0
2894 0.02449964551578281 -0.9917277055057572 0
2895 0.8839001106222131 -0.1966495587468516 0
2896 0.6247789150936193 -0.7705535877376384 0
2897 0.0236859272790716 -0.9370424272228696 0
2898 0.7364648888818739 -0.4711088090779466 0
2899 0.01934310476338634 -0.8921396067534105 0
2900 0.965890413759203 -0.1322221418605735 0
2901 0.9753473757198374 -0.0535702490729406 0
2902 0.9306200551330677 -0.07820507774438139 0
2903 0.5877026864488888 -0.7882388052677848 0
2904 0.3526677746137262 -0.9171128419401047 0
2905 0.9428017579656635 -0.280482198119932 0
2906 0.007844611066740503 -0.9051353911371083 0
2907 0.9381216578545853 -0.02775878168843169 0
2908 0.8336309794528894 -0.2031697147754567 0
2909 0.8853491423816627 -0.177207885510738 0
2910 0.9824020652105176 -0.05869853920207764 0
2911 0.9156085883497262 -0.1980938650063143 0
2912 0.5384027519529935 -0.6785727889128256 0
2913 0.9610887691442049 -0.1684036421122233 0
2914 0.8557912798470255 -0.4817565722597554 0
2915 0.8982348426820972 -0.1113330818750371 0
2916 0.1862512332295114 -0.8428363554156874 0
2917 0.9402861685230929 -0.3139805145903682 0
2918 0.4959409228240328 -0.8486270381520278 0
2919 0.07393080394490646 -0.9896815823602285 0
2920 0.7280583209313332 -0.4857878068721466 0
2921 0.9089289301581692 -0.01674494327585888 0
2922 0.4450518922742637 -0.7510291044250913 0
2923 0.9286614442575561 -0.2582719110312093 0
2924 0.787006044369355 -0.4016795736549149 0
2925 0.8843576353772674 -0.1004604486712832 0
2926 0.7584004892542869 -0.4333584406922419 0
2927 0.8852660522705975 -0.06772361486164936 0
2928 0.2638754191758312 -0.834752411783598 0
2929 0.2340301867052471 -0.8337942441533757 0
2930 0.8348749914490441 -0.521154659944658 0
2931 0.08158160050863748 -0.8630713926044642 0
2932 0.2118475834749118 -0.8492829173741463 0
2933 0.007767972426593821 -0.9446663301982073 0
2934 0.9308031076817909 -0.01620388881648268 0
2935 0.9744841663661284 -0.1284575094338726 0
2936 0.9710558288892044 -0.08979721047897327 0
2937 0.8846083502488991 -0.1869346525645055 0
2938 0.7952045679140629 -0.5933892603738768 0
2939 0.4554673733103896 -0.7367512563260414 0
2940 0.2216542778053952 -0.8454074361822754 0
2941 0.8240635676999691 -0.5535914091285538 0
2942 0.3253514909254056 -0.9286119126763815 0
2943 0.84457805986656 -0.2279487051164731 0
2944 0.1232694289427747 -0.9854696026245375 0
2945 0.968230932595139 -0.1742823872756736 0
2946 0.5847094737254466 -0.638884978898575 0
2947 0.8254917505824491 -0.5338652463443201 0
2948 0.2614547576829626 -0.9486143279500443 0
2949 0.8911532431647192 -0.2022484036257325 0
2950 0.7877430103464974 -0.391547506163408 0
2951 0.9599697807615394 -0.01571908122742206 0
2952 0.5073758138633244 -0.7118408002993295 0
2953 0.5616470831296503 -0.8175774940791968 0
2954 0.007424578869873704 -0.9150866192339628 0
2955 0.319744930852452 -0.8079927525413995 0
2956 0.922183035706674 -0.2127573049491708 0
2957 0.8529966761353227 -0.1634153221144458 0
2958 0.8900353920819055 -0.2123544293707641 0
2959 0.9208672241123044 -0.0689485653939144 0
2960 0.8270097479786555 -0.2587351557265787 0
2961 0.8811979073650859 -0.2166931520171828 0
2962 0.6110021544773998 -0.6268646117070864 0
2963 0.05537837769804953 -0.8658712160938711 0
2964 0.9268921213969235 -0.1391754328886813 0
2965 0.7721915278943104 -0.371941711432044 0
2966 0.7921139646528569 -0.3526262868233916 0
2967 0.1471536368312477 -0.9725267025822241 0
2968 0.6326144026495739 -0.7647127093937893 0
2969 0.8032979592426408 -0.3278105209794627 0
2970 0.710332081896789 -0.4943415273417406 0
2971 0.8722969901457931 -0.2205079001190078 0
2972 0.8302475208561995 -0.2486167113040355 0
2973 0.2206304806709773 -0.9687830320311877 0
2974 0.5045862373530927 -0.8444205364040388 0
2975 0.8752384567057628 -0.006959425324613324 0
2976 0.8845896372946951 -0.01789031300308038 0
2977 0.9229699843055992 -0.1594698594122399 0
2978 0.9667789488276983 -0.1837906866482492 0
2979 0.8564928560942875 -0.2181634699008639 0
2980 0.7460189250999165 -0.6550650518917704 0
2981 0.9250309891549511 -0.05035209965503495 0
2982 0.7637357549191176 -0.3894712512926058 0
2983 0.6333047160636828 -0.5782071479573782 0
2984 0.8648900680421804 -0.4695720959712946 0
2985 0.5867363109066598 -0.8001933676614769 0
2986 0.9121837319326562 -0.1130687414969065 0
2987 0.9072555885533192 -0.3823330042734422 0
2988 0.8428135684038158 -0.1987619991437732 0
2989 0.4548323557971226 -0.7463093489871064 0
2990 0.9404906032222404 -0.09553226275523366 0
2991 0.8136147185431212 -0.5686304010571451 0
2992 0.03723242097568129 -0.8748614549729509 0
2993 0.8846697658208482 -0.4496883524796095 0
2994 0.9421645427226661 -0.07525903309987174 0
2995 0.3142683975601677 -0.9414543859267142 0
2996 0.8721273417969568 -0.07128953680848869 0
2997 0.9137077842351762 -0.2175983538153203 0
2998 0.9250844985125131 -0.08205190960086385 0
2999 0.9397842005002022 -0.1041289372406655 0
3000 0.9466057474157292 -0.02407656399074834 0
3001 0.2740179107046465 -0.82190173440957 0
3002 0.01607770389493513 -0.9212553994681059 0
3003 0.9250000000191914 -0.1177665827986956 0
3004 0.1163420449297304 -0.8572586780414024 0
3005 0.7765547520444319 -0.6035310237664526 0
3006 0.9504592417199306 -0.2534655775866176 0
3007 0.1768127936131307 -0.8471502460660325 0
3008 0.6534212940514554 -0.7363603726846324 0
3009 0.7001599211283818 -0.5099967809596724 0
3010 0.8726508758423895 -0.02546468016029839 0
3011 0.759774940250837 -0.4159550240371598 0
3012 0.941035260390051 -0.2899197956805968 0
3013 0.671216866052218 -0.7181955307845813 0
3014 0.9831772143765876 -0.04965953545954307 0
3015 0.6619722824514037 -0.5601311513049193 0
3016 0.8657215760398237 -0.1344572426233416 0
3017 0.6029282642400229 -0.7892242931608977 0
3018 0.1744664437384713 -0.969125602619668 0
3019 0.6692322712507887 -0.5529756271706678 0
3020 0.9271702372132247 -0.3529198665525891 0
3021 0.8455398537141442 -0.5039519895579941 0
3022 0.8477904663259365 -0.1574130641237629 0
3023 0.9651506733851325 -0.1931731591856871 0
3024 0.04443128570040107 -0.9924844231060549 0
3025 0.56116538042849 -0.6583939798454076 0
3026 0.9257438494108194 -0.147341274640853 0
3027 0.0654596485946479 -0.8627965825421617 0
3028 0.9204757352571457 -0.2320386702413067 0
3029 0.8493361531686925 -0.2208047767115947 0
3030 0.51187352144256 -0.8414501549387433 0
3031 0.9061766910912784 -0.4076969550123553 0
3032 0.5299114149148973 -0.6844866454709557 0
3033 0.8785019736083201 -0.4618412315421941 0
3034 0.7719374938135711 -0.6255263370269996 0
3035 0.8132488362121975 -0.2959294990290353 0
3036 0.8447563230877044 -0.1888007108783329 0
3037 0.7099248006475982 -0.6814535294464239 0
3038 0.623829442259661 -0.5883718467102999 0
3039 0.4372683683343473 -0.74708075887974 0
3040 0.8641207937105397 -0.0415661314910856 0
3041 0.4284591111140317 -0.7524076450393737 0
3042 0.4164189746130659 -0.7648759380392836 0
3043 0.2586521588711672 -0.9577497225505076 0
3044 0.8917083145688548 -0.01575384754281058 0
3045 0.02396079991555442 -0.9271757698662557 0
3046 0.9116737669406904 -0.0944298349730624 0
3047 0.7557582033841298 -0.6316145760893412 0
3048 0.304970584575863 -0.9445297821923826 0
3049 0.9291906367824345 -0.3236727121775422 0
3050 0.08796359501392016 -0.9811787742598379 0
3051 0.1412497364125815 -0.8548617069371125 0
3052 0.9220893585151987 -0.06210255580322945 0
3053 0.6602555600325204 -0.5848770824391802 0
3054 0.5694945962194864 -0.804560850686477 0
3055 0.561831490902695 -0.8086834783210288 0
3056 0.2823707668028841 -0.8268669989888388 0
3057 0.5768089884617625 -0.6466023230575797 0
3058 0.4970949353290481 -0.7075413449822807 0
3059 0.9838938146603113 -0.04024647077562993 0
3060 0.9196369866816592 -0.2423938740254891 0
3061 0.8461399846518622 -0.142432948887685 0
3062 0.9635989669046159 -0.2029061272886335 0
3063 0.6475996010090529 -0.5904939754575845 0
3064 0.8563387952143204 -0.138490435202692 0
3065 0.7950561105956341 -0.3174023072886542 0
3066 0.6223232549062765 -0.6129401481396684 0
3067 0.8939408403723306 -0.4344160898229085 0
3068 0.862659524804964 -0.05012148792447843 0
3069 0.843892801743976 -0.2539287919996609 0
3070 0.006091312467668042 -0.8849999999998734 0
3071 0.6316604598496149 -0.7566142629523464 0
3072 0.8573029389056087 -0.007328055035580689 0
3073 0.9926466459304383 -0.007301544432348464 0
3074 0.01885668205424063 -0.9856313236630163 0
3075 0.8469007091768287 -0.1793609576322877 0
3076 0.6914140043500515 -0.5210371785638067 0
3077 0.007211434943667403 -0.9927366739355722 0
3078 0.5538329204817405 -0.8038777480046546 0
3079 0.02342576889455647 -0.9472573385945144 0
3080 0.01550947918949959 -0.9402932464563484 0
3081 0.7782041048801251 -0.406792024434558 0
3082 0.290807718873996 -0.8146171229456232 0
3083 0.2087322572494129 -0.9614974318992512 0
3084 0.91869224222711 -0.3549933092303264 0
3085 0.7573944633456215 -0.4018088904101094 0
3086 0.7525256037723258 -0.4276673071784503 0
3087 0.7337918140650229 -0.6709066404682628 0
3088 0.9512435077071528 -0.08223066024632146 0
3089 0.5304549532066661 -0.6928351579843761 0
3090 0.05972101984276557 -0.9831302488296835 0
3091 0.8007977200456187 -0.3501530451306976 0
3092 0.8743573899510649 -0.03183999794490361 0
3093 0.1382612420297025 -0.9749493947179252 0
3094 0.7489381457757305 -0.4501869433767358 0
3095 0.6900665944642257 -0.5346235131154596 0
3096 0.4285221753831575 -0.7603429584851523 0
3097 0.9618851209462119 -0.2125490134607944 0
3098 0.9845554715658862 -0.03066301340165323 0
3099 0.09081603872790828 -0.8612328108123523 0
3100 0.825155202181181 -0.2897516283551821 0
3101 0.2439306705880706 -0.9542431491334095 0
3102 0.2989944709562707 -0.939316109120946 0
3103 0.1871642553995068 -0.8349473850261309 0
3104 0.5762810937411341 -0.8090833985070409 0
3105 0.02761017008955378 -0.8905604905231793 0
3106 0.7934780539699617 -0.585599740877624 0
3107 0.1120265978616079 -0.9776989454142765 0
3108 0.3038400957276365 -0.8106072167362532 0
3109 0.8058325823315905 -0.580179490298884 0
3110 0.916864029796773 -0.01551633038258339 0
3111 0.916662096720718 -0.1722278566251413 0
3112 0.9165389129044017 -0.1600946333876909 0
3113 0.9264652177911326 -0.07357925008230991 0
3114 0.68766711456242 -0.701694712581455 0
3115 0.9394766733336584 -0.2987586029767723 0
3116 0.8541813308089925 -0.1772893858617652 0
3117 0.9377864429208049 -0.2573864253382546 0
3118 0.974406876370397 -0.112805887008483 0
3119 0.2243035968637379 -0.8366146048045012 0
3120 0.9551637548615319 -0.02150971896286498 0
3121 0.9052616595284902 -0.3908913753709079 0
3122 0.7303300540590643 -0.477040706911999 0
3123 0.6107284961197942 -0.7850876692327751 0
3124 0.8923933889402634 -0.09037809938421924 0
3125 0.8619196496015005 -0.4956179917587969 0
3126 0.4107536869164504 -0.760143376142304 0
3127 0.6035822776741974 -0.6323345587142457 0
3128 0.2394955783647668 -0.8397022468986293 0
3129 0.90754039920305 -0.1179754258784338 0
3130 0.841576685949841 -0.1548271671474919 0
3131 0.885202493867757 -0.08077014990067904 0
3132 0.8718598229478551 -0.05862889558599328 0
3133 0.9311988105521489 -0.04962357518163126 0
3134 0.1999097004760919 -0.83340881953529 0
3135 0.4887962391760403 -0.7128724709628667 0
3136 0.8619999406653247 -0.4780971770530386 0
3137 0.1249029338126811 -0.8544445247694763 0
3138 0.960020211507116 -0.2214700665002273 0
3139 0.1658386408146139 -0.9721846317009989 0
3140 0.6602498669346247 -0.7320386566588876 0
3141 0.7744116623687437 -0.3629674820281575 0
3142 0.07428902457683526 -0.8604683541233634 0
3143 0.7172468932767074 -0.6763091019151967 0
3144 0.5404274634100855 -0.807624072202928 0
3145 0.69971790314278 -0.7067063267634165 0
3146 0.9851789067791581 -0.02236906185951197 0
3147 0.7445616216344644 -0.6460908774198781 0
3148 0.8362395544179622 -0.2231736959517929 0
3149 0.5534121999939897 -0.6643212488911723 0
3150 0.867738199335081 -0.06545305103507562 0
3151 0.4020359082731922 -0.7644739394290418 0
3152 0.30845613209908 -0.815915628911782 0
3153 0.7309961739881699 -0.4632165922582965 0
3154 0.8321757063028492 -0.5291434231623088 0
3155 -0.973309412505579 -0.1905921341811089 0
3156 -0.8428018567493375 -0.1643756490786547 0
3157 -0.8116482735646342 -0.2808700963063026 0
3158 -0.3126279978741937 -0.8001234246705311 0
3159 -0.4643417304923787 -0.7220464288975041 0
3160 -0.7400291339357934 -0.4352376319942483 0
3161 -0.1488149639579917 -0.8469075923688457 0
3162 -0.5978061931350463 -0.6162969480364804 0
3163 -0.639597804493543 -0.5725830019275163 0
3164 -0.0877822942995567 -0.8539211572595115 0
3165 -0.7074578611273401 -0.4860025552818706 0
3166 -0.5138210924971562 -0.6877779169929901 0
3167 -0.25594116789929 -0.8195536381840874 0
3168 -0.82858284753164 -0.2236225928148779 0
3169 -0.7897223391484118 -0.3369163296193434 0
3170 -0.3680217152729634 -0.775715449987637 0
3171 -0.4123955926275662 -0.7524099688391989 0
3172 -0.769640363052582 -0.3819537452056836 0
3173 -0.2076427062858005 -0.8334426845553451 0
3174 -0.5530148060987004 -0.6564405952649868 0
3175 -0.6780386170094292 -0.5266861882471769 0
3176 -0.7646427932620982 -0.6304548798591875 0
3177 -0.6618501484719997 -0.7390292336590535 0
3178 -0.2121202588089366 -0.9691086207340407 0
3179 -0.8737357894594161 -0.4684184650483833 0
3180 -0.503476140355068 -0.8542287023836881 0
3181 -0.3973622311057611 -0.9078742770318526 0
3182 -0.923413745669285 -0.3614160087369268 0
3183 -0.9495271061887182 -0.2867469008133734 0
3184 -0.3240345386493158 -0.9379388934849648 0
3185 -0.569280327800324 -0.8128910445112633 0
3186 -0.8340377153743592 -0.5363341021938371 0
3187 -0.132299955926089 -0.9818472894805708 0
3188 -0.7184908804447081 -0.6838197531142269 0
3189 -0.9634411214164154 -0.2293945296957908 0
3190 -0.4509734213228219 -0.8828756926370345 0
3191 -0.9001066206231332 -0.4154974845695887 0
3192 -0.2682136791666321 -0.9547705938846008 0
3193 -0.6155790481036171 -0.7767811474367787 0
3194 -0.8008998668853394 -0.5861247037013196 0
3195 -0.008151091126731579 -0.9250494768790963 0
3196 -0.09337311228523026 -0.9874171491892154 0
3197 -0.6912027775875104 -0.7097216735791432 0
3198 -0.1716709394515194 -0.976746188559537 0
3199 -0.8548667745459134 -0.5019708147706045 0
3200 -0.5353126426484113 -0.8328146219685393 0
3201 -0.360766542488866 -0.9233164595539038 0
3202 -0.9376490912680835 -0.3233946654122455 0
3203 -0.8359217473894449 -0.1932919112537138 0
3204 -0.5753000314138839 -0.6368619263215298 0
3205 -0.4893083544975746 -0.7051981702251826 0
3206 -0.2843388464263665 -0.809662556772731 0
3207 -0.1786709598691787 -0.8381366007853278 0
3208 -0.6595193962019587 -0.5507134701970015 0
3209 -0.754834342018696 -0.4091449111271663 0
3210 -0.4386146304740742 -0.7376530795864329 0
3211 -0.3406032934122237 -0.7881394792646239 0
3212 -0.7236747408142292 -0.4613759992113106 0
3213 -0.8012607538698582 -0.3090919435684325 0
3214 -0.6189088384287098 -0.5950932589813513 0
3215 -0.1189217844459447 -0.8494674459723679 0
3216 -0.8205183485017062 -0.2518859888019643 0
3217 -0.05918872591234662 -0.8565460507139356 0
3218 -0.9781920504043162 -0.1620755960940579 0
3219 -0.06451021826692772 -0.9900192271262924 0
3220 -0.423971135268042 -0.8946578500425467 0
3221 -0.5950505176495673 -0.7939128839030231 0
3222 -0.9127161718120265 -0.3887441012349894 0
3223 -0.887417177806084 -0.4406437411243826 0
3224 -0.2383879790923167 -0.961011012943327 0
3225 -0.9568943697839042 -0.2585903045616155 0
3226 -0.7381645470568011 -0.6617917263496427 0
3227 -0.2961283404756633 -0.9463578023687542 0
3228 -0.4771900486876602 -0.8684578037495256 0
3229 -0.8169851389530407 -0.5600737786197963 0
3230 -0.6393402451539927 -0.7576768039210472 0
3231 -0.7840291095732024 -0.6096982343280426 0
3232 -0.9043446300920801 -0.009038033185731292 0
3233 -0.9449238267806255 -0.008614591770793979 0
3234 -0.8480985429071846 -0.1341076437013019 0
3235 -0.8566810483475458 -0.05517404259076007 0
3236 -0.9904207412954489 -0.0543517479225433 0
3237 -0.008816187183976349 -0.8941040599175296 0
3238 -0.00887347248390399 -0.9541444429205217 0
3239 -0.8520708994488242 -0.1048861029488392 0
3240 -0.982455034002805 -0.1329641551500615 0
3241 -0.9881129930891898 -0.08345023744201022 0
3242 -0.03495917833766879 -0.9898395528959464 0
3243 -0.02883183027305458 -0.8582240213484753 0
3244 -0.8543172443891495 -0.08537303906028243 0
3245 -0.8574069241103799 -0.0351801854530675 0
3246 -0.5374376905604394 -0.6695137777381334 0
3247 -0.6909696115233909 -0.5116849353648929 0
3248 -0.386051405526478 -0.766902050163264 0
3249 -0.2368540181304645 -0.8252383907799596 0
3250 -0.7813862475105461 -0.355994746502666 0
3251 -0.8849999999997713 -0.008660254037771176 0
3252 -0.924339259957595 -0.009724537114853972 0
3253 -0.9651667144136373 -0.008862713415224256 0
3254 -0.9834274654060076 -0.1137211171535029 0
3255 -0.9913730264738467 -0.03505026241254641 0
3256 -0.7027333299361498 -0.6979543148811583 0
3257 -0.8442569695971647 -0.5196732217903592 0
3258 -0.5533780822954175 -0.8223512419593 0
3259 -0.674707486240299 -0.7255688172152818 0
3260 -0.3792431518586596 -0.915733361347506 0
3261 -0.930411611209218 -0.3439290334742386 0
3262 -0.9695299879506227 -0.2098944555726076 0
3263 -0.1148214868616615 -0.9852788875988368 0
3264 -0.3425839372942887 -0.9305926757151046 0
3265 -0.1527924119541934 -0.9794973309043409 0
3266 -0.9431604885302508 -0.3054150962698012 0
3267 -0.5196732187677151 -0.8442569715287384 0
3268 -0.8641718220235421 -0.486216531319475 0
3269 -0.1906937770236191 -0.972755239713351 0
3270 -0.7520249141167314 -0.647136109907779 0
3271 -0.008817463608568145 -0.9747265352664239 0
3272 -0.008483993393932431 -0.8767097384626755 0
3273 -0.8582346488607335 -0.01551082634993072 0
3274 -0.9849399225940745 -0.008295749053153769 0
3275 -0.01485485349459192 -0.9922687530741443 0
3276 -0.009200780455090693 -0.8564945057148285 0
3277 -0.8532331646492676 -0.09510700906649361 0
3278 -0.8610304593014534 -0.1009832391988867 0
3279 -0.8599178250427265 -0.1104751488330509 0
3280 -0.8685424994587969 -0.106665578201091 0
3281 -0.8674890574987157 -0.1161822762675147 0
3282 -0.875897249521016 -0.1120862738873584 0
3283 -0.8749081087076569 -0.1214158281642685 0
3284 -0.8768182266581503 -0.103046132346686 0
3285 -0.8831227857217938 -0.1173697705008291 0
3286 -0.8822690638991447 -0.1261691033263278 0
3287 -0.8902341820913879 -0.1224663757206942 0
3288 -0.8894653442735351 -0.1312184586270857 0
3289 -0.8814006018791565 -0.1349513012087551 0
3290 -0.8886979034271085 -0.1401186273116884 0
3291 -0.8968639909871811 -0.1362813236736493 0
3292 -0.8960588875751585 -0.1453025476682742 0
3293 -0.9043040142661335 -0.1414491963997144 0
3294 -0.9034935616884578 -0.1505413893551837 0
3295 -0.9118182124650565 -0.146629276699815 0
3296 -0.9105799743812215 -0.1557602175953697 0
3297 -0.9025639148093854 -0.159734829300444 0
3298 -0.9108234240585998 -0.1654958693532871 0
3299 -0.9018559088900414 -0.1691206388669009 0
3300 -0.9093591100596816 -0.1749549988477861 0
3301 -0.9009403878480843 -0.1784602104754673 0
3302 -0.9086590458810526 -0.1839961201418025 0
3303 -0.9000569827128519 -0.1880095604292901 0
3304 -0.9078038005690738 -0.193504890043643 0
3305 -0.8993894893019833 -0.1976224217366044 0
3306 -0.9069808328230575 -0.2031436074042129 0
3307 -0.8986515317880014 -0.2074920653128556 0
3308 -0.9060472749321642 -0.2128558257636389 0
3309 -0.897569606050745 -0.2172180133107205 0
3310 -0.9051640501062965 -0.2225932413704448 0
3311 -0.8965883115889198 -0.2267359781586427 0
3312 -0.9045905072737626 -0.2323485779714466 0
3313 -0.8957246579976031 -0.2364982617603852 0
3314 -0.9037923522296635 -0.2421359910889781 0
3315 -0.8948636195386523 -0.2463006921540732 0
3316 -0.9310720636598424 -0.1146592581901081 0
3317 -0.9029597283718523 -0.2519477442841026 0
3318 -0.8940108395722597 -0.2561310894158033 0
3319 -0.8859186267450735 -0.2504641279974371 0
3320 -0.8850589865521332 -0.2603078709593372 0
3321 -0.8931594041099238 -0.2659737328167378 0
3322 -0.8841945338048376 -0.2701584285352542 0
3323 -0.8922995004362035 -0.275833843842044 0
3324 -0.8833253029923565 -0.2800205495924722 0
3325 -0.8914415691557628 -0.2857018594400867 0
3326 -0.8824617634086601 -0.2898916350138552 0
3327 -0.8743425756379852 -0.2842055574662057 0
3328 -0.8734772370853316 -0.2940815205858344 0
3329 -0.8815975466029125 -0.2997688910945447 0
3330 -0.8726107877846637 -0.3039614886072804 0
3331 -0.8807355880960084 -0.3096517255934066 0
3332 -0.8717439835246533 -0.3138459725460769 0
3333 -0.8798741721947241 -0.3195379823305927 0
3334 -0.8708780250881317 -0.3237335927394921 0
3335 -0.919567120330125 -0.1522987901078845 0
3336 -0.8636080859297227 -0.3081475011139617 0
3337 -0.8885863461953315 -0.2210838300367732 0
3338 -0.8790105103800221 -0.329427988337025 0
3339 -0.8700115625042533 -0.3336244752436193 0
3340 -0.8781459242162849 -0.3393196447840552 0
3341 -0.8691454693059359 -0.3435175275505763 0
3342 -0.861010149969352 -0.3378205390365071 0
3343 -0.8601433556245741 -0.3477149334849888 0
3344 -0.8520064735514957 -0.3420160881592696 0
3345 -0.8511402297458406 -0.3519120230791111 0
3346 -0.8592769689949247 -0.3576106404963282 0
3347 -0.8502732919367437 -0.3618081807223637 0
3348 -0.8584106264351195 -0.367507151440827 0
3349 -0.8494061670137514 -0.3717049241576764 0
3350 -0.8412687478780279 -0.3660056206901441 0
3351 -0.8404012177823784 -0.3759028980186857 0
3352 -0.84853933972429 -0.3816025753983734 0
3353 -0.8395338669775214 -0.3858007103076096 0
3354 -0.847672479983432 -0.3915008460759112 0
3355 -0.8386665295226586 -0.3956990382458457 0
3356 -0.8305282220421808 -0.3899987675698515 0
3357 -0.8296603204704299 -0.3998972760423514 0
3358 -0.8377992983099805 -0.4055977983733794 0
3359 -0.8287926710978841 -0.4097961581605407 0
3360 -0.8369319986232423 -0.4154969868846985 0
3361 -0.8279251757678321 -0.4196952963902392 0
3362 -0.8197859646267537 -0.413994404562075 0
3363 -0.8189183829778728 -0.4238934804058286 0
3364 -0.8270575906197289 -0.4295946286339223 0
3365 -0.8180505866705188 -0.4337928993268007 0
3366 -0.8261899924661681 -0.4394943228182108 0
3367 -0.8171826657482046 -0.4436926204115187 0
3368 -0.8090435538592324 -0.4379910533420032 0
3369 -0.8081752062248981 -0.4478908701501974 0
3370 -0.8163145590161035 -0.4535920781164523 0
3371 -0.807307223748342 -0.457790466763336 0
3372 -0.7991677003428578 -0.452089158895366 0
3373 -0.7982996888958538 -0.4619886770168782 0
3374 -0.8064390843009477 -0.4676901726497663 0
3375 -0.7974315577543472 -0.4718882698562242 0
3376 -0.7892922969580516 -0.4661866507770429 0
3377 -0.788423993489095 -0.4760862245053726 0
3378 -0.7965633310572366 -0.4817880758073469 0
3379 -0.7875555578406717 -0.4859860124423792 0
3380 -0.7956950096762379 -0.4916880863523208 0
3381 -0.7866870928416478 -0.4958859222769006 0
3382 -0.7785478794210783 -0.4901837447494453 0
3383 -0.777679248821723 -0.5000836042691346 0
3384 -0.785818431364708 -0.5057858989009389 0
3385 -0.7768105276496265 -0.5099836343949777 0
3386 -0.7686718044652756 -0.5042807661986951 0
3387 -0.7678026637554619 -0.5141811368661198 0
3388 -0.7759414930918844 -0.5198835770008319 0
3389 -0.7669336738295048 -0.5240811860917762 0
3390 -0.758794968292388 -0.518377503992989 0
3391 -0.7579257492057782 -0.5282783780379506 0
3392 -0.7660642490000927 -0.5339810597997218 0
3393 -0.7570565333049517 -0.5381785090348777 0
3394 -0.7489182792255225 -0.5324747245255719 0
3395 -0.7480487939102258 -0.54237555710417 0
3396 -0.756187353952957 -0.548078408775173 0
3397 -0.7471791787016981 -0.5522755721604172 0
3398 -0.7390419832563466 -0.5465727404863394 0
3399 -0.7381710623442228 -0.5564727190173901 0
3400 -0.7463098620899642 -0.5621756155222899 0
3401 -0.737301403480547 -0.5663725827254427 0
3402 -0.7291625617153878 -0.5606697434237425 0
3403 -0.7282929912170503 -0.5705694510839121 0
3404 -0.7201545085294832 -0.5648664894077137 0
3405 -0.7192848599914352 -0.5747661263060359 0
3406 -0.727423411118125 -0.5804691563927868 0
3407 -0.7184151233028063 -0.58466593551879 0
3408 -0.7102768027847489 -0.578962566373845 0
3409 -0.7094068282601724 -0.5888623574892049 0
3410 -0.7175450678805891 -0.5945657064194196 0
3411 -0.7085368738499761 -0.5987623736946508 0
3412 -0.7003987322998869 -0.5930588847699614 0
3413 -0.6995283713921898 -0.6029588458694422 0
3414 -0.7076668877360599 -0.6086621864275963 0
3415 -0.6986582820227488 -0.6128586291753337 0
3416 -0.6905198227848299 -0.607155284896774 0
3417 -0.6896496861637806 -0.6170549371195565 0
3418 -0.6815115206346321 -0.6113514063120781 0
3419 -0.6806412413647862 -0.6212510016516442 0
3420 -0.6887794968351442 -0.6269546212662264 0
3421 -0.6797709050820395 -0.6311508051202056 0
3422 -0.6716327376572304 -0.6254471558711576 0
3423 -0.6707623361286681 -0.6353468529405164 0
3424 -0.6626242503861761 -0.629643375965436 0
3425 -0.6617537307514976 -0.6395429338501727 0
3426 -0.669891973863892 -0.6452465762765158 0
3427 -0.6608832772531594 -0.6494425159345436 0
3428 -0.6527451769729615 -0.643738889750765 0
3429 -0.6518746542075596 -0.6536383486255435 0
3430 -0.6437367296591935 -0.647934715967313 0
3431 -0.642866008887622 -0.6578341807553032 0
3432 -0.6510041000675939 -0.6635379785483255 0
3433 -0.6419953478480585 -0.6677337090023323 0
3434 -0.6338573903805298 -0.6620299104650424 0
3435 -0.6329866532166324 -0.6719293416184097 0
3436 -0.6248488554619553 -0.6662255283846422 0
3437 -0.6239779146578726 -0.6761249770411599 0
3438 -0.6321158926855298 -0.6818289573756938 0
3439 -0.6231070404250626 -0.6860245054403299 0
3440 -0.6149691870068407 -0.6803205160153932 0
3441 -0.6140982348074217 -0.6902199589636391 0
3442 -0.6059606534359538 -0.684515847494014 0
3443 -0.6050895124683319 -0.6944152970878505 0
3444 -0.6132272876837811 -0.7001195768988353 0
3445 -0.6042182308590733 -0.7043147881169617 0
3446 -0.5960805304234357 -0.6986106314379964 0
3447 -0.5952092560499267 -0.7085101057946671 0
3448 -0.5870718153003411 -0.7028058936518395 0
3449 -0.5862004170487731 -0.7127052314052298 0
3450 -0.5780630917793217 -0.7070011379378069 0
3451 -0.5771917357788356 -0.7169005965230555 0
3452 -0.5853292592479641 -0.7226049424754023 0
3453 -0.5763180020481676 -0.7268000030658431 0
3454 -0.5681826080762449 -0.7210955997799104 0
3455 -0.5673108429201532 -0.7309951435460693 0
3456 -0.5591739057507266 -0.7252907559647431 0
3457 -0.5583022515366857 -0.7351901423466927 0
3458 -0.5501650265720907 -0.7294859000270316 0
3459 -0.5492935288372314 -0.7393852346685361 0
3460 -0.5411569867585012 -0.7336800045500663 0
3461 -0.5402850884451298 -0.7435801236199767 0
3462 -0.5484221129634782 -0.7492846508125094 0
3463 -0.5394131873601782 -0.7534796737309524 0
3464 -0.5312760840131547 -0.7477751898646138 0
3465 -0.5304041527321097 -0.7576746025746559 0
3466 -0.5222668213100007 -0.7519700750169661 0
3467 -0.5213950879037417 -0.7618693513317024 0
3468 -0.5132581997608711 -0.7561649226780767 0
3469 -0.5123861639887399 -0.76606419618105 0
3470 -0.5042494080146956 -0.760359761854539 0
3471 -0.5033774296815179 -0.7702589659317294 0
3472 -0.4952404111509631 -0.7645544672726914 0
3473 -0.4943685784917167 -0.774453673982159 0
3474 -0.5025058444722952 -0.7801583529546738 0
3475 -0.4934967459462024 -0.7843531415257866 0
3476 -0.485359749828885 -0.7786483017627432 0
3477 -0.4844876553791112 -0.7885478508182474 0
3478 -0.4763506443883026 -0.7828430390177312 0
3479 -0.4754784809652591 -0.7927423331689424 0
3480 -0.4673416709011052 -0.7870377927127183 0
3481 -0.4664694377496326 -0.7969369535899835 0
3482 -0.458332684566058 -0.7912324700635252 0
3483 -0.4574603725207896 -0.8011314135948693 0
3484 -0.4493234108355164 -0.7954270993556533 0
3485 -0.4484514092065844 -0.8053261564762791 0
3486 -0.4403149692069222 -0.7996217608280478 0
3487 -0.4394424883947919 -0.8095205335062691 0
3488 -0.4313061621465886 -0.803816340286665 0
3489 -0.4304335138349229 -0.8137148467634373 0
3490 -0.4222966643218034 -0.8080109233948312 0
3491 -0.4214246841993123 -0.8179097263949642 0
3492 -0.4132886015509363 -0.8122055396608701 0
3493 -0.41241581591537 -0.8221039413753415 0
3494 -0.4042799072565654 -0.8164000580959417 0
3495 -0.4034069094554227 -0.8262982027702919 0
3496 -0.3952702138188663 -0.8205946383871323 0
3497 -0.3943981631809746 -0.8304932301302567 0
3498 -0.3862613260990205 -0.8247892846472453 0
3499 -0.3853891138019268 -0.8346872986244644 0
3500 -0.3772526230314922 -0.8289837460108836 0
3501 -0.3763801810129393 -0.8388815174858301 0
3502 -0.3682438047478863 -0.8331781071880228 0
3503 -0.3673713571193004 -0.8430759860450925 0
3504 -0.3592347383498089 -0.8373729276532839 0
3505 -0.3583624174159366 -0.8472703901588156 0
3506 -0.3502262126498992 -0.8415674026756853 0
3507 -0.3493536267030164 -0.8514649214363526 0
3508 -0.3412173318815175 -0.8457617251018079 0
3509 -0.3403446892209824 -0.8556592461905039 0
3510 -0.332208243146762 -0.849956455210453 0
3511 -0.3313357740826804 -0.8598538262332771 0
3512 -0.3231993625471582 -0.854151083649157 0
3513 -0.3223267763277404 -0.8640482256051036 0
3514 -0.3141905817634247 -0.8583453759266552 0
3515 -0.3133178599760251 -0.8682427706756028 0
3516 -0.3051814801357755 -0.862540107826905 0
3517 -0.304308771779051 -0.872437204141024 0
3518 -0.2961723743341188 -0.8667347307167657 0
3519 -0.295300358631905 -0.8766330862556176 0
3520 -0.2871634263756133 -0.8709295449356304 0
3521 -0.2862907531884896 -0.880826693556124 0
3522 -0.2781542489162278 -0.8751240563472766 0
3523 -0.2772814024604398 -0.8850209140028428 0
3524 -0.2691436262482191 -0.8793184633408349 0
3525 -0.2682728713094893 -0.8892170386211813 0
3526 -0.2601332427424771 -0.8835128441476702 0
3527 -0.2592626017709547 -0.893410419222439 0
3528 -0.2511251440588704 -0.8877073069865746 0
3529 -0.2502550878914292 -0.897608065073245 0
3530 -0.2421174710913058 -0.8919031107347541 0
3531 -0.2412456714320562 -0.9018029002514083 0
3532 -0.2331080831857226 -0.8960980122469292 0
3533 -0.2322362655505378 -0.9059978201150302 0
3534 -0.2240986211906044 -0.9002928604653524 0
3535 -0.3845097328319182 -0.8445890625816431 0
3536 -0.4115381749587813 -0.8320052031583096 0
3537 -0.4385666947686327 -0.8194211325738824 0
3538 -0.2232267320557907 -0.9101927575431938 0
3539 -0.2150891172508185 -0.9044876487193672 0
3540 -0.215961052816027 -0.8945879720000756 0
3541 -0.2069518338992993 -0.8987826705455874 0
3542 -0.2060796305237381 -0.9086822973390982 0
3543 -0.1979427501544824 -0.9029771768178581 0
3544 -0.1970702385543803 -0.9128769904638701 0
3545 -0.1889331272026755 -0.9071717562012289 0
3546 -0.1880605986122109 -0.9170716812847618 0
3547 -0.1799232180289182 -0.9113664224749833 0
3548 -0.1807964344140913 -0.9014664419054557 0
3549 -0.1717858796458361 -0.9056612522775512 0
3550 -0.1709135978083844 -0.9155608808278077 0
3551 -0.1627761129757644 -0.9098556036926354 0
3552 -0.161904006595094 -0.9197553842613204 0
3553 -0.1537666699062713 -0.9140500779036851 0
3554 -0.1528943685766588 -0.9239499684049113 0
3555 -0.1447570426260767 -0.9182445413475382 0
3556 -0.1456293832318613 -0.9083447484127574 0
3557 -0.1366198979850709 -0.9125391026219152 0
3558 -0.1357472154829696 -0.9224391743108084 0
3559 -0.1276093946550253 -0.9167330879554699 0
3560 -0.1267369556572251 -0.9266343711426641 0
3561 -0.1185974946564981 -0.9209288650121852 0
3562 -0.1194702791253655 -0.9110258129078939 0
3563 -0.110457053574498 -0.9152210192617705 0
3564 -0.1095838916500831 -0.9251264650644054 0
3565 -0.1014412612060082 -0.9194166284104659 0
3566 -0.1005678768733322 -0.9293285058970735 0
3567 -0.09242277105962612 -0.9236152695212563 0
3568 -0.09329957556751446 -0.9137094043642835 0
3569 -0.08427690358110282 -0.9179054576050651 0
3570 -0.08340079067740497 -0.9278170032626687 0
3571 -0.07525044393030716 -0.9221013351991341 0
3572 -0.3484717083245616 -0.8613676756690463 0
3573 -0.07437595651269693 -0.9320174319588965 0
3574 -0.4655954085798336 -0.8068372158795017 0
3575 -0.3124334413270113 -0.8781462087614784 0
3576 -0.5295323039573514 -0.7675739878282977 0
3577 -0.5754475158472505 -0.7366996758102401 0
3578 -0.2429872306592077 -0.8820025746485431 0
3579 -0.9173793668816924 -0.179867230250634 0
3580 -0.07612443444539273 -0.9121877277940513 0
3581 -0.06709850475879076 -0.9163842928368281 0
3582 -0.2854043584354125 -0.8907301978925262 0
3583 -0.2078236594022296 -0.8888831218114057 0
3584 -0.5016341001666904 -0.7900581415393562 0
3585 -0.8769670686546173 -0.2546365928192091 0
3586 -0.8920478817461273 -0.1923359307897242 0
3587 -0.1726580546433779 -0.8957618103782193 0
3588 -0.6123533514625468 -0.7100223398969898 0
3589 -0.9384352553815779 -0.1117807030534032 0
3590 -0.9373274139319789 -0.1197865552188373 0
3591 -0.9145223866152349 -0.2077455689081011 0
3592 -0.2880356526987891 -0.8610303324631233 0
3593 -0.2583862357929412 -0.9033092179964474 0
3594 -0.5510363797752185 -0.7195866963042827 0
3595 -0.06797031562653819 -0.9064650284465512 0
3596 -0.05894380229609435 -0.910668033059129 0
3597 -0.9124636547234447 -0.2371055459860161 0
3598 -0.3150626361889375 -0.8484466090948646 0
3599 -0.4682150140123565 -0.7771377116463466 0
3600 -0.8804657676598949 -0.1439486505790857 0
3601 -0.8888657620344844 -0.3153415804649968 0
3602 -0.9004239223592592 -0.2815077218012987 0
3603 -0.161031637242863 -0.9296554815334371 0
3604 -0.1961979707924752 -0.9227770713290784 0
3605 -0.5789343905254516 -0.6971019800940628 0
3606 -0.2313645549988618 -0.9158980578523312 0
3607 -0.5141294608576464 -0.7462656745955208 0
3608 -0.3420892789364911 -0.8358629687969499 0
3609 -0.4411871211294739 -0.7897221250831674 0
3610 -0.05981648567381762 -0.9007449768912316 0
3611 -0.06882989528944849 -0.8965352623418321 0
3612 -0.9449493725060513 -0.1164876012228172 0
3613 -0.9438472445279724 -0.1249481734970616 0
3614 -0.3691157168051618 -0.8232793461543086 0
3615 -0.4141609678750989 -0.802305679302083 0
3616 -0.08252641779241379 -0.9377322853735498 0
3617 -0.07350220249004859 -0.9419336085950634 0
3618 -0.1087125752539972 -0.9350354788962676 0
3619 -0.4961136548069064 -0.7546546962594618 0
3620 -0.3961420992970295 -0.8106956808191094 0
3621 -0.2700144708097525 -0.8694197104856007 0
3622 -0.6823814853541178 -0.6014523207579944 0
3623 -0.6634948856292059 -0.6197437315670975 0
3624 -0.6446075281624335 -0.638035233659473 0
3625 -0.7210238056401633 -0.5549673345109397 0
3626 -0.6257196495242435 -0.6563261587707698 0
3627 -0.6068315249720448 -0.6746168023685521 0
3628 -0.7120163481827084 -0.5591636863739928 0
3629 -0.7128855621414993 -0.5492650726884341 0
3630 -0.7038785304114319 -0.5534612019840839 0
3631 -0.7454403204448914 -0.5720757941079053 0
3632 -0.877283815530035 -0.3492125424627633 0
3633 -0.7067970124845618 -0.6185622118965206 0
3634 -0.6879094250939661 -0.6368545258899676 0
3635 -0.6690216285129131 -0.6551463200407719 0
3636 -0.6501335545923489 -0.6734376672309921 0
3637 -0.5475506534583061 -0.7591845254923248 0
3638 -0.780285030709532 -0.4703843643508795 0
3639 -0.781153229541066 -0.4604853273375749 0
3640 -0.7721464738193839 -0.464682749417515 0
3641 -0.6312449477253765 -0.6917284823383075 0
3642 -0.8107794622828355 -0.4181924832923256 0
3643 -0.8116469900676775 -0.4082937293481701 0
3644 -0.8026408191870581 -0.4124917037159761 0
3645 -0.8035089684204522 -0.4025931264661765 0
3646 -0.8322635720920567 -0.3702030098440545 0
3647 -0.833131315477267 -0.3603060700186843 0
3648 -0.8241262251013503 -0.3645033351856437 0
3649 -0.8249936175810424 -0.3546064395842631 0
3650 -0.7158060062187497 -0.6143656705229066 0
3651 -0.7149360382652092 -0.6242662168425148 0
3652 -0.7544492107236616 -0.5678784954547196 0
3653 -0.7535796267777713 -0.5777793712228978 0
3654 -0.8351973418739638 -0.4352960173085517 0
3655 -0.8343298030002284 -0.4451961131985221 0
3656 -0.843337706281363 -0.4409974740486163 0
3657 -0.8047030832471902 -0.4874899166984601 0
3658 -0.8038346199987483 -0.4973905280556454 0
3659 -0.8459381627461413 -0.4112985136019505 0
3660 -0.8566783264916097 -0.3873023074605244 0
3661 -0.4836147646536604 -0.7984477056058179 0
3662 -0.3304526293892375 -0.8697569282448507 0
3663 -0.3664906876959891 -0.8529784056738692 0
3664 -0.152022027222143 -0.9338503259554936 0
3665 -0.887146582366078 -0.3351221273027419 0
3666 -0.0653497436742569 -0.9362183854366873 0
3667 -0.06447629448273104 -0.9461368866996774 0
3668 -0.05632197957031548 -0.9404208952014331 0
3669 -0.05544745160899696 -0.9503439197786983 0
3670 -0.8653572398513574 -0.2883921266316805 0
3671 -0.1374922207364151 -0.9026394287625732 0
3672 -0.1113306808220894 -0.9053172207622745 0
3673 -0.05078656192711895 -0.9049509448124247 0
3674 -0.05165986013105012 -0.8950248574549189 0
3675 -0.8932495499048632 -0.1730030696176344 0
3676 -0.7730145729368766 -0.4547842385454876 0
3677 -0.8128432534936059 -0.493192036661814 0
3678 -0.7239454118860011 -0.6200693626912508 0
3679 -0.04729083420548243 -0.9446240919086735 0
3680 -0.08165287210572639 -0.947646468204228 0
3681 -0.8424700181782966 -0.4508981816177672 0
3682 -0.7945818210041433 -0.4069610627093637 0
3683 -0.7936470996558975 -0.4167190137825463 0
3684 -0.8119746584744132 -0.5030932955741385 0
3685 -0.762589027657911 -0.573581667195861 0
3686 -0.04641571757744582 -0.9545509133951674 0
3687 -0.7640082206893846 -0.458981631693944 0
3688 -0.7631399465438685 -0.4688799055557152 0
3689 -0.1601595874786255 -0.9395561696643888 0
3690 -0.1511493373205869 -0.9437511866036554 0
3691 -0.9189279363608106 -0.1146592582247583 0
3692 -0.9516531614661794 -0.121669449596621 0
3693 -0.9527379575523323 -0.1130354889160676 0
3694 -0.9506287283274617 -0.1302018646831988 0
3695 -0.851478500894314 -0.4466991633358589 0
3696 -0.7230753217729819 -0.6299704501070659 0
3697 -0.8911707963060866 -0.1138339506514127 0
3698 -0.06360169368545079 -0.9560591851516734 0
3699 -0.7047479156926857 -0.5435628614858473 0
3700 -0.7137569587631278 -0.5393670599530235 0
3701 -0.8159962704211701 -0.3588197438108487 0
3702 -0.815122738414239 -0.3687033737335627 0
3703 -0.8163387659315152 -0.3489972371540251 0
3704 -0.04263011023248188 -0.8992292765348409 0
3705 -0.04175269536383555 -0.9091587876782407 0
3706 -0.04350587019999831 -0.8893047018998903 0
3707 -0.7953700025037226 -0.3968929891281133 0
3708 -0.8209836900618952 -0.4988947026184094 0
3709 -0.8218520652809765 -0.4889932814376418 0
3710 -0.9425615353305187 -0.1334904923469395 0
3711 -0.9495110510282998 -0.1389015334150467 0
3712 -0.7617194872484832 -0.5834829486612589 0
3713 -0.7527098682511415 -0.5876805213749003 0
3714 -0.6957976753120427 -0.5478804455374595 0
3715 -0.6948811269247372 -0.5576773791531935 0
3716 -0.7320852043435171 -0.6257734154323946 0
3717 -0.7329549564058331 -0.6158722542924404 0
3718 -0.8257743539669029 -0.3447247118905384 0
3719 -0.8174036849903777 -0.3390558977185679 0
3720 -0.8266789366312406 -0.3348204167328579 0
3721 -0.2168326415363298 -0.8846886413872955 0
3722 -0.2086958526986926 -0.8789840886981173 0
3723 -0.2177041349524673 -0.8747897457654409 0
3724 -0.2095675951548057 -0.8690856935351234 0
3725 -0.2185756115983688 -0.8648914817513541 0
3726 -0.2005596036774451 -0.8732797069364248 0
3727 -0.2014313678703035 -0.8633817441251501 0
3728 -0.1924235918235118 -0.8675755884002394 0
3729 -0.597823390739863 -0.6788118342860959 0
3730 -0.5986942347451016 -0.6689133143240357 0
3731 -0.5896865489103216 -0.6731081313370488 0
3732 -0.5699260745874909 -0.7012970072215317 0
3733 -0.5707970952725627 -0.6913985598822203 0
3734 -0.56178938634215 -0.6955931997384136 0
3735 -0.4871039565295257 -0.7588499040439035 0
3736 -0.487975101755902 -0.7489515451462389 0
3737 -0.4789673778345896 -0.7531458853183641 0
3738 -0.1465015589227444 -0.8984452715559269 0
3739 -0.1383648286051084 -0.8927400895076448 0
3740 -0.1473736107020546 -0.8885461323926332 0
3741 -0.1392374510032043 -0.8828411667367706 0
3742 -0.1482457645458518 -0.8786475099391894 0
3743 -0.8778297455627704 -0.2447925491764703 0
3744 -0.8688750971222126 -0.2489640537152716 0
3745 -0.8697434110585728 -0.2391203594180534 0
3746 -0.8607996769844792 -0.2432926059274565 0
3747 -0.8599134782208382 -0.2531416500924922 0
3748 -0.8616769580773532 -0.233450328396761 0
3749 -0.8528746916755648 -0.332121029553151 0
3750 -0.2223545971402035 -0.9200931721864543 0
3751 -0.2304927881608314 -0.9257986516749848 0
3752 -0.2214824409487851 -0.9299939142195899 0
3753 -0.7140658289877559 -0.6341669156889923 0
3754 -0.852346103350781 -0.4367978770216255 0
3755 -0.1871882087638732 -0.9269720203227735 0
3756 -0.195326273366225 -0.932677574377846 0
3757 -0.5565601353574399 -0.7549892307400969 0
3758 -0.5556886032545892 -0.764889607380416 0
3759 -0.5646986033269039 -0.7606939566213694 0
3760 -0.5638271136210815 -0.7705947342983683 0
3761 -0.5728373164691799 -0.7663990078379437 0
3762 -0.5548168078045848 -0.7747903892464556 0
3763 -0.5629555976470595 -0.7804958092509021 0
3764 -0.5539454945648423 -0.7846908420553321 0
3765 -0.2395030208412908 -0.9216033219465724 0
3766 -0.5106436557335565 -0.7858630136116781 0
3767 -0.5097719070711655 -0.7957633459788485 0
3768 -0.5187820111652468 -0.7915678661951902 0
3769 -0.5179103052707973 -0.8014685590404467 0
3770 -0.5089000318704665 -0.8056638939253705 0
3771 -0.1863160792173251 -0.9368724734899634 0
3772 -0.1302275129795484 -0.8870319858812387 0
3773 -0.5269205582746216 -0.7972730400915702 0
3774 -0.2386312900988685 -0.9315043533834144 0
3775 -0.2476419327491174 -0.9273087599701053 0
3776 -0.8995628313212716 -0.2913852713588172 0
3777 -0.908545545634345 -0.2871906145787959 0
3778 -0.9076874138605011 -0.2970721026749862 0
3779 -0.9094075658834471 -0.2773110326378965 0
3780 -0.850254364455685 -0.2470845932423805 0
3781 -0.8509376655517698 -0.2573227085712926 0
3782 -0.1401101227885335 -0.8729429178988737 0
3783 -0.917529050983253 -0.2829941469233337 0
3784 -0.9183874218753418 -0.2731160544874843 0
3785 -0.7648763901603554 -0.4490833526845625 0
3786 -0.7738824471193357 -0.4448859628382411 0
3787 -0.7659331255177959 -0.4392017997847186 0
3788 -0.03825624555070604 -0.9488285619983907 0
3789 -0.03738284237790176 -0.9587568605903287 0
3790 -0.03913379190348146 -0.9389028993085058 0
3791 -0.04554173893356277 -0.9644771753909064 0
3792 -0.7550020030538904 -0.4631789260252739 0
3793 -0.7541336840859355 -0.4730769729132001 0
3794 -0.1944540416133608 -0.9425786235109649 0
3795 -0.1854440926171066 -0.9467733961056967 0
3796 -0.7857833896875054 -0.4116125358103262 0
3797 -0.5626603516525169 -0.6856952530314331 0
3798 -0.5536529250944067 -0.689889712789399 0
3799 -0.05253364181677699 -0.8851025561242617 0
3800 -0.820115272495954 -0.508796187981702 0
3801 -0.8111058975312846 -0.5129947847471015 0
3802 -0.5905574524554656 -0.6632100061168631 0
3803 -0.5995648322030657 -0.6590150878006222 0
3804 -0.5815911245924832 -0.6674969047228105 0
3805 -0.7707291446993896 -0.5792853181655737 0
3806 -0.7715985772503685 -0.5693837300471788 0
3807 -0.51703863462482 -0.8113695891620306 0
3808 -0.5080278247183919 -0.8155651833298021 0
3809 -0.1592875801357259 -0.9494572429449388 0
3810 -0.150276512906995 -0.9536524468890601 0
3811 -0.1421378414976865 -0.9479459850086992 0
3812 -0.850610786398976 -0.4566004939556382 0
3813 -0.8416020809611454 -0.4607991830342789 0
3814 -0.9198892522372236 -0.1426821105580899 0
3815 -0.9596937073418781 -0.1183417463728187 0
3816 -0.960704729284922 -0.1096329620838079 0
3817 -0.2467701238184228 -0.9372102412952232 0
3818 -0.2557810538222823 -0.9330144845762287 0
3819 -0.7608499534613651 -0.5933844050347448 0
3820 -0.9537280753365456 -0.1043695588616145 0
3821 -0.9616867763451555 -0.100930725980023 0
3822 -0.9547245055706789 -0.09583006179050019 0
3823 -0.9626112882449634 -0.09237802255899955 0
3824 -0.9561115563000246 -0.08724954209478591 0
3825 -0.9637936478709721 -0.08395946963619769 0
3826 -0.9571127976084212 -0.07849051577973643 0
3827 -0.9649599895014254 -0.0751174125941738 0
3828 -0.9576334353894073 -0.06962404931315522 0
3829 -0.9493867117712804 -0.07446768429435476 0
3830 -0.9503369431050115 -0.06459080736907985 0
3831 -0.9424561283139075 -0.06795538222776089 0
3832 -0.9187672305191167 -0.08522149857606766 0
3833 -0.9432099000551567 -0.05921518375201482 0
3834 -0.951253845816706 -0.05555350656117096 0
3835 -0.9118304280108919 -0.08800933759894498 0
3836 -0.9127159560832327 -0.08034364182237039 0
3837 -0.9052922203483859 -0.08346292096564488 0
3838 -0.9062841195193145 -0.07530541250498701 0
3839 -0.8986215154937058 -0.07848837707169015 0
3840 -0.8996926218585021 -0.07014695099262658 0
3841 -0.9075177641034973 -0.06696300134702832 0
3842 -0.9007263280113962 -0.06170633083996326 0
3843 -0.9088602251150029 -0.05837807131694709 0
3844 -0.9018462538167953 -0.05301072440478259 0
3845 -0.9101807516912135 -0.04963774458641 0
3846 -0.9440060850792584 -0.05029918195271178 0
3847 -0.8904396394033061 -0.07411553138060889 0
3848 -0.952260150942315 -0.04657502178916876 0
3849 -0.9031275382719919 -0.04410299455672995 0
3850 -0.8946966327712663 -0.04756037950150703 0
3851 -0.9115121621852614 -0.04074791337901962 0
3852 -0.9448239915284853 -0.04126854804079284 0
3853 -0.8959737992574803 -0.03847838938251939 0
3854 -0.953170626747724 -0.03742663158740223 0
3855 -0.9607261457145768 -0.04286134699685233 0
3856 -0.8874977953893721 -0.04196393047439611 0
3857 -0.886266008493069 -0.05111286199499738 0
3858 -0.8984974542673468 -0.08722100413108325 0
3859 -0.9196413966332777 -0.07715286396930526 0
3860 -0.9658325814371052 -0.06600649544212842 0
3861 -0.9352478806419692 -0.06280039964054253 0
3862 -0.9185129968267184 -0.04608504960587959 0
3863 -0.9199998598853294 -0.03730681919243235 0
3864 -0.7056176281481391 -0.5336647495039037 0
3865 -0.7146265060922519 -0.5294688795504555 0
3866 -0.9412097208738619 -0.1422179414153998 0
3867 -0.9482473867544192 -0.1477987583881402 0
3868 -0.9566776079269936 -0.1443687809753886 0
3869 -0.9554074664389444 -0.1533981031242195 0
3870 -0.9468985541691455 -0.1568872767125812 0
3871 -0.954127127758588 -0.1626084899906189 0
3872 -0.9455196025857042 -0.1661301385634999 0
3873 -0.9527881556940453 -0.1719387355623498 0
3874 -0.9441157941420407 -0.1755066622109835 0
3875 -0.6868020784781798 -0.5521001221401798 0
3876 -0.6858778632997802 -0.561880472438032 0
3877 -0.9516458280719048 -0.1813737412850419 0
3878 -0.9427763574999239 -0.1849712238896208 0
3879 -0.9503465074729275 -0.1909093688883033 0
3880 -0.9413904954275998 -0.1945327303433628 0
3881 -0.9616780092582795 -0.03353586486769917 0
3882 -0.7222051456965267 -0.6398717992094839 0
3883 -0.7131953775959365 -0.644068468112639 0
3884 -0.8186312046951703 -0.3291321851993686 0
3885 -0.8275921954408059 -0.324921658851296 0
3886 -0.8732129589467137 -0.1389291895492514 0
3887 -0.8721050490807349 -0.1478483780953124 0
3888 -0.8604872564321795 -0.4424999762470377 0
3889 -0.861354217904355 -0.4325989384000646 0
3890 -0.8069929963755965 -0.3630201985203213 0
3891 -0.9049797695489337 -0.1325325689243074 0
3892 -0.03358895961464482 -0.9034340355371105 0
3893 -0.03271191424699701 -0.9133690044240402 0
3894 -0.1412648939197888 -0.9578479676272169 0
3895 -0.1331256181122912 -0.9521411339406526 0
3896 -0.030693223492922 -0.9431644573435569 0
3897 -0.7747816525711775 -0.4349906882056392 0
3898 -0.8061183687185435 -0.3729015323739128 0
3899 -0.1915516552409328 -0.8774736090748162 0
3900 -0.1834138796275131 -0.8717694397847208 0
3901 -0.7518401161442938 -0.5975819417234217 0
3902 -0.7599803296205141 -0.6032861423934998 0
3903 -0.969795546842797 -0.09783491626663193 0
3904 -0.8590455627663502 -0.2630008017198078 0
3905 -0.8500633033482569 -0.2671851433682488 0
3906 -0.4798388958317863 -0.7432479599461888 0
3907 -0.4888462785885189 -0.7390536326126803 0
3908 -0.4708313561988767 -0.7474421458130959 0
3909 -0.04456741924120223 -0.8795477935791545 0
3910 -0.03432541904448787 -0.8838736021153937 0
3911 -0.8299928855712628 -0.4946960568143135 0
3912 -0.8308603782225528 -0.484794381586896 0
3913 -0.9297855332092958 -0.1226658637171599 0
3914 -0.7410947504099673 -0.6215766691784241 0
3915 -0.8886932123407905 -0.03274479997360218 0
3916 -0.9101448685462806 -0.1060409385640031 0
3917 -0.8795993627071552 -0.1531248049381314 0
3918 -0.8711910563107322 -0.1571305833403813 0
3919 -0.8635143550203079 -0.1516461867930611 0
3920 -0.9128635418619011 -0.03164225665313406 0
3921 -0.9455356533754223 -0.03244097266606744 0
3922 -0.1488978479899954 -0.8682766127299765 0
3923 -0.157216939253949 -0.8743749640965987 0
3924 -0.1578627964535508 -0.8639911792149144 0
3925 -0.9490276098552565 -0.200502131632201 0
3926 -0.9400167333182857 -0.2041409776289631 0
3927 -0.947695679108434 -0.2101581503687718 0
3928 -0.9386289758283648 -0.2138173314620803 0
3929 -0.8789648023849196 -0.04550639751388241 0
3930 -0.8782817550584344 -0.0547492119883507 0
3931 -0.9367197688623208 -0.1696198580047785 0
3932 -0.9312897964392285 -0.08527293574583934 0
3933 -0.8497433050325928 -0.4665015888163938 0
3934 -0.9265109162295107 -0.2787969656608902 0
3935 -0.9272634385382517 -0.269071513255381 0
3936 -0.9256596696711569 -0.2886764570916694 0
3937 -0.8421277205548441 -0.2618849115420349 0
3938 -0.8411035339219366 -0.2714320268673194 0
3939 -0.862700309832142 -0.1608973705294151 0
3940 -0.8703523470058361 -0.1665382368739708 0
3941 -0.8603335532605915 -0.1708185011272134 0
3942 -0.8693113661955852 -0.1761519877305586 0
3943 -0.8607756873263583 -0.1802682162376725 0
3944 -0.8686613373762675 -0.1857558136665041 0
3945 -0.859876423481919 -0.1898379482318528 0
3946 -0.8678322526987963 -0.1954338316034103 0
3947 -0.8589835823151768 -0.1995278217511123 0
3948 -0.8669884373533852 -0.2051235216880873 0
3949 -0.8579950916369375 -0.2089970233953716 0
3950 -0.5164702467876201 -0.8217298887274774 0
3951 -0.5074086799005887 -0.8258490500796676 0
3952 -0.4990589604509093 -0.8198244735351806 0
3953 -0.4981939680274359 -0.8297366168022348 0
3954 -0.4900058217730443 -0.8239561915743918 0
3955 -0.4891419590070119 -0.8338701394744141 0
3956 -0.4809962786881135 -0.8281538408161381 0
3957 -0.4801243849393531 -0.8380556803282133 0
3958 -0.4719838583004541 -0.8323472704029664 0
3959 -0.4711120893630161 -0.8422491645641055 0
3960 -0.4629729313757153 -0.8365427809191633 0
3961 -0.4621009273847347 -0.8464442699867223 0
3962 -0.4539620386569681 -0.8407382748515284 0
3963 -0.4530900078057326 -0.8506396913613226 0
3964 -0.4449513102308851 -0.8449336531310939 0
3965 -0.4440367287769221 -0.8553171182160632 0
3966 -0.4359334215686749 -0.8492094744329016 0
3967 -0.4349191419137574 -0.8595975798221619 0
3968 -0.4269037440900024 -0.8534323319535382 0
3969 -0.4259298375273564 -0.8633297863203687 0
3970 -0.4178932799381683 -0.8575552560857931 0
3971 -0.417021163832936 -0.867444602359738 0
3972 -0.4088995389119268 -0.861725196444232 0
3973 -0.4080302101242672 -0.8716223054724725 0
3974 -0.3998950029018816 -0.8659132685939356 0
3975 -0.3990237786387253 -0.8758135815131697 0
3976 -0.3908858871154908 -0.8701069111500255 0
3977 -0.3900139964648233 -0.8800080352755765 0
3978 -0.3818753755801414 -0.8743020630926559 0
3979 -0.3810034139113283 -0.8842032628700345 0
3980 -0.3728646701757116 -0.8784973730349195 0
3981 -0.3719926581988015 -0.8883986502587177 0
3982 -0.3638538581767834 -0.8826928152277183 0
3983 -0.362981846166993 -0.8925940947375821 0
3984 -0.3548430218544144 -0.8868882547629188 0
3985 -0.3539630013098165 -0.896772363548948 0
3986 -0.3458308249210261 -0.8910808357250197 0
3987 -0.3449505790829275 -0.9009644980118678 0
3988 -0.3368194507023448 -0.8952752598824808 0
3989 -0.3359473483883802 -0.9051764535602154 0
3990 -0.3278097234302892 -0.8994733014030165 0
3991 -0.3269378966003251 -0.9093751374852741 0
3992 -0.3187992054502687 -0.9036697449725262 0
3993 -0.3179273216158146 -0.913571468108753 0
3994 -0.3097884140980976 -0.907865522554575 0
3995 -0.3089163380158473 -0.9177670921058512 0
3996 -0.3007773209515643 -0.9120611213596466 0
3997 -0.2999052740146376 -0.921962697420599 0
3998 -0.2917662506582852 -0.9162566447397261 0
3999 -0.2908941604220964 -0.9261582813032448 0
4000 -0.2827586969912316 -0.9204471647204002 0
4001 -0.28189083504615 -0.930343361018825 0
4002 -0.4250050184568087 -0.8731349755372874 0
4003 -0.5254998828263848 -0.8171757846488925 0
4004 -0.1932956398446444 -0.8576778740562548 0
4005 -0.4520309720605595 -0.8613593579109703 0
4006 -0.3983337758507278 -0.8861060383114895 0
4007 -0.7797389683912306 -0.5750874935785215 0
4008 -0.7806077388675413 -0.5651866022658006 0
4009 -0.7788695130829812 -0.5849893513720049 0
4010 -0.03651022055172413 -0.968683800932703 0
4011 -0.04466970613836536 -0.9743992193645529 0
4012 -0.7668378114187662 -0.4293071691278594 0
4013 -0.5914283197448018 -0.6533120795575057 0
4014 -0.6004363032472229 -0.6491164264795164 0
4015 -0.8192467249945603 -0.5186979133309155 0
4016 -0.8102371527084677 -0.5228964192067702 0
4017 -0.9693292012021768 -0.0390692869371973 0
4018 -0.9703383535381437 -0.02957645190558256 0
4019 -0.3801315089284249 -0.8941046247919889 0
4020 -0.8195662495676814 -0.319231856157491 0
4021 -0.8284776239307426 -0.3150254122547509 0
4022 -0.8203463816629946 -0.3093273378664076 0
4023 -0.8293336805691904 -0.3051303184042019 0
4024 -0.8374642372522605 -0.3108267266623677 0
4025 -0.8383271045441854 -0.300933937230778 0
4026 -0.8307298796968473 -0.2952754956829184 0
4027 -0.946352579994689 -0.2198609097404437 0
4028 -0.9372423946089248 -0.2235441243011433 0
4029 -0.9449968892188229 -0.2296080428351271 0
4030 -0.9358557616787027 -0.2333025600640491 0
4031 -0.9436369433655761 -0.2393819096531249 0
4032 -0.9344718731815733 -0.243081062389842 0
4033 -0.7461398930278049 -0.46738867799786 0
4034 -0.7452955096642141 -0.4772886906888992 0
4035 -0.7532929019308284 -0.4829779501889329 0
4036 -0.7442915801848184 -0.4871748207211302 0
4037 -0.736765295043678 -0.4818600434015175 0
4038 -0.7354412053289124 -0.4915958908900616 0
4039 -0.7434273167873877 -0.4971082309103028 0
4040 -0.7344219196488071 -0.5013110088738502 0
4041 -0.7470988779760699 -0.4579322209698301 0
4042 -0.2377590854336251 -0.9414058275549778 0
4043 -0.9323847686655009 -0.1981249393389896 0
4044 -0.5620840019702231 -0.7903971393651079 0
4045 -0.5534686457443855 -0.7945021553087046 0
4046 -0.5710913682728957 -0.7862009873731142 0
4047 -0.4792511615260565 -0.847955350658432 0
4048 -0.1322525771634618 -0.9620438599431044 0
4049 -0.1241154700208525 -0.9563365006894367 0
4050 -0.1408670280380357 -0.8629844746750488 0
4051 -0.1319564011098859 -0.8672272714976131 0
4052 -0.9732932814659885 -0.07158331463260843 0
4053 -0.7214841786889277 -0.6497865696633456 0
4054 -0.7123496352939727 -0.6539728487378567 0
4055 -0.7206429574552953 -0.659691144529011 0
4056 -0.7114880235906821 -0.6638756679122526 0
4057 -0.7033240032282617 -0.6581687941930474 0
4058 -0.7024508569879764 -0.6680704476883045 0
4059 -0.694306772967909 -0.6623642363339916 0
4060 -0.6934348438967739 -0.672266769901254 0
4061 -0.1935822598611886 -0.9524801135898335 0
4062 -0.2025924104201895 -0.9482845318656381 0
4063 -0.3620933418689867 -0.9028410046968812 0
4064 -0.9214144636672251 -0.02820172045577993 0
4065 -0.158415308239659 -0.9593589609238938 0
4066 -0.7064870937783986 -0.5237667744507662 0
4067 -0.7154950669756583 -0.51956853289038 0
4068 -0.7236384880121614 -0.5252667805940225 0
4069 -0.2021905540705616 -0.8536445088211124 0
4070 -0.02454249179783755 -0.9076414070108456 0
4071 -0.02834775502031836 -0.9629637762845685 0
4072 -0.02747572844453203 -0.9728941857909987 0
4073 -0.7979521698574478 -0.367140206160636 0
4074 -0.7262469956544171 -0.495565397829984 0
4075 -0.1232397351175833 -0.9662396842565208 0
4076 -0.1151035407360748 -0.9605346213563899 0
4077 -0.8994499031786036 -0.1185016182802423 0
4078 -0.5545240679602441 -0.6799921332123301 0
4079 -0.8707247748750115 -0.2295236563479242 0
4080 -0.9385041379175959 -0.08816256506183606 0
4081 -0.8389941284004376 -0.4904851423981296 0
4082 -0.9284561037123495 -0.2272705408810727 0
4083 -0.7305684552789892 -0.6454031594925324 0
4084 -0.9191014548587728 -0.2634479845034671 0
4085 -0.2836278896441229 -0.9105499308637723 0
4086 -0.310660562066573 -0.8979642447351962 0
4087 -0.05369811750658013 -0.9701949570973686 0
4088 -0.4097747328843382 -0.8518215916905929 0
4089 -0.4368116319231302 -0.8392411308274808 0
4090 -0.09067466996309312 -0.9434463421253507 0
4091 -0.08979753599952711 -0.9533583016583451 0
4092 -0.4638453927778714 -0.8266413185888692 0
4093 -0.5635310860790417 -0.6757976218057477 0
4094 -0.08078145836422461 -0.9575593810819343 0
4095 -0.08892682888718925 -0.9632699032282031 0
4096 -0.07991007996405454 -0.9674701067391058 0
4097 -0.226712633843743 -0.8705953120585784 0
4098 -0.2275834564019017 -0.8606971569778654 0
4099 -0.5527818138150056 -0.6997876245669503 0
4100 -0.5446455904022298 -0.6940842811240847 0
4101 -0.8125155252002516 -0.3983949525443585 0
4102 -0.7971076522119325 -0.377086175961942 0
4103 -0.7889404067666423 -0.3713226104378163 0
4104 -0.4699596550178496 -0.7573399384869977 0
4105 -0.4621076271097869 -0.7516611895340761 0
4106 -0.2194473252245965 -0.8549934266849327 0
4107 -0.2286566710539971 -0.8508171714013371 0
4108 -0.236624402260012 -0.856505780190095 0
4109 -0.2377352968343016 -0.8471111443730354 0
4110 -0.2456490916674412 -0.8523933804392005 0
4111 -0.2464692491459806 -0.8424110029040963 0
4112 -0.2546444676768157 -0.8481944927661764 0
4113 -0.2537378024035937 -0.8580191513507238 0
4114 -0.2627484699715978 -0.8538321812924989 0
4115 -0.2637321968052823 -0.8441761806357904 0
4116 -0.2717697642863793 -0.849668287876044 0
4117 -0.2727244626814753 -0.8399500921554595 0
4118 -0.2807768374754399 -0.8454735934500526 0
4119 -0.2818160652832609 -0.8359369238361491 0
4120 -0.2897980752985581 -0.8413093003427795 0
4121 -0.290923707036979 -0.831785119673488 0
4122 -0.2730965903481405 -0.8310886716504058 0
4123 -0.298824293880891 -0.8371269384723536 0
4124 -0.2997826691978981 -0.8272388328955071 0
4125 -0.3078098287773371 -0.8328757531050244 0
4126 -0.3085001918995042 -0.8234465211626367 0
4127 -0.3167650973406 -0.8287390198188955 0
4128 -0.3167515740107295 -0.8179314835551497 0
4129 -0.32563752793361 -0.8243340781569664 0
4130 -0.3266625643356759 -0.8145589984919741 0
4131 -0.3347726721528311 -0.8202413968385638 0
4132 -0.3356716674027339 -0.8103749470904538 0
4133 -0.3438014541581485 -0.816065891394417 0
4134 -0.3446984340465489 -0.8062193913911648 0
4135 -0.3528153236948105 -0.8118810828500039 0
4136 -0.3537034813505087 -0.8020194368795274 0
4137 -0.3618229787913499 -0.8076871131519927 0
4138 -0.3626970277954591 -0.7977850496998424 0
4139 -0.370848635099256 -0.8034820979681048 0
4140 -0.6733736200584606 -0.6056481746862117 0
4141 -0.6742435905841209 -0.595749540150915 0
4142 -0.6652358429867419 -0.599945600589866 0
4143 -0.6664994573640022 -0.5900814159198824 0
4144 -0.6566106562771815 -0.5931523618601803 0
4145 -0.6751803002717969 -0.5858560207036476 0
4146 -0.6672656877628517 -0.5804144281344273 0
4147 -0.6544866047577182 -0.6239398953081945 0
4148 -0.6553571518314044 -0.6140409154201076 0
4149 -0.6463494001248835 -0.6182367275183568 0
4150 -0.6472201220762238 -0.6083379357391223 0
4151 -0.6382121398576701 -0.6125343401833312 0
4152 -0.6390832374328019 -0.60263559950651 0
4153 -0.6355992625110976 -0.6422310439246309 0
4154 -0.6364703505164673 -0.6323317936383586 0
4155 -0.6274623122290059 -0.6365276022002548 0
4156 -0.6283326752954203 -0.62662939980009 0
4157 -0.6194291330288708 -0.6310470745097585 0
4158 -0.6193420764065014 -0.6207580088109911 0
4159 -0.6184722712933182 -0.640759805688867 0
4160 -0.6105728812494173 -0.6355693077293288 0
4161 -0.7828941981624272 -0.4406884917880314 0
4162 -0.6940033041841759 -0.5675582318888153 0
4163 -0.6852955093338126 -0.6665596922958814 0
4164 -0.6844234621112261 -0.6764633022503554 0
4165 -0.6762863327128673 -0.670754240619136 0
4166 -0.675413551877171 -0.6806579686529073 0
4167 -0.6835526551628053 -0.6863648262767282 0
4168 -0.6745422072422793 -0.6905616954874159 0
4169 -0.6664037626558917 -0.6848545075351768 0
4170 -0.6655318385586486 -0.6947584612875004 0
4171 -0.6736714222697264 -0.7004638425142261 0
4172 -0.6646608144620929 -0.7046606346803452 0
4173 -0.6565216168256802 -0.6989532595905044 0
4174 -0.6556502968731092 -0.7088569414031115 0
4175 -0.6475132341460869 -0.7031470744855045 0
4176 -0.6466402037769026 -0.7130529610767944 0
4177 -0.6385054113004289 -0.7073397016923934 0
4178 -0.6376307763698371 -0.7172457292630916 0
4179 -0.6457692581563126 -0.722954576485702 0
4180 -0.6367586534463907 -0.7271511224140352 0
4181 -0.6286211202700085 -0.7214419257902157 0
4182 -0.6277480378157794 -0.7313475811449207 0
4183 -0.6358873595491166 -0.7370536983717001 0
4184 -0.6268765479889136 -0.7412501045968278 0
4185 -0.6187369294772448 -0.7355447861206766 0
4186 -0.6178656610971525 -0.7454465726171091 0
4187 -0.6097262415916144 -0.7397412281364858 0
4188 -0.6088549243308006 -0.749642858372345 0
4189 -0.6007156142594638 -0.7439375641620096 0
4190 -0.5998442999802081 -0.7538390655094889 0
4191 -0.61708284627096 -0.7555381193181684 0
4192 -0.6105974505568517 -0.7298398417073038 0
4193 -0.5917067335897908 -0.7481244085773491 0
4194 -0.5437744039205394 -0.7039819378101284 0
4195 -0.5361304806558416 -0.6983219143803205 0
4196 -0.5348491536855584 -0.7081833523480642 0
4197 -0.5260851316459387 -0.7010789741954587 0
4198 -0.525682662078039 -0.7121392452135793 0
4199 -0.5170720641352764 -0.7069240209346719 0
4200 -0.5167529613681553 -0.7165645788851794 0
4201 -0.4609993993413292 -0.7615379967855233 0
4202 -0.4530500162410865 -0.7560102315345715 0
4203 -0.4519446305841087 -0.7657277590247548 0
4204 -0.4437425481760281 -0.7602043664474123 0
4205 -0.442926122368705 -0.7699515450937781 0
4206 -0.4350432055405463 -0.7646171290434187 0
4207 -0.7437003743852448 -0.5918776844861555 0
4208 -0.80209670739769 -0.5171929106269511 0
4209 -0.8012276332002709 -0.5270948131590312 0
4210 -0.8093683822671123 -0.5327981975957605 0
4211 -0.8003586696757742 -0.5369965452871285 0
4212 -0.7922183603567234 -0.531292499090638 0
4213 -0.7913487028281754 -0.5411936865520377 0
4214 -0.7994897942885429 -0.546896292653383 0
4215 -0.7724660237539386 -0.5594840163001567 0
4216 -0.8227199968732271 -0.4790921590177454 0
4217 -0.7425265599677395 -0.5069730168581552 0
4218 -0.5458069067604346 -0.7789850983381408 0
4219 -0.678029834457652 -0.6509503380292837 0
4220 -0.6402526522877529 -0.6875328988565397 0
4221 -0.8142537508449684 -0.378598988591357 0
4222 -0.2566465316569925 -0.923112689509741 0
4223 -0.8558115480613312 -0.3972011666970955 0
4224 -0.8648180142570318 -0.3930026674941084 0
4225 -0.8639512025453033 -0.4029021620522054 0
4226 -0.8729582719273474 -0.3987031507117106 0
4227 -0.8738243630704928 -0.388803757631467 0
4228 -0.8720913565155494 -0.4086035712443805 0
4229 -0.8819655263004765 -0.3945037232250212 0
4230 -0.882831788906743 -0.3846038810812975 0
4231 -0.8909732441101467 -0.3903043552097989 0
4232 -0.8918399927694268 -0.3804037565046818 0
4233 -0.8836982458555709 -0.3747037250581405 0
4234 -0.8927066485497538 -0.3705031425961031 0
4235 -0.8674146952373181 -0.3633092360830808 0
4236 -0.4339681372046942 -0.7741866077992839 0
4237 -0.4252110268799001 -0.7675732140468984 0
4238 -0.4248316770257489 -0.7781812274611322 0
4239 -0.416786974052997 -0.7726057753242318 0
4240 -0.4159000207382907 -0.7824815062800832 0
4241 -0.4077778285617638 -0.7767974009216508 0
4242 -0.5248753483463651 -0.7222294152572882 0
4243 -0.5158791970440448 -0.7264556518198342 0
4244 -0.5078423777624915 -0.7209663408043259 0
4245 -0.5068896938240419 -0.7306894798978507 0
4246 -0.4987548118660728 -0.7249945598241303 0
4247 -0.7882317538492588 -0.3810922595176814 0
4248 -0.4069048415878296 -0.7866922286608685 0
4249 -0.3987865050617272 -0.7810241984411267 0
4250 -0.3979024725449716 -0.7908947698200506 0
4251 -0.3897821453148815 -0.7852236599813376 0
4252 -0.4818678400268156 -0.8182507884126617 0
4253 -0.1674267047413024 -0.9551634926790106 0
4254 -0.8630843426347306 -0.412801475834093 0
4255 -0.3888964851800039 -0.7950908324747658 0
4256 -0.5277909784193633 -0.7873724477935988 0
4257 -0.871224400865088 -0.4185039991450517 0
4258 -0.05719721354677083 -0.930503541639861 0
4259 -0.1249912876935534 -0.9464350262106495 0
4260 -0.3827492894623026 -0.8644008414660449 0
4261 -0.3647277977476165 -0.8727918807384827 0
4262 -0.3467061201381145 -0.8811822626437937 0
4263 -0.3286843718991282 -0.8895727506962825 0
4264 -0.5737087059809182 -0.7564979881047946 0
4265 -0.5908356922538216 -0.7580237937743768 0
4266 -0.5989734299691722 -0.7637387775923898 0
4267 -0.5899644254819921 -0.7679246739898056 0
4268 -0.5981022891875045 -0.7736402197663699 0
4269 -0.09881850462354314 -0.9491506637767744 0
4270 -0.2746276783298989 -0.9147310651974571 0
4271 -0.04088154877064569 -0.9190844065942142 0
4272 -0.4807102658227228 -0.7333502237365694 0
4273 -0.03222281886597073 -0.92332482920606 0
4274 -0.7990850237507665 -0.3577133094573212 0
4275 -0.8491791740422676 -0.2770501394081106 0
4276 -0.9639286724028204 -0.1499162843593304 0
4277 -0.9650779799562015 -0.1409107728474052 0
4278 -0.4633440983610762 -0.7417787315188706 0
4279 -0.1846476194682048 -0.95656715465339 0
4280 -0.3807894388928317 -0.7894484525388896 0
4281 -0.7887197443868007 -0.5708271599774714 0
4282 -0.915085160199548 -0.0640758540488765 0
4283 -0.809207583959586 -0.3331236724183509 0
4284 -0.7074915294781643 -0.5141590571274177 0
4285 -0.3444303967414163 -0.911050949290471 0
4286 -0.8332333237335567 -0.2657806287654398 0
4287 -0.8321134150538068 -0.2755677637378139 0
4288 -0.9603429565884621 -0.1777549658579853 0
4289 -0.8528866067850982 -0.1848594583512093 0
4290 -0.8972705981228659 -0.02927837744867791 0
4291 -0.8802324356813367 -0.4143051378314306 0
4292 -0.5371993485010713 -0.6885793030621377 0
4293 -0.8584533605336931 -0.1208487634621391 0
4294 -0.05354369027082598 -0.875436796050735 0
4295 -0.06157960561533518 -0.8809418191146575 0
4296 -0.04467734567303858 -0.8687672067954236 0
4297 -0.02570108333303262 -0.898301714759058 0
4298 -0.3079278403757619 -0.9276585957380841 0
4299 -0.9365169792762486 -0.04508735104155298 0
4300 -0.2312216252987221 -0.8420558604316334 0
4301 -0.6778866247125466 -0.5564913344067142 0
4302 -0.6780628318775631 -0.5457200651150813 0
4303 -0.9682394189055564 -0.04843085097013452 0
4304 -0.8793652746733249 -0.4242065720394417 0
4305 -0.7014191099822408 -0.6776380966930853 0
4306 -0.5924083547866185 -0.6435221220512899 0
4307 -0.875750455204055 -0.2011518828818616 0
4308 -0.6965343874224635 -0.5283478058285225 0
4309 -0.9353972772668178 -0.2745159290000075 0
4310 -0.9364411649884989 -0.2653663090234568 0
4311 -0.8379863231868463 -0.500062469722778 0
4312 -0.5890264454774363 -0.7776877446921222 0
4313 -0.194323499892974 -0.8478227849935963 0
4314 -0.7401944092918 -0.631411921009561 0
4315 -0.29966568979131 -0.817051531050939 0
4316 -0.7556144539862868 -0.44355349356048 0
4317 -0.9072164401826253 -0.09916847499458689 0
4318 -0.8772424483606551 -0.1815214629935265 0
4319 -0.3261831088064813 -0.919110838898858 0
4320 -0.9742552845274075 -0.06246673174137685 0
4321 -0.9675829127546215 -0.1153182266876964 0
4322 -0.966734742825303 -0.1238783102992446 0
4323 -0.2456837163489775 -0.9466513878489 0
4324 -0.8901002432692439 -0.400191161580403 0
4325 -0.8694868418191423 -0.4383009379767865 0
4326 -0.8686188870183651 -0.448201584997779 0
4327 -0.9423835650390261 -0.2503925104368029 0
4328 -0.9006460101296465 -0.3760762810814962 0
4329 -0.9016802728716519 -0.3662818276976137 0
4330 -0.8935677745840565 -0.3605989103840584 0
4331 -0.9025799514989087 -0.3564026240815536 0
4332 -0.8743574547954636 -0.2108691669174835 0
4333 -0.9346252144706867 -0.1364351284424374 0
4334 -0.9444851124129442 -0.2708185017628411 0
4335 -0.4360680090350509 -0.7559609005078383 0
4336 -0.8503482165247114 -0.2035947285159457 0
4337 -0.8491203544203368 -0.21281761228143 0
4338 -0.6301077100605288 -0.6078324551918807 0
4339 -0.9342791125461187 -0.0714526588269912 0
4340 -0.9025034402640115 -0.1051719347425622 0
4341 -0.8244695335566888 -0.2690073876809266 0
4342 -0.7688569534773598 -0.598802369726522 0
4343 -0.8464610842461349 -0.3066314163506078 0
4344 -0.8473293074075763 -0.2967491102060759 0
4345 -0.7163882431115065 -0.5097166846497558 0
4346 -0.7071240841536514 -0.5035335078211235 0
4347 -0.8456010823531985 -0.3165263017466769 0
4348 -0.7335227353165337 -0.5111732203774147 0
4349 -0.5925792060635415 -0.7382223707823591 0
4350 -0.351944699985769 -0.8217712895791731 0
4351 -0.166213076906291 -0.8701525334910671 0
4352 -0.1670812876365909 -0.8602503697149515 0
4353 -0.3248989613084883 -0.834348421221331 0
4354 -0.6768871854427381 -0.5661099676453712 0
4355 -0.7756607944418821 -0.4250939318325047 0
4356 -0.9094463497444477 -0.3725610453881892 0
4357 -0.8357228582798394 -0.330617940222992 0
4358 -0.2978992395010811 -0.846937518085368 0
4359 -0.7416536209942676 -0.5168683420112826 0
4360 -0.1825419206183591 -0.8816676562482699 0
4361 -0.58068387002622 -0.6773197061157431 0
4362 -0.8430022030948964 -0.3462120336186413 0
4363 -0.6085744528189316 -0.6548183496616197 0
4364 -0.1653775380935948 -0.8801268681348224 0
4365 -0.5240121844613196 -0.7321602947516308 0
4366 -0.1555103387026985 -0.8942509965151169 0
4367 -0.4240301716133417 -0.788183656847144 0
4368 -0.4510695555865485 -0.7756316435583802 0
4369 -0.6951769920805004 -0.6524616674594033 0
4370 -0.1906793160374244 -0.8873722021900573 0
4371 -0.8665491058106892 -0.3732063273914599 0
4372 -0.6969181853934165 -0.632658298180649 0
4373 -0.8450715367445332 -0.421197741360062 0
4374 -0.2755029276171152 -0.9048313467181009 0
4375 -0.7515341155889846 -0.5027797221227579 0
4376 -0.2133447320103985 -0.9242880018079684 0
4377 -0.178178579269288 -0.9311663320270565 0
4378 -0.1348745383162648 -0.9323392262730992 0
4379 -0.2124721126403052 -0.9341889573191837 0
4380 -0.2206104392240644 -0.9398950948469711 0
4381 -0.7832099474622398 -0.5354886453359419 0
4382 -0.8944354313844616 -0.3507036582649657 0
4383 -0.9034278287988681 -0.3465010910114699 0
4384 -0.1203430108851603 -0.9011240672969471 0
4385 -0.1122038908869679 -0.8954144383859669 0
4386 -0.1031918316930144 -0.899608472294539 0
4387 -0.104064981492412 -0.8897056625098869 0
4388 -0.09503653007424175 -0.8939027883295988 0
4389 -0.09590981464006221 -0.8839966734844662 0
4390 -0.1049359425778223 -0.8798029343617456 0
4391 -0.09679707434386971 -0.8740944152316793 0
4392 -0.08778772925703907 -0.8782874925052401 0
4393 -0.1058112744505108 -0.8699014074220253 0
4394 -0.1139514687272896 -0.875610726601926 0
4395 -0.5358723356163013 -0.7929559927005388 0
4396 -0.5348024422474019 -0.8026836523347216 0
4397 -0.659141404709672 -0.6692418471536717 0
4398 -0.7428302769987514 -0.6017793223001571 0
4399 -0.7346909329716825 -0.5960746782777251 0
4400 -0.8317284215093692 -0.4748935099382762 0
4401 -0.8235874070098519 -0.4691920250315872 0
4402 -0.7823401685996249 -0.5453895321818667 0
4403 -0.6213628729506763 -0.7058240740144353 0
4404 -0.7896103521555695 -0.5609799539643373 0
4405 -0.7977822715342104 -0.5667435783733784 0
4406 -0.8987005801248082 -0.3012652534256282 0
4407 -0.9068289868713668 -0.3069554631396519 0
4408 -0.915820134774773 -0.3027593086419917 0
4409 -0.9149597820516503 -0.3126491395359468 0
4410 -0.9059681126446956 -0.3168433276756428 0
4411 -0.9140978366750723 -0.3225421787269317 0
4412 -0.9051019216784035 -0.3267369437864741 0
4413 -0.9132351325768114 -0.3324377537580083 0
4414 -0.9239573488813974 -0.3084502530323974 0
4415 -0.9144007099550464 -0.02293175867031702 0
4416 -0.2647779838015794 -0.9288172154324439 0
4417 -0.8662528477994551 -0.2785183454954209 0
4418 -0.9767935258167115 -0.04464703466558573 0
4419 -0.7680291465280973 -0.6089502256517859 0
4420 -0.759096101030841 -0.6131801392979928 0
4421 -0.3283550873582535 -0.804033216861467 0
4422 -0.9724933307268168 -0.1464268501614994 0
4423 -0.1401666786856143 -0.9672658083730854 0
4424 -0.8280755115912906 -0.5144654192325051 0
4425 -0.9331635209961722 -0.1450906811247018 0
4426 -0.9578303353895155 -0.1968158407074002 0
4427 -0.7674803569993975 -0.4193897289149268 0
4428 -0.7592906787758419 -0.4239967490686852 0
4429 -0.8549467109538192 -0.1553431103520945 0
4430 -0.5062838657374704 -0.8353684292501742 0
4431 -0.8413215475144467 -0.2081548702760509 0
4432 -0.6636496935258047 -0.7142613866229908 0
4433 -0.9621434295589786 -0.02472496875877818 0
4434 -0.1328683281537345 -0.8568980040685774 0
4435 -0.8584735730110971 -0.4622784321936989 0
4436 -0.2638133956289158 -0.9385084101841783 0
4437 -0.9815895438358521 -0.06775557734447787 0
4438 -0.8855395006889741 -0.0599518888960771 0
4439 -0.8768700147300127 -0.06408670339199589 0
4440 -0.1146450664357541 -0.8659722783107719 0
4441 -0.1068039227974967 -0.8602150238888493 0
4442 -0.5700551039906221 -0.7957428383734847 0
4443 -0.8704582974075158 -0.04994979192544757 0
4444 -0.8717251702719824 -0.03961415309355089 0
4445 -0.06253322868054348 -0.8712029948577593 0
4446 -0.07059871277587397 -0.8767427372543951 0
4447 -0.07210276740529925 -0.867922381362266 0
4448 -0.8903363072757401 -0.02365706531499099 0
4449 -0.8808278088193415 -0.02628160557571727 0
4450 -0.3545547098129581 -0.7920787671949695 0
4451 -0.9286586142427548 -0.03404948475215941 0
4452 -0.9300936523803831 -0.02481371951602781 0
4453 -0.8989807146141937 -0.3955984716277392 0
4454 -0.9516655295821771 -0.2449791305416552 0
4455 -0.7489938931496681 -0.6270517822635955 0
4456 -0.9222376800797952 -0.3282372098762946 0
4457 -0.4088295768460558 -0.7678561481632397 0
4458 -0.1851603310597389 -0.8519741366717172 0
4459 -0.9551763009543992 -0.216131362126616 0
4460 -0.9116224440372662 -0.3517279285008238 0
4461 -0.8634795536521851 -0.2239924078207204 0
4462 -0.8546225955458515 -0.2271321764792209 0
4463 -0.1140096562097479 -0.96997058876683 0
4464 -0.1060445394211643 -0.9646704708259872 0
4465 -0.1048561506872285 -0.974248242687572 0
4466 -0.8567154165273065 -0.4721933069586425 0
4467 -0.8487400126315049 -0.4763966138200415 0
4468 -0.970258319358524 -0.01851845128366505 0
4469 -0.9787324659682931 -0.02555671955314661 0
4470 -0.08826003416089162 -0.9727536691911098 0
4471 -0.07924493324949757 -0.9788858331102709 0
4472 -0.07092656751184356 -0.971921085273747 0
4473 -0.08895428755837953 -0.868997165359658 0
4474 -0.8828782883931965 -0.2067871679400588 0
4475 -0.05282526477202913 -0.9801138016013043 0
4476 -0.6707135061349178 -0.5611609435734219 0
4477 -0.947227309683664 -0.09972427409216662 0
4478 -0.8360486582363162 -0.2560948090243325 0
4479 -0.5248253919120021 -0.8271857976376324 0
4480 -0.719299615518382 -0.6694317739676883 0
4481 -0.4986152979272065 -0.716224040889049 0
4482 -0.4911031686470128 -0.7203827222733798 0
4483 -0.3816298393232606 -0.7794839711580008 0
4484 -0.8555716150769579 -0.1467165414286093 0
4485 -0.5790250964628348 -0.7921434702065255 0
4486 -0.5852624772281125 -0.6481401743560741 0
4487 -0.8986531564334512 -0.09631356766165672 0
4488 -0.1585594131966739 -0.8539965969171559 0
4489 -0.1677648493973269 -0.8506327382113219 0
4490 -0.7666663133567831 -0.6194044164473812 0
4491 -0.9279055140736387 -0.06602706794168244 0
4492 -0.9279732431754597 -0.05725816308561391 0
4493 -0.01917747777715374 -0.9674730879406948 0
4494 -0.5562700092767242 -0.6719267940662275 0
4495 -0.5632789975880553 -0.6672711686781977 0
4496 -0.2014944721896716 -0.9582404108797247 0
4497 -0.2104954084828887 -0.9535736760739925 0
4498 -0.779860152606722 -0.375998504572124 0
4499 -0.7383431778396894 -0.4608034673412222 0
4500 -0.7406005619112523 -0.4515167677619925 0
4501 -0.8264101453129165 -0.5242400894321404 0
4502 -0.9751673203249387 -0.1203967369509855 0
4503 -0.8988526451185277 -0.01850676041295366 0
4504 -0.9336615976210858 -0.2515880585222571 0
4505 -0.9261653134107504 -0.2472881339591432 0
4506 -0.3635613291524272 -0.7878846304544715 0
4507 -0.6292252584408634 -0.596989688045622 0
4508 -0.6397309713705338 -0.592994456293676 0
4509 -0.8883743554608229 -0.420006833922115 0
4510 -0.8418668999164258 -0.2179619197799856 0
4511 -0.8928879680301879 -0.1045689860667663 0
4512 -0.8911756394803084 -0.09655643543610194 0
4513 -0.631869950168631 -0.5867447670996933 0
4514 -0.1666913335227126 -0.9643215939573753 0
4515 -0.8873515201874232 -0.4296794553491854 0
4516 -0.121782640298773 -0.976634584047781 0
4517 -0.9050872808643643 -0.1119572478625783 0
4518 -0.9462231496807593 -0.2606147961398544 0
4519 -0.5345032815542164 -0.8222759872643216 0
4520 -0.01985591828047384 -0.9570889118376932 0
4521 -0.8229087410126824 -0.2798237322209483 0
4522 -0.5963980290337779 -0.7836070104834738 0
4523 -0.6071857385373987 -0.7696811731495656 0
4524 -0.2906546615713488 -0.9376337156130796 0
4525 -0.2807264913476221 -0.9406670570025563 0
4526 -0.1575641786844165 -0.9698815821350996 0
4527 -0.6358453813194328 -0.7483166922293611 0
4528 -0.6450660210600285 -0.7419391638372029 0
4529 -0.57836306510652 -0.8018093857165881 0
4530 -0.9368940400488841 -0.08022154591556376 0
4531 -0.9446344519296281 -0.08286431080689584 0
4532 -0.203375822590794 -0.8425605508516554 0
4533 -0.7797032299509375 -0.3861055864404604 0
4534 -0.7718574097003512 -0.3924333235628229 0
4535 -0.7797531926393027 -0.3967432981971071 0
4536 -0.7720888881419686 -0.4008932788918951 0
4537 -0.764113971189079 -0.398030819021704 0
4538 -0.04445213697887658 -0.984239655663659 0
4539 -0.8111914079117213 -0.3139792835967942 0
4540 -0.8120849942934905 -0.3040638690604358 0
4541 -0.8025319516353737 -0.3199076009125831 0
4542 -0.2368868504199696 -0.9513078638073302 0
4543 -0.8622275210362148 -0.09146483652537893 0
4544 -0.86328294676809 -0.08181656003319895 0
4545 -0.8708501814134939 -0.0877464409156383 0
4546 -0.8719028714507924 -0.07861793770270056 0
4547 -0.8787382501793372 -0.08401049898567177 0
4548 -0.8646254761452483 -0.07311918240229082 0
4549 -0.8800886700493085 -0.07424321865869969 0
4550 -0.8777703380397046 -0.09373789007465312 0
4551 -0.7663550169452169 -0.4084789323908485 0
4552 -0.1596220430374785 -0.8439021637608941 0
4553 -0.1492894861888944 -0.8585355941730404 0
4554 -0.5445419773704798 -0.827474517212559 0
4555 -0.5444206462245982 -0.8160634343032441 0
4556 -0.5539185967234853 -0.8127723792052125 0
4557 -0.5474799056784011 -0.8078406363649382 0
4558 -0.7809861071388419 -0.3666825125577707 0
4559 -0.9461006608520652 -0.1084109784379508 0
4560 -0.01862323792034152 -0.8578083650383246 0
4561 -0.0235298150608554 -0.8665944002698194 0
4562 -0.03393395101083806 -0.8668678326899464 0
4563 -0.03908639773779696 -0.8583408336621494 0
4564 -0.04924836196636587 -0.8584827912011402 0
4565 -0.884042443602417 -0.1085609270207226 0
4566 -0.5268540708475358 -0.8376902753408897 0
4567 -0.5168924040528297 -0.8337559311899683 0
4568 -0.8570196187551183 -0.04526286161314598 0
4569 -0.193971473322848 -0.8381123194845476 0
4570 -0.2142336426032421 -0.8399215891416351 0
4571 -0.2174203834184555 -0.830985437942536 0
4572 -0.2272614653513657 -0.8275230609755519 0
4573 -0.02865796990883971 -0.875250839684836 0
4574 -0.7279668046896621 -0.6656829310746644 0
4575 -0.8555685477788648 -0.07586113888002279 0
4576 -0.8578134381454974 -0.06563431535550746 0
4577 -0.8645455567864959 -0.0577334546221438 0
4578 -0.8493798741585505 -0.1248768559088023 0
4579 -0.8577206639384658 -0.1301009432016242 0
4580 -0.8665520052457174 -0.1255130260216843 0
4581 -0.01664773024819624 -0.9016102103592761 0
4582 -0.01570916080672651 -0.9115148094058833 0
4583 -0.8695398709846357 -0.09727401954372235 0
4584 -0.9124487511239121 -0.1376098243562197 0
4585 -0.9130203565449773 -0.1288574581106996 0
4586 -0.9059620889918925 -0.1243250750047297 0
4587 -0.920216991332242 -0.1338971350428147 0
4588 -0.9212214492942582 -0.1241591761751691 0
4589 -0.8470234161656157 -0.1499008391510848 0
4590 -0.01855638983171902 -0.8754185766350211 0
4591 -0.023447572188362 -0.8836536771231126 0
4592 -0.01383588553719711 -0.8846074878383083 0
4593 -0.8405441969268185 -0.1738455978537435 0
4594 -0.8500100974960867 -0.1711397959604433 0
4595 -0.838020607383439 -0.1833497872194331 0
4596 -0.9350390800280605 -0.008609022913609255 0
4597 -0.9392162408154585 -0.018139889917595 0
4598 -0.9499771991949607 -0.0160965860776539 0
4599 -0.9550062535250403 -0.008215495415182366 0
4600 -0.9137064192960459 -0.00859208392181696 0
4601 -0.858122115159257 -0.02520127564440617 0
4602 -0.8664832393570514 -0.02047022559148433 0
4603 -0.8661034671289906 -0.009418228612131641 0
4604 -0.87581222659348 -0.01638233025210185 0
4605 -0.8663317350562366 -0.03134743587127432 0
4606 -0.9806317139681409 -0.0776117227253299 0
4607 -0.5354186525010649 -0.8128000864905454 0
4608 -0.8507436361082692 -0.1148133902489305 0
4609 -0.8950396716762189 -0.008675990488501508 0
4610 -0.4726939344683297 -0.716714307803653 0
4611 -0.4806935307936971 -0.7106044412849638 0
4612 -0.7944608993838167 -0.3266248160836835 0
4613 -0.7996039759141205 -0.3355415966375768 0
4614 -0.7955363564977507 -0.3441806306713918 0
4615 -0.8058635708051549 -0.3435909044117055 0
4616 -0.7132600799944111 -0.4778637601560006 0
4617 -0.7179427905391925 -0.4884039781658375 0
4618 -0.7228000336423032 -0.4782190198543329 0
4619 -0.4557658299839927 -0.7272031404425465 0
4620 -0.8263357734626592 -0.2328803060852805 0
4621 -0.835372087706833 -0.2309432801719336 0
4622 -0.8334249701066967 -0.2398886535680253 0
4623 -0.8429258567079472 -0.2379492358030472 0
4624 -0.8404153850144431 -0.2469247682522148 0
4625 -0.8235618853253168 -0.2421208213451328 0
4626 -0.5057541632643101 -0.6936984376862682 0
4627 -0.4036652884195916 -0.7572605300441519 0
4628 -0.5216062154426387 -0.6815258866380921 0
4629 -0.5229460400352197 -0.6914835308856236 0
4630 -0.5293637328819669 -0.6752096725205383 0
4631 -0.8078896225457046 -0.2898036871009331 0
4632 -0.6838146708196426 -0.5191574337809565 0
4633 -0.4209726138084454 -0.7479996617239557 0
4634 -0.4206985345855102 -0.7580528769278971 0
4635 -0.4294516829671156 -0.7426787105258426 0
4636 -0.2653633612640888 -0.8162460470520433 0
4637 -0.2642417281220762 -0.82544928089539 0
4638 -0.2537966385434031 -0.829237072924229 0
4639 -0.2748718507941026 -0.8129458160368623 0
4640 -0.2830270640316549 -0.8178811457698131 0
4641 -0.7446169615770892 -0.4269490685799942 0
4642 -0.7494055827393786 -0.4352674788671578 0
4643 -0.5448930942556528 -0.662784933631836 0
4644 -0.1388985326670862 -0.8472789622580068 0
4645 -0.5605134484347942 -0.6498806346665003 0
4646 -0.5677824639863969 -0.6436444888971795 0
4647 -0.5701669908144854 -0.6535044569474336 0
4648 -0.6049408035604685 -0.6092811135348346 0
4649 -0.6076515612660127 -0.61878475720285 0
4650 -0.6007794930533576 -0.625046558275435 0
4651 -0.6145180652311955 -0.6120556547007922 0
4652 -0.09834556367347491 -0.8541584677390246 0
4653 -0.07851482667044871 -0.8545661133201324 0
4654 -0.672120513941449 -0.534695548663503 0
4655 -0.6822353270329515 -0.5355885863941453 0
4656 -0.6672389861263421 -0.5436367984268693 0
4657 -0.7018696546287898 -0.4941957259867223 0
4658 -0.3037126390269041 -0.8028709685317686 0
4659 -0.3111703382319965 -0.8094256276270528 0
4660 -0.3219211756750687 -0.796208195485721 0
4661 -0.3310139007635768 -0.7924762747182107 0
4662 -0.6461570514735724 -0.5653458583399638 0
4663 -0.6491797816873115 -0.5747498552519581 0
4664 -0.6558104599961148 -0.5675293909190182 0
4665 -0.6421329116629036 -0.5827582390119562 0
4666 -0.6523645100219408 -0.5840137580477337 0
4667 -0.6963906959259329 -0.5023895618368402 0
4668 -0.3949605590419986 -0.7626445953254504 0
4669 -0.4472360684809107 -0.7324836516002488 0
4670 -0.4467555935139406 -0.7419325500765083 0
4671 -0.4973844726876254 -0.6992304937563817 0
4672 -0.5068772466577691 -0.7028244753004704 0
4673 -0.6118538962112906 -0.6023021801178383 0
4674 -0.8174532332003022 -0.2617111603268774 0
4675 -0.5831128745444771 -0.6299414226514811 0
4676 -0.6523991642921644 -0.5580921115284385 0
4677 -0.7509143065150328 -0.4187647986841718 0
4678 -0.7186503928286077 -0.469479781574815 0
4679 -0.7273841185504972 -0.4701634849458313 0
4680 -0.2949720069558557 -0.8073275941942991 0
4681 -0.06892351166108143 -0.8548277952939314 0
4682 -0.973449624880262 -0.1373425240608109 0
4683 -0.8173347448664718 -0.2889715439384424 0
4684 -0.8978258798452555 -0.1275542367051181 0
4685 -0.7483525109933028 -0.6376587929748901 0
4686 -0.5907196909633717 -0.6230314187479955 0
4687 -0.5938025722208861 -0.633140101485128 0
4688 -0.7856527674744274 -0.3458344351738899 0
4689 -0.2463843239744695 -0.8224513796990346 0
4690 -0.2445879482573604 -0.8328520592820462 0
4691 -0.7296322250610798 -0.6554835047301593 0
4692 -0.7386056881293452 -0.65064415021079 0
4693 -0.9750088114740412 -0.008655166730905824 0
4694 -0.5470783944531216 -0.6729474702893488 0
4695 -0.4725242944777301 -0.7270864942571058 0
4696 -0.3798809456667241 -0.7992935199028628 0
4697 -0.9223206835658795 -0.3380683288029292 0
4698 -0.9859526026908966 -0.1034211589884738 0
4699 -0.9769750328472027 -0.1059035116448812 0
4700 -0.9871392683934759 -0.09353527949733856 0
4701 -0.9795960198973146 -0.08719333346732952 0
4702 -0.06166045442962703 -0.9754766366551159 0
4703 -0.8554684902232721 -0.3024463324615603 0
4704 -0.371761350003246 -0.7936554171514358 0
4705 -0.37898340735111 -0.8091859769938045 0
4706 -0.01843796195954918 -0.9771087075003899 0
4707 -0.02671432145264184 -0.9825264348249455 0
4708 -0.009483285528572419 -0.9644415797589829 0
4709 -0.01532071532396903 -0.9483925939998896 0
4710 -0.2845057880243753 -0.90064550114782 0
4711 -0.8563355410553288 -0.2925585686999188 0
4712 -0.8787248563666866 -0.2350059023902187 0
4713 -0.879632771778749 -0.2252708084312908 0
4714 -0.06970595197446976 -0.8866084250029589 0
4715 -0.9298166457927995 -0.2175115056109256 0
4716 -0.9214470621105006 -0.2223319298193882 0
4717 -0.886786261065127 -0.2406354408067435 0
4718 -0.07973513220039204 -0.8727581407876204 0
4719 -0.9276575302822311 -0.2371926343095475 0
4720 -0.7899797879639131 -0.3619199805477988 0
4721 -0.976660667359186 -0.1715042569537712 0
4722 -0.9693298088170519 -0.165258597680876 0
4723 -0.9751868748338752 -0.1808873795118796 0
4724 -0.4978668387144528 -0.7348663566140391 0
4725 -0.9102358750361084 -0.2674760809891105 0
4726 -0.9109823164680672 -0.2577431576059781 0
4727 -0.7172660190349707 -0.4995718694531495 0
4728 -0.07874550709140267 -0.8824829714303349 0
4729 -0.08687075738859121 -0.8881845969640698 0
4730 -0.08600814467186754 -0.8980788673883957 0
4731 -0.7326470906854283 -0.5210659851591422 0
4732 -0.7449403849175599 -0.4431809801373355 0
4733 -0.1759130572188068 -0.8564384476276891 0
4734 -0.05457078483885101 -0.9602695451319103 0
4735 -0.2798848585064236 -0.85532654898881 0
4736 -0.4897174348116937 -0.7291561261133944 0
4737 -0.3970272915920139 -0.8007903191037531 0
4738 -0.8780883540197438 -0.1719701519883105 0
4739 -0.4969877651408129 -0.7447565622143842 0
4740 -0.09969605617621209 -0.9392394396744091 0
4741 -0.1078426860891472 -0.9449391706892472 0
4742 -0.8952775846050776 -0.3408091895886647 0
4743 -0.9012772967602395 -0.2716413103924268 0
4744 -0.2618732197600087 -0.8637193724941038 0
4745 -0.2528622700169105 -0.867910181136517 0
4746 -0.1743903185747744 -0.8759406819089338 0
4747 -0.7764042502294541 -0.4155444979852293 0
4748 -0.7846696798759556 -0.4210582611321761 0
4749 -0.792774533306012 -0.4266227505707907 0
4750 -0.6017083871501068 -0.6397666704199327 0
4751 -0.6665120666971033 -0.5697495620909611 0
4752 -0.6759300909217005 -0.5759376859857923 0
4753 -0.6841249169029779 -0.581651482971531 0
4754 -0.03579688198396812 -0.9787638082454677 0
4755 -0.09154809709034706 -0.9335298076423847 0
4756 -0.8854254100582517 -0.3549064531305068 0
4757 -0.008008738675243886 -0.9349585162319447 0
4758 -0.01579761996228422 -0.9308621747558723 0
4759 -0.9338484694835706 -0.1885450479535056 0
4760 -0.9247948438389483 -0.1921007843193772 0
4761 -0.92346961813268 -0.2027053109860562 0
4762 -0.9312593650975576 -0.2079796872233212 0
4763 -0.696047857761118 -0.6425590670215485 0
4764 -0.6095266200924905 -0.6450540144852321 0
4765 -0.6292765846950492 -0.6171877909452186 0
4766 -0.7963938387664081 -0.3867713300421716 0
4767 -0.8393257725072647 -0.2910689223597033 0
4768 -0.1130764630691868 -0.8855113404142979 0
4769 -0.1220906068589095 -0.881322404387897 0
4770 -0.5519101597932722 -0.7096860846157107 0
4771 -0.5798069641560333 -0.6872055108376796 0
4772 -0.8845617173699709 -0.3648052305755266 0
4773 -0.09792136025860665 -0.8647665484089313 0
4774 -0.6561469167197159 -0.6039597033343097 0
4775 -0.8212570077716044 -0.2986376934415097 0
4776 -0.4690955935402664 -0.7672389994367796 0
4777 -0.572402975449408 -0.6719394594841988 0
4778 -0.1735263554979923 -0.8858532456978931 0
4779 -0.8755546267474514 -0.369007129561387 0
4780 -0.8348405911703122 -0.340516321183059 0
4781 -0.8438663880184629 -0.3363137767255028 0
4782 -0.8447340744083421 -0.3264212389186801 0
4783 -0.8537410376917689 -0.3222281060008146 0
4784 -0.8546045207439805 -0.3123366067757121 0
4785 -0.1816681586407229 -0.8915654796087599 0
4786 -0.07263009587710557 -0.9518482414878501 0
4787 -0.8215218449902637 -0.394196659048227 0
4788 -0.6373533296956841 -0.6225091696929652 0
4789 -0.8339798928069346 -0.3504124528877624 0
4790 -0.6167115039966793 -0.6605217772037025 0
4791 -0.6643519382481984 -0.6098141773320878 0
4792 -0.7245115961377279 -0.5153758020038126 0
4793 -0.7317773631301225 -0.5309680016064992 0
4794 -0.7227669352950237 -0.5351681817349188 0
4795 -0.5459171797273444 -0.6840109482316876 0
4796 -0.7253929181506603 -0.5054523305313277 0
4797 -0.6015879231989006 -0.7340344849112324 0
4798 -0.6024583396033873 -0.7241348472564418 0
4799 -0.6114762882221341 -0.719929605011526 0
4800 -0.4728563184164353 -0.8224457996985531 0
4801 -0.4647174706925741 -0.8167404926734804 0
4802 -0.4557084725696963 -0.8209347454782213 0
4803 -0.454835635433738 -0.830836539965394 0
4804 -0.4458243696883157 -0.8350345143954689 0
4805 -0.437687168419449 -0.829326844962016 0
4806 -0.4286766036064416 -0.8335217488480788 0
4807 -0.373739058696022 -0.8685964562118633 0
4808 -0.3656104554155051 -0.862885345442316 0
4809 -0.3557176596837315 -0.8769872789662936 0
4810 -0.3475902893579744 -0.8712754163216913 0
4811 -0.6536160197859002 -0.6338392157677462 0
4812 -0.471952240996154 -0.7374072201731583 0
4813 -0.3376956355137076 -0.8853768827486169 0
4814 -0.3295547154866245 -0.8796724229251804 0
4815 -0.3196740936175571 -0.8937686651336142 0
4816 -0.3115327789481849 -0.8880632372654351 0
4817 -0.3025302009176442 -0.8922531758166699 0
4818 -0.6988236845607694 -0.5182168426480878 0
4819 -0.6966924656929981 -0.538616948306493 0
4820 -0.6347278772835749 -0.6521306231389935 0
4821 -0.6158400757122987 -0.670421284217408 0
4822 -0.5811452705462808 -0.6564841509298783 0
4823 -0.7300336181214331 -0.5507701510239873 0
4824 -0.5420297971060767 -0.7237794395424212 0
4825 -0.6913902032487695 -0.5972558153007863 0
4826 -0.790160231286809 -0.456287321966027 0
4827 -0.4278022254142583 -0.8434228102188647 0
4828 -0.4187827284591494 -0.8476438501437302 0
4829 -0.4106567942542313 -0.8419149770148331 0
4830 -0.4016459440795234 -0.8461067476353248 0
4831 -0.4007690169738064 -0.8560125424882365 0
4832 -0.3917590977712301 -0.860204352230475 0
4833 -0.3836304272429129 -0.8544948058901716 0
4834 -0.5231391660721442 -0.7420696135364921 0
4835 -0.2249701629017781 -0.8903932937184781 0
4836 -0.2339798470706382 -0.8861983882834453 0
4837 -0.2348493290206881 -0.8762987596657372 0
4838 -0.7111465964661486 -0.5690628620710201 0
4839 -0.4501957567099586 -0.7855278388672986 0
4840 -0.2926423455107865 -0.9063545387551014 0
4841 -0.3016544061935396 -0.9021588138856809 0
4842 -0.4908854676442748 -0.8140655880122305 0
4843 -0.4827392086162803 -0.8083493605851678 0
4844 -0.4998976741455739 -0.8098718581248662 0
4845 -0.4231685517836656 -0.79811190929164 0
4846 -0.3871336152295181 -0.814889632167454 0
4847 -0.7559326445837069 -0.4538369041658748 0
4848 -0.360107265834624 -0.8274737637552733 0
4849 -0.3330685153627623 -0.8400569609696481 0
4850 -0.7910290385077798 -0.4463884020520277 0
4851 -0.8000362124414734 -0.4421895938707928 0
4852 -0.7918992345644674 -0.4364948087491802 0
4853 -0.2103080062648681 -0.8593748621001016 0
4854 -0.3060540459760596 -0.8526410758103314 0
4855 -0.5969521689573105 -0.688710838948462 0
4856 -0.5879435319811294 -0.6929068496278707 0
4857 -0.5690545481771325 -0.7111959855755612 0
4858 -0.8017765769361802 -0.4224010419533417 0
4859 -0.4862319166773869 -0.7687488885727713 0
4860 -0.18424581089401 -0.8619168454330369 0
4861 -0.6480920686977559 -0.5984373741409958 0
4862 -0.6196123462728217 -0.7256378808244144 0
4863 -0.7596658495344446 -0.508477382207963 0
4864 -0.8206538860755432 -0.4040955299509537 0
4865 -0.8133843835954466 -0.3884962803436219 0
4866 -0.7794165438430605 -0.4802838905109197 0
4867 -0.7704093372540128 -0.48448119265971 0
4868 -0.7695407903005469 -0.4943807726407003 0
4869 -0.7021392087741327 -0.5732594687041977 0
4870 -0.7012684693244692 -0.5831585152454937 0
4871 -0.6931322300436202 -0.5774556139577844 0
4872 -0.6454805388405144 -0.6281486725975156 0
4873 -0.1546386106124777 -0.9041503784101794 0
4874 -0.1636479735512258 -0.8999561016537881 0
4875 -0.6725009905987522 -0.6155426079033794 0
4876 -0.7634579894969877 -0.5636808646620788 0
4877 -0.8029659451414758 -0.5072912847076718 0
4878 -0.8137112833136746 -0.4832914720532157 0
4879 -0.2485119679521256 -0.9174080454706788 0
4880 -0.7712781316120291 -0.4745816753645665 0
4881 -0.131333804870204 -0.9714967701364979 0
4882 -0.7445705644928623 -0.5819763138426659 0
4883 -0.8752278202811677 -0.2743375667357421 0
4884 -0.7930881741745522 -0.5213900187261702 0
4885 -0.1645169763161587 -0.8900501569558481 0
4886 -0.6265942741542743 -0.6464327301459984 0
4887 -0.5007634775828529 -0.7999605313009959 0
4888 -0.5888160791284796 -0.6830104785254834 0
4889 -0.6573960754149833 -0.6890470019381052 0
4890 -0.7614074338737085 -0.4886778200646104 0
4891 -0.7497877450854706 -0.522574240654323 0
4892 -0.5196524649906726 -0.7816678111449011 0
4893 -0.2258409964107614 -0.8804939373272088 0
4894 -0.5655698166893568 -0.7507934600548176 0
4895 -0.546678495815334 -0.7690850145572909 0
4896 -0.7509686433638223 -0.6074811035292245 0
4897 -0.8099123836291253 -0.4280933433240057 0
4898 -0.7248144700592201 -0.6101692317882671 0
4899 -0.8084995159308833 -0.5426997733175384 0
4900 -0.8172905046280965 -0.5384823951835198 0
4901 -0.8079223029637222 -0.5529563169190473 0
4902 -0.7651952659838419 -0.5438811210315382 0
4903 -0.8334620821133167 -0.4550957666187447 0
4904 -0.5600463652673846 -0.7153908892777325 0
4905 -0.726553042359445 -0.5903693971451565 0
4906 -0.8313958802002448 -0.3801007218007191 0
4907 -0.5716470571059638 -0.6815593518595036 0
4908 -0.6821562113939563 -0.6962207125249302 0
4909 -0.6920578438818774 -0.6934644524769101 0
4910 -0.6818112862298215 -0.7061691844417329 0
4911 -0.1682981298936092 -0.9452619923699097 0
4912 -0.6077027707413536 -0.6647177692626567 0
4913 -0.6449365424706666 -0.732430778956904 0
4914 -0.6537183677448601 -0.7282083404958706 0
4915 -0.214217057767366 -0.9143876366989986 0
4916 -0.8365986786108648 -0.3207232131094606 0
4917 -0.2357254029501523 -0.8664008121528718 0
4918 -0.1790509153479817 -0.92126629952567 0
4919 -0.6175997953133228 -0.6506521393260315 0
4920 -0.7837800154869869 -0.4308248220463869 0
4921 -0.11772503768512 -0.9308335990917871 0
4922 -0.782022286259049 -0.4505866240878982 0
4923 -0.7622769058833969 -0.4787792527911225 0
4924 -0.06068757341681636 -0.8908263161549766 0
4925 -0.8532128862041952 -0.4268978319183071 0
4926 -0.2610032670525133 -0.873614393825161 0
4927 -0.8009070824560817 -0.4322987653016857 0
4928 -0.7364316484417569 -0.5762723866732643 0
4929 -0.7030108524905558 -0.5633638050292171 0
4930 -0.7103441334523516 -0.6732944678483663 0
4931 -0.6977882942129733 -0.622758482476838 0
4932 -0.6789006312687811 -0.6410505818782268 0
4933 -0.4772247673491293 -0.772943472933303 0
4934 -0.6849933836485306 -0.5717612647470173 0
4935 -0.8232588602013921 -0.3744012855112527 0
4936 -0.6600125860417457 -0.6593420837881032 0
4937 -0.6925982706760323 -0.682344984482612 0
4938 -0.6411244914652641 -0.6776332870661859 0
4939 -0.8166404700546916 -0.5484038011972353 0
4940 -0.8265403213482989 -0.544223080805371 0
4941 -0.807294660926219 -0.5628696248300948 0
4942 -0.6222356226631393 -0.6959240393372408 0
4943 -0.6260051307420048 -0.7511520467549361 0
4944 -0.6251341038273999 -0.761054221429758 0
4945 -0.6547243384978576 -0.7186329134903816 0
4946 -0.1988153309958324 -0.8930775202695902 0
4947 -0.1236588790484284 -0.862221282676938 0
4948 -0.7948264715277188 -0.5015882161662203 0
4949 -0.4971835979673936 -0.8393693160683851 0
4950 -0.6080991584747029 -0.7598047787489446 0
4951 -0.1563735279357179 -0.8843327713390347 0
4952 -0.5385414338986272 -0.7633791981769839 0
4953 -0.7166752459952823 -0.6044656583206973 0
4954 -0.5574312260491318 -0.7450894843503106 0
4955 -0.5609181360809127 -0.7054914279277756 0
4956 -0.7553182497441522 -0.5579783191108915 0
4957 -0.4702397762551341 -0.8521505737302679 0
4958 -0.4782506622010564 -0.8580346676396409 0
4959 -0.4870029569791364 -0.8537453409535783 0
4960 -0.4689049919832887 -0.8623605674678616 0
4961 -0.4680687145633159 -0.8728080084591088 0
4962 -0.4594789953676684 -0.8779713121739463 0
4963 -0.4512278804458859 -0.8725836065325354 0
4964 -0.442552341282148 -0.8775614153777287 0
4965 -0.4430620576908854 -0.8658831493335755 0
4966 -0.4926248405791038 -0.7942534484176199 0
4967 -0.8253220652883876 -0.4493938346755336 0
4968 -0.5115145985259444 -0.775963411846458 0
4969 -0.7041899002965315 -0.6482656223068045 0
4970 -0.244742483600221 -0.8622218510051495 0
4971 -0.4881095733796584 -0.8435834590177654 0
4972 -0.8055710741000873 -0.4775899421618107 0
4973 -0.4161392520395165 -0.8773289858304373 0
4974 -0.4243968820206251 -0.8834259772524156 0
4975 -0.4153135870638174 -0.8876943504588298 0
4976 -0.4142157299746822 -0.898114297520327 0
4977 -0.4329782948476025 -0.889405646603264 0
4978 -0.4064776977765536 -0.8920349082748573 0
4979 -0.4780972111581246 -0.7630445147986864 0
4980 -0.3893536215715371 -0.8903652357755005 0
4981 -0.3883682358945532 -0.9000345926845861 0
4982 -0.3793207695968754 -0.9041757025326377 0
4983 -0.3878262282957484 -0.9108530447788383 0
4984 -0.3705906429346455 -0.9094813176165094 0
4985 -0.3982050407531671 -0.8976537058839316 0
4986 -0.7849491708081932 -0.5156861685407652 0
4987 -0.8180792697661924 -0.5285645093972101 0
4988 -0.3711851279491212 -0.8985992324390528 0
4989 -0.361660692039816 -0.913314022840054 0
4990 -0.2403741050459202 -0.9117029593994319 0
4991 -0.3353548953413176 -0.9150588885147175 0
4992 -0.3342056463866912 -0.9249839030095811 0
4993 -0.7698375698816733 -0.5891392152303155 0
4994 -0.3170552851581897 -0.9234730204346928 0
4995 -0.2990332050588638 -0.9318642719301381 0
4996 -0.3067857346365434 -0.9364684529018154 0
4997 -0.7750715579725638 -0.5297839495253973 0
4998 -0.7312164652808073 -0.6355690581947374 0
4999 -0.8290696832006252 -0.5045357928621186 0
5000 -0.6726371422961548 -0.710014887703566 0
5001 -0.6814373866374179 -0.7169774232142068 0
5002 -0.1438846111510764 -0.9281446975752006 0
5003 -0.1925405299424721 -0.9628214902837904 0
5004 -0.1492638372180142 -0.9633491926092133 0
5005 -0.5617429934173876 -0.7996075446797883 0
5006 -0.5719639218413779 -0.7762997624931083 0
5007 -0.2296208659099915 -0.9356994201320762 0
5008 -0.2547627028372148 -0.9426043661860969 0
5009 -0.2522823407266929 -0.9517445186255067 0
5010 -0.5261591373045096 -0.8071507058375023 0
5011 -0.1996875696754261 -0.8831783748300684 0
5012 -0.3781168744318845 -0.819084769954965 0
5013 -0.8595714345256791 -0.4523971130357308 0
5014 -0.7873341050494279 -0.5806736441304099 0
5015 -0.7868569329660386 -0.590248308023686 0
5016 -0.2052074210063602 -0.9185823815362908 0
5017 -0.8360646975405734 -0.4253963933756327 0
5018 -0.6050235084829819 -0.7798231654711674 0
5019 -0.6162945414519876 -0.7656267250114792 0
5020 -0.5429159420060199 -0.713881827864297 0
5021 -0.8618771351581428 -0.3279279542590393 0
5022 -0.8421326134899516 -0.3561093968361178 0
5023 -0.8154466462437796 -0.4634913612554495 0
5024 -0.846805457875081 -0.4013995338902683 0
5025 -0.4609067819056037 -0.8567004413874073 0
5026 -0.677158371932198 -0.6608517614792084 0
5027 -0.658268809783247 -0.6791439637543184 0
5028 -0.2790256673854656 -0.8652259079457825 0
5029 -0.4072197169156012 -0.8817666949768759 0
5030 -0.2708860751199379 -0.8595320015138066 0
5031 -0.1700411998957292 -0.9254608719751456 0
5032 -0.5338957415078383 -0.7180307208469361 0
5033 -0.857544571864403 -0.3774046206998523 0
5034 -0.8992508415902019 -0.3857771246199448 0
5035 -0.1212161678507723 -0.8912230147794342 0
5036 -0.4600883693025616 -0.7714345571879867 0
5037 -0.1898058529075382 -0.8972717628321583 0
5038 -0.297043681723469 -0.8568368901130335 0
5039 -0.2889063908672935 -0.8511523639071945 0
5040 -0.2493827235907893 -0.9075073745663134 0
5041 -0.6832637718054119 -0.5915534462905614 0
5042 -0.5376695203704057 -0.7732791722263488 0
5043 -0.1752683657898449 -0.8660655860576004 0
5044 -0.6393789906049164 -0.6974353797045328 0
5045 -0.7059270610764767 -0.6284622355595775 0
5046 -0.1284829057485755 -0.9068338605943354 0
5047 -0.8682805089710467 -0.3534126994942016 0
5048 -0.9124522928288252 -0.3619541211912933 0
5049 -0.6870386547470105 -0.6467548310023614 0
5050 -0.6681492241253983 -0.6650469330396498 0
5051 -0.2287486832536098 -0.9456008454618956 0
5052 -0.2278753793190978 -0.9555034166626932 0
5053 -0.8764201289856788 -0.3591088818845776 0
5054 -0.6492599882211553 -0.6833385502221159 0
5055 -0.822390490312416 -0.3842987838108382 0
5056 -0.129354750074434 -0.8969325824246179 0
5057 -0.6922630539375226 -0.5873556264226863 0
5058 -0.620488718274815 -0.7157285275332679 0
5059 -0.7218932747515638 -0.5450687967210651 0
5060 -0.5205235185673764 -0.7717684456636454 0
5061 -0.8810980461905316 -0.4044021561139167 0
5062 -0.7782230390804937 -0.5945361934007516 0
5063 -0.5664395109105997 -0.7408941874792113 0
5064 -0.4592071751797647 -0.7813336690060426 0
5065 -0.8442047251849967 -0.4310975194245528 0
5066 -0.3069271877710091 -0.8427626213542108 0
5067 -0.1310989674300191 -0.8771318180095157 0
5068 -0.8656838657109586 -0.3831044383502528 0
5069 -0.491754238870291 -0.8041580820077829 0
5070 -0.3159223364862139 -0.8385709924492534 0
5071 -0.5321485092625368 -0.7378727118631243 0
5072 -0.07176164752062478 -0.9618081866186599 0
5073 -0.324060009173387 -0.8442550870991178 0
5074 -0.7355616622948526 -0.5861732694696258 0
5075 -0.2575159279237654 -0.9132118595259118 0
5076 -0.7399117248206881 -0.536672691927337 0
5077 -0.7939574834023896 -0.5114890829447862 0
5078 -0.5051234137600922 -0.7504590357130431 0
5079 -0.7643260707962711 -0.553781091570497 0
5080 -0.8145792486402611 -0.473391188694929 0
5081 -0.8549445937540008 -0.4071000884173057 0
5082 -0.7050573685185391 -0.6383634344783684 0
5083 -0.6303701494111681 -0.7016298290693924 0
5084 -0.3339001459271628 -0.8301346718652456 0
5085 -0.6033421625875797 -0.7142200509573604 0
5086 -0.7011612250940353 -0.6873299638055343 0
5087 -0.6948806698959267 -0.7019726582658932 0
5088 -0.0627032109154962 -0.9659549326547456 0
5089 -0.3429341379284541 -0.8259577573889448 0
5090 -0.4420673766858934 -0.7798385539863271 0
5091 -0.6636526215614134 -0.7241551391668617 0
5092 -0.1430124746823457 -0.938044949159353 0
5093 -0.5150095342342398 -0.7363588921460656 0
5094 -0.351096576410322 -0.8316703258593203 0
5095 -0.2043351161289243 -0.9284826845897676 0
5096 -0.5943359937136363 -0.7184109848846056 0
5097 -0.7523955888129701 -0.4928729385492139 0
5098 -0.8052728926976119 -0.3827580663888793 0
5099 -0.1340004658784994 -0.9422400241357873 0
5100 -0.1691692850039542 -0.9353611240863581 0
5101 -0.4746054280475629 -0.8026419197864439 0
5102 -0.8385134361850586 -0.5106005990814998 0
5103 -0.5745785897322285 -0.7465989462118697 0
5104 -0.5934520240512333 -0.7283277959536967 0
5105 -0.8896867115173099 -0.4100376158612274 0
5106 -0.874690332683651 -0.3789048765123341 0
5107 -0.8686993831502212 -0.4592716495564519 0
5108 -0.8772299980235908 -0.4538431294352395 0
5109 -0.102316729563195 -0.9095124083320539 0
5110 -0.5060013681050446 -0.7405621706195198 0
5111 -0.4330441790391109 -0.7840049245152032 0
5112 -0.3609521889537485 -0.8175764581093499 0
5113 -0.4737314507384692 -0.8125447407070725 0
5114 -0.3699641204034469 -0.8133816507455467 0
5115 -0.8044076018639821 -0.3926511241522201 0
5116 -0.2034632900607819 -0.9383833209342869 0
5117 -0.1773067298999465 -0.9410667972026466 0
5118 -0.4321751924865171 -0.7939101194753111 0
5119 -0.7605345274415757 -0.4985761166564449 0
5120 -0.7256828897156926 -0.6002692594184655 0
5121 -0.8880059791747787 -0.3252305164904062 0
5122 -0.7840797839776927 -0.5255874763699573 0
5123 -0.8627421313560666 -0.3180366222391827 0
5124 -0.8244542544823308 -0.4592929717830472 0
5125 -0.8763859207901628 -0.1913304863534388 0
5126 -0.5286611971457967 -0.7774731884430844 0
5127 -0.4565859439936283 -0.8110312614561401 0
5128 -0.8644762303216127 -0.2982645896833727 0
5129 -0.4150332899009547 -0.7923944529053373 0
5130 -0.21156219000719 -0.9440198384678995 0
5131 -0.02432040948353761 -0.9173094611221912 0
5132 -0.243858776965787 -0.8721052728312657 0
5133 -0.1764475898140731 -0.9509504038484381 0
5134 -0.854077702037856 -0.4169992049785687 0
5135 -0.4475767216001706 -0.8152261630383113 0
5136 -0.03456026875236654 -0.8941173035615787 0
5137 -0.922710157245245 -0.3183086859932151 0
5138 -0.9312116025105643 -0.3155570655802593 0
5139 -0.933212199046441 -0.3044957846995772 0
5140 -0.7338226900358198 -0.6059737149982034 0
5141 -0.4060320017743506 -0.7965951132305391 0
5142 -0.8325950834530085 -0.4649948407444222 0
5143 -0.0499139541467605 -0.9148730919973836 0
5144 -0.7742021218106855 -0.5396846879029351 0
5145 -0.7506587824151423 -0.512672102120197 0
5146 -0.7407820336099867 -0.5267694440727068 0
5147 -0.1757880156518547 -0.9603374769982108 0
5148 -0.4051555054656711 -0.8065013324239416 0
5149 -0.2519943554840803 -0.8778079134293701 0
5150 -0.4467010855457052 -0.8251305413076275 0
5151 -0.5330197612404395 -0.7279587644685777 0
5152 -0.7419622899231648 -0.6116774326410932 0
5153 -0.7733324076391899 -0.5495842307902279 0
5154 -0.8407124257382614 -0.4706967970810449 0
5155 -0.1258632339374842 -0.9365354212074238 0
5156 -0.2196934056237686 -0.9497131369847992 0
5157 -0.6861676892531803 -0.6566570877666882 0
5158 -0.5367896962832781 -0.7831581324185708 0
5159 -0.3880106407193999 -0.8049909935769582 0
5160 -0.06622424485348824 -0.9263013904587846 0
5161 -0.8398384359129764 -0.4805931864464371 0
5162 -0.7500598369420877 -0.6173422850156673 0
5163 -0.8622186681821224 -0.4226999870658288 0
5164 -0.429557613835583 -0.8236149342137756 0
5165 -0.5449350921462069 -0.7887239933617264 0
5166 -0.4205491025782538 -0.8278087405901597 0
5167 -0.7575702888550044 -0.6231841317894335 0
5168 -0.4196676048785193 -0.8377195549956626 0
5169 -0.8703592748781962 -0.4284016812823425 0
5170 -0.7814727756039417 -0.5552867975927553 0
5171 -0.8785950751843142 -0.4342052094706111 0
5172 -0.7904810051841351 -0.5510901489734361 0
5173 -0.4025305253492205 -0.8361969552864039 0
5174 -0.04816968368813727 -0.9347071320579344 0
5175 -0.6672771809773744 -0.6749499101258098 0
5176 -0.8905800931345884 -0.2955781181861931 0
5177 -0.09417430852443115 -0.9038026790040777 0
5178 -0.7309058309716957 -0.5408698485125443 0
5179 -0.3935213264841166 -0.8403917371524579 0
5180 -0.02972055345294922 -0.9530597826576247 0
5181 -0.7986242376289561 -0.5567946308962367 0
5182 -0.8061437841225267 -0.5721652178987187 0
5183 -0.8862857913600315 -0.3450122692556162 0
5184 -0.3926394083439237 -0.8503010814264252 0
5185 -0.8761014613392529 -0.2644805655288204 0
5186 -0.9166709453752157 -0.2928740223194367 0
5187 -0.3996479193113856 -0.7711041913775024 0
5188 -0.375500236287198 -0.848785920924753 0
5189 -0.1229002316017144 -0.8715809635807769 0
5190 -0.3746200257999882 -0.8586902959348361 0
5191 -0.9248534436516629 -0.2986014844042333 0
5192 -0.9331877871838918 -0.2941177326806604 0
5193 -0.6483870929167624 -0.6932423607995504 0
5194 -0.9382104688680185 -0.1603268954008591 0
5195 -0.9294733616018436 -0.1639843031282545 0
5196 -0.9260391256537545 -0.1735669190693857 0
5197 -0.9201953412772219 -0.1659985765541615 0
5198 -0.9349957514495798 -0.1791250647201341 0
5199 -0.9297958253297836 -0.154248066925452 0
5200 -0.9128828959401873 -0.2273062520811782 0
5201 -0.07698469170126376 -0.9022649935151614 0
5202 -0.05807053823777771 -0.9205872290251629 0
5203 -0.3574812576559844 -0.8571755957490051 0
5204 -0.1168532292218733 -0.9407334738709137 0
5205 -0.3565998613642288 -0.8670805321478057 0
5206 -0.3394622367184073 -0.865565142879719 0
5207 -0.2188683334557612 -0.9596859503953447 0
5208 -0.6294965080961555 -0.7115349645604661 0
5209 -0.9716322248801391 -0.2000998610670195 0
5210 -0.3385783299350078 -0.8754777646189452 0
5211 -0.9529334635737857 -0.2354287397975565 0
5212 -0.7108865616355472 -0.6903297933021347 0
5213 -0.3214456292728137 -0.8739474398733043 0
5214 -0.3205579199108982 -0.883868711729228 0
5215 -0.8897205382178071 -0.3054575025812701 0
5216 -0.3034268183296902 -0.8823346534091856 0
5217 -0.5844455886105002 -0.7325050704952174 0
5218 -0.2944181641695769 -0.8865299931735632 0
5219 -0.8477995147559001 -0.4862676716099408 0
5220 -0.2935267178981966 -0.8964497341842217 0
5221 -0.8680091001425795 -0.2588073132644629 0
5222 -0.9341924509739374 -0.284195257946231 0
5223 -0.2763988297628991 -0.8949168537629399 0
5224 -0.2673892244932676 -0.8991125373550597 0
5225 -0.5835746936205615 -0.7424065478757045 0
5226 -0.1159817721372542 -0.9506343385345066 0
5227 -0.5827037720638393 -0.7523064179498289 0
5228 -0.1069655826116304 -0.954838103314101 0
5229 -0.8978440099271241 -0.311146413445074 0
5230 -0.902099378103423 -0.2617872848184807 0
5231 -0.5818326583127879 -0.7622068967616726 0
5232 -0.04904361857801731 -0.9247922902407828 0
5233 -0.09792581978058096 -0.9590680352427827 0
5234 -0.8942736866681789 -0.1636556024313054 0
5235 -0.5809516030318571 -0.7720868329386963 0
5236 -0.09709590536665877 -0.9687863102005925 0
5237 -0.5799797191630576 -0.7818883546600881 0
5238 -0.08514467641526209 -0.9079915216118392 0
5239 -0.8876738674987361 -0.2308717035973424 0
5240 -0.8969828160201427 -0.3210349991807979 0
5241 -0.8961225612026377 -0.3309201961302731 0
5242 -0.2665054402730589 -0.9090168187738732 0
5243 -0.911629635460204 -0.247332577809262 0
5244 -0.04007260497016177 -0.9290032050394976 0
5245 -0.2656362155602626 -0.918916700797318 0
5246 -0.2737646931513062 -0.9246235674817657 0
5247 -0.2728335456176298 -0.9345529597017537 0
5248 -0.07785749135284056 -0.8923591861071254 0
5249 -0.8787476987692777 -0.1624208808007704 0
5250 -0.8671418554732422 -0.2686510686589323 0
5251 -0.9540958058204606 -0.2258976720232343 0
5252 -0.9618882436341073 -0.2395175017356526 0
5253 -0.03166032000752725 -0.9332603274224356 0
5254 -0.8927245975925742 -0.1825625909927541 0
5255 -0.8935871978731045 -0.05647684836006833 0
5256 -0.8776141838566558 -0.4442139458957768 0
5257 -0.9042604045991163 -0.3366052720341379 0
5258 -0.8482304683677023 -0.2868974748858453 0
5259 -0.912796917322017 -0.3422355084505305 0
5260 -0.8516434769222849 -0.1943197778203425 0
5261 -0.9910545205898519 -0.04493572056828816 0
5262 -0.8581625886279488 -0.2728464230682371 0
5263 -0.8572852554047883 -0.2827081203188772 0
5264 -0.9563608381465913 -0.2064261833913774 0
5265 -0.9674344797822464 -0.2194516898930149 0
5266 -0.8468671525086086 -0.4958212404921751 0
5267 -0.8553209724785753 -0.4913681327973947 0
5268 -0.9182873499033984 -0.05536088118526072 0
5269 -0.2708940355011676 -0.9447049423579182 0
5270 -0.9282591186759405 -0.04265691347621953 0
5271 -0.8401839999751222 -0.2812122023819089 0
5272 -0.9589124021379418 -0.1872221123270145 0
5273 -0.0683323328742613 -0.9815191022258896 0
5274 -0.9919057757986726 -0.02544046145265165 0
5275 -0.8647803886716289 -0.1431272913735901 0
5276 -0.9577355902675668 -0.13554700308807 0
5277 -0.3368614575356979 -0.8003075206137452 0
5278 -0.8989356484082842 -0.4044046321461885 0
5279 -0.162042190670924 -0.9782719480504225 0
5280 -0.8494655821442936 -0.5113048237229137 0
5281 -0.3519366406973304 -0.9269115378816336 0
5282 -0.932144652808484 -0.3328659340256964 0
5283 -0.9207657608196256 -0.3472648409501146 0
5284 -0.181274897191308 -0.9751278617462842 0
5285 -0.1043095386022578 -0.9845462198226945 0
5286 -0.8397535088916986 -0.5284584146198059 0
5287 -0.1430931187186723 -0.9812688576543993 0
5288 -0.9464487469267144 -0.2961174349882361 0
5289 -0.5119318813016924 -0.8494489063207968 0
5290 -0.8697163054397162 -0.4771735450175525 0
5291 -0.2014737666763569 -0.9689796941256235 0
5292 -0.08368485183040211 -0.9879378744088099 0
5293 -0.9194479890996102 -0.3703918990718028 0
5294 -0.9519428455226601 -0.2771808378711196 0
5295 -0.9542065992066356 -0.2678679201409133 0
5296 -0.6543765533657548 -0.7453424264160136 0
5297 -0.2866309589919334 -0.9491401853614537 0
5298 -0.7873646708201096 -0.6005070503371314 0
5299 -0.05360618943116314 -0.9895676525528292 0
5300 -0.9774180588501513 -0.03513001790492222 0
5301 -0.8078961550716738 -0.3532000586185267 0
5302 -0.8317361684044839 -0.2854499574564124 0
5303 -0.3533715632144618 -0.9071303233456726 0
5304 -0.95970598319301 -0.05198553336106768 0
5305 -0.8952112685140682 -0.1544197441826518 0
5306 -0.4858960500081595 -0.8642036680532466 0
5307 -0.8526509936140131 -0.2369300352488035 0
5308 -0.4064227520376061 -0.9040445825184912 0
5309 -0.9055562977210414 -0.09145460079055669 0
5310 -0.9720808986611722 -0.08080120032163975 0
5311 -0.9259892487609447 -0.1831634672889888 0
5312 -0.9812775889221572 -0.1427847791493686 0
5313 -0.9229448296170075 -0.01958832893007009 0
5314 -0.8802513597653741 -0.03649211502367717 0
5315 -0.9364210616316546 -0.05400422318755899 0
5316 -0.01119917380884844 -0.8661465123029251 0
5317 -0.9798497972234804 -0.1525052504262439 0
5318 -0.9132727132772108 -0.1205380526581336 0
5319 -0.9398812465227594 -0.1510571504121248 0
5320 -0.3438408125004666 -0.9209537587288925 0
5321 -0.36986853091293 -0.9195164919537855 0
5322 -0.9044224453474703 -0.03503596589910602 0
5323 -0.3910053301299239 -0.7751930566124861 0
5324 -0.9584761762819631 -0.06078459316585084 0
5325 -0.9477338024048499 -0.09006372949921768 0
5326 -0.9539251084956091 -0.02890338703686642 0
5327 -0.6869276674239917 -0.5277788751965744 0
5328 -0.8325090778386623 -0.2141691571353007 0
5329 -0.7582494890393603 -0.6394510770951041 0
5330 -0.3459121706561128 -0.7962029344803424 0
5331 -0.9161875351938434 -0.379698973350064 0
5332 -0.8917853902100182 -0.08330353760085714 0
5333 -0.8652506709101204 -0.2145770729784017 0
5334 -0.8861551790786473 -0.08951816459616692 0
5335 -0.9136885861819275 -0.07231711141404956 0
5336 -0.9360810323544957 -0.1280933086502253 0
5337 -0.8878407615585379 -0.1491879962309909 0
5338 -0.9372627170699808 -0.0365160065151598 0
5339 -0.7766454370751362 -0.6164559585010008 0
5340 -0.8149005621301855 -0.2714035839482491 0
5341 -0.6686069028433949 -0.73244019728802 0
5342 -0.9710067459587428 -0.155862687247666 0
5343 -0.5154259563726117 -0.6972978926659137 0
5344 -0.9586990402552191 -0.1269905440457147 0
5345 -0.4421658702712022 -0.8869220143148711 0
5346 -0.1286226740254558 -0.8482394500654176 0
5347 -0.3766376187456248 -0.771368760246919 0
5348 -0.9832078624042589 -0.1239411882815597 0
5349 -0.4331067444391888 -0.8790860178830401 0
5350 -0.3496491259078134 -0.7837871044533322 0
5351 -0.9784575718180082 -0.09661632062304118 0
5352 -0.4822342105467821 -0.7213962579375348 0
5353 -0.3730361485357163 -0.7837491233474415 0
5354 -0.9077503022042576 -0.3984646128517859 0
5355 -0.4601030560543871 -0.8672972156553049 0
5356 -0.3587599500185842 -0.7795921446065268 0
5357 -0.7970947970349392 -0.5775627881588274 0
5358 -0.8741115306294063 -0.1303057790103389 0
5359 -0.2556608985546105 -0.838613172440314 0
5360 -0.7391702553010296 -0.6409836039173872 0
5361 -0.9890787722824722 -0.07332935257739501 0
5362 -0.8926073166687036 -0.0651125432802194 0
5363 -0.7304700640303311 -0.4537320800873491 0
5364 -0.2285121793328092 -0.9649733145669028 0
5365 -0.2773678059229475 -0.9521193150439622 0
5366 -0.9282145543526956 -0.1306826719826787 0
5367 -0.9685527230314925 -0.1071955616883382 0
5368 -0.9058190779291714 -0.02575680577003416 0
5369 -0.2913432634126232 -0.8226083985936065 0
5370 -0.6471935212156112 -0.7516925622976853 0
5371 -0.8869933073862375 -0.1583416166709807 0
5372 -0.4949074829376029 -0.859061101260717 0
5373 -0.959674935221595 -0.249464062373328 0
5374 -0.4340958568850241 -0.869765487379027 0
5375 -0.5722080016223433 -0.6624395031922899 0
5376 -0.8106853853203069 -0.3238549188451193 0
5377 -0.9160800481193634 -0.1893630283764952 0
5378 -0.4640726266356111 -0.7318591872614324 0
5379 -0.8961996519103633 -0.4259704522697418 0
5380 -0.009776627848637393 -0.9845250174098448 0
5381 -0.9670148353613486 -0.05718016000780283 0
5382 -0.9905878200678175 -0.01554521243035765 0
5383 -0.2491302368271362 -0.9604014549452057 0
5384 -0.109119683038077 -0.8512315126300116 0
5385 -0.6210201862369618 -0.6048703091214049 0
5386 -0.7350912210521057 -0.4435080948282005 0
5387 -0.3158359194511287 -0.9329393376989046 0
5388 -0.9624302131662041 -0.1592158737928128 0
5389 -0.333489266523249 -0.9342630038446693 0
5390 -0.9898628828008156 -0.06392601172884457 0
5391 -0.6585374887366259 -0.5767234482336774 0
5392 -0.8041327007218635 -0.2991710850205914 0
5393 -0.1692706651759368 -0.8412358282208144 0
5394 -0.7255943436001479 -0.6760312475300405 0
5395 -0.0961743791979274 -0.978180937621369 0
5396 -0.9807327302291491 -0.01634774032932557 0
5397 -0.1833845399374709 -0.9661168470903161 0
5398 -0.9194300509561799 -0.2534056818476594 0
5399 -0.6879431247487231 -0.5427853498515627 0
5400 -0.8861622079905593 -0.1676868960242867 0
5401 -0.5445558904240884 -0.7998602941482561 0
5402 -0.02449964551578281 -0.9917277055057572 0
5403 -0.8839001106222131 -0.1966495587468516 0
5404 -0.6247789150936193 -0.7705535877376384 0
5405 -0.0236859272790716 -0.9370424272228696 0
5406 -0.7364648888818739 -0.4711088090779466 0
5407 -0.01934310476338634 -0.8921396067534105 0
5408 -0.965890413759203 -0.1322221418605735 0
5409 -0.9753473757198374 -0.0535702490729406 0
5410 -0.9306200551330677 -0.07820507774438139 0
5411 -0.5877026864488888 -0.7882388052677848 0
5412 -0.3526677746137262 -0.9171128419401047 0
5413 -0.9428017579656635 -0.280482198119932 0
5414 -0.007844611066740503 -0.9051353911371083 0
5415 -0.9381216578545853 -0.02775878168843169 0
5416 -0.8336309794528894 -0.2031697147754567 0
5417 -0.8853491423816627 -0.177207885510738 0
5418 -0.9824020652105176 -0.05869853920207764 0
5419 -0.9156085883497262 -0.1980938650063143 0
5420 -0.5384027519529935 -0.6785727889128256 0
5421 -0.9610887691442049 -0.1684036421122233 0
5422 -0.8557912798470255 -0.4817565722597554 0
5423 -0.8982348426820972 -0.1113330818750371 0
5424 -0.1862512332295114 -0.8428363554156874 0
5425 -0.9402861685230929 -0.3139805145903682 0
5426 -0.4959409228240328 -0.8486270381520278 0
5427 -0.07393080394490646 -0.9896815823602285 0
5428 -0.7280583209313332 -0.4857878068721466 0
5429 -0.9089289301581692 -0.01674494327585888 0
5430 -0.4450518922742637 -0.7510291044250913 0
5431 -0.9286614442575561 -0.2582719110312093 0
5432 -0.787006044369355 -0.4016795736549149 0
5433 -0.8843576353772674 -0.1004604486712832 0
5434 -0.7584004892542869 -0.4333584406922419 0
5435 -0.8852660522705975 -0.06772361486164936 0
5436 -0.2638754191758312 -0.834752411783598 0
5437 -0.2340301867052471 -0.8337942441533757 0
5438 -0.8348749914490441 -0.521154659944658 0
5439 -0.08158160050863748 -0.8630713926044642 0
5440 -0.2118475834749118 -0.8492829173741463 0
5441 -0.007767972426593821 -0.9446663301982073 0
5442 -0.9308031076817909 -0.01620388881648268 0
5443 -0.9744841663661284 -0.1284575094338726 0
5444 -0.9710558288892044 -0.08979721047897327 0
5445 -0.8846083502488991 -0.1869346525645055 0
5446 -0.7952045679140629 -0.5933892603738768 0
5447 -0.4554673733103896 -0.7367512563260414 0
5448 -0.2216542778053952 -0.8454074361822754 0
5449 -0.8240635676999691 -0.5535914091285538 0
5450 -0.3253514909254056 -0.9286119126763815 0
5451 -0.84457805986656 -0.2279487051164731 0
5452 -0.1232694289427747 -0.9854696026245375 0
5453 -0.968230932595139 -0.1742823872756736 0
5454 -0.5847094737254466 -0.638884978898575 0
5455 -0.8254917505824491 -0.5338652463443201 0
5456 -0.2614547576829626 -0.9486143279500443 0
5457 -0.8911532431647192 -0.2022484036257325 0
5458 -0.7877430103464974 -0.391547506163408 0
5459 -0.9599697807615394 -0.01571908122742206 0
5460 -0.5073758138633244 -0.7118408002993295 0
5461 -0.5616470831296503 -0.8175774940791968 0
5462 -0.007424578869873704 -0.9150866192339628 0
5463 -0.319744930852452 -0.8079927525413995 0
5464 -0.922183035706674 -0.2127573049491708 0
5465 -0.8529966761353227 -0.1634153221144458 0
5466 -0.8900353920819055 -0.2123544293707641 0
5467 -0.9208672241123044 -0.0689485653939144 0
5468 -0.8270097479786555 -0.2587351557265787 0
5469 -0.8811979073650859 -0.2166931520171828 0
5470 -0.6110021544773998 -0.6268646117070864 0
5471 -0.05537837769804953 -0.8658712160938711 0
5472 -0.9268921213969235 -0.1391754328886813 0
5473 -0.7721915278943104 -0.371941711432044 0
5474 -0.7921139646528569 -0.3526262868233916 0
5475 -0.1471536368312477 -0.9725267025822241 0
5476 -0.6326144026495739 -0.7647127093937893 0
5477 -0.8032979592426408 -0.3278105209794627 0
5478 -0.710332081896789 -0.4943415273417406 0
5479 -0.8722969901457931 -0.2205079001190078 0
5480 -0.8302475208561995 -0.2486167113040355 0
5481 -0.2206304806709773 -0.9687830320311877 0
5482 -0.5045862373530927 -0.8444205364040388 0
5483 -0.8752384567057628 -0.006959425324613324 0
5484 -0.8845896372946951 -0.01789031300308038 0
5485 -0.9229699843055992 -0.1594698594122399 0
5486 -0.9667789488276983 -0.1837906866482492 0
5487 -0.8564928560942875 -0.2181634699008639 0
5488 -0.7460189250999165 -0.6550650518917704 0
5489 -0.9250309891549511 -0.05035209965503495 0
5490 -0.7637357549191176 -0.3894712512926058 0
5491 -0.6333047160636828 -0.5782071479573782 0
5492 -0.8648900680421804 -0.4695720959712946 0
5493 -0.5867363109066598 -0.8001933676614769 0
5494 -0.9121837319326562 -0.1130687414969065 0
5495 -0.9072555885533192 -0.3823330042734422 0
5496 -0.8428135684038158 -0.1987619991437732 0
5497 -0.4548323557971226 -0.7463093489871064 0
5498 -0.9404906032222404 -0.09553226275523366 0
5499 -0.8136147185431212 -0.5686304010571451 0
5500 -0.03723242097568129 -0.8748614549729509 0
5501 -0.8846697658208482 -0.4496883524796095 0
5502 -0.9421645427226661 -0.07525903309987174 0
5503 -0.3142683975601677 -0.9414543859267142 0
5504 -0.8721273417969568 -0.07128953680848869 0
5505 -0.9137077842351762 -0.2175983538153203 0
5506 -0.9250844985125131 -0.08205190960086385 0
5507 -0.9397842005002022 -0.1041289372406655 0
5508 -0.9466057474157292 -0.02407656399074834 0
5509 -0.2740179107046465 -0.82190173440957 0
5510 -0.01607770389493513 -0.9212553994681059 0
5511 -0.9250000000191914 -0.1177665827986956 0
5512 -0.1163420449297304 -0.8572586780414024 0
5513 -0.7765547520444319 -0.6035310237664526 0
5514 -0.9504592417199306 -0.2534655775866176 0
5515 -0.1768127936131307 -0.8471502460660325 0
5516 -0.6534212940514554 -0.7363603726846324 0
5517 -0.7001599211283818 -0.5099967809596724 0
5518 -0.8726508758423895 -0.02546468016029839 0
5519 -0.759774940250837 -0.4159550240371598 0
5520 -0.941035260390051 -0.2899197956805968 0
5521 -0.671216866052218 -0.7181955307845813 0
5522 -0.9831772143765876 -0.04965953545954307 0
5523 -0.6619722824514037 -0.5601311513049193 0
5524 -0.8657215760398237 -0.1344572426233416 0
5525 -0.6029282642400229 -0.7892242931608977 0
5526 -0.1744664437384713 -0.969125602619668 0
5527 -0.6692322712507887 -0.5529756271706678 0
5528 -0.9271702372132247 -0.3529198665525891 0
5529 -0.8455398537141442 -0.5039519895579941 0
5530 -0.8477904663259365 -0.1574130641237629 0
5531 -0.9651506733851325 -0.1931731591856871 0
5532 -0.04443128570040107 -0.9924844231060549 0
5533 -0.56116538042849 -0.6583939798454076 0
5534 -0.9257438494108194 -0.147341274640853 0
5535 -0.0654596485946479 -0.8627965825421617 0
5536 -0.9204757352571457 -0.2320386702413067 0
5537 -0.8493361531686925 -0.2208047767115947 0
5538 -0.51187352144256 -0.8414501549387433 0
5539 -0.9061766910912784 -0.4076969550123553 0
5540 -0.5299114149148973 -0.6844866454709557 0
5541 -0.8785019736083201 -0.4618412315421941 0
5542 -0.7719374938135711 -0.6255263370269996 0
5543 -0.8132488362121975 -0.2959294990290353 0
5544 -0.8447563230877044 -0.1888007108783329 0
5545 -0.7099248006475982 -0.6814535294464239 0
5546 -0.623829442259661 -0.5883718467102999 0
5547 -0.4372683683343473 -0.74708075887974 0
5548 -0.8641207937105397 -0.0415661314910856 0
5549 -0.4284591111140317 -0.7524076450393737 0
5550 -0.4164189746130659 -0.7648759380392836 0
5551 -0.2586521588711672 -0.9577497225505076 0
5552 -0.8917083145688548 -0.01575384754281058 0
5553 -0.02396079991555442 -0.9271757698662557 0
5554 -0.9116737669406904 -0.0944298349730624 0
5555 -0.7557582033841298 -0.6316145760893412 0
5556 -0.304970584575863 -0.9445297821923826 0
5557 -0.9291906367824345 -0.3236727121775422 0
5558 -0.08796359501392016 -0.9811787742598379 0
5559 -0.1412497364125815 -0.8548617069371125 0
5560 -0.9220893585151987 -0.06210255580322945 0
5561 -0.6602555600325204 -0.5848770824391802 0
5562 -0.5694945962194864 -0.804560850686477 0
5563 -0.561831490902695 -0.8086834783210288 0
5564 -0.2823707668028841 -0.8268669989888388 0
5565 -0.5768089884617625 -0.6466023230575797 0
5566 -0.4970949353290481 -0.7075413449822807 0
5567 -0.9838938146603113 -0.04024647077562993 0
5568 -0.9196369866816592 -0.2423938740254891 0
5569 -0.8461399846518622 -0.142432948887685 0
5570 -0.9635989669046159 -0.2029061272886335 0
5571 -0.6475996010090529 -0.5904939754575845 0
5572 -0.8563387952143204 -0.138490435202692 0
5573 -0.7950561105956341 -0.3174023072886542 0
5574 -0.6223232549062765 -0.6129401481396684 0
5575 -0.8939408403723306 -0.4344160898229085 0
5576 -0.862659524804964 -0.05012148792447843 0
5577 -0.843892801743976 -0.2539287919996609 0
5578 -0.006091312467668042 -0.8849999999998734 0
5579 -0.6316604598496149 -0.7566142629523464 0
5580 -0.8573029389056087 -0.007328055035580689 0
5581 -0.9926466459304383 -0.007301544432348464 0
5582 -0.01885668205424063 -0.9856313236630163 0
5583 -0.8469007091768287 -0.1793609576322877 0
5584 -0.6914140043500515 -0.5210371785638067 0
5585 -0.007211434943667403 -0.9927366739355722 0
5586 -0.5538329204817405 -0.8038777480046546 0
5587 -0.02342576889455647 -0.9472573385945144 0
5588 -0.01550947918949959 -0.9402932464563484 0
5589 -0.7782041048801251 -0.406792024434558 0
5590 -0.290807718873996 -0.8146171229456232 0
5591 -0.2087322572494129 -0.9614974318992512 0
5592 -0.91869224222711 -0.3549933092303264 0
5593 -0.7573944633456215 -0.4018088904101094 0
5594 -0.7525256037723258 -0.4276673071784503 0
5595 -0.7337918140650229 -0.6709066404682628 0
5596 -0.9512435077071528 -0.08223066024632146 0
5597 -0.5304549532066661 -0.6928351579843761 0
5598 -0.05972101984276557 -0.9831302488296835 0
5599 -0.8007977200456187 -0.3501530451306976 0
5600 -0.8743573899510649 -0.03183999794490361 0
5601 -0.1382612420297025 -0.9749493947179252 0
5602 -0.7489381457757305 -0.4501869433767358 0
5603 -0.6900665944642257 -0.5346235131154596 0
5604 -0.4285221753831575 -0.7603429584851523 0
5605 -0.9618851209462119 -0.2125490134607944 0
5606 -0.9845554715658862 -0.03066301340165323 0
5607 -0.09081603872790828 -0.8612328108123523 0
5608 -0.825155202181181 -0.2897516283551821 0
5609 -0.2439306705880706 -0.9542431491334095 0
5610 -0.2989944709562707 -0.939316109120946 0
5611 -0.1871642553995068 -0.8349473850261309 0
5612 -0.5762810937411341 -0.8090833985070409 0
5613 -0.02761017008955378 -0.8905604905231793 0
5614 -0.7934780539699617 -0.585599740877624 0
5615 -0.1120265978616079 -0.9776989454142765 0
5616 -0.3038400957276365 -0.8106072167362532 0
5617 -0.8058325823315905 -0.580179490298884 0
5618 -0.916864029796773 -0.01551633038258339 0
5619 -0.916662096720718 -0.1722278566251413 0
5620 -0.9165389129044017 -0.1600946333876909 0
5621 -0.9264652177911326 -0.07357925008230991 0
5622 -0.68766711456242 -0.701694712581455 0
5623 -0.9394766733336584 -0.2987586029767723 0
5624 -0.8541813308089925 -0.1772893858617652 0
5625 -0.9377864429208049 -0.2573864253382546 0
5626 -0.974406876370397 -0.112805887008483 0
5627 -0.2243035968637379 -0.8366146048045012 0
5628 -0.9551637548615319 -0.02150971896286498 0
5629 -0.9052616595284902 -0.3908913753709079 0
5630 -0.7303300540590643 -0.477040706911999 0
5631 -0.6107284961197942 -0.7850876692327751 0
5632 -0.8923933889402634 -0.09037809938421924 0
5633 -0.8619196496015005 -0.4956179917587969 0
5634 -0.4107536869164504 -0.760143376142304 0
5635 -0.6035822776741974 -0.6323345587142457 0
5636 -0.2394955783647668 -0.8397022468986293 0
5637 -0.90754039920305 -0.1179754258784338 0
5638 -0.841576685949841 -0.1548271671474919 0
5639 -0.885202493867757 -0.08077014990067904 0
5640 -0.8718598229478551 -0.05862889558599328 0
5641 -0.9311988105521489 -0.04962357518163126 0
5642 -0.1999097004760919 -0.83340881953529 0
5643 -0.4887962391760403 -0.7128724709628667 0
5644 -0.8619999406653247 -0.4780971770530386 0
5645 -0.1249029338126811 -0.8544445247694763 0
5646 -0.960020211507116 -0.2214700665002273 0
5647 -0.1658386408146139 -0.9721846317009989 0
5648 -0.6602498669346247 -0.7320386566588876 0
5649 -0.7744116623687437 -0.3629674820281575 0
5650 -0.07428902457683526 -0.8604683541233634 0
5651 -0.7172468932767074 -0.6763091019151967 0
5652 -0.5404274634100855 -0.807624072202928 0
5653 -0.69971790314278 -0.7067063267634165 0
5654 -0.9851789067791581 -0.02236906185951197 0
5655 -0.7445616216344644 -0.6460908774198781 0
5656 -0.8362395544179622 -0.2231736959517929 0
5657 -0.5534121999939897 -0.6643212488911723 0
5658 -0.867738199335081 -0.06545305103507562 0
5659 -0.4020359082731922 -0.7644739394290418 0
5660 -0.30845613209908 -0.815915628911782 0
5661 -0.7309961739881699 -0.4632165922582965 0
5662 -0.8321757063028492 -0.5291434231623088 0
$EndNodes
$Elements
11341
1 1 2 101 2 1 17
2 1 2 101 2 17 18
3 1 2 101 2 18 19
4 1 2 101 2 19 20
5 1 2 101 2 20 21
6 1 2 101 2 21 22
7 1 2 101 2 22 23
8 1 2 101 2 23 24
9 1 2 101 2 24 25
10 1 2 101 2 25 26
11 1 2 101 2 26 27
12 1 2 101 2 27 28
13 1 2 101 2 28 29
14 1 2 101 2 29 30
15 1 2 101 2 30 31
16 1 2 101 2 31 32
17 1 2 101 2 32 33
18 1 2 101 2 33 34
19 1 2 101 2 34 35
20 1 2 101 2 35 36
21 1 2 101 2 36 37
22 1 2 101 2 37 38
23 1 2 101 2 38 39
24 1 2 101 2 39 40
25 1 2 101 2 40 41
26 1 2 101 2 41 42
27 1 2 101 2 42 43
28 1 2 101 2 43 44
29 1 2 101 2 44 45
30 1 2 101 2 45 46
31 1 2 101 2 46 47
32 1 2 101 2 47 48
33 1 2 101 2 48 49
34 1 2 101 2 49 50
35 1 2 101 2 50 51
36 1 2 101 2 51 52
37 1 2 101 2 52 53
38 1 2 101 2 53 54
39 1 2 101 2 54 55
40 1 2 101 2 55 56
41 1 2 101 2 56 57
42 1 2 101 2 57 58
43 1 2 101 2 58 59
44 1 2 101 2 59 60
45 1 2 101 2 60 61
46 1 2 101 2 61 62
47 1 2 101 2 62 63
48 1 2 101 2 63 64
49 1 2 101 2 64 65
50 1 2 101 2 65 66
51 1 2 101 2 66 67
52 1 2 101 2 67 68
53 1 2 101 2 68 69
54 1 2 101 2 69 70
55 1 2 101 2 70 71
56 1 2 101 2 71 72
57 1 2 101 2 72 73
58 1 2 101 2 73 74
59 1 2 101 2 74 75
60 1 2 101 2 75 76
61 1 2 101 2 76 77
62 1 2 101 2 77 78
63 1 2 101 2 78 79
64 1 2 101 2 79 80
65 1 2 101 2 80 81
66 1 2 101 2 81 82
67 1 2 101 2 82 83
68 1 2 101 2 83 84
69 1 2 101 2 84 85
70 1 2 101 2 85 86
71 1 2 101 2 86 87
72 1 2 101 2 87 88
73 1 2 101 2 88 89
74 1 2 101 2 89 90
75 1 2 101 2 90 91
76 1 2 101 2 91 92
77 1 2 101 2 92 93
78 1 2 101 2 93 94
79 1 2 101 2 94 95
80 1 2 101 2 95 96
81 1 2 101 2 96 97
82 1 2 101 2 97 98
83 1 2 101 2 98 99
84 1 2 101 2 99 100
85 1 2 101 2 100 101
86 1 2 101 2 101 102
87 1 2 101 2 102 103
88 1 2 101 2 103 104
89 1 2 101 2 104 105
90 1 2 101 2 105 106
91 1 2 101 2 106 107
92 1 2 101 2 107 108
93 1 2 101 2 108 109
94 1 2 101 2 109 110
95 1 2 101 2 110 111
96 1 2 101 2 111 112
97 1 2 101 2 112 113
98 1 2 101 2 113 114
99 1 2 101 2 114 115
100 1 2 101 2 115 116
101 1 2 101 2 116 117
102 1 2 101 2 117 118
103 1 2 101 2 118 119
104 1 2 101 2 119 120
105 1 2 101 2 120 121
106 1 2 101 2 121 122
107 1 2 101 2 122 123
108 1 2 101 2 123 124
109 1 2 101 2 124 125
110 1 2 101 2 125 126
111 1 2 101 2 126 127
112 1 2 101 2 127 128
113 1 2 101 2 128 129
114 1 2 101 2 129 130
115 1 2 101 2 130 131
116 1 2 101 2 131 132
117 1 2 101 2 132 133
118 1 2 101 2 133 134
119 1 2 101 2 134 135
120 1 2 101 2 135 136
121 1 2 101 2 136 137
122 1 2 101 2 137 138
123 1 2 101 2 138 139
124 1 2 101 2 139 140
125 1 2 101 2 140 141
126 1 2 101 2 141 142
127 1 2 101 2 142 143
128 1 2 101 2 143 144
129 1 2 101 2 144 145
130 1 2 101 2 145 146
131 1 2 101 2 146 147
132 1 2 101 2 147 148
133 1 2 101 2 148 149
134 1 2 101 2 149 150
135 1 2 101 2 150 151
136 1 2 101 2 151 152
137 1 2 101 2 152 153
138 1 2 101 2 153 154
139 1 2 101 2 154 155
140 1 2 101 2 155 156
141 1 2 101 2 156 157
142 1 2 101 2 157 158
143 1 2 101 2 158 159
144 1 2 101 2 159 160
145 1 2 101 2 160 161
146 1 2 101 2 161 162
147 1 2 101 2 162 163
148 1 2 101 2 163 164
149 1 2 101 2 164 165
150 1 2 101 2 165 166
151 1 2 101 2 166 167
152 1 2 101 2 167 168
153 1 2 101 2 168 169
154 1 2 101 2 169 170
155 1 2 101 2 170 171
156 1 2 101 2 171 172
157 1 2 101 2 172 173
158 1 2 101 2 173 2
159 1 2 101 4 5 174
160 1 2 101 4 174 175
161 1 2 101 4 175 176
162 1 2 101 4 176 177
163 1 2 101 4 177 178
164 1 2 101 4 178 179
165 1 2 101 4 179 180
166 1 2 101 4 180 181
167 1 2 101 4 181 182
168 1 2 101 4 182 183
169 1 2 101 4 183 184
170 1 2 101 4 184 185
171 1 2 101 4 185 186
172 1 2 101 4 186 187
173 1 2 101 4 187 188
174 1 2 101 4 188 189
175 1 2 101 4 189 190
176 1 2 101 4 190 191
177 1 2 101 4 191 192
178 1 2 101 4 192 193
179 1 2 101 4 193 194
180 1 2 101 4 194 195
181 1 2 101 4 195 196
182 1 2 101 4 196 197
183 1 2 101 4 197 198
184 1 2 101 4 198 199
185 1 2 101 4 199 200
186 1 2 101 4 200 201
187 1 2 101 4 201 202
188 1 2 101 4 202 203
189 1 2 101 4 203 204
190 1 2 101 4 204 205
191 1 2 101 4 205 206
192 1 2 101 4 206 207
193 1 2 101 4 207 208
194 1 2 101 4 208 209
195 1 2 101 4 209 210
196 1 2 101 4 210 211
197 1 2 101 4 211 212
198 1 2 101 4 212 213
199 1 2 101 4 213 214
200 1 2 101 4 214 215
201 1 2 101 4 215 216
202 1 2 101 4 216 217
203 1 2 101 4 217 218
204 1 2 101 4 218 219
205 1 2 101 4 219 220
206 1 2 101 4 220 221
207 1 2 101 4 221 222
208 1 2 101 4 222 223
209 1 2 101 4 223 224
210 1 2 101 4 224 225
211 1 2 101 4 225 226
212 1 2 101 4 226 227
213 1 2 101 4 227 228
214 1 2 101 4 228 229
215 1 2 101 4 229 230
216 1 2 101 4 230 231
217 1 2 101 4 231 232
218 1 2 101 4 232 233
219 1 2 101 4 233 234
220 1 2 101 4 234 235
221 1 2 101 4 235 236
222 1 2 101 4 236 237
223 1 2 101 4 237 238
224 1 2 101 4 238 239
225 1 2 101 4 239 240
226 1 2 101 4 240 241
227 1 2 101 4 241 242
228 1 2 101 4 242 243
229 1 2 101 4 243 244
230 1 2 101 4 244 245
231 1 2 101 4 245 246
232 1 2 101 4 246 247
233 1 2 101 4 247 248
234 1 2 101 4 248 249
235 1 2 101 4 249 250
236 1 2 101 4 250 251
237 1 2 101 4 251 252
238 1 2 101 4 252 253
239 1 2 101 4 253 254
240 1 2 101 4 254 255
241 1 2 101 4 255 256
242 1 2 101 4 256 257
243 1 2 101 4 257 258
244 1 2 101 4 258 259
245 1 2 101 4 259 260
246 1 2 101 4 260 261
247 1 2 101 4 261 262
248 1 2 101 4 262 263
249 1 2 101 4 263 264
250 1 2 101 4 264 265
251 1 2 101 4 265 266
252 1 2 101 4 266 267
253 1 2 101 4 267 268
254 1 2 101 4 268 269
255 1 2 101 4 269 270
256 1 2 101 4 270 271
257 1 2 101 4 271 272
258 1 2 101 4 272 273
259 1 2 101 4 273 274
260 1 2 101 4 274 275
261 1 2 101 4 275 276
262 1 2 101 4 276 277
263 1 2 101 4 277 278
264 1 2 101 4 278 279
265 1 2 101 4 279 280
266 1 2 101 4 280 281
267 1 2 101 4 281 282
268 1 2 101 4 282 283
269 1 2 101 4 283 284
270 1 2 101 4 284 285
271 1 2 101 4 285 286
272 1 2 101 4 286 287
273 1 2 101 4 287 288
274 1 2 101 4 288 289
275 1 2 101 4 289 290
276 1 2 101 4 290 291
277 1 2 101 4 291 292
278 1 2 101 4 292 293
279 1 2 101 4 293 294
280 1 2 101 4 294 295
281 1 2 101 4 295 296
282 1 2 101 4 296 297
283 1 2 101 4 297 298
284 1 2 101 4 298 299
285 1 2 101 4 299 300
286 1 2 101 4 300 301
287 1 2 101 4 301 302
288 1 2 101 4 302 303
289 1 2 101 4 303 304
290 1 2 101 4 304 305
291 1 2 101 4 305 306
292 1 2 101 4 306 3
293 1 2 103 10 2 307
294 1 2 103 10 307 308
295 1 2 103 10 308 309
296 1 2 103 10 309 310
297 1 2 103 10 310 311
298 1 2 103 10 311 312
299 1 2 103 10 312 313
300 1 2 103 10 313 314
301 1 2 103 10 314 315
302 1 2 103 10 315 316
303 1 2 103 10 316 317
304 1 2 103 10 317 318
305 1 2 103 10 318 319
306 1 2 103 10 319 320
307 1 2 103 10 320 4
308 1 2 101 31 3 321
309 1 2 101 31 321 322
310 1 2 101 31 322 323
311 1 2 101 31 323 324
312 1 2 101 31 324 325
313 1 2 101 31 325 326
314 1 2 101 31 326 327
315 1 2 101 31 327 328
316 1 2 101 31 328 329
317 1 2 101 31 329 330
318 1 2 101 31 330 331
319 1 2 101 31 331 332
320 1 2 101 31 332 333
321 1 2 101 31 333 334
322 1 2 101 31 334 1
323 1 2 105 40 4 5
324 1 2 1040 201 6 335
325 1 2 1040 201 335 7
326 1 2 1040 202 7 336
327 1 2 1040 202 336 8
328 1 2 1040 203 8 337
329 1 2 1040 203 337 9
330 1 2 1040 204 9 338
331 1 2 1040 204 338 6
332 1 2 102 206 10 339
333 1 2 102 206 339 340
334 1 2 102 206 340 341
335 1 2 102 206 341 342
336 1 2 102 206 342 343
337 1 2 102 206 343 344
338 1 2 102 206 344 345
339 1 2 102 206 345 346
340 1 2 102 206 346 347
341 1 2 102 206 347 348
342 1 2 102 206 348 349
343 1 2 102 206 349 350
344 1 2 102 206 350 351
345 1 2 102 206 351 352
346 1 2 102 206 352 353
347 1 2 102 206 353 354
348 1 2 102 206 354 355
349 1 2 102 206 355 356
350 1 2 102 206 356 357
351 1 2 102 206 357 358
352 1 2 102 206 358 359
353 1 2 102 206 359 360
354 1 2 102 206 360 361
355 1 2 102 206 361 362
356 1 2 102 206 362 363
357 1 2 102 206 363 364
358 1 2 102 206 364 365
359 1 2 102 206 365 366
360 1 2 102 206 366 367
361 1 2 102 206 367 368
362 1 2 102 206 368 369
363 1 2 102 206 369 370
364 1 2 102 206 370 371
365 1 2 102 206 371 372
366 1 2 102 206 372 373
367 1 2 102 206 373 374
368 1 2 102 206 374 375
369 1 2 102 206 375 376
370 1 2 102 206 376 377
371 1 2 102 206 377 378
372 1 2 102 206 378 379
373 1 2 102 206 379 380
374 1 2 102 206 380 381
375 1 2 102 206 381 382
376 1 2 102 206 382 383
377 1 2 102 206 383 384
378 1 2 102 206 384 385
379 1 2 102 206 385 386
380 1 2 102 206 386 387
381 1 2 102 206 387 388
382 1 2 102 206 388 389
383 1 2 102 206 389 390
384 1 2 102 206 390 391
385 1 2 102 206 391 392
386 1 2 102 206 392 393
387 1 2 102 206 393 394
388 1 2 102 206 394 395
389 1 2 102 206 395 396
390 1 2 102 206 396 397
391 1 2 102 206 397 398
392 1 2 102 206 398 399
393 1 2 102 206 399 400
394 1 2 102 206 400 401
395 1 2 102 206 401 402
396 1 2 102 206 402 403
397 1 2 102 206 403 404
398 1 2 102 206 404 405
399 1 2 102 206 405 406
400 1 2 102 206 406 407
401 1 2 102 206 407 408
402 1 2 102 206 408 409
403 1 2 102 206 409 410
404 1 2 102 206 410 411
405 1 2 102 206 411 412
406 1 2 102 206 412 413
407 1 2 102 206 413 414
408 1 2 102 206 414 415
409 1 2 102 206 415 416
410 1 2 102 206 416 417
411 1 2 102 206 417 418
412 1 2 102 206 418 419
413 1 2 102 206 419 420
414 1 2 102 206 420 421
415 1 2 102 206 421 422
416 1 2 102 206 422 423
417 1 2 102 206 423 424
418 1 2 102 206 424 425
419 1 2 102 206 425 426
420 1 2 102 206 426 427
421 1 2 102 206 427 428
422 1 2 102 206 428 429
423 1 2 102 206 429 430
424 1 2 102 206 430 431
425 1 2 102 206 431 432
426 1 2 102 206 432 433
427 1 2 102 206 433 434
428 1 2 102 206 434 435
429 1 2 102 206 435 436
430 1 2 102 206 436 437
431 1 2 102 206 437 438
432 1 2 102 206 438 439
433 1 2 102 206 439 440
434 1 2 102 206 440 441
435 1 2 102 206 441 442
436 1 2 102 206 442 443
437 1 2 102 206 443 444
438 1 2 102 206 444 445
439 1 2 102 206 445 446
440 1 2 102 206 446 447
441 1 2 102 206 447 448
442 1 2 102 206 448 449
443 1 2 102 206 449 450
444 1 2 102 206 450 451
445 1 2 102 206 451 452
446 1 2 102 206 452 453
447 1 2 102 206 453 454
448 1 2 102 206 454 455
449 1 2 102 206 455 456
450 1 2 102 206 456 457
451 1 2 102 206 457 458
452 1 2 102 206 458 459
453 1 2 102 206 459 460
454 1 2 102 206 460 461
455 1 2 102 206 461 462
456 1 2 102 206 462 463
457 1 2 102 206 463 464
458 1 2 102 206 464 465
459 1 2 102 206 465 466
460 1 2 102 206 466 467
461 1 2 102 206 467 468
462 1 2 102 206 468 469
463 1 2 102 206 469 470
464 1 2 102 206 470 471
465 1 2 102 206 471 472
466 1 2 102 206 472 473
467 1 2 102 206 473 474
468 1 2 102 206 474 475
469 1 2 102 206 475 476
470 1 2 102 206 476 477
471 1 2 102 206 477 478
472 1 2 102 206 478 479
473 1 2 102 206 479 480
474 1 2 102 206 480 481
475 1 2 102 206 481 482
476 1 2 102 206 482 483
477 1 2 102 206 483 484
478 1 2 102 206 484 485
479 1 2 102 206 485 486
480 1 2 102 206 486 487
481 1 2 102 206 487 488
482 1 2 102 206 488 489
483 1 2 102 206 489 490
484 1 2 102 206 490 491
485 1 2 102 206 491 492
486 1 2 102 206 492 493
487 1 2 102 206 493 494
488 1 2 102 206 494 495
489 1 2 102 206 495 2
490 1 2 106 208 4 11
491 1 2 102 209 11 496
492 1 2 102 209 496 497
493 1 2 102 209 497 498
494 1 2 102 209 498 499
495 1 2 102 209 499 500
496 1 2 102 209 500 501
497 1 2 102 209 501 502
498 1 2 102 209 502 503
499 1 2 102 209 503 504
500 1 2 102 209 504 505
501 1 2 102 209 505 506
502 1 2 102 209 506 507
503 1 2 102 209 507 508
504 1 2 102 209 508 509
505 1 2 102 209 509 510
506 1 2 102 209 510 511
507 1 2 102 209 511 512
508 1 2 102 209 512 513
509 1 2 102 209 513 514
510 1 2 102 209 514 515
511 1 2 102 209 515 516
512 1 2 102 209 516 517
513 1 2 102 209 517 518
514 1 2 102 209 518 519
515 1 2 102 209 519 520
516 1 2 102 209 520 521
517 1 2 102 209 521 522
518 1 2 102 209 522 523
519 1 2 102 209 523 524
520 1 2 102 209 524 525
521 1 2 102 209 525 526
522 1 2 102 209 526 527
523 1 2 102 209 527 528
524 1 2 102 209 528 529
525 1 2 102 209 529 530
526 1 2 102 209 530 531
527 1 2 102 209 531 532
528 1 2 102 209 532 533
529 1 2 102 209 533 534
530 1 2 102 209 534 535
531 1 2 102 209 535 536
532 1 2 102 209 536 537
533 1 2 102 209 537 538
534 1 2 102 209 538 539
535 1 2 102 209 539 540
536 1 2 102 209 540 541
537 1 2 102 209 541 542
538 1 2 102 209 542 543
539 1 2 102 209 543 544
540 1 2 102 209 544 545
541 1 2 102 209 545 546
542 1 2 102 209 546 547
543 1 2 102 209 547 548
544 1 2 102 209 548 549
545 1 2 102 209 549 550
546 1 2 102 209 550 551
547 1 2 102 209 551 552
548 1 2 102 209 552 553
549 1 2 102 209 553 554
550 1 2 102 209 554 555
551 1 2 102 209 555 556
552 1 2 102 209 556 557
553 1 2 102 209 557 558
554 1 2 102 209 558 559
555 1 2 102 209 559 560
556 1 2 102 209 560 561
557 1 2 102 209 561 562
558 1 2 102 209 562 563
559 1 2 102 209 563 564
560 1 2 102 209 564 565
561 1 2 102 209 565 566
562 1 2 102 209 566 567
563 1 2 102 209 567 568
564 1 2 102 209 568 569
565 1 2 102 209 569 570
566 1 2 102 209 570 571
567 1 2 102 209 571 572
568 1 2 102 209 572 573
569 1 2 102 209 573 574
570 1 2 102 209 574 575
571 1 2 102 209 575 576
572 1 2 102 209 576 577
573 1 2 102 209 577 578
574 1 2 102 209 578 579
575 1 2 102 209 579 580
576 1 2 102 209 580 581
577 1 2 102 209 581 582
578 1 2 102 209 582 583
579 1 2 102 209 583 584
580 1 2 102 209 584 585
581 1 2 102 209 585 586
582 1 2 102 209 586 587
583 1 2 102 209 587 588
584 1 2 102 209 588 589
585 1 2 102 209 589 590
586 1 2 102 209 590 591
587 1 2 102 209 591 592
588 1 2 102 209 592 593
589 1 2 102 209 593 594
590 1 2 102 209 594 595
591 1 2 102 209 595 596
592 1 2 102 209 596 597
593 1 2 102 209 597 598
594 1 2 102 209 598 599
595 1 2 102 209 599 600
596 1 2 102 209 600 601
597 1 2 102 209 601 602
598 1 2 102 209 602 603
599 1 2 102 209 603 604
600 1 2 102 209 604 605
601 1 2 102 209 605 606
602 1 2 102 209 606 607
603 1 2 102 209 607 608
604 1 2 102 209 608 609
605 1 2 102 209 609 610
606 1 2 102 209 610 611
607 1 2 102 209 611 612
608 1 2 102 209 612 613
609 1 2 102 209 613 614
610 1 2 102 209 614 615
611 1 2 102 209 615 616
612 1 2 102 209 616 617
613 1 2 102 209 617 618
614 1 2 102 209 618 619
615 1 2 102 209 619 620
616 1 2 102 209 620 621
617 1 2 102 209 621 622
618 1 2 102 209 622 623
619 1 2 102 209 623 624
620 1 2 102 209 624 625
621 1 2 102 209 625 626
622 1 2 102 209 626 627
623 1 2 102 209 627 628
624 1 2 102 209 628 12
625 1 2 102 210 12 629
626 1 2 102 210 629 630
627 1 2 102 210 630 631
628 1 2 102 210 631 632
629 1 2 102 210 632 633
630 1 2 102 210 633 634
631 1 2 102 210 634 635
632 1 2 102 210 635 636
633 1 2 102 210 636 637
634 1 2 102 210 637 638
635 1 2 102 210 638 639
636 1 2 102 210 639 640
637 1 2 102 210 640 641
638 1 2 102 210 641 642
639 1 2 102 210 642 10
640 1 2 1030 211 13 643
641 1 2 1030 211 643 14
642 1 2 1030 212 14 644
643 1 2 1030 212 644 15
644 1 2 1030 213 15 645
645 1 2 1030 213 645 16
646 1 2 1030 214 16 646
647 1 2 1030 214 646 13
648 2 2 1000 11 319 2808 320
649 2 2 1000 11 692 2011 1971
650 2 2 1000 11 2189 2774 1948
651 2 2 1000 11 2401 2579 748
652 2 2 1000 11 248 2148 249
653 2 2 1000 11 1443 2059 1442
654 2 2 1000 11 748 2578 2401
655 2 2 1000 11 97 2493 98
656 2 2 1000 11 2016 2789 719
657 2 2 1000 11 1971 2058 692
658 2 2 1000 11 2466 2467 712
659 2 2 1000 11 1211 2107 1195
660 2 2 1000 11 706 2877 1999
661 2 2 1000 11 1416 2045 1414
662 2 2 1000 11 1980 2044 653
663 2 2 1000 11 721 2431 2393
664 2 2 1000 11 2160 2815 2679
665 2 2 1000 11 740 2815 2160
666 2 2 1000 11 653 2045 1980
667 2 2 1000 11 724 2101 1995
668 2 2 1000 11 2115 2116 1272
669 2 2 1000 11 2046 2047 2011
670 2 2 1000 11 2146 2148 1794
671 2 2 1000 11 2047 2099 2011
672 2 2 1000 11 2831 3005 1911
673 2 2 1000 11 6 2999 2990
674 2 2 1000 11 1960 2185 745
675 2 2 1000 11 2003 2057 1189
676 2 2 1000 11 650 2955 2152
677 2 2 1000 11 1963 2919 2784
678 2 2 1000 11 2109 2219 1566
679 2 2 1000 11 1794 2147 2146
680 2 2 1000 11 3015 3019 700
681 2 2 1000 11 730 2200 2012
682 2 2 1000 11 2631 2917 758
683 2 2 1000 11 662 2845 2839
684 2 2 1000 11 2839 2845 1975
685 2 2 1000 11 2017 2789 2016
686 2 2 1000 11 1977 2985 2903
687 2 2 1000 11 115 2046 116
688 2 2 1000 11 2630 2917 2631
689 2 2 1000 11 745 2951 1960
690 2 2 1000 11 722 2862 2019
691 2 2 1000 11 1603 2851 2182
692 2 2 1000 11 130 2468 131
693 2 2 1000 11 177 2056 178
694 2 2 1000 11 2540 2785 674
695 2 2 1000 11 2003 2925 2057
696 2 2 1000 11 2990 2999 1969
697 2 2 1000 11 1791 2830 2762
698 2 2 1000 11 683 2597 2001
699 2 2 1000 11 681 2743 2703
700 2 2 1000 11 1272 2799 2115
701 2 2 1000 11 1459 2457 1457
702 2 2 1000 11 1457 2457 1497
703 2 2 1000 11 2182 2851 2130
704 2 2 1000 11 2495 2783 1988
705 2 2 1000 11 2890 2923 1997
706 2 2 1000 11 2903 2985 713
707 2 2 1000 11 320 768 5
708 2 2 1000 11 664 2025 1990
709 2 2 1000 11 712 2469 2466
710 2 2 1000 11 723 3005 2831
711 2 2 1000 11 1997 2923 1996
712 2 2 1000 11 1982 2659 668
713 2 2 1000 11 1976 3064 3061
714 2 2 1000 11 2121 2835 1689
715 2 2 1000 11 133 2475 134
716 2 2 1000 11 74 2432 75
717 2 2 1000 11 1968 3019 3015
718 2 2 1000 11 1775 2107 1211
719 2 2 1000 11 3061 3064 726
720 2 2 1000 11 2472 2477 1498
721 2 2 1000 11 1975 2815 740
722 2 2 1000 11 1922 2059 1443
723 2 2 1000 11 117 2058 118
724 2 2 1000 11 740 2839 1975
725 2 2 1000 11 1788 2055 2054
726 2 2 1000 11 2034 2544 716
727 2 2 1000 11 2822 2842 703
728 2 2 1000 11 2890 3060 2735
729 2 2 1000 11 2762 2830 1943
730 2 2 1000 11 1942 2842 2822
731 2 2 1000 11 773 2072 775
732 2 2 1000 11 2583 2833 751
733 2 2 1000 11 2765 2919 1963
734 2 2 1000 11 2191 2843 1395
735 2 2 1000 11 668 3034 1982
736 2 2 1000 11 2314 3057 2139
737 2 2 1000 11 753 2774 2189
738 2 2 1000 11 751 3013 2583
739 2 2 1000 11 2070 2071 1785
740 2 2 1000 11 2703 2744 681
741 2 2 1000 11 2783 3083 1988
742 2 2 1000 11 1944 2907 2089
743 2 2 1000 11 1395 2859 2191
744 2 2 1000 11 1985 2200 763
745 2 2 1000 11 320 2808 768
746 2 2 1000 11 763 2198 1985
747 2 2 1000 11 2007 2663 715
748 2 2 1000 11 1997 3060 2890
749 2 2 1000 11 678 2432 74
750 2 2 1000 11 1942 2848 2842
751 2 2 1000 11 1497 2457 2455
752 2 2 1000 11 2012 2200 1985
753 2 2 1000 11 689 2493 97
754 2 2 1000 11 2013 2832 649
755 2 2 1000 11 1979 2801 1350
756 2 2 1000 11 1998 2848 1942
757 2 2 1000 11 1650 2143 2141
758 2 2 1000 11 2688 3111 1071
759 2 2 1000 11 2467 2468 712
760 2 2 1000 11 2770 2846 1945
761 2 2 1000 11 2153 2769 703
762 2 2 1000 11 249 2148 2146
763 2 2 1000 11 700 2148 248
764 2 2 1000 11 2477 2800 2470
765 2 2 1000 11 2893 3078 1537
766 2 2 1000 11 2049 3078 2893
767 2 2 1000 11 2152 2955 1913
768 2 2 1000 11 1995 2921 724
769 2 2 1000 11 2071 2072 1785
770 2 2 1000 11 1350 3124 1979
771 2 2 1000 11 1990 2965 664
772 2 2 1000 11 1913 2153 2152
773 2 2 1000 11 2770 3031 2846
774 2 2 1000 11 2139 3025 2867
775 2 2 1000 11 2393 2433 721
776 2 2 1000 11 2041 2927 1931
777 2 2 1000 11 1071 2803 2688
778 2 2 1000 11 2769 2822 703
779 2 2 1000 11 749 2772 2594
780 2 2 1000 11 1788 2056 2055
781 2 2 1000 11 1183 2810 2080
782 2 2 1000 11 2053 2808 2082
783 2 2 1000 11 2019 2862 2020
784 2 2 1000 11 128 2469 129
785 2 2 1000 11 2960 2972 708
786 2 2 1000 11 2554 3005 2790
787 2 2 1000 11 1913 2769 2153
788 2 2 1000 11 2867 3025 1987
789 2 2 1000 11 1999 2877 1830
790 2 2 1000 11 2010 2787 717
791 2 2 1000 11 2544 2856 716
792 2 2 1000 11 1321 2994 2023
793 2 2 1000 11 662 2848 1998
794 2 2 1000 11 1998 2845 662
795 2 2 1000 11 2149 2159 1838
796 2 2 1000 11 321 2095 322
797 2 2 1000 11 2837 2841 2469
798 2 2 1000 11 2031 2032 705
799 2 2 1000 11 1980 2045 1416
800 2 2 1000 11 1414 2045 1542
801 2 2 1000 11 2193 2936 2843
802 2 2 1000 11 1994 2840 746
803 2 2 1000 11 2470 2800 2468
804 2 2 1000 11 2089 2934 1944
805 2 2 1000 11 2023 3088 1321
806 2 2 1000 11 712 2468 130
807 2 2 1000 11 1689 2835 1691
808 2 2 1000 11 2228 2844 1764
809 2 2 1000 11 194 2063 195
810 2 2 1000 11 2843 2936 1395
811 2 2 1000 11 2030 2246 734
812 2 2 1000 11 1941 2976 2096
813 2 2 1000 11 2164 3058 2952
814 2 2 1000 11 1071 2869 2803
815 2 2 1000 11 6 2990 335
816 2 2 1000 11 2096 3010 1941
817 2 2 1000 11 2055 2056 177
818 2 2 1000 11 2139 2867 2314
819 2 2 1000 11 124 2453 125
820 2 2 1000 11 2141 2962 1650
821 2 2 1000 11 2017 2857 2789
822 2 2 1000 11 98 2493 751
823 2 2 1000 11 734 2246 2199
824 2 2 1000 11 2243 3015 2156
825 2 2 1000 11 2042 2925 2826
826 2 2 1000 11 2952 3058 1973
827 2 2 1000 11 2940 3119 2062
828 2 2 1000 11 2239 3081 2043
829 2 2 1000 11 2803 2869 2252
830 2 2 1000 11 1970 2972 2960
831 2 2 1000 11 673 2477 2473
832 2 2 1000 11 1442 2059 1971
833 2 2 1000 11 696 3057 2946
834 2 2 1000 11 2062 3119 2063
835 2 2 1000 11 301 2068 727
836 2 2 1000 11 2456 2841 2837
837 2 2 1000 11 2109 2970 2219
838 2 2 1000 11 1614 3056 3001
839 2 2 1000 11 1785 2072 773
840 2 2 1000 11 3001 3056 2132
841 2 2 1000 11 2156 2883 2243
842 2 2 1000 11 1919 2239 2043
843 2 2 1000 11 300 2068 301
844 2 2 1000 11 2916 3007 1950
845 2 2 1000 11 116 2046 692
846 2 2 1000 11 750 2046 115
847 2 2 1000 11 764 2808 319
848 2 2 1000 11 2946 3057 1978
849 2 2 1000 11 2476 2480 1555
850 2 2 1000 11 2473 2475 673
851 2 2 1000 11 1083 2997 2956
852 2 2 1000 11 2080 3003 1183
853 2 2 1000 11 2027 3081 2924
854 2 2 1000 11 178 2056 709
855 2 2 1000 11 746 3118 1994
856 2 2 1000 11 1931 2996 2041
857 2 2 1000 11 129 2469 712
858 2 2 1000 11 2760 3052 1984
859 2 2 1000 11 755 2944 2008
860 2 2 1000 11 2956 2997 2208
861 2 2 1000 11 2851 2928 2130
862 2 2 1000 11 2761 2857 2017
863 2 2 1000 11 2826 2925 2004
864 2 2 1000 11 2145 2931 656
865 2 2 1000 11 1694 2989 2922
866 2 2 1000 11 2008 3107 755
867 2 2 1000 11 2028 3081 2027
868 2 2 1000 11 2107 2793 1195
869 2 2 1000 11 64 2993 2600
870 2 2 1000 11 2691 3026 827
871 2 2 1000 11 2474 2476 752
872 2 2 1000 11 673 2475 133
873 2 2 1000 11 2600 3033 64
874 2 2 1000 11 1984 2981 2760
875 2 2 1000 11 1946 2744 2703
876 2 2 1000 11 2001 2871 683
877 2 2 1000 11 2554 2790 2507
878 2 2 1000 11 2041 3131 1339
879 2 2 1000 11 1498 2477 2470
880 2 2 1000 11 2774 3049 1948
881 2 2 1000 11 2473 2477 2472
882 2 2 1000 11 827 2977 2691
883 2 2 1000 11 2456 2866 2841
884 2 2 1000 11 679 2373 2008
885 2 2 1000 11 2130 2928 2129
886 2 2 1000 11 2931 3099 656
887 2 2 1000 11 721 2941 2431
888 2 2 1000 11 1785 2100 2070
889 2 2 1000 11 692 2058 117
890 2 2 1000 11 118 2058 759
891 2 2 1000 11 134 2475 752
892 2 2 1000 11 2457 2866 2456
893 2 2 1000 11 2099 2502 1495
894 2 2 1000 11 321 3072 2095
895 2 2 1000 11 674 3084 2540
896 2 2 1000 11 1339 2927 2041
897 2 2 1000 11 2000 2157 2005
898 2 2 1000 11 763 2872 2198
899 2 2 1000 11 2948 3043 684
900 2 2 1000 11 1777 2904 2795
901 2 2 1000 11 2517 2847 2452
902 2 2 1000 11 1848 2785 2540
903 2 2 1000 11 2455 2847 1497
904 2 2 1000 11 1946 2865 2744
905 2 2 1000 11 1833 2832 2013
906 2 2 1000 11 1992 2855 1991
907 2 2 1000 11 2032 2884 705
908 2 2 1000 11 670 2973 2699
909 2 2 1000 11 2063 2064 195
910 2 2 1000 11 693 2813 2481
911 2 2 1000 11 653 2044 188
912 2 2 1000 11 2033 3065 2104
913 2 2 1000 11 1199 2950 2924
914 2 2 1000 11 2012 2201 730
915 2 2 1000 11 2777 3107 1957
916 2 2 1000 11 2005 2983 243
917 2 2 1000 11 2468 2800 131
918 2 2 1000 11 2869 2911 2252
919 2 2 1000 11 2699 3083 670
920 2 2 1000 11 2872 3074 2198
921 2 2 1000 11 699 3007 2916
922 2 2 1000 11 2104 2969 2033
923 2 2 1000 11 2004 2925 2003
924 2 2 1000 11 683 2770 2597
925 2 2 1000 11 2134 2224 1808
926 2 2 1000 11 243 3038 2005
927 2 2 1000 11 2501 3043 2948
928 2 2 1000 11 3036 3075 2087
929 2 2 1000 11 1598 2940 2932
930 2 2 1000 11 1826 2787 2010
931 2 2 1000 11 653 3051 2045
932 2 2 1000 11 670 3083 2783
933 2 2 1000 11 2840 2935 732
934 2 2 1000 11 2481 2813 2476
935 2 2 1000 11 2015 2510 685
936 2 2 1000 11 2474 2480 2476
937 2 2 1000 11 2052 2808 2053
938 2 2 1000 11 2252 2911 2253
939 2 2 1000 11 2790 3005 723
940 2 2 1000 11 752 2475 2474
941 2 2 1000 11 761 2783 2495
942 2 2 1000 11 2127 3041 3039
943 2 2 1000 11 3039 3041 1827
944 2 2 1000 11 2136 3051 653
945 2 2 1000 11 671 3033 2599
946 2 2 1000 11 2186 3149 2135
947 2 2 1000 11 1781 3075 3036
948 2 2 1000 11 1319 2802 1544
949 2 2 1000 11 2830 2907 1943
950 2 2 1000 11 2082 2808 764
951 2 2 1000 11 1952 2775 2751
952 2 2 1000 11 1999 3038 706
953 2 2 1000 11 1807 3108 2172
954 2 2 1000 11 1960 2951 1925
955 2 2 1000 11 2069 3132 1935
956 2 2 1000 11 1943 2907 1944
957 2 2 1000 11 1764 2844 2187
958 2 2 1000 11 1566 2920 2109
959 2 2 1000 11 2663 2748 715
960 2 2 1000 11 1555 2481 2476
961 2 2 1000 11 1572 2817 2023
962 2 2 1000 11 2024 2062 665
963 2 2 1000 11 2172 3082 1807
964 2 2 1000 11 2922 2989 2162
965 2 2 1000 11 2098 2193 733
966 2 2 1000 11 93 2704 94
967 2 2 1000 11 2086 2957 648
968 2 2 1000 11 2030 2791 1967
969 2 2 1000 11 1935 3068 2069
970 2 2 1000 11 2442 2511 1683
971 2 2 1000 11 720 2453 124
972 2 2 1000 11 188 2044 189
973 2 2 1000 11 2043 3081 2028
974 2 2 1000 11 2068 2069 727
975 2 2 1000 11 1569 3129 2009
976 2 2 1000 11 649 2175 2013
977 2 2 1000 11 2855 3153 1991
978 2 2 1000 11 2772 3021 2594
979 2 2 1000 11 1923 2988 2908
980 2 2 1000 11 2453 2454 125
981 2 2 1000 11 2699 2856 2544
982 2 2 1000 11 665 2063 194
983 2 2 1000 11 692 2046 2011
984 2 2 1000 11 5 768 174
985 2 2 1000 11 1994 2935 2840
986 2 2 1000 11 2484 2812 2483
987 2 2 1000 11 685 2511 2015
988 2 2 1000 11 1978 3057 2314
989 2 2 1000 11 335 2990 1572
990 2 2 1000 11 1954 2943 2799
991 2 2 1000 11 715 3067 2007
992 2 2 1000 11 2159 3009 1838
993 2 2 1000 11 2065 2083 1402
994 2 2 1000 11 724 2921 2092
995 2 2 1000 11 2144 2265 1933
996 2 2 1000 11 2042 2075 776
997 2 2 1000 11 1986 3149 2186
998 2 2 1000 11 2799 2943 2115
999 2 2 1000 11 2008 2944 679
1000 2 2 1000 11 2879 2942 2486
1001 2 2 1000 11 2136 2838 1926
1002 2 2 1000 11 705 2033 2031
1003 2 2 1000 11 2957 3022 648
1004 2 2 1000 11 757 2771 2018
1005 2 2 1000 11 2908 2988 695
1006 2 2 1000 11 729 2899 2084
1007 2 2 1000 11 3025 3149 1987
1008 2 2 1000 11 2101 3044 1995
1009 2 2 1000 11 755 3107 2777
1010 2 2 1000 11 2450 2452 720
1011 2 2 1000 11 2144 3099 2265
1012 2 2 1000 11 1968 3015 2243
1013 2 2 1000 11 1960 2888 2185
1014 2 2 1000 11 2037 2075 2042
1015 2 2 1000 11 266 3085 2029
1016 2 2 1000 11 1433 2957 2086
1017 2 2 1000 11 2084 3070 729
1018 2 2 1000 11 1189 2915 2003
1019 2 2 1000 11 2072 2850 775
1020 2 2 1000 11 1888 2502 2099
1021 2 2 1000 11 2098 2802 2193
1022 2 2 1000 11 2011 2099 1495
1023 2 2 1000 11 1572 2990 2817
1024 2 2 1000 11 2067 2068 300
1025 2 2 1000 11 2080 2858 1405
1026 2 2 1000 11 1957 2887 2777
1027 2 2 1000 11 1972 2886 2066
1028 2 2 1000 11 1459 2866 2457
1029 2 2 1000 11 128 2837 2469
1030 2 2 1000 11 2924 2950 2027
1031 2 2 1000 11 2599 2984 671
1032 2 2 1000 11 2699 2973 2856
1033 2 2 1000 11 2452 2847 2453
1034 2 2 1000 11 3002 3045 2623
1035 2 2 1000 11 738 2186 2135
1036 2 2 1000 11 2855 2878 260
1037 2 2 1000 11 1974 2844 2228
1038 2 2 1000 11 1987 3149 1986
1039 2 2 1000 11 2035 2075 2037
1040 2 2 1000 11 1569 2176 2078
1041 2 2 1000 11 1547 2183 1545
1042 2 2 1000 11 1317 2802 1319
1043 2 2 1000 11 2029 2982 266
1044 2 2 1000 11 2105 2107 1775
1045 2 2 1000 11 2014 2903 713
1046 2 2 1000 11 717 3006 2010
1047 2 2 1000 11 2002 3148 2943
1048 2 2 1000 11 2943 3029 2002
1049 2 2 1000 11 2151 2955 650
1050 2 2 1000 11 309 2200 310
1051 2 2 1000 11 2995 3048 142
1052 2 2 1000 11 2157 2983 2005
1053 2 2 1000 11 2932 2940 2062
1054 2 2 1000 11 2078 2176 1383
1055 2 2 1000 11 2895 2937 2617
1056 2 2 1000 11 2689 3111 2688
1057 2 2 1000 11 1691 2835 2164
1058 2 2 1000 11 1923 2820 2002
1059 2 2 1000 11 2864 2918 2451
1060 2 2 1000 11 2043 3085 701
1061 2 2 1000 11 1982 2831 1911
1062 2 2 1000 11 743 2975 2096
1063 2 2 1000 11 2594 2930 749
1064 2 2 1000 11 664 2026 2025
1065 2 2 1000 11 776 2925 2042
1066 2 2 1000 11 718 2184 2183
1067 2 2 1000 11 2030 3024 2791
1068 2 2 1000 11 2086 3116 1433
1069 2 2 1000 11 2921 3110 2092
1070 2 2 1000 11 2070 2100 295
1071 2 2 1000 11 720 2798 2450
1072 2 2 1000 11 2018 2967 757
1073 2 2 1000 11 2250 3045 3002
1074 2 2 1000 11 2751 2775 2189
1075 2 2 1000 11 2015 2511 2442
1076 2 2 1000 11 1683 2511 2436
1077 2 2 1000 11 2009 2915 1569
1078 2 2 1000 11 2224 3094 1808
1079 2 2 1000 11 2040 2067 2036
1080 2 2 1000 11 2998 3113 1351
1081 2 2 1000 11 2469 2841 2466
1082 2 2 1000 11 2036 2067 736
1083 2 2 1000 11 2902 3113 2998
1084 2 2 1000 11 2079 2080 2077
1085 2 2 1000 11 2052 2053 735
1086 2 2 1000 11 766 2888 2874
1087 2 2 1000 11 680 2704 93
1088 2 2 1000 11 94 2704 748
1089 2 2 1000 11 2432 2941 75
1090 2 2 1000 11 731 770 769
1091 2 2 1000 11 2187 2304 1764
1092 2 2 1000 11 756 2812 2484
1093 2 2 1000 11 1979 3124 2004
1094 2 2 1000 11 700 3019 2148
1095 2 2 1000 11 175 2052 735
1096 2 2 1000 11 1104 2051 1081
1097 2 2 1000 11 176 2055 177
1098 2 2 1000 11 713 3017 2014
1099 2 2 1000 11 1923 2908 2820
1100 2 2 1000 11 3058 3135 1973
1101 2 2 1000 11 2142 2962 2141
1102 2 2 1000 11 1185 2051 1104
1103 2 2 1000 11 2076 2079 2077
1104 2 2 1000 11 2035 2036 736
1105 2 2 1000 11 2243 2883 1638
1106 2 2 1000 11 672 2918 2864
1107 2 2 1000 11 1189 2057 777
1108 2 2 1000 11 691 2759 2758
1109 2 2 1000 11 1544 2802 2098
1110 2 2 1000 11 1497 2847 2517
1111 2 2 1000 11 2058 2059 759
1112 2 2 1000 11 2433 2673 1897
1113 2 2 1000 11 2393 2673 2433
1114 2 2 1000 11 2886 3087 2066
1115 2 2 1000 11 2812 2904 1777
1116 2 2 1000 11 24 2853 733
1117 2 2 1000 11 731 769 297
1118 2 2 1000 11 746 2840 28
1119 2 2 1000 11 1383 2176 783
1120 2 2 1000 11 2050 2965 1990
1121 2 2 1000 11 2897 3080 3079
1122 2 2 1000 11 2488 3048 2995
1123 2 2 1000 11 2267 3100 2175
1124 2 2 1000 11 2022 2994 1831
1125 2 2 1000 11 1838 2970 2149
1126 2 2 1000 11 2010 3006 1819
1127 2 2 1000 11 2453 2847 2454
1128 2 2 1000 11 2078 3129 1569
1129 2 2 1000 11 2454 2847 2455
1130 2 2 1000 11 1914 2834 2809
1131 2 2 1000 11 769 2035 736
1132 2 2 1000 11 2096 2976 743
1133 2 2 1000 11 676 2942 2879
1134 2 2 1000 11 2402 2493 689
1135 2 2 1000 11 2076 2077 1383
1136 2 2 1000 11 684 2857 2761
1137 2 2 1000 11 2483 2812 1777
1138 2 2 1000 11 1620 2955 2151
1139 2 2 1000 11 1545 2183 1575
1140 2 2 1000 11 2066 2183 1547
1141 2 2 1000 11 2079 2858 2080
1142 2 2 1000 11 733 2853 2098
1143 2 2 1000 11 2450 2798 2451
1144 2 2 1000 11 731 2100 771
1145 2 2 1000 11 771 2100 1785
1146 2 2 1000 11 2019 3071 722
1147 2 2 1000 11 111 2985 2021
1148 2 2 1000 11 763 2200 309
1149 2 2 1000 11 310 2200 730
1150 2 2 1000 11 2110 2171 2170
1151 2 2 1000 11 656 3099 2144
1152 2 2 1000 11 2187 2870 2304
1153 2 2 1000 11 744 3110 2805
1154 2 2 1000 11 2795 2904 2481
1155 2 2 1000 11 1819 3117 2010
1156 2 2 1000 11 2199 2894 734
1157 2 2 1000 11 732 2804 30
1158 2 2 1000 11 2014 3017 2510
1159 2 2 1000 11 764 2084 2082
1160 2 2 1000 11 678 2947 2432
1161 2 2 1000 11 2080 2810 2077
1162 2 2 1000 11 2467 2470 2468
1163 2 2 1000 11 195 2064 196
1164 2 2 1000 11 196 2064 741
1165 2 2 1000 11 331 2091 745
1166 2 2 1000 11 1798 2242 2179
1167 2 2 1000 11 665 3134 2024
1168 2 2 1000 11 777 2057 774
1169 2 2 1000 11 785 2076 1383
1170 2 2 1000 11 2054 2992 1788
1171 2 2 1000 11 1926 3051 2136
1172 2 2 1000 11 719 3102 2016
1173 2 2 1000 11 1969 2999 2051
1174 2 2 1000 11 2164 2952 1691
1175 2 2 1000 11 1973 3135 1974
1176 2 2 1000 11 1565 2212 1595
1177 2 2 1000 11 2174 2804 732
1178 2 2 1000 11 2452 2453 720
1179 2 2 1000 11 770 2075 2035
1180 2 2 1000 11 78 2991 2674
1181 2 2 1000 11 303 2060 737
1182 2 2 1000 11 1314 1969 1312
1183 2 2 1000 11 2674 3109 78
1184 2 2 1000 11 1992 2878 2855
1185 2 2 1000 11 2786 2787 1826
1186 2 2 1000 11 2035 2037 2036
1187 2 2 1000 11 733 2193 2192
1188 2 2 1000 11 2116 3069 1272
1189 2 2 1000 11 673 2800 2477
1190 2 2 1000 11 1342 2747 1336
1191 2 2 1000 11 2888 3146 2874
1192 2 2 1000 11 3079 3080 2201
1193 2 2 1000 11 771 772 770
1194 2 2 1000 11 2077 2078 1383
1195 2 2 1000 11 2190 2191 746
1196 2 2 1000 11 2093 2097 2094
1197 2 2 1000 11 770 2035 769
1198 2 2 1000 11 731 771 770
1199 2 2 1000 11 2062 2063 665
1200 2 2 1000 11 2050 2212 742
1201 2 2 1000 11 2949 2958 799
1202 2 2 1000 11 2083 3105 1402
1203 2 2 1000 11 2686 2811 2691
1204 2 2 1000 11 2126 3042 1729
1205 2 2 1000 11 2253 2911 1083
1206 2 2 1000 11 3040 3068 1935
1207 2 2 1000 11 2167 2179 2178
1208 2 2 1000 11 1312 2051 1185
1209 2 2 1000 11 2142 3127 2962
1210 2 2 1000 11 2056 2963 709
1211 2 2 1000 11 2021 3104 111
1212 2 2 1000 11 735 2055 176
1213 2 2 1000 11 773 774 772
1214 2 2 1000 11 744 2088 328
1215 2 2 1000 11 724 2092 326
1216 2 2 1000 11 694 2917 2630
1217 2 2 1000 11 2784 3050 1963
1218 2 2 1000 11 739 3076 2310
1219 2 2 1000 11 774 2057 776
1220 2 2 1000 11 1306 2079 2076
1221 2 2 1000 11 2181 2182 2130
1222 2 2 1000 11 718 2183 2066
1223 2 2 1000 11 734 3024 2030
1224 2 2 1000 11 695 2087 288
1225 2 2 1000 11 2110 2170 2108
1226 2 2 1000 11 1336 2747 1334
1227 2 2 1000 11 2143 2165 2140
1228 2 2 1000 11 2156 2168 2154
1229 2 2 1000 11 1897 2674 2433
1230 2 2 1000 11 733 2192 25
1231 2 2 1000 11 2761 2948 684
1232 2 2 1000 11 775 777 774
1233 2 2 1000 11 2798 2864 2451
1234 2 2 1000 11 2093 2094 765
1235 2 2 1000 11 779 1189 777
1236 2 2 1000 11 230 2122 738
1237 2 2 1000 11 238 2178 654
1238 2 2 1000 11 201 2131 698
1239 2 2 1000 11 218 2127 702
1240 2 2 1000 11 207 2153 703
1241 2 2 1000 11 224 2103 697
1242 2 2 1000 11 235 2138 696
1243 2 2 1000 11 1078 2937 2895
1244 2 2 1000 11 1969 2051 1312
1245 2 2 1000 11 2040 2068 2067
1246 2 2 1000 11 2116 2972 1970
1247 2 2 1000 11 2037 2039 2038
1248 2 2 1000 11 750 2047 2046
1249 2 2 1000 11 27 2190 746
1250 2 2 1000 11 2599 3033 2600
1251 2 2 1000 11 785 1383 783
1252 2 2 1000 11 1083 2956 2253
1253 2 2 1000 11 726 2071 2070
1254 2 2 1000 11 1794 2891 2147
1255 2 2 1000 11 330 2091 331
1256 2 2 1000 11 1768 2834 1914
1257 2 2 1000 11 771 773 772
1258 2 2 1000 11 2050 3141 2965
1259 2 2 1000 11 1689 3089 2121
1260 2 2 1000 11 2037 2042 2039
1261 2 2 1000 11 3017 3123 2510
1262 2 2 1000 11 2131 2132 698
1263 2 2 1000 11 748 2704 2578
1264 2 2 1000 11 2085 2086 648
1265 2 2 1000 11 774 776 772
1266 2 2 1000 11 1353 1831 1323
1267 2 2 1000 11 1306 2076 787
1268 2 2 1000 11 305 2093 765
1269 2 2 1000 11 787 2076 785
1270 2 2 1000 11 2021 2985 1977
1271 2 2 1000 11 1595 2212 2050
1272 2 2 1000 11 1766 2212 1565
1273 2 2 1000 11 718 2980 2184
1274 2 2 1000 11 779 1569 1189
1275 2 2 1000 11 2088 2089 725
1276 2 2 1000 11 654 2178 2142
1277 2 2 1000 11 2175 3035 2267
1278 2 2 1000 11 2691 2811 1917
1279 2 2 1000 11 773 775 774
1280 2 2 1000 11 2865 3006 717
1281 2 2 1000 11 298 769 736
1282 2 2 1000 11 290 2085 648
1283 2 2 1000 11 743 2101 324
1284 2 2 1000 11 1971 2059 2058
1285 2 2 1000 11 2026 2027 2025
1286 2 2 1000 11 726 2070 294
1287 2 2 1000 11 2097 3040 1936
1288 2 2 1000 11 2037 2038 2036
1289 2 2 1000 11 27 746 28
1290 2 2 1000 11 2476 2813 752
1291 2 2 1000 11 29 732 30
1292 2 2 1000 11 736 2067 299
1293 2 2 1000 11 1555 2795 2481
1294 2 2 1000 11 24 733 25
1295 2 2 1000 11 708 2117 282
1296 2 2 1000 11 2039 2041 2038
1297 2 2 1000 11 2053 2054 735
1298 2 2 1000 11 2084 2899 2083
1299 2 2 1000 11 661 2180 2106
1300 2 2 1000 11 659 2181 2130
1301 2 2 1000 11 272 2180 661
1302 2 2 1000 11 2133 2169 263
1303 2 2 1000 11 2108 2170 257
1304 2 2 1000 11 198 2181 659
1305 2 2 1000 11 252 2124 739
1306 2 2 1000 11 2140 2165 240
1307 2 2 1000 11 2154 2168 246
1308 2 2 1000 11 203 2172 2150
1309 2 2 1000 11 1931 2927 1930
1310 2 2 1000 11 1322 1323 1321
1311 2 2 1000 11 710 2214 2213
1312 2 2 1000 11 778 779 777
1313 2 2 1000 11 329 2088 725
1314 2 2 1000 11 327 2092 744
1315 2 2 1000 11 297 769 298
1316 2 2 1000 11 298 736 299
1317 2 2 1000 11 32 710 33
1318 2 2 1000 11 296 731 297
1319 2 2 1000 11 294 2070 295
1320 2 2 1000 11 301 727 302
1321 2 2 1000 11 293 726 294
1322 2 2 1000 11 727 2060 302
1323 2 2 1000 11 2071 3016 2072
1324 2 2 1000 11 1313 1314 1312
1325 2 2 1000 11 26 2192 2190
1326 2 2 1000 11 710 2213 33
1327 2 2 1000 11 1422 1930 1349
1328 2 2 1000 11 296 2100 731
1329 2 2 1000 11 2166 2832 1833
1330 2 2 1000 11 1320 1321 1318
1331 2 2 1000 11 299 2067 300
1332 2 2 1000 11 229 2122 230
1333 2 2 1000 11 237 2178 238
1334 2 2 1000 11 200 2131 201
1335 2 2 1000 11 217 2127 218
1336 2 2 1000 11 206 2153 207
1337 2 2 1000 11 223 2103 224
1338 2 2 1000 11 234 2138 235
1339 2 2 1000 11 295 2100 296
1340 2 2 1000 11 325 724 326
1341 2 2 1000 11 327 744 328
1342 2 2 1000 11 329 725 330
1343 2 2 1000 11 1831 2902 2022
1344 2 2 1000 11 2129 2928 1614
1345 2 2 1000 11 325 2101 724
1346 2 2 1000 11 2204 2731 2205
1347 2 2 1000 11 1936 3040 1935
1348 2 2 1000 11 1933 2876 2144
1349 2 2 1000 11 302 2060 303
1350 2 2 1000 11 35 2215 647
1351 2 2 1000 11 1308 1312 1185
1352 2 2 1000 11 2205 2731 829
1353 2 2 1000 11 827 1306 787
1354 2 2 1000 11 737 2097 2093
1355 2 2 1000 11 1353 1983 1831
1356 2 2 1000 11 2089 2090 725
1357 2 2 1000 11 2190 2843 2191
1358 2 2 1000 11 775 778 777
1359 2 2 1000 11 2112 2113 660
1360 2 2 1000 11 783 2176 780
1361 2 2 1000 11 1774 2760 1335
1362 2 2 1000 11 1349 2747 1342
1363 2 2 1000 11 290 648 291
1364 2 2 1000 11 2123 2175 649
1365 2 2 1000 11 288 2087 289
1366 2 2 1000 11 35 647 36
1367 2 2 1000 11 2167 2178 237
1368 2 2 1000 11 2120 2122 229
1369 2 2 1000 11 2128 2131 200
1370 2 2 1000 11 2125 2127 217
1371 2 2 1000 11 2152 2153 206
1372 2 2 1000 11 2102 2103 223
1373 2 2 1000 11 2137 2138 234
1374 2 2 1000 11 2150 2151 650
1375 2 2 1000 11 2170 2171 704
1376 2 2 1000 11 2146 2147 667
1377 2 2 1000 11 2163 2164 2118
1378 2 2 1000 11 702 2162 2161
1379 2 2 1000 11 2020 2862 2788
1380 2 2 1000 11 2805 2934 744
1381 2 2 1000 11 1203 2768 1186
1382 2 2 1000 11 745 2185 332
1383 2 2 1000 11 328 2088 329
1384 2 2 1000 11 326 2092 327
1385 2 2 1000 11 672 2974 2918
1386 2 2 1000 11 1881 2221 1880
1387 2 2 1000 11 26 2190 27
1388 2 2 1000 11 1976 3061 2081
1389 2 2 1000 11 772 2075 770
1390 2 2 1000 11 2222 2740 2693
1391 2 2 1000 11 725 2091 330
1392 2 2 1000 11 2178 2179 2142
1393 2 2 1000 11 2218 2722 2217
1394 2 2 1000 11 2193 2843 2192
1395 2 2 1000 11 2179 2946 1798
1396 2 2 1000 11 2112 2117 2114
1397 2 2 1000 11 2165 2877 706
1398 2 2 1000 11 750 2048 2047
1399 2 2 1000 11 2630 3049 694
1400 2 2 1000 11 289 2087 2085
1401 2 2 1000 11 304 2093 305
1402 2 2 1000 11 126 2454 682
1403 2 2 1000 11 125 2454 126
1404 2 2 1000 11 1965 2210 1884
1405 2 2 1000 11 2094 2095 765
1406 2 2 1000 11 2210 2220 1884
1407 2 2 1000 11 282 2117 283
1408 2 2 1000 11 323 743 324
1409 2 2 1000 11 281 2166 708
1410 2 2 1000 11 284 2112 660
1411 2 2 1000 11 1333 2827 1774
1412 2 2 1000 11 271 2180 272
1413 2 2 1000 11 273 2104 274
1414 2 2 1000 11 262 2133 263
1415 2 2 1000 11 256 2108 257
1416 2 2 1000 11 197 2181 198
1417 2 2 1000 11 236 2167 237
1418 2 2 1000 11 199 2128 200
1419 2 2 1000 11 228 2120 229
1420 2 2 1000 11 216 2125 217
1421 2 2 1000 11 205 2152 206
1422 2 2 1000 11 222 2102 223
1423 2 2 1000 11 233 2137 234
1424 2 2 1000 11 202 2172 203
1425 2 2 1000 11 239 2140 240
1426 2 2 1000 11 251 2124 252
1427 2 2 1000 11 245 2154 246
1428 2 2 1000 11 278 2123 649
1429 2 2 1000 11 182 2144 183
1430 2 2 1000 11 289 2085 290
1431 2 2 1000 11 255 2149 657
1432 2 2 1000 11 215 2119 663
1433 2 2 1000 11 221 2111 651
1434 2 2 1000 11 204 2150 650
1435 2 2 1000 11 250 2146 667
1436 2 2 1000 11 232 2135 666
1437 2 2 1000 11 227 2118 658
1438 2 2 1000 11 264 2169 701
1439 2 2 1000 11 254 2159 2149
1440 2 2 1000 11 214 2160 2119
1441 2 2 1000 11 738 2135 231
1442 2 2 1000 11 220 2161 2111
1443 2 2 1000 11 187 2136 653
1444 2 2 1000 11 739 2159 253
1445 2 2 1000 11 740 2160 213
1446 2 2 1000 11 226 2163 2118
1447 2 2 1000 11 258 2170 704
1448 2 2 1000 11 241 2165 706
1449 2 2 1000 11 247 2168 700
1450 2 2 1000 11 702 2161 219
1451 2 2 1000 11 697 2163 225
1452 2 2 1000 11 303 737 304
1453 2 2 1000 11 809 2722 2218
1454 2 2 1000 11 1970 3069 2116
1455 2 2 1000 11 181 2145 656
1456 2 2 1000 11 2221 2222 1880
1457 2 2 1000 11 180 2173 2145
1458 2 2 1000 11 726 3064 2071
1459 2 2 1000 11 647 2701 36
1460 2 2 1000 11 701 3011 2043
1461 2 2 1000 11 1630 2196 1998
1462 2 2 1000 11 709 2173 179
1463 2 2 1000 11 2221 2740 2222
1464 2 2 1000 11 2054 2055 735
1465 2 2 1000 11 2026 2028 2027
1466 2 2 1000 11 25 2192 26
1467 2 2 1000 11 2167 2946 2179
1468 2 2 1000 11 1946 3006 2865
1469 2 2 1000 11 2213 2215 34
1470 2 2 1000 11 324 2101 325
1471 2 2 1000 11 331 745 332
1472 2 2 1000 11 21 728 22
1473 2 2 1000 11 1420 2254 2207
1474 2 2 1000 11 1631 2197 2188
1475 2 2 1000 11 1316 2817 1314
1476 2 2 1000 11 2094 2096 2095
1477 2 2 1000 11 2195 2620 2203
1478 2 2 1000 11 1315 1316 1314
1479 2 2 1000 11 287 695 288
1480 2 2 1000 11 1966 2958 2949
1481 2 2 1000 11 2005 3038 1999
1482 2 2 1000 11 1326 2796 1340
1483 2 2 1000 11 737 2093 304
1484 2 2 1000 11 37 754 38
1485 2 2 1000 11 2203 2620 1162
1486 2 2 1000 11 1884 2221 1881
1487 2 2 1000 11 1631 2196 1630
1488 2 2 1000 11 1370 2690 2251
1489 2 2 1000 11 2188 2196 1631
1490 2 2 1000 11 1436 2617 1810
1491 2 2 1000 11 2189 2775 753
1492 2 2 1000 11 1320 1322 1321
1493 2 2 1000 11 2053 2065 2054
1494 2 2 1000 11 2338 2651 2197
1495 2 2 1000 11 1434 2230 1432
1496 2 2 1000 11 2183 2184 1575
1497 2 2 1000 11 828 2620 2195
1498 2 2 1000 11 333 2185 766
1499 2 2 1000 11 2195 2276 828
1500 2 2 1000 11 1810 2230 1434
1501 2 2 1000 11 2204 2205 1571
1502 2 2 1000 11 2112 2114 2113
1503 2 2 1000 11 2092 3110 744
1504 2 2 1000 11 1190 2580 2564
1505 2 2 1000 11 807 2209 811
1506 2 2 1000 11 1410 2741 1409
1507 2 2 1000 11 1574 2211 1522
1508 2 2 1000 11 1237 2204 1571
1509 2 2 1000 11 2029 3085 2043
1510 2 2 1000 11 1964 2580 2194
1511 2 2 1000 11 2197 2651 2188
1512 2 2 1000 11 1072 2730 2693
1513 2 2 1000 11 1094 2235 815
1514 2 2 1000 11 805 2209 807
1515 2 2 1000 11 332 2185 333
1516 2 2 1000 11 2354 2550 2291
1517 2 2 1000 11 2197 2606 2504
1518 2 2 1000 11 1325 1353 1323
1519 2 2 1000 11 2291 2550 1080
1520 2 2 1000 11 1422 1931 1930
1521 2 2 1000 11 2209 2731 2204
1522 2 2 1000 11 2206 2416 1103
1523 2 2 1000 11 2234 2675 1874
1524 2 2 1000 11 2207 2208 1574
1525 2 2 1000 11 2137 2139 2138
1526 2 2 1000 11 681 2744 40
1527 2 2 1000 11 40 2744 41
1528 2 2 1000 11 1360 2768 1203
1529 2 2 1000 11 2275 2276 1839
1530 2 2 1000 11 19 747 20
1531 2 2 1000 11 2564 2580 1964
1532 2 2 1000 11 1235 2204 1237
1533 2 2 1000 11 2048 2049 2047
1534 2 2 1000 11 2276 2615 828
1535 2 2 1000 11 815 2235 813
1536 2 2 1000 11 1237 1571 1240
1537 2 2 1000 11 2202 2712 1074
1538 2 2 1000 11 2114 2115 2113
1539 2 2 1000 11 1571 1953 1240
1540 2 2 1000 11 2274 2275 1839
1541 2 2 1000 11 1974 2228 1738
1542 2 2 1000 11 2223 2284 1560
1543 2 2 1000 11 1631 2606 2197
1544 2 2 1000 11 1670 2700 1673
1545 2 2 1000 11 1560 2284 1559
1546 2 2 1000 11 1522 2211 1524
1547 2 2 1000 11 2725 2728 1956
1548 2 2 1000 11 1157 2675 2234
1549 2 2 1000 11 2226 2580 1190
1550 2 2 1000 11 1520 2207 1574
1551 2 2 1000 11 1614 3001 2129
1552 2 2 1000 11 1103 2416 1102
1553 2 2 1000 11 1842 2586 2340
1554 2 2 1000 11 2202 2715 1866
1555 2 2 1000 11 811 2209 1235
1556 2 2 1000 11 2504 2606 1106
1557 2 2 1000 11 2308 2706 1067
1558 2 2 1000 11 1161 2226 1190
1559 2 2 1000 11 2275 2615 2276
1560 2 2 1000 11 1058 2232 1110
1561 2 2 1000 11 1106 2604 2340
1562 2 2 1000 11 1886 2681 1932
1563 2 2 1000 11 2715 2716 1866
1564 2 2 1000 11 1192 2286 1357
1565 2 2 1000 11 782 783 780
1566 2 2 1000 11 333 766 334
1567 2 2 1000 11 1761 2233 2232
1568 2 2 1000 11 1106 2606 2604
1569 2 2 1000 11 1399 2231 2216
1570 2 2 1000 11 2306 2702 1154
1571 2 2 1000 11 1271 2235 1094
1572 2 2 1000 11 1956 2728 1957
1573 2 2 1000 11 2308 2708 2309
1574 2 2 1000 11 1738 2228 2216
1575 2 2 1000 11 2026 2029 2028
1576 2 2 1000 11 1576 2218 2217
1577 2 2 1000 11 2274 2408 1849
1578 2 2 1000 11 2225 2352 1950
1579 2 2 1000 11 1524 2211 1997
1580 2 2 1000 11 2216 2228 1399
1581 2 2 1000 11 2352 2535 1392
1582 2 2 1000 11 1235 2209 2204
1583 2 2 1000 11 944 2596 2588
1584 2 2 1000 11 1058 2247 2232
1585 2 2 1000 11 1665 2685 1667
1586 2 2 1000 11 1074 2712 2710
1587 2 2 1000 11 2708 2710 2309
1588 2 2 1000 11 1845 2565 2341
1589 2 2 1000 11 2302 2697 1064
1590 2 2 1000 11 1560 2285 2223
1591 2 2 1000 11 2581 2586 1842
1592 2 2 1000 11 2291 2577 2290
1593 2 2 1000 11 2225 2535 2352
1594 2 2 1000 11 2340 2604 1842
1595 2 2 1000 11 1438 2617 1436
1596 2 2 1000 11 2588 2596 2290
1597 2 2 1000 11 1100 2576 2341
1598 2 2 1000 11 1067 2706 2705
1599 2 2 1000 11 2577 2588 2290
1600 2 2 1000 11 1938 2220 2210
1601 2 2 1000 11 1276 2217 1271
1602 2 2 1000 11 1673 2550 2354
1603 2 2 1000 11 1100 2586 2581
1604 2 2 1000 11 2300 2682 1155
1605 2 2 1000 11 2332 2712 2202
1606 2 2 1000 11 1100 2581 2576
1607 2 2 1000 11 1835 2276 2195
1608 2 2 1000 11 1124 2545 2248
1609 2 2 1000 11 1761 2725 2720
1610 2 2 1000 11 1154 2702 2698
1611 2 2 1000 11 1080 2577 2291
1612 2 2 1000 11 2217 2722 2235
1613 2 2 1000 11 1839 2408 2274
1614 2 2 1000 11 1178 2226 1161
1615 2 2 1000 11 1576 2217 1276
1616 2 2 1000 11 1856 2238 1843
1617 2 2 1000 11 2325 2676 1027
1618 2 2 1000 11 2236 2418 1113
1619 2 2 1000 11 1113 2418 1016
1620 2 2 1000 11 2199 2246 1564
1621 2 2 1000 11 1839 2276 1835
1622 2 2 1000 11 2341 2576 1845
1623 2 2 1000 11 1850 2530 2346
1624 2 2 1000 11 2219 2288 1566
1625 2 2 1000 11 2562 2565 1845
1626 2 2 1000 11 2248 2545 2264
1627 2 2 1000 11 2693 2730 2222
1628 2 2 1000 11 1064 2697 2695
1629 2 2 1000 11 2197 2504 2338
1630 2 2 1000 11 2284 2288 1837
1631 2 2 1000 11 1658 2667 1661
1632 2 2 1000 11 2206 2220 1938
1633 2 2 1000 11 2251 2252 1535
1634 2 2 1000 11 1111 2231 1228
1635 2 2 1000 11 2264 2271 1725
1636 2 2 1000 11 1637 2244 1638
1637 2 2 1000 11 318 764 319
1638 2 2 1000 11 2261 2527 1264
1639 2 2 1000 11 1090 2558 2346
1640 2 2 1000 11 2536 2575 1669
1641 2 2 1000 11 1090 2565 2562
1642 2 2 1000 11 1638 2244 2243
1643 2 2 1000 11 1667 2536 1669
1644 2 2 1000 11 1559 2284 1837
1645 2 2 1000 11 1837 2288 2219
1646 2 2 1000 11 2249 2250 687
1647 2 2 1000 11 2217 2235 1271
1648 2 2 1000 11 2307 2706 2308
1649 2 2 1000 11 37 2701 754
1650 2 2 1000 11 1288 2240 1175
1651 2 2 1000 11 1090 2562 2558
1652 2 2 1000 11 2239 2240 1288
1653 2 2 1000 11 2570 2602 2231
1654 2 2 1000 11 2321 2660 1028
1655 2 2 1000 11 1155 2682 2680
1656 2 2 1000 11 2454 2455 682
1657 2 2 1000 11 1427 1576 1276
1658 2 2 1000 11 2315 2670 2551
1659 2 2 1000 11 2270 2277 1852
1660 2 2 1000 11 2305 2702 2306
1661 2 2 1000 11 1357 2286 1560
1662 2 2 1000 11 2232 2233 1110
1663 2 2 1000 11 1228 2231 1399
1664 2 2 1000 11 2227 2520 1084
1665 2 2 1000 11 2346 2558 1850
1666 2 2 1000 11 313 2249 687
1667 2 2 1000 11 2301 2697 2302
1668 2 2 1000 11 308 763 309
1669 2 2 1000 11 1856 2270 2238
1670 2 2 1000 11 1850 2531 2530
1671 2 2 1000 11 1636 3053 2158
1672 2 2 1000 11 1112 2640 2229
1673 2 2 1000 11 1855 2256 1506
1674 2 2 1000 11 1079 2277 2270
1675 2 2 1000 11 2321 2665 2322
1676 2 2 1000 11 1524 1997 1996
1677 2 2 1000 11 2470 2521 1498
1678 2 2 1000 11 1241 2273 836
1679 2 2 1000 11 1661 2519 2381
1680 2 2 1000 11 2264 2545 2271
1681 2 2 1000 11 882 2637 2383
1682 2 2 1000 11 2299 2682 2300
1683 2 2 1000 11 2530 2531 1084
1684 2 2 1000 11 2297 2642 1029
1685 2 2 1000 11 2198 2199 1564
1686 2 2 1000 11 836 2273 1854
1687 2 2 1000 11 1027 2676 2671
1688 2 2 1000 11 1855 2411 2256
1689 2 2 1000 11 34 2215 35
1690 2 2 1000 11 2240 2241 1175
1691 2 2 1000 11 2467 2521 2470
1692 2 2 1000 11 1166 1291 1198
1693 2 2 1000 11 2273 2274 1849
1694 2 2 1000 11 2220 2221 1884
1695 2 2 1000 11 2324 2676 2325
1696 2 2 1000 11 1112 2651 2338
1697 2 2 1000 11 2363 2426 2245
1698 2 2 1000 11 1192 2551 2286
1699 2 2 1000 11 1291 1786 1401
1700 2 2 1000 11 2665 2671 2322
1701 2 2 1000 11 2203 2755 2750
1702 2 2 1000 11 1637 2245 2244
1703 2 2 1000 11 1018 2641 1020
1704 2 2 1000 11 1551 2649 1655
1705 2 2 1000 11 1520 1574 1522
1706 2 2 1000 11 1503 1967 1579
1707 2 2 1000 11 2519 2546 2381
1708 2 2 1000 11 1503 1579 1283
1709 2 2 1000 11 1362 2811 2686
1710 2 2 1000 11 2242 2256 1652
1711 2 2 1000 11 1084 2531 2227
1712 2 2 1000 11 2282 2411 1855
1713 2 2 1000 11 1074 2715 2202
1714 2 2 1000 11 2114 2116 2115
1715 2 2 1000 11 1824 1966 1799
1716 2 2 1000 11 1854 2273 2272
1717 2 2 1000 11 886 2638 2568
1718 2 2 1000 11 1502 1503 1283
1719 2 2 1000 11 1235 1237 1236
1720 2 2 1000 11 814 2375 816
1721 2 2 1000 11 1725 2598 1722
1722 2 2 1000 11 2337 2610 1859
1723 2 2 1000 11 1067 2708 2308
1724 2 2 1000 11 2705 2706 2306
1725 2 2 1000 11 1787 1937 1786
1726 2 2 1000 11 1264 2559 2261
1727 2 2 1000 11 1506 2256 2242
1728 2 2 1000 11 2227 2522 2520
1729 2 2 1000 11 2245 2426 2244
1730 2 2 1000 11 1372 2251 1535
1731 2 2 1000 11 2238 2270 1852
1732 2 2 1000 11 2320 2660 2321
1733 2 2 1000 11 1291 1401 1198
1734 2 2 1000 11 1786 1788 1401
1735 2 2 1000 11 2710 2712 2309
1736 2 2 1000 11 1296 2269 1853
1737 2 2 1000 11 1154 2705 2306
1738 2 2 1000 11 316 729 317
1739 2 2 1000 11 2698 2702 2302
1740 2 2 1000 11 1932 2681 2439
1741 2 2 1000 11 2337 2621 1107
1742 2 2 1000 11 2297 2656 2298
1743 2 2 1000 11 811 1235 1077
1744 2 2 1000 11 2520 2522 1113
1745 2 2 1000 11 1392 2535 2238
1746 2 2 1000 11 2296 2642 2297
1747 2 2 1000 11 2241 2412 2344
1748 2 2 1000 11 2326 2563 1857
1749 2 2 1000 11 2229 2640 2633
1750 2 2 1000 11 1853 2399 2263
1751 2 2 1000 11 1062 2247 1059
1752 2 2 1000 11 1938 1939 1937
1753 2 2 1000 11 1028 2660 2658
1754 2 2 1000 11 1064 2698 2302
1755 2 2 1000 11 1102 2416 1166
1756 2 2 1000 11 1420 2207 1520
1757 2 2 1000 11 2326 2585 1099
1758 2 2 1000 11 2695 2697 2300
1759 2 2 1000 11 1967 2194 1579
1760 2 2 1000 11 1111 2570 2231
1761 2 2 1000 11 1655 2518 1657
1762 2 2 1000 11 1016 2418 1018
1763 2 2 1000 11 2240 2412 2241
1764 2 2 1000 11 1642 2353 1644
1765 2 2 1000 11 1830 2257 1643
1766 2 2 1000 11 1673 2700 2550
1767 2 2 1000 11 1040 2277 1079
1768 2 2 1000 11 2269 2399 1853
1769 2 2 1000 11 310 730 311
1770 2 2 1000 11 1155 2695 2300
1771 2 2 1000 11 2656 2658 2298
1772 2 2 1000 11 1503 2246 2030
1773 2 2 1000 11 1113 2522 2236
1774 2 2 1000 11 2231 2602 2216
1775 2 2 1000 11 1876 2548 2527
1776 2 2 1000 11 2271 2598 1725
1777 2 2 1000 11 1087 1103 1102
1778 2 2 1000 11 2232 2247 1582
1779 2 2 1000 11 1582 2247 1108
1780 2 2 1000 11 2527 2548 1264
1781 2 2 1000 11 952 2643 2563
1782 2 2 1000 11 2238 2535 1843
1783 2 2 1000 11 2680 2682 2325
1784 2 2 1000 11 1275 1276 1271
1785 2 2 1000 11 1099 2602 2570
1786 2 2 1000 11 2621 2633 1107
1787 2 2 1000 11 1241 2274 2273
1788 2 2 1000 11 2293 2605 1066
1789 2 2 1000 11 1291 1787 1786
1790 2 2 1000 11 1190 2278 1159
1791 2 2 1000 11 1874 2675 2248
1792 2 2 1000 11 1108 2247 1062
1793 2 2 1000 11 2272 2281 1854
1794 2 2 1000 11 1704 2614 1873
1795 2 2 1000 11 1787 1938 1937
1796 2 2 1000 11 1281 1283 1178
1797 2 2 1000 11 312 2249 313
1798 2 2 1000 11 2317 2549 2533
1799 2 2 1000 11 313 687 314
1800 2 2 1000 11 283 2117 2112
1801 2 2 1000 11 2331 2556 1860
1802 2 2 1000 11 2585 2602 1099
1803 2 2 1000 11 2518 2542 1657
1804 2 2 1000 11 1283 2226 1178
1805 2 2 1000 11 1667 2685 2536
1806 2 2 1000 11 1027 2680 2325
1807 2 2 1000 11 1787 2416 2206
1808 2 2 1000 11 1291 2416 1787
1809 2 2 1000 11 2263 2380 1853
1810 2 2 1000 11 2343 2419 2344
1811 2 2 1000 11 1503 2030 1967
1812 2 2 1000 11 1172 1582 1108
1813 2 2 1000 11 1137 2607 1199
1814 2 2 1000 11 1882 2260 1886
1815 2 2 1000 11 1589 2385 2329
1816 2 2 1000 11 1636 2266 1634
1817 2 2 1000 11 1199 2607 2258
1818 2 2 1000 11 2331 2582 1101
1819 2 2 1000 11 2257 2280 1643
1820 2 2 1000 11 2029 2043 2028
1821 2 2 1000 11 2195 2203 1836
1822 2 2 1000 11 986 2640 1112
1823 2 2 1000 11 1861 2461 2255
1824 2 2 1000 11 1933 2265 1885
1825 2 2 1000 11 1161 1190 1159
1826 2 2 1000 11 1241 2513 2275
1827 2 2 1000 11 1938 2210 1939
1828 2 2 1000 11 2229 2651 1112
1829 2 2 1000 11 1059 2247 1058
1830 2 2 1000 11 1859 2610 2603
1831 2 2 1000 11 2260 2261 1886
1832 2 2 1000 11 2344 2419 2241
1833 2 2 1000 11 2194 2580 1579
1834 2 2 1000 11 2329 2385 2328
1835 2 2 1000 11 1560 2286 2285
1836 2 2 1000 11 2633 2640 1107
1837 2 2 1000 11 2292 2605 2293
1838 2 2 1000 11 1086 2396 2262
1839 2 2 1000 11 2671 2676 2322
1840 2 2 1000 11 2383 2637 1851
1841 2 2 1000 11 2348 2380 2263
1842 2 2 1000 11 2260 2527 2261
1843 2 2 1000 11 1885 2265 1883
1844 2 2 1000 11 1172 1583 1582
1845 2 2 1000 11 2293 2619 2294
1846 2 2 1000 11 1432 2741 1410
1847 2 2 1000 11 816 2375 819
1848 2 2 1000 11 1091 2425 2268
1849 2 2 1000 11 1857 2585 2326
1850 2 2 1000 11 1364 2686 1423
1851 2 2 1000 11 1646 2280 1648
1852 2 2 1000 11 2334 2561 2335
1853 2 2 1000 11 1644 2353 2000
1854 2 2 1000 11 1726 2264 1725
1855 2 2 1000 11 1588 1962 1587
1856 2 2 1000 11 1835 1836 1517
1857 2 2 1000 11 1028 2665 2321
1858 2 2 1000 11 1879 2260 1882
1859 2 2 1000 11 2335 2561 1153
1860 2 2 1000 11 1269 1271 1094
1861 2 2 1000 11 2551 2670 2286
1862 2 2 1000 11 878 2611 2355
1863 2 2 1000 11 1516 1517 1515
1864 2 2 1000 11 1502 2246 1503
1865 2 2 1000 11 980 2610 2337
1866 2 2 1000 11 1661 2667 2519
1867 2 2 1000 11 1583 1761 1582
1868 2 2 1000 11 1116 2364 1646
1869 2 2 1000 11 1040 2529 2277
1870 2 2 1000 11 2340 2586 996
1871 2 2 1000 11 1109 1172 1108
1872 2 2 1000 11 1241 2275 2274
1873 2 2 1000 11 1054 2538 1876
1874 2 2 1000 11 1029 2642 2627
1875 2 2 1000 11 1037 2529 1040
1876 2 2 1000 11 2455 2456 682
1877 2 2 1000 11 1646 2364 2280
1878 2 2 1000 11 2266 2283 1634
1879 2 2 1000 11 2279 2547 2357
1880 2 2 1000 11 1281 1502 1283
1881 2 2 1000 11 2245 2549 2363
1882 2 2 1000 11 1190 2564 2278
1883 2 2 1000 11 2582 2603 1101
1884 2 2 1000 11 1859 2621 2337
1885 2 2 1000 11 1139 2514 2281
1886 2 2 1000 11 2266 2353 1642
1887 2 2 1000 11 1079 2377 2366
1888 2 2 1000 11 2658 2660 2298
1889 2 2 1000 11 2341 2565 1002
1890 2 2 1000 11 1883 2265 1965
1891 2 2 1000 11 1855 2404 2282
1892 2 2 1000 11 2357 2547 1713
1893 2 2 1000 11 2603 2610 1101
1894 2 2 1000 11 1513 1515 1514
1895 2 2 1000 11 2568 2638 2285
1896 2 2 1000 11 1086 2512 2316
1897 2 2 1000 11 1700 2569 2376
1898 2 2 1000 11 1586 1587 1583
1899 2 2 1000 11 962 2570 1111
1900 2 2 1000 11 2282 2404 2313
1901 2 2 1000 11 1882 1885 1883
1902 2 2 1000 11 970 2425 1091
1903 2 2 1000 11 1513 1516 1515
1904 2 2 1000 11 1648 2280 2257
1905 2 2 1000 11 2270 2377 1079
1906 2 2 1000 11 2533 2549 2245
1907 2 2 1000 11 1699 2566 1891
1908 2 2 1000 11 948 2396 1086
1909 2 2 1000 11 2279 2357 1593
1910 2 2 1000 11 2619 2627 2294
1911 2 2 1000 11 2346 2530 1008
1912 2 2 1000 11 1115 2283 1640
1913 2 2 1000 11 1462 2320 1580
1914 2 2 1000 11 1375 2574 2461
1915 2 2 1000 11 1879 1882 1881
1916 2 2 1000 11 1456 2296 1581
1917 2 2 1000 11 1468 2324 1752
1918 2 2 1000 11 974 2556 2331
1919 2 2 1000 11 1893 2572 1708
1920 2 2 1000 11 1761 2232 1582
1921 2 2 1000 11 2359 2415 2382
1922 2 2 1000 11 1065 1108 1062
1923 2 2 1000 11 1054 1876 1164
1924 2 2 1000 11 1579 2226 1283
1925 2 2 1000 11 2342 2344 1653
1926 2 2 1000 11 2338 2504 990
1927 2 2 1000 11 2418 2641 1018
1928 2 2 1000 11 1079 2366 1041
1929 2 2 1000 11 2320 2321 1580
1930 2 2 1000 11 1877 2260 1879
1931 2 2 1000 11 2324 2325 1752
1932 2 2 1000 11 1636 2353 2266
1933 2 2 1000 11 2296 2297 1581
1934 2 2 1000 11 1141 2281 1210
1935 2 2 1000 11 1874 2248 1822
1936 2 2 1000 11 1593 2356 2279
1937 2 2 1000 11 940 2348 1097
1938 2 2 1000 11 1440 1799 1438
1939 2 2 1000 11 1835 2195 1836
1940 2 2 1000 11 1882 1883 1881
1941 2 2 1000 11 1516 1835 1517
1942 2 2 1000 11 1886 1932 1885
1943 2 2 1000 11 1875 2234 1874
1944 2 2 1000 11 1588 1963 1962
1945 2 2 1000 11 1029 2656 2297
1946 2 2 1000 11 2272 2273 1849
1947 2 2 1000 11 1932 1933 1885
1948 2 2 1000 11 2382 2415 1527
1949 2 2 1000 11 1084 2520 1012
1950 2 2 1000 11 1655 2649 2518
1951 2 2 1000 11 1654 2363 2361
1952 2 2 1000 11 956 2563 2326
1953 2 2 1000 11 1210 2281 2272
1954 2 2 1000 11 914 2367 1115
1955 2 2 1000 11 1860 2556 2528
1956 2 2 1000 11 1115 2367 2283
1957 2 2 1000 11 2355 2611 1867
1958 2 2 1000 11 860 2419 2343
1959 2 2 1000 11 2358 2372 2359
1960 2 2 1000 11 2512 2524 2316
1961 2 2 1000 11 1586 1588 1587
1962 2 2 1000 11 1377 1513 1512
1963 2 2 1000 11 1640 2283 2266
1964 2 2 1000 11 1041 2366 1043
1965 2 2 1000 11 1514 2267 2032
1966 2 2 1000 11 2312 2378 1118
1967 2 2 1000 11 1823 1874 1822
1968 2 2 1000 11 1836 2259 1517
1969 2 2 1000 11 1513 2408 1516
1970 2 2 1000 11 1212 2272 1849
1971 2 2 1000 11 2295 2296 1454
1972 2 2 1000 11 901 2362 904
1973 2 2 1000 11 2186 2287 1570
1974 2 2 1000 11 2329 2409 1589
1975 2 2 1000 11 2241 2350 1175
1976 2 2 1000 11 1097 2348 2263
1977 2 2 1000 11 2303 2364 1116
1978 2 2 1000 11 1118 2411 2282
1979 2 2 1000 11 1549 2461 1861
1980 2 2 1000 11 1166 1198 1196
1981 2 2 1000 11 2720 2725 1956
1982 2 2 1000 11 1860 2582 2331
1983 2 2 1000 11 2281 2514 1854
1984 2 2 1000 11 2328 2385 2327
1985 2 2 1000 11 860 2343 861
1986 2 2 1000 11 1452 2295 1454
1987 2 2 1000 11 2344 2412 1653
1988 2 2 1000 11 2292 2293 1584
1989 2 2 1000 11 2342 2414 2318
1990 2 2 1000 11 2563 2643 1857
1991 2 2 1000 11 1212 1377 1376
1992 2 2 1000 11 1516 2408 1839
1993 2 2 1000 11 1653 2414 2342
1994 2 2 1000 11 2323 2324 1466
1995 2 2 1000 11 1454 2296 1456
1996 2 2 1000 11 1639 2303 916
1997 2 2 1000 11 911 2367 914
1998 2 2 1000 11 1681 2289 1841
1999 2 2 1000 11 2255 2541 1861
2000 2 2 1000 11 834 2513 1241
2001 2 2 1000 11 1070 2329 2328
2002 2 2 1000 11 1400 2304 1770
2003 2 2 1000 11 1053 2413 1052
2004 2 2 1000 11 1645 2312 922
2005 2 2 1000 11 1450 2292 1584
2006 2 2 1000 11 1598 2345 1217
2007 2 2 1000 11 2319 2320 1460
2008 2 2 1000 11 1460 2320 1462
2009 2 2 1000 11 1873 2614 2489
2010 2 2 1000 11 1800 2311 1356
2011 2 2 1000 11 2309 2333 1578
2012 2 2 1000 11 1466 2324 1468
2013 2 2 1000 11 1876 1877 1164
2014 2 2 1000 11 2282 2313 928
2015 2 2 1000 11 1212 1849 1377
2016 2 2 1000 11 1570 2287 1290
2017 2 2 1000 11 1066 2605 2593
2018 2 2 1000 11 1978 2314 1505
2019 2 2 1000 11 1822 2264 1726
2020 2 2 1000 11 2347 2380 2348
2021 2 2 1000 11 1752 2299 1470
2022 2 2 1000 11 1753 2301 1474
2023 2 2 1000 11 2455 2457 2456
2024 2 2 1000 11 1754 2305 1478
2025 2 2 1000 11 280 2166 281
2026 2 2 1000 11 1139 2281 1141
2027 2 2 1000 11 1755 2307 1482
2028 2 2 1000 11 1578 2333 1486
2029 2 2 1000 11 1882 1886 1885
2030 2 2 1000 11 2528 2556 1091
2031 2 2 1000 11 2538 2548 1876
2032 2 2 1000 11 283 2112 284
2033 2 2 1000 11 1070 2328 1022
2034 2 2 1000 11 1464 2323 1466
2035 2 2 1000 11 2330 2421 2361
2036 2 2 1000 11 1808 2339 1277
2037 2 2 1000 11 1724 1725 1722
2038 2 2 1000 11 2279 2356 849
2039 2 2 1000 11 834 1241 836
2040 2 2 1000 11 1849 2408 1377
2041 2 2 1000 11 1032 2327 1213
2042 2 2 1000 11 2361 2421 1654
2043 2 2 1000 11 2372 2415 2359
2044 2 2 1000 11 1643 2280 1641
2045 2 2 1000 11 1056 2413 1053
2046 2 2 1000 11 1577 2332 2202
2047 2 2 1000 11 1821 1822 1726
2048 2 2 1000 11 842 2514 1139
2049 2 2 1000 11 2262 2512 1086
2050 2 2 1000 11 938 2348 940
2051 2 2 1000 11 875 2360 878
2052 2 2 1000 11 849 2356 851
2053 2 2 1000 11 1458 2319 1460
2054 2 2 1000 11 2334 2335 1744
2055 2 2 1000 11 2461 2574 2255
2056 2 2 1000 11 1856 2377 2270
2057 2 2 1000 11 1210 1212 1211
2058 2 2 1000 11 890 2315 891
2059 2 2 1000 11 904 2317 905
2060 2 2 1000 11 916 2303 917
2061 2 2 1000 11 1210 2272 1212
2062 2 2 1000 11 864 2342 2318
2063 2 2 1000 11 922 2312 923
2064 2 2 1000 11 864 2318 865
2065 2 2 1000 11 928 2313 929
2066 2 2 1000 11 897 2330 900
2067 2 2 1000 11 2417 2557 1246
2068 2 2 1000 11 1673 2354 1674
2069 2 2 1000 11 958 2326 1099
2070 2 2 1000 11 1505 2314 1294
2071 2 2 1000 11 976 2331 1101
2072 2 2 1000 11 1262 2336 1300
2073 2 2 1000 11 982 2337 1107
2074 2 2 1000 11 2378 2411 1118
2075 2 2 1000 11 1564 2246 1502
2076 2 2 1000 11 1446 2334 1744
2077 2 2 1000 11 1558 2310 1800
2078 2 2 1000 11 1566 2288 1532
2079 2 2 1000 11 1517 1518 1515
2080 2 2 1000 11 2321 2322 1580
2081 2 2 1000 11 2297 2298 1581
2082 2 2 1000 11 904 2549 2317
2083 2 2 1000 11 1356 2311 1191
2084 2 2 1000 11 1284 2339 1533
2085 2 2 1000 11 1490 2332 1577
2086 2 2 1000 11 1026 2327 1032
2087 2 2 1000 11 2347 2348 938
2088 2 2 1000 11 1130 2358 869
2089 2 2 1000 11 1232 1233 1231
2090 2 2 1000 11 1637 2533 2245
2091 2 2 1000 11 1234 1274 1233
2092 2 2 1000 11 1277 2339 1179
2093 2 2 1000 11 1865 2557 2417
2094 2 2 1000 11 1883 1965 1884
2095 2 2 1000 11 2627 2642 2294
2096 2 2 1000 11 1058 1110 1056
2097 2 2 1000 11 935 2347 938
2098 2 2 1000 11 1219 2345 1561
2099 2 2 1000 11 1414 1542 1274
2100 2 2 1000 11 1232 1234 1233
2101 2 2 1000 11 1043 2366 2365
2102 2 2 1000 11 943 2349 946
2103 2 2 1000 11 1823 1875 1874
2104 2 2 1000 11 1217 2345 1216
2105 2 2 1000 11 1172 2278 1586
2106 2 2 1000 11 857 2389 860
2107 2 2 1000 11 1981 2044 1980
2108 2 2 1000 11 1654 2426 2363
2109 2 2 1000 11 1230 1232 1231
2110 2 2 1000 11 1398 2304 1400
2111 2 2 1000 11 2293 2294 1584
2112 2 2 1000 11 1234 1414 1274
2113 2 2 1000 11 946 2396 948
2114 2 2 1000 11 1679 2289 1681
2115 2 2 1000 11 1634 2283 1632
2116 2 2 1000 11 1639 2364 2303
2117 2 2 1000 11 950 2316 952
2118 2 2 1000 11 1517 2259 1518
2119 2 2 1000 11 1648 1650 1649
2120 2 2 1000 11 2024 2061 1805
2121 2 2 1000 11 1225 1289 1226
2122 2 2 1000 11 1289 1570 1290
2123 2 2 1000 11 1294 2314 1296
2124 2 2 1000 11 1222 1294 1223
2125 2 2 1000 11 1215 1216 1214
2126 2 2 1000 11 1644 1999 1830
2127 2 2 1000 11 2330 2361 900
2128 2 2 1000 11 1642 1644 1643
2129 2 2 1000 11 1097 1225 1224
2130 2 2 1000 11 1228 1398 1229
2131 2 2 1000 11 1844 1980 1416
2132 2 2 1000 11 1640 1642 1641
2133 2 2 1000 11 1633 1635 1634
2134 2 2 1000 11 1561 1805 1496
2135 2 2 1000 11 1119 1222 1221
2136 2 2 1000 11 1646 1648 1647
2137 2 2 1000 11 1121 1191 1122
2138 2 2 1000 11 1191 2311 1206
2139 2 2 1000 11 1213 1214 1075
2140 2 2 1000 11 1115 1640 1639
2141 2 2 1000 11 1111 1228 1227
2142 2 2 1000 11 1066 2619 2293
2143 2 2 1000 11 1116 1646 1645
2144 2 2 1000 11 1114 1633 1632
2145 2 2 1000 11 1117 1121 1120
2146 2 2 1000 11 1377 1512 1376
2147 2 2 1000 11 1212 1376 1211
2148 2 2 1000 11 861 2343 864
2149 2 2 1000 11 1191 1206 1122
2150 2 2 1000 11 1684 2290 2289
2151 2 2 1000 11 1075 2503 2438
2152 2 2 1000 11 1121 1122 1120
2153 2 2 1000 11 2307 2308 1578
2154 2 2 1000 11 1166 2416 1291
2155 2 2 1000 11 1635 1636 1634
2156 2 2 1000 11 1567 2373 1540
2157 2 2 1000 11 2301 2302 1754
2158 2 2 1000 11 2305 2306 1755
2159 2 2 1000 11 2349 2447 2396
2160 2 2 1000 11 2299 2300 1753
2161 2 2 1000 11 1065 1109 1108
2162 2 2 1000 11 1844 1981 1980
2163 2 2 1000 11 1642 1643 1641
2164 2 2 1000 11 1542 1926 1543
2165 2 2 1000 11 1644 1830 1643
2166 2 2 1000 11 1533 1992 1991
2167 2 2 1000 11 1633 1634 1632
2168 2 2 1000 11 1117 1120 896
2169 2 2 1000 11 1168 1179 1132
2170 2 2 1000 11 1640 1641 1639
2171 2 2 1000 11 1131 1132 1130
2172 2 2 1000 11 1533 1991 1525
2173 2 2 1000 11 1399 1764 1398
2174 2 2 1000 11 1648 1649 1647
2175 2 2 1000 11 1131 1168 1132
2176 2 2 1000 11 1367 1794 1793
2177 2 2 1000 11 1168 1277 1179
2178 2 2 1000 11 1136 2350 1134
2179 2 2 1000 11 1114 1632 910
2180 2 2 1000 11 920 1116 922
2181 2 2 1000 11 940 1097 942
2182 2 2 1000 11 914 1115 916
2183 2 2 1000 11 908 1114 910
2184 2 2 1000 11 1592 1784 1687
2185 2 2 1000 11 926 1118 928
2186 2 2 1000 11 1558 1800 1356
2187 2 2 1000 11 932 1119 934
2188 2 2 1000 11 1776 2310 1558
2189 2 2 1000 11 1115 1639 916
2190 2 2 1000 11 1601 1792 1599
2191 2 2 1000 11 1590 1598 1217
2192 2 2 1000 11 948 1086 950
2193 2 2 1000 11 1646 1647 1645
2194 2 2 1000 11 894 1117 896
2195 2 2 1000 11 1294 1296 1223
2196 2 2 1000 11 965 2351 968
2197 2 2 1000 11 1400 1770 1597
2198 2 2 1000 11 1577 1866 1762
2199 2 2 1000 11 1222 1223 1221
2200 2 2 1000 11 1736 1973 1738
2201 2 2 1000 11 1876 2527 1877
2202 2 2 1000 11 1116 1645 922
2203 2 2 1000 11 958 1099 960
2204 2 2 1000 11 1216 1219 1218
2205 2 2 1000 11 956 2326 958
2206 2 2 1000 11 1611 1614 1609
2207 2 2 1000 11 1549 1861 1551
2208 2 2 1000 11 2377 2443 1858
2209 2 2 1000 11 1585 1986 1570
2210 2 2 1000 11 1118 2282 928
2211 2 2 1000 11 1219 1496 1220
2212 2 2 1000 11 1175 2350 1136
2213 2 2 1000 11 1681 1841 1685
2214 2 2 1000 11 1696 1827 1698
2215 2 2 1000 11 962 1111 964
2216 2 2 1000 11 1677 1684 1679
2217 2 2 1000 11 1618 1807 1616
2218 2 2 1000 11 1840 2288 2284
2219 2 2 1000 11 2248 2264 1822
2220 2 2 1000 11 970 1091 972
2221 2 2 1000 11 1289 1290 1226
2222 2 2 1000 11 1032 1075 1033
2223 2 2 1000 11 1225 1226 1224
2224 2 2 1000 11 1448 2292 1450
2225 2 2 1000 11 1731 1949 1733
2226 2 2 1000 11 1513 1514 1512
2227 2 2 1000 11 1624 1913 1622
2228 2 2 1000 11 976 1101 978
2229 2 2 1000 11 1262 2379 2336
2230 2 2 1000 11 974 2331 976
2231 2 2 1000 11 1179 2339 1284
2232 2 2 1000 11 868 1131 1130
2233 2 2 1000 11 1284 1533 1525
2234 2 2 1000 11 1119 1221 934
2235 2 2 1000 11 1561 2024 1805
2236 2 2 1000 11 1798 1978 1505
2237 2 2 1000 11 854 1135 1134
2238 2 2 1000 11 1743 1975 1772
2239 2 2 1000 11 1630 1942 1628
2240 2 2 1000 11 980 2337 982
2241 2 2 1000 11 1040 1079 1041
2242 2 2 1000 11 2376 2569 2478
2243 2 2 1000 11 982 1107 984
2244 2 2 1000 11 1446 1744 1448
2245 2 2 1000 11 1172 1586 1583
2246 2 2 1000 11 1295 1505 1294
2247 2 2 1000 11 1097 1224 942
2248 2 2 1000 11 1986 2186 1570
2249 2 2 1000 11 1450 1584 1452
2250 2 2 1000 11 1444 2334 1446
2251 2 2 1000 11 1048 2365 1230
2252 2 2 1000 11 1130 2372 2358
2253 2 2 1000 11 986 1112 988
2254 2 2 1000 11 1135 1136 1134
2255 2 2 1000 11 1213 1215 1214
2256 2 2 1000 11 1279 1808 1277
2257 2 2 1000 11 1506 1798 1505
2258 2 2 1000 11 1215 1217 1216
2259 2 2 1000 11 1456 1581 1458
2260 2 2 1000 11 2268 2528 1091
2261 2 2 1000 11 1135 1137 1136
2262 2 2 1000 11 1462 1580 1464
2263 2 2 1000 11 992 1106 994
2264 2 2 1000 11 1219 1561 1496
2265 2 2 1000 11 1086 2316 950
2266 2 2 1000 11 1684 2289 1679
2267 2 2 1000 11 1216 2345 1219
2268 2 2 1000 11 998 1100 1000
2269 2 2 1000 11 2000 2005 1999
2270 2 2 1000 11 1645 2378 2312
2271 2 2 1000 11 1701 2376 1704
2272 2 2 1000 11 1150 2369 1176
2273 2 2 1000 11 2358 2359 874
2274 2 2 1000 11 1022 2328 1024
2275 2 2 1000 11 1468 1752 1470
2276 2 2 1000 11 2396 2447 2262
2277 2 2 1000 11 1590 1599 1598
2278 2 2 1000 11 1472 1753 1474
2279 2 2 1000 11 1102 1166 1165
2280 2 2 1000 11 1228 1229 1227
2281 2 2 1000 11 1032 1213 1075
2282 2 2 1000 11 1973 1974 1738
2283 2 2 1000 11 1004 1090 1006
2284 2 2 1000 11 1398 1400 1229
2285 2 2 1000 11 1169 2370 1149
2286 2 2 1000 11 1919 1920 1504
2287 2 2 1000 11 1486 2333 1488
2288 2 2 1000 11 988 2338 990
2289 2 2 1000 11 1891 2566 2397
2290 2 2 1000 11 1177 2368 1144
2291 2 2 1000 11 1476 1754 1478
2292 2 2 1000 11 1764 2304 1398
2293 2 2 1000 11 1955 2008 1567
2294 2 2 1000 11 1010 1084 1012
2295 2 2 1000 11 1480 1755 1482
2296 2 2 1000 11 1532 2288 1840
2297 2 2 1000 11 1482 2307 1484
2298 2 2 1000 11 1478 2305 1480
2299 2 2 1000 11 1014 1113 1016
2300 2 2 1000 11 1637 1638 1635
2301 2 2 1000 11 1220 2352 1392
2302 2 2 1000 11 1484 1578 1486
2303 2 2 1000 11 1474 2301 1476
2304 2 2 1000 11 1470 2299 1472
2305 2 2 1000 11 1724 1726 1725
2306 2 2 1000 11 1577 2202 1866
2307 2 2 1000 11 1111 1227 964
2308 2 2 1000 11 1488 2332 1490
2309 2 2 1000 11 1137 1174 1136
2310 2 2 1000 11 1076 2379 1259
2311 2 2 1000 11 1024 2328 2327
2312 2 2 1000 11 968 2425 970
2313 2 2 1000 11 1137 1199 1174
2314 2 2 1000 11 1714 2371 1267
2315 2 2 1000 11 1490 1577 1492
2316 2 2 1000 11 1020 1070 1022
2317 2 2 1000 11 994 2340 996
2318 2 2 1000 11 1300 2336 1444
2319 2 2 1000 11 1026 1032 1031
2320 2 2 1000 11 1024 2327 1026
2321 2 2 1000 11 1192 1356 1191
2322 2 2 1000 11 900 2362 901
2323 2 2 1000 11 1123 2374 1145
2324 2 2 1000 11 1488 2333 2332
2325 2 2 1000 11 1744 2292 1448
2326 2 2 1000 11 1037 1040 1039
2327 2 2 1000 11 869 2358 871
2328 2 2 1000 11 1484 2307 1578
2329 2 2 1000 11 1357 1558 1356
2330 2 2 1000 11 1230 2365 1858
2331 2 2 1000 11 1290 2287 1592
2332 2 2 1000 11 1000 2341 1002
2333 2 2 1000 11 1630 1998 1942
2334 2 2 1000 11 1045 1048 1047
2335 2 2 1000 11 1837 1838 1776
2336 2 2 1000 11 2371 2482 1257
2337 2 2 1000 11 1480 2305 1755
2338 2 2 1000 11 1559 1776 1558
2339 2 2 1000 11 1892 1893 1708
2340 2 2 1000 11 929 2313 932
2341 2 2 1000 11 1176 2369 1293
2342 2 2 1000 11 819 1909 1162
2343 2 2 1000 11 871 2358 874
2344 2 2 1000 11 1476 2301 1754
2345 2 2 1000 11 1298 2368 1177
2346 2 2 1000 11 2363 2549 2362
2347 2 2 1000 11 1112 2338 988
2348 2 2 1000 11 851 2356 854
2349 2 2 1000 11 1201 2370 1169
2350 2 2 1000 11 2222 2669 1880
2351 2 2 1000 11 923 2312 926
2352 2 2 1000 11 1179 1284 1180
2353 2 2 1000 11 1472 2299 1753
2354 2 2 1000 11 1284 1525 1285
2355 2 2 1000 11 1230 1231 1163
2356 2 2 1000 11 1856 2443 2377
2357 2 2 1000 11 1700 2376 1701
2358 2 2 1000 11 879 2355 882
2359 2 2 1000 11 1138 2398 843
2360 2 2 1000 11 1674 2354 1677
2361 2 2 1000 11 1704 1873 1705
2362 2 2 1000 11 917 2303 920
2363 2 2 1000 11 1106 2340 994
2364 2 2 1000 11 1006 2346 1008
2365 2 2 1000 11 2343 2344 2342
2366 2 2 1000 11 1540 2373 1915
2367 2 2 1000 11 1684 2354 2291
2368 2 2 1000 11 1206 1367 1207
2369 2 2 1000 11 868 1130 869
2370 2 2 1000 11 1267 2371 1257
2371 2 2 1000 11 1722 2598 1719
2372 2 2 1000 11 1135 2356 1593
2373 2 2 1000 11 905 2317 908
2374 2 2 1000 11 1100 2341 1000
2375 2 2 1000 11 842 1139 1138
2376 2 2 1000 11 2308 2309 1578
2377 2 2 1000 11 894 896 895
2378 2 2 1000 11 1228 1399 1398
2379 2 2 1000 11 1278 1279 1277
2380 2 2 1000 11 1367 1793 1368
2381 2 2 1000 11 1793 1968 1846
2382 2 2 1000 11 1707 2368 1298
2383 2 2 1000 11 2365 2366 1858
2384 2 2 1000 11 1090 2346 1006
2385 2 2 1000 11 1293 2369 1700
2386 2 2 1000 11 1699 1891 1890
2387 2 2 1000 11 891 2315 894
2388 2 2 1000 11 1415 1416 1414
2389 2 2 1000 11 1043 2365 1045
2390 2 2 1000 11 1584 2295 1452
2391 2 2 1000 11 1145 2374 1205
2392 2 2 1000 11 1399 2228 1764
2393 2 2 1000 11 1444 2336 2334
2394 2 2 1000 11 1389 1504 1279
2395 2 2 1000 11 910 2367 911
2396 2 2 1000 11 1141 1210 1195
2397 2 2 1000 11 1847 1919 1504
2398 2 2 1000 11 908 910 909
2399 2 2 1000 11 1708 2370 1201
2400 2 2 1000 11 1662 2381 1665
2401 2 2 1000 11 1216 1218 1214
2402 2 2 1000 11 2008 2373 1567
2403 2 2 1000 11 1649 1652 1651
2404 2 2 1000 11 914 916 915
2405 2 2 1000 11 2361 2363 2362
2406 2 2 1000 11 1577 1762 1492
2407 2 2 1000 11 865 2318 868
2408 2 2 1000 11 1805 1950 1496
2409 2 2 1000 11 1526 1529 1528
2410 2 2 1000 11 920 922 921
2411 2 2 1000 11 1530 1566 1532
2412 2 2 1000 11 1293 1700 1508
2413 2 2 1000 11 1048 1230 1163
2414 2 2 1000 11 1289 1585 1570
2415 2 2 1000 11 875 878 877
2416 2 2 1000 11 1701 1704 1703
2417 2 2 1000 11 1843 1844 1416
2418 2 2 1000 11 1551 1655 1552
2419 2 2 1000 11 1549 1551 1550
2420 2 2 1000 11 1097 2263 1225
2421 2 2 1000 11 1404 1708 1201
2422 2 2 1000 11 1259 2379 1262
2423 2 2 1000 11 1821 1823 1822
2424 2 2 1000 11 1655 1657 1656
2425 2 2 1000 11 1592 2287 1784
2426 2 2 1000 11 1219 1220 1218
2427 2 2 1000 11 1500 1707 1298
2428 2 2 1000 11 879 882 881
2429 2 2 1000 11 1174 1288 1175
2430 2 2 1000 11 871 874 873
2431 2 2 1000 11 1840 2284 2223
2432 2 2 1000 11 883 886 885
2433 2 2 1000 11 854 1134 855
2434 2 2 1000 11 887 890 889
2435 2 2 1000 11 1684 2291 2290
2436 2 2 1000 11 1032 1033 1031
2437 2 2 1000 11 1585 1987 1986
2438 2 2 1000 11 865 868 867
2439 2 2 1000 11 926 928 927
2440 2 2 1000 11 1109 2278 1172
2441 2 2 1000 11 1222 1295 1294
2442 2 2 1000 11 1129 2387 1250
2443 2 2 1000 11 891 894 893
2444 2 2 1000 11 2280 2364 1641
2445 2 2 1000 11 861 864 863
2446 2 2 1000 11 1661 2381 1662
2447 2 2 1000 11 1045 2365 1048
2448 2 2 1000 11 1139 1141 1140
2449 2 2 1000 11 932 934 933
2450 2 2 1000 11 1665 1667 1666
2451 2 2 1000 11 1667 1669 1668
2452 2 2 1000 11 1595 2050 1990
2453 2 2 1000 11 2515 2572 1893
2454 2 2 1000 11 897 900 899
2455 2 2 1000 11 932 2313 1119
2456 2 2 1000 11 1040 1041 1039
2457 2 2 1000 11 901 904 903
2458 2 2 1000 11 1205 1699 1393
2459 2 2 1000 11 1205 2374 1699
2460 2 2 1000 11 2327 2385 1213
2461 2 2 1000 11 1290 1592 1591
2462 2 2 1000 11 2258 2607 2590
2463 2 2 1000 11 1295 1506 1505
2464 2 2 1000 11 1648 2257 1650
2465 2 2 1000 11 857 860 859
2466 2 2 1000 11 905 908 907
2467 2 2 1000 11 938 940 939
2468 2 2 1000 11 940 942 941
2469 2 2 1000 11 2351 2471 2425
2470 2 2 1000 11 926 2312 1118
2471 2 2 1000 11 1506 2242 1798
2472 2 2 1000 11 69 691 70
2473 2 2 1000 11 49 694 50
2474 2 2 1000 11 96 689 97
2475 2 2 1000 11 116 692 117
2476 2 2 1000 11 156 690 157
2477 2 2 1000 11 136 693 137
2478 2 2 1000 11 164 688 165
2479 2 2 1000 11 106 685 107
2480 2 2 1000 11 79 686 80
2481 2 2 1000 11 59 683 60
2482 2 2 1000 11 146 684 147
2483 2 2 1000 11 126 682 127
2484 2 2 1000 11 39 681 40
2485 2 2 1000 11 1677 2354 1684
2486 2 2 1000 11 92 680 93
2487 2 2 1000 11 73 678 74
2488 2 2 1000 11 112 677 113
2489 2 2 1000 11 140 676 141
2490 2 2 1000 11 160 679 161
2491 2 2 1000 11 53 674 54
2492 2 2 1000 11 45 675 46
2493 2 2 1000 11 65 671 66
2494 2 2 1000 11 85 668 86
2495 2 2 1000 11 120 672 121
2496 2 2 1000 11 132 673 133
2497 2 2 1000 11 152 670 153
2498 2 2 1000 11 100 669 101
2499 2 2 1000 11 1644 2000 1999
2500 2 2 1000 11 1677 1679 1678
2501 2 2 1000 11 1640 2266 1642
2502 2 2 1000 11 94 748 95
2503 2 2 1000 11 47 758 48
2504 2 2 1000 11 138 756 139
2505 2 2 1000 11 71 749 72
2506 2 2 1000 11 158 757 159
2507 2 2 1000 11 118 759 119
2508 2 2 1000 11 134 752 135
2509 2 2 1000 11 51 753 52
2510 2 2 1000 11 114 750 115
2511 2 2 1000 11 67 760 68
2512 2 2 1000 11 154 761 155
2513 2 2 1000 11 98 751 99
2514 2 2 1000 11 162 755 163
2515 2 2 1000 11 1679 1681 1680
2516 2 2 1000 11 1592 1687 1686
2517 2 2 1000 11 874 2360 875
2518 2 2 1000 11 1542 1543 1274
2519 2 2 1000 11 911 914 913
2520 2 2 1000 11 883 2383 886
2521 2 2 1000 11 946 948 947
2522 2 2 1000 11 920 2303 1116
2523 2 2 1000 11 103 722 104
2524 2 2 1000 11 76 721 77
2525 2 2 1000 11 143 719 144
2526 2 2 1000 11 62 715 63
2527 2 2 1000 11 109 713 110
2528 2 2 1000 11 42 717 43
2529 2 2 1000 11 82 723 83
2530 2 2 1000 11 149 716 150
2531 2 2 1000 11 56 714 57
2532 2 2 1000 11 123 720 124
2533 2 2 1000 11 129 712 130
2534 2 2 1000 11 1687 1689 1688
2535 2 2 1000 11 87 762 88
2536 2 2 1000 11 1681 1685 1682
2537 2 2 1000 11 854 2356 1135
2538 2 2 1000 11 89 718 90
2539 2 2 1000 11 948 950 949
2540 2 2 1000 11 878 2355 879
2541 2 2 1000 11 1135 1593 1137
2542 2 2 1000 11 1546 1549 1548
2543 2 2 1000 11 917 920 919
2544 2 2 1000 11 1589 1590 1217
2545 2 2 1000 11 1633 1637 1635
2546 2 2 1000 11 950 952 951
2547 2 2 1000 11 1689 1691 1690
2548 2 2 1000 11 1600 1601 1599
2549 2 2 1000 11 2438 2503 1862
2550 2 2 1000 11 908 2317 1114
2551 2 2 1000 11 1658 1661 1660
2552 2 2 1000 11 1580 2323 1464
2553 2 2 1000 11 851 854 853
2554 2 2 1000 11 923 926 925
2555 2 2 1000 11 958 960 959
2556 2 2 1000 11 956 958 957
2557 2 2 1000 11 1602 1603 1601
2558 2 2 1000 11 1736 1738 1737
2559 2 2 1000 11 960 962 961
2560 2 2 1000 11 1210 1211 1195
2561 2 2 1000 11 1662 1665 1664
2562 2 2 1000 11 1121 1192 1191
2563 2 2 1000 11 1595 1990 1739
2564 2 2 1000 11 929 932 931
2565 2 2 1000 11 1400 1597 1596
2566 2 2 1000 11 1230 1858 1232
2567 2 2 1000 11 962 964 963
2568 2 2 1000 11 2289 2596 1841
2569 2 2 1000 11 894 2315 1117
2570 2 2 1000 11 1139 1140 1138
2571 2 2 1000 11 935 938 937
2572 2 2 1000 11 2256 2411 1651
2573 2 2 1000 11 1670 1673 1672
2574 2 2 1000 11 1608 1609 1607
2575 2 2 1000 11 1674 1677 1676
2576 2 2 1000 11 848 2279 849
2577 2 2 1000 11 1597 1694 1693
2578 2 2 1000 11 1610 1611 1609
2579 2 2 1000 11 896 2330 897
2580 2 2 1000 11 970 972 971
2581 2 2 1000 11 968 970 969
2582 2 2 1000 11 1612 1613 1611
2583 2 2 1000 11 1694 1696 1695
2584 2 2 1000 11 1696 1698 1697
2585 2 2 1000 11 1615 1616 1613
2586 2 2 1000 11 1179 1180 1132
2587 2 2 1000 11 972 974 973
2588 2 2 1000 11 943 946 945
2589 2 2 1000 11 1617 1618 1616
2590 2 2 1000 11 1581 2319 1458
2591 2 2 1000 11 1444 1446 1445
2592 2 2 1000 11 1698 1729 1728
2593 2 2 1000 11 974 976 975
2594 2 2 1000 11 1168 1278 1277
2595 2 2 1000 11 1250 2387 1254
2596 2 2 1000 11 868 2318 1131
2597 2 2 1000 11 1446 1448 1447
2598 2 2 1000 11 1192 1357 1356
2599 2 2 1000 11 1619 1620 1618
2600 2 2 1000 11 2425 2471 2268
2601 2 2 1000 11 1448 1450 1449
2602 2 2 1000 11 976 978 977
2603 2 2 1000 11 2359 2360 874
2604 2 2 1000 11 1382 1766 1565
2605 2 2 1000 11 864 2343 2342
2606 2 2 1000 11 1450 1452 1451
2607 2 2 1000 11 1729 1731 1730
2608 2 2 1000 11 1452 1454 1453
2609 2 2 1000 11 1357 1559 1558
2610 2 2 1000 11 1621 1622 1620
2611 2 2 1000 11 1748 2384 1260
2612 2 2 1000 11 978 980 979
2613 2 2 1000 11 1692 1736 1735
2614 2 2 1000 11 1837 2219 1838
2615 2 2 1000 11 1525 1526 1285
2616 2 2 1000 11 1731 1733 1732
2617 2 2 1000 11 953 956 955
2618 2 2 1000 11 980 982 981
2619 2 2 1000 11 1559 1837 1776
2620 2 2 1000 11 1454 1456 1455
2621 2 2 1000 11 1206 1207 1122
2622 2 2 1000 11 1260 2384 1258
2623 2 2 1000 11 1141 1195 1193
2624 2 2 1000 11 1284 1285 1180
2625 2 2 1000 11 1120 2330 896
2626 2 2 1000 11 982 984 983
2627 2 2 1000 11 1623 1624 1622
2628 2 2 1000 11 1733 1741 1740
2629 2 2 1000 11 2263 2399 1225
2630 2 2 1000 11 1289 2399 1585
2631 2 2 1000 11 1456 1458 1457
2632 2 2 1000 11 1741 1743 1742
2633 2 2 1000 11 1625 1626 1624
2634 2 2 1000 11 1627 1628 1626
2635 2 2 1000 11 1254 1710 1256
2636 2 2 1000 11 984 986 985
2637 2 2 1000 11 1743 1772 1747
2638 2 2 1000 11 1873 1894 1705
2639 2 2 1000 11 1310 1714 1267
2640 2 2 1000 11 1458 1460 1459
2641 2 2 1000 11 1629 1630 1628
2642 2 2 1000 11 986 988 987
2643 2 2 1000 11 1460 1462 1461
2644 2 2 1000 11 1606 1607 1604
2645 2 2 1000 11 1847 2239 1919
2646 2 2 1000 11 1389 1847 1504
2647 2 2 1000 11 1278 1389 1279
2648 2 2 1000 11 1462 1464 1463
2649 2 2 1000 11 1772 2196 2188
2650 2 2 1000 11 1700 1701 1508
2651 2 2 1000 11 2313 2404 1119
2652 2 2 1000 11 1529 1530 1528
2653 2 2 1000 11 988 990 989
2654 2 2 1000 11 1704 1705 1703
2655 2 2 1000 11 1464 1466 1465
2656 2 2 1000 11 843 2398 845
2657 2 2 1000 11 990 992 991
2658 2 2 1000 11 874 875 873
2659 2 2 1000 11 878 879 877
2660 2 2 1000 11 965 968 967
2661 2 2 1000 11 882 883 881
2662 2 2 1000 11 1222 2404 1295
2663 2 2 1000 11 1466 1468 1467
2664 2 2 1000 11 1251 2386 1249
2665 2 2 1000 11 992 994 993
2666 2 2 1000 11 868 869 867
2667 2 2 1000 11 1174 1175 1136
2668 2 2 1000 11 1404 1892 1708
2669 2 2 1000 11 994 996 995
2670 2 2 1000 11 1468 1470 1469
2671 2 2 1000 11 1756 2386 1251
2672 2 2 1000 11 886 887 885
2673 2 2 1000 11 1300 1444 1443
2674 2 2 1000 11 1879 1881 1880
2675 2 2 1000 11 1035 2529 1037
2676 2 2 1000 11 896 897 895
2677 2 2 1000 11 864 865 863
2678 2 2 1000 11 1470 1472 1471
2679 2 2 1000 11 890 891 889
2680 2 2 1000 11 996 998 997
2681 2 2 1000 11 1367 1368 1207
2682 2 2 1000 11 1472 1474 1473
2683 2 2 1000 11 1234 1415 1414
2684 2 2 1000 11 1649 1651 1647
2685 2 2 1000 11 860 861 859
2686 2 2 1000 11 1793 1846 1368
2687 2 2 1000 11 894 895 893
2688 2 2 1000 11 998 1000 999
2689 2 2 1000 11 1968 2243 1846
2690 2 2 1000 11 1474 1476 1475
2691 2 2 1000 11 1000 1002 1001
2692 2 2 1000 11 1141 1193 1140
2693 2 2 1000 11 845 848 847
2694 2 2 1000 11 1476 1478 1477
2695 2 2 1000 11 2349 2396 946
2696 2 2 1000 11 1002 1004 1003
2697 2 2 1000 11 1699 1890 1393
2698 2 2 1000 11 1478 1480 1479
2699 2 2 1000 11 1221 2380 2347
2700 2 2 1000 11 900 901 899
2701 2 2 1000 11 1004 1006 1005
2702 2 2 1000 11 2593 2605 2335
2703 2 2 1000 11 1480 1482 1481
2704 2 2 1000 11 910 911 909
2705 2 2 1000 11 904 905 903
2706 2 2 1000 11 1006 1008 1007
2707 2 2 1000 11 1565 1595 1594
2708 2 2 1000 11 1482 1484 1483
2709 2 2 1000 11 2355 2637 882
2710 2 2 1000 11 908 909 907
2711 2 2 1000 11 1008 1010 1009
2712 2 2 1000 11 1990 2025 1739
2713 2 2 1000 11 1296 1853 1223
2714 2 2 1000 11 1484 1486 1485
2715 2 2 1000 11 934 2347 935
2716 2 2 1000 11 1585 2399 2269
2717 2 2 1000 11 916 917 915
2718 2 2 1000 11 1010 1012 1011
2719 2 2 1000 11 1221 2347 934
2720 2 2 1000 11 1546 2461 1549
2721 2 2 1000 11 1551 1552 1550
2722 2 2 1000 11 1844 2225 1981
2723 2 2 1000 11 1486 1488 1487
2724 2 2 1000 11 1655 1656 1552
2725 2 2 1000 11 1012 1014 1013
2726 2 2 1000 11 1488 1490 1489
2727 2 2 1000 11 1657 1658 1656
2728 2 2 1000 11 1014 1016 1015
2729 2 2 1000 11 277 2123 278
2730 2 2 1000 11 922 923 921
2731 2 2 1000 11 914 915 913
2732 2 2 1000 11 1549 1550 1548
2733 2 2 1000 11 1490 1492 1491
2734 2 2 1000 11 1016 1018 1017
2735 2 2 1000 11 1254 2387 1710
2736 2 2 1000 11 1290 1591 1226
2737 2 2 1000 11 1224 2349 942
2738 2 2 1000 11 1652 2256 1651
2739 2 2 1000 11 942 2349 943
2740 2 2 1000 11 920 921 919
2741 2 2 1000 11 1415 1843 1416
2742 2 2 1000 11 854 855 853
2743 2 2 1000 11 1018 1020 1019
2744 2 2 1000 11 1020 1022 1021
2745 2 2 1000 11 928 929 927
2746 2 2 1000 11 1295 2404 1855
2747 2 2 1000 11 1667 1668 1666
2748 2 2 1000 11 1022 1024 1023
2749 2 2 1000 11 1661 1662 1660
2750 2 2 1000 11 1033 1035 1034
2751 2 2 1000 11 2283 2367 1632
2752 2 2 1000 11 1024 1026 1025
2753 2 2 1000 11 1026 1031 1030
2754 2 2 1000 11 2298 2319 1581
2755 2 2 1000 11 1669 1670 1668
2756 2 2 1000 11 926 927 925
2757 2 2 1000 11 934 935 933
2758 2 2 1000 11 1215 1589 1217
2759 2 2 1000 11 1665 1666 1664
2760 2 2 1000 11 1718 1719 1716
2761 2 2 1000 11 1377 2408 1513
2762 2 2 1000 11 2359 2382 2360
2763 2 2 1000 11 932 933 931
2764 2 2 1000 11 2322 2323 1580
2765 2 2 1000 11 1590 1600 1599
2766 2 2 1000 11 1048 1163 1049
2767 2 2 1000 11 1041 1043 1042
2768 2 2 1000 11 940 941 939
2769 2 2 1000 11 2294 2295 1584
2770 2 2 1000 11 1382 1565 1390
2771 2 2 1000 11 1679 1680 1678
2772 2 2 1000 11 1035 1037 1036
2773 2 2 1000 11 942 943 941
2774 2 2 1000 11 1037 1039 1038
2775 2 2 1000 11 1673 1674 1672
2776 2 2 1000 11 1681 1682 1680
2777 2 2 1000 11 1220 1392 1391
2778 2 2 1000 11 938 939 937
2779 2 2 1000 11 1677 1678 1676
2780 2 2 1000 11 1592 1686 1591
2781 2 2 1000 11 2532 2567 1085
2782 2 2 1000 11 990 2504 992
2783 2 2 1000 11 1227 2351 964
2784 2 2 1000 11 1400 1596 1229
2785 2 2 1000 11 1043 1045 1044
2786 2 2 1000 11 1496 2352 1220
2787 2 2 1000 11 1685 1757 1682
2788 2 2 1000 11 948 949 947
2789 2 2 1000 11 882 2383 883
2790 2 2 1000 11 1595 1739 1594
2791 2 2 1000 11 2384 2460 1258
2792 2 2 1000 11 2361 2362 900
2793 2 2 1000 11 1170 2390 1142
2794 2 2 1000 11 1193 1382 1194
2795 2 2 1000 11 1045 1047 1046
2796 2 2 1000 11 1687 1688 1686
2797 2 2 1000 11 1265 1748 1260
2798 2 2 1000 11 2318 2414 1131
2799 2 2 1000 11 2366 2377 1858
2800 2 2 1000 11 950 951 949
2801 2 2 1000 11 946 947 945
2802 2 2 1000 11 1689 1690 1688
2803 2 2 1000 11 952 953 951
2804 2 2 1000 11 1641 2364 1639
2805 2 2 1000 11 1392 2238 1852
2806 2 2 1000 11 2336 2561 2334
2807 2 2 1000 11 1110 2413 1056
2808 2 2 1000 11 1691 1692 1690
2809 2 2 1000 11 842 1138 843
2810 2 2 1000 11 1651 2411 2378
2811 2 2 1000 11 964 2351 965
2812 2 2 1000 11 1242 1868 1244
2813 2 2 1000 11 1862 2529 2438
2814 2 2 1000 11 958 959 957
2815 2 2 1000 11 1168 2414 1278
2816 2 2 1000 11 1600 1602 1601
2817 2 2 1000 11 960 961 959
2818 2 2 1000 11 1253 1756 1251
2819 2 2 1000 11 1738 2216 1737
2820 2 2 1000 11 1242 2407 1868
2821 2 2 1000 11 1602 1604 1603
2822 2 2 1000 11 956 957 955
2823 2 2 1000 11 962 963 961
2824 2 2 1000 11 1721 1722 1719
2825 2 2 1000 11 1736 1737 1735
2826 2 2 1000 11 2277 2529 1862
2827 2 2 1000 11 1858 2443 1232
2828 2 2 1000 11 1209 2390 1170
2829 2 2 1000 11 964 965 963
2830 2 2 1000 11 1247 1869 1263
2831 2 2 1000 11 1310 1908 1714
2832 2 2 1000 11 1054 1164 1055
2833 2 2 1000 11 1597 1693 1596
2834 2 2 1000 11 1632 2367 910
2835 2 2 1000 11 1608 1610 1609
2836 2 2 1000 11 970 971 969
2837 2 2 1000 11 2286 2670 2285
2838 2 2 1000 11 1610 1612 1611
2839 2 2 1000 11 972 973 971
2840 2 2 1000 11 1606 1608 1607
2841 2 2 1000 11 1694 1695 1693
2842 2 2 1000 11 2106 2107 2105
2843 2 2 1000 11 1612 1615 1613
2844 2 2 1000 11 1696 1697 1695
2845 2 2 1000 11 1446 1447 1445
2846 2 2 1000 11 974 975 973
2847 2 2 1000 11 1123 2420 2374
2848 2 2 1000 11 2386 2446 1249
2849 2 2 1000 11 1615 1617 1616
2850 2 2 1000 11 968 969 967
2851 2 2 1000 11 1698 1728 1697
2852 2 2 1000 11 1448 1449 1447
2853 2 2 1000 11 1120 2421 2330
2854 2 2 1000 11 976 977 975
2855 2 2 1000 11 1444 1445 1443
2856 2 2 1000 11 1012 2520 1014
2857 2 2 1000 11 1956 1957 1955
2858 2 2 1000 11 1070 2624 2329
2859 2 2 1000 11 1450 1451 1449
2860 2 2 1000 11 1617 1619 1618
2861 2 2 1000 11 1207 2421 1122
2862 2 2 1000 11 1452 1453 1451
2863 2 2 1000 11 1048 1049 1047
2864 2 2 1000 11 1729 1730 1728
2865 2 2 1000 11 1515 2267 1514
2866 2 2 1000 11 1454 1455 1453
2867 2 2 1000 11 1619 1621 1620
2868 2 2 1000 11 978 979 977
2869 2 2 1000 11 848 849 847
2870 2 2 1000 11 980 981 979
2871 2 2 1000 11 1456 1457 1455
2872 2 2 1000 11 1731 1732 1730
2873 2 2 1000 11 982 983 981
2874 2 2 1000 11 1621 1623 1622
2875 2 2 1000 11 1733 1740 1732
2876 2 2 1000 11 845 2398 848
2877 2 2 1000 11 1458 1459 1457
2878 2 2 1000 11 819 2375 1909
2879 2 2 1000 11 984 985 983
2880 2 2 1000 11 1623 1625 1624
2881 2 2 1000 11 661 2106 2105
2882 2 2 1000 11 1741 1742 1740
2883 2 2 1000 11 1625 1627 1626
2884 2 2 1000 11 1460 1461 1459
2885 2 2 1000 11 986 987 985
2886 2 2 1000 11 1743 1747 1742
2887 2 2 1000 11 661 2105 2104
2888 2 2 1000 11 1301 2403 1181
2889 2 2 1000 11 1627 1629 1628
2890 2 2 1000 11 1462 1463 1461
2891 2 2 1000 11 1565 1594 1390
2892 2 2 1000 11 1464 1465 1463
2893 2 2 1000 11 988 989 987
2894 2 2 1000 11 1629 1631 1630
2895 2 2 1000 11 1526 1528 1527
2896 2 2 1000 11 1772 2188 1747
2897 2 2 1000 11 1466 1467 1465
2898 2 2 1000 11 1247 2410 1869
2899 2 2 1000 11 990 991 989
2900 2 2 1000 11 1132 2372 1130
2901 2 2 1000 11 992 993 991
2902 2 2 1000 11 1701 1703 1702
2903 2 2 1000 11 875 877 876
2904 2 2 1000 11 1468 1469 1467
2905 2 2 1000 11 2350 2389 1134
2906 2 2 1000 11 1033 2438 1035
2907 2 2 1000 11 1225 2399 1289
2908 2 2 1000 11 1530 1532 1531
2909 2 2 1000 11 1376 1775 1211
2910 2 2 1000 11 994 995 993
2911 2 2 1000 11 1382 1390 1194
2912 2 2 1000 11 1193 1194 1140
2913 2 2 1000 11 869 871 870
2914 2 2 1000 11 1470 1471 1469
2915 2 2 1000 11 879 881 880
2916 2 2 1000 11 1499 1500 1298
2917 2 2 1000 11 865 867 866
2918 2 2 1000 11 996 997 995
2919 2 2 1000 11 1472 1473 1471
2920 2 2 1000 11 883 885 884
2921 2 2 1000 11 1208 1209 1170
2922 2 2 1000 11 1773 1896 1500
2923 2 2 1000 11 1213 2385 1215
2924 2 2 1000 11 1293 1508 1507
2925 2 2 1000 11 887 889 888
2926 2 2 1000 11 1215 2385 1589
2927 2 2 1000 11 1474 1475 1473
2928 2 2 1000 11 2539 2545 1124
2929 2 2 1000 11 871 873 872
2930 2 2 1000 11 998 999 997
2931 2 2 1000 11 1278 2414 1653
2932 2 2 1000 11 1532 1840 1709
2933 2 2 1000 11 1877 1879 1878
2934 2 2 1000 11 1119 2404 1222
2935 2 2 1000 11 1476 1477 1475
2936 2 2 1000 11 1840 2223 1851
2937 2 2 1000 11 861 863 862
2938 2 2 1000 11 1000 1001 999
2939 2 2 1000 11 891 893 892
2940 2 2 1000 11 1385 1763 1197
2941 2 2 1000 11 2351 2425 968
2942 2 2 1000 11 1478 1479 1477
2943 2 2 1000 11 1002 1003 1001
2944 2 2 1000 11 1926 2439 1543
2945 2 2 1000 11 1480 1481 1479
2946 2 2 1000 11 1214 2503 1075
2947 2 2 1000 11 1004 1005 1003
2948 2 2 1000 11 1033 1034 1031
2949 2 2 1000 11 1297 1298 1177
2950 2 2 1000 11 1482 1483 1481
2951 2 2 1000 11 897 899 898
2952 2 2 1000 11 1403 1404 1201
2953 2 2 1000 11 1006 1007 1005
2954 2 2 1000 11 1220 1391 1218
2955 2 2 1000 11 1425 1959 1958
2956 2 2 1000 11 1173 2395 1305
2957 2 2 1000 11 901 903 902
2958 2 2 1000 11 1484 1485 1483
2959 2 2 1000 11 839 842 841
2960 2 2 1000 11 1008 1009 1007
2961 2 2 1000 11 1176 1293 1292
2962 2 2 1000 11 1173 1305 1304
2963 2 2 1000 11 1486 1487 1485
2964 2 2 1000 11 1010 1011 1009
2965 2 2 1000 11 905 907 906
2966 2 2 1000 11 1205 1393 1311
2967 2 2 1000 11 857 859 858
2968 2 2 1000 11 1041 1042 1039
2969 2 2 1000 11 1234 2443 1415
2970 2 2 1000 11 1012 1013 1011
2971 2 2 1000 11 1488 1489 1487
2972 2 2 1000 11 1147 2395 1173
2973 2 2 1000 11 1950 2352 1496
2974 2 2 1000 11 1068 2534 2444
2975 2 2 1000 11 1014 1015 1013
2976 2 2 1000 11 1490 1491 1489
2977 2 2 1000 11 1008 2530 1010
2978 2 2 1000 11 1585 2269 1987
2979 2 2 1000 11 1016 1017 1015
2980 2 2 1000 11 1492 1493 1491
2981 2 2 1000 11 911 913 912
2982 2 2 1000 11 1540 1915 1386
2983 2 2 1000 11 2241 2419 2350
2984 2 2 1000 11 1380 1381 1246
2985 2 2 1000 11 1018 1019 1017
2986 2 2 1000 11 1375 1546 1545
2987 2 2 1000 11 1200 1201 1169
2988 2 2 1000 11 1245 1375 1374
2989 2 2 1000 11 1394 1912 1911
2990 2 2 1000 11 1187 1246 1148
2991 2 2 1000 11 1546 1548 1547
2992 2 2 1000 11 917 919 918
2993 2 2 1000 11 1295 1855 1506
2994 2 2 1000 11 1145 1205 1204
2995 2 2 1000 11 1020 1021 1019
2996 2 2 1000 11 1647 2378 1645
2997 2 2 1000 11 855 2389 857
2998 2 2 1000 11 1022 1023 1021
2999 2 2 1000 11 742 2180 271
3000 2 2 1000 11 1658 1660 1659
3001 2 2 1000 11 855 857 856
3002 2 2 1000 11 1654 2421 1207
3003 2 2 1000 11 1024 1025 1023
3004 2 2 1000 11 1265 1887 1748
3005 2 2 1000 11 1026 1030 1025
3006 2 2 1000 11 1662 1664 1663
3007 2 2 1000 11 923 925 924
3008 2 2 1000 11 1394 2388 1912
3009 2 2 1000 11 1745 2403 1301
3010 2 2 1000 11 1143 1245 1188
3011 2 2 1000 11 1035 1036 1034
3012 2 2 1000 11 1224 2447 2349
3013 2 2 1000 11 1223 2380 1221
3014 2 2 1000 11 1557 1745 1301
3015 2 2 1000 11 929 931 930
3016 2 2 1000 11 1591 2447 1226
3017 2 2 1000 11 661 2104 273
3018 2 2 1000 11 1589 2409 1590
3019 2 2 1000 11 1037 1038 1036
3020 2 2 1000 11 1868 1871 1244
3021 2 2 1000 11 1670 1672 1671
3022 2 2 1000 11 2389 2419 860
3023 2 2 1000 11 1847 2240 2239
3024 2 2 1000 11 1043 1044 1042
3025 2 2 1000 11 1674 1676 1675
3026 2 2 1000 11 935 937 936
3027 2 2 1000 11 1131 2414 1168
3028 2 2 1000 11 263 2169 264
3029 2 2 1000 11 1045 1046 1044
3030 2 2 1000 11 848 2547 2279
3031 2 2 1000 11 215 663 216
3032 2 2 1000 11 227 658 228
3033 2 2 1000 11 221 651 222
3034 2 2 1000 11 272 661 273
3035 2 2 1000 11 210 662 211
3036 2 2 1000 11 193 665 194
3037 2 2 1000 11 284 660 285
3038 2 2 1000 11 198 659 199
3039 2 2 1000 11 232 666 233
3040 2 2 1000 11 187 653 188
3041 2 2 1000 11 181 656 182
3042 2 2 1000 11 250 667 251
3043 2 2 1000 11 238 654 239
3044 2 2 1000 11 267 664 268
3045 2 2 1000 11 204 650 205
3046 2 2 1000 11 244 655 245
3047 2 2 1000 11 255 657 256
3048 2 2 1000 11 278 649 279
3049 2 2 1000 11 261 652 262
3050 2 2 1000 11 1392 1852 1391
3051 2 2 1000 11 1739 2258 1594
3052 2 2 1000 11 254 2149 255
3053 2 2 1000 11 214 2119 215
3054 2 2 1000 11 220 2111 221
3055 2 2 1000 11 203 2150 204
3056 2 2 1000 11 249 2146 250
3057 2 2 1000 11 231 2135 232
3058 2 2 1000 11 226 2118 227
3059 2 2 1000 11 257 2170 258
3060 2 2 1000 11 1134 2389 855
3061 2 2 1000 11 1757 1759 1758
3062 2 2 1000 11 943 945 944
3063 2 2 1000 11 2383 2638 886
3064 2 2 1000 11 253 2159 254
3065 2 2 1000 11 213 2160 214
3066 2 2 1000 11 230 738 231
3067 2 2 1000 11 212 740 213
3068 2 2 1000 11 252 739 253
3069 2 2 1000 11 270 742 271
3070 2 2 1000 11 196 741 197
3071 2 2 1000 11 240 2165 241
3072 2 2 1000 11 246 2168 247
3073 2 2 1000 11 219 2161 220
3074 2 2 1000 11 225 2163 226
3075 2 2 1000 11 851 853 852
3076 2 2 1000 11 218 702 219
3077 2 2 1000 11 241 706 242
3078 2 2 1000 11 281 708 282
3079 2 2 1000 11 235 696 236
3080 2 2 1000 11 184 707 185
3081 2 2 1000 11 190 699 191
3082 2 2 1000 11 224 697 225
3083 2 2 1000 11 264 701 265
3084 2 2 1000 11 247 700 248
3085 2 2 1000 11 207 703 208
3086 2 2 1000 11 258 704 259
3087 2 2 1000 11 201 698 202
3088 2 2 1000 11 275 705 276
3089 2 2 1000 11 1278 1653 1389
3090 2 2 1000 11 2317 2533 1114
3091 2 2 1000 11 186 2136 187
3092 2 2 1000 11 1180 2372 1132
3093 2 2 1000 11 1988 1989 1554
3094 2 2 1000 11 1526 1527 1285
3095 2 2 1000 11 972 2556 974
3096 2 2 1000 11 1759 1804 1760
3097 2 2 1000 11 1233 1264 1231
3098 2 2 1000 11 1723 1724 1722
3099 2 2 1000 11 953 955 954
3100 2 2 1000 11 1357 1560 1559
3101 2 2 1000 11 1553 1554 1286
3102 2 2 1000 11 1415 2443 1856
3103 2 2 1000 11 1122 2421 1120
3104 2 2 1000 11 1633 2533 1637
3105 2 2 1000 11 1692 1735 1734
3106 2 2 1000 11 875 876 873
3107 2 2 1000 11 1701 1702 1508
3108 2 2 1000 11 1705 1706 1703
3109 2 2 1000 11 1530 1531 1528
3110 2 2 1000 11 869 870 867
3111 2 2 1000 11 883 884 881
3112 2 2 1000 11 879 880 877
3113 2 2 1000 11 1266 1267 1257
3114 2 2 1000 11 1254 1256 1255
3115 2 2 1000 11 887 888 885
3116 2 2 1000 11 1227 2471 2351
3117 2 2 1000 11 1256 1537 1536
3118 2 2 1000 11 1309 1310 1267
3119 2 2 1000 11 865 866 863
3120 2 2 1000 11 861 862 859
3121 2 2 1000 11 1153 2593 2335
3122 2 2 1000 11 836 1854 837
3123 2 2 1000 11 1605 1606 1604
3124 2 2 1000 11 2444 2534 2387
3125 2 2 1000 11 891 892 889
3126 2 2 1000 11 1596 2471 1229
3127 2 2 1000 11 1250 1254 1252
3128 2 2 1000 11 965 967 966
3129 2 2 1000 11 897 898 895
3130 2 2 1000 11 1243 1257 1098
3131 2 2 1000 11 652 2133 262
3132 2 2 1000 11 1890 2388 1393
3133 2 2 1000 11 657 2108 256
3134 2 2 1000 11 1593 2607 1137
3135 2 2 1000 11 659 2128 199
3136 2 2 1000 11 658 2120 228
3137 2 2 1000 11 663 2125 216
3138 2 2 1000 11 650 2152 205
3139 2 2 1000 11 842 843 841
3140 2 2 1000 11 651 2102 222
3141 2 2 1000 11 666 2137 233
3142 2 2 1000 11 901 902 899
3143 2 2 1000 11 654 2140 239
3144 2 2 1000 11 667 2124 251
3145 2 2 1000 11 655 2154 245
3146 2 2 1000 11 1262 1300 1299
3147 2 2 1000 11 741 2181 197
3148 2 2 1000 11 1368 1654 1207
3149 2 2 1000 11 1031 2407 1030
3150 2 2 1000 11 1300 1443 1442
3151 2 2 1000 11 1717 1746 1720
3152 2 2 1000 11 905 906 903
3153 2 2 1000 11 1259 1262 1261
3154 2 2 1000 11 696 2167 236
3155 2 2 1000 11 1208 1406 1209
3156 2 2 1000 11 1075 2438 1033
3157 2 2 1000 11 911 912 909
3158 2 2 1000 11 2243 2244 1846
3159 2 2 1000 11 698 2172 202
3160 2 2 1000 11 836 837 835
3161 2 2 1000 11 1020 2641 1070
3162 2 2 1000 11 1552 1797 1550
3163 2 2 1000 11 1039 2410 1038
3164 2 2 1000 11 849 851 850
3165 2 2 1000 11 1658 1659 1656
3166 2 2 1000 11 917 918 915
3167 2 2 1000 11 1820 1821 1726
3168 2 2 1000 11 1541 1567 1540
3169 2 2 1000 11 1390 1713 1194
3170 2 2 1000 11 1651 2378 1647
3171 2 2 1000 11 1072 1087 1073
3172 2 2 1000 11 1662 1663 1660
3173 2 2 1000 11 923 924 921
3174 2 2 1000 11 1499 1773 1500
3175 2 2 1000 11 1426 1427 1276
3176 2 2 1000 11 1297 1499 1298
3177 2 2 1000 11 1415 1856 1843
3178 2 2 1000 11 1232 2443 1234
3179 2 2 1000 11 1773 1897 1896
3180 2 2 1000 11 1666 1924 1664
3181 2 2 1000 11 1670 1671 1668
3182 2 2 1000 11 1532 1709 1531
3183 2 2 1000 11 929 930 927
3184 2 2 1000 11 871 872 870
3185 2 2 1000 11 1840 1851 1709
3186 2 2 1000 11 652 2224 2134
3187 2 2 1000 11 1233 2559 1264
3188 2 2 1000 11 1853 2380 1223
3189 2 2 1000 11 1514 2032 2031
3190 2 2 1000 11 1293 1507 1292
3191 2 2 1000 11 2390 2445 1142
3192 2 2 1000 11 935 936 933
3193 2 2 1000 11 1680 1683 1678
3194 2 2 1000 11 1674 1675 1672
3195 2 2 1000 11 960 2570 962
3196 2 2 1000 11 1129 2444 2387
3197 2 2 1000 11 893 1123 892
3198 2 2 1000 11 855 856 853
3199 2 2 1000 11 1226 2447 1224
3200 2 2 1000 11 1757 1758 1682
3201 2 2 1000 11 943 944 941
3202 2 2 1000 11 1002 2565 1004
3203 2 2 1000 11 1703 2391 1702
3204 2 2 1000 11 1912 1982 1911
3205 2 2 1000 11 1393 1394 1311
3206 2 2 1000 11 2109 2110 2108
3207 2 2 1000 11 2262 2447 1591
3208 2 2 1000 11 659 2130 2129
3209 2 2 1000 11 885 2394 884
3210 2 2 1000 11 947 1069 945
3211 2 2 1000 11 654 2142 2141
3212 2 2 1000 11 655 2157 2155
3213 2 2 1000 11 1205 1311 1204
3214 2 2 1000 11 1403 1573 1404
3215 2 2 1000 11 1557 2006 1745
3216 2 2 1000 11 1686 2262 1591
3217 2 2 1000 11 953 954 951
3218 2 2 1000 11 907 1125 906
3219 2 2 1000 11 877 2478 876
3220 2 2 1000 11 1200 1403 1201
3221 2 2 1000 11 1305 1425 1304
3222 2 2 1000 11 1557 2018 2006
3223 2 2 1000 11 2155 2156 2154
3224 2 2 1000 11 2141 2143 2140
3225 2 2 1000 11 1590 2409 1600
3226 2 2 1000 11 1546 1547 1545
3227 2 2 1000 11 1375 1545 1374
3228 2 2 1000 11 1548 1972 1547
3229 2 2 1000 11 1493 2017 2016
3230 2 2 1000 11 959 1068 957
3231 2 2 1000 11 1310 1928 1908
3232 2 2 1000 11 913 1126 912
3233 2 2 1000 11 873 2440 872
3234 2 2 1000 11 2315 2551 1117
3235 2 2 1000 11 1442 1495 1299
3236 2 2 1000 11 1381 2417 1246
3237 2 2 1000 11 1245 1374 1188
3238 2 2 1000 11 1692 1734 1690
3239 2 2 1000 11 899 2397 898
3240 2 2 1000 11 1150 2440 2369
3241 2 2 1000 11 919 1127 918
3242 2 2 1000 11 965 966 963
3243 2 2 1000 11 1121 2551 1192
3244 2 2 1000 11 1971 2011 1495
3245 2 2 1000 11 1076 1258 966
3246 2 2 1000 11 1229 2471 1227
3247 2 2 1000 11 1445 1922 1443
3248 2 2 1000 11 1602 1605 1604
3249 2 2 1000 11 2368 2448 1144
3250 2 2 1000 11 1760 2015 1758
3251 2 2 1000 11 1536 1538 1255
3252 2 2 1000 11 975 1066 973
3253 2 2 1000 11 971 1153 969
3254 2 2 1000 11 1266 1534 1309
3255 2 2 1000 11 1451 1539 1449
3256 2 2 1000 11 925 1128 924
3257 2 2 1000 11 1608 2227 1610
3258 2 2 1000 11 1152 2560 2525
3259 2 2 1000 11 1605 2237 2236
3260 2 2 1000 11 1693 2268 1596
3261 2 2 1000 11 2449 2452 2450
3262 2 2 1000 11 1457 1497 1455
3263 2 2 1000 11 1129 1249 954
3264 2 2 1000 11 1261 1265 1260
3265 2 2 1000 11 1259 1260 1258
3266 2 2 1000 11 1030 1242 1098
3267 2 2 1000 11 1612 1850 1615
3268 2 2 1000 11 1697 1860 1695
3269 2 2 1000 11 1030 2407 1242
3270 2 2 1000 11 2371 2567 2532
3271 2 2 1000 11 834 836 835
3272 2 2 1000 11 881 2489 880
3273 2 2 1000 11 1660 2400 1659
3274 2 2 1000 11 981 1029 979
3275 2 2 1000 11 931 1133 930
3276 2 2 1000 11 2019 2020 1675
3277 2 2 1000 11 1138 2427 2398
3278 2 2 1000 11 1463 1494 1461
3279 2 2 1000 11 1534 2034 1815
3280 2 2 1000 11 987 1028 985
3281 2 2 1000 11 859 2459 858
3282 2 2 1000 11 1619 1845 1621
3283 2 2 1000 11 857 858 856
3284 2 2 1000 11 1676 2019 1675
3285 2 2 1000 11 1934 1977 1538
3286 2 2 1000 11 1469 1498 1467
3287 2 2 1000 11 1242 1244 1243
3288 2 2 1000 11 1732 1859 1730
3289 2 2 1000 11 1080 1895 936
3290 2 2 1000 11 1252 1253 1251
3291 2 2 1000 11 1625 1842 1627
3292 2 2 1000 11 1250 1251 1249
3293 2 2 1000 11 937 1080 936
3294 2 2 1000 11 1076 2458 2379
3295 2 2 1000 11 993 1027 991
3296 2 2 1000 11 1473 1511 1471
3297 2 2 1000 11 1852 2277 1862
3298 2 2 1000 11 1477 1555 1475
3299 2 2 1000 11 1389 2412 1847
3300 2 2 1000 11 1759 1760 1758
3301 2 2 1000 11 1133 1712 930
3302 2 2 1000 11 2405 2406 1671
3303 2 2 1000 11 1747 2229 1742
3304 2 2 1000 11 1843 2535 1844
3305 2 2 1000 11 1553 1988 1554
3306 2 2 1000 11 1128 1889 924
3307 2 2 1000 11 1672 2405 1671
3308 2 2 1000 11 1187 1380 1246
3309 2 2 1000 11 1481 1777 1479
3310 2 2 1000 11 1485 1811 1483
3311 2 2 1000 11 2465 2467 2466
3312 2 2 1000 11 887 2568 890
3313 2 2 1000 11 1287 1771 1553
3314 2 2 1000 11 1001 1064 999
3315 2 2 1000 11 1038 1247 1096
3316 2 2 1000 11 1393 2388 1394
3317 2 2 1000 11 1127 1711 918
3318 2 2 1000 11 1263 1287 1286
3319 2 2 1000 11 1489 1790 1487
3320 2 2 1000 11 997 1155 995
3321 2 2 1000 11 1194 2427 1140
3322 2 2 1000 11 880 2478 877
3323 2 2 1000 11 1972 2066 1547
3324 2 2 1000 11 1804 2014 1760
3325 2 2 1000 11 1034 2407 1031
3326 2 2 1000 11 888 2394 885
3327 2 2 1000 11 845 847 846
3328 2 2 1000 11 1493 2016 1491
3329 2 2 1000 11 1706 2391 1703
3330 2 2 1000 11 1126 1864 912
3331 2 2 1000 11 1009 1067 1007
3332 2 2 1000 11 2400 2401 1659
3333 2 2 1000 11 1545 1575 1374
3334 2 2 1000 11 1125 1142 906
3335 2 2 1000 11 903 2445 902
3336 2 2 1000 11 1015 1074 1013
3337 2 2 1000 11 1005 1154 1003
3338 2 2 1000 11 889 2448 888
3339 2 2 1000 11 955 1129 954
3340 2 2 1000 11 1256 1536 1255
3341 2 2 1000 11 1394 1834 1311
3342 2 2 1000 11 1021 1085 1019
3343 2 2 1000 11 1511 2474 2473
3344 2 2 1000 11 1265 1888 1887
3345 2 2 1000 11 1140 2427 1138
3346 2 2 1000 11 1042 2410 1039
3347 2 2 1000 11 1266 1309 1267
3348 2 2 1000 11 1247 1263 1248
3349 2 2 1000 11 1182 1302 1301
3350 2 2 1000 11 1030 1098 1025
3351 2 2 1000 11 1123 1144 892
3352 2 2 1000 11 1038 1096 1036
3353 2 2 1000 11 1254 1255 1252
3354 2 2 1000 11 1852 1862 1391
3355 2 2 1000 11 1873 2636 1894
3356 2 2 1000 11 1046 1095 1044
3357 2 2 1000 11 1713 2590 2357
3358 2 2 1000 11 1243 1266 1257
3359 2 2 1000 11 2450 2451 1539
3360 2 2 1000 11 884 2489 881
3361 2 2 1000 11 1302 1557 1301
3362 2 2 1000 11 1709 1867 1531
3363 2 2 1000 11 1208 1806 1406
3364 2 2 1000 11 1052 1870 1050
3365 2 2 1000 11 1871 1872 1244
3366 2 2 1000 11 2268 2471 1596
3367 2 2 1000 11 1245 2574 1375
3368 2 2 1000 11 1735 1857 1734
3369 2 2 1000 11 2362 2549 904
3370 2 2 1000 11 1297 1501 1499
3371 2 2 1000 11 2370 2464 1149
3372 2 2 1000 11 1806 1947 1406
3373 2 2 1000 11 1300 1442 1299
3374 2 2 1000 11 967 1076 966
3375 2 2 1000 11 1262 1299 1261
3376 2 2 1000 11 867 2464 866
3377 2 2 1000 11 652 2134 2133
3378 2 2 1000 11 2261 2681 1886
3379 2 2 1000 11 1605 2236 1606
3380 2 2 1000 11 1038 2410 1247
3381 2 2 1000 11 1380 1817 1381
3382 2 2 1000 11 992 2504 1106
3383 2 2 1000 11 2391 2392 1702
3384 2 2 1000 11 902 2397 899
3385 2 2 1000 11 872 1149 870
3386 2 2 1000 11 1182 1301 1181
3387 2 2 1000 11 1143 1170 1142
3388 2 2 1000 11 1188 1208 1170
3389 2 2 1000 11 2376 2614 1704
3390 2 2 1000 11 1507 1916 1292
3391 2 2 1000 11 1702 2479 1508
3392 2 2 1000 11 1664 2492 1663
3393 2 2 1000 11 1403 1803 1573
3394 2 2 1000 11 1706 2393 2391
3395 2 2 1000 11 892 2448 889
3396 2 2 1000 11 2374 2566 1699
3397 2 2 1000 11 1508 2479 1507
3398 2 2 1000 11 1285 2415 1180
3399 2 2 1000 11 1375 2461 1546
3400 2 2 1000 11 1145 1177 1144
3401 2 2 1000 11 1204 1297 1177
3402 2 2 1000 11 1394 1911 1834
3403 2 2 1000 11 870 2464 867
3404 2 2 1000 11 657 2109 2108
3405 2 2 1000 11 1218 2503 1214
3406 2 2 1000 11 876 2440 873
3407 2 2 1000 11 1123 1145 1144
3408 2 2 1000 11 651 2187 2102
3409 2 2 1000 11 663 2126 2125
3410 2 2 1000 11 659 2129 2128
3411 2 2 1000 11 741 2182 2181
3412 2 2 1000 11 849 850 847
3413 2 2 1000 11 1507 1993 1916
3414 2 2 1000 11 658 2121 2120
3415 2 2 1000 11 655 2155 2154
3416 2 2 1000 11 1442 1971 1495
3417 2 2 1000 11 654 2141 2140
3418 2 2 1000 11 1125 1143 1142
3419 2 2 1000 11 1806 2177 1947
3420 2 2 1000 11 1287 1553 1286
3421 2 2 1000 11 906 2445 903
3422 2 2 1000 11 1145 1204 1177
3423 2 2 1000 11 1231 2548 1163
3424 2 2 1000 11 872 1150 1149
3425 2 2 1000 11 1713 2547 2427
3426 2 2 1000 11 1147 2459 2395
3427 2 2 1000 11 1536 1934 1538
3428 2 2 1000 11 2584 2591 1303
3429 2 2 1000 11 1534 1815 1309
3430 2 2 1000 11 1126 2255 1864
3431 2 2 1000 11 1934 2021 1977
3432 2 2 1000 11 1143 1188 1170
3433 2 2 1000 11 1663 2400 1660
3434 2 2 1000 11 1259 1261 1260
3435 2 2 1000 11 1076 1259 1258
3436 2 2 1000 11 1242 1243 1098
3437 2 2 1000 11 1129 1250 1249
3438 2 2 1000 11 1250 1252 1251
3439 2 2 1000 11 2369 2569 1700
3440 2 2 1000 11 1176 1292 1200
3441 2 2 1000 11 1263 1286 1248
3442 2 2 1000 11 2474 2475 2473
3443 2 2 1000 11 1150 1176 1169
3444 2 2 1000 11 1391 2503 1218
3445 2 2 1000 11 1247 1248 1096
3446 2 2 1000 11 2237 2418 2236
3447 2 2 1000 11 2157 2158 2155
3448 2 2 1000 11 2686 2687 1423
3449 2 2 1000 11 1872 2543 2499
3450 2 2 1000 11 1150 1169 1149
3451 2 2 1000 11 895 2420 893
3452 2 2 1000 11 1176 1200 1169
3453 2 2 1000 11 851 852 850
3454 2 2 1000 11 1787 2206 1938
3455 2 2 1000 11 858 1146 856
3456 2 2 1000 11 1847 2412 2240
3457 2 2 1000 11 862 2459 859
3458 2 2 1000 11 1425 1927 1304
3459 2 2 1000 11 1550 2422 1548
3460 2 2 1000 11 1675 2405 1672
3461 2 2 1000 11 1707 2571 2368
3462 2 2 1000 11 1718 1721 1719
3463 2 2 1000 11 953 2563 956
3464 2 2 1000 11 1447 2441 1445
3465 2 2 1000 11 1688 2512 1686
3466 2 2 1000 11 1516 1839 1835
3467 2 2 1000 11 909 2423 907
3468 2 2 1000 11 1425 1958 1927
3469 2 2 1000 11 1156 1182 1181
3470 2 2 1000 11 843 845 844
3471 2 2 1000 11 915 2424 913
3472 2 2 1000 11 1656 2429 1552
3473 2 2 1000 11 1846 2426 1368
3474 2 2 1000 11 893 2420 1123
3475 2 2 1000 11 866 2515 863
3476 2 2 1000 11 921 2428 919
3477 2 2 1000 11 1653 2412 1389
3478 2 2 1000 11 1380 1818 1817
3479 2 2 1000 11 1877 2527 2260
3480 2 2 1000 11 1047 2494 1046
3481 2 2 1000 11 1663 2402 2400
3482 2 2 1000 11 2525 2560 1863
3483 2 2 1000 11 1173 1304 1187
3484 2 2 1000 11 1049 1050 1047
3485 2 2 1000 11 858 1147 1146
3486 2 2 1000 11 1668 2437 1666
3487 2 2 1000 11 2350 2419 2389
3488 2 2 1000 11 927 2430 925
3489 2 2 1000 11 1182 1303 1302
3490 2 2 1000 11 1678 2435 1676
3491 2 2 1000 11 1719 2560 1716
3492 2 2 1000 11 1453 2449 1451
3493 2 2 1000 11 933 2434 931
3494 2 2 1000 11 852 1151 850
3495 2 2 1000 11 1548 2422 1972
3496 2 2 1000 11 1147 1173 1148
3497 2 2 1000 11 1153 2561 2458
3498 2 2 1000 11 863 2515 862
3499 2 2 1000 11 907 2423 1125
3500 2 2 1000 11 1682 2442 1680
3501 2 2 1000 11 846 1152 844
3502 2 2 1000 11 1147 1148 1146
3503 2 2 1000 11 1173 1187 1148
3504 2 2 1000 11 913 2424 1126
3505 2 2 1000 11 957 2444 955
3506 2 2 1000 11 1527 2415 1285
3507 2 2 1000 11 2427 2547 2398
3508 2 2 1000 11 951 2446 949
3509 2 2 1000 11 1826 2010 1802
3510 2 2 1000 11 1746 1749 1720
3511 2 2 1000 11 919 2428 1127
3512 2 2 1000 11 1156 1181 1095
3513 2 2 1000 11 969 2458 967
3514 2 2 1000 11 1915 2496 1386
3515 2 2 1000 11 1449 2463 1447
3516 2 2 1000 11 1465 2465 1463
3517 2 2 1000 11 1046 1156 1095
3518 2 2 1000 11 2499 2543 1534
3519 2 2 1000 11 1180 2415 2372
3520 2 2 1000 11 2392 2479 1702
3521 2 2 1000 11 963 2460 961
3522 2 2 1000 11 1303 1386 1302
3523 2 2 1000 11 925 2430 1128
3524 2 2 1000 11 1600 2462 1602
3525 2 2 1000 11 1744 2605 2292
3526 2 2 1000 11 656 2144 182
3527 2 2 1000 11 1924 2492 1664
3528 2 2 1000 11 1025 2482 1023
3529 2 2 1000 11 1014 2520 1113
3530 2 2 1000 11 1676 2435 2019
3531 2 2 1000 11 996 2586 998
3532 2 2 1000 11 931 2434 1133
3533 2 2 1000 11 898 2420 895
3534 2 2 1000 11 1713 2427 1194
3535 2 2 1000 11 1471 2472 1469
3536 2 2 1000 11 852 1865 1151
3537 2 2 1000 11 1568 1955 1567
3538 2 2 1000 11 1455 2517 1453
3539 2 2 1000 11 2371 2532 2482
3540 2 2 1000 11 1475 2480 1473
3541 2 2 1000 11 872 2440 1150
3542 2 2 1000 11 2423 2537 1125
3543 2 2 1000 11 1797 2422 1550
3544 2 2 1000 11 2431 2432 2392
3545 2 2 1000 11 1257 2482 1098
3546 2 2 1000 11 856 2509 853
3547 2 2 1000 11 1144 2448 892
3548 2 2 1000 11 912 2423 909
3549 2 2 1000 11 1708 2572 2370
3550 2 2 1000 11 955 2444 1129
3551 2 2 1000 11 840 1727 838
3552 2 2 1000 11 853 2509 852
3553 2 2 1000 11 843 844 841
3554 2 2 1000 11 1861 2649 1551
3555 2 2 1000 11 1483 2483 1481
3556 2 2 1000 11 918 2424 915
3557 2 2 1000 11 1310 2500 1928
3558 2 2 1000 11 1142 2445 906
3559 2 2 1000 11 2590 2607 2357
3560 2 2 1000 11 1368 2426 1654
3561 2 2 1000 11 1552 2429 1797
3562 2 2 1000 11 1659 2429 1656
3563 2 2 1000 11 1537 2497 1536
3564 2 2 1000 11 2244 2426 1846
3565 2 2 1000 11 924 2428 921
3566 2 2 1000 11 1149 2464 870
3567 2 2 1000 11 1309 2500 1310
3568 2 2 1000 11 2020 2405 1675
3569 2 2 1000 11 967 2458 1076
3570 2 2 1000 11 1487 2486 1485
3571 2 2 1000 11 2424 2541 1126
3572 2 2 1000 11 1666 2437 1924
3573 2 2 1000 11 930 2430 927
3574 2 2 1000 11 1663 2492 2402
3575 2 2 1000 11 835 2539 833
3576 2 2 1000 11 1862 2503 1391
3577 2 2 1000 11 1715 1716 1152
3578 2 2 1000 11 1606 2522 1608
3579 2 2 1000 11 1165 2635 1088
3580 2 2 1000 11 1274 2559 1233
3581 2 2 1000 11 1671 2437 1668
3582 2 2 1000 11 1491 2487 1489
3583 2 2 1000 11 858 2459 1147
3584 2 2 1000 11 846 1715 1152
3585 2 2 1000 11 2393 2431 2391
3586 2 2 1000 11 2391 2431 2392
3587 2 2 1000 11 1683 2435 1678
3588 2 2 1000 11 936 2434 933
3589 2 2 1000 11 1727 2545 2539
3590 2 2 1000 11 1467 2521 1465
3591 2 2 1000 11 2428 2542 1127
3592 2 2 1000 11 1159 2278 1109
3593 2 2 1000 11 1883 1884 1881
3594 2 2 1000 11 1050 2494 1047
3595 2 2 1000 11 1445 2441 1922
3596 2 2 1000 11 1127 2518 1711
3597 2 2 1000 11 1683 2436 2435
3598 2 2 1000 11 1680 2442 1683
3599 2 2 1000 11 1686 2512 2262
3600 2 2 1000 11 2360 2611 878
3601 2 2 1000 11 1863 2271 1727
3602 2 2 1000 11 1758 2442 1682
3603 2 2 1000 11 1796 2007 2001
3604 2 2 1000 11 1143 2537 1245
3605 2 2 1000 11 2236 2522 1606
3606 2 2 1000 11 1128 2519 1889
3607 2 2 1000 11 1507 2479 1993
3608 2 2 1000 11 1068 2444 957
3609 2 2 1000 11 845 846 844
3610 2 2 1000 11 1749 1796 1783
3611 2 2 1000 11 1451 2449 1539
3612 2 2 1000 11 1724 1820 1726
3613 2 2 1000 11 954 2446 951
3614 2 2 1000 11 1387 1540 1386
3615 2 2 1000 11 1511 2480 2474
3616 2 2 1000 11 1146 2509 856
3617 2 2 1000 11 1721 1723 1722
3618 2 2 1000 11 1657 2667 1658
3619 2 2 1000 11 2430 2546 1128
3620 2 2 1000 11 2451 2463 1539
3621 2 2 1000 11 1153 2458 969
3622 2 2 1000 11 2513 2615 2275
3623 2 2 1000 11 1749 1783 1720
3624 2 2 1000 11 2015 2442 1758
3625 2 2 1000 11 1539 2463 1449
3626 2 2 1000 11 966 2460 963
3627 2 2 1000 11 2458 2561 2379
3628 2 2 1000 11 839 2514 842
3629 2 2 1000 11 1265 2502 1888
3630 2 2 1000 11 1463 2465 1494
3631 2 2 1000 11 2406 2437 1671
3632 2 2 1000 11 1602 2462 1605
3633 2 2 1000 11 1386 2496 1302
3634 2 2 1000 11 1557 2496 2018
3635 2 2 1000 11 1258 2460 966
3636 2 2 1000 11 1796 2001 1783
3637 2 2 1000 11 1497 2517 1455
3638 2 2 1000 11 1302 2496 1557
3639 2 2 1000 11 2555 2595 1069
3640 2 2 1000 11 1261 2502 1265
3641 2 2 1000 11 1249 2446 954
3642 2 2 1000 11 1895 2434 936
3643 2 2 1000 11 1854 2514 837
3644 2 2 1000 11 1712 2430 930
3645 2 2 1000 11 2401 2429 1659
3646 2 2 1000 11 1469 2472 1498
3647 2 2 1000 11 1889 2428 924
3648 2 2 1000 11 1495 2502 1299
3649 2 2 1000 11 1771 2495 1553
3650 2 2 1000 11 1711 2424 918
3651 2 2 1000 11 1872 2499 1244
3652 2 2 1000 11 1511 2472 1471
3653 2 2 1000 11 2409 2462 1600
3654 2 2 1000 11 2492 2493 2402
3655 2 2 1000 11 1605 2462 2237
3656 2 2 1000 11 1252 2498 1253
3657 2 2 1000 11 1208 2490 1806
3658 2 2 1000 11 1864 2423 912
3659 2 2 1000 11 1244 2499 1243
3660 2 2 1000 11 1098 2482 1025
3661 2 2 1000 11 1555 2480 1475
3662 2 2 1000 11 1297 2485 1501
3663 2 2 1000 11 1311 2485 1204
3664 2 2 1000 11 1501 2507 2506
3665 2 2 1000 11 1473 2480 1511
3666 2 2 1000 11 2449 2450 1539
3667 2 2 1000 11 1036 2508 1034
3668 2 2 1000 11 1188 2490 1208
3669 2 2 1000 11 1204 2485 1297
3670 2 2 1000 11 1717 1718 1716
3671 2 2 1000 11 1538 2498 1255
3672 2 2 1000 11 1608 2522 2227
3673 2 2 1000 11 1715 1717 1716
3674 2 2 1000 11 1811 2483 1483
3675 2 2 1000 11 1266 2499 1534
3676 2 2 1000 11 1481 2483 1777
3677 2 2 1000 11 2465 2466 1494
3678 2 2 1000 11 1374 2490 1188
3679 2 2 1000 11 1511 2473 2472
3680 2 2 1000 11 1070 2641 2624
3681 2 2 1000 11 1246 2557 1148
3682 2 2 1000 11 1690 2524 1688
3683 2 2 1000 11 1485 2486 1811
3684 2 2 1000 11 837 838 835
3685 2 2 1000 11 1790 2486 1487
3686 2 2 1000 11 1811 2484 2483
3687 2 2 1000 11 2487 2488 1790
3688 2 2 1000 11 1489 2487 1790
3689 2 2 1000 11 1498 2521 1467
3690 2 2 1000 11 1916 2491 1292
3691 2 2 1000 11 1760 2510 2015
3692 2 2 1000 11 1200 2491 1403
3693 2 2 1000 11 2016 2487 1491
3694 2 2 1000 11 1867 2611 2589
3695 2 2 1000 11 1447 2463 2441
3696 2 2 1000 11 1575 2490 1374
3697 2 2 1000 11 1292 2491 1200
3698 2 2 1000 11 1834 2485 1311
3699 2 2 1000 11 1151 2516 850
3700 2 2 1000 11 1553 2495 1988
3701 2 2 1000 11 1870 2591 2584
3702 2 2 1000 11 1010 2530 1084
3703 2 2 1000 11 1717 1720 1718
3704 2 2 1000 11 839 841 840
3705 2 2 1000 11 1536 2497 1934
3706 2 2 1000 11 1499 2506 1773
3707 2 2 1000 11 1815 2500 1309
3708 2 2 1000 11 1044 2523 1042
3709 2 2 1000 11 1114 2533 1633
3710 2 2 1000 11 1255 2498 1252
3711 2 2 1000 11 1453 2517 2449
3712 2 2 1000 11 1734 2524 1690
3713 2 2 1000 11 1299 2502 1261
3714 2 2 1000 11 1243 2499 1266
3715 2 2 1000 11 1815 2501 2500
3716 2 2 1000 11 1864 2537 2423
3717 2 2 1000 11 1387 1751 1541
3718 2 2 1000 11 1403 2491 1803
3719 2 2 1000 11 1096 2508 1036
3720 2 2 1000 11 1844 2535 2225
3721 2 2 1000 11 1501 2506 1499
3722 2 2 1000 11 850 2516 847
3723 2 2 1000 11 1820 1848 1821
3724 2 2 1000 11 2664 2673 1706
3725 2 2 1000 11 2485 2554 1501
3726 2 2 1000 11 2407 2508 1868
3727 2 2 1000 11 1695 2528 1693
3728 2 2 1000 11 847 2516 846
3729 2 2 1000 11 840 1863 1727
3730 2 2 1000 11 2014 2510 1760
3731 2 2 1000 11 1034 2508 2407
3732 2 2 1000 11 1870 2494 1050
3733 2 2 1000 11 1514 2031 1512
3734 2 2 1000 11 1152 2525 844
3735 2 2 1000 11 1610 2531 1612
3736 2 2 1000 11 1051 1052 1050
3737 2 2 1000 11 1711 2541 2424
3738 2 2 1000 11 1095 2523 1044
3739 2 2 1000 11 1927 2505 1304
3740 2 2 1000 11 2438 2529 1035
3741 2 2 1000 11 1693 2528 2268
3742 2 2 1000 11 1860 2528 1695
3743 2 2 1000 11 2227 2531 1610
3744 2 2 1000 11 1465 2521 2465
3745 2 2 1000 11 1612 2531 1850
3746 2 2 1000 11 1049 1051 1050
3747 2 2 1000 11 1889 2542 2428
3748 2 2 1000 11 1304 2505 1187
3749 2 2 1000 11 2449 2517 2452
3750 2 2 1000 11 852 2509 1865
3751 2 2 1000 11 1688 2524 2512
3752 2 2 1000 11 1023 2532 1021
3753 2 2 1000 11 1834 2554 2485
3754 2 2 1000 11 1042 2523 2410
3755 2 2 1000 11 1021 2532 1085
3756 2 2 1000 11 1187 2505 1380
3757 2 2 1000 11 1303 1387 1386
3758 2 2 1000 11 2316 2643 952
3759 2 2 1000 11 2384 2552 2460
3760 2 2 1000 11 1387 1541 1540
3761 2 2 1000 11 1712 2546 2430
3762 2 2 1000 11 1823 1952 1875
3763 2 2 1000 11 978 2610 980
3764 2 2 1000 11 837 839 838
3765 2 2 1000 11 2381 2685 1665
3766 2 2 1000 11 2410 2523 1869
3767 2 2 1000 11 2465 2521 2467
3768 2 2 1000 11 1816 1945 1723
3769 2 2 1000 11 1133 2536 1712
3770 2 2 1000 11 1087 1102 1088
3771 2 2 1000 11 2386 2555 2446
3772 2 2 1000 11 1380 2505 1818
3773 2 2 1000 11 1721 1816 1723
3774 2 2 1000 11 1046 2494 1156
3775 2 2 1000 11 947 2555 1069
3776 2 2 1000 11 1723 2526 1724
3777 2 2 1000 11 1051 2538 1054
3778 2 2 1000 11 959 2552 1068
3779 2 2 1000 11 2482 2532 1023
3780 2 2 1000 11 1527 2589 2382
3781 2 2 1000 11 1146 2557 2509
3782 2 2 1000 11 1418 2254 1420
3783 2 2 1000 11 2387 2534 1710
3784 2 2 1000 11 1851 2638 2383
3785 2 2 1000 11 1117 2551 1121
3786 2 2 1000 11 2636 2645 1894
3787 2 2 1000 11 826 2513 831
3788 2 2 1000 11 1543 2559 1274
3789 2 2 1000 11 1850 2558 1615
3790 2 2 1000 11 837 2514 839
3791 2 2 1000 11 2403 2592 1181
3792 2 2 1000 11 2509 2557 1865
3793 2 2 1000 11 2543 2544 2034
3794 2 2 1000 11 831 834 833
3795 2 2 1000 11 1264 2548 1231
3796 2 2 1000 11 1163 2548 2538
3797 2 2 1000 11 846 2516 1715
3798 2 2 1000 11 1619 2562 1845
3799 2 2 1000 11 1528 2589 1527
3800 2 2 1000 11 1163 2538 1049
3801 2 2 1000 11 1091 2556 972
3802 2 2 1000 11 2053 2082 2065
3803 2 2 1000 11 2446 2555 949
3804 2 2 1000 11 2223 2638 1851
3805 2 2 1000 11 1669 2700 1670
3806 2 2 1000 11 2460 2552 961
3807 2 2 1000 11 1080 2550 1895
3808 2 2 1000 11 961 2552 959
3809 2 2 1000 11 1717 2573 1746
3810 2 2 1000 11 839 840 838
3811 2 2 1000 11 834 835 833
3812 2 2 1000 11 949 2555 947
3813 2 2 1000 11 1125 2537 1143
3814 2 2 1000 11 1534 2543 2034
3815 2 2 1000 11 2285 2670 2568
3816 2 2 1000 11 1724 2526 1820
3817 2 2 1000 11 1126 2541 2255
3818 2 2 1000 11 937 2577 1080
3819 2 2 1000 11 1615 2558 1617
3820 2 2 1000 11 1541 1568 1567
3821 2 2 1000 11 833 2539 1124
3822 2 2 1000 11 2464 2572 866
3823 2 2 1000 11 2258 2590 1594
3824 2 2 1000 11 1004 2565 1090
3825 2 2 1000 11 2295 2642 2296
3826 2 2 1000 11 1051 1054 1053
3827 2 2 1000 11 1735 2585 1857
3828 2 2 1000 11 876 2569 2440
3829 2 2 1000 11 1617 2562 1619
3830 2 2 1000 11 898 2566 2420
3831 2 2 1000 11 844 2525 841
3832 2 2 1000 11 1390 2590 1713
3833 2 2 1000 11 2398 2547 848
3834 2 2 1000 11 2448 2571 888
3835 2 2 1000 11 2386 2595 2555
3836 2 2 1000 11 1235 1236 1077
3837 2 2 1000 11 1714 2567 2371
3838 2 2 1000 11 1845 2576 1621
3839 2 2 1000 11 1127 2542 2518
3840 2 2 1000 11 1568 1956 1955
3841 2 2 1000 11 944 2588 941
3842 2 2 1000 11 1863 2598 2271
3843 2 2 1000 11 1128 2546 2519
3844 2 2 1000 11 1697 2582 1860
3845 2 2 1000 11 2420 2566 2374
3846 2 2 1000 11 180 2145 181
3847 2 2 1000 11 841 2525 840
3848 2 2 1000 11 952 2563 953
3849 2 2 1000 11 2379 2561 2336
3850 2 2 1000 11 1625 2581 1842
3851 2 2 1000 11 1783 2553 1720
3852 2 2 1000 11 1868 2587 1871
3853 2 2 1000 11 1099 2570 960
3854 2 2 1000 11 1237 1240 1238
3855 2 2 1000 11 886 2568 887
3856 2 2 1000 11 1066 2593 973
3857 2 2 1000 11 971 2593 1153
3858 2 2 1000 11 1501 2554 2507
3859 2 2 1000 11 1720 2553 1718
3860 2 2 1000 11 1095 2592 2523
3861 2 2 1000 11 1096 2587 2508
3862 2 2 1000 11 1783 2597 2553
3863 2 2 1000 11 824 2615 826
3864 2 2 1000 11 2271 2545 1727
3865 2 2 1000 11 1867 2589 1531
3866 2 2 1000 11 1848 2540 1821
3867 2 2 1000 11 1718 2553 1721
3868 2 2 1000 11 2397 2566 898
3869 2 2 1000 11 1148 2557 1146
3870 2 2 1000 11 1133 2575 2536
3871 2 2 1000 11 1182 2584 1303
3872 2 2 1000 11 2589 2611 2382
3873 2 2 1000 11 1945 2526 1723
3874 2 2 1000 11 838 2539 835
3875 2 2 1000 11 840 2525 1863
3876 2 2 1000 11 1160 1161 1159
3877 2 2 1000 11 2558 2562 1617
3878 2 2 1000 11 1158 1159 1109
3879 2 2 1000 11 1877 1878 1164
3880 2 2 1000 11 1588 1964 1963
3881 2 2 1000 11 1554 2608 1286
3882 2 2 1000 11 831 2513 834
3883 2 2 1000 11 1989 2622 1554
3884 2 2 1000 11 1151 2573 2516
3885 2 2 1000 11 2478 2569 876
3886 2 2 1000 11 2560 2598 1863
3887 2 2 1000 11 1727 2539 838
3888 2 2 1000 11 890 2670 2315
3889 2 2 1000 11 1821 2540 1823
3890 2 2 1000 11 888 2571 2394
3891 2 2 1000 11 1859 2603 1730
3892 2 2 1000 11 1579 2580 2226
3893 2 2 1000 11 866 2572 2515
3894 2 2 1000 11 2516 2573 1715
3895 2 2 1000 11 1842 2604 1627
3896 2 2 1000 11 2370 2572 2464
3897 2 2 1000 11 2440 2569 2369
3898 2 2 1000 11 2368 2571 2448
3899 2 2 1000 11 1716 2560 1152
3900 2 2 1000 11 2596 2709 1841
3901 2 2 1000 11 1263 2609 1287
3902 2 2 1000 11 2508 2587 1868
3903 2 2 1000 11 1721 2553 1816
3904 2 2 1000 11 2523 2592 1869
3905 2 2 1000 11 1621 2576 1623
3906 2 2 1000 11 1061 1072 1063
3907 2 2 1000 11 2494 2584 1156
3908 2 2 1000 11 939 2577 937
3909 2 2 1000 11 984 2640 986
3910 2 2 1000 11 1072 2693 1087
3911 2 2 1000 11 2553 2597 1816
3912 2 2 1000 11 2255 2574 1864
3913 2 2 1000 11 998 2586 1100
3914 2 2 1000 11 1728 2582 1697
3915 2 2 1000 11 2537 2574 1245
3916 2 2 1000 11 1623 2581 1625
3917 2 2 1000 11 2390 2632 2612
3918 2 2 1000 11 1737 2585 1735
3919 2 2 1000 11 941 2588 939
3920 2 2 1000 11 1870 2584 2494
3921 2 2 1000 11 2573 2626 1746
3922 2 2 1000 11 1518 2267 1515
3923 2 2 1000 11 1049 2538 1051
3924 2 2 1000 11 902 2612 2397
3925 2 2 1000 11 1594 2590 1390
3926 2 2 1000 11 880 2614 2478
3927 2 2 1000 11 2290 2596 2289
3928 2 2 1000 11 1715 2573 1717
3929 2 2 1000 11 2609 2625 1287
3930 2 2 1000 11 2616 2634 2395
3931 2 2 1000 11 1387 2591 1751
3932 2 2 1000 11 2587 2608 1871
3933 2 2 1000 11 973 2593 971
3934 2 2 1000 11 1864 2574 2537
3935 2 2 1000 11 1823 2540 1952
3936 2 2 1000 11 1748 2618 2384
3937 2 2 1000 11 1055 1056 1053
3938 2 2 1000 11 1269 1275 1271
3939 2 2 1000 11 1436 1810 1434
3940 2 2 1000 11 833 1124 832
3941 2 2 1000 11 2434 2575 1133
3942 2 2 1000 11 975 2619 1066
3943 2 2 1000 11 828 2615 824
3944 2 2 1000 11 2285 2638 2223
3945 2 2 1000 11 1156 2584 1182
3946 2 2 1000 11 1531 2589 1528
3947 2 2 1000 11 832 1157 830
3948 2 2 1000 11 1841 2717 1685
3949 2 2 1000 11 939 2588 2577
3950 2 2 1000 11 1756 2595 2386
3951 2 2 1000 11 2576 2581 1623
3952 2 2 1000 11 1879 1880 1878
3953 2 2 1000 11 2403 2609 2592
3954 2 2 1000 11 1248 2587 1096
3955 2 2 1000 11 1181 2592 1095
3956 2 2 1000 11 1057 1060 1059
3957 2 2 1000 11 2599 2600 1818
3958 2 2 1000 11 1732 2621 1859
3959 2 2 1000 11 2357 2607 1593
3960 2 2 1000 11 2515 2616 862
3961 2 2 1000 11 2335 2605 1744
3962 2 2 1000 11 784 785 783
3963 2 2 1000 11 1385 1765 1763
3964 2 2 1000 11 1895 2575 2434
3965 2 2 1000 11 2630 2631 1906
3966 2 2 1000 11 1685 2719 1757
3967 2 2 1000 11 2216 2602 1737
3968 2 2 1000 11 1867 2637 2355
3969 2 2 1000 11 831 833 832
3970 2 2 1000 11 2429 2578 1797
3971 2 2 1000 11 1029 2627 979
3972 2 2 1000 11 1902 1904 1903
3973 2 2 1000 11 2437 2583 1924
3974 2 2 1000 11 1737 2602 2585
3975 2 2 1000 11 1171 1178 1161
3976 2 2 1000 11 1730 2603 1728
3977 2 2 1000 11 1563 1564 1502
3978 2 2 1000 11 1719 2598 2560
3979 2 2 1000 11 1627 2604 1629
3980 2 2 1000 11 1728 2603 2582
3981 2 2 1000 11 2397 2612 1891
3982 2 2 1000 11 1063 1065 1062
3983 2 2 1000 11 2001 2597 1783
3984 2 2 1000 11 2478 2614 2376
3985 2 2 1000 11 2401 2578 2429
3986 2 2 1000 11 2229 2633 1742
3987 2 2 1000 11 305 765 306
3988 2 2 1000 11 2612 2632 1891
3989 2 2 1000 11 2406 2583 2437
3990 2 2 1000 11 2390 2612 2445
3991 2 2 1000 11 1054 1055 1053
3992 2 2 1000 11 1629 2606 1631
3993 2 2 1000 11 1425 2646 1959
3994 2 2 1000 11 1916 2594 2491
3995 2 2 1000 11 1248 2608 2587
3996 2 2 1000 11 884 2636 2489
3997 2 2 1000 11 167 711 168
3998 2 2 1000 11 1197 2635 1165
3999 2 2 1000 11 2319 2660 2320
4000 2 2 1000 11 1061 1062 1059
4001 2 2 1000 11 2491 2594 1803
4002 2 2 1000 11 1372 1535 1418
4003 2 2 1000 11 1709 2637 1867
4004 2 2 1000 11 2459 2616 2395
4005 2 2 1000 11 2719 2723 1757
4006 2 2 1000 11 1554 2622 2608
4007 2 2 1000 11 1280 1281 1178
4008 2 2 1000 11 1101 2610 978
4009 2 2 1000 11 1303 2591 1387
4010 2 2 1000 11 1757 2723 1759
4011 2 2 1000 11 2552 2618 1068
4012 2 2 1000 11 1287 2625 1771
4013 2 2 1000 11 1057 1058 1056
4014 2 2 1000 11 1869 2609 1263
4015 2 2 1000 11 2604 2606 1629
4016 2 2 1000 11 826 831 830
4017 2 2 1000 11 1893 2616 2515
4018 2 2 1000 11 179 2173 180
4019 2 2 1000 11 1893 2634 2616
4020 2 2 1000 11 2592 2609 1869
4021 2 2 1000 11 1734 2643 2524
4022 2 2 1000 11 1759 2727 1804
4023 2 2 1000 11 1586 2564 1588
4024 2 2 1000 11 1286 2608 1248
4025 2 2 1000 11 825 1093 823
4026 2 2 1000 11 1927 2599 2505
4027 2 2 1000 11 2382 2611 2360
4028 2 2 1000 11 831 832 830
4029 2 2 1000 11 2278 2564 1586
4030 2 2 1000 11 1256 2657 1537
4031 2 2 1000 11 2445 2612 902
4032 2 2 1000 11 1904 1905 1903
4033 2 2 1000 11 1164 2601 1055
4034 2 2 1000 11 2625 2639 1771
4035 2 2 1000 11 2505 2599 1818
4036 2 2 1000 11 2489 2614 880
4037 2 2 1000 11 1573 2653 1404
4038 2 2 1000 11 2626 2655 1746
4039 2 2 1000 11 1747 2651 2229
4040 2 2 1000 11 1899 1902 1901
4041 2 2 1000 11 1430 1767 1397
4042 2 2 1000 11 1051 1053 1052
4043 2 2 1000 11 1384 1789 1562
4044 2 2 1000 11 822 828 824
4045 2 2 1000 11 1275 1426 1276
4046 2 2 1000 11 1748 2650 2618
4047 2 2 1000 11 2489 2636 1873
4048 2 2 1000 11 1989 2648 2622
4049 2 2 1000 11 2403 2625 2609
4050 2 2 1000 11 981 2656 1029
4051 2 2 1000 11 977 2619 975
4052 2 2 1000 11 2248 2675 1124
4053 2 2 1000 11 1151 2626 2573
4054 2 2 1000 11 1065 1158 1109
4055 2 2 1000 11 2543 2648 2544
4056 2 2 1000 11 2723 2727 1759
4057 2 2 1000 11 2409 2624 2462
4058 2 2 1000 11 2384 2618 2552
4059 2 2 1000 11 824 826 825
4060 2 2 1000 11 2329 2624 2409
4061 2 2 1000 11 862 2616 2459
4062 2 2 1000 11 826 830 825
4063 2 2 1000 11 2524 2643 2316
4064 2 2 1000 11 1799 2617 1438
4065 2 2 1000 11 1905 1948 1903
4066 2 2 1000 11 1887 2650 1748
4067 2 2 1000 11 1028 2658 985
4068 2 2 1000 11 1401 1402 1198
4069 2 2 1000 11 1896 2662 1500
4070 2 2 1000 11 826 2615 2513
4071 2 2 1000 11 1905 2189 1948
4072 2 2 1000 11 1740 2621 1732
4073 2 2 1000 11 1055 1057 1056
4074 2 2 1000 11 1072 1073 1063
4075 2 2 1000 11 1384 2628 1789
4076 2 2 1000 11 2718 2720 1568
4077 2 2 1000 11 1711 2649 2541
4078 2 2 1000 11 1763 2635 1197
4079 2 2 1000 11 1068 2618 2534
4080 2 2 1000 11 1887 2657 2650
4081 2 2 1000 11 2323 2676 2324
4082 2 2 1000 11 1871 2622 1872
4083 2 2 1000 11 2608 2622 1871
4084 2 2 1000 11 1707 2662 2645
4085 2 2 1000 11 1060 1061 1059
4086 2 2 1000 11 1985 2198 1564
4087 2 2 1000 11 1057 2601 1060
4088 2 2 1000 11 1588 2564 1964
4089 2 2 1000 11 979 2627 977
4090 2 2 1000 11 1752 2682 2299
4091 2 2 1000 11 977 2627 2619
4092 2 2 1000 11 2417 2626 1865
4093 2 2 1000 11 1865 2626 1151
4094 2 2 1000 11 819 1162 820
4095 2 2 1000 11 1891 2632 1890
4096 2 2 1000 11 1268 1898 1270
4097 2 2 1000 11 1902 1903 1901
4098 2 2 1000 11 1745 2625 2403
4099 2 2 1000 11 2541 2649 1861
4100 2 2 1000 11 1878 2601 1164
4101 2 2 1000 11 1705 2664 1706
4102 2 2 1000 11 1742 2633 1740
4103 2 2 1000 11 2645 2662 1894
4104 2 2 1000 11 1740 2633 2621
4105 2 2 1000 11 2462 2624 2237
4106 2 2 1000 11 1949 2679 1733
4107 2 2 1000 11 1209 2632 2390
4108 2 2 1000 11 1745 2639 2625
4109 2 2 1000 11 1892 2634 1893
4110 2 2 1000 11 2417 2655 2626
4111 2 2 1000 11 2624 2641 2237
4112 2 2 1000 11 1801 1802 1427
4113 2 2 1000 11 1061 1063 1062
4114 2 2 1000 11 178 709 179
4115 2 2 1000 11 987 2665 1028
4116 2 2 1000 11 2634 2646 1305
4117 2 2 1000 11 1892 2646 2634
4118 2 2 1000 11 1707 2645 2571
4119 2 2 1000 11 1166 1196 1165
4120 2 2 1000 11 2618 2650 2534
4121 2 2 1000 11 1107 2640 984
4122 2 2 1000 11 2395 2634 1305
4123 2 2 1000 11 824 825 823
4124 2 2 1000 11 2394 2636 884
4125 2 2 1000 11 2632 2644 1890
4126 2 2 1000 11 1209 2644 2632
4127 2 2 1000 11 1851 2637 1709
4128 2 2 1000 11 1027 2671 991
4129 2 2 1000 11 1896 2673 2664
4130 2 2 1000 11 816 819 818
4131 2 2 1000 11 2727 2729 1804
4132 2 2 1000 11 2006 2639 1745
4133 2 2 1000 11 1087 1088 1073
4134 2 2 1000 11 1406 2644 1209
4135 2 2 1000 11 2294 2642 2295
4136 2 2 1000 11 822 824 823
4137 2 2 1000 11 1157 2613 830
4138 2 2 1000 11 1063 2652 1065
4139 2 2 1000 11 1900 2683 2678
4140 2 2 1000 11 2237 2641 2418
4141 2 2 1000 11 1753 2697 2301
4142 2 2 1000 11 1833 2013 1779
4143 2 2 1000 11 2394 2645 2636
4144 2 2 1000 11 1857 2643 1734
4145 2 2 1000 11 1890 2644 2388
4146 2 2 1000 11 2717 2719 1685
4147 2 2 1000 11 1158 1750 1160
4148 2 2 1000 11 1281 1563 1502
4149 2 2 1000 11 2413 2647 1052
4150 2 2 1000 11 1158 1160 1159
4151 2 2 1000 11 820 822 821
4152 2 2 1000 11 820 821 818
4153 2 2 1000 11 1305 2646 1425
4154 2 2 1000 11 1273 1396 1239
4155 2 2 1000 11 1889 2667 2542
4156 2 2 1000 11 825 2613 1093
4157 2 2 1000 11 1057 1059 1058
4158 2 2 1000 11 1947 2659 2654
4159 2 2 1000 11 2622 2648 1872
4160 2 2 1000 11 1381 2655 2417
4161 2 2 1000 11 2518 2649 1711
4162 2 2 1000 11 1947 2654 1406
4163 2 2 1000 11 2591 2647 1751
4164 2 2 1000 11 2188 2651 1747
4165 2 2 1000 11 830 2613 825
4166 2 2 1000 11 1429 1970 1778
4167 2 2 1000 11 822 823 821
4168 2 2 1000 11 2650 2657 1710
4169 2 2 1000 11 1899 1900 1270
4170 2 2 1000 11 1872 2648 2543
4171 2 2 1000 11 1102 1165 1088
4172 2 2 1000 11 1901 1906 1900
4173 2 2 1000 11 1406 2654 2644
4174 2 2 1000 11 819 820 818
4175 2 2 1000 11 2542 2667 1657
4176 2 2 1000 11 993 2680 1027
4177 2 2 1000 11 1155 2680 995
4178 2 2 1000 11 1817 2661 1381
4179 2 2 1000 11 2654 2659 1912
4180 2 2 1000 11 983 2656 981
4181 2 2 1000 11 2644 2654 2388
4182 2 2 1000 11 2571 2645 2394
4183 2 2 1000 11 1404 2653 1892
4184 2 2 1000 11 1754 2702 2305
4185 2 2 1000 11 2388 2654 1912
4186 2 2 1000 11 1381 2661 2655
4187 2 2 1000 11 2534 2650 1710
4188 2 2 1000 11 1899 1901 1900
4189 2 2 1000 11 1710 2657 1256
4190 2 2 1000 11 1055 2601 1057
4191 2 2 1000 11 2709 2717 1841
4192 2 2 1000 11 2646 2653 1959
4193 2 2 1000 11 1746 2655 1749
4194 2 2 1000 11 1898 1899 1270
4195 2 2 1000 11 1052 2647 1870
4196 2 2 1000 11 985 2658 983
4197 2 2 1000 11 1817 2663 2661
4198 2 2 1000 11 2647 2696 1751
4199 2 2 1000 11 983 2658 2656
4200 2 2 1000 11 1761 2720 2233
4201 2 2 1000 11 1160 1171 1161
4202 2 2 1000 11 1064 2695 999
4203 2 2 1000 11 997 2695 1155
4204 2 2 1000 11 1065 2652 1158
4205 2 2 1000 11 1912 2659 1982
4206 2 2 1000 11 33 2213 34
4207 2 2 1000 11 1789 2073 1562
4208 2 2 1000 11 170 734 171
4209 2 2 1000 11 1712 2685 2546
4210 2 2 1000 11 1124 2675 832
4211 2 2 1000 11 1778 1833 1779
4212 2 2 1000 11 1778 1779 1430
4213 2 2 1000 11 1755 2706 2307
4214 2 2 1000 11 1543 2681 2559
4215 2 2 1000 11 2655 2661 1749
4216 2 2 1000 11 2073 2074 1562
4217 2 2 1000 11 2298 2660 2319
4218 2 2 1000 11 1198 2628 1196
4219 2 2 1000 11 1870 2647 2591
4220 2 2 1000 11 1162 2620 820
4221 2 2 1000 11 2678 2683 1428
4222 2 2 1000 11 1903 2629 1901
4223 2 2 1000 11 2546 2685 2381
4224 2 2 1000 11 820 2620 822
4225 2 2 1000 11 1073 2652 1063
4226 2 2 1000 11 1749 2661 1796
4227 2 2 1000 11 1370 2251 1372
4228 2 2 1000 11 2629 2630 1906
4229 2 2 1000 11 1948 2629 1903
4230 2 2 1000 11 817 1094 815
4231 2 2 1000 11 1001 2698 1064
4232 2 2 1000 11 1171 1282 1280
4233 2 2 1000 11 1154 2698 1003
4234 2 2 1000 11 1500 2662 1707
4235 2 2 1000 11 822 2620 828
4236 2 2 1000 11 1385 2623 1765
4237 2 2 1000 11 1268 1270 1269
4238 2 2 1000 11 1384 1385 1197
4239 2 2 1000 11 2575 2700 1669
4240 2 2 1000 11 1273 1397 1396
4241 2 2 1000 11 2158 3063 1636
4242 2 2 1000 11 2661 2663 1796
4243 2 2 1000 11 175 735 176
4244 2 2 1000 11 1896 2664 2662
4245 2 2 1000 11 1171 1280 1178
4246 2 2 1000 11 1894 2664 1705
4247 2 2 1000 11 1158 2652 1750
4248 2 2 1000 11 2007 2871 2001
4249 2 2 1000 11 2631 2683 1906
4250 2 2 1000 11 2413 2696 2647
4251 2 2 1000 11 1384 1562 1385
4252 2 2 1000 11 1282 1388 1280
4253 2 2 1000 11 1796 2663 2007
4254 2 2 1000 11 1268 1269 1094
4255 2 2 1000 11 989 2665 987
4256 2 2 1000 11 1429 1778 1430
4257 2 2 1000 11 1901 2629 1906
4258 2 2 1000 11 2750 2755 1767
4259 2 2 1000 11 1429 1430 1397
4260 2 2 1000 11 1196 1384 1197
4261 2 2 1000 11 2333 2712 2332
4262 2 2 1000 11 1895 2700 2575
4263 2 2 1000 11 2568 2670 890
4264 2 2 1000 11 1801 1826 1802
4265 2 2 1000 11 1067 2705 1007
4266 2 2 1000 11 1005 2705 1154
4267 2 2 1000 11 1892 2653 2646
4268 2 2 1000 11 1196 1197 1165
4269 2 2 1000 11 1426 1801 1427
4270 2 2 1000 11 1953 1954 1240
4271 2 2 1000 11 2519 2667 1889
4272 2 2 1000 11 991 2671 989
4273 2 2 1000 11 1897 2673 1896
4274 2 2 1000 11 2559 2681 2261
4275 2 2 1000 11 989 2671 2665
4276 2 2 1000 11 1706 2673 2393
4277 2 2 1000 11 945 2709 944
4278 2 2 1000 11 1273 1429 1397
4279 2 2 1000 11 2082 2083 2065
4280 2 2 1000 11 1009 2708 1067
4281 2 2 1000 11 2322 2676 2323
4282 2 2 1000 11 816 818 817
4283 2 2 1000 11 1074 2710 1013
4284 2 2 1000 11 817 1268 1094
4285 2 2 1000 11 811 1077 812
4286 2 2 1000 11 1562 2623 1385
4287 2 2 1000 11 1900 2678 1270
4288 2 2 1000 11 2074 2623 1562
4289 2 2 1000 11 1196 2628 1384
4290 2 2 1000 11 944 2709 2596
4291 2 2 1000 11 1275 1428 1426
4292 2 2 1000 11 1880 2669 1878
4293 2 2 1000 11 832 2675 1157
4294 2 2 1000 11 2693 2740 1103
4295 2 2 1000 11 1733 2679 1741
4296 2 2 1000 11 1563 1985 1564
4297 2 2 1000 11 1878 2669 2601
4298 2 2 1000 11 804 2692 802
4299 2 2 1000 11 1281 2672 1563
4300 2 2 1000 11 2233 2696 1110
4301 2 2 1000 11 2683 2684 1428
4302 2 2 1000 11 2631 2684 2683
4303 2 2 1000 11 1583 2725 1761
4304 2 2 1000 11 995 2680 993
4305 2 2 1000 11 2325 2682 1752
4306 2 2 1000 11 1087 2693 1103
4307 2 2 1000 11 1015 2715 1074
4308 2 2 1000 11 1280 2672 1281
4309 2 2 1000 11 2439 2681 1543
4310 2 2 1000 11 1402 2628 1198
4311 2 2 1000 11 1085 2716 1019
4312 2 2 1000 11 816 817 815
4313 2 2 1000 11 1272 1273 1239
4314 2 2 1000 11 1563 2012 1985
4315 2 2 1000 11 807 811 810
4316 2 2 1000 11 172 767 173
4317 2 2 1000 11 1268 2668 1898
4318 2 2 1000 11 1237 1238 1236
4319 2 2 1000 11 2662 2664 1894
4320 2 2 1000 11 1750 2666 1160
4321 2 2 1000 11 1269 2678 1275
4322 2 2 1000 11 2536 2685 1712
4323 2 2 1000 11 2233 2720 2718
4324 2 2 1000 11 814 816 815
4325 2 2 1000 11 821 2668 818
4326 2 2 1000 11 2601 2669 1060
4327 2 2 1000 11 999 2695 997
4328 2 2 1000 11 814 2677 2375
4329 2 2 1000 11 1524 1996 1819
4330 2 2 1000 11 1093 2707 823
4331 2 2 1000 11 1270 2678 1269
4332 2 2 1000 11 2300 2697 1753
4333 2 2 1000 11 1275 2678 1428
4334 2 2 1000 11 1362 2686 1364
4335 2 2 1000 11 1085 2734 2716
4336 2 2 1000 11 1563 2672 2012
4337 2 2 1000 11 1073 2694 2652
4338 2 2 1000 11 1977 2729 1538
4339 2 2 1000 11 2082 2084 2083
4340 2 2 1000 11 821 2707 2668
4341 2 2 1000 11 1171 2666 1282
4342 2 2 1000 11 812 814 813
4343 2 2 1000 11 1541 2718 1568
4344 2 2 1000 11 814 815 813
4345 2 2 1000 11 818 2668 817
4346 2 2 1000 11 1110 2696 2413
4347 2 2 1000 11 812 813 810
4348 2 2 1000 11 2668 2707 1898
4349 2 2 1000 11 2687 2689 2688
4350 2 2 1000 11 1003 2698 1001
4351 2 2 1000 11 817 2668 1268
4352 2 2 1000 11 1906 2683 1900
4353 2 2 1000 11 2635 2694 1088
4354 2 2 1000 11 2302 2702 1754
4355 2 2 1000 11 1160 2666 1171
4356 2 2 1000 11 811 812 810
4357 2 2 1000 11 2550 2700 1895
4358 2 2 1000 11 2648 2699 2544
4359 2 2 1000 11 2652 2694 1750
4360 2 2 1000 11 1088 2694 1073
4361 2 2 1000 11 1388 2672 1280
4362 2 2 1000 11 1522 1524 1523
4363 2 2 1000 11 1007 2705 1005
4364 2 2 1000 11 1238 1272 1239
4365 2 2 1000 11 2306 2706 1755
4366 2 2 1000 11 1077 2677 812
4367 2 2 1000 11 1899 2721 1902
4368 2 2 1000 11 1061 2730 1072
4369 2 2 1000 11 1989 2699 2648
4370 2 2 1000 11 2222 2730 2669
4371 2 2 1000 11 812 2677 814
4372 2 2 1000 11 1011 2708 1009
4373 2 2 1000 11 2669 2730 1060
4374 2 2 1000 11 806 1089 804
4375 2 2 1000 11 1069 2709 945
4376 2 2 1000 11 1011 2710 2708
4377 2 2 1000 11 1013 2710 1011
4378 2 2 1000 11 1573 2711 2653
4379 2 2 1000 11 2721 2732 1902
4380 2 2 1000 11 2309 2712 2333
4381 2 2 1000 11 2164 2835 2118
4382 2 2 1000 11 823 2707 821
4383 2 2 1000 11 1347 1795 1509
4384 2 2 1000 11 1364 1423 1366
4385 2 2 1000 11 1238 1239 1236
4386 2 2 1000 11 1089 2692 804
4387 2 2 1000 11 1017 2715 1015
4388 2 2 1000 11 1396 2713 1239
4389 2 2 1000 11 1069 2717 2709
4390 2 2 1000 11 1428 2714 1426
4391 2 2 1000 11 1017 2716 2715
4392 2 2 1000 11 1019 2716 1017
4393 2 2 1000 11 2653 2711 1959
4394 2 2 1000 11 1093 2721 2707
4395 2 2 1000 11 2694 2724 1750
4396 2 2 1000 11 1866 2734 1762
4397 2 2 1000 11 2218 2735 809
4398 2 2 1000 11 2738 2739 1493
4399 2 2 1000 11 1440 1824 1799
4400 2 2 1000 11 1908 2737 1714
4401 2 2 1000 11 1902 2732 1904
4402 2 2 1000 11 1524 1819 1523
4403 2 2 1000 11 2742 2754 1909
4404 2 2 1000 11 2696 2718 1751
4405 2 2 1000 11 2595 2717 1069
4406 2 2 1000 11 1492 2738 1493
4407 2 2 1000 11 807 810 809
4408 2 2 1000 11 2233 2718 2696
4409 2 2 1000 11 1587 2728 2725
4410 2 2 1000 11 1426 2714 1801
4411 2 2 1000 11 2375 2742 1909
4412 2 2 1000 11 2734 2737 1762
4413 2 2 1000 11 1751 2718 1541
4414 2 2 1000 11 2716 2734 1866
4415 2 2 1000 11 1819 1946 1523
4416 2 2 1000 11 1765 2736 1763
4417 2 2 1000 11 1587 2725 1583
4418 2 2 1000 11 21 2753 728
4419 2 2 1000 11 1568 2720 1956
4420 2 2 1000 11 1756 2723 2719
4421 2 2 1000 11 2235 2722 813
4422 2 2 1000 11 1908 2738 2737
4423 2 2 1000 11 2595 2719 2717
4424 2 2 1000 11 1253 2723 1756
4425 2 2 1000 11 1962 2728 1587
4426 2 2 1000 11 2635 2724 2694
4427 2 2 1000 11 2234 2733 1157
4428 2 2 1000 11 807 809 806
4429 2 2 1000 11 1253 2727 2723
4430 2 2 1000 11 1493 2739 2017
4431 2 2 1000 11 1756 2719 2595
4432 2 2 1000 11 2684 2714 1428
4433 2 2 1000 11 2498 2727 1253
4434 2 2 1000 11 801 829 803
4435 2 2 1000 11 805 807 806
4436 2 2 1000 11 1236 2713 1077
4437 2 2 1000 11 813 2722 810
4438 2 2 1000 11 1763 2724 2635
4439 2 2 1000 11 2707 2721 1898
4440 2 2 1000 11 1898 2721 1899
4441 2 2 1000 11 2194 2765 1964
4442 2 2 1000 11 1538 2729 2498
4443 2 2 1000 11 1308 1313 1312
4444 2 2 1000 11 2498 2729 2727
4445 2 2 1000 11 1077 2713 2677
4446 2 2 1000 11 2206 2740 2220
4447 2 2 1000 11 2686 2691 2687
4448 2 2 1000 11 1093 2732 2721
4449 2 2 1000 11 2220 2740 2221
4450 2 2 1000 11 1523 2703 1521
4451 2 2 1000 11 1836 2750 2259
4452 2 2 1000 11 1875 2749 2234
4453 2 2 1000 11 1322 1325 1323
4454 2 2 1000 11 810 2722 809
4455 2 2 1000 11 1765 2745 2736
4456 2 2 1000 11 1750 2724 2666
4457 2 2 1000 11 1239 2713 1236
4458 2 2 1000 11 1535 2254 1418
4459 2 2 1000 11 1520 1522 1521
4460 2 2 1000 11 1930 2747 1349
4461 2 2 1000 11 1335 2760 1337
4462 2 2 1000 11 1952 2751 1875
4463 2 2 1000 11 2304 2870 1770
4464 2 2 1000 11 2600 2748 1818
4465 2 2 1000 11 1060 2730 1061
4466 2 2 1000 11 805 806 804
4467 2 2 1000 11 1366 2690 1370
4468 2 2 1000 11 2732 2733 1904
4469 2 2 1000 11 1875 2751 2749
4470 2 2 1000 11 1522 1523 1521
4471 2 2 1000 11 2613 2732 1093
4472 2 2 1000 11 800 1083 798
4473 2 2 1000 11 2230 2741 1432
4474 2 2 1000 11 2251 2803 2252
4475 2 2 1000 11 2252 2253 1535
4476 2 2 1000 11 791 1167 793
4477 2 2 1000 11 1946 2703 1523
4478 2 2 1000 11 1817 2748 2663
4479 2 2 1000 11 1103 2740 2206
4480 2 2 1000 11 1348 1349 1342
4481 2 2 1000 11 803 805 804
4482 2 2 1000 11 1344 1791 1338
4483 2 2 1000 11 791 2726 1167
4484 2 2 1000 11 805 2731 2209
4485 2 2 1000 11 1314 2817 1969
4486 2 2 1000 11 1767 2754 1397
4487 2 2 1000 11 771 1785 773
4488 2 2 1000 11 1439 1828 1441
4489 2 2 1000 11 2613 2733 2732
4490 2 2 1000 11 1157 2733 2613
4491 2 2 1000 11 1803 2758 1573
4492 2 2 1000 11 1333 1774 1335
4493 2 2 1000 11 754 2757 38
4494 2 2 1000 11 36 2701 37
4495 2 2 1000 11 795 1078 797
4496 2 2 1000 11 2567 2734 1085
4497 2 2 1000 11 809 2735 806
4498 2 2 1000 11 2567 2737 2734
4499 2 2 1000 11 1162 2755 2203
4500 2 2 1000 11 829 2731 803
4501 2 2 1000 11 1420 1520 1519
4502 2 2 1000 11 2234 2749 2733
4503 2 2 1000 11 1908 2739 2738
4504 2 2 1000 11 1923 2002 1829
4505 2 2 1000 11 776 2075 772
4506 2 2 1000 11 803 804 802
4507 2 2 1000 11 1762 2738 1492
4508 2 2 1000 11 1828 1923 1829
4509 2 2 1000 11 1714 2737 2567
4510 2 2 1000 11 1767 2755 2754
4511 2 2 1000 11 1421 1422 1349
4512 2 2 1000 11 2737 2738 1762
4513 2 2 1000 11 1828 1829 1441
4514 2 2 1000 11 1928 2739 1908
4515 2 2 1000 11 174 2052 175
4516 2 2 1000 11 801 803 802
4517 2 2 1000 11 1763 2736 2724
4518 2 2 1000 11 803 2731 805
4519 2 2 1000 11 806 2735 1089
4520 2 2 1000 11 1439 1440 1438
4521 2 2 1000 11 1520 1521 1519
4522 2 2 1000 11 2736 2745 1282
4523 2 2 1000 11 2724 2736 2666
4524 2 2 1000 11 1430 2763 1767
4525 2 2 1000 11 1439 1441 1440
4526 2 2 1000 11 2666 2736 1282
4527 2 2 1000 11 801 802 800
4528 2 2 1000 11 2038 2040 2036
4529 2 2 1000 11 1354 2762 1355
4530 2 2 1000 11 789 2726 791
4531 2 2 1000 11 2809 2834 710
4532 2 2 1000 11 660 2820 285
4533 2 2 1000 11 799 801 800
4534 2 2 1000 11 1519 1951 1419
4535 2 2 1000 11 2733 2749 1904
4536 2 2 1000 11 1624 2769 1913
4537 2 2 1000 11 2844 3135 2103
4538 2 2 1000 11 667 2819 2124
4539 2 2 1000 11 1396 2754 2742
4540 2 2 1000 11 799 800 798
4541 2 2 1000 11 794 1071 792
4542 2 2 1000 11 1202 1825 1358
4543 2 2 1000 11 1418 1420 1419
4544 2 2 1000 11 1396 2742 2713
4545 2 2 1000 11 1437 1438 1436
4546 2 2 1000 11 2713 2742 2677
4547 2 2 1000 11 1282 2745 1388
4548 2 2 1000 11 1435 1781 1437
4549 2 2 1000 11 2203 2750 1836
4550 2 2 1000 11 1818 2748 1817
4551 2 2 1000 11 2310 3009 739
4552 2 2 1000 11 747 2753 20
4553 2 2 1000 11 2597 2770 1816
4554 2 2 1000 11 1313 1315 1314
4555 2 2 1000 11 1337 1354 1343
4556 2 2 1000 11 1423 2690 1366
4557 2 2 1000 11 1904 2749 1905
4558 2 2 1000 11 2677 2742 2375
4559 2 2 1000 11 797 799 798
4560 2 2 1000 11 790 3111 2689
4561 2 2 1000 11 1355 1943 1556
4562 2 2 1000 11 2749 2751 1905
4563 2 2 1000 11 2750 2763 2259
4564 2 2 1000 11 1382 2793 1766
4565 2 2 1000 11 1195 2793 1193
4566 2 2 1000 11 1905 2751 2189
4567 2 2 1000 11 2758 2759 2711
4568 2 2 1000 11 1420 1519 1419
4569 2 2 1000 11 1340 2796 1347
4570 2 2 1000 11 1437 1439 1438
4571 2 2 1000 11 1914 2809 2804
4572 2 2 1000 11 2259 2794 1518
4573 2 2 1000 11 2253 2254 1535
4574 2 2 1000 11 1802 3117 2923
4575 2 2 1000 11 784 2797 786
4576 2 2 1000 11 1477 2795 1555
4577 2 2 1000 11 1777 2795 1479
4578 2 2 1000 11 19 2766 747
4579 2 2 1000 11 1435 1436 1434
4580 2 2 1000 11 1397 2754 1396
4581 2 2 1000 11 2703 2743 1521
4582 2 2 1000 11 2804 2809 31
4583 2 2 1000 11 1372 1418 1417
4584 2 2 1000 11 797 798 796
4585 2 2 1000 11 786 787 785
4586 2 2 1000 11 2754 2755 1909
4587 2 2 1000 11 1417 1918 1371
4588 2 2 1000 11 1355 2762 1943
4589 2 2 1000 11 1909 2755 1162
4590 2 2 1000 11 779 2176 1569
4591 2 2 1000 11 1167 2746 793
4592 2 2 1000 11 1767 2763 2750
4593 2 2 1000 11 1411 1976 1921
4594 2 2 1000 11 1435 1437 1436
4595 2 2 1000 11 762 2821 2177
4596 2 2 1000 11 1418 1419 1417
4597 2 2 1000 11 786 2797 789
4598 2 2 1000 11 1370 1372 1371
4599 2 2 1000 11 20 2753 21
4600 2 2 1000 11 2033 2868 2031
4601 2 2 1000 11 2687 2688 1423
4602 2 2 1000 11 2688 2803 2690
4603 2 2 1000 11 1824 2971 2961
4604 2 2 1000 11 795 2746 1078
4605 2 2 1000 11 1954 2799 1240
4606 2 2 1000 11 2763 2794 2259
4607 2 2 1000 11 2090 2091 725
4608 2 2 1000 11 1431 1432 1410
4609 2 2 1000 11 1521 2743 1519
4610 2 2 1000 11 1768 1769 1360
4611 2 2 1000 11 1519 2743 1951
4612 2 2 1000 11 795 797 796
4613 2 2 1000 11 280 2832 2166
4614 2 2 1000 11 18 2766 19
4615 2 2 1000 11 788 827 787
4616 2 2 1000 11 1439 2752 1828
4617 2 2 1000 11 649 2832 279
4618 2 2 1000 11 1433 1434 1432
4619 2 2 1000 11 39 2757 681
4620 2 2 1000 11 38 2757 39
4621 2 2 1000 11 1372 1417 1371
4622 2 2 1000 11 2739 2761 2017
4623 2 2 1000 11 1573 2758 2711
4624 2 2 1000 11 1238 2799 1272
4625 2 2 1000 11 1405 3003 2080
4626 2 2 1000 11 778 780 779
4627 2 2 1000 11 795 796 794
4628 2 2 1000 11 1369 1780 1365
4629 2 2 1000 11 1779 2763 1430
4630 2 2 1000 11 1433 1435 1434
4631 2 2 1000 11 30 2804 31
4632 2 2 1000 11 793 795 794
4633 2 2 1000 11 1366 1370 1369
4634 2 2 1000 11 1781 2752 1437
4635 2 2 1000 11 1964 2765 1963
4636 2 2 1000 11 2495 2889 761
4637 2 2 1000 11 1370 1371 1369
4638 2 2 1000 11 1317 1318 1316
4639 2 2 1000 11 2151 3152 1620
4640 2 2 1000 11 1437 2752 1439
4641 2 2 1000 11 1626 2769 1624
4642 2 2 1000 11 658 2835 2121
4643 2 2 1000 11 1951 2756 1419
4644 2 2 1000 11 793 794 792
4645 2 2 1000 11 1816 2770 1945
4646 2 2 1000 11 1928 2761 2739
4647 2 2 1000 11 45 2786 675
4648 2 2 1000 11 44 2786 45
4649 2 2 1000 11 717 2787 43
4650 2 2 1000 11 1779 2794 2763
4651 2 2 1000 11 43 2787 44
4652 2 2 1000 11 674 2785 54
4653 2 2 1000 11 690 2771 157
4654 2 2 1000 11 693 2773 137
4655 2 2 1000 11 691 2772 70
4656 2 2 1000 11 694 2774 50
4657 2 2 1000 11 156 2776 690
4658 2 2 1000 11 164 2777 688
4659 2 2 1000 11 160 2779 679
4660 2 2 1000 11 675 2780 46
4661 2 2 1000 11 120 2781 672
4662 2 2 1000 11 73 2778 678
4663 2 2 1000 11 671 2782 66
4664 2 2 1000 11 670 2783 153
4665 2 2 1000 11 669 2788 101
4666 2 2 1000 11 158 2771 757
4667 2 2 1000 11 138 2773 756
4668 2 2 1000 11 71 2772 749
4669 2 2 1000 11 51 2774 753
4670 2 2 1000 11 761 2776 155
4671 2 2 1000 11 755 2777 163
4672 2 2 1000 11 47 2780 758
4673 2 2 1000 11 757 2779 159
4674 2 2 1000 11 759 2781 119
4675 2 2 1000 11 749 2778 72
4676 2 2 1000 11 67 2782 760
4677 2 2 1000 11 154 2783 761
4678 2 2 1000 11 82 2790 723
4679 2 2 1000 11 719 2789 144
4680 2 2 1000 11 54 2785 55
4681 2 2 1000 11 1743 2815 1975
4682 2 2 1000 11 157 2771 158
4683 2 2 1000 11 137 2773 138
4684 2 2 1000 11 70 2772 71
4685 2 2 1000 11 50 2774 51
4686 2 2 1000 11 155 2776 156
4687 2 2 1000 11 163 2777 164
4688 2 2 1000 11 46 2780 47
4689 2 2 1000 11 159 2779 160
4690 2 2 1000 11 119 2781 120
4691 2 2 1000 11 72 2778 73
4692 2 2 1000 11 66 2782 67
4693 2 2 1000 11 153 2783 154
4694 2 2 1000 11 101 2788 102
4695 2 2 1000 11 81 2790 82
4696 2 2 1000 11 144 2789 145
4697 2 2 1000 11 2963 3027 709
4698 2 2 1000 11 707 2838 185
4699 2 2 1000 11 186 2838 2136
4700 2 2 1000 11 688 2784 165
4701 2 2 1000 11 165 2784 166
4702 2 2 1000 11 2688 2690 1423
4703 2 2 1000 11 662 2839 211
4704 2 2 1000 11 212 2839 740
4705 2 2 1000 11 1431 1433 1432
4706 2 2 1000 11 168 2791 169
4707 2 2 1000 11 1337 2760 1354
4708 2 2 1000 11 1379 1409 1092
4709 2 2 1000 11 2679 2815 1741
4710 2 2 1000 11 791 793 792
4711 2 2 1000 11 793 2746 795
4712 2 2 1000 11 711 2791 168
4713 2 2 1000 11 1193 2793 1382
4714 2 2 1000 11 703 2842 208
4715 2 2 1000 11 1942 2822 1628
4716 2 2 1000 11 1364 1366 1365
4717 2 2 1000 11 1848 2823 2785
4718 2 2 1000 11 1417 2756 1918
4719 2 2 1000 11 2102 2844 2103
4720 2 2 1000 11 791 792 790
4721 2 2 1000 11 123 2798 720
4722 2 2 1000 11 2013 2794 1779
4723 2 2 1000 11 1419 2756 1417
4724 2 2 1000 11 782 784 783
4725 2 2 1000 11 1510 1925 1373
4726 2 2 1000 11 1544 2098 1929
4727 2 2 1000 11 131 2800 132
4728 2 2 1000 11 1479 2795 1477
4729 2 2 1000 11 1366 1369 1365
4730 2 2 1000 11 2690 2803 2251
4731 2 2 1000 11 2077 2810 2078
4732 2 2 1000 11 789 791 790
4733 2 2 1000 11 1362 1364 1363
4734 2 2 1000 11 23 2882 2853
4735 2 2 1000 11 1348 1421 1349
4736 2 2 1000 11 2144 2876 183
4737 2 2 1000 11 1943 1944 1556
4738 2 2 1000 11 122 2798 123
4739 2 2 1000 11 1918 2764 1371
4740 2 2 1000 11 1240 2799 1238
4741 2 2 1000 11 1411 1921 1431
4742 2 2 1000 11 780 2176 779
4743 2 2 1000 11 1354 1355 1343
4744 2 2 1000 11 1795 1910 1509
4745 2 2 1000 11 1319 1320 1318
4746 2 2 1000 11 1976 2081 1921
4747 2 2 1000 11 789 790 788
4748 2 2 1000 11 1411 2767 1976
4749 2 2 1000 11 1347 2796 1795
4750 2 2 1000 11 132 2800 673
4751 2 2 1000 11 1510 1961 1960
4752 2 2 1000 11 1364 1365 1363
4753 2 2 1000 11 2196 2845 1998
4754 2 2 1000 11 1808 2926 2134
4755 2 2 1000 11 210 2848 662
4756 2 2 1000 11 31 2809 32
4757 2 2 1000 11 1791 2807 1338
4758 2 2 1000 11 789 2797 2726
4759 2 2 1000 11 2870 2939 1770
4760 2 2 1000 11 1411 1431 1410
4761 2 2 1000 11 1369 2764 1780
4762 2 2 1000 11 1082 2828 1105
4763 2 2 1000 11 1359 1360 1203
4764 2 2 1000 11 8 1408 337
4765 2 2 1000 11 1914 2174 1769
4766 2 2 1000 11 136 2813 693
4767 2 2 1000 11 752 2813 135
4768 2 2 1000 11 1405 2828 1082
4769 2 2 1000 11 44 2787 2786
4770 2 2 1000 11 2781 2974 672
4771 2 2 1000 11 1510 1960 1925
4772 2 2 1000 11 1782 1995 1940
4773 2 2 1000 11 784 786 785
4774 2 2 1000 11 1441 2825 1440
4775 2 2 1000 11 1361 1768 1360
4776 2 2 1000 11 1371 2764 1369
4777 2 2 1000 11 1379 1410 1409
4778 2 2 1000 11 786 789 788
4779 2 2 1000 11 786 788 787
4780 2 2 1000 11 1421 1935 1422
4781 2 2 1000 11 1326 1338 1325
4782 2 2 1000 11 1379 1411 1410
4783 2 2 1000 11 1345 1782 1407
4784 2 2 1000 11 1340 1344 1338
4785 2 2 1000 11 32 2809 710
4786 2 2 1000 11 259 2855 260
4787 2 2 1000 11 1362 1363 1361
4788 2 2 1000 11 691 3125 2759
4789 2 2 1000 11 1341 1342 1336
4790 2 2 1000 11 1825 1917 1358
4791 2 2 1000 11 1359 1362 1361
4792 2 2 1000 11 1940 1941 1407
4793 2 2 1000 11 1626 2822 2769
4794 2 2 1000 11 668 2821 86
4795 2 2 1000 11 1353 1984 1983
4796 2 2 1000 11 87 2821 762
4797 2 2 1000 11 1346 1413 1344
4798 2 2 1000 11 1315 1317 1316
4799 2 2 1000 11 1316 3088 2817
4800 2 2 1000 11 56 2823 714
4801 2 2 1000 11 1769 2768 1360
4802 2 2 1000 11 729 2906 2073
4803 2 2 1000 11 781 1378 1092
4804 2 2 1000 11 2042 2826 2039
4805 2 2 1000 11 1509 1510 1373
4806 2 2 1000 11 1378 2767 1379
4807 2 2 1000 11 7 1324 336
4808 2 2 1000 11 1105 1202 1186
4809 2 2 1000 11 1330 1333 1332
4810 2 2 1000 11 1331 1350 1329
4811 2 2 1000 11 1378 1379 1092
4812 2 2 1000 11 1930 2854 2747
4813 2 2 1000 11 2201 2933 730
4814 2 2 1000 11 1729 3096 2126
4815 2 2 1000 11 1355 1412 1343
4816 2 2 1000 11 1355 1556 1412
4817 2 2 1000 11 1337 1343 1341
4818 2 2 1000 11 337 1183 9
4819 2 2 1000 11 1202 2828 1825
4820 2 2 1000 11 1347 1509 1373
4821 2 2 1000 11 83 2831 84
4822 2 2 1000 11 708 2972 2117
4823 2 2 1000 11 1345 1348 1342
4824 2 2 1000 11 1340 1347 1346
4825 2 2 1000 11 2073 2906 2074
4826 2 2 1000 11 2481 2904 693
4827 2 2 1000 11 1975 2845 1772
4828 2 2 1000 11 1184 1185 1104
4829 2 2 1000 11 1953 2979 1954
4830 2 2 1000 11 1421 1936 1935
4831 2 2 1000 11 100 2833 669
4832 2 2 1000 11 751 2833 99
4833 2 2 1000 11 135 2813 136
4834 2 2 1000 11 1556 1907 1412
4835 2 2 1000 11 1974 3135 2844
4836 2 2 1000 11 1340 1346 1344
4837 2 2 1000 11 1335 1337 1336
4838 2 2 1000 11 2506 2849 1773
4839 2 2 1000 11 1359 1361 1360
4840 2 2 1000 11 1326 1340 1338
4841 2 2 1000 11 2147 2819 667
4842 2 2 1000 11 1089 3028 2692
4843 2 2 1000 11 28 2840 29
4844 2 2 1000 11 2184 2852 1575
4845 2 2 1000 11 1782 1940 1407
4846 2 2 1000 11 1337 1341 1336
4847 2 2 1000 11 1741 2815 1743
4848 2 2 1000 11 1832 2009 1408
4849 2 2 1000 11 1325 2807 1353
4850 2 2 1000 11 1379 2767 1411
4851 2 2 1000 11 2777 2887 688
4852 2 2 1000 11 1604 2851 1603
4853 2 2 1000 11 1806 2852 2177
4854 2 2 1000 11 1322 1326 1325
4855 2 2 1000 11 781 1092 782
4856 2 2 1000 11 1768 1914 1769
4857 2 2 1000 11 1575 2852 2490
4858 2 2 1000 11 127 2837 128
4859 2 2 1000 11 1307 1308 1185
4860 2 2 1000 11 2785 2823 55
4861 2 2 1000 11 2456 2837 682
4862 2 2 1000 11 1341 1345 1342
4863 2 2 1000 11 781 782 780
4864 2 2 1000 11 1509 2792 1510
4865 2 2 1000 11 1345 1407 1348
4866 2 2 1000 11 1966 2961 2958
4867 2 2 1000 11 2090 2951 2091
4868 2 2 1000 11 1317 1319 1318
4869 2 2 1000 11 1333 1335 1334
4870 2 2 1000 11 1824 2961 1966
4871 2 2 1000 11 86 2821 87
4872 2 2 1000 11 1330 1332 1331
4873 2 2 1000 11 651 2870 2187
4874 2 2 1000 11 285 2820 286
4875 2 2 1000 11 1319 1352 1320
4876 2 2 1000 11 1510 2792 1961
4877 2 2 1000 11 1335 1336 1334
4878 2 2 1000 11 1628 2822 1626
4879 2 2 1000 11 55 2823 56
4880 2 2 1000 11 335 1424 7
4881 2 2 1000 11 1914 2804 2174
4882 2 2 1000 11 2024 2932 2062
4883 2 2 1000 11 757 2967 2779
4884 2 2 1000 11 1347 1373 1346
4885 2 2 1000 11 2124 3076 739
4886 2 2 1000 11 1616 2861 1613
4887 2 2 1000 11 1105 1186 1184
4888 2 2 1000 11 1910 2792 1509
4889 2 2 1000 11 2817 3088 2023
4890 2 2 1000 11 1353 2807 1984
4891 2 2 1000 11 714 2846 57
4892 2 2 1000 11 1350 2801 1329
4893 2 2 1000 11 2773 2812 756
4894 2 2 1000 11 1202 1358 1203
4895 2 2 1000 11 1307 1814 1813
4896 2 2 1000 11 1440 2825 1824
4897 2 2 1000 11 2790 2938 2507
4898 2 2 1000 11 2044 2885 189
4899 2 2 1000 11 184 2876 707
4900 2 2 1000 11 9 808 338
4901 2 2 1000 11 1333 1334 1332
4902 2 2 1000 11 2118 2835 658
4903 2 2 1000 11 760 2914 2759
4904 2 2 1000 11 2907 3000 2089
4905 2 2 1000 11 1409 2829 1092
4906 2 2 1000 11 260 2878 261
4907 2 2 1000 11 1358 1359 1203
4908 2 2 1000 11 23 2853 24
4909 2 2 1000 11 1332 1339 1331
4910 2 2 1000 11 778 781 780
4911 2 2 1000 11 2148 3019 1794
4912 2 2 1000 11 2884 3035 2123
4913 2 2 1000 11 710 2834 2214
4914 2 2 1000 11 1544 1929 1812
4915 2 2 1000 11 716 2856 150
4916 2 2 1000 11 1944 2805 1556
4917 2 2 1000 11 1319 1544 1352
4918 2 2 1000 11 2138 3057 696
4919 2 2 1000 11 1089 3060 3028
4920 2 2 1000 11 277 2884 2123
4921 2 2 1000 11 705 2884 276
4922 2 2 1000 11 1202 1203 1186
4923 2 2 1000 11 1788 2963 2056
4924 2 2 1000 11 2314 2867 1296
4925 2 2 1000 11 723 2831 83
4926 2 2 1000 11 1461 2866 1459
4927 2 2 1000 11 146 2857 684
4928 2 2 1000 11 2269 2867 1987
4929 2 2 1000 11 1313 1395 1315
4930 2 2 1000 11 1338 2807 1325
4931 2 2 1000 11 2788 3008 2020
4932 2 2 1000 11 1925 2818 1373
4933 2 2 1000 11 2168 3015 700
4934 2 2 1000 11 784 2829 2797
4935 2 2 1000 11 1328 1330 1329
4936 2 2 1000 11 1413 2830 1344
4937 2 2 1000 11 1348 2806 1421
4938 2 2 1000 11 1544 1812 1352
4939 2 2 1000 11 1359 2811 1362
4940 2 2 1000 11 1831 2994 1323
4941 2 2 1000 11 1376 2868 1775
4942 2 2 1000 11 1184 1307 1185
4943 2 2 1000 11 279 2832 280
4944 2 2 1000 11 2031 2868 1512
4945 2 2 1000 11 1307 1813 1308
4946 2 2 1000 11 1330 1331 1329
4947 2 2 1000 11 1940 2976 1941
4948 2 2 1000 11 732 2935 2174
4949 2 2 1000 11 1941 2806 1407
4950 2 2 1000 11 1556 2805 1907
4951 2 2 1000 11 99 2833 100
4952 2 2 1000 11 307 2872 308
4953 2 2 1000 11 1339 3131 2824
4954 2 2 1000 11 1105 1184 1104
4955 2 2 1000 11 1920 3011 2169
4956 2 2 1000 11 2825 2971 1824
4957 2 2 1000 11 782 2829 784
4958 2 2 1000 11 103 2862 722
4959 2 2 1000 11 1346 2818 1413
4960 2 2 1000 11 1345 2814 1782
4961 2 2 1000 11 1814 1994 1813
4962 2 2 1000 11 1324 1351 1328
4963 2 2 1000 11 672 2864 121
4964 2 2 1000 11 2224 2878 1992
4965 2 2 1000 11 287 2908 695
4966 2 2 1000 11 29 2840 732
4967 2 2 1000 11 1407 2806 1348
4968 2 2 1000 11 1412 2814 1343
4969 2 2 1000 11 42 2865 717
4970 2 2 1000 11 2842 2848 209
4971 2 2 1000 11 652 2878 2224
4972 2 2 1000 11 8 1809 1408
4973 2 2 1000 11 2853 2882 1929
4974 2 2 1000 11 2192 2843 2190
4975 2 2 1000 11 1790 2879 2486
4976 2 2 1000 11 1421 2806 1936
4977 2 2 1000 11 1897 2849 2674
4978 2 2 1000 11 1343 2814 1341
4979 2 2 1000 11 2824 3131 2826
4980 2 2 1000 11 1917 2811 1358
4981 2 2 1000 11 1344 2830 1791
4982 2 2 1000 11 190 2885 699
4983 2 2 1000 11 2923 3117 1996
4984 2 2 1000 11 808 1405 1082
4985 2 2 1000 11 1800 3095 2311
4986 2 2 1000 11 1979 2003 1832
4987 2 2 1000 11 794 2869 1071
4988 2 2 1000 11 1329 2801 1327
4989 2 2 1000 11 682 2837 127
4990 2 2 1000 11 2789 2857 145
4991 2 2 1000 11 1320 2816 1322
4992 2 2 1000 11 185 2838 186
4993 2 2 1000 11 1324 1327 336
4994 2 2 1000 11 211 2839 212
4995 2 2 1000 11 2158 2883 2155
4996 2 2 1000 11 22 2882 23
4997 2 2 1000 11 1979 2004 2003
4998 2 2 1000 11 2191 3118 746
4999 2 2 1000 11 1352 2816 1320
5000 2 2 1000 11 2218 2890 2735
5001 2 2 1000 11 1326 2816 2796
5002 2 2 1000 11 1809 2801 1979
5003 2 2 1000 11 1331 2824 1350
5004 2 2 1000 11 2466 2841 1494
5005 2 2 1000 11 2131 3001 2132
5006 2 2 1000 11 683 2871 60
5007 2 2 1000 11 1833 2960 2166
5008 2 2 1000 11 737 3040 2097
5009 2 2 1000 11 2484 2881 756
5010 2 2 1000 11 1358 2811 1359
5011 2 2 1000 11 1341 2814 1345
5012 2 2 1000 11 1799 2895 2617
5013 2 2 1000 11 781 2850 1378
5014 2 2 1000 11 208 2842 209
5015 2 2 1000 11 1092 2829 782
5016 2 2 1000 11 1962 2887 2728
5017 2 2 1000 11 1373 2818 1346
5018 2 2 1000 11 335 1572 1424
5019 2 2 1000 11 2906 2954 2074
5020 2 2 1000 11 2162 2939 2161
5021 2 2 1000 11 2639 2889 1771
5022 2 2 1000 11 2788 2862 102
5023 2 2 1000 11 2311 2891 1206
5024 2 2 1000 11 1367 2891 1794
5025 2 2 1000 11 148 2875 149
5026 2 2 1000 11 1082 1105 1104
5027 2 2 1000 11 2744 2865 41
5028 2 2 1000 11 1888 2893 1887
5029 2 2 1000 11 17 2874 18
5030 2 2 1000 11 2064 2929 741
5031 2 2 1000 11 1322 2816 1326
5032 2 2 1000 11 2657 2893 1537
5033 2 2 1000 11 2768 2836 1186
5034 2 2 1000 11 140 2881 676
5035 2 2 1000 11 756 2881 139
5036 2 2 1000 11 808 1081 338
5037 2 2 1000 11 1809 1979 1832
5038 2 2 1000 11 1328 1329 1327
5039 2 2 1000 11 1809 1832 1408
5040 2 2 1000 11 685 2896 2511
5041 2 2 1000 11 122 2864 2798
5042 2 2 1000 11 2081 3061 292
5043 2 2 1000 11 1991 2898 1525
5044 2 2 1000 11 1526 2898 1529
5045 2 2 1000 11 1105 2828 1202
5046 2 2 1000 11 1330 2827 1333
5047 2 2 1000 11 694 3049 2774
5048 2 2 1000 11 2169 3011 701
5049 2 2 1000 11 1324 1328 1327
5050 2 2 1000 11 2187 2844 2102
5051 2 2 1000 11 2741 2863 1409
5052 2 2 1000 11 1804 2903 2014
5053 2 2 1000 11 92 2886 680
5054 2 2 1000 11 1772 2845 2196
5055 2 2 1000 11 2094 3010 2096
5056 2 2 1000 11 316 2906 729
5057 2 2 1000 11 2510 3123 685
5058 2 2 1000 11 2511 2896 2436
5059 2 2 1000 11 744 2934 2088
5060 2 2 1000 11 57 2846 58
5061 2 2 1000 11 1572 2023 2022
5062 2 2 1000 11 660 3148 2820
5063 2 2 1000 11 209 2848 210
5064 2 2 1000 11 1412 2860 2814
5065 2 2 1000 11 2819 3095 1800
5066 2 2 1000 11 1773 2849 1897
5067 2 2 1000 11 742 3141 2050
5068 2 2 1000 11 2747 2854 1334
5069 2 2 1000 11 2169 3086 1920
5070 2 2 1000 11 1339 2824 1331
5071 2 2 1000 11 734 2894 171
5072 2 2 1000 11 1352 2873 2816
5073 2 2 1000 11 768 2808 2052
5074 2 2 1000 11 172 2894 767
5075 2 2 1000 11 106 2896 685
5076 2 2 1000 11 2210 2931 1939
5077 2 2 1000 11 1977 2903 2729
5078 2 2 1000 11 1607 2851 1604
5079 2 2 1000 11 1328 2827 1330
5080 2 2 1000 11 2490 2852 1806
5081 2 2 1000 11 1334 2854 1332
5082 2 2 1000 11 2287 2912 1784
5083 2 2 1000 11 1572 2022 1424
5084 2 2 1000 11 2814 2860 1782
5085 2 2 1000 11 1186 2836 1184
5086 2 2 1000 11 1082 1104 1081
5087 2 2 1000 11 1959 2914 1958
5088 2 2 1000 11 1307 2836 1814
5089 2 2 1000 11 764 3070 2084
5090 2 2 1000 11 2133 3086 2169
5091 2 2 1000 11 1805 2916 1950
5092 2 2 1000 11 1782 2860 1995
5093 2 2 1000 11 704 2855 259
5094 2 2 1000 11 2451 2918 2463
5095 2 2 1000 11 775 2850 778
5096 2 2 1000 11 1083 2911 798
5097 2 2 1000 11 2098 2853 1929
5098 2 2 1000 11 2061 3134 192
5099 2 2 1000 11 1529 2920 1530
5100 2 2 1000 11 150 2856 151
5101 2 2 1000 11 1409 2863 2829
5102 2 2 1000 11 2841 2866 1494
5103 2 2 1000 11 2899 3105 2083
5104 2 2 1000 11 1694 2922 1696
5105 2 2 1000 11 1802 2923 1427
5106 2 2 1000 11 2212 2966 742
5107 2 2 1000 11 2861 3056 1613
5108 2 2 1000 11 2143 2877 2165
5109 2 2 1000 11 1199 2924 1174
5110 2 2 1000 11 145 2857 146
5111 2 2 1000 11 742 2966 2180
5112 2 2 1000 11 2109 2920 2110
5113 2 2 1000 11 1279 2926 1808
5114 2 2 1000 11 1920 2926 1504
5115 2 2 1000 11 2759 2914 2711
5116 2 2 1000 11 1813 2859 1308
5117 2 2 1000 11 2820 2908 286
5118 2 2 1000 11 1614 2928 1609
5119 2 2 1000 11 730 2933 311
5120 2 2 1000 11 312 2933 2249
5121 2 2 1000 11 2174 2900 1769
5122 2 2 1000 11 2401 3114 2579
5123 2 2 1000 11 1598 2932 2345
5124 2 2 1000 11 1561 2932 2024
5125 2 2 1000 11 2043 3011 1919
5126 2 2 1000 11 1184 2836 1307
5127 2 2 1000 11 1361 2880 1768
5128 2 2 1000 11 778 2850 781
5129 2 2 1000 11 2000 3063 2157
5130 2 2 1000 11 1807 2861 1616
5131 2 2 1000 11 49 2917 694
5132 2 2 1000 11 758 2917 48
5133 2 2 1000 11 1599 2940 1598
5134 2 2 1000 11 808 1082 1081
5135 2 2 1000 11 705 3065 2033
5136 2 2 1000 11 2486 2942 1811
5137 2 2 1000 11 167 2919 711
5138 2 2 1000 11 2735 3060 1089
5139 2 2 1000 11 2207 2956 2208
5140 2 2 1000 11 1991 3153 2898
5141 2 2 1000 11 2172 3108 2150
5142 2 2 1000 11 2818 3120 3000
5143 2 2 1000 11 1952 3084 2775
5144 2 2 1000 11 2027 2950 2025
5145 2 2 1000 11 2012 3079 2201
5146 2 2 1000 11 2820 3148 2002
5147 2 2 1000 11 2213 2945 2215
5148 2 2 1000 11 1825 2964 1917
5149 2 2 1000 11 148 3043 2875
5150 2 2 1000 11 2540 3084 1952
5151 2 2 1000 11 1308 2859 1313
5152 2 2 1000 11 1351 2827 1328
5153 2 2 1000 11 664 2965 268
5154 2 2 1000 11 2829 2863 2797
5155 2 2 1000 11 2714 2905 1801
5156 2 2 1000 11 1332 2854 1339
5157 2 2 1000 11 657 2970 2109
5158 2 2 1000 11 102 2862 103
5159 2 2 1000 11 689 3145 2579
5160 2 2 1000 11 2579 3145 748
5161 2 2 1000 11 2432 2947 2392
5162 2 2 1000 11 1321 3088 1318
5163 2 2 1000 11 2479 2947 1993
5164 2 2 1000 11 2501 2948 2500
5165 2 2 1000 11 2816 2873 2796
5166 2 2 1000 11 2111 2870 651
5167 2 2 1000 11 1780 2913 1365
5168 2 2 1000 11 2114 2972 2116
5169 2 2 1000 11 2439 3137 3004
5170 2 2 1000 11 686 2938 80
5171 2 2 1000 11 1313 2859 1395
5172 2 2 1000 11 121 2864 122
5173 2 2 1000 11 716 3101 2034
5174 2 2 1000 11 2025 2950 1739
5175 2 2 1000 11 687 2954 314
5176 2 2 1000 11 2258 2950 1199
5177 2 2 1000 11 2253 2956 2254
5178 2 2 1000 11 1736 2952 1973
5179 2 2 1000 11 1441 2979 2825
5180 2 2 1000 11 1691 2952 1692
5181 2 2 1000 11 711 2919 2765
5182 2 2 1000 11 76 2941 721
5183 2 2 1000 11 1622 2955 1620
5184 2 2 1000 11 2024 3134 2061
5185 2 2 1000 11 2984 3136 2782
5186 2 2 1000 11 1768 2880 2834
5187 2 2 1000 11 2967 3093 2779
5188 2 2 1000 11 1405 2858 2828
5189 2 2 1000 11 1916 2930 2594
5190 2 2 1000 11 2784 2919 166
5191 2 2 1000 11 243 2983 244
5192 2 2 1000 11 1571 2971 1953
5193 2 2 1000 11 679 2944 161
5194 2 2 1000 11 162 2944 755
5195 2 2 1000 11 648 3130 291
5196 2 2 1000 11 799 2958 801
5197 2 2 1000 11 2104 3065 274
5198 2 2 1000 11 1786 2963 1788
5199 2 2 1000 11 2506 3106 2849
5200 2 2 1000 11 41 2865 42
5201 2 2 1000 11 702 3039 2162
5202 2 2 1000 11 1907 2860 1412
5203 2 2 1000 11 2828 2858 1825
5204 2 2 1000 11 761 2889 2776
5205 2 2 1000 11 1650 2962 1649
5206 2 2 1000 11 2073 2899 729
5207 2 2 1000 11 1778 2960 1833
5208 2 2 1000 11 2066 3087 718
5209 2 2 1000 11 1928 2948 2761
5210 2 2 1000 11 1494 2866 1461
5211 2 2 1000 11 1296 2867 2269
5212 2 2 1000 11 2496 2967 2018
5213 2 2 1000 11 750 2953 2048
5214 2 2 1000 11 2691 2977 2687
5215 2 2 1000 11 1078 2949 797
5216 2 2 1000 11 2087 3075 2085
5217 2 2 1000 11 2129 3001 2128
5218 2 2 1000 11 2741 2892 2863
5219 2 2 1000 11 323 2975 743
5220 2 2 1000 11 1512 2868 1376
5221 2 2 1000 11 677 2953 113
5222 2 2 1000 11 114 2953 750
5223 2 2 1000 11 2007 3067 2871
5224 2 2 1000 11 81 2938 2790
5225 2 2 1000 11 2493 3013 751
5226 2 2 1000 11 2760 2981 1354
5227 2 2 1000 11 2041 2996 2038
5228 2 2 1000 11 2163 3058 2164
5229 2 2 1000 11 2064 3119 2929
5230 2 2 1000 11 796 2869 794
5231 2 2 1000 11 743 3044 2101
5232 2 2 1000 11 2069 3068 727
5233 2 2 1000 11 60 2871 61
5234 2 2 1000 11 655 2983 2157
5235 2 2 1000 11 2881 2942 676
5236 2 2 1000 11 1927 2984 2599
5237 2 2 1000 11 292 3061 293
5238 2 2 1000 11 2219 2970 1838
5239 2 2 1000 11 1597 2989 1694
5240 2 2 1000 11 308 2872 763
5241 2 2 1000 11 2964 3026 1917
5242 2 2 1000 11 2032 3035 2884
5243 2 2 1000 11 2071 3064 3016
5244 2 2 1000 11 722 2968 104
5245 2 2 1000 11 2797 2863 2726
5246 2 2 1000 11 2836 2900 1814
5247 2 2 1000 11 1828 2988 1923
5248 2 2 1000 11 1431 2957 1433
5249 2 2 1000 11 152 2973 670
5250 2 2 1000 11 2230 2892 2741
5251 2 2 1000 11 1183 2986 2810
5252 2 2 1000 11 2137 3025 2139
5253 2 2 1000 11 149 2875 716
5254 2 2 1000 11 2912 3032 1784
5255 2 2 1000 11 681 3138 2743
5256 2 2 1000 11 2125 3041 2127
5257 2 2 1000 11 767 3074 2872
5258 2 2 1000 11 2759 3125 760
5259 2 2 1000 11 693 2904 2773
5260 2 2 1000 11 2692 2997 802
5261 2 2 1000 11 183 2876 184
5262 2 2 1000 11 1950 3007 2225
5263 2 2 1000 11 2834 2880 2214
5264 2 2 1000 11 2208 2997 2692
5265 2 2 1000 11 2439 3004 1932
5266 2 2 1000 11 2121 3032 2120
5267 2 2 1000 11 2850 3016 1378
5268 2 2 1000 11 2768 2900 2836
5269 2 2 1000 11 2215 2978 647
5270 2 2 1000 11 762 2980 88
5271 2 2 1000 11 89 2980 718
5272 2 2 1000 11 2689 3112 790
5273 2 2 1000 11 2825 2979 1953
5274 2 2 1000 11 242 3038 243
5275 2 2 1000 11 2594 3021 1803
5276 2 2 1000 11 2095 2975 322
5277 2 2 1000 11 261 2878 652
5278 2 2 1000 11 1911 3005 1834
5279 2 2 1000 11 110 2985 111
5280 2 2 1000 11 2488 2879 1790
5281 2 2 1000 11 1838 3009 1776
5282 2 2 1000 11 2020 3008 2405
5283 2 2 1000 11 664 2982 2026
5284 2 2 1000 11 189 2885 190
5285 2 2 1000 11 18 2874 2766
5286 2 2 1000 11 2122 2912 738
5287 2 2 1000 11 2692 3028 2208
5288 2 2 1000 11 1961 2888 1960
5289 2 2 1000 11 1826 2905 2786
5290 2 2 1000 11 139 2881 140
5291 2 2 1000 11 2230 2909 2892
5292 2 2 1000 11 2132 3082 698
5293 2 2 1000 11 728 2882 22
5294 2 2 1000 11 2208 3028 1574
5295 2 2 1000 11 2166 2960 708
5296 2 2 1000 11 63 2993 64
5297 2 2 1000 11 800 2997 1083
5298 2 2 1000 11 2492 3013 2493
5299 2 2 1000 11 2583 3013 1924
5300 2 2 1000 11 671 2984 2782
5301 2 2 1000 11 2132 3056 2861
5302 2 2 1000 11 1922 3030 2059
5303 2 2 1000 11 676 2995 141
5304 2 2 1000 11 2162 2989 2939
5305 2 2 1000 11 1953 2971 2825
5306 2 2 1000 11 2579 3114 689
5307 2 2 1000 11 1794 3019 1793
5308 2 2 1000 11 2003 2915 1832
5309 2 2 1000 11 2155 2883 2156
5310 2 2 1000 11 276 2884 277
5311 2 2 1000 11 275 3065 705
5312 2 2 1000 11 3020 3084 674
5313 2 2 1000 11 1812 2901 2873
5314 2 2 1000 11 1812 2873 1352
5315 2 2 1000 11 2111 2939 2870
5316 2 2 1000 11 1810 2909 2230
5317 2 2 1000 11 2863 2892 2726
5318 2 2 1000 11 1981 2885 2044
5319 2 2 1000 11 2885 3007 699
5320 2 2 1000 11 663 3126 2126
5321 2 2 1000 11 1317 2936 2802
5322 2 2 1000 11 2880 2913 2214
5323 2 2 1000 11 2095 3072 765
5324 2 2 1000 11 1363 2880 1361
5325 2 2 1000 11 1607 2928 2851
5326 2 2 1000 11 2194 3090 2765
5327 2 2 1000 11 3 3072 321
5328 2 2 1000 11 2873 2901 1795
5329 2 2 1000 11 2578 3037 1797
5330 2 2 1000 11 270 3141 742
5331 2 2 1000 11 91 2886 92
5332 2 2 1000 11 306 3072 3
5333 2 2 1000 11 1729 3042 1731
5334 2 2 1000 11 687 3002 2954
5335 2 2 1000 11 265 3085 266
5336 2 2 1000 11 2704 3037 2578
5337 2 2 1000 11 334 3073 1
5338 2 2 1000 11 192 3134 193
5339 2 2 1000 11 1 3073 17
5340 2 2 1000 11 1780 2945 2913
5341 2 2 1000 11 699 3103 191
5342 2 2 1000 11 2849 3106 686
5343 2 2 1000 11 2617 2937 1810
5344 2 2 1000 11 2185 2888 766
5345 2 2 1000 11 2831 3034 84
5346 2 2 1000 11 2896 2968 2436
5347 2 2 1000 11 2775 3020 753
5348 2 2 1000 11 1518 3100 2267
5349 2 2 1000 11 2023 2994 2022
5350 2 2 1000 11 1635 3053 1636
5351 2 2 1000 11 109 3017 713
5352 2 2 1000 11 2623 3045 1765
5353 2 2 1000 11 1611 3056 1614
5354 2 2 1000 11 53 3020 674
5355 2 2 1000 11 753 3020 52
5356 2 2 1000 11 1934 3054 2021
5357 2 2 1000 11 1771 2889 2495
5358 2 2 1000 11 2629 3049 2630
5359 2 2 1000 11 2728 2887 1957
5360 2 2 1000 11 338 2999 6
5361 2 2 1000 11 1576 2890 2218
5362 2 2 1000 11 2826 3131 2039
5363 2 2 1000 11 318 3070 764
5364 2 2 1000 11 1636 3063 2353
5365 2 2 1000 11 677 3055 2953
5366 2 2 1000 11 729 3070 317
5367 2 2 1000 11 2827 2959 1774
5368 2 2 1000 11 1206 2891 1367
5369 2 2 1000 11 2765 3090 711
5370 2 2 1000 11 170 3024 734
5371 2 2 1000 11 2796 2873 1795
5372 2 2 1000 11 171 2894 172
5373 2 2 1000 11 59 3031 683
5374 2 2 1000 11 1887 2893 2657
5375 2 2 1000 11 85 3034 668
5376 2 2 1000 11 64 3033 65
5377 2 2 1000 11 2435 3071 2019
5378 2 2 1000 11 2875 3043 2501
5379 2 2 1000 11 1429 3069 1970
5380 2 2 1000 11 1272 3069 1273
5381 2 2 1000 11 1801 2905 1826
5382 2 2 1000 11 2242 3127 2179
5383 2 2 1000 11 2945 2978 2215
5384 2 2 1000 11 2898 3153 2171
5385 2 2 1000 11 684 3043 147
5386 2 2 1000 11 796 2911 2869
5387 2 2 1000 11 2979 3029 1954
5388 2 2 1000 11 1315 2936 1317
5389 2 2 1000 11 1992 3094 2224
5390 2 2 1000 11 647 3023 2701
5391 2 2 1000 11 142 3048 143
5392 2 2 1000 11 1966 2895 1799
5393 2 2 1000 11 739 3009 2159
5394 2 2 1000 11 1808 3094 2339
5395 2 2 1000 11 1687 3089 1689
5396 2 2 1000 11 1601 3128 1792
5397 2 2 1000 11 1533 3094 1992
5398 2 2 1000 11 1989 3083 2699
5399 2 2 1000 11 1955 3107 2008
5400 2 2 1000 11 2726 2892 1167
5401 2 2 1000 11 1815 3101 2501
5402 2 2 1000 11 2400 3114 2401
5403 2 2 1000 11 105 2896 106
5404 2 2 1000 11 2672 3079 2012
5405 2 2 1000 11 1402 3105 2628
5406 2 2 1000 11 62 3067 715
5407 2 2 1000 11 2802 2936 2193
5408 2 2 1000 11 1525 2898 1526
5409 2 2 1000 11 683 3031 2770
5410 2 2 1000 11 2088 2934 2089
5411 2 2 1000 11 1537 3078 2497
5412 2 2 1000 11 1789 2899 2073
5413 2 2 1000 11 2431 2941 2432
5414 2 2 1000 11 2791 3024 169
5415 2 2 1000 11 2072 3016 2850
5416 2 2 1000 11 267 2982 664
5417 2 2 1000 11 1982 3034 2831
5418 2 2 1000 11 738 2912 2186
5419 2 2 1000 11 792 3111 790
5420 2 2 1000 11 2826 3124 2824
5421 2 2 1000 11 2892 2909 1167
5422 2 2 1000 11 96 3145 689
5423 2 2 1000 11 748 3145 95
5424 2 2 1000 11 2745 2897 1388
5425 2 2 1000 11 2818 3000 1413
5426 2 2 1000 11 718 3087 90
5427 2 2 1000 11 2 3077 307
5428 2 2 1000 11 69 3125 691
5429 2 2 1000 11 760 3125 68
5430 2 2 1000 11 173 3077 2
5431 2 2 1000 11 685 3123 107
5432 2 2 1000 11 111 3104 112
5433 2 2 1000 11 1408 2986 337
5434 2 2 1000 11 78 3109 79
5435 2 2 1000 11 2250 3002 687
5436 2 2 1000 11 3132 3150 1931
5437 2 2 1000 11 2729 2903 1804
5438 2 2 1000 11 2175 3100 2013
5439 2 2 1000 11 2714 3012 2905
5440 2 2 1000 11 315 2906 316
5441 2 2 1000 11 1576 2923 2890
5442 2 2 1000 11 1402 2992 2065
5443 2 2 1000 11 1781 3036 2752
5444 2 2 1000 11 337 2986 1183
5445 2 2 1000 11 1363 2913 2880
5446 2 2 1000 11 679 3093 2373
5447 2 2 1000 11 2179 3127 2142
5448 2 2 1000 11 1795 2901 1910
5449 2 2 1000 11 2022 2902 1424
5450 2 2 1000 11 1810 2937 2909
5451 2 2 1000 11 2856 2973 151
5452 2 2 1000 11 286 2908 287
5453 2 2 1000 11 2091 2951 745
5454 2 2 1000 11 2786 2905 675
5455 2 2 1000 11 1935 3132 1422
5456 2 2 1000 11 7 2998 1324
5457 2 2 1000 11 788 3112 827
5458 2 2 1000 11 1183 3003 9
5459 2 2 1000 11 689 3114 2402
5460 2 2 1000 11 2484 2942 2881
5461 2 2 1000 11 1930 2927 2854
5462 2 2 1000 11 3023 3062 2701
5463 2 2 1000 11 1081 2999 338
5464 2 2 1000 11 1569 2915 1189
5465 2 2 1000 11 77 2991 78
5466 2 2 1000 11 2057 2925 776
5467 2 2 1000 11 1167 2909 2746
5468 2 2 1000 11 2186 2912 2287
5469 2 2 1000 11 2861 3082 2132
5470 2 2 1000 11 798 2911 796
5471 2 2 1000 11 2895 2949 1078
5472 2 2 1000 11 2929 3119 1792
5473 2 2 1000 11 2068 3150 2069
5474 2 2 1000 11 2249 3080 2250
5475 2 2 1000 11 2711 2914 1959
5476 2 2 1000 11 2061 2916 1805
5477 2 2 1000 11 2773 2904 2812
5478 2 2 1000 11 1769 2900 2768
5479 2 2 1000 11 48 2917 49
5480 2 2 1000 11 2463 2918 2441
5481 2 2 1000 11 166 2919 167
5482 2 2 1000 11 1530 2920 1566
5483 2 2 1000 11 1424 2998 7
5484 2 2 1000 11 2013 3100 2794
5485 2 2 1000 11 9 3003 808
5486 2 2 1000 11 2006 3018 2639
5487 2 2 1000 11 2174 2935 2900
5488 2 2 1000 11 1365 2913 1363
5489 2 2 1000 11 2059 3030 759
5490 2 2 1000 11 2105 2969 2104
5491 2 2 1000 11 1413 2907 2830
5492 2 2 1000 11 1993 2930 1916
5493 2 2 1000 11 3027 3142 2173
5494 2 2 1000 11 1696 2922 1827
5495 2 2 1000 11 1427 2923 1576
5496 2 2 1000 11 1830 3066 2257
5497 2 2 1000 11 2978 3023 647
5498 2 2 1000 11 1936 3092 2097
5499 2 2 1000 11 1788 2992 1401
5500 2 2 1000 11 704 3153 2855
5501 2 2 1000 11 2846 3031 58
5502 2 2 1000 11 3022 3130 648
5503 2 2 1000 11 1174 2924 1288
5504 2 2 1000 11 1809 3046 2801
5505 2 2 1000 11 2161 2939 2111
5506 2 2 1000 11 2879 2995 676
5507 2 2 1000 11 2433 2991 721
5508 2 2 1000 11 2801 3046 1327
5509 2 2 1000 11 1504 2926 1279
5510 2 2 1000 11 2162 3039 2922
5511 2 2 1000 11 315 2954 2906
5512 2 2 1000 11 696 2946 2167
5513 2 2 1000 11 2860 2921 1995
5514 2 2 1000 11 1820 2987 1848
5515 2 2 1000 11 2753 3014 728
5516 2 2 1000 11 1609 2928 1607
5517 2 2 1000 11 1965 2931 2210
5518 2 2 1000 11 741 2929 2182
5519 2 2 1000 11 1958 3136 2984
5520 2 2 1000 11 1832 2915 2009
5521 2 2 1000 11 3000 3120 2090
5522 2 2 1000 11 1813 3118 2859
5523 2 2 1000 11 2345 2932 1561
5524 2 2 1000 11 311 2933 312
5525 2 2 1000 11 1963 3050 1962
5526 2 2 1000 11 1939 3142 3027
5527 2 2 1000 11 80 2938 81
5528 2 2 1000 11 2659 3047 668
5529 2 2 1000 11 2501 3101 2875
5530 2 2 1000 11 1775 2969 2105
5531 2 2 1000 11 1888 3144 2893
5532 2 2 1000 11 669 3008 2788
5533 2 2 1000 11 2868 2969 1775
5534 2 2 1000 11 1529 3122 2920
5535 2 2 1000 11 2115 2943 2113
5536 2 2 1000 11 1929 2910 1812
5537 2 2 1000 11 1792 2940 1599
5538 2 2 1000 11 105 2968 2896
5539 2 2 1000 11 75 2941 76
5540 2 2 1000 11 680 3037 2704
5541 2 2 1000 11 1811 2942 2484
5542 2 2 1000 11 1981 3007 2885
5543 2 2 1000 11 2909 2937 2746
5544 2 2 1000 11 2746 2937 1078
5545 2 2 1000 11 2051 2999 1081
5546 2 2 1000 11 2526 2987 1820
5547 2 2 1000 11 3004 3137 707
5548 2 2 1000 11 749 2930 2778
5549 2 2 1000 11 2214 2945 2213
5550 2 2 1000 11 2122 3032 2912
5551 2 2 1000 11 161 2944 162
5552 2 2 1000 11 2916 3103 699
5553 2 2 1000 11 2047 3144 2099
5554 2 2 1000 11 1907 2921 2860
5555 2 2 1000 11 2180 2966 2106
5556 2 2 1000 11 2157 3063 2158
5557 2 2 1000 11 2918 2974 2441
5558 2 2 1000 11 2701 3062 754
5559 2 2 1000 11 1798 2946 1978
5560 2 2 1000 11 2639 3018 2889
5561 2 2 1000 11 1917 3026 2691
5562 2 2 1000 11 1433 3116 1435
5563 2 2 1000 11 1827 3096 1698
5564 2 2 1000 11 2089 3000 2090
5565 2 2 1000 11 2824 3124 1350
5566 2 2 1000 11 1848 2987 2823
5567 2 2 1000 11 2392 2947 2479
5568 2 2 1000 11 1401 2992 1402
5569 2 2 1000 11 1944 2934 2805
5570 2 2 1000 11 2500 2948 1928
5571 2 2 1000 11 1395 2936 1315
5572 2 2 1000 11 2040 3150 2068
5573 2 2 1000 11 2913 2945 2214
5574 2 2 1000 11 1814 2935 1994
5575 2 2 1000 11 2600 2993 2748
5576 2 2 1000 11 2254 2956 2207
5577 2 2 1000 11 2961 2971 2205
5578 2 2 1000 11 1650 3066 2143
5579 2 2 1000 11 2871 3067 61
5580 2 2 1000 11 1739 2950 2258
5581 2 2 1000 11 2807 3133 1984
5582 2 2 1000 11 1792 3128 2929
5583 2 2 1000 11 266 2982 267
5584 2 2 1000 11 2905 3012 675
5585 2 2 1000 11 1692 2952 1736
5586 2 2 1000 11 2959 3052 1774
5587 2 2 1000 11 2049 3144 2047
5588 2 2 1000 11 1774 3052 2760
5589 2 2 1000 11 113 2953 114
5590 2 2 1000 11 314 2954 315
5591 2 2 1000 11 2177 3047 1947
5592 2 2 1000 11 2097 3010 2094
5593 2 2 1000 11 1306 2964 2079
5594 2 2 1000 11 829 2961 2205
5595 2 2 1000 11 797 2949 799
5596 2 2 1000 11 1913 2955 1622
5597 2 2 1000 11 2748 2993 715
5598 2 2 1000 11 747 3059 2753
5599 2 2 1000 11 801 2958 829
5600 2 2 1000 11 1819 3006 1946
5601 2 2 1000 11 2526 3121 2987
5602 2 2 1000 11 2976 3044 743
5603 2 2 1000 11 2182 3128 1603
5604 2 2 1000 11 2117 2972 2114
5605 2 2 1000 11 695 3036 2087
5606 2 2 1000 11 2149 2970 657
5607 2 2 1000 11 2933 3080 2249
5608 2 2 1000 11 2002 3029 1829
5609 2 2 1000 11 2090 3120 2951
5610 2 2 1000 11 721 2991 77
5611 2 2 1000 11 1970 2960 1778
5612 2 2 1000 11 1921 2957 1431
5613 2 2 1000 11 1649 2962 1652
5614 2 2 1000 11 1937 2963 1786
5615 2 2 1000 11 2745 3045 2897
5616 2 2 1000 11 2126 3126 3042
5617 2 2 1000 11 2897 3045 2250
5618 2 2 1000 11 2958 2961 829
5619 2 2 1000 11 1807 3082 2861
5620 2 2 1000 11 2849 3109 2674
5621 2 2 1000 11 1766 2966 2212
5622 2 2 1000 11 1962 3050 2887
5623 2 2 1000 11 2859 3118 2191
5624 2 2 1000 11 268 2965 269
5625 2 2 1000 11 2006 3139 3018
5626 2 2 1000 11 1915 2967 2496
5627 2 2 1000 11 2854 2927 1339
5628 2 2 1000 11 2897 3079 1388
5629 2 2 1000 11 91 3087 2886
5630 2 2 1000 11 104 2968 105
5631 2 2 1000 11 2060 3040 737
5632 2 2 1000 11 2177 3147 762
5633 2 2 1000 11 2205 2971 1571
5634 2 2 1000 11 1789 3105 2899
5635 2 2 1000 11 1931 3150 2996
5636 2 2 1000 11 1966 2949 2895
5637 2 2 1000 11 686 3109 2849
5638 2 2 1000 11 728 2910 2882
5639 2 2 1000 11 2953 3055 2048
5640 2 2 1000 11 1780 2978 2945
5641 2 2 1000 11 2758 3021 691
5642 2 2 1000 11 2016 3102 2487
5643 2 2 1000 11 151 2973 152
5644 2 2 1000 11 2882 2910 1929
5645 2 2 1000 11 2441 2974 1922
5646 2 2 1000 11 1323 2994 1321
5647 2 2 1000 11 2900 2935 1814
5648 2 2 1000 11 2821 3047 2177
5649 2 2 1000 11 3054 3104 2021
5650 2 2 1000 11 2753 3059 3014
5651 2 2 1000 11 2762 3133 1791
5652 2 2 1000 11 2877 3066 1830
5653 2 2 1000 11 2121 3089 3032
5654 2 2 1000 11 322 2975 323
5655 2 2 1000 11 2684 3012 2714
5656 2 2 1000 11 2687 2977 2689
5657 2 2 1000 11 2045 3051 1542
5658 2 2 1000 11 691 3021 2772
5659 2 2 1000 11 669 3140 3008
5660 2 2 1000 11 680 3143 3037
5661 2 2 1000 11 762 3147 2980
5662 2 2 1000 11 1941 3092 2806
5663 2 2 1000 11 2766 3098 747
5664 2 2 1000 11 754 3097 2757
5665 2 2 1000 11 2096 2975 2095
5666 2 2 1000 11 2250 3080 2897
5667 2 2 1000 11 768 2052 174
5668 2 2 1000 11 1354 2981 2762
5669 2 2 1000 11 2156 3015 2168
5670 2 2 1000 11 709 3027 2173
5671 2 2 1000 11 88 2980 89
5672 2 2 1000 11 1792 3119 2940
5673 2 2 1000 11 3062 3097 754
5674 2 2 1000 11 2674 2991 2433
5675 2 2 1000 11 1306 3026 2964
5676 2 2 1000 11 1829 2979 1441
5677 2 2 1000 11 2026 2982 2029
5678 2 2 1000 11 2954 3002 2074
5679 2 2 1000 11 2876 3004 707
5680 2 2 1000 11 244 2983 655
5681 2 2 1000 11 1812 2910 2901
5682 2 2 1000 11 2060 3068 3040
5683 2 2 1000 11 2852 3147 2177
5684 2 2 1000 11 1958 2984 1927
5685 2 2 1000 11 1620 3152 1618
5686 2 2 1000 11 713 2985 110
5687 2 2 1000 11 192 3103 2061
5688 2 2 1000 11 2033 2969 2868
5689 2 2 1000 11 2924 3081 1288
5690 2 2 1000 11 1770 2989 1597
5691 2 2 1000 11 2939 2989 1770
5692 2 2 1000 11 2817 2990 1969
5693 2 2 1000 11 2764 2978 1780
5694 2 2 1000 11 2858 2964 1825
5695 2 2 1000 11 827 3112 2977
5696 2 2 1000 11 2893 3144 2049
5697 2 2 1000 11 3097 3138 2757
5698 2 2 1000 11 2079 2964 2858
5699 2 2 1000 11 2065 2992 2054
5700 2 2 1000 11 715 2993 63
5701 2 2 1000 11 1947 3047 2659
5702 2 2 1000 11 2009 2986 1408
5703 2 2 1000 11 2779 3093 679
5704 2 2 1000 11 1937 3027 2963
5705 2 2 1000 11 2752 2988 1828
5706 2 2 1000 11 1351 2959 2827
5707 2 2 1000 11 1996 3117 1819
5708 2 2 1000 11 2038 2996 2040
5709 2 2 1000 11 2775 3084 3020
5710 2 2 1000 11 141 2995 142
5711 2 2 1000 11 2110 3122 2171
5712 2 2 1000 11 1983 3113 1831
5713 2 2 1000 11 2128 3001 2131
5714 2 2 1000 11 2127 3039 702
5715 2 2 1000 11 2823 2987 714
5716 2 2 1000 11 2987 3121 714
5717 2 2 1000 11 2898 3122 1529
5718 2 2 1000 11 802 2997 800
5719 2 2 1000 11 1921 3022 2957
5720 2 2 1000 11 2074 3002 2623
5721 2 2 1000 11 2943 3148 2113
5722 2 2 1000 11 1965 3099 2931
5723 2 2 1000 11 2488 2995 2879
5724 2 2 1000 11 747 3098 3059
5725 2 2 1000 11 1983 3052 2959
5726 2 2 1000 11 1932 3004 1933
5727 2 2 1000 11 758 3115 2631
5728 2 2 1000 11 1834 3005 2554
5729 2 2 1000 11 2310 3076 1800
5730 2 2 1000 11 2225 3007 1981
5731 2 2 1000 11 2405 3008 2406
5732 2 2 1000 11 759 3030 2781
5733 2 2 1000 11 1776 3009 2310
5734 2 2 1000 11 1324 2998 1351
5735 2 2 1000 11 808 3003 1405
5736 2 2 1000 11 2894 3074 767
5737 2 2 1000 11 2889 3018 2776
5738 2 2 1000 11 2965 3141 269
5739 2 2 1000 11 2920 3122 2110
5740 2 2 1000 11 1919 3011 1920
5741 2 2 1000 11 722 3071 2968
5742 2 2 1000 11 1924 3013 2492
5743 2 2 1000 11 2123 3035 2175
5744 2 2 1000 11 2962 3127 1652
5745 2 2 1000 11 1915 3093 2967
5746 2 2 1000 11 2766 3146 3098
5747 2 2 1000 11 2791 3090 1967
5748 2 2 1000 11 108 3017 109
5749 2 2 1000 11 827 3026 1306
5750 2 2 1000 11 1793 3019 1968
5751 2 2 1000 11 52 3020 53
5752 2 2 1000 11 1803 3021 2758
5753 2 2 1000 11 1574 3028 2211
5754 2 2 1000 11 1993 3154 2930
5755 2 2 1000 11 675 3012 2780
5756 2 2 1000 11 2158 3053 2883
5757 2 2 1000 11 169 3024 170
5758 2 2 1000 11 666 3025 2137
5759 2 2 1000 11 1939 3027 1937
5760 2 2 1000 11 2764 3023 2978
5761 2 2 1000 11 1907 3110 2921
5762 2 2 1000 11 2966 3091 2106
5763 2 2 1000 11 2120 3032 2122
5764 2 2 1000 11 1800 3076 2819
5765 2 2 1000 11 292 3130 2081
5766 2 2 1000 11 1378 3016 2767
5767 2 2 1000 11 2776 3018 690
5768 2 2 1000 11 58 3031 59
5769 2 2 1000 11 1984 3133 2981
5770 2 2 1000 11 2930 3154 2778
5771 2 2 1000 11 65 3033 671
5772 2 2 1000 11 84 3034 85
5773 2 2 1000 11 2757 3138 681
5774 2 2 1000 11 2267 3035 2032
5775 2 2 1000 11 293 3061 726
5776 2 2 1000 11 711 3090 2791
5777 2 2 1000 11 1542 3051 1926
5778 2 2 1000 11 2048 3078 2049
5779 2 2 1000 11 1797 3037 2422
5780 2 2 1000 11 706 3038 242
5781 2 2 1000 11 3028 3060 2211
5782 2 2 1000 11 1918 3023 2764
5783 2 2 1000 11 307 3077 2872
5784 2 2 1000 11 2126 3041 2125
5785 2 2 1000 11 1731 3042 1949
5786 2 2 1000 11 2081 3022 1921
5787 2 2 1000 11 727 3068 2060
5788 2 2 1000 11 697 3058 2163
5789 2 2 1000 11 2257 3066 1650
5790 2 2 1000 11 2063 3119 2064
5791 2 2 1000 11 2887 3050 688
5792 2 2 1000 11 147 3043 148
5793 2 2 1000 11 2986 3129 2810
5794 2 2 1000 11 1918 3062 3023
5795 2 2 1000 11 2018 3139 2006
5796 2 2 1000 11 697 3135 3058
5797 2 2 1000 11 1766 3091 2966
5798 2 2 1000 11 2103 3135 697
5799 2 2 1000 11 2771 3139 2018
5800 2 2 1000 11 666 3149 3025
5801 2 2 1000 11 2684 3115 3012
5802 2 2 1000 11 143 3048 719
5803 2 2 1000 11 1920 3086 2926
5804 2 2 1000 11 1765 3045 2745
5805 2 2 1000 11 1948 3049 2629
5806 2 2 1000 11 1638 3053 1635
5807 2 2 1000 11 3008 3140 2406
5808 2 2 1000 11 728 3014 2910
5809 2 2 1000 11 2497 3054 1934
5810 2 2 1000 11 2139 3057 2138
5811 2 2 1000 11 1613 3056 1611
5812 2 2 1000 11 336 3046 8
5813 2 2 1000 11 2910 3014 2901
5814 2 2 1000 11 2947 3154 1993
5815 2 2 1000 11 2487 3102 2488
5816 2 2 1000 11 2211 3060 1997
5817 2 2 1000 11 668 3047 2821
5818 2 2 1000 11 1995 3044 1940
5819 2 2 1000 11 2353 3063 2000
5820 2 2 1000 11 2631 3115 2684
5821 2 2 1000 11 2819 3076 2124
5822 2 2 1000 11 688 3050 2784
5823 2 2 1000 11 1984 3052 1983
5824 2 2 1000 11 274 3065 275
5825 2 2 1000 11 2085 3075 2086
5826 2 2 1000 11 1926 3137 2439
5827 2 2 1000 11 61 3067 62
5828 2 2 1000 11 2039 3131 2041
5829 2 2 1000 11 3018 3139 690
5830 2 2 1000 11 317 3070 318
5831 2 2 1000 11 1273 3069 1429
5832 2 2 1000 11 1933 3004 2876
5833 2 2 1000 11 2436 3071 2435
5834 2 2 1000 11 108 3123 3017
5835 2 2 1000 11 2833 3140 669
5836 2 2 1000 11 3037 3143 2422
5837 2 2 1000 11 1698 3096 1729
5838 2 2 1000 11 2201 3080 2933
5839 2 2 1000 11 765 3072 306
5840 2 2 1000 11 17 3073 2874
5841 2 2 1000 11 2875 3101 716
5842 2 2 1000 11 2756 3062 1918
5843 2 2 1000 11 2767 3064 1976
5844 2 2 1000 11 766 3073 334
5845 2 2 1000 11 3016 3064 2767
5846 2 2 1000 11 2931 3142 1939
5847 2 2 1000 11 2198 3074 2199
5848 2 2 1000 11 2902 2998 1424
5849 2 2 1000 11 3014 3059 1910
5850 2 2 1000 11 2106 3091 2107
5851 2 2 1000 11 1318 3088 1316
5852 2 2 1000 11 1327 3046 336
5853 2 2 1000 11 1288 3081 2239
5854 2 2 1000 11 1351 3113 2959
5855 2 2 1000 11 8 3046 1809
5856 2 2 1000 11 2099 3144 1888
5857 2 2 1000 11 767 3077 173
5858 2 2 1000 11 1388 3079 2672
5859 2 2 1000 11 686 3106 2938
5860 2 2 1000 11 2874 3146 2766
5861 2 2 1000 11 2886 3143 680
5862 2 2 1000 11 698 3082 2172
5863 2 2 1000 11 1988 3083 1989
5864 2 2 1000 11 1910 3059 2792
5865 2 2 1000 11 2199 3074 2894
5866 2 2 1000 11 2119 3126 663
5867 2 2 1000 11 2171 3122 2898
5868 2 2 1000 11 701 3085 265
5869 2 2 1000 11 3041 3096 1827
5870 2 2 1000 11 707 3137 2838
5871 2 2 1000 11 2160 3151 2119
5872 2 2 1000 11 2134 3086 2133
5873 2 2 1000 11 1945 3121 2526
5874 2 2 1000 11 2135 3149 666
5875 2 2 1000 11 2311 3095 2891
5876 2 2 1000 11 1435 3116 1781
5877 2 2 1000 11 90 3087 91
5878 2 2 1000 11 2173 3142 2145
5879 2 2 1000 11 1618 3152 1807
5880 2 2 1000 11 1413 3000 2907
5881 2 2 1000 11 1967 3090 2194
5882 2 2 1000 11 2107 3091 2793
5883 2 2 1000 11 2793 3091 1766
5884 2 2 1000 11 1784 3089 1687
5885 2 2 1000 11 2373 3093 1915
5886 2 2 1000 11 2150 3108 2151
5887 2 2 1000 11 2339 3094 1533
5888 2 2 1000 11 2583 3140 2833
5889 2 2 1000 11 3012 3115 2780
5890 2 2 1000 11 3010 3092 1941
5891 2 2 1000 11 2265 3099 1965
5892 2 2 1000 11 2914 3136 1958
5893 2 2 1000 11 2034 3101 1815
5894 2 2 1000 11 2794 3100 1518
5895 2 2 1000 11 191 3103 192
5896 2 2 1000 11 112 3104 677
5897 2 2 1000 11 2628 3105 1789
5898 2 2 1000 11 1957 3107 1955
5899 2 2 1000 11 1071 3111 792
5900 2 2 1000 11 2507 3106 2506
5901 2 2 1000 11 79 3109 686
5902 2 2 1000 11 1831 3113 2902
5903 2 2 1000 11 2756 3097 3062
5904 2 2 1000 11 2402 3114 2400
5905 2 2 1000 11 2010 3117 1802
5906 2 2 1000 11 2113 3148 660
5907 2 2 1000 11 291 3130 292
5908 2 2 1000 11 1951 3138 3097
5909 2 2 1000 11 2782 3136 760
5910 2 2 1000 11 1652 3127 2242
5911 2 2 1000 11 2171 3153 704
5912 2 2 1000 11 107 3123 108
5913 2 2 1000 11 1951 3097 2756
5914 2 2 1000 11 2980 3147 2184
5915 2 2 1000 11 68 3125 69
5916 2 2 1000 11 2004 3124 2826
5917 2 2 1000 11 2838 3137 1926
5918 2 2 1000 11 1603 3128 1601
5919 2 2 1000 11 193 3134 665
5920 2 2 1000 11 2679 3151 2160
5921 2 2 1000 11 269 3141 270
5922 2 2 1000 11 2422 3143 1972
5923 2 2 1000 11 2406 3140 2583
5924 2 2 1000 11 95 3145 96
5925 2 2 1000 11 1949 3151 2679
5926 2 2 1000 11 1791 3133 2807
5927 2 2 1000 11 790 3112 788
5928 2 2 1000 11 2883 3053 1638
5929 2 2 1000 11 2147 3095 2819
5930 2 2 1000 11 1829 3029 2979
5931 2 2 1000 11 2922 3039 1827
5932 2 2 1000 11 2780 3115 758
5933 2 2 1000 11 3059 3098 2792
5934 2 2 1000 11 2872 3077 767
5935 2 2 1000 11 714 3121 2846
5936 2 2 1000 11 1925 3120 2818
5937 2 2 1000 11 2743 3138 1951
5938 2 2 1000 11 2901 3014 1910
5939 2 2 1000 11 3126 3151 1949
5940 2 2 1000 11 2119 3151 3126
5941 2 2 1000 11 690 3139 2771
5942 2 2 1000 11 2792 3098 1961
5943 2 2 1000 11 1422 3132 1931
5944 2 2 1000 11 2778 3154 678
5945 2 2 1000 11 1994 3118 1813
5946 2 2 1000 11 2805 3110 1907
5947 2 2 1000 11 2781 3030 2974
5948 2 2 1000 11 2806 3092 1936
5949 2 2 1000 11 2846 3121 1945
5950 2 2 1000 11 2810 3129 2078
5951 2 2 1000 11 2874 3073 766
5952 2 2 1000 11 2069 3150 3132
5953 2 2 1000 11 2143 3066 2877
5954 2 2 1000 11 3098 3146 1961
5955 2 2 1000 11 2988 3036 695
5956 2 2 1000 11 1954 3029 2943
5957 2 2 1000 11 1940 3044 2976
5958 2 2 1000 11 2968 3071 2436
5959 2 2 1000 11 1972 3143 2886
5960 2 2 1000 11 2929 3128 2182
5961 2 2 1000 11 2926 3086 2134
5962 2 2 1000 11 2184 3147 2852
5963 2 2 1000 11 2061 3103 2916
5964 2 2 1000 11 2891 3095 2147
5965 2 2 1000 11 2009 3129 2986
5966 2 2 1000 11 2974 3030 1922
5967 2 2 1000 11 677 3104 3054
5968 2 2 1000 11 2752 3036 2988
5969 2 2 1000 11 3032 3089 1784
5970 2 2 1000 11 678 3154 2947
5971 2 2 1000 11 760 3136 2914
5972 2 2 1000 11 2938 3106 2507
5973 2 2 1000 11 3055 3078 2048
5974 2 2 1000 11 1961 3146 2888
5975 2 2 1000 11 2977 3112 2689
5976 2 2 1000 11 2981 3133 2762
5977 2 2 1000 11 2497 3055 3054
5978 2 2 1000 11 3054 3055 677
5979 2 2 1000 11 2951 3120 1925
5980 2 2 1000 11 2488 3102 3048
5981 2 2 1000 11 2145 3142 2931
5982 2 2 1000 11 2097 3092 3010
5983 2 2 1000 11 2959 3113 1983
5984 2 2 1000 11 2497 3078 3055
5985 2 2 1000 11 2126 3096 3041
5986 2 2 1000 11 3048 3102 719
5987 2 2 1000 11 1781 3116 3075
5988 2 2 1000 11 2996 3150 2040
5989 2 2 1000 11 2081 3130 3022
5990 2 2 1000 11 3042 3126 1949
5991 2 2 1000 11 1807 3152 3108
5992 2 2 1000 11 3075 3116 2086
5993 2 2 1000 11 3108 3152 2151
5994 2 2 1000 11 320 5 4
5995 2 2 1000 205 319 320 5316
5996 2 2 1000 205 3200 4479 4519
5997 2 2 1000 205 4697 4456 5282
5998 2 2 1000 205 4909 3256 5087
5999 2 2 1000 205 570 571 4656
6000 2 2 1000 205 3951 3950 4567
6001 2 2 1000 205 3256 4909 5086
6002 2 2 1000 205 419 420 5001
6003 2 2 1000 205 4524 3227 5297
6004 2 2 1000 205 4479 3200 4566
6005 2 2 1000 205 4974 3220 4975
6006 2 2 1000 205 3719 3703 4615
6007 2 2 1000 205 3214 4507 5385
6008 2 2 1000 205 3924 3922 4553
6009 2 2 1000 205 4488 3161 4552
6010 2 2 1000 205 3229 4901 4939
6011 2 2 1000 205 4668 5187 5323
6012 2 2 1000 205 3248 4668 5323
6013 2 2 1000 205 3161 4488 4553
6014 2 2 1000 205 3232 4503 4609
6015 2 2 1000 205 4623 3780 4624
6016 2 2 1000 205 4554 4519 4555
6017 2 2 1000 205 4654 4302 4656
6018 2 2 1000 205 4555 4519 4607
6019 2 2 1000 205 5339 4419 5513
6020 2 2 1000 205 13 5498 5507
6021 2 2 1000 205 4468 3253 4693
6022 2 2 1000 205 4511 3697 4565
6023 2 2 1000 205 3158 4660 5463
6024 2 2 1000 205 4471 5292 5427
6025 2 2 1000 205 4617 4074 4727
6026 2 2 1000 205 4302 4654 4655
6027 2 2 1000 205 5523 3208 5527
6028 2 2 1000 205 3238 4520 4708
6029 2 2 1000 205 5139 3266 5425
6030 2 2 1000 205 3170 5347 5353
6031 2 2 1000 205 5347 4483 5353
6032 2 2 1000 205 4525 4524 5297
6033 2 2 1000 205 4485 5411 5493
6034 2 2 1000 205 437 438 4554
6035 2 2 1000 205 5138 5139 5425
6036 2 2 1000 205 3253 4468 5459
6037 2 2 1000 205 3230 4527 5370
6038 2 2 1000 205 4111 4690 5359
6039 2 2 1000 205 452 453 4976
6040 2 2 1000 205 499 500 4564
6041 2 2 1000 205 5048 3182 5293
6042 2 2 1000 205 4511 4565 5433
6043 2 2 1000 205 5498 4477 5507
6044 2 2 1000 205 4299 5270 5338
6045 2 2 1000 205 3191 4509 5105
6046 2 2 1000 205 3189 5211 5251
6047 2 2 1000 205 3780 4623 5307
6048 2 2 1000 205 3967 3965 4965
6049 2 2 1000 205 3965 4005 4965
6050 2 2 1000 205 4690 4638 5359
6051 2 2 1000 205 5003 4496 5291
6052 2 2 1000 205 5398 4505 5431
6053 2 2 1000 205 5411 3221 5493
6054 2 2 1000 205 320 11 3276
6055 2 2 1000 205 3172 4498 4533
6056 2 2 1000 205 3220 4974 4977
6057 2 2 1000 205 3231 5339 5513
6058 2 2 1000 205 4505 4504 5431
6059 2 2 1000 205 4490 3176 5167
6060 2 2 1000 205 4484 5569 5572
6061 2 2 1000 205 4629 4197 5343
6062 2 2 1000 205 455 456 4983
6063 2 2 1000 205 396 397 4940
6064 2 2 1000 205 4476 5523 5527
6065 2 2 1000 205 4283 3719 4615
6066 2 2 1000 205 5569 3234 5572
6067 2 2 1000 205 4980 4006 4985
6068 2 2 1000 205 4483 3248 5323
6069 2 2 1000 205 4430 3951 4567
6070 2 2 1000 205 439 440 4566
6071 2 2 1000 205 3248 4483 5347
6072 2 2 1000 205 4296 4562 4563
6073 2 2 1000 205 4542 3224 5052
6074 2 2 1000 205 5330 3211 5350
6075 2 2 1000 205 5398 5243 5568
6076 2 2 1000 205 5270 4451 5338
6077 2 2 1000 205 4450 5330 5350
6078 2 2 1000 205 3281 3283 4580
6079 2 2 1000 205 5091 3259 5341
6080 2 2 1000 205 5273 4471 5427
6081 2 2 1000 205 4699 3903 5351
6082 2 2 1000 205 3176 4490 5542
6083 2 2 1000 205 4822 4647 5565
6084 2 2 1000 205 3261 4697 5282
6085 2 2 1000 205 3259 5091 5521
6086 2 2 1000 205 4578 4293 4579
6087 2 2 1000 205 5211 3189 5252
6088 2 2 1000 205 5291 4496 5591
6089 2 2 1000 205 4452 4597 5415
6090 2 2 1000 205 3903 4699 5367
6091 2 2 1000 205 4493 3271 4708
6092 2 2 1000 205 320 3276 5316
6093 2 2 1000 205 3271 4493 4706
6094 2 2 1000 205 4515 3223 5171
6095 2 2 1000 205 4505 5398 5568
6096 2 2 1000 205 3186 396 4940
6097 2 2 1000 205 4450 5350 5356
6098 2 2 1000 205 4005 4963 4965
6099 2 2 1000 205 4520 4493 4708
6100 2 2 1000 205 3197 419 5001
6101 2 2 1000 205 4521 3157 5340
6102 2 2 1000 205 4487 3858 5309
6103 2 2 1000 205 4506 4450 5356
6104 2 2 1000 205 4158 4649 4651
6105 2 2 1000 205 5196 3579 5619
6106 2 2 1000 205 4975 3220 4976
6107 2 2 1000 205 5278 4453 5354
6108 2 2 1000 205 4661 3211 5277
6109 2 2 1000 205 571 4654 4656
6110 2 2 1000 205 3208 570 4656
6111 2 2 1000 205 4985 4978 5308
6112 2 2 1000 205 5401 4045 5586
6113 2 2 1000 205 4557 5401 5586
6114 2 2 1000 205 4660 4421 5463
6115 2 2 1000 205 4503 3232 5429
6116 2 2 1000 205 4579 4293 4580
6117 2 2 1000 205 3858 4487 5632
6118 2 2 1000 205 4498 3172 5473
6119 2 2 1000 205 4421 4660 4661
6120 2 2 1000 205 5278 5354 5539
6121 2 2 1000 205 4647 5375 5533
6122 2 2 1000 205 4901 3229 4941
6123 2 2 1000 205 4549 4439 5435
6124 2 2 1000 205 3579 5196 5311
6125 2 2 1000 205 5277 3211 5330
6126 2 2 1000 205 3257 5102 5280
6127 2 2 1000 205 4296 4563 4564
6128 2 2 1000 205 3691 4588 5318
6129 2 2 1000 205 4561 4590 5316
6130 2 2 1000 205 4527 4528 5370
6131 2 2 1000 205 450 451 4977
6132 2 2 1000 205 5468 3216 5480
6133 2 2 1000 205 5062 5298 5513
6134 2 2 1000 205 4421 4661 5277
6135 2 2 1000 205 5375 4495 5533
6136 2 2 1000 205 4507 4338 5385
6137 2 2 1000 205 4518 3225 5295
6138 2 2 1000 205 5052 3224 5364
6139 2 2 1000 205 3829 4531 5502
6140 2 2 1000 205 3170 4506 5356
6141 2 2 1000 205 4506 3170 5353
6142 2 2 1000 205 4657 4346 4667
6143 2 2 1000 205 629 630 4603
6144 2 2 1000 205 5345 4977 5349
6145 2 2 1000 205 4539 3213 4540
6146 2 2 1000 205 4488 3924 4553
6147 2 2 1000 205 3922 4050 4553
6148 2 2 1000 205 4701 5351 5444
6149 2 2 1000 205 4502 3254 5348
6150 2 2 1000 205 4978 4976 5308
6151 2 2 1000 205 4597 4452 5442
6152 2 2 1000 205 4531 3829 5596
6153 2 2 1000 205 3220 452 4976
6154 2 2 1000 205 4197 4199 5343
6155 2 2 1000 205 4736 4272 5352
6156 2 2 1000 205 516 517 4571
6157 2 2 1000 205 5351 3903 5444
6158 2 2 1000 205 4538 3242 4754
6159 2 2 1000 205 4449 4604 5484
6160 2 2 1000 205 4672 5460 5566
6161 2 2 1000 205 3579 5311 5377
6162 2 2 1000 205 13 646 5498
6163 2 2 1000 205 4604 4449 5518
6164 2 2 1000 205 4563 499 4564
6165 2 2 1000 205 4647 4822 5375
6166 2 2 1000 205 446 447 4961
6167 2 2 1000 205 4649 4158 5470
6168 2 2 1000 205 4525 5297 5365
6169 2 2 1000 205 420 3259 5001
6170 2 2 1000 205 3242 4707 4754
6171 2 2 1000 205 4751 4664 5523
6172 2 2 1000 205 4550 5334 5433
6173 2 2 1000 205 5460 4481 5566
6174 2 2 1000 205 5448 4570 5627
6175 2 2 1000 205 4747 4551 5589
6176 2 2 1000 205 5311 4760 5377
6177 2 2 1000 205 4478 5468 5480
6178 2 2 1000 205 3181 4981 4985
6179 2 2 1000 205 3950 4479 4567
6180 2 2 1000 205 3204 5454 5565
6181 2 2 1000 205 4570 4571 5627
6182 2 2 1000 205 623 3235 4576
6183 2 2 1000 205 4964 5345 5349
6184 2 2 1000 205 4617 4727 5478
6185 2 2 1000 205 4122 5509 5564
6186 2 2 1000 205 4293 3281 4580
6187 2 2 1000 205 5509 4640 5564
6188 2 2 1000 205 4664 4751 5391
6189 2 2 1000 205 4427 4551 4747
6190 2 2 1000 205 622 623 4576
6191 2 2 1000 205 5424 4458 5515
6192 2 2 1000 205 438 3200 4554
6193 2 2 1000 205 3258 437 4554
6194 2 2 1000 205 3272 319 5316
6195 2 2 1000 205 5454 4486 5565
6196 2 2 1000 205 4984 4063 4988
6197 2 2 1000 205 4981 3181 4983
6198 2 2 1000 205 3591 5464 5505
6199 2 2 1000 205 4588 3691 5511
6200 2 2 1000 205 4535 5432 5589
6201 2 2 1000 205 500 3217 4564
6202 2 2 1000 205 3254 4502 5626
6203 2 2 1000 205 4439 4549 5504
6204 2 2 1000 205 451 3220 4977
6205 2 2 1000 205 5268 4492 5560
6206 2 2 1000 205 3263 4516 5452
6207 2 2 1000 205 5464 4716 5505
6208 2 2 1000 205 5359 4638 5436
6209 2 2 1000 205 5269 4525 5365
6210 2 2 1000 205 5334 4512 5433
6211 2 2 1000 205 4653 3164 5439
6212 2 2 1000 205 4202 5430 5497
6213 2 2 1000 205 4516 3263 5615
6214 2 2 1000 205 4536 4535 5589
6215 2 2 1000 205 4615 3703 5301
6216 2 2 1000 205 386 5108 5501
6217 2 2 1000 205 5199 3335 5534
6218 2 2 1000 205 4982 3260 4984
6219 2 2 1000 205 3181 455 4983
6220 2 2 1000 205 5108 386 5541
6221 2 2 1000 205 4492 5268 5489
6222 2 2 1000 205 4454 5211 5252
6223 2 2 1000 205 4509 3191 5379
6224 2 2 1000 205 5062 5015 5298
6225 2 2 1000 205 4549 3847 5639
6226 2 2 1000 205 4006 4978 4985
6227 2 2 1000 205 5282 4456 5557
6228 2 2 1000 205 4981 4980 4985
6229 2 2 1000 205 3335 5199 5485
6230 2 2 1000 205 4964 5349 5374
6231 2 2 1000 205 3187 4516 4881
6232 2 2 1000 205 4638 4637 5436
6233 2 2 1000 205 5439 3164 5607
6234 2 2 1000 205 3229 4939 5449
6235 2 2 1000 205 4293 4578 4608
6236 2 2 1000 205 3200 439 4566
6237 2 2 1000 205 440 3267 4566
6238 2 2 1000 205 456 3260 4983
6239 2 2 1000 205 4965 4964 5374
6240 2 2 1000 205 4607 4003 5010
6241 2 2 1000 205 629 4603 5580
6242 2 2 1000 205 3182 5048 5592
6243 2 2 1000 205 3847 4549 5435
6244 2 2 1000 205 4508 4513 4665
6245 2 2 1000 205 3271 4706 5380
6246 2 2 1000 205 5456 3192 5551
6247 2 2 1000 205 4285 5303 5412
6248 2 2 1000 205 5025 4960 5355
6249 2 2 1000 205 4356 5048 5293
6250 2 2 1000 205 4963 4005 5355
6251 2 2 1000 205 4454 5252 5373
6252 2 2 1000 205 4341 4521 5340
6253 2 2 1000 205 4500 4499 5363
6254 2 2 1000 205 4540 3213 5392
6255 2 2 1000 205 3178 5207 5481
6256 2 2 1000 205 4571 517 4572
6257 2 2 1000 205 3201 4989 5321
6258 2 2 1000 205 3161 510 4552
6259 2 2 1000 205 4541 4612 5573
6260 2 2 1000 205 3707 5432 5458
6261 2 2 1000 205 4520 3238 4709
6262 2 2 1000 205 5285 4465 5615
6263 2 2 1000 205 4513 565 5491
6264 2 2 1000 205 4976 453 5308
6265 2 2 1000 205 5377 4760 5419
6266 2 2 1000 205 5207 3178 5591
6267 2 2 1000 205 5380 4706 5582
6268 2 2 1000 205 3207 5424 5515
6269 2 2 1000 205 4612 4541 5477
6270 2 2 1000 205 4512 4511 5433
6271 2 2 1000 205 3191 5105 5278
6272 2 2 1000 205 4642 4316 4732
6273 2 2 1000 205 565 4513 5546
6274 2 2 1000 205 5009 5456 5551
6275 2 2 1000 205 5544 4595 5583
6276 2 2 1000 205 4106 5440 5448
6277 2 2 1000 205 4334 4518 5295
6278 2 2 1000 205 3161 4553 5559
6279 2 2 1000 205 3178 5291 5591
6280 2 2 1000 205 5348 3240 5443
6281 2 2 1000 205 4989 4984 5321
6282 2 2 1000 205 4523 3193 5018
6283 2 2 1000 205 4982 4984 4988
6284 2 2 1000 205 4560 4561 5316
6285 2 2 1000 205 4760 4761 5419
6286 2 2 1000 205 5298 3231 5513
6287 2 2 1000 205 3260 4982 4983
6288 2 2 1000 205 3269 5003 5291
6289 2 2 1000 205 4635 5547 5549
6290 2 2 1000 205 5547 4335 5549
6291 2 2 1000 205 4644 3161 5559
6292 2 2 1000 205 3179 5107 5541
6293 2 2 1000 205 4694 4643 5657
6294 2 2 1000 205 4289 5544 5583
6295 2 2 1000 205 3827 4052 5310
6296 2 2 1000 205 5338 4451 5415
6297 2 2 1000 205 4590 3272 5316
6298 2 2 1000 205 4460 5259 5283
6299 2 2 1000 205 4507 3214 5546
6300 2 2 1000 205 4315 4680 5616
6301 2 2 1000 205 4468 4433 5459
6302 2 2 1000 205 4577 4443 5640
6303 2 2 1000 205 4451 4452 5415
6304 2 2 1000 205 4272 4695 5352
6305 2 2 1000 205 4074 4617 5428
6306 2 2 1000 205 5171 3223 5256
6307 2 2 1000 205 4063 4984 4989
6308 2 2 1000 205 4080 4531 5325
6309 2 2 1000 205 4532 3173 4570
6310 2 2 1000 205 4680 4315 5590
6311 2 2 1000 205 5430 4670 5497
6312 2 2 1000 205 4606 3241 4701
6313 2 2 1000 205 415 416 5212
6314 2 2 1000 205 4594 3156 5465
6315 2 2 1000 205 4538 4475 5299
6316 2 2 1000 205 4443 4577 5576
6317 2 2 1000 205 4950 4191 5019
6318 2 2 1000 205 3228 446 4961
6319 2 2 1000 205 510 511 4552
6320 2 2 1000 205 4551 4536 5589
6321 2 2 1000 205 4576 3235 4577
6322 2 2 1000 205 4077 4517 5637
6323 2 2 1000 205 3157 4521 4683
6324 2 2 1000 205 5363 4499 5661
6325 2 2 1000 205 5280 5102 5529
6326 2 2 1000 205 4431 5416 5496
6327 2 2 1000 205 4961 447 4962
6328 2 2 1000 205 5207 5052 5364
6329 2 2 1000 205 3173 516 4571
6330 2 2 1000 205 3200 4519 4554
6331 2 2 1000 205 11 496 3276
6332 2 2 1000 205 4502 5348 5443
6333 2 2 1000 205 4992 4991 5320
6334 2 2 1000 205 3193 4523 5019
6335 2 2 1000 205 4486 4822 5565
6336 2 2 1000 205 646 4080 5498
6337 2 2 1000 205 4462 5307 5451
6338 2 2 1000 205 3223 4515 5575
6339 2 2 1000 205 4667 4346 5517
6340 2 2 1000 205 4573 3910 4591
6341 2 2 1000 205 3232 4600 5429
6342 2 2 1000 205 4652 4441 4773
6343 2 2 1000 205 4550 3284 4583
6344 2 2 1000 205 4494 4694 5657
6345 2 2 1000 205 5307 4623 5451
6346 2 2 1000 205 4516 3187 5452
6347 2 2 1000 205 5387 4994 5450
6348 2 2 1000 205 4644 4434 5346
6349 2 2 1000 205 3213 4539 4541
6350 2 2 1000 205 5465 3156 5530
6351 2 2 1000 205 3265 4526 5279
6352 2 2 1000 205 5416 3203 5496
6353 2 2 1000 205 3237 4592 5407
6354 2 2 1000 205 5533 4495 5657
6355 2 2 1000 205 4609 4503 5552
6356 2 2 1000 205 3263 5285 5615
6357 2 2 1000 205 4958 3228 4960
6358 2 2 1000 205 4652 4773 5607
6359 2 2 1000 205 4476 4751 5523
6360 2 2 1000 205 4468 4693 5396
6361 2 2 1000 205 4545 4550 4583
6362 2 2 1000 205 588 4537 5593
6363 2 2 1000 205 3941 4594 5465
6364 2 2 1000 205 4592 3237 5578
6365 2 2 1000 205 3697 4511 5423
6366 2 2 1000 205 4580 3283 5358
6367 2 2 1000 205 4396 4607 5010
6368 2 2 1000 205 4606 4701 5310
6369 2 2 1000 205 4519 4003 4607
6370 2 2 1000 205 4080 5325 5498
6371 2 2 1000 205 4575 622 4576
6372 2 2 1000 205 4588 3913 5366
6373 2 2 1000 205 4465 5285 5395
6374 2 2 1000 205 4480 4574 5394
6375 2 2 1000 205 3967 4965 5374
6376 2 2 1000 205 450 4977 5345
6377 2 2 1000 205 5432 4535 5458
6378 2 2 1000 205 5107 3179 5492
6379 2 2 1000 205 5207 5364 5481
6380 2 2 1000 205 4960 4961 5355
6381 2 2 1000 205 5510 5131 5553
6382 2 2 1000 205 3246 4643 4694
6383 2 2 1000 205 5363 582 5386
6384 2 2 1000 205 4482 4736 5352
6385 2 2 1000 205 4495 4494 5657
6386 2 2 1000 205 4543 4545 4583
6387 2 2 1000 205 4077 4586 4684
6388 2 2 1000 205 4055 4053 4691
6389 2 2 1000 205 3825 3827 5310
6390 2 2 1000 205 4537 588 5490
6391 2 2 1000 205 4613 4283 4615
6392 2 2 1000 205 4522 3221 5411
6393 2 2 1000 205 3225 4518 5514
6394 2 2 1000 205 4510 5451 5656
6395 2 2 1000 205 5451 4510 5537
6396 2 2 1000 205 4659 3158 5463
6397 2 2 1000 205 309 310 4708
6398 2 2 1000 205 5503 464 5556
6399 2 2 1000 205 4665 4513 5491
6400 2 2 1000 205 5440 4570 5448
6401 2 2 1000 205 4586 3891 4684
6402 2 2 1000 205 5403 5125 5445
6403 2 2 1000 205 5197 5196 5619
6404 2 2 1000 205 4199 4672 5343
6405 2 2 1000 205 4431 4510 5328
6406 2 2 1000 205 5372 4959 5426
6407 2 2 1000 205 4551 3209 5593
6408 2 2 1000 205 4490 4419 5339
6409 2 2 1000 205 3251 4604 5483
6410 2 2 1000 205 5102 3257 5438
6411 2 2 1000 205 3172 4533 4534
6412 2 2 1000 205 3284 4550 5433
6413 2 2 1000 205 3226 4691 4692
6414 2 2 1000 205 4538 5299 5532
6415 2 2 1000 205 4594 3941 5624
6416 2 2 1000 205 5429 4600 5618
6417 2 2 1000 205 4578 617 4608
6418 2 2 1000 205 3228 4958 5306
6419 2 2 1000 205 4526 3265 5475
6420 2 2 1000 205 4758 5510 5553
6421 2 2 1000 205 5259 4697 5283
6422 2 2 1000 205 4523 4950 5019
6423 2 2 1000 205 4191 4944 5019
6424 2 2 1000 205 4517 4077 5423
6425 2 2 1000 205 4732 4316 5602
6426 2 2 1000 205 4548 4544 4575
6427 2 2 1000 205 5506 3859 5621
6428 2 2 1000 205 4977 4974 5349
6429 2 2 1000 205 4544 3244 4575
6430 2 2 1000 205 5410 5506 5621
6431 2 2 1000 205 4587 4585 4588
6432 2 2 1000 205 4560 3243 4561
6433 2 2 1000 205 3274 5382 5396
6434 2 2 1000 205 3188 415 5212
6435 2 2 1000 205 416 3256 5212
6436 2 2 1000 205 4940 397 5449
6437 2 2 1000 205 3239 3277 3278
6438 2 2 1000 205 4695 4272 4812
6439 2 2 1000 205 3264 4992 5320
6440 2 2 1000 205 4487 4512 5632
6441 2 2 1000 205 3208 4656 5527
6442 2 2 1000 205 497 3243 4560
6443 2 2 1000 205 3612 3589 4559
6444 2 2 1000 205 498 499 4563
6445 2 2 1000 205 3221 4522 5525
6446 2 2 1000 205 4431 5328 5416
6447 2 2 1000 205 5566 4481 5643
6448 2 2 1000 205 4650 4649 5470
6449 2 2 1000 205 3693 3612 4559
6450 2 2 1000 205 4584 4585 4587
6451 2 2 1000 205 4543 3244 4544
6452 2 2 1000 205 4751 4146 5391
6453 2 2 1000 205 3180 5372 5426
6454 2 2 1000 205 3697 3285 4565
6455 2 2 1000 205 3199 5266 5267
6456 2 2 1000 205 4052 4606 5310
6457 2 2 1000 205 4005 5025 5355
6458 2 2 1000 205 4566 3267 4567
6459 2 2 1000 205 4941 4405 5181
6460 2 2 1000 205 4901 4941 5181
6461 2 2 1000 205 5394 4574 5595
6462 2 2 1000 205 5320 4285 5412
6463 2 2 1000 205 346 3241 5361
6464 2 2 1000 205 3239 619 3277
6465 2 2 1000 205 3254 350 5348
6466 2 2 1000 205 3891 3291 4684
6467 2 2 1000 205 4558 4498 5473
6468 2 2 1000 205 5405 5587 5588
6469 2 2 1000 205 4996 5503 5556
6470 2 2 1000 205 4775 4683 5608
6471 2 2 1000 205 4530 4339 5502
6472 2 2 1000 205 4346 4657 5478
6473 2 2 1000 205 4518 4327 5514
6474 2 2 1000 205 4961 4962 5355
6475 2 2 1000 205 4586 4077 5637
6476 2 2 1000 205 4962 4963 5355
6477 2 2 1000 205 4422 5317 5342
6478 2 2 1000 205 3277 3244 4543
6479 2 2 1000 205 4604 3251 5484
6480 2 2 1000 205 3184 5387 5450
6481 2 2 1000 205 4910 3197 5001
6482 2 2 1000 205 4584 3891 4585
6483 2 2 1000 205 3192 5269 5365
6484 2 2 1000 205 4991 4285 5320
6485 2 2 1000 205 4128 4659 5463
6486 2 2 1000 205 4053 4083 4691
6487 2 2 1000 205 4574 4055 4691
6488 2 2 1000 205 4587 4588 5366
6489 2 2 1000 205 3241 4606 5361
6490 2 2 1000 205 4958 4959 5306
6491 2 2 1000 205 3239 3279 4608
6492 2 2 1000 205 3279 4293 4608
6493 2 2 1000 205 4527 3230 5579
6494 2 2 1000 205 433 4529 5493
6495 2 2 1000 205 3271 309 4708
6496 2 2 1000 205 310 3238 4708
6497 2 2 1000 205 4618 4678 4679
6498 2 2 1000 205 3164 4652 5607
6499 2 2 1000 205 4695 4812 5378
6500 2 2 1000 205 3252 5313 5618
6501 2 2 1000 205 5303 4989 5412
6502 2 2 1000 205 4327 4518 5625
6503 2 2 1000 205 4707 3242 5402
6504 2 2 1000 205 3240 352 5312
6505 2 2 1000 205 4522 5018 5525
6506 2 2 1000 205 3272 4590 4592
6507 2 2 1000 205 3186 4940 5455
6508 2 2 1000 205 4588 4585 5318
6509 2 2 1000 205 4975 4976 4978
6510 2 2 1000 205 517 518 4572
6511 2 2 1000 205 518 3249 4572
6512 2 2 1000 205 639 3253 4599
6513 2 2 1000 205 4306 4687 4750
6514 2 2 1000 205 3173 4532 5642
6515 2 2 1000 205 3285 3282 4565
6516 2 2 1000 205 3293 3891 4584
6517 2 2 1000 205 4562 4296 5500
6518 2 2 1000 205 4434 4644 5559
6519 2 2 1000 205 3227 4524 5610
6520 2 2 1000 205 4477 4559 5507
6521 2 2 1000 205 4672 4199 5460
6522 2 2 1000 205 4481 4482 5643
6523 2 2 1000 205 4073 4103 4720
6524 2 2 1000 205 4682 3240 5312
6525 2 2 1000 205 4960 3228 4961
6526 2 2 1000 205 3278 4543 4583
6527 2 2 1000 205 400 5182 5499
6528 2 2 1000 205 625 3245 4568
6529 2 2 1000 205 3822 3820 4477
6530 2 2 1000 205 5182 400 5617
6531 2 2 1000 205 4500 5363 5386
6532 2 2 1000 205 5294 4334 5295
6533 2 2 1000 205 4543 4544 4545
6534 2 2 1000 205 3241 4700 4701
6535 2 2 1000 205 4624 3780 5577
6536 2 2 1000 205 3181 4985 5308
6537 2 2 1000 205 3850 3844 5255
6538 2 2 1000 205 5396 5382 5654
6539 2 2 1000 205 5587 4709 5588
6540 2 2 1000 205 3279 3278 3280
6541 2 2 1000 205 4585 3891 4586
6542 2 2 1000 205 4698 3254 4699
6543 2 2 1000 205 4601 4602 4605
6544 2 2 1000 205 3278 3277 4543
6545 2 2 1000 205 3239 3278 3279
6546 2 2 1000 205 4570 3173 4571
6547 2 2 1000 205 4558 3250 4720
6548 2 2 1000 205 5457 3307 5466
6549 2 2 1000 205 4591 3910 5613
6550 2 2 1000 205 5194 5199 5319
6551 2 2 1000 205 4634 4237 5550
6552 2 2 1000 205 4761 3591 5419
6553 2 2 1000 205 5548 4443 5576
6554 2 2 1000 205 4675 4686 4687
6555 2 2 1000 205 3820 3693 4559
6556 2 2 1000 205 4650 5470 5635
6557 2 2 1000 205 4564 3217 5471
6558 2 2 1000 205 4529 433 5612
6559 2 2 1000 205 3243 498 4563
6560 2 2 1000 205 3281 3280 3282
6561 2 2 1000 205 3252 636 4596
6562 2 2 1000 205 3232 634 4600
6563 2 2 1000 205 3202 5138 5425
6564 2 2 1000 205 5292 4471 5558
6565 2 2 1000 205 3247 4818 5584
6566 2 2 1000 205 3282 3284 4565
6567 2 2 1000 205 3814 4584 4587
6568 2 2 1000 205 4689 4638 4690
6569 2 2 1000 205 3226 4574 4691
6570 2 2 1000 205 3242 4538 5532
6571 2 2 1000 205 3203 610 4595
6572 2 2 1000 205 4618 4616 4678
6573 2 2 1000 205 3844 3842 5255
6574 2 2 1000 205 4651 4648 4673
6575 2 2 1000 205 4664 4662 4676
6576 2 2 1000 205 4405 4941 5182
6577 2 2 1000 205 3241 347 4700
6578 2 2 1000 205 5269 3192 5456
6579 2 2 1000 205 3283 3282 3285
6580 2 2 1000 205 5306 4959 5372
6581 2 2 1000 205 4601 3273 4602
6582 2 2 1000 205 3287 3285 3697
6583 2 2 1000 205 552 3246 4630
6584 2 2 1000 205 560 3162 4686
6585 2 2 1000 205 523 3206 4639
6586 2 2 1000 205 540 3210 4635
6587 2 2 1000 205 529 3211 4661
6588 2 2 1000 205 546 3205 4611
6589 2 2 1000 205 557 3204 4646
6590 2 2 1000 205 3586 5403 5445
6591 2 2 1000 205 4477 3820 4559
6592 2 2 1000 205 4548 4575 4576
6593 2 2 1000 205 4624 4478 5480
6594 2 2 1000 205 4545 4546 4547
6595 2 2 1000 205 3258 4554 4555
6596 2 2 1000 205 349 3254 4698
6597 2 2 1000 205 5107 5108 5541
6598 2 2 1000 205 3293 3291 3891
6599 2 2 1000 205 3591 4761 5464
6600 2 2 1000 205 3234 4578 4579
6601 2 2 1000 205 4302 4655 5399
6602 2 2 1000 205 638 639 4599
6603 2 2 1000 205 4276 4422 5342
6604 2 2 1000 205 3279 3280 3281
6605 2 2 1000 205 4558 5473 5649
6606 2 2 1000 205 4197 4629 5597
6607 2 2 1000 205 4545 4547 4550
6608 2 2 1000 205 5525 5018 5631
6609 2 2 1000 205 4639 3206 4640
6610 2 2 1000 205 3256 5086 5212
6611 2 2 1000 205 4593 3156 4594
6612 2 2 1000 205 3282 3280 3284
6613 2 2 1000 205 3861 3831 4339
6614 2 2 1000 205 3814 3295 4584
6615 2 2 1000 205 627 3273 4601
6616 2 2 1000 205 3295 3293 4584
6617 2 2 1000 205 4529 4485 5493
6618 2 2 1000 205 4103 4558 4720
6619 2 2 1000 205 4274 4073 4720
6620 2 2 1000 205 3226 4692 5488
6621 2 2 1000 205 3287 3697 4077
6622 2 2 1000 205 4596 3233 4597
6623 2 2 1000 205 3162 4650 4686
6624 2 2 1000 205 4683 4775 5543
6625 2 2 1000 205 5199 4425 5319
6626 2 2 1000 205 3281 3282 3283
6627 2 2 1000 205 5373 3225 5514
6628 2 2 1000 205 620 3244 3277
6629 2 2 1000 205 612 3156 4593
6630 2 2 1000 205 3251 632 4609
6631 2 2 1000 205 4479 4566 4567
6632 2 2 1000 205 4534 4533 4535
6633 2 2 1000 205 3234 616 4578
6634 2 2 1000 205 4605 4444 5548
6635 2 2 1000 205 4545 4544 4546
6636 2 2 1000 205 349 350 3254
6637 2 2 1000 205 4984 3260 5321
6638 2 2 1000 205 351 352 3240
6639 2 2 1000 205 3244 621 4575
6640 2 2 1000 205 4063 4989 5303
6641 2 2 1000 205 346 347 3241
6642 2 2 1000 205 3216 604 4625
6643 2 2 1000 205 4547 4546 4549
6644 2 2 1000 205 4561 3243 4562
6645 2 2 1000 205 4592 4591 5407
6646 2 2 1000 205 3169 4614 4688
6647 2 2 1000 205 3167 4638 4689
6648 2 2 1000 205 594 3169 4688
6649 2 2 1000 205 4641 585 4677
6650 2 2 1000 205 4616 579 4678
6651 2 2 1000 205 520 3167 4689
6652 2 2 1000 205 574 3247 4632
6653 2 2 1000 205 4648 562 4673
6654 2 2 1000 205 4662 568 4676
6655 2 2 1000 205 525 4658 4680
6656 2 2 1000 205 4439 4438 5435
6657 2 2 1000 205 3830 3829 3831
6658 2 2 1000 205 3218 4721 4722
6659 2 2 1000 205 3286 3285 3287
6660 2 2 1000 205 637 3233 4596
6661 2 2 1000 205 635 3252 4600
6662 2 2 1000 205 619 620 3277
6663 2 2 1000 205 620 621 3244
6664 2 2 1000 205 354 355 3218
6665 2 2 1000 205 618 619 3239
6666 2 2 1000 205 616 617 4578
6667 2 2 1000 205 623 624 3235
6668 2 2 1000 205 615 616 3234
6669 2 2 1000 205 3235 624 4568
6670 2 2 1000 205 4579 4580 5524
6671 2 2 1000 205 3821 3820 3822
6672 2 2 1000 205 348 4698 4700
6673 2 2 1000 205 3218 355 4721
6674 2 2 1000 205 3930 3857 4438
6675 2 2 1000 205 618 3239 4608
6676 2 2 1000 205 4674 4341 5340
6677 2 2 1000 205 3828 3826 3829
6678 2 2 1000 205 621 622 4575
6679 2 2 1000 205 551 552 4630
6680 2 2 1000 205 559 560 4686
6681 2 2 1000 205 522 523 4639
6682 2 2 1000 205 539 540 4635
6683 2 2 1000 205 528 529 4661
6684 2 2 1000 205 545 546 4611
6685 2 2 1000 205 556 557 4646
6686 2 2 1000 205 617 618 4608
6687 2 2 1000 205 633 634 3232
6688 2 2 1000 205 635 636 3252
6689 2 2 1000 205 637 638 3233
6690 2 2 1000 205 4339 4530 5410
6691 2 2 1000 205 4637 4122 5436
6692 2 2 1000 205 633 3232 4609
6693 2 2 1000 205 4712 4713 5239
6694 2 2 1000 205 4444 4443 5548
6695 2 2 1000 205 4441 4652 5384
6696 2 2 1000 205 624 625 4568
6697 2 2 1000 205 357 3155 4723
6698 2 2 1000 205 3816 3693 3820
6699 2 2 1000 205 4713 3337 5239
6700 2 2 1000 205 3335 3295 3814
6701 2 2 1000 205 3245 4601 4605
6702 2 2 1000 205 3861 4339 4491
6703 2 2 1000 205 4597 3233 4598
6704 2 2 1000 205 4698 4699 5351
6705 2 2 1000 205 3283 3285 3286
6706 2 2 1000 205 4620 3168 4621
6707 2 2 1000 205 3291 3288 4684
6708 2 2 1000 205 4282 3843 5268
6709 2 2 1000 205 3857 3850 5255
6710 2 2 1000 205 612 613 3156
6711 2 2 1000 205 4631 3157 4683
6712 2 2 1000 205 610 611 4595
6713 2 2 1000 205 357 358 3155
6714 2 2 1000 205 4675 559 4686
6715 2 2 1000 205 4628 551 4630
6716 2 2 1000 205 4636 522 4639
6717 2 2 1000 205 4633 539 4635
6718 2 2 1000 205 4660 528 4661
6719 2 2 1000 205 4610 545 4611
6720 2 2 1000 205 4645 556 4646
6721 2 2 1000 205 4658 3158 4659
6722 2 2 1000 205 4678 3212 4679
6723 2 2 1000 205 4654 3175 4655
6724 2 2 1000 205 4671 4626 4672
6725 2 2 1000 205 3210 4669 4670
6726 2 2 1000 205 4528 5296 5370
6727 2 2 1000 205 5313 3252 5442
6728 2 2 1000 205 3711 3694 5276
6729 2 2 1000 205 3253 640 4693
6730 2 2 1000 205 636 637 4596
6731 2 2 1000 205 634 635 4600
6732 2 2 1000 205 3180 5426 5482
6733 2 2 1000 205 4389 4388 4729
6734 2 2 1000 205 348 349 4698
6735 2 2 1000 205 4484 4589 5569
6736 2 2 1000 205 3280 3278 4583
6737 2 2 1000 205 4730 5201 5248
6738 2 2 1000 205 3233 638 4599
6739 2 2 1000 205 4686 4650 4687
6740 2 2 1000 205 4726 4725 5230
6741 2 2 1000 205 4701 4700 5351
6742 2 2 1000 205 4687 4306 5454
6743 2 2 1000 205 4620 4622 4625
6744 2 2 1000 205 4673 3214 5385
6745 2 2 1000 205 3258 4555 4556
6746 2 2 1000 205 5138 3202 5557
6747 2 2 1000 205 611 4593 4595
6748 2 2 1000 205 626 627 4601
6749 2 2 1000 205 448 3190 4962
6750 2 2 1000 205 447 448 4962
6751 2 2 1000 205 4473 4392 4718
6752 2 2 1000 205 4602 3273 4603
6753 2 2 1000 205 4718 4392 4728
6754 2 2 1000 205 604 605 4625
6755 2 2 1000 205 631 632 3251
6756 2 2 1000 205 603 3216 4674
6757 2 2 1000 205 606 3168 4620
6758 2 2 1000 205 3841 4282 5335
6759 2 2 1000 205 593 594 4688
6760 2 2 1000 205 595 596 4612
6761 2 2 1000 205 584 585 4641
6762 2 2 1000 205 578 579 4616
6763 2 2 1000 205 519 520 4689
6764 2 2 1000 205 558 559 4675
6765 2 2 1000 205 521 522 4636
6766 2 2 1000 205 550 551 4628
6767 2 2 1000 205 538 539 4633
6768 2 2 1000 205 527 528 4660
6769 2 2 1000 205 544 545 4610
6770 2 2 1000 205 555 556 4645
6771 2 2 1000 205 524 525 4680
6772 2 2 1000 205 561 562 4648
6773 2 2 1000 205 573 574 4632
6774 2 2 1000 205 567 568 4662
6775 2 2 1000 205 600 3157 4631
6776 2 2 1000 205 504 505 4652
6777 2 2 1000 205 611 612 4593
6778 2 2 1000 205 577 3165 4657
6779 2 2 1000 205 537 3171 4627
6780 2 2 1000 205 543 3159 4619
6781 2 2 1000 205 526 3158 4658
6782 2 2 1000 205 572 3175 4654
6783 2 2 1000 205 554 3174 4643
6784 2 2 1000 205 549 3166 4626
6785 2 2 1000 205 586 3209 4677
6786 2 2 1000 205 576 4657 4667
6787 2 2 1000 205 536 4627 4668
6788 2 2 1000 205 3246 553 4643
6789 2 2 1000 205 542 4619 4669
6790 2 2 1000 205 509 3161 4644
6791 2 2 1000 205 3247 575 4667
6792 2 2 1000 205 3248 535 4668
6793 2 2 1000 205 548 4626 4671
6794 2 2 1000 205 580 3212 4678
6795 2 2 1000 205 563 3214 4673
6796 2 2 1000 205 569 3208 4676
6797 2 2 1000 205 3210 541 4669
6798 2 2 1000 205 3205 547 4671
6799 2 2 1000 205 625 626 3245
6800 2 2 1000 205 3317 4726 5230
6801 2 2 1000 205 4478 4624 5577
6802 2 2 1000 205 503 3164 4653
6803 2 2 1000 205 4729 4388 4730
6804 2 2 1000 205 502 4653 4681
6805 2 2 1000 205 3234 4579 5572
6806 2 2 1000 205 3155 358 5209
6807 2 2 1000 205 3209 4551 5519
6808 2 2 1000 205 4138 4506 4704
6809 2 2 1000 205 3217 501 4681
6810 2 2 1000 205 4729 4730 5248
6811 2 2 1000 205 4562 3243 4563
6812 2 2 1000 205 4534 4535 4536
6813 2 2 1000 205 347 348 4700
6814 2 2 1000 205 4675 4687 5454
6815 2 2 1000 205 4454 5373 5514
6816 2 2 1000 205 4721 356 4723
6817 2 2 1000 205 632 633 4609
6818 2 2 1000 205 639 640 3253
6819 2 2 1000 205 343 344 3236
6820 2 2 1000 205 3928 4715 4762
6821 2 2 1000 205 4139 4696 4705
6822 2 2 1000 205 3824 3822 5325
6823 2 2 1000 205 4602 4603 4604
6824 2 2 1000 205 4703 4711 5128
6825 2 2 1000 205 3823 3822 3824
6826 2 2 1000 205 609 610 3203
6827 2 2 1000 205 4474 5457 5466
6828 2 2 1000 205 4513 4507 5546
6829 2 2 1000 205 3834 3848 5304
6830 2 2 1000 205 3245 626 4601
6831 2 2 1000 205 359 360 3262
6832 2 2 1000 205 4711 3670 5128
6833 2 2 1000 205 4392 4389 4729
6834 2 2 1000 205 4139 4138 4704
6835 2 2 1000 205 3878 4759 5198
6836 2 2 1000 205 4696 4139 4704
6837 2 2 1000 205 3944 4318 5125
6838 2 2 1000 205 4697 3261 5283
6839 2 2 1000 205 3828 3829 3830
6840 2 2 1000 205 4561 4562 4573
6841 2 2 1000 205 4846 4705 5159
6842 2 2 1000 205 3942 3940 4738
6843 2 2 1000 205 4691 4083 4692
6844 2 2 1000 205 3336 4703 5128
6845 2 2 1000 205 641 3274 4693
6846 2 2 1000 205 4703 3336 4784
6847 2 2 1000 205 4318 3942 4738
6848 2 2 1000 205 4712 4079 4713
6849 2 2 1000 205 4620 4621 4622
6850 2 2 1000 205 4600 3252 5618
6851 2 2 1000 205 3698 5072 5088
6852 2 2 1000 205 3315 3319 4717
6853 2 2 1000 205 3918 3917 5249
6854 2 2 1000 205 4082 4030 4719
6855 2 2 1000 205 3745 4079 4712
6856 2 2 1000 205 4537 4551 5593
6857 2 2 1000 205 4472 4702 5088
6858 2 2 1000 205 4705 4696 5159
6859 2 2 1000 205 3580 5201 5238
6860 2 2 1000 205 3602 3323 4743
6861 2 2 1000 205 3313 3315 4717
6862 2 2 1000 205 640 641 4693
6863 2 2 1000 205 4862 4799 5058
6864 2 2 1000 205 4705 5012 5114
6865 2 2 1000 205 3833 3831 3861
6866 2 2 1000 205 4799 3588 5058
6867 2 2 1000 205 3930 4438 4439
6868 2 2 1000 205 4717 4712 5239
6869 2 2 1000 205 4714 3611 4924
6870 2 2 1000 205 4742 4382 5183
6871 2 2 1000 205 4715 4082 4716
6872 2 2 1000 205 4645 4646 4647
6873 2 2 1000 205 3189 362 5252
6874 2 2 1000 205 362 363 5252
6875 2 2 1000 205 3868 3711 5276
6876 2 2 1000 205 4783 4347 4784
6877 2 2 1000 205 341 342 3255
6878 2 2 1000 205 5072 4472 5088
6879 2 2 1000 205 3743 3745 4712
6880 2 2 1000 205 4556 4555 4557
6881 2 2 1000 205 4784 3336 5123
6882 2 2 1000 205 3323 3321 4743
6883 2 2 1000 205 3745 3748 4079
6884 2 2 1000 205 4710 3582 5220
6885 2 2 1000 205 4622 4621 4623
6886 2 2 1000 205 4079 3748 4461
6887 2 2 1000 205 4782 4347 4783
6888 2 2 1000 205 4482 4246 4736
6889 2 2 1000 205 4731 4068 4792
6890 2 2 1000 205 4139 4705 5114
6891 2 2 1000 205 4178 4181 5208
6892 2 2 1000 205 4068 4067 4792
6893 2 2 1000 205 4030 4032 4719
6894 2 2 1000 205 5233 4464 5236
6895 2 2 1000 205 3665 4742 5183
6896 2 2 1000 205 4734 3698 5088
6897 2 2 1000 205 4028 4082 4715
6898 2 2 1000 205 4122 4637 5509
6899 2 2 1000 205 3611 3610 4924
6900 2 2 1000 205 4350 4848 5094
6901 2 2 1000 205 4710 4374 5223
6902 2 2 1000 205 3319 3743 4717
6903 2 2 1000 205 5012 3614 5114
6904 2 2 1000 205 4816 3575 5214
6905 2 2 1000 205 3669 3698 4734
6906 2 2 1000 205 4783 4784 5123
6907 2 2 1000 205 3566 3618 4740
6908 2 2 1000 205 3614 4848 5112
6909 2 2 1000 205 4394 4440 5189
6910 2 2 1000 205 5223 4374 5224
6911 2 2 1000 205 3700 3865 4794
6912 2 2 1000 205 3290 3288 3291
6913 2 2 1000 205 641 642 3274
6914 2 2 1000 205 4269 4740 4741
6915 2 2 1000 205 3614 5112 5114
6916 2 2 1000 205 3907 4724 4739
6917 2 2 1000 205 4814 3662 5210
6918 2 2 1000 205 3779 3602 4743
6919 2 2 1000 205 4464 4465 5236
6920 2 2 1000 205 4816 4817 5216
6921 2 2 1000 205 4246 4724 4736
6922 2 2 1000 205 4534 4536 4537
6923 2 2 1000 205 4084 4725 4726
6924 2 2 1000 205 4782 4357 4916
6925 2 2 1000 205 4733 4458 4860
6926 2 2 1000 205 4032 4505 4719
6927 2 2 1000 205 4724 3907 4736
6928 2 2 1000 205 4860 3900 5043
6929 2 2 1000 205 3743 4712 4717
6930 2 2 1000 205 3452 5096 5104
6931 2 2 1000 205 3566 4740 4755
6932 2 2 1000 205 4173 4175 5193
6933 2 2 1000 205 3582 5218 5220
6934 2 2 1000 205 5216 4817 5218
6935 2 2 1000 205 4353 4849 5073
6936 2 2 1000 205 4810 3572 5205
6937 2 2 1000 205 4068 4731 4793
6938 2 2 1000 205 5089 4350 5094
6939 2 2 1000 205 4799 4798 5085
6940 2 2 1000 205 4733 4860 5043
6941 2 2 1000 205 4848 4350 5112
6942 2 2 1000 205 3946 3944 5125
6943 2 2 1000 205 5096 4798 5104
6944 2 2 1000 205 3608 4849 5084
6945 2 2 1000 205 3575 5213 5214
6946 2 2 1000 205 5085 4798 5096
6947 2 2 1000 205 4446 4718 4728
6948 2 2 1000 205 3784 3779 4725
6949 2 2 1000 205 4181 4862 5058
6950 2 2 1000 205 3608 5089 5094
6951 2 2 1000 205 4808 3663 5190
6952 2 2 1000 205 4840 4710 5220
6953 2 2 1000 205 3608 5084 5089
6954 2 2 1000 205 4343 4703 4784
6955 2 2 1000 205 3632 4756 5053
6956 2 2 1000 205 4269 5228 5233
6957 2 2 1000 205 3662 5206 5210
6958 2 2 1000 205 3588 4799 5085
6959 2 2 1000 205 4725 4743 5230
6960 2 2 1000 205 4347 4782 4916
6961 2 2 1000 205 3686 3669 4734
6962 2 2 1000 205 4084 3784 4725
6963 2 2 1000 205 4364 4351 4746
6964 2 2 1000 205 4833 3535 5184
6965 2 2 1000 205 4744 3621 4926
6966 2 2 1000 205 3621 3524 4926
6967 2 2 1000 205 4707 4072 4754
6968 2 2 1000 205 4347 4343 4784
6969 2 2 1000 205 4849 4353 5084
6970 2 2 1000 205 4358 4854 5038
6971 2 2 1000 205 4727 4074 4796
6972 2 2 1000 205 5070 4353 5073
6973 2 2 1000 205 4756 4772 5053
6974 2 2 1000 205 5201 4730 5238
6975 2 2 1000 205 3572 5203 5205
6976 2 2 1000 205 4705 4846 5012
6977 2 2 1000 205 4792 4345 4796
6978 2 2 1000 205 4166 4169 5175
6979 2 2 1000 205 4714 4446 4728
6980 2 2 1000 205 4759 4043 4760
6981 2 2 1000 205 3619 3736 4739
6982 2 2 1000 205 4772 4233 4779
6983 2 2 1000 205 4145 4146 4752
6984 2 2 1000 205 318 319 3272
6985 2 2 1000 205 4769 3772 5035
6986 2 2 1000 205 3598 4854 5066
6987 2 2 1000 205 5044 4177 5083
6988 2 2 1000 205 3598 5070 5073
6989 2 2 1000 205 4146 4751 4752
6990 2 2 1000 205 4175 4177 5044
6991 2 2 1000 205 4067 4345 4792
6992 2 2 1000 205 4345 4727 4796
6993 2 2 1000 205 4757 3195 4758
6994 2 2 1000 205 4725 3779 4743
6995 2 2 1000 205 4815 4816 5214
6996 2 2 1000 205 359 3262 5209
6997 2 2 1000 205 3796 3683 4748
6998 2 2 1000 205 3598 5066 5070
6999 2 2 1000 205 4747 3796 4748
7000 2 2 1000 205 5078 4739 5110
7001 2 2 1000 205 4829 3536 5168
7002 2 2 1000 205 3663 5188 5190
7003 2 2 1000 205 4962 3190 4963
7004 2 2 1000 205 3935 3784 4084
7005 2 2 1000 205 4823 5059 5178
7006 2 2 1000 205 4778 4360 4785
7007 2 2 1000 205 4813 4814 5210
7008 2 2 1000 205 3865 4068 4794
7009 2 2 1000 205 4740 3618 4741
7010 2 2 1000 205 3736 3907 4739
7011 2 2 1000 205 4735 3592 5028
7012 2 2 1000 205 4854 4358 5066
7013 2 2 1000 205 313 3195 4757
7014 2 2 1000 205 4809 4810 5205
7015 2 2 1000 205 308 309 3271
7016 2 2 1000 205 4364 4746 4778
7017 2 2 1000 205 4358 5038 5039
7018 2 2 1000 205 4144 4666 5561
7019 2 2 1000 205 3620 4737 5148
7020 2 2 1000 205 4363 4014 4764
7021 2 2 1000 205 3587 4778 4785
7022 2 2 1000 205 4829 4830 5173
7023 2 2 1000 205 4032 4504 4505
7024 2 2 1000 205 4978 4006 5029
7025 2 2 1000 205 3749 3344 4781
7026 2 2 1000 205 4169 4889 5027
7027 2 2 1000 205 4772 4779 5053
7028 2 2 1000 205 3390 4891 5145
7029 2 2 1000 205 4807 4808 5190
7030 2 2 1000 205 5038 3592 5039
7031 2 2 1000 205 4805 3537 5150
7032 2 2 1000 205 4706 4072 4707
7033 2 2 1000 205 3344 4362 4781
7034 2 2 1000 205 3535 5179 5184
7035 2 2 1000 205 4363 4764 4919
7036 2 2 1000 205 356 357 4723
7037 2 2 1000 205 4748 3683 4749
7038 2 2 1000 205 4975 4978 5029
7039 2 2 1000 205 3674 3706 3799
7040 2 2 1000 205 4781 4357 4782
7041 2 2 1000 205 4728 4392 4729
7042 2 2 1000 205 4832 4833 5184
7043 2 2 1000 205 3620 4846 5159
7044 2 2 1000 205 4871 4753 4934
7045 2 2 1000 205 3700 4794 5059
7046 2 2 1000 205 3799 3909 4294
7047 2 2 1000 205 5173 4830 5179
7048 2 2 1000 205 4711 5258 5263
7049 2 2 1000 205 4145 4752 4753
7050 2 2 1000 205 3526 3528 5149
7051 2 2 1000 205 4059 4163 5157
7052 2 2 1000 205 4028 4030 4082
7053 2 2 1000 205 4011 4087 4475
7054 2 2 1000 205 5027 4889 5054
7055 2 2 1000 205 4011 3791 4087
7056 2 2 1000 205 3870 5194 5319
7057 2 2 1000 205 4750 4160 4764
7058 2 2 1000 205 3592 4735 5039
7059 2 2 1000 205 4790 4363 4919
7060 2 2 1000 205 3582 4710 5223
7061 2 2 1000 205 4622 4623 4624
7062 2 2 1000 205 4332 4307 4474
7063 2 2 1000 205 4362 4780 4781
7064 2 2 1000 205 3394 5076 5146
7065 2 2 1000 205 4010 3791 4011
7066 2 2 1000 205 3743 3744 3745
7067 2 2 1000 205 3322 3324 4883
7068 2 2 1000 205 4233 4230 5106
7069 2 2 1000 205 4845 4367 5118
7070 2 2 1000 205 3575 4816 5216
7071 2 2 1000 205 5213 4814 5214
7072 2 2 1000 205 4295 4294 4445
7073 2 2 1000 205 3772 4769 5067
7074 2 2 1000 205 4014 4750 4764
7075 2 2 1000 205 4735 5028 5030
7076 2 2 1000 205 4753 4752 4934
7077 2 2 1000 205 3880 4043 4759
7078 2 2 1000 205 4746 4360 4778
7079 2 2 1000 205 4828 4829 5168
7080 2 2 1000 205 3799 3706 3909
7081 2 2 1000 205 4294 3909 4296
7082 2 2 1000 205 5218 4817 5220
7083 2 2 1000 205 3804 4361 4777
7084 2 2 1000 205 3662 4814 5213
7085 2 2 1000 205 316 317 3237
7086 2 2 1000 205 5206 4810 5210
7087 2 2 1000 205 4440 4947 5189
7088 2 2 1000 205 4845 3615 5129
7089 2 2 1000 205 4805 4806 5164
7090 2 2 1000 205 3319 3585 3743
7091 2 2 1000 205 5028 3621 5030
7092 2 2 1000 205 3900 4746 5043
7093 2 2 1000 205 4804 4805 5150
7094 2 2 1000 205 4749 4852 4920
7095 2 2 1000 205 4834 4365 5071
7096 2 2 1000 205 4737 5141 5148
7097 2 2 1000 205 4361 4771 4907
7098 2 2 1000 205 3570 3567 4755
7099 2 2 1000 205 4446 4445 4447
7100 2 2 1000 205 3536 5166 5168
7101 2 2 1000 205 3572 4810 5206
7102 2 2 1000 205 3610 3674 4924
7103 2 2 1000 205 3928 4028 4715
7104 2 2 1000 205 4834 3607 5093
7105 2 2 1000 205 5203 4808 5205
7106 2 2 1000 205 4475 4087 4702
7107 2 2 1000 205 3619 4739 5078
7108 2 2 1000 205 4163 4165 5026
7109 2 2 1000 205 3524 3526 4926
7110 2 2 1000 205 4748 4749 4920
7111 2 2 1000 205 4150 4152 4861
7112 2 2 1000 205 4338 4151 4765
7113 2 2 1000 205 4181 5058 5208
7114 2 2 1000 205 3548 3587 4785
7115 2 2 1000 205 4777 4361 4907
7116 2 2 1000 205 310 311 3238
7117 2 2 1000 205 3663 4808 5203
7118 2 2 1000 205 5164 4806 5166
7119 2 2 1000 205 4011 4538 4754
7120 2 2 1000 205 3621 4744 5030
7121 2 2 1000 205 4739 4724 5110
7122 2 2 1000 205 4384 5035 5056
7123 2 2 1000 205 4779 4233 5106
7124 2 2 1000 205 3595 3610 3611
7125 2 2 1000 205 4740 4090 4755
7126 2 2 1000 205 4090 3616 4755
7127 2 2 1000 205 5035 3772 5056
7128 2 2 1000 205 3460 5071 5151
7129 2 2 1000 205 4746 4351 5043
7130 2 2 1000 205 5188 4833 5190
7131 2 2 1000 205 3783 3779 3784
7132 2 2 1000 205 3607 5078 5110
7133 2 2 1000 205 5129 3615 5141
7134 2 2 1000 205 3749 4781 4782
7135 2 2 1000 205 4801 3574 5113
7136 2 2 1000 205 3799 4294 4295
7137 2 2 1000 205 3698 3667 4786
7138 2 2 1000 205 4382 4756 5183
7139 2 2 1000 205 3616 3570 4755
7140 2 2 1000 205 4780 4362 4789
7141 2 2 1000 205 4212 4381 5122
7142 2 2 1000 205 4295 4445 4446
7143 2 2 1000 205 3789 3686 3791
7144 2 2 1000 205 312 313 4757
7145 2 2 1000 205 4825 5041 5057
7146 2 2 1000 205 313 314 3195
7147 2 2 1000 205 605 4620 4625
7148 2 2 1000 205 4839 4368 5064
7149 2 2 1000 205 5093 3607 5110
7150 2 2 1000 205 5026 4165 5050
7151 2 2 1000 205 3791 3686 4734
7152 2 2 1000 205 4175 5044 5193
7153 2 2 1000 205 3535 4833 5188
7154 2 2 1000 205 4295 4714 4924
7155 2 2 1000 205 3799 4295 4924
7156 2 2 1000 205 4771 4361 4888
7157 2 2 1000 205 4851 4852 4927
7158 2 2 1000 205 4011 4475 4538
7159 2 2 1000 205 3680 3616 4090
7160 2 2 1000 205 3645 3707 5115
7161 2 2 1000 205 4390 4394 4768
7162 2 2 1000 205 4097 4837 4893
7163 2 2 1000 205 4144 4142 4774
7164 2 2 1000 205 3707 4766 5115
7165 2 2 1000 205 4839 3609 5090
7166 2 2 1000 205 4765 4151 4788
7167 2 2 1000 205 4537 4536 4551
7168 2 2 1000 205 4703 4344 4711
7169 2 2 1000 205 3494 3620 5148
7170 2 2 1000 205 4369 4763 4969
7171 2 2 1000 205 4441 4393 4773
7172 2 2 1000 205 3669 3667 3698
7173 2 2 1000 205 3749 4783 5021
7174 2 2 1000 205 4446 4447 4718
7175 2 2 1000 205 4737 3620 5159
7176 2 2 1000 205 3567 3566 4755
7177 2 2 1000 205 4367 5111 5118
7178 2 2 1000 205 4768 4394 4769
7179 2 2 1000 205 4852 4749 4927
7180 2 2 1000 205 4702 4087 5088
7181 2 2 1000 205 4837 4836 4893
7182 2 2 1000 205 4068 4793 4794
7183 2 2 1000 205 5141 3615 5148
7184 2 2 1000 205 4800 4801 5113
7185 2 2 1000 205 3594 4770 4904
7186 2 2 1000 205 5179 4830 5184
7187 2 2 1000 205 4891 4359 5145
7188 2 2 1000 205 4856 4771 4888
7189 2 2 1000 205 4768 4769 5035
7190 2 2 1000 205 4393 4391 4773
7191 2 2 1000 205 3680 4090 4091
7192 2 2 1000 205 4801 4802 5127
7193 2 2 1000 205 3940 3918 5249
7194 2 2 1000 205 3324 3327 4883
7195 2 2 1000 205 3599 4776 4933
7196 2 2 1000 205 4365 4834 5093
7197 2 2 1000 205 3872 3931 5194
7198 2 2 1000 205 4154 4156 4788
7199 2 2 1000 205 4842 4843 5069
7200 2 2 1000 205 4152 4508 4861
7201 2 2 1000 205 4234 4233 4772
7202 2 2 1000 205 4096 4095 4470
7203 2 2 1000 205 4343 4025 4344
7204 2 2 1000 205 3536 4829 5173
7205 2 2 1000 205 4387 4390 4768
7206 2 2 1000 205 4843 3661 5069
7207 2 2 1000 205 3777 3602 3779
7208 2 2 1000 205 5059 4794 5178
7209 2 2 1000 205 3386 4863 5119
7210 2 2 1000 205 4024 4023 4025
7211 2 2 1000 205 4010 4011 4754
7212 2 2 1000 205 3488 4845 5118
7213 2 2 1000 205 4169 5027 5175
7214 2 2 1000 205 4091 4090 4269
7215 2 2 1000 205 3624 4154 4872
7216 2 2 1000 205 3548 4785 5037
7217 2 2 1000 205 4848 3504 5094
7218 2 2 1000 205 3617 3616 3680
7219 2 2 1000 205 3749 4782 4783
7220 2 2 1000 205 3562 4384 5046
7221 2 2 1000 205 3537 5135 5150
7222 2 2 1000 205 3545 3548 5037
7223 2 2 1000 205 4963 3190 4964
7224 2 2 1000 205 4154 4788 4872
7225 2 2 1000 205 4774 4142 4791
7226 2 2 1000 205 4787 4865 5055
7227 2 2 1000 205 3789 3791 4010
7228 2 2 1000 205 4753 4871 5057
7229 2 2 1000 205 3698 4786 5072
7230 2 2 1000 205 5090 3609 5111
7231 2 2 1000 205 4367 4845 5129
7232 2 2 1000 205 3647 4789 5022
7233 2 2 1000 205 4774 4150 4861
7234 2 2 1000 205 3587 4874 4885
7235 2 2 1000 205 5166 4806 5168
7236 2 2 1000 205 4849 3510 5073
7237 2 2 1000 205 4391 4473 4773
7238 2 2 1000 205 4363 4790 4912
7239 2 2 1000 205 4865 4221 5055
7240 2 2 1000 205 5111 3609 5118
7241 2 2 1000 205 4021 4022 4023
7242 2 2 1000 205 5076 4793 5146
7243 2 2 1000 205 3594 4824 5020
7244 2 2 1000 205 4208 4884 5077
7245 2 2 1000 205 4094 4091 4095
7246 2 2 1000 205 3470 3619 5078
7247 2 2 1000 205 4790 4821 4912
7248 2 2 1000 205 4390 4391 4393
7249 2 2 1000 205 3478 3599 4933
7250 2 2 1000 205 4021 4023 4024
7251 2 2 1000 205 4156 4765 4788
7252 2 2 1000 205 4778 3587 4885
7253 2 2 1000 205 5041 4753 5057
7254 2 2 1000 205 4207 4399 5074
7255 2 2 1000 205 3456 3594 4904
7256 2 2 1000 205 4787 4101 4865
7257 2 2 1000 205 5127 4802 5135
7258 2 2 1000 205 4854 3516 5038
7259 2 2 1000 205 3623 4148 4791
7260 2 2 1000 205 3970 4088 4828
7261 2 2 1000 205 3883 4969 5082
7262 2 2 1000 205 4387 4389 4390
7263 2 2 1000 205 3964 4089 4804
7264 2 2 1000 205 3976 4260 4832
7265 2 2 1000 205 3482 4839 5064
7266 2 2 1000 205 4401 4216 5080
7267 2 2 1000 205 4269 4090 4740
7268 2 2 1000 205 4867 4890 4923
7269 2 2 1000 205 3573 3570 3616
7270 2 2 1000 205 3562 3672 4384
7271 2 2 1000 205 4087 3791 4734
7272 2 2 1000 205 4850 4161 4852
7273 2 2 1000 205 4846 3498 5012
7274 2 2 1000 205 4926 3526 5149
7275 2 2 1000 205 3587 3549 4874
7276 2 2 1000 205 4828 4088 4829
7277 2 2 1000 205 4385 4387 4768
7278 2 2 1000 205 4832 4260 4833
7279 2 2 1000 205 4144 4774 4861
7280 2 2 1000 205 4804 4089 4805
7281 2 2 1000 205 3649 3718 4789
7282 2 2 1000 205 4382 4330 4756
7283 2 2 1000 205 4101 4787 4864
7284 2 2 1000 205 3448 3605 4856
7285 2 2 1000 205 3948 3946 4307
7286 2 2 1000 205 4343 4344 4703
7287 2 2 1000 205 4390 4389 4391
7288 2 2 1000 205 4024 4025 4343
7289 2 2 1000 205 4394 4393 4440
7290 2 2 1000 205 4383 4382 4742
7291 2 2 1000 205 4096 4470 4471
7292 2 2 1000 205 3537 4805 5164
7293 2 2 1000 205 4780 4357 4781
7294 2 2 1000 205 4440 4393 4441
7295 2 2 1000 205 4890 4035 4923
7296 2 2 1000 205 3592 3520 5028
7297 2 2 1000 205 4163 5026 5157
7298 2 2 1000 205 4162 4869 4871
7299 2 2 1000 205 3464 4834 5071
7300 2 2 1000 205 3718 4780 4789
7301 2 2 1000 205 3422 3623 4875
7302 2 2 1000 205 4368 5036 5064
7303 2 2 1000 205 3623 4791 4875
7304 2 2 1000 205 4863 4375 5119
7305 2 2 1000 205 3368 4851 4927
7306 2 2 1000 205 4866 4867 4880
7307 2 2 1000 205 5020 4824 5032
7308 2 2 1000 205 4094 4095 4096
7309 2 2 1000 205 3885 4020 4021
7310 2 2 1000 205 4148 4774 4791
7311 2 2 1000 205 3549 3551 4874
7312 2 2 1000 205 4022 4540 4775
7313 2 2 1000 205 4820 3626 4886
7314 2 2 1000 205 4331 4330 4382
7315 2 2 1000 205 4344 4025 4767
7316 2 2 1000 205 4021 4024 4916
7317 2 2 1000 205 3720 4357 4780
7318 2 2 1000 205 4803 3962 4804
7319 2 2 1000 205 3409 3412 4870
7320 2 2 1000 205 4694 4078 4795
7321 2 2 1000 205 4837 4097 4917
7322 2 2 1000 205 4749 3683 4858
7323 2 2 1000 205 3605 4771 4856
7324 2 2 1000 205 4811 3624 4872
7325 2 2 1000 205 3626 4790 4919
7326 2 2 1000 205 4057 4369 4969
7327 2 2 1000 205 3674 3704 3706
7328 2 2 1000 205 5228 4464 5233
7329 2 2 1000 205 4368 4839 5090
7330 2 2 1000 205 4789 4362 5022
7331 2 2 1000 205 4836 4835 4893
7332 2 2 1000 205 3368 3369 4851
7333 2 2 1000 205 3960 3962 4803
7334 2 2 1000 205 4852 4161 4920
7335 2 2 1000 205 4800 4092 4801
7336 2 2 1000 205 4850 4826 4922
7337 2 2 1000 205 5071 4365 5151
7338 2 2 1000 205 3720 3884 3885
7339 2 2 1000 205 4024 4347 4916
7340 2 2 1000 205 4161 4850 4922
7341 2 2 1000 205 4831 3974 4832
7342 2 2 1000 205 3962 3964 4804
7343 2 2 1000 205 4147 3424 4811
7344 2 2 1000 205 3419 3422 4875
7345 2 2 1000 205 4189 4349 4797
7346 2 2 1000 205 4763 4369 5049
7347 2 2 1000 205 3342 3749 5021
7348 2 2 1000 205 3578 4836 4837
7349 2 2 1000 205 3908 4278 4812
7350 2 2 1000 205 3561 3560 4921
7351 2 2 1000 205 4153 3430 4820
7352 2 2 1000 205 3958 4092 4800
7353 2 2 1000 205 4106 3725 4853
7354 2 2 1000 205 4827 3968 4828
7355 2 2 1000 205 3968 3970 4828
7356 2 2 1000 205 4381 4997 5122
7357 2 2 1000 205 4308 3864 4819
7358 2 2 1000 205 4817 4086 4841
7359 2 2 1000 205 3974 3976 4832
7360 2 2 1000 205 4384 3672 4385
7361 2 2 1000 205 4790 3436 4821
7362 2 2 1000 205 3720 3885 4357
7363 2 2 1000 205 4078 3798 4795
7364 2 2 1000 205 3574 5101 5113
7365 2 2 1000 205 4486 4013 4822
7366 2 2 1000 205 4330 4234 4772
7367 2 2 1000 205 4855 4856 4888
7368 2 2 1000 205 4260 3978 4807
7369 2 2 1000 205 4261 3982 4809
7370 2 2 1000 205 4963 4964 4965
7371 2 2 1000 205 4262 3986 4813
7372 2 2 1000 205 602 603 4674
7373 2 2 1000 205 3647 3649 4789
7374 2 2 1000 205 4263 3990 4815
7375 2 2 1000 205 4086 3994 4841
7376 2 2 1000 205 4390 4393 4394
7377 2 2 1000 205 5036 3599 5064
7378 2 2 1000 205 5046 4384 5056
7379 2 2 1000 205 605 606 4620
7380 2 2 1000 205 3578 3530 4836
7381 2 2 1000 205 3972 3974 4831
7382 2 2 1000 205 4838 4869 4929
7383 2 2 1000 205 4316 3785 4847
7384 2 2 1000 205 4232 4230 4233
7385 2 2 1000 205 4787 3357 4864
7386 2 2 1000 205 3342 3344 3749
7387 2 2 1000 205 4357 3885 4916
7388 2 2 1000 205 3540 3721 4835
7389 2 2 1000 205 4869 4162 4929
7390 2 2 1000 205 4880 4867 4923
7391 2 2 1000 205 4151 4149 4788
7392 2 2 1000 205 3564 3561 4921
7393 2 2 1000 205 4085 4710 4840
7394 2 2 1000 205 4329 4234 4330
7395 2 2 1000 205 3350 3647 5022
7396 2 2 1000 205 4770 3594 5020
7397 2 2 1000 205 3446 3448 4856
7398 2 2 1000 205 3383 3386 4868
7399 2 2 1000 205 3357 3359 4864
7400 2 2 1000 205 3966 3968 4827
7401 2 2 1000 205 4842 4252 4843
7402 2 2 1000 205 4969 4763 5082
7403 2 2 1000 205 4364 4778 4885
7404 2 2 1000 205 3718 3719 3720
7405 2 2 1000 205 3398 3399 4823
7406 2 2 1000 205 3412 3413 4825
7407 2 2 1000 205 3424 3425 4811
7408 2 2 1000 205 3718 3720 4780
7409 2 2 1000 205 3372 4826 4850
7410 2 2 1000 205 3430 3431 4820
7411 2 2 1000 205 3372 3373 4826
7412 2 2 1000 205 3436 3437 4821
7413 2 2 1000 205 3405 3408 4838
7414 2 2 1000 205 4925 3754 5065
7415 2 2 1000 205 4181 4182 4862
7416 2 2 1000 205 3466 3607 4834
7417 2 2 1000 205 4013 3802 4822
7418 2 2 1000 205 3484 3609 4839
7419 2 2 1000 205 3770 3808 4844
7420 2 2 1000 205 3490 3615 4845
7421 2 2 1000 205 4886 3626 4919
7422 2 2 1000 205 4072 4010 4754
7423 2 2 1000 205 3954 4252 4842
7424 2 2 1000 205 4066 4308 4818
7425 2 2 1000 205 4074 4040 4796
7426 2 2 1000 205 4025 4023 4026
7427 2 2 1000 205 4829 4088 4830
7428 2 2 1000 205 4805 4089 4806
7429 2 2 1000 205 3412 4825 5057
7430 2 2 1000 205 3864 3699 4819
7431 2 2 1000 205 3792 4041 4847
7432 2 2 1000 205 3998 4085 4840
7433 2 2 1000 205 3534 3540 4835
7434 2 2 1000 205 4855 3446 4856
7435 2 2 1000 205 3638 3377 4866
7436 2 2 1000 205 3740 3739 3741
7437 2 2 1000 205 4145 4753 5041
7438 2 2 1000 205 3742 3741 3782
7439 2 2 1000 205 3785 3687 4847
7440 2 2 1000 205 4373 4925 5065
7441 2 2 1000 205 4391 4392 4473
7442 2 2 1000 205 5135 4802 5150
7443 2 2 1000 205 3566 3564 3618
7444 2 2 1000 205 3443 3446 4855
7445 2 2 1000 205 3727 4069 4853
7446 2 2 1000 205 3922 3782 4050
7447 2 2 1000 205 3740 3741 3742
7448 2 2 1000 205 3551 4873 4874
7449 2 2 1000 205 3451 3454 4857
7450 2 2 1000 205 4331 4382 4383
7451 2 2 1000 205 3725 3724 4853
7452 2 2 1000 205 3680 4094 4786
7453 2 2 1000 205 3365 3368 4897
7454 2 2 1000 205 4489 4488 4552
7455 2 2 1000 205 4162 4871 4934
7456 2 2 1000 205 3738 3739 3740
7457 2 2 1000 205 3906 3908 4812
7458 2 2 1000 205 4801 4092 4802
7459 2 2 1000 205 3742 3782 3922
7460 2 2 1000 205 3454 3456 4904
7461 2 2 1000 205 4187 4189 4797
7462 2 2 1000 205 4142 4140 4791
7463 2 2 1000 205 4147 4811 4872
7464 2 2 1000 205 3458 3460 4824
7465 2 2 1000 205 4025 4026 4767
7466 2 2 1000 205 4156 4157 4158
7467 2 2 1000 205 4532 4313 4569
7468 2 2 1000 205 3733 3734 3797
7469 2 2 1000 205 3797 3798 4078
7470 2 2 1000 205 3802 3804 4822
7471 2 2 1000 205 3730 3731 3802
7472 2 2 1000 205 3723 3722 3724
7473 2 2 1000 205 4152 4338 4507
7474 2 2 1000 205 4838 3408 4869
7475 2 2 1000 205 4150 4151 4152
7476 2 2 1000 205 3605 3732 3733
7477 2 2 1000 205 3736 3737 3906
7478 2 2 1000 205 4352 3924 4488
7479 2 2 1000 205 4148 4149 4150
7480 2 2 1000 205 4141 4142 4143
7481 2 2 1000 205 4069 4004 4313
7482 2 2 1000 205 3627 3729 3730
7483 2 2 1000 205 4154 4155 4156
7484 2 2 1000 205 3629 3630 3699
7485 2 2 1000 205 3699 3714 4819
7486 2 2 1000 205 3721 3583 3722
7487 2 2 1000 205 3623 4147 4148
7488 2 2 1000 205 3619 3735 3736
7489 2 2 1000 205 3574 4801 5127
7490 2 2 1000 205 3624 4153 4154
7491 2 2 1000 205 3622 4140 4141
7492 2 2 1000 205 3625 3628 3629
7493 2 2 1000 205 3885 3884 4020
7494 2 2 1000 205 3720 3719 3884
7495 2 2 1000 205 3369 3372 4851
7496 2 2 1000 205 3699 3630 3714
7497 2 2 1000 205 4192 4797 4798
7498 2 2 1000 205 3583 4946 5011
7499 2 2 1000 205 3629 3628 3630
7500 2 2 1000 205 4815 4086 4816
7501 2 2 1000 205 3674 3799 4924
7502 2 2 1000 205 4143 4142 4144
7503 2 2 1000 205 4075 4048 4881
7504 2 2 1000 205 4809 4262 4810
7505 2 2 1000 205 4813 4263 4814
7506 2 2 1000 205 4857 4904 4955
7507 2 2 1000 205 4807 4261 4808
7508 2 2 1000 205 3573 3616 3617
7509 2 2 1000 205 4352 4488 4489
7510 2 2 1000 205 4150 4149 4151
7511 2 2 1000 205 4050 4051 4434
7512 2 2 1000 205 4152 4151 4338
7513 2 2 1000 205 4041 4499 4500
7514 2 2 1000 205 4141 4140 4142
7515 2 2 1000 205 3625 3404 3628
7516 2 2 1000 205 3676 3640 3687
7517 2 2 1000 205 4148 4147 4149
7518 2 2 1000 205 3639 3638 3640
7519 2 2 1000 205 4041 4033 4499
7520 2 2 1000 205 3907 3906 4272
7521 2 2 1000 205 4156 4155 4157
7522 2 2 1000 205 3639 3640 3676
7523 2 2 1000 205 3875 4301 4302
7524 2 2 1000 205 3676 3687 3785
7525 2 2 1000 205 3644 3642 4858
7526 2 2 1000 205 3622 3418 4140
7527 2 2 1000 205 3428 3430 3624
7528 2 2 1000 205 3448 3450 3605
7529 2 2 1000 205 3422 3424 3623
7530 2 2 1000 205 3416 3418 3622
7531 2 2 1000 205 4100 4195 4292
7532 2 2 1000 205 3434 3436 3626
7533 2 2 1000 205 4066 3864 4308
7534 2 2 1000 205 3440 3442 3627
7535 2 2 1000 205 4284 4066 4818
7536 2 2 1000 205 3623 3424 4147
7537 2 2 1000 205 4109 4107 4300
7538 2 2 1000 205 4098 3725 4106
7539 2 2 1000 205 3456 3458 3594
7540 2 2 1000 205 4154 4153 4155
7541 2 2 1000 205 3402 3404 3625
7542 2 2 1000 205 3802 3731 3804
7543 2 2 1000 205 3473 3476 4859
7544 2 2 1000 205 3908 4105 4278
7545 2 2 1000 205 4085 4270 4374
7546 2 2 1000 205 3730 3729 3731
7547 2 2 1000 205 4244 4246 4481
7548 2 2 1000 205 4384 4385 5035
7549 2 2 1000 205 3624 3430 4153
7550 2 2 1000 205 3466 3468 3607
7551 2 2 1000 205 3724 3726 3727
7552 2 2 1000 205 3464 3466 4834
7553 2 2 1000 205 4119 4117 4122
7554 2 2 1000 205 4057 4059 4369
7555 2 2 1000 205 4885 4366 4951
7556 2 2 1000 205 4093 4078 4494
7557 2 2 1000 205 3626 3436 4790
7558 2 2 1000 205 3727 3728 4004
7559 2 2 1000 205 3683 3644 4858
7560 2 2 1000 205 4189 4193 4349
7561 2 2 1000 205 4204 4206 4335
7562 2 2 1000 205 3470 3472 3619
7563 2 2 1000 205 4185 4187 4192
7564 2 2 1000 205 4126 4124 4315
7565 2 2 1000 205 4348 4792 4796
7566 2 2 1000 205 4756 4330 4772
7567 2 2 1000 205 3478 3480 3599
7568 2 2 1000 205 3797 3734 3798
7569 2 2 1000 205 3540 3541 3583
7570 2 2 1000 205 3733 3732 3734
7571 2 2 1000 205 3956 3958 4800
7572 2 2 1000 205 4239 4241 4457
7573 2 2 1000 205 4021 4020 4022
7574 2 2 1000 205 4132 4130 4421
7575 2 2 1000 205 3484 3486 3609
7576 2 2 1000 205 3770 4844 4887
7577 2 2 1000 205 3482 3484 4839
7578 2 2 1000 205 3687 3792 4847
7579 2 2 1000 205 3376 3638 3639
7580 2 2 1000 205 3792 4033 4041
7581 2 2 1000 205 3627 3442 3729
7582 2 2 1000 205 4069 4313 4532
7583 2 2 1000 205 4306 4013 4486
7584 2 2 1000 205 3362 3642 3643
7585 2 2 1000 205 4251 4280 4483
7586 2 2 1000 205 4138 4136 4450
7587 2 2 1000 205 3488 3490 4845
7588 2 2 1000 205 3548 3549 3587
7589 2 2 1000 205 4884 4986 5077
7590 2 2 1000 205 3490 3492 3615
7591 2 2 1000 205 3954 3956 4252
7592 2 2 1000 205 3680 4091 4094
7593 2 2 1000 205 3803 3802 4013
7594 2 2 1000 205 3605 3450 3732
7595 2 2 1000 205 4494 4078 4694
7596 2 2 1000 205 3958 3960 4092
7597 2 2 1000 205 3952 3954 4842
7598 2 2 1000 205 3556 3738 4873
7599 2 2 1000 205 3638 4866 4880
7600 2 2 1000 205 3494 3496 3620
7601 2 2 1000 205 3643 3642 3644
7602 2 2 1000 205 3721 3722 3723
7603 2 2 1000 205 3787 3785 4316
7604 2 2 1000 205 4014 4013 4306
7605 2 2 1000 205 3723 3724 3725
7606 2 2 1000 205 3964 3966 4089
7607 2 2 1000 205 4776 3599 5036
7608 2 2 1000 205 3643 3644 3645
7609 2 2 1000 205 3970 3972 4088
7610 2 2 1000 205 3500 3502 3614
7611 2 2 1000 205 3727 4004 4069
7612 2 2 1000 205 3594 3458 4824
7613 2 2 1000 205 4192 4187 4797
7614 2 2 1000 205 3724 3727 4853
7615 2 2 1000 205 3506 3508 3608
7616 2 2 1000 205 4508 4507 4513
7617 2 2 1000 205 4153 4820 4886
7618 2 2 1000 205 4209 4212 4884
7619 2 2 1000 205 3658 3684 4877
7620 2 2 1000 205 4866 3382 4867
7621 2 2 1000 205 3530 3532 4836
7622 2 2 1000 205 3976 3978 4260
7623 2 2 1000 205 4904 4770 4955
7624 2 2 1000 205 4098 4106 4107
7625 2 2 1000 205 3980 3982 4261
7626 2 2 1000 205 3610 3673 3674
7627 2 2 1000 205 3736 3735 3737
7628 2 2 1000 205 3540 3583 3721
7629 2 2 1000 205 4481 4246 4482
7630 2 2 1000 205 3512 3514 3598
7631 2 2 1000 205 3906 3737 3908
7632 2 2 1000 205 3677 3657 4878
7633 2 2 1000 205 4427 4012 4428
7634 2 2 1000 205 3994 3996 4841
7635 2 2 1000 205 3496 3498 4846
7636 2 2 1000 205 4399 4905 5074
7637 2 2 1000 205 3685 3652 4876
7638 2 2 1000 205 3984 3986 4262
7639 2 2 1000 205 4272 3906 4812
7640 2 2 1000 205 4463 4075 4516
7641 2 2 1000 205 3518 3520 3592
7642 2 2 1000 205 3988 3990 4263
7643 2 2 1000 205 4040 4348 4796
7644 2 2 1000 205 3990 3992 4815
7645 2 2 1000 205 3986 3988 4813
7646 2 2 1000 205 3522 3524 3621
7647 2 2 1000 205 4145 4143 4146
7648 2 2 1000 205 3728 3900 4860
7649 2 2 1000 205 3992 3994 4086
7650 2 2 1000 205 3982 3984 4809
7651 2 2 1000 205 3978 3980 4807
7652 2 2 1000 205 4232 4233 4234
7653 2 2 1000 205 4085 4374 4710
7654 2 2 1000 205 3619 3472 3735
7655 2 2 1000 205 3996 3998 4840
7656 2 2 1000 205 3645 3644 3682
7657 2 2 1000 205 3584 3767 4887
7658 2 2 1000 205 3532 4835 4836
7659 2 2 1000 205 3476 3478 4933
7660 2 2 1000 205 3645 3682 3707
7661 2 2 1000 205 4222 3775 4879
7662 2 2 1000 205 3998 4000 4085
7663 2 2 1000 205 3528 3530 3578
7664 2 2 1000 205 3502 3504 4848
7665 2 2 1000 205 3808 3952 4844
7666 2 2 1000 205 3534 3539 3540
7667 2 2 1000 205 3532 3534 4835
7668 2 2 1000 205 3700 3699 3864
7669 2 2 1000 205 3408 3409 4870
7670 2 2 1000 205 3631 3653 4882
7671 2 2 1000 205 3996 4840 4841
7672 2 2 1000 205 4252 3956 4800
7673 2 2 1000 205 3545 3547 3548
7674 2 2 1000 205 3377 3379 4866
7675 2 2 1000 205 3992 4086 4815
7676 2 2 1000 205 3865 3864 4066
7677 2 2 1000 205 3738 4366 4873
7678 2 2 1000 205 3798 4100 4795
7679 2 2 1000 205 3508 3510 4849
7680 2 2 1000 205 4138 4450 4506
7681 2 2 1000 205 3553 3555 3556
7682 2 2 1000 205 4345 4284 4346
7683 2 2 1000 205 4879 3765 4990
7684 2 2 1000 205 3988 4263 4813
7685 2 2 1000 205 4067 4066 4284
7686 2 2 1000 205 4400 4216 4401
7687 2 2 1000 205 3437 3440 4821
7688 2 2 1000 205 3684 3801 4877
7689 2 2 1000 205 3327 3670 4417
7690 2 2 1000 205 3379 3382 4866
7691 2 2 1000 205 3984 4262 4809
7692 2 2 1000 205 3806 3685 4876
7693 2 2 1000 205 4871 4870 5057
7694 2 2 1000 205 3620 3496 4846
7695 2 2 1000 205 3359 3362 4864
7696 2 2 1000 205 3709 3677 4878
7697 2 2 1000 205 4730 4388 5177
7698 2 2 1000 205 3431 3434 4820
7699 2 2 1000 205 3687 3688 3792
7700 2 2 1000 205 3980 4261 4807
7701 2 2 1000 205 3792 3793 4033
7702 2 2 1000 205 3738 3671 3739
7703 2 2 1000 205 4364 4885 4951
7704 2 2 1000 205 4208 4209 4884
7705 2 2 1000 205 3387 3390 4863
7706 2 2 1000 205 3646 3351 4906
7707 2 2 1000 205 4182 4185 4862
7708 2 2 1000 205 4212 4213 4381
7709 2 2 1000 205 3425 3428 4811
7710 2 2 1000 205 3614 3502 4848
7711 2 2 1000 205 3514 3516 4854
7712 2 2 1000 205 4851 4850 4852
7713 2 2 1000 205 4048 4423 4881
7714 2 2 1000 205 4192 4799 4862
7715 2 2 1000 205 3714 3715 3875
7716 2 2 1000 205 3376 3377 3638
7717 2 2 1000 205 3775 3765 4879
7718 2 2 1000 205 4230 4227 5106
7719 2 2 1000 205 3643 4101 4864
7720 2 2 1000 205 3413 3416 4825
7721 2 2 1000 205 3608 3508 4849
7722 2 2 1000 205 3350 3646 3647
7723 2 2 1000 205 4816 4086 4817
7724 2 2 1000 205 3402 3403 3404
7725 2 2 1000 205 3736 3906 3907
7726 2 2 1000 205 3786 3785 3787
7727 2 2 1000 205 3875 3876 4301
7728 2 2 1000 205 4301 4354 4476
7729 2 2 1000 205 4215 3806 4876
7730 2 2 1000 205 4873 4366 4874
7731 2 2 1000 205 3598 3514 4854
7732 2 2 1000 205 3801 4208 4877
7733 2 2 1000 205 4207 4398 4399
7734 2 2 1000 205 3399 3402 4823
7735 2 2 1000 205 3923 3922 3924
7736 2 2 1000 205 3551 3553 4873
7737 2 2 1000 205 4092 3960 4803
7738 2 2 1000 205 3653 3713 4882
7739 2 2 1000 205 3907 4272 4736
7740 2 2 1000 205 3952 4842 4844
7741 2 2 1000 205 3897 3787 4012
7742 2 2 1000 205 3418 3419 4875
7743 2 2 1000 205 3649 3703 3718
7744 2 2 1000 205 4355 4012 4427
7745 2 2 1000 205 3416 3417 3418
7746 2 2 1000 205 4216 3709 4878
7747 2 2 1000 205 4170 4173 4889
7748 2 2 1000 205 3724 3722 3726
7749 2 2 1000 205 4516 4075 4881
7750 2 2 1000 205 4157 4159 4160
7751 2 2 1000 205 3422 3423 3424
7752 2 2 1000 205 4869 4870 4871
7753 2 2 1000 205 4085 4000 4270
7754 2 2 1000 205 3373 3376 4826
7755 2 2 1000 205 4313 4004 4458
7756 2 2 1000 205 4034 4036 4037
7757 2 2 1000 205 3428 3429 3430
7758 2 2 1000 205 4038 4040 4074
7759 2 2 1000 205 3801 4016 4208
7760 2 2 1000 205 3556 3671 3738
7761 2 2 1000 205 3797 4078 4093
7762 2 2 1000 205 3383 3385 3386
7763 2 2 1000 205 4209 4211 4212
7764 2 2 1000 205 4351 3924 4352
7765 2 2 1000 205 4059 4060 4163
7766 2 2 1000 205 4057 4058 4059
7767 2 2 1000 205 3605 3733 4771
7768 2 2 1000 205 3912 3709 4216
7769 2 2 1000 205 3767 3770 4887
7770 2 2 1000 205 4329 4330 4331
7771 2 2 1000 205 4163 4164 4165
7772 2 2 1000 205 4100 4292 4795
7773 2 2 1000 205 3727 3726 3728
7774 2 2 1000 205 4008 3806 4215
7775 2 2 1000 205 3387 3389 3390
7776 2 2 1000 205 3682 3683 3796
7777 2 2 1000 205 3379 3381 3382
7778 2 2 1000 205 4348 4731 4792
7779 2 2 1000 205 3391 3393 3394
7780 2 2 1000 205 3362 3363 3642
7781 2 2 1000 205 3395 3397 3398
7782 2 2 1000 205 4192 4798 4799
7783 2 2 1000 205 3540 3539 3541
7784 2 2 1000 205 4093 4494 4495
7785 2 2 1000 205 3373 3375 3376
7786 2 2 1000 205 3434 3435 3436
7787 2 2 1000 205 3617 3680 4786
7788 2 2 1000 205 3730 3802 3803
7789 2 2 1000 205 3637 3758 4895
7790 2 2 1000 205 3399 3401 3402
7791 2 2 1000 205 4788 4149 4872
7792 2 2 1000 205 3369 3371 3372
7793 2 2 1000 205 4169 4170 4889
7794 2 2 1000 205 3553 3556 4873
7795 2 2 1000 205 3647 3648 3649
7796 2 2 1000 205 3440 3441 3442
7797 2 2 1000 205 4173 4174 4175
7798 2 2 1000 205 4175 4176 4177
7799 2 2 1000 205 4103 4498 4558
7800 2 2 1000 205 5023 4401 5080
7801 2 2 1000 205 3405 3407 3408
7802 2 2 1000 205 3440 3627 4821
7803 2 2 1000 205 3548 3547 3549
7804 2 2 1000 205 3409 3411 3412
7805 2 2 1000 205 3713 3901 4207
7806 2 2 1000 205 3713 4207 4882
7807 2 2 1000 205 4835 3721 4893
7808 2 2 1000 205 3798 4099 4100
7809 2 2 1000 205 4766 5098 5115
7810 2 2 1000 205 3803 4013 4014
7811 2 2 1000 205 4156 4158 4765
7812 2 2 1000 205 3365 3367 3368
7813 2 2 1000 205 3413 3415 3416
7814 2 2 1000 205 3446 3447 3448
7815 2 2 1000 205 3448 3449 3450
7816 2 2 1000 205 4859 4933 4979
7817 2 2 1000 205 3434 3626 4820
7818 2 2 1000 205 4014 4306 4750
7819 2 2 1000 205 391 392 3199
7820 2 2 1000 205 371 372 3202
7821 2 2 1000 205 418 419 3197
7822 2 2 1000 205 438 439 3200
7823 2 2 1000 205 478 479 3198
7824 2 2 1000 205 458 459 3201
7825 2 2 1000 205 486 487 3196
7826 2 2 1000 205 428 429 3193
7827 2 2 1000 205 401 402 3194
7828 2 2 1000 205 381 382 3191
7829 2 2 1000 205 468 469 3192
7830 2 2 1000 205 448 449 3190
7831 2 2 1000 205 361 362 3189
7832 2 2 1000 205 4185 4192 4862
7833 2 2 1000 205 414 415 3188
7834 2 2 1000 205 395 396 3186
7835 2 2 1000 205 434 435 3185
7836 2 2 1000 205 462 463 3184
7837 2 2 1000 205 482 483 3187
7838 2 2 1000 205 375 376 3182
7839 2 2 1000 205 367 368 3183
7840 2 2 1000 205 387 388 3179
7841 2 2 1000 205 407 408 3176
7842 2 2 1000 205 442 443 3180
7843 2 2 1000 205 454 455 3181
7844 2 2 1000 205 474 475 3178
7845 2 2 1000 205 422 423 3177
7846 2 2 1000 205 4152 4507 4508
7847 2 2 1000 205 4185 4186 4187
7848 2 2 1000 205 4148 4150 4774
7849 2 2 1000 205 416 417 3256
7850 2 2 1000 205 369 370 3266
7851 2 2 1000 205 460 461 3264
7852 2 2 1000 205 393 394 3257
7853 2 2 1000 205 480 481 3265
7854 2 2 1000 205 440 441 3267
7855 2 2 1000 205 456 457 3260
7856 2 2 1000 205 373 374 3261
7857 2 2 1000 205 436 437 3258
7858 2 2 1000 205 389 390 3268
7859 2 2 1000 205 476 477 3269
7860 2 2 1000 205 420 421 3259
7861 2 2 1000 205 484 485 3263
7862 2 2 1000 205 4187 4188 4189
7863 2 2 1000 205 4100 4194 4195
7864 2 2 1000 205 3382 3383 4868
7865 2 2 1000 205 4050 3782 4051
7866 2 2 1000 205 3419 3421 3422
7867 2 2 1000 205 3391 3394 4891
7868 2 2 1000 205 3454 3455 3456
7869 2 2 1000 205 3428 3624 4811
7870 2 2 1000 205 425 426 3230
7871 2 2 1000 205 398 399 3229
7872 2 2 1000 205 465 466 3227
7873 2 2 1000 205 384 385 3223
7874 2 2 1000 205 431 432 3221
7875 2 2 1000 205 364 365 3225
7876 2 2 1000 205 404 405 3231
7877 2 2 1000 205 471 472 3224
7878 2 2 1000 205 378 379 3222
7879 2 2 1000 205 445 446 3228
7880 2 2 1000 205 451 452 3220
7881 2 2 1000 205 4195 4196 4197
7882 2 2 1000 205 409 410 3270
7883 2 2 1000 205 4189 4190 4193
7884 2 2 1000 205 3362 3643 4864
7885 2 2 1000 205 411 412 3226
7886 2 2 1000 205 3456 3457 3458
7887 2 2 1000 205 3386 3387 4863
7888 2 2 1000 205 3643 3645 4101
7889 2 2 1000 205 4054 4056 4057
7890 2 2 1000 205 3425 3427 3428
7891 2 2 1000 205 4097 3725 4098
7892 2 2 1000 205 4141 4143 4145
7893 2 2 1000 205 3458 3459 3460
7894 2 2 1000 205 4197 4198 4199
7895 2 2 1000 205 4108 4107 4109
7896 2 2 1000 205 4946 4370 5011
7897 2 2 1000 205 3416 3622 4825
7898 2 2 1000 205 4166 4168 4169
7899 2 2 1000 205 4088 3972 4831
7900 2 2 1000 205 3359 3361 3362
7901 2 2 1000 205 3431 3433 3434
7902 2 2 1000 205 3466 3467 3468
7903 2 2 1000 205 3464 3465 3466
7904 2 2 1000 205 4110 4109 4111
7905 2 2 1000 205 4244 4245 4246
7906 2 2 1000 205 3468 3469 3470
7907 2 2 1000 205 3718 3703 3719
7908 2 2 1000 205 4170 4172 4173
7909 2 2 1000 205 3629 3699 3700
7910 2 2 1000 205 4103 4247 4498
7911 2 2 1000 205 3437 3439 3440
7912 2 2 1000 205 3908 4104 4105
7913 2 2 1000 205 3738 3740 4366
7914 2 2 1000 205 3470 3471 3472
7915 2 2 1000 205 4797 4349 5104
7916 2 2 1000 205 3402 3625 4823
7917 2 2 1000 205 3647 3646 3648
7918 2 2 1000 205 3443 3445 3446
7919 2 2 1000 205 4764 4159 4919
7920 2 2 1000 205 4178 4180 4181
7921 2 2 1000 205 4116 4115 4117
7922 2 2 1000 205 4182 4184 4185
7923 2 2 1000 205 3356 3357 4787
7924 2 2 1000 205 4105 4201 4202
7925 2 2 1000 205 4118 4117 4119
7926 2 2 1000 205 3404 3405 4838
7927 2 2 1000 205 3478 3479 3480
7928 2 2 1000 205 3476 3477 3478
7929 2 2 1000 205 4120 4119 4121
7930 2 2 1000 205 4202 4203 4204
7931 2 2 1000 205 4204 4205 4206
7932 2 2 1000 205 4123 4121 4124
7933 2 2 1000 205 3687 3640 3688
7934 2 2 1000 205 3480 3481 3482
7935 2 2 1000 205 3451 3453 3454
7936 2 2 1000 205 4125 4124 4126
7937 2 2 1000 205 4089 3966 4827
7938 2 2 1000 205 3952 3953 3954
7939 2 2 1000 205 4206 4236 4237
7940 2 2 1000 205 3482 3483 3484
7941 2 2 1000 205 3676 3785 3786
7942 2 2 1000 205 3758 3762 4895
7943 2 2 1000 205 3376 3639 4826
7944 2 2 1000 205 3954 3955 3956
7945 2 2 1000 205 3700 3864 3865
7946 2 2 1000 205 4127 4126 4128
7947 2 2 1000 205 4933 4776 4979
7948 2 2 1000 205 3956 3957 3958
7949 2 2 1000 205 3484 3485 3486
7950 2 2 1000 205 4867 3382 4868
7951 2 2 1000 205 3890 4073 4274
7952 2 2 1000 205 3372 4850 4851
7953 2 2 1000 205 3958 3959 3960
7954 2 2 1000 205 4237 4238 4239
7955 2 2 1000 205 3960 3961 3962
7956 2 2 1000 205 3865 4066 4067
7957 2 2 1000 205 4129 4128 4130
7958 2 2 1000 205 4256 3768 4892
7959 2 2 1000 205 3486 3487 3488
7960 2 2 1000 205 4200 4243 4244
7961 2 2 1000 205 4345 4346 4727
7962 2 2 1000 205 4033 3793 4034
7963 2 2 1000 205 4239 4240 4241
7964 2 2 1000 205 3461 3463 3464
7965 2 2 1000 205 3488 3489 3490
7966 2 2 1000 205 4067 4284 4345
7967 2 2 1000 205 3962 3963 3964
7968 2 2 1000 205 3714 3630 3715
7969 2 2 1000 205 3768 3766 4892
7970 2 2 1000 205 3649 3701 3703
7971 2 2 1000 205 3792 3688 3793
7972 2 2 1000 205 3628 3404 4838
7973 2 2 1000 205 3490 3491 3492
7974 2 2 1000 205 4131 4130 4132
7975 2 2 1000 205 4241 4248 4249
7976 2 2 1000 205 4771 3733 4907
7977 2 2 1000 205 3797 4093 4907
7978 2 2 1000 205 3964 3965 3966
7979 2 2 1000 205 4249 4250 4251
7980 2 2 1000 205 4133 4132 4134
7981 2 2 1000 205 4135 4134 4136
7982 2 2 1000 205 3762 3764 4218
7983 2 2 1000 205 3492 3493 3494
7984 2 2 1000 205 4251 4255 4280
7985 2 2 1000 205 4381 4213 4402
7986 2 2 1000 205 3818 3775 4222
7987 2 2 1000 205 3966 3967 3968
7988 2 2 1000 205 4137 4136 4138
7989 2 2 1000 205 3494 3495 3496
7990 2 2 1000 205 3968 3969 3970
7991 2 2 1000 205 4114 4112 4115
7992 2 2 1000 205 4355 4427 4747
7993 2 2 1000 205 3897 4012 4355
7994 2 2 1000 205 3786 3787 3897
7995 2 2 1000 205 3970 3971 3972
7996 2 2 1000 205 4280 4696 4704
7997 2 2 1000 205 4208 4016 4209
7998 2 2 1000 205 4821 3627 4912
7999 2 2 1000 205 4037 4036 4038
8000 2 2 1000 205 3496 3497 3498
8001 2 2 1000 205 4212 4211 4213
8002 2 2 1000 205 3972 3973 3974
8003 2 2 1000 205 3351 3353 4906
8004 2 2 1000 205 3498 3499 3500
8005 2 2 1000 205 3382 3381 3383
8006 2 2 1000 205 3386 3385 3387
8007 2 2 1000 205 3473 3475 3476
8008 2 2 1000 205 3390 3389 3391
8009 2 2 1000 205 3730 3803 4912
8010 2 2 1000 205 3974 3975 3976
8011 2 2 1000 205 3759 3757 4894
8012 2 2 1000 205 3500 3501 3502
8013 2 2 1000 205 3376 3375 3377
8014 2 2 1000 205 3682 3644 3683
8015 2 2 1000 205 3912 4216 4400
8016 2 2 1000 205 3502 3503 3504
8017 2 2 1000 205 3976 3977 3978
8018 2 2 1000 205 4264 3759 4894
8019 2 2 1000 205 3394 3393 3395
8020 2 2 1000 205 3808 3951 3952
8021 2 2 1000 205 4387 4388 4389
8022 2 2 1000 205 3543 3545 5037
8023 2 2 1000 205 3404 3403 3405
8024 2 2 1000 205 3372 3371 3373
8025 2 2 1000 205 3978 3979 3980
8026 2 2 1000 205 3398 3397 3399
8027 2 2 1000 205 3504 3505 3506
8028 2 2 1000 205 3875 3715 3876
8029 2 2 1000 205 3980 3981 3982
8030 2 2 1000 205 3742 3922 3923
8031 2 2 1000 205 4157 4155 4159
8032 2 2 1000 205 3368 3367 3369
8033 2 2 1000 205 4301 3876 4354
8034 2 2 1000 205 3402 3401 3403
8035 2 2 1000 205 3506 3507 3508
8036 2 2 1000 205 4476 4354 4751
8037 2 2 1000 205 3982 3983 3984
8038 2 2 1000 205 3508 3509 3510
8039 2 2 1000 205 3649 3648 3701
8040 2 2 1000 205 3353 3355 3356
8041 2 2 1000 205 3984 3985 3986
8042 2 2 1000 205 4857 3454 4904
8043 2 2 1000 205 3510 3511 3512
8044 2 2 1000 205 4207 3901 4398
8045 2 2 1000 205 3986 3987 3988
8046 2 2 1000 205 3729 4855 4888
8047 2 2 1000 205 3408 3407 3409
8048 2 2 1000 205 3512 3513 3514
8049 2 2 1000 205 5101 4843 5113
8050 2 2 1000 205 3988 3989 3990
8051 2 2 1000 205 3418 3417 3419
8052 2 2 1000 205 3412 3411 3413
8053 2 2 1000 205 3514 3515 3516
8054 2 2 1000 205 4073 4102 4103
8055 2 2 1000 205 3990 3991 3992
8056 2 2 1000 205 4863 3390 5145
8057 2 2 1000 205 3416 3415 3417
8058 2 2 1000 205 3516 3517 3518
8059 2 2 1000 205 4498 4247 4533
8060 2 2 1000 205 3804 3731 4361
8061 2 2 1000 205 3992 3993 3994
8062 2 2 1000 205 3442 3443 4855
8063 2 2 1000 205 4093 4777 4907
8064 2 2 1000 205 3424 3423 3425
8065 2 2 1000 205 3518 3519 3520
8066 2 2 1000 205 3729 3442 4855
8067 2 2 1000 205 4054 4057 4969
8068 2 2 1000 205 4059 4058 4060
8069 2 2 1000 205 4352 4489 4733
8070 2 2 1000 205 3994 3995 3996
8071 2 2 1000 205 4163 4060 4164
8072 2 2 1000 205 3520 3521 3522
8073 2 2 1000 205 3996 3997 3998
8074 2 2 1000 205 4165 4164 4166
8075 2 2 1000 205 3522 3523 3524
8076 2 2 1000 205 599 600 4631
8077 2 2 1000 205 3430 3429 3431
8078 2 2 1000 205 3422 3421 3423
8079 2 2 1000 205 4057 4056 4058
8080 2 2 1000 205 3998 3999 4000
8081 2 2 1000 205 3524 3525 3526
8082 2 2 1000 205 3762 4218 4895
8083 2 2 1000 205 3798 3734 4099
8084 2 2 1000 205 3732 3450 4857
8085 2 2 1000 205 4160 4159 4764
8086 2 2 1000 205 3450 3451 4857
8087 2 2 1000 205 3428 3427 3429
8088 2 2 1000 205 3923 3924 4351
8089 2 2 1000 205 3362 3361 3363
8090 2 2 1000 205 3526 3527 3528
8091 2 2 1000 205 3528 3529 3530
8092 2 2 1000 205 3436 3435 3437
8093 2 2 1000 205 3803 4363 4912
8094 2 2 1000 205 4175 4174 4176
8095 2 2 1000 205 3530 3531 3532
8096 2 2 1000 205 4169 4168 4170
8097 2 2 1000 205 3541 3542 3543
8098 2 2 1000 205 4791 4140 4875
8099 2 2 1000 205 3532 3533 3534
8100 2 2 1000 205 3534 3538 3539
8101 2 2 1000 205 4806 4089 4827
8102 2 2 1000 205 4177 4176 4178
8103 2 2 1000 205 3434 3433 3435
8104 2 2 1000 205 3442 3441 3443
8105 2 2 1000 205 3723 3725 4097
8106 2 2 1000 205 4173 4172 4174
8107 2 2 1000 205 4226 4224 4227
8108 2 2 1000 205 3885 4021 4916
8109 2 2 1000 205 4867 4868 4890
8110 2 2 1000 205 3440 3439 3441
8111 2 2 1000 205 4830 4088 4831
8112 2 2 1000 205 4098 4107 4108
8113 2 2 1000 205 3556 3557 3671
8114 2 2 1000 205 3549 3550 3551
8115 2 2 1000 205 3448 3447 3449
8116 2 2 1000 205 4802 4092 4803
8117 2 2 1000 205 3890 3898 4073
8118 2 2 1000 205 4187 4186 4188
8119 2 2 1000 205 3543 3544 3545
8120 2 2 1000 205 3450 3449 3451
8121 2 2 1000 205 3545 3546 3547
8122 2 2 1000 205 4181 4180 4182
8123 2 2 1000 205 4189 4188 4190
8124 2 2 1000 205 3728 3899 3900
8125 2 2 1000 205 3446 3445 3447
8126 2 2 1000 205 4185 4184 4186
8127 2 2 1000 205 4100 4099 4194
8128 2 2 1000 205 5040 3593 5075
8129 2 2 1000 205 3498 3500 5012
8130 2 2 1000 205 3735 3472 4859
8131 2 2 1000 205 3908 3737 4104
8132 2 2 1000 205 3551 3552 3553
8133 2 2 1000 205 4004 3728 4860
8134 2 2 1000 205 4193 4190 4265
8135 2 2 1000 205 3456 3455 3457
8136 2 2 1000 205 3390 3391 4891
8137 2 2 1000 205 4103 4102 4247
8138 2 2 1000 205 4892 3766 4968
8139 2 2 1000 205 4869 3408 4870
8140 2 2 1000 205 3678 3650 4898
8141 2 2 1000 205 3701 3702 3890
8142 2 2 1000 205 3553 3554 3555
8143 2 2 1000 205 4195 4194 4196
8144 2 2 1000 205 3773 3768 4256
8145 2 2 1000 205 4826 3639 4922
8146 2 2 1000 205 4874 4366 4885
8147 2 2 1000 205 3458 3457 3459
8148 2 2 1000 205 3454 3453 3455
8149 2 2 1000 205 4197 4196 4198
8150 2 2 1000 205 3460 3459 3461
8151 2 2 1000 205 4149 4147 4872
8152 2 2 1000 205 3900 4360 4746
8153 2 2 1000 205 4844 4842 5069
8154 2 2 1000 205 3618 3564 4921
8155 2 2 1000 205 4199 4198 4200
8156 2 2 1000 205 3350 3351 3646
8157 2 2 1000 205 4159 4886 4919
8158 2 2 1000 205 3472 3473 4859
8159 2 2 1000 205 3750 3752 4376
8160 2 2 1000 205 4370 4946 5037
8161 2 2 1000 205 3466 3465 3467
8162 2 2 1000 205 3676 3786 4922
8163 2 2 1000 205 4108 4109 4110
8164 2 2 1000 205 3468 3467 3469
8165 2 2 1000 205 3761 3759 4264
8166 2 2 1000 205 4246 4245 4724
8167 2 2 1000 205 3750 4376 4915
8168 2 2 1000 205 4110 4111 4112
8169 2 2 1000 205 3464 3463 3465
8170 2 2 1000 205 3470 3469 3471
8171 2 2 1000 205 4229 4227 4230
8172 2 2 1000 205 4244 4243 4245
8173 2 2 1000 205 4785 4370 5037
8174 2 2 1000 205 4366 3740 4951
8175 2 2 1000 205 3717 3678 4898
8176 2 2 1000 205 3472 3471 3473
8177 2 2 1000 205 3755 3771 4377
8178 2 2 1000 205 3818 4222 4416
8179 2 2 1000 205 3562 3563 3672
8180 2 2 1000 205 4105 4104 4201
8181 2 2 1000 205 4140 3418 4875
8182 2 2 1000 205 4116 4117 4118
8183 2 2 1000 205 3478 3477 3479
8184 2 2 1000 205 4794 4793 5178
8185 2 2 1000 205 4118 4119 4120
8186 2 2 1000 205 3480 3479 3481
8187 2 2 1000 205 4114 4115 4116
8188 2 2 1000 205 4202 4201 4203
8189 2 2 1000 205 4614 4613 4615
8190 2 2 1000 205 4120 4121 4123
8191 2 2 1000 205 4204 4203 4205
8192 2 2 1000 205 3954 3953 3955
8193 2 2 1000 205 3482 3481 3483
8194 2 2 1000 205 3631 4882 4928
8195 2 2 1000 205 4894 3757 4954
8196 2 2 1000 205 4123 4124 4125
8197 2 2 1000 205 3476 3475 3477
8198 2 2 1000 205 4206 4205 4236
8199 2 2 1000 205 3956 3955 3957
8200 2 2 1000 205 3628 4838 4929
8201 2 2 1000 205 3484 3483 3485
8202 2 2 1000 205 3952 3951 3953
8203 2 2 1000 205 3520 3522 5028
8204 2 2 1000 205 4464 4463 4465
8205 2 2 1000 205 3578 4837 5132
8206 2 2 1000 205 3958 3957 3959
8207 2 2 1000 205 4125 4126 4127
8208 2 2 1000 205 3715 3630 4929
8209 2 2 1000 205 3960 3959 3961
8210 2 2 1000 205 3556 3555 3557
8211 2 2 1000 205 4237 4236 4238
8212 2 2 1000 205 4023 4022 4775
8213 2 2 1000 205 3962 3961 3963
8214 2 2 1000 205 4127 4128 4129
8215 2 2 1000 205 3486 3485 3487
8216 2 2 1000 205 3356 3355 3357
8217 2 2 1000 205 3488 3487 3489
8218 2 2 1000 205 3964 3963 3965
8219 2 2 1000 205 4239 4238 4240
8220 2 2 1000 205 3490 3489 3491
8221 2 2 1000 205 4129 4130 4131
8222 2 2 1000 205 4241 4240 4248
8223 2 2 1000 205 3353 3356 4906
8224 2 2 1000 205 3966 3965 3967
8225 2 2 1000 205 3327 4417 4883
8226 2 2 1000 205 3492 3491 3493
8227 2 2 1000 205 4131 4132 4133
8228 2 2 1000 205 3169 4613 4614
8229 2 2 1000 205 4249 4248 4250
8230 2 2 1000 205 4133 4134 4135
8231 2 2 1000 205 3968 3967 3969
8232 2 2 1000 205 3494 3493 3495
8233 2 2 1000 205 4251 4250 4255
8234 2 2 1000 205 3169 4612 4613
8235 2 2 1000 205 3809 3689 4911
8236 2 2 1000 205 4135 4136 4137
8237 2 2 1000 205 3970 3969 3971
8238 2 2 1000 205 4073 3898 4102
8239 2 2 1000 205 3972 3971 3973
8240 2 2 1000 205 3496 3495 3497
8241 2 2 1000 205 4137 4138 4139
8242 2 2 1000 205 4034 4035 4036
8243 2 2 1000 205 4280 4255 4696
8244 2 2 1000 205 3974 3973 3975
8245 2 2 1000 205 3755 4377 4918
8246 2 2 1000 205 3498 3497 3499
8247 2 2 1000 205 3640 3638 4880
8248 2 2 1000 205 3500 3499 3501
8249 2 2 1000 205 4209 4210 4211
8250 2 2 1000 205 3383 3384 3385
8251 2 2 1000 205 3976 3975 3977
8252 2 2 1000 205 4858 3642 4897
8253 2 2 1000 205 3541 3543 4946
8254 2 2 1000 205 3733 3797 4907
8255 2 2 1000 205 4038 4039 4040
8256 2 2 1000 205 3884 3719 4283
8257 2 2 1000 205 3502 3501 3503
8258 2 2 1000 205 3890 3702 3898
8259 2 2 1000 205 3701 3648 3702
8260 2 2 1000 205 3377 3378 3379
8261 2 2 1000 205 3978 3977 3979
8262 2 2 1000 205 3387 3388 3389
8263 2 2 1000 205 4007 3806 4008
8264 2 2 1000 205 3373 3374 3375
8265 2 2 1000 205 3504 3503 3505
8266 2 2 1000 205 3980 3979 3981
8267 2 2 1000 205 3391 3392 3393
8268 2 2 1000 205 3716 3678 3717
8269 2 2 1000 205 4281 4008 4404
8270 2 2 1000 205 3721 3723 4893
8271 2 2 1000 205 3801 4015 4016
8272 2 2 1000 205 3395 3396 3397
8273 2 2 1000 205 3723 4097 4893
8274 2 2 1000 205 3982 3981 3983
8275 2 2 1000 205 5047 3632 5053
8276 2 2 1000 205 3379 3380 3381
8277 2 2 1000 205 3506 3505 3507
8278 2 2 1000 205 3786 4161 4922
8279 2 2 1000 205 4040 4217 4348
8280 2 2 1000 205 4385 4386 4387
8281 2 2 1000 205 3627 3730 4912
8282 2 2 1000 205 3984 3983 3985
8283 2 2 1000 205 4348 4359 4731
8284 2 2 1000 205 3369 3370 3371
8285 2 2 1000 205 3508 3507 3509
8286 2 2 1000 205 3399 3400 3401
8287 2 2 1000 205 3893 3705 4271
8288 2 2 1000 205 4859 3476 4933
8289 2 2 1000 205 3986 3985 3987
8290 2 2 1000 205 3510 3509 3511
8291 2 2 1000 205 4434 4051 4947
8292 2 2 1000 205 3988 3987 3989
8293 2 2 1000 205 3722 3583 5011
8294 2 2 1000 205 3512 3511 3513
8295 2 2 1000 205 3541 3539 3542
8296 2 2 1000 205 3805 3685 3806
8297 2 2 1000 205 3990 3989 3991
8298 2 2 1000 205 3405 3406 3407
8299 2 2 1000 205 3911 3709 3912
8300 2 2 1000 205 3514 3513 3515
8301 2 2 1000 205 3728 3726 3899
8302 2 2 1000 205 3933 4466 4467
8303 2 2 1000 205 3681 3813 4903
8304 2 2 1000 205 3409 3410 3411
8305 2 2 1000 205 3992 3991 3993
8306 2 2 1000 205 3347 3349 3350
8307 2 2 1000 205 3516 3515 3517
8308 2 2 1000 205 3684 3800 3801
8309 2 2 1000 205 3681 3812 3813
8310 2 2 1000 205 3994 3993 3995
8311 2 2 1000 205 3518 3517 3519
8312 2 2 1000 205 3413 3414 3415
8313 2 2 1000 205 3713 3819 3901
8314 2 2 1000 205 3365 3366 3367
8315 2 2 1000 205 3549 3547 3550
8316 2 2 1000 205 3742 3923 4951
8317 2 2 1000 205 3520 3519 3521
8318 2 2 1000 205 3996 3995 3997
8319 2 2 1000 205 3655 3681 4903
8320 2 2 1000 205 4458 4004 4860
8321 2 2 1000 205 3576 4952 5042
8322 2 2 1000 205 3522 3521 3523
8323 2 2 1000 205 3998 3997 3999
8324 2 2 1000 205 3516 3518 5038
8325 2 2 1000 205 4093 4495 4777
8326 2 2 1000 205 3524 3523 3525
8327 2 2 1000 205 4000 3999 4001
8328 2 2 1000 205 3419 3420 3421
8329 2 2 1000 205 4048 3894 4423
8330 2 2 1000 205 4749 4858 4927
8331 2 2 1000 205 3888 3754 3889
8332 2 2 1000 205 3526 3525 3527
8333 2 2 1000 205 3883 4053 4054
8334 2 2 1000 205 3708 3677 3709
8335 2 2 1000 205 3753 3882 3883
8336 2 2 1000 205 3902 4419 4420
8337 2 2 1000 205 3695 3656 3754
8338 2 2 1000 205 4054 4055 4056
8339 2 2 1000 205 3425 3426 3427
8340 2 2 1000 205 3803 4014 4363
8341 2 2 1000 205 3653 3712 3713
8342 2 2 1000 205 3528 3527 3529
8343 2 2 1000 205 4155 4153 4886
8344 2 2 1000 205 3363 3365 4897
8345 2 2 1000 205 3530 3529 3531
8346 2 2 1000 205 3250 593 4688
8347 2 2 1000 205 4166 4167 4168
8348 2 2 1000 205 3363 3364 3365
8349 2 2 1000 205 4162 3715 4929
8350 2 2 1000 205 3532 3531 3533
8351 2 2 1000 205 3773 4256 4395
8352 2 2 1000 205 3534 3533 3538
8353 2 2 1000 205 4170 4171 4172
8354 2 2 1000 205 3431 3432 3433
8355 2 2 1000 205 3902 4420 4896
8356 2 2 1000 205 4253 3809 4911
8357 2 2 1000 205 3651 3696 3753
8358 2 2 1000 205 3543 3542 3544
8359 2 2 1000 205 3732 4857 4955
8360 2 2 1000 205 3731 3729 4888
8361 2 2 1000 205 4065 3809 4253
8362 2 2 1000 205 3437 3438 3439
8363 2 2 1000 205 4099 3734 4955
8364 2 2 1000 205 3169 595 4612
8365 2 2 1000 205 4097 4098 4917
8366 2 2 1000 205 3545 3544 3546
8367 2 2 1000 205 4376 3752 4379
8368 2 2 1000 205 4178 4179 4180
8369 2 2 1000 205 4897 3368 4927
8370 2 2 1000 205 4355 4747 4748
8371 2 2 1000 205 3551 3550 3552
8372 2 2 1000 205 4182 4183 4184
8373 2 2 1000 205 3443 3444 3445
8374 2 2 1000 205 3639 3676 4922
8375 2 2 1000 205 585 586 4677
8376 2 2 1000 205 3553 3552 3554
8377 2 2 1000 205 3356 4787 5055
8378 2 2 1000 205 537 538 3171
8379 2 2 1000 205 549 550 3166
8380 2 2 1000 205 543 544 3159
8381 2 2 1000 205 594 595 3169
8382 2 2 1000 205 532 533 3170
8383 2 2 1000 205 515 516 3173
8384 2 2 1000 205 606 607 3168
8385 2 2 1000 205 520 521 3167
8386 2 2 1000 205 554 555 3174
8387 2 2 1000 205 509 510 3161
8388 2 2 1000 205 503 504 3164
8389 2 2 1000 205 572 573 3175
8390 2 2 1000 205 560 561 3162
8391 2 2 1000 205 589 590 3172
8392 2 2 1000 205 526 527 3158
8393 2 2 1000 205 566 567 3163
8394 2 2 1000 205 577 578 3165
8395 2 2 1000 205 600 601 3157
8396 2 2 1000 205 583 584 3160
8397 2 2 1000 205 3900 3899 4360
8398 2 2 1000 205 4247 4102 4766
8399 2 2 1000 205 576 577 4657
8400 2 2 1000 205 536 537 4627
8401 2 2 1000 205 542 543 4619
8402 2 2 1000 205 525 526 4658
8403 2 2 1000 205 571 572 4654
8404 2 2 1000 205 553 554 4643
8405 2 2 1000 205 548 549 4626
8406 2 2 1000 205 579 580 4678
8407 2 2 1000 205 3642 3363 4897
8408 2 2 1000 205 4265 4266 4267
8409 2 2 1000 205 3451 3452 3453
8410 2 2 1000 205 4891 3394 5146
8411 2 2 1000 205 575 576 4667
8412 2 2 1000 205 535 536 4668
8413 2 2 1000 205 552 553 3246
8414 2 2 1000 205 534 535 3248
8415 2 2 1000 205 574 575 3247
8416 2 2 1000 205 592 593 3250
8417 2 2 1000 205 518 519 3249
8418 2 2 1000 205 562 563 4673
8419 2 2 1000 205 568 569 4676
8420 2 2 1000 205 541 542 4669
8421 2 2 1000 205 547 548 4671
8422 2 2 1000 205 3359 3360 3361
8423 2 2 1000 205 540 541 3210
8424 2 2 1000 205 563 564 3214
8425 2 2 1000 205 603 604 3216
8426 2 2 1000 205 557 558 3204
8427 2 2 1000 205 506 507 3215
8428 2 2 1000 205 512 513 3207
8429 2 2 1000 205 546 547 3205
8430 2 2 1000 205 586 587 3209
8431 2 2 1000 205 569 570 3208
8432 2 2 1000 205 529 530 3211
8433 2 2 1000 205 580 581 3212
8434 2 2 1000 205 523 524 3206
8435 2 2 1000 205 597 598 3213
8436 2 2 1000 205 3786 3897 4161
8437 2 2 1000 205 4825 3622 5041
8438 2 2 1000 205 508 509 4644
8439 2 2 1000 205 3688 3640 4880
8440 2 2 1000 205 4496 4062 4497
8441 2 2 1000 205 4034 3793 4035
8442 2 2 1000 205 3480 3482 5064
8443 2 2 1000 205 4267 4268 4312
8444 2 2 1000 205 3741 3739 3772
8445 2 2 1000 205 4231 4230 4232
8446 2 2 1000 205 3461 3462 3463
8447 2 2 1000 205 3865 4067 4068
8448 2 2 1000 205 4061 3794 4062
8449 2 2 1000 205 3923 4364 4951
8450 2 2 1000 205 3630 3628 4929
8451 2 2 1000 205 4141 4145 5041
8452 2 2 1000 205 4200 4242 4243
8453 2 2 1000 205 3383 3381 3384
8454 2 2 1000 205 4209 4016 4210
8455 2 2 1000 205 4213 4211 4214
8456 2 2 1000 205 4038 4036 4039
8457 2 2 1000 205 3377 3375 3378
8458 2 2 1000 205 3391 3389 3392
8459 2 2 1000 205 3387 3385 3388
8460 2 2 1000 205 3774 3765 3775
8461 2 2 1000 205 3762 3763 3764
8462 2 2 1000 205 3395 3393 3396
8463 2 2 1000 205 3735 4859 4979
8464 2 2 1000 205 3764 4044 4045
8465 2 2 1000 205 3817 3775 3818
8466 2 2 1000 205 3373 3371 3374
8467 2 2 1000 205 3369 3367 3370
8468 2 2 1000 205 3661 4843 5101
8469 2 2 1000 205 3344 3345 4362
8470 2 2 1000 205 4113 4112 4114
8471 2 2 1000 205 4952 4895 5042
8472 2 2 1000 205 3399 3397 3400
8473 2 2 1000 205 4104 3737 4979
8474 2 2 1000 205 3758 3760 3762
8475 2 2 1000 205 3473 3474 3475
8476 2 2 1000 205 3405 3403 3406
8477 2 2 1000 205 3751 3606 3765
8478 2 2 1000 205 3160 584 4641
8479 2 2 1000 205 4398 3901 4896
8480 2 2 1000 205 3165 578 4616
8481 2 2 1000 205 4101 3645 5115
8482 2 2 1000 205 3167 521 4636
8483 2 2 1000 205 3166 550 4628
8484 2 2 1000 205 3171 538 4633
8485 2 2 1000 205 3158 527 4660
8486 2 2 1000 205 3350 3349 3351
8487 2 2 1000 205 3159 544 4610
8488 2 2 1000 205 3174 555 4645
8489 2 2 1000 205 3409 3407 3410
8490 2 2 1000 205 3162 561 4648
8491 2 2 1000 205 3175 573 4632
8492 2 2 1000 205 3163 567 4662
8493 2 2 1000 205 3770 3807 3808
8494 2 2 1000 205 3249 519 4689
8495 2 2 1000 205 3876 3715 4162
8496 2 2 1000 205 3539 3538 4915
8497 2 2 1000 205 3808 3950 3951
8498 2 2 1000 205 4225 4228 4254
8499 2 2 1000 205 3413 3411 3414
8500 2 2 1000 205 3767 3769 3770
8501 2 2 1000 205 3204 558 4675
8502 2 2 1000 205 3716 3717 3914
8503 2 2 1000 205 3583 3541 4946
8504 2 2 1000 205 3419 3417 3420
8505 2 2 1000 205 4751 4354 4752
8506 2 2 1000 205 3206 524 4680
8507 2 2 1000 205 3344 3343 3345
8508 2 2 1000 205 3528 3578 5149
8509 2 2 1000 205 4060 4058 4305
8510 2 2 1000 205 3547 3546 4918
8511 2 2 1000 205 3357 3358 3359
8512 2 2 1000 205 4166 4164 4167
8513 2 2 1000 205 3425 3423 3426
8514 2 2 1000 205 4328 4234 4329
8515 2 2 1000 205 4049 4048 4075
8516 2 2 1000 205 3898 3702 4221
8517 2 2 1000 205 4159 4155 4886
8518 2 2 1000 205 3580 3581 3595
8519 2 2 1000 205 4170 4168 4171
8520 2 2 1000 205 3431 3429 3432
8521 2 2 1000 205 4007 4008 4281
8522 2 2 1000 205 3934 3784 3935
8523 2 2 1000 205 3805 3806 4007
8524 2 2 1000 205 3923 4351 4364
8525 2 2 1000 205 3740 3742 4951
8526 2 2 1000 205 4281 4404 4405
8527 2 2 1000 205 4174 4172 4432
8528 2 2 1000 205 4178 4176 4179
8529 2 2 1000 205 4040 4039 4217
8530 2 2 1000 205 3437 3435 3438
8531 2 2 1000 205 3379 3378 3380
8532 2 2 1000 205 4348 4217 4359
8533 2 2 1000 205 3160 4642 4732
8534 2 2 1000 205 3741 3772 5067
8535 2 2 1000 205 4361 3731 4888
8536 2 2 1000 205 4022 4539 4540
8537 2 2 1000 205 3801 3800 4015
8538 2 2 1000 205 4898 3650 4953
8539 2 2 1000 205 3443 3441 3444
8540 2 2 1000 205 4188 4186 4191
8541 2 2 1000 205 4182 4180 4183
8542 2 2 1000 205 3468 3470 5078
8543 2 2 1000 205 3637 4895 4952
8544 2 2 1000 205 3401 3400 3631
8545 2 2 1000 205 3363 3361 3364
8546 2 2 1000 205 3734 3732 4955
8547 2 2 1000 205 4265 4190 4266
8548 2 2 1000 205 3451 3449 3452
8549 2 2 1000 205 3510 3512 5073
8550 2 2 1000 205 4211 4210 4899
8551 2 2 1000 205 4420 4419 4490
8552 2 2 1000 205 3901 3819 3902
8553 2 2 1000 205 4617 4616 4618
8554 2 2 1000 205 4770 4099 4955
8555 2 2 1000 205 3167 4637 4638
8556 2 2 1000 205 3393 3392 4902
8557 2 2 1000 205 3455 3453 3577
8558 2 2 1000 205 3162 4649 4650
8559 2 2 1000 205 3163 4663 4665
8560 2 2 1000 205 3713 3712 3819
8561 2 2 1000 205 3911 3912 4081
8562 2 2 1000 205 4065 4253 4514
8563 2 2 1000 205 4194 4099 4770
8564 2 2 1000 205 3461 3459 3462
8565 2 2 1000 205 3415 3414 3633
8566 2 2 1000 205 3385 3384 4986
8567 2 2 1000 205 3708 3709 3911
8568 2 2 1000 205 3813 3812 3933
8569 2 2 1000 205 4065 4514 4526
8570 2 2 1000 205 4663 4662 4664
8571 2 2 1000 205 4649 4648 4651
8572 2 2 1000 205 4098 4108 4917
8573 2 2 1000 205 4054 4053 4055
8574 2 2 1000 205 3883 3882 4053
8575 2 2 1000 205 4056 4055 4480
8576 2 2 1000 205 4001 4524 4525
8577 2 2 1000 205 3467 3465 3576
8578 2 2 1000 205 3818 4416 4436
8579 2 2 1000 205 3421 3420 3634
8580 2 2 1000 205 3381 3380 4948
8581 2 2 1000 205 4823 3625 5059
8582 2 2 1000 205 3950 3807 4003
8583 2 2 1000 205 3889 3754 4925
8584 2 2 1000 205 3753 3696 3882
8585 2 2 1000 205 4200 4198 4242
8586 2 2 1000 205 3407 3406 4905
8587 2 2 1000 205 3658 4877 4948
8588 2 2 1000 205 3427 3426 3635
8589 2 2 1000 205 3473 3471 3474
8590 2 2 1000 205 3629 3700 5059
8591 2 2 1000 205 4479 4003 4519
8592 2 2 1000 205 3584 3474 3766
8593 2 2 1000 205 3737 3735 4979
8594 2 2 1000 205 3953 3951 4430
8595 2 2 1000 205 4110 4112 4113
8596 2 2 1000 205 4876 3652 4956
8597 2 2 1000 205 4268 4266 4523
8598 2 2 1000 205 4044 3763 4046
8599 2 2 1000 205 3483 3481 3574
8600 2 2 1000 205 3479 3477 3661
8601 2 2 1000 205 3774 3817 4042
8602 2 2 1000 205 3959 3957 4047
8603 2 2 1000 205 3433 3432 3636
8604 2 2 1000 205 4116 4118 4735
8605 2 2 1000 205 3660 5033 5068
8606 2 2 1000 205 4113 4744 4745
8607 2 2 1000 205 4201 4104 4776
8608 2 2 1000 205 4957 4958 4960
8609 2 2 1000 205 3965 3963 4005
8610 2 2 1000 205 3637 3462 3757
8611 2 2 1000 205 3769 3768 3773
8612 2 2 1000 205 3767 3766 3768
8613 2 2 1000 205 3538 3606 3750
8614 2 2 1000 205 4120 4123 4358
8615 2 2 1000 205 4205 4203 4368
8616 2 2 1000 205 3538 3750 4915
8617 2 2 1000 205 4879 5040 5075
8618 2 2 1000 205 3342 3343 3344
8619 2 2 1000 205 3389 3388 4997
8620 2 2 1000 205 4168 4167 4908
8621 2 2 1000 205 3489 3487 3537
8622 2 2 1000 205 3439 3438 3641
8623 2 2 1000 205 4527 4183 4528
8624 2 2 1000 205 3646 4906 4935
8625 2 2 1000 205 3971 3969 4002
8626 2 2 1000 205 4042 4323 4542
8627 2 2 1000 205 3495 3493 3536
8628 2 2 1000 205 3367 3366 4967
8629 2 2 1000 205 4127 4129 4353
8630 2 2 1000 205 3365 3364 3366
8631 2 2 1000 205 4184 4183 4527
8632 2 2 1000 205 4442 4046 4485
8633 2 2 1000 205 3977 3975 4006
8634 2 2 1000 205 3750 3751 3752
8635 2 2 1000 205 4240 4238 4367
8636 2 2 1000 205 3588 3444 4403
8637 2 2 1000 205 3760 3759 3761
8638 2 2 1000 205 4133 4135 4350
8639 2 2 1000 205 3758 3757 3759
8640 2 2 1000 205 3445 3444 3588
8641 2 2 1000 205 3584 4887 4966
8642 2 2 1000 205 3501 3499 3535
8643 2 2 1000 205 3981 3979 4019
8644 2 2 1000 205 4360 4370 4785
8645 2 2 1000 205 3985 3983 4063
8646 2 2 1000 205 3897 4355 4920
8647 2 2 1000 205 4267 4266 4268
8648 2 2 1000 205 3641 3438 4220
8649 2 2 1000 205 4913 4179 4914
8650 2 2 1000 205 4255 4250 4737
8651 2 2 1000 205 4351 4352 5043
8652 2 2 1000 205 4061 4062 4496
8653 2 2 1000 205 3636 3432 4397
8654 2 2 1000 205 4180 4179 4913
8655 2 2 1000 205 3695 3754 3888
8656 2 2 1000 205 3989 3987 4285
8657 2 2 1000 205 3993 3991 4319
8658 2 2 1000 205 4973 4974 4975
8659 2 2 1000 205 3395 3398 5076
8660 2 2 1000 205 3795 4061 4279
8661 2 2 1000 205 3509 3507 3572
8662 2 2 1000 205 3546 3604 3755
8663 2 2 1000 205 3901 3902 4896
8664 2 2 1000 205 3635 3426 4219
8665 2 2 1000 205 3771 3794 3795
8666 2 2 1000 205 3997 3995 4298
8667 2 2 1000 205 3505 3503 3663
8668 2 2 1000 205 3702 3648 4935
8669 2 2 1000 205 3388 3385 4986
8670 2 2 1000 205 4480 4055 4574
8671 2 2 1000 205 4312 4268 4522
8672 2 2 1000 205 3542 3539 4915
8673 2 2 1000 205 3396 3393 4902
8674 2 2 1000 205 3353 3354 3355
8675 2 2 1000 205 4001 3999 4524
8676 2 2 1000 205 4214 4211 4899
8677 2 2 1000 205 3634 3420 4372
8678 2 2 1000 205 3517 3515 3575
8679 2 2 1000 205 4908 4167 4909
8680 2 2 1000 205 4053 3882 4083
8681 2 2 1000 205 3633 3414 3650
8682 2 2 1000 205 3411 3410 4953
8683 2 2 1000 205 3523 3521 3582
8684 2 2 1000 205 3513 3511 3662
8685 2 2 1000 205 3397 3396 4956
8686 2 2 1000 205 3463 3462 3637
8687 2 2 1000 205 3764 3763 4044
8688 2 2 1000 205 3902 3819 4342
8689 2 2 1000 205 3529 3527 3593
8690 2 2 1000 205 4019 4981 4982
8691 2 2 1000 205 3773 4395 4396
8692 2 2 1000 205 3648 3646 4935
8693 2 2 1000 205 3550 3547 4918
8694 2 2 1000 205 3774 3775 3817
8695 2 2 1000 205 3755 3756 3771
8696 2 2 1000 205 3690 3809 3810
8697 2 2 1000 205 3538 3533 3606
8698 2 2 1000 205 3631 3400 3652
8699 2 2 1000 205 3546 3544 3604
8700 2 2 1000 205 3762 3760 3763
8701 2 2 1000 205 4360 3899 4370
8702 2 2 1000 205 4381 4402 5144
8703 2 2 1000 205 3554 3552 3603
8704 2 2 1000 205 4221 4865 5098
8705 2 2 1000 205 3751 3765 3774
8706 2 2 1000 205 4958 4047 4959
8707 2 2 1000 205 3392 3389 4997
8708 2 2 1000 205 3810 3809 4065
8709 2 2 1000 205 4217 4039 4375
8710 2 2 1000 205 3716 3914 4314
8711 2 2 1000 205 3560 3558 4378
8712 2 2 1000 205 4379 3752 4380
8713 2 2 1000 205 4776 4104 4979
8714 2 2 1000 205 3753 3883 5082
8715 2 2 1000 205 4243 4242 4365
8716 2 2 1000 205 4870 3412 5057
8717 2 2 1000 205 3805 4007 4009
8718 2 2 1000 205 4878 3657 4972
8719 2 2 1000 205 4314 3914 4455
8720 2 2 1000 205 3808 3807 3950
8721 2 2 1000 205 3475 3474 3584
8722 2 2 1000 205 3770 3769 3807
8723 2 2 1000 205 3375 3374 4972
8724 2 2 1000 205 3160 4641 4642
8725 2 2 1000 205 4769 4394 5189
8726 2 2 1000 205 4113 4114 4744
8727 2 2 1000 205 3546 3755 4918
8728 2 2 1000 205 3888 3889 4325
8729 2 2 1000 205 3500 3614 5012
8730 2 2 1000 205 4899 4210 4900
8731 2 2 1000 205 3410 3407 4905
8732 2 2 1000 205 3380 3378 3657
8733 2 2 1000 205 3690 3689 3809
8734 2 2 1000 205 3651 3650 3678
8735 2 2 1000 205 3696 3678 3716
8736 2 2 1000 205 4884 4212 5122
8737 2 2 1000 205 4015 3800 4424
8738 2 2 1000 205 4210 4016 4987
8739 2 2 1000 205 4172 4171 5000
8740 2 2 1000 205 3911 4081 4311
8741 2 2 1000 205 4214 4899 4901
8742 2 2 1000 205 3400 3397 4956
8743 2 2 1000 205 4882 4207 5074
8744 2 2 1000 205 4016 4015 4987
8745 2 2 1000 205 3793 3688 4923
8746 2 2 1000 205 3883 4054 4969
8747 2 2 1000 205 3653 3652 3685
8748 2 2 1000 205 3712 3685 3805
8749 2 2 1000 205 3902 4342 4419
8750 2 2 1000 205 3378 3375 4972
8751 2 2 1000 205 3165 4616 4617
8752 2 2 1000 205 3726 3722 5011
8753 2 2 1000 205 3384 3381 4948
8754 2 2 1000 205 3631 3652 3653
8755 2 2 1000 205 3159 4610 4695
8756 2 2 1000 205 3171 4633 4634
8757 2 2 1000 205 3167 4636 4637
8758 2 2 1000 205 3249 4689 4690
8759 2 2 1000 205 3357 3355 3358
8760 2 2 1000 205 4015 4424 4501
8761 2 2 1000 205 3166 4628 4629
8762 2 2 1000 205 3163 4662 4663
8763 2 2 1000 205 3950 4003 4479
8764 2 2 1000 205 3162 4648 4649
8765 2 2 1000 205 3633 3650 3651
8766 2 2 1000 205 4314 4455 4685
8767 2 2 1000 205 3795 3794 4061
8768 2 2 1000 205 3414 3411 4953
8769 2 2 1000 205 3653 3685 3712
8770 2 2 1000 205 3739 3671 5056
8771 2 2 1000 205 3380 3657 3658
8772 2 2 1000 205 4221 4935 5055
8773 2 2 1000 205 3655 4903 4967
8774 2 2 1000 205 4044 4046 4442
8775 2 2 1000 205 5092 3811 5099
8776 2 2 1000 205 4042 3817 4323
8777 2 2 1000 205 3634 4372 4763
8778 2 2 1000 205 4442 4485 4529
8779 2 2 1000 205 3651 3678 3696
8780 2 2 1000 205 4171 4168 4908
8781 2 2 1000 205 3767 3768 3769
8782 2 2 1000 205 3584 3766 3767
8783 2 2 1000 205 3750 3606 3751
8784 2 2 1000 205 3637 3757 3758
8785 2 2 1000 205 3758 3759 3760
8786 2 2 1000 205 4877 4208 5077
8787 2 2 1000 205 3684 3708 3800
8788 2 2 1000 205 3771 3756 3794
8789 2 2 1000 205 4982 4981 4983
8790 2 2 1000 205 3658 3677 3684
8791 2 2 1000 205 3899 3726 5011
8792 2 2 1000 205 3755 3604 3756
8793 2 2 1000 205 4745 4744 4926
8794 2 2 1000 205 4665 4663 4666
8795 2 2 1000 205 5194 3931 5195
8796 2 2 1000 205 4380 5007 5051
8797 2 2 1000 205 3658 3657 3677
8798 2 2 1000 205 3403 3401 4928
8799 2 2 1000 205 3684 3677 3708
8800 2 2 1000 205 3359 3358 3360
8801 2 2 1000 205 4295 4446 4714
8802 2 2 1000 205 3366 3364 3654
8803 2 2 1000 205 4355 4748 4920
8804 2 2 1000 205 3370 3367 4967
8805 2 2 1000 205 3933 3812 4435
8806 2 2 1000 205 4058 4056 4930
8807 2 2 1000 205 4183 4180 4913
8808 2 2 1000 205 4215 4876 5079
8809 2 2 1000 205 4226 4227 4229
8810 2 2 1000 205 3461 3464 5071
8811 2 2 1000 205 3955 3953 4949
8812 2 2 1000 205 4196 4194 5020
8813 2 2 1000 205 4024 4343 4347
8814 2 2 1000 205 3417 3415 4931
8815 2 2 1000 205 3933 4435 4466
8816 2 2 1000 205 3664 3689 3690
8817 2 2 1000 205 3351 3352 3353
8818 2 2 1000 205 3423 3421 4932
8819 2 2 1000 205 4164 4060 4937
8820 2 2 1000 205 4354 3876 4934
8821 2 2 1000 205 3401 3631 4928
8822 2 2 1000 205 3374 3371 5023
8823 2 2 1000 205 3429 3427 4936
8824 2 2 1000 205 4161 3897 4920
8825 2 2 1000 205 3888 4325 4326
8826 2 2 1000 205 4385 4768 5035
8827 2 2 1000 205 3555 3554 5002
8828 2 2 1000 205 4171 4908 4910
8829 2 2 1000 205 5033 4371 5068
8830 2 2 1000 205 3681 3695 3812
8831 2 2 1000 205 3557 3555 3558
8832 2 2 1000 205 3366 3654 3655
8833 2 2 1000 205 4176 4174 4945
8834 2 2 1000 205 4858 4897 4927
8835 2 2 1000 205 3435 3433 4938
8836 2 2 1000 205 3690 3810 3811
8837 2 2 1000 205 4186 4184 4943
8838 2 2 1000 205 4227 4224 5068
8839 2 2 1000 205 3961 3959 4957
8840 2 2 1000 205 3441 3439 4942
8841 2 2 1000 205 3360 3358 3659
8842 2 2 1000 205 4056 4480 4930
8843 2 2 1000 205 3655 3656 3681
8844 2 2 1000 205 3661 4966 5069
8845 2 2 1000 205 3371 3370 5023
8846 2 2 1000 205 3415 3633 4931
8847 2 2 1000 205 4190 4188 4950
8848 2 2 1000 205 3354 3352 3660
8849 2 2 1000 205 3655 3654 3656
8850 2 2 1000 205 3681 3656 3695
8851 2 2 1000 205 3421 3634 4932
8852 2 2 1000 205 3465 3463 4952
8853 2 2 1000 205 4035 3793 4923
8854 2 2 1000 205 4935 4906 5055
8855 2 2 1000 205 3459 3457 4954
8856 2 2 1000 205 4334 4310 4518
8857 2 2 1000 205 4254 4228 4257
8858 2 2 1000 205 3427 3635 4936
8859 2 2 1000 205 3664 3603 3689
8860 2 2 1000 205 3477 3475 4966
8861 2 2 1000 205 4423 3894 5004
8862 2 2 1000 205 3957 3955 4971
8863 2 2 1000 205 3973 3971 4973
8864 2 2 1000 205 3554 3603 3664
8865 2 2 1000 205 5007 4042 5051
8866 2 2 1000 205 3688 4880 4923
8867 2 2 1000 205 4900 4210 4987
8868 2 2 1000 205 3471 3469 4968
8869 2 2 1000 205 3811 3810 3894
8870 2 2 1000 205 3433 3636 4938
8871 2 2 1000 205 4108 4110 4970
8872 2 2 1000 205 4252 4800 5113
8873 2 2 1000 205 3164 504 4652
8874 2 2 1000 205 4432 4172 5000
8875 2 2 1000 205 3533 3531 4990
8876 2 2 1000 205 3522 3621 5028
8877 2 2 1000 205 4184 4527 4943
8878 2 2 1000 205 3504 3506 5094
8879 2 2 1000 205 3439 3641 4942
8880 2 2 1000 205 3406 3403 4928
8881 2 2 1000 205 4221 3702 4935
8882 2 2 1000 205 3979 3977 4980
8883 2 2 1000 205 3360 3659 4373
8884 2 2 1000 205 4076 4075 4463
8885 2 2 1000 205 3963 3961 5025
8886 2 2 1000 205 4879 4990 5040
8887 2 2 1000 205 3983 3981 4988
8888 2 2 1000 205 3380 3658 4948
8889 2 2 1000 205 4931 3633 5045
8890 2 2 1000 205 4305 4058 4930
8891 2 2 1000 205 4939 4900 4940
8892 2 2 1000 205 3765 3606 4990
8893 2 2 1000 205 3364 3361 5017
8894 2 2 1000 205 3652 3400 4956
8895 2 2 1000 205 3420 3417 4931
8896 2 2 1000 205 4216 4878 5080
8897 2 2 1000 205 3463 3637 4952
8898 2 2 1000 205 3348 3346 4235
8899 2 2 1000 205 3361 3360 5017
8900 2 2 1000 205 3351 3349 3352
8901 2 2 1000 205 4369 4059 5157
8902 2 2 1000 205 3991 3989 4991
8903 2 2 1000 205 3426 3423 4932
8904 2 2 1000 205 3818 4436 5008
8905 2 2 1000 205 3650 3414 4953
8906 2 2 1000 205 5098 4865 5115
8907 2 2 1000 205 3876 4162 4934
8908 2 2 1000 205 4060 4305 4937
8909 2 2 1000 205 4167 4164 4937
8910 2 2 1000 205 4045 4044 5005
8911 2 2 1000 205 4752 4354 4934
8912 2 2 1000 205 3432 3429 4936
8913 2 2 1000 205 3657 3378 4972
8914 2 2 1000 205 3817 3818 5008
8915 2 2 1000 205 4528 4183 4913
8916 2 2 1000 205 3475 3584 4966
8917 2 2 1000 205 3995 3993 4994
8918 2 2 1000 205 4932 3634 5049
8919 2 2 1000 205 4174 4432 4945
8920 2 2 1000 205 3438 3435 4938
8921 2 2 1000 205 4171 4910 5000
8922 2 2 1000 205 3343 3341 5047
8923 2 2 1000 205 4370 3899 5011
8924 2 2 1000 205 4223 3660 4224
8925 2 2 1000 205 4114 4116 5030
8926 2 2 1000 205 3673 3596 5143
8927 2 2 1000 205 3782 3741 5067
8928 2 2 1000 205 4179 4176 4945
8929 2 2 1000 205 3999 3997 4995
8930 2 2 1000 205 3366 3655 4967
8931 2 2 1000 205 3354 3660 4223
8932 2 2 1000 205 4901 4899 4939
8933 2 2 1000 205 4899 4900 4939
8934 2 2 1000 205 4191 4186 4943
8935 2 2 1000 205 3444 3441 4942
8936 2 2 1000 205 4235 5047 5053
8937 2 2 1000 205 3975 3973 5029
8938 2 2 1000 205 4936 3635 5050
8939 2 2 1000 205 3667 3617 4786
8940 2 2 1000 205 4391 4389 4392
8941 2 2 1000 205 3558 3555 5002
8942 2 2 1000 205 3953 4430 4949
8943 2 2 1000 205 3635 4219 5026
8944 2 2 1000 205 4191 4943 4944
8945 2 2 1000 205 4188 4191 4950
8946 2 2 1000 205 4194 4770 5020
8947 2 2 1000 205 4868 3386 5119
8948 2 2 1000 205 4371 4235 4779
8949 2 2 1000 205 4266 4190 4950
8950 2 2 1000 205 4304 4509 4515
8951 2 2 1000 205 3651 3753 5045
8952 2 2 1000 205 4744 4114 5030
8953 2 2 1000 205 3636 4397 5027
8954 2 2 1000 205 4015 4501 4987
8955 2 2 1000 205 3576 3465 4952
8956 2 2 1000 205 3353 3352 3354
8957 2 2 1000 205 4257 4291 4304
8958 2 2 1000 205 3959 4047 4957
8959 2 2 1000 205 4232 4234 4328
8960 2 2 1000 205 3462 3459 4954
8961 2 2 1000 205 3895 3894 4048
8962 2 2 1000 205 4019 4982 4988
8963 2 2 1000 205 3654 3364 5017
8964 2 2 1000 205 4229 4230 4231
8965 2 2 1000 205 4165 4166 5175
8966 2 2 1000 205 4938 3636 5054
8967 2 2 1000 205 4959 4047 4971
8968 2 2 1000 205 3661 3477 4966
8969 2 2 1000 205 5021 4783 5123
8970 2 2 1000 205 4257 4228 4291
8971 2 2 1000 205 4523 4266 4950
8972 2 2 1000 205 4047 3957 4971
8973 2 2 1000 205 3474 3471 4968
8974 2 2 1000 205 4966 4887 5069
8975 2 2 1000 205 3347 3350 5022
8976 2 2 1000 205 3773 4396 5010
8977 2 2 1000 205 3971 4002 4973
8978 2 2 1000 205 4914 4179 4945
8979 2 2 1000 205 4110 4113 4970
8980 2 2 1000 205 3894 3810 5004
8981 2 2 1000 205 4065 4526 5004
8982 2 2 1000 205 3766 3474 4968
8983 2 2 1000 205 4304 4291 4509
8984 2 2 1000 205 4005 3963 5025
8985 2 2 1000 205 3810 4065 5004
8986 2 2 1000 205 5063 3577 5103
8987 2 2 1000 205 3769 3773 5010
8988 2 2 1000 205 3757 3462 4954
8989 2 2 1000 205 4403 3444 4942
8990 2 2 1000 205 4362 3345 5022
8991 2 2 1000 205 4220 3438 4938
8992 2 2 1000 205 4909 4167 4937
8993 2 2 1000 205 3977 4006 4980
8994 2 2 1000 205 4397 3432 4936
8995 2 2 1000 205 4003 3807 5010
8996 2 2 1000 205 4279 4061 5003
8997 2 2 1000 205 4219 3426 4932
8998 2 2 1000 205 4380 3752 5007
8999 2 2 1000 205 4019 3979 4980
9000 2 2 1000 205 4917 4108 4970
9001 2 2 1000 205 5000 4910 5001
9002 2 2 1000 205 4113 4745 4970
9003 2 2 1000 205 3760 3761 5006
9004 2 2 1000 205 3716 4314 4998
9005 2 2 1000 205 4372 3420 4931
9006 2 2 1000 205 3752 3751 5007
9007 2 2 1000 205 3606 3533 4990
9008 2 2 1000 205 4063 3983 4988
9009 2 2 1000 205 3805 4009 4993
9010 2 2 1000 205 3819 3712 4993
9011 2 2 1000 205 4009 5014 5015
9012 2 2 1000 205 3981 4019 4988
9013 2 2 1000 205 4957 4047 4958
9014 2 2 1000 205 3544 3542 5016
9015 2 2 1000 205 3696 3716 4998
9016 2 2 1000 205 3712 3805 4993
9017 2 2 1000 205 4225 4224 4226
9018 2 2 1000 205 4046 3763 5006
9019 2 2 1000 205 4116 4735 5030
9020 2 2 1000 205 4223 4224 4225
9021 2 2 1000 205 4319 3991 4991
9022 2 2 1000 205 3774 4042 5007
9023 2 2 1000 205 3989 4285 4991
9024 2 2 1000 205 4973 4002 4974
9025 2 2 1000 205 3882 3696 4998
9026 2 2 1000 205 4019 4980 4981
9027 2 2 1000 205 3578 5132 5149
9028 2 2 1000 205 3754 3656 5065
9029 2 2 1000 205 4198 4196 5032
9030 2 2 1000 205 3993 4319 4994
9031 2 2 1000 205 3345 3343 3346
9032 2 2 1000 205 4298 3995 4994
9033 2 2 1000 205 4319 4991 4992
9034 2 2 1000 205 4995 4298 4996
9035 2 2 1000 205 3997 4298 4995
9036 2 2 1000 205 4006 3975 5029
9037 2 2 1000 205 4424 3800 4999
9038 2 2 1000 205 4268 4523 5018
9039 2 2 1000 205 3708 3911 4999
9040 2 2 1000 205 4524 3999 4995
9041 2 2 1000 205 4375 5097 5119
9042 2 2 1000 205 3955 4949 4971
9043 2 2 1000 205 4083 3882 4998
9044 2 2 1000 205 3800 3708 4999
9045 2 2 1000 205 4342 3819 4993
9046 2 2 1000 205 3659 3358 5024
9047 2 2 1000 205 4061 4496 5003
9048 2 2 1000 205 4378 5092 5099
9049 2 2 1000 205 3518 3592 5038
9050 2 2 1000 205 4225 4226 4228
9051 2 2 1000 205 3347 3348 3349
9052 2 2 1000 205 4044 4442 5005
9053 2 2 1000 205 4007 4281 5014
9054 2 2 1000 205 4323 3817 5008
9055 2 2 1000 205 3552 3550 5031
9056 2 2 1000 205 3622 4141 5041
9057 2 2 1000 205 3763 3760 5006
9058 2 2 1000 205 3961 4957 5025
9059 2 2 1000 205 4242 4198 5032
9060 2 2 1000 205 3807 3769 5010
9061 2 2 1000 205 3751 3774 5007
9062 2 2 1000 205 4323 5008 5009
9063 2 2 1000 205 4372 4931 5045
9064 2 2 1000 205 3895 4049 4259
9065 2 2 1000 205 3911 4311 4999
9066 2 2 1000 205 3604 3544 5016
9067 2 2 1000 205 4352 4733 5043
9068 2 2 1000 205 4009 4007 5014
9069 2 2 1000 205 3358 3355 5024
9070 2 2 1000 205 4328 4329 4356
9071 2 2 1000 205 5172 4214 5181
9072 2 2 1000 205 4993 4009 5062
9073 2 2 1000 205 4915 4376 5016
9074 2 2 1000 205 4203 4201 5036
9075 2 2 1000 205 3355 3354 5024
9076 2 2 1000 205 3348 4235 4371
9077 2 2 1000 205 4522 4268 5018
9078 2 2 1000 205 3542 4915 5016
9079 2 2 1000 205 4378 3558 5002
9080 2 2 1000 205 4022 4020 4539
9081 2 2 1000 205 3660 3352 5033
9082 2 2 1000 205 4118 4120 5039
9083 2 2 1000 205 3559 3558 3560
9084 2 2 1000 205 4219 4932 5049
9085 2 2 1000 205 3603 3552 5031
9086 2 2 1000 205 4435 3812 5013
9087 2 2 1000 205 4946 3543 5037
9088 2 2 1000 205 4201 4776 5036
9089 2 2 1000 205 4368 4203 5036
9090 2 2 1000 205 4735 4118 5039
9091 2 2 1000 205 3973 4973 5029
9092 2 2 1000 205 4120 4358 5039
9093 2 2 1000 205 3557 3558 3559
9094 2 2 1000 205 4397 4936 5050
9095 2 2 1000 205 3812 3695 5013
9096 2 2 1000 205 4957 4960 5025
9097 2 2 1000 205 3360 4373 5017
9098 2 2 1000 205 4196 5020 5032
9099 2 2 1000 205 3531 3529 5040
9100 2 2 1000 205 4342 4993 5062
9101 2 2 1000 205 3550 4918 5031
9102 2 2 1000 205 3529 3593 5040
9103 2 2 1000 205 3695 3888 5013
9104 2 2 1000 205 3811 3894 3895
9105 2 2 1000 205 4824 3460 5151
9106 2 2 1000 205 4892 4968 5060
9107 2 2 1000 205 3895 4048 4049
9108 2 2 1000 205 4220 4938 5054
9109 2 2 1000 205 4331 4383 4460
9110 2 2 1000 205 3486 3488 5118
9111 2 2 1000 205 3345 3346 3347
9112 2 2 1000 205 4889 4173 5193
9113 2 2 1000 205 4918 4377 5031
9114 2 2 1000 205 4973 4975 5029
9115 2 2 1000 205 4324 4231 4453
9116 2 2 1000 205 3641 4220 5044
9117 2 2 1000 205 3595 3596 3610
9118 2 2 1000 205 4894 4954 5063
9119 2 2 1000 205 3888 4326 5013
9120 2 2 1000 205 4229 4231 4324
9121 2 2 1000 205 3554 3664 5002
9122 2 2 1000 205 3455 3577 5063
9123 2 2 1000 205 4231 4232 5034
9124 2 2 1000 205 3559 3562 5046
9125 2 2 1000 205 3467 3576 5060
9126 2 2 1000 205 4990 3531 5040
9127 2 2 1000 205 4035 4890 5097
9128 2 2 1000 205 3654 5017 5065
9129 2 2 1000 205 3926 3928 4762
9130 2 2 1000 205 4895 4218 5042
9131 2 2 1000 205 4359 4891 5146
9132 2 2 1000 205 3625 3629 5059
9133 2 2 1000 205 5144 4402 5153
9134 2 2 1000 205 3334 3339 5021
9135 2 2 1000 205 4051 3782 5067
9136 2 2 1000 205 4358 4123 5066
9137 2 2 1000 205 3345 3347 5022
9138 2 2 1000 205 4911 3689 5100
9139 2 2 1000 205 5017 4373 5065
9140 2 2 1000 205 5051 4542 5052
9141 2 2 1000 205 3339 3341 3342
9142 2 2 1000 205 3772 3739 5056
9143 2 2 1000 205 3671 5046 5056
9144 2 2 1000 205 3354 4223 5024
9145 2 2 1000 205 4127 4353 5070
9146 2 2 1000 205 4036 4035 5097
9147 2 2 1000 205 3671 3557 5046
9148 2 2 1000 205 3599 3480 5064
9149 2 2 1000 205 4561 4573 4590
9150 2 2 1000 205 4954 3457 5063
9151 2 2 1000 205 4731 4359 5146
9152 2 2 1000 205 4177 4178 5208
9153 2 2 1000 205 4968 3469 5060
9154 2 2 1000 205 3588 4403 5058
9155 2 2 1000 205 3469 3467 5060
9156 2 2 1000 205 4225 4254 5081
9157 2 2 1000 205 3347 3346 3348
9158 2 2 1000 205 3342 3341 3343
9159 2 2 1000 205 3457 3455 5063
9160 2 2 1000 205 3633 3651 5045
9161 2 2 1000 205 4042 4542 5051
9162 2 2 1000 205 4793 5076 5178
9163 2 2 1000 205 4232 4328 5034
9164 2 2 1000 205 3634 4763 5049
9165 2 2 1000 205 3445 3588 5085
9166 2 2 1000 205 4123 4125 5066
9167 2 2 1000 205 4049 4075 4076
9168 2 2 1000 205 3341 3632 5047
9169 2 2 1000 205 4972 3374 5080
9170 2 2 1000 205 4766 4102 5098
9171 2 2 1000 205 3512 3598 5073
9172 2 2 1000 205 4803 4804 5150
9173 2 2 1000 205 3559 3561 3562
9174 2 2 1000 205 4243 4365 5093
9175 2 2 1000 205 3384 4948 5077
9176 2 2 1000 205 4125 4127 5070
9177 2 2 1000 205 3406 4928 5074
9178 2 2 1000 205 3352 3349 5033
9179 2 2 1000 205 3898 4221 5098
9180 2 2 1000 205 4906 3356 5055
9181 2 2 1000 205 4956 3396 5079
9182 2 2 1000 205 4894 5063 5103
9183 2 2 1000 205 3743 3585 3744
9184 2 2 1000 205 4222 4879 5075
9185 2 2 1000 205 4353 4129 5084
9186 2 2 1000 205 3635 5026 5050
9187 2 2 1000 205 4076 4463 4464
9188 2 2 1000 205 3452 3449 5096
9189 2 2 1000 205 4371 4779 5106
9190 2 2 1000 205 3636 5027 5054
9191 2 2 1000 205 4205 4368 5090
9192 2 2 1000 205 4928 4882 5074
9193 2 2 1000 205 502 503 4653
9194 2 2 1000 205 3349 3348 5033
9195 2 2 1000 205 3460 3461 5071
9196 2 2 1000 205 4887 4844 5069
9197 2 2 1000 205 4133 4350 5089
9198 2 2 1000 205 4291 4228 5061
9199 2 2 1000 205 4376 4379 5095
9200 2 2 1000 205 3607 3468 5078
9201 2 2 1000 205 3745 3746 3748
9202 2 2 1000 205 3394 3395 5076
9203 2 2 1000 205 3574 3481 5101
9204 2 2 1000 205 3479 3661 5101
9205 2 2 1000 205 4009 5015 5062
9206 2 2 1000 205 4228 4226 5061
9207 2 2 1000 205 3603 5031 5100
9208 2 2 1000 205 3604 5016 5095
9209 2 2 1000 205 4291 5061 5105
9210 2 2 1000 205 3332 3334 5123
9211 2 2 1000 205 4779 4235 5053
9212 2 2 1000 205 4375 4039 5097
9213 2 2 1000 205 4356 4329 5048
9214 2 2 1000 205 4226 4229 5061
9215 2 2 1000 205 4905 3406 5074
9216 2 2 1000 205 3656 3654 5065
9217 2 2 1000 205 3641 5044 5083
9218 2 2 1000 205 3690 3811 5092
9219 2 2 1000 205 5097 4890 5119
9220 2 2 1000 205 4453 4231 5034
9221 2 2 1000 205 3346 3343 5047
9222 2 2 1000 205 3348 4371 5033
9223 2 2 1000 205 3668 3667 3669
9224 2 2 1000 205 5066 4125 5070
9225 2 2 1000 205 3666 3617 3667
9226 2 2 1000 205 4385 3672 4386
9227 2 2 1000 205 4096 4471 4472
9228 2 2 1000 205 4062 3794 5116
9229 2 2 1000 205 3339 3342 5021
9230 2 2 1000 205 4497 4062 5130
9231 2 2 1000 205 3659 5024 5081
9232 2 2 1000 205 4986 3384 5077
9233 2 2 1000 205 5068 4371 5106
9234 2 2 1000 205 4235 3346 5047
9235 2 2 1000 205 3398 4823 5178
9236 2 2 1000 205 4329 4331 5048
9237 2 2 1000 205 3396 4902 5079
9238 2 2 1000 205 4367 4238 5111
9239 2 2 1000 205 4087 4734 5088
9240 2 2 1000 205 3374 5023 5080
9241 2 2 1000 205 5024 4223 5081
9242 2 2 1000 205 4350 4135 5112
9243 2 2 1000 205 4878 4972 5080
9244 2 2 1000 205 4948 4877 5077
9245 2 2 1000 205 4876 4956 5079
9246 2 2 1000 205 4224 3660 5068
9247 2 2 1000 205 5104 4349 5217
9248 2 2 1000 205 3771 3795 5117
9249 2 2 1000 205 5016 4376 5095
9250 2 2 1000 205 4229 4324 5061
9251 2 2 1000 205 5031 4377 5100
9252 2 2 1000 205 4129 4131 5084
9253 2 2 1000 205 3569 3571 3580
9254 2 2 1000 205 5002 3664 5092
9255 2 2 1000 205 3447 3445 5085
9256 2 2 1000 205 3492 3494 5148
9257 2 2 1000 205 3580 3595 5201
9258 2 2 1000 205 5061 4324 5105
9259 2 2 1000 205 4763 4372 5082
9260 2 2 1000 205 3506 3608 5094
9261 2 2 1000 205 4236 4205 5090
9262 2 2 1000 205 5045 3753 5082
9263 2 2 1000 205 4131 4133 5089
9264 2 2 1000 205 4898 5120 5140
9265 2 2 1000 205 4245 4243 5093
9266 2 2 1000 205 3449 3447 5096
9267 2 2 1000 205 4378 5002 5092
9268 2 2 1000 205 5081 4254 5134
9269 2 2 1000 205 4026 4023 4775
9270 2 2 1000 205 3557 3559 5046
9271 2 2 1000 205 3410 4905 5120
9272 2 2 1000 205 4102 3898 5098
9273 2 2 1000 205 3388 4986 5122
9274 2 2 1000 205 4798 4797 5104
9275 2 2 1000 205 4223 4225 5081
9276 2 2 1000 205 5117 3795 5133
9277 2 2 1000 205 5124 4903 5142
9278 2 2 1000 205 3895 4259 5099
9279 2 2 1000 205 5095 4379 5116
9280 2 2 1000 205 3481 3479 5101
9281 2 2 1000 205 4372 5045 5082
9282 2 2 1000 205 4331 4460 5048
9283 2 2 1000 205 4256 4892 5126
9284 2 2 1000 205 3563 3561 3564
9285 2 2 1000 205 3777 3779 3783
9286 2 2 1000 205 3944 3942 4318
9287 2 2 1000 205 3341 3340 3632
9288 2 2 1000 205 4942 3641 5083
9289 2 2 1000 205 3483 3574 5127
9290 2 2 1000 205 3336 3332 5123
9291 2 2 1000 205 4793 4731 5146
9292 2 2 1000 205 3664 3690 5092
9293 2 2 1000 205 4039 4036 5097
9294 2 2 1000 205 3340 3338 3665
9295 2 2 1000 205 4349 4193 5225
9296 2 2 1000 205 3447 5085 5096
9297 2 2 1000 205 4264 4894 5103
9298 2 2 1000 205 5084 4131 5089
9299 2 2 1000 205 4387 4386 4388
9300 2 2 1000 205 4911 5100 5117
9301 2 2 1000 205 3756 3604 5095
9302 2 2 1000 205 3689 3603 5100
9303 2 2 1000 205 3565 3567 3568
9304 2 2 1000 205 5107 4326 5108
9305 2 2 1000 205 4240 4367 5129
9306 2 2 1000 205 4865 4101 5115
9307 2 2 1000 205 5023 3370 5124
9308 2 2 1000 205 4843 4252 5113
9309 2 2 1000 205 3292 3291 3293
9310 2 2 1000 205 3893 4271 4273
9311 2 2 1000 205 4403 4942 5083
9312 2 2 1000 205 5138 4414 5139
9313 2 2 1000 205 4193 4265 5227
9314 2 2 1000 205 4724 4245 5110
9315 2 2 1000 205 4375 4863 5145
9316 2 2 1000 205 3339 3340 3341
9317 2 2 1000 205 4937 4305 5086
9318 2 2 1000 205 3537 3487 5135
9319 2 2 1000 205 4410 4411 4412
9320 2 2 1000 205 4945 4432 5091
9321 2 2 1000 205 4245 5093 5110
9322 2 2 1000 205 3679 3669 3686
9323 2 2 1000 205 4238 4236 5111
9324 2 2 1000 205 4071 4010 4072
9325 2 2 1000 205 4227 5068 5106
9326 2 2 1000 205 4135 4137 5112
9327 2 2 1000 205 4236 5090 5111
9328 2 2 1000 205 4905 4399 5120
9329 2 2 1000 205 3571 3570 3573
9330 2 2 1000 205 4509 4291 5105
9331 2 2 1000 205 4986 4884 5122
9332 2 2 1000 205 4909 4937 5086
9333 2 2 1000 205 4737 4250 5141
9334 2 2 1000 205 627 628 3273
9335 2 2 1000 205 5120 4399 5140
9336 2 2 1000 205 4914 4945 5091
9337 2 2 1000 205 4898 4953 5120
9338 2 2 1000 205 3562 3561 3563
9339 2 2 1000 205 4137 4139 5114
9340 2 2 1000 205 3933 4467 5154
9341 2 2 1000 205 4424 4999 5102
9342 2 2 1000 205 3756 5095 5116
9343 2 2 1000 205 3392 4997 5144
9344 2 2 1000 205 489 490 3219
9345 2 2 1000 205 3705 3673 5143
9346 2 2 1000 205 4827 4828 5168
9347 2 2 1000 205 3569 3567 3570
9348 2 2 1000 205 4999 4311 5102
9349 2 2 1000 205 3880 3926 4043
9350 2 2 1000 205 4217 4375 5145
9351 2 2 1000 205 4967 4903 5124
9352 2 2 1000 205 5227 4265 5231
9353 2 2 1000 205 4062 5116 5130
9354 2 2 1000 205 3788 3686 3789
9355 2 2 1000 205 3609 3486 5118
9356 2 2 1000 205 3811 3895 5099
9357 2 2 1000 205 4265 4267 5231
9358 2 2 1000 205 5060 3576 5126
9359 2 2 1000 205 3795 4279 5133
9360 2 2 1000 205 3565 3564 3566
9361 2 2 1000 205 4377 3771 5117
9362 2 2 1000 205 5112 4137 5114
9363 2 2 1000 205 3334 3338 3339
9364 2 2 1000 205 4401 5023 5124
9365 2 2 1000 205 501 502 4681
9366 2 2 1000 205 4401 5124 5142
9367 2 2 1000 205 5100 4377 5117
9368 2 2 1000 205 4242 5032 5151
9369 2 2 1000 205 4267 4312 5235
9370 2 2 1000 205 4094 4096 5072
9371 2 2 1000 205 3794 3756 5116
9372 2 2 1000 205 3333 3331 3601
9373 2 2 1000 205 4435 5013 5107
9374 2 2 1000 205 4890 4868 5119
9375 2 2 1000 205 3339 3338 3340
9376 2 2 1000 205 4786 4094 5072
9377 2 2 1000 205 3764 4045 5165
9378 2 2 1000 205 4953 3410 5120
9379 2 2 1000 205 4412 4411 4413
9380 2 2 1000 205 3672 3563 5109
9381 2 2 1000 205 5133 4279 5147
9382 2 2 1000 205 5013 4326 5107
9383 2 2 1000 205 4997 3388 5122
9384 2 2 1000 205 4081 3912 5161
9385 2 2 1000 205 5134 4254 5163
9386 2 2 1000 205 4255 4737 5159
9387 2 2 1000 205 4407 4409 4410
9388 2 2 1000 205 3938 3905 4275
9389 2 2 1000 205 3559 3560 3561
9390 2 2 1000 205 3892 4070 4297
9391 2 2 1000 205 3330 3332 3336
9392 2 2 1000 205 3783 3784 3934
9393 2 2 1000 205 4256 5126 5158
9394 2 2 1000 205 4997 4381 5144
9395 2 2 1000 205 4497 5130 5156
9396 2 2 1000 205 4911 5117 5133
9397 2 2 1000 205 3489 3537 5164
9398 2 2 1000 205 3485 3483 5127
9399 2 2 1000 205 4756 3632 5183
9400 2 2 1000 205 3659 5081 5134
9401 2 2 1000 205 3573 3617 3666
9402 2 2 1000 205 5051 5052 5156
9403 2 2 1000 205 5231 4267 5235
9404 2 2 1000 205 4917 4970 5132
9405 2 2 1000 205 4892 5060 5126
9406 2 2 1000 205 3332 3333 3334
9407 2 2 1000 205 4837 4917 5132
9408 2 2 1000 205 3370 4967 5124
9409 2 2 1000 205 3334 3333 3338
9410 2 2 1000 205 5032 4824 5151
9411 2 2 1000 205 4307 3946 5125
9412 2 2 1000 205 4413 4411 4456
9413 2 2 1000 205 4395 4256 5158
9414 2 2 1000 205 3536 3493 5166
9415 2 2 1000 205 3909 3706 3910
9416 2 2 1000 205 4404 4008 5170
9417 2 2 1000 205 3334 5021 5123
9418 2 2 1000 205 4413 4456 4697
9419 2 2 1000 205 4248 4240 5129
9420 2 2 1000 205 3563 3564 3565
9421 2 2 1000 205 3580 3571 3581
9422 2 2 1000 205 3892 4297 5136
9423 2 2 1000 205 5226 4076 5228
9424 2 2 1000 205 4219 5049 5157
9425 2 2 1000 205 4271 3705 5143
9426 2 2 1000 205 3576 5042 5126
9427 2 2 1000 205 4395 5158 5165
9428 2 2 1000 205 4831 4832 5184
9429 2 2 1000 205 4379 4380 5130
9430 2 2 1000 205 5116 4379 5130
9431 2 2 1000 205 4215 5153 5170
9432 2 2 1000 205 3568 3567 3569
9433 2 2 1000 205 4493 4072 4706
9434 2 2 1000 205 3565 3568 5109
9435 2 2 1000 205 4096 4472 5072
9436 2 2 1000 205 3487 3485 5135
9437 2 2 1000 205 4260 4807 5190
9438 2 2 1000 205 3485 5127 5135
9439 2 2 1000 205 4925 4373 5134
9440 2 2 1000 205 4373 3659 5134
9441 2 2 1000 205 3327 3328 3670
9442 2 2 1000 205 4399 4398 5140
9443 2 2 1000 205 3776 3778 4406
9444 2 2 1000 205 4410 4409 4411
9445 2 2 1000 205 4253 4911 5133
9446 2 2 1000 205 5049 4369 5157
9447 2 2 1000 205 4386 3672 5109
9448 2 2 1000 205 4213 4214 5172
9449 2 2 1000 205 4250 4248 5141
9450 2 2 1000 205 5153 4402 5170
9451 2 2 1000 205 4248 5129 5141
9452 2 2 1000 205 4970 4745 5132
9453 2 2 1000 205 4457 4241 5187
9454 2 2 1000 205 3717 4898 5140
9455 2 2 1000 205 4253 5133 5147
9456 2 2 1000 205 4400 4401 5142
9457 2 2 1000 205 4925 5134 5163
9458 2 2 1000 205 5132 4745 5149
9459 2 2 1000 205 4309 3935 4310
9460 2 2 1000 205 3569 3570 3571
9461 2 2 1000 205 500 501 3217
9462 2 2 1000 205 3495 3536 5173
9463 2 2 1000 205 5142 3813 5154
9464 2 2 1000 205 4400 5142 5154
9465 2 2 1000 205 4215 5079 5153
9466 2 2 1000 205 3674 3673 3704
9467 2 2 1000 205 5126 5042 5158
9468 2 2 1000 205 3615 3492 5148
9469 2 2 1000 205 4903 3813 5142
9470 2 2 1000 205 3332 3331 3333
9471 2 2 1000 205 4902 3392 5144
9472 2 2 1000 205 5140 4398 5152
9473 2 2 1000 205 3717 5140 5152
9474 2 2 1000 205 4359 4217 5145
9475 2 2 1000 205 3535 3499 5179
9476 2 2 1000 205 4404 5172 5181
9477 2 2 1000 205 3324 3326 3327
9478 2 2 1000 205 5235 4312 5237
9479 2 2 1000 205 4514 4253 5147
9480 2 2 1000 205 3595 3581 3596
9481 2 2 1000 205 3914 3717 5152
9482 2 2 1000 205 4802 4803 5150
9483 2 2 1000 205 3330 3331 3332
9484 2 2 1000 205 3665 3338 5121
9485 2 2 1000 205 3571 3573 5160
9486 2 2 1000 205 4408 5186 5191
9487 2 2 1000 205 4745 4926 5149
9488 2 2 1000 205 4261 4809 5205
9489 2 2 1000 205 4341 4287 4521
9490 2 2 1000 205 4902 5144 5153
9491 2 2 1000 205 4365 4242 5151
9492 2 2 1000 205 4398 4896 5152
9493 2 2 1000 205 5225 4193 5227
9494 2 2 1000 205 3666 3668 4258
9495 2 2 1000 205 3789 4010 4071
9496 2 2 1000 205 4921 3560 5155
9497 2 2 1000 205 3666 3667 3668
9498 2 2 1000 205 3328 3329 3330
9499 2 2 1000 205 3328 3326 3329
9500 2 2 1000 205 3813 3933 5154
9501 2 2 1000 205 3781 3747 3904
9502 2 2 1000 205 4397 5050 5175
9503 2 2 1000 205 3333 3601 5121
9504 2 2 1000 205 3565 3566 3567
9505 2 2 1000 205 4455 5162 5167
9506 2 2 1000 205 5130 4380 5156
9507 2 2 1000 205 3889 4925 5163
9508 2 2 1000 205 5026 4219 5157
9509 2 2 1000 205 4455 3914 5162
9510 2 2 1000 205 5099 4259 5155
9511 2 2 1000 205 4696 4255 5159
9512 2 2 1000 205 3338 3333 5121
9513 2 2 1000 205 3937 4286 4478
9514 2 2 1000 205 3330 3329 3331
9515 2 2 1000 205 5158 4218 5165
9516 2 2 1000 205 4407 3778 4408
9517 2 2 1000 205 4380 5051 5156
9518 2 2 1000 205 3610 3596 3673
9519 2 2 1000 205 4409 4408 4414
9520 2 2 1000 205 3914 5152 5162
9521 2 2 1000 205 3327 3326 3328
9522 2 2 1000 205 5050 4165 5175
9523 2 2 1000 205 3501 3535 5188
9524 2 2 1000 205 3663 3503 5188
9525 2 2 1000 205 4325 3889 5169
9526 2 2 1000 205 5162 4420 5167
9527 2 2 1000 205 3491 3489 5164
9528 2 2 1000 205 5152 4896 5162
9529 2 2 1000 205 5079 4902 5153
9530 2 2 1000 205 3912 4400 5161
9531 2 2 1000 205 4262 4813 5210
9532 2 2 1000 205 4896 4420 5162
9533 2 2 1000 205 3889 5163 5169
9534 2 2 1000 205 5042 4218 5158
9535 2 2 1000 205 4407 4408 4409
9536 2 2 1000 205 4218 3764 5165
9537 2 2 1000 205 3563 3565 5109
9538 2 2 1000 205 5217 4349 5225
9539 2 2 1000 205 5154 4467 5161
9540 2 2 1000 205 4254 4257 5163
9541 2 2 1000 205 4406 3778 4407
9542 2 2 1000 205 3560 4378 5155
9543 2 2 1000 205 3493 3491 5166
9544 2 2 1000 205 4325 5169 5171
9545 2 2 1000 205 5155 4259 5204
9546 2 2 1000 205 3491 5164 5166
9547 2 2 1000 205 4269 4741 5228
9548 2 2 1000 205 3668 3669 3679
9549 2 2 1000 205 3572 3507 5203
9550 2 2 1000 205 3505 3663 5203
9551 2 2 1000 205 3573 3666 5160
9552 2 2 1000 205 4420 4490 5167
9553 2 2 1000 205 355 356 4721
9554 2 2 1000 205 4297 4070 4581
9555 2 2 1000 205 492 493 3242
9556 2 2 1000 205 4220 5054 5193
9557 2 2 1000 205 3632 3340 5183
9558 2 2 1000 205 4286 4287 4341
9559 2 2 1000 205 4286 3938 4287
9560 2 2 1000 205 4263 4815 5214
9561 2 2 1000 205 4051 5067 5189
9562 2 2 1000 205 5163 4257 5169
9563 2 2 1000 205 4581 4070 4582
9564 2 2 1000 205 4806 4827 5168
9565 2 2 1000 205 3706 3704 5136
9566 2 2 1000 205 4378 5099 5155
9567 2 2 1000 205 3670 3328 5128
9568 2 2 1000 205 5186 3936 5191
9569 2 2 1000 205 4411 4409 5137
9570 2 2 1000 205 5054 4889 5193
9571 2 2 1000 205 3328 3330 5128
9572 2 2 1000 205 3581 3571 5160
9573 2 2 1000 205 4257 4304 5169
9574 2 2 1000 205 3878 3880 4759
9575 2 2 1000 205 5137 4414 5138
9576 2 2 1000 205 4456 4411 5137
9577 2 2 1000 205 3325 3323 3602
9578 2 2 1000 205 3509 3572 5206
9579 2 2 1000 205 3679 3788 3790
9580 2 2 1000 205 3662 3511 5206
9581 2 2 1000 205 4008 4215 5170
9582 2 2 1000 205 3330 3336 5128
9583 2 2 1000 205 3893 4273 5131
9584 2 2 1000 205 3776 3777 3778
9585 2 2 1000 205 3892 3705 3893
9586 2 2 1000 205 5083 4177 5208
9587 2 2 1000 205 3781 3904 3905
9588 2 2 1000 205 4666 4144 5571
9589 2 2 1000 205 5169 4304 5171
9590 2 2 1000 205 497 498 3243
9591 2 2 1000 205 4404 5170 5172
9592 2 2 1000 205 3679 3686 3788
9593 2 2 1000 205 4402 4213 5172
9594 2 2 1000 205 3666 4258 5160
9595 2 2 1000 205 4515 4509 5379
9596 2 2 1000 205 5139 4414 5191
9597 2 2 1000 205 4921 5155 5204
9598 2 2 1000 205 3892 3893 4070
9599 2 2 1000 205 3790 3788 3896
9600 2 2 1000 205 4304 4515 5171
9601 2 2 1000 205 3776 3602 3777
9602 2 2 1000 205 3497 3495 5173
9603 2 2 1000 205 3937 3938 4286
9604 2 2 1000 205 4409 4414 5137
9605 2 2 1000 205 5258 4275 5263
9606 2 2 1000 205 3937 3905 3938
9607 2 2 1000 205 3704 3705 3892
9608 2 2 1000 205 4841 4840 5220
9609 2 2 1000 205 4403 5083 5208
9610 2 2 1000 205 5076 3398 5178
9611 2 2 1000 205 4309 4310 4334
9612 2 2 1000 205 3575 3515 5213
9613 2 2 1000 205 3513 3662 5213
9614 2 2 1000 205 4400 5154 5161
9615 2 2 1000 205 3704 3673 3705
9616 2 2 1000 205 3934 3935 4309
9617 2 2 1000 205 4461 3748 4462
9618 2 2 1000 205 5027 4397 5175
9619 2 2 1000 205 3499 3497 5179
9620 2 2 1000 205 4405 4404 5181
9621 2 2 1000 205 5067 4769 5189
9622 2 2 1000 205 3497 5173 5179
9623 2 2 1000 205 4214 4901 5181
9624 2 2 1000 205 3453 3452 5217
9625 2 2 1000 205 3781 3905 3937
9626 2 2 1000 205 4590 4573 4591
9627 2 2 1000 205 3517 3575 5216
9628 2 2 1000 205 4830 4831 5184
9629 2 2 1000 205 3324 3325 3326
9630 2 2 1000 205 3582 3521 5218
9631 2 2 1000 205 3325 3602 3776
9632 2 2 1000 205 3319 3320 3585
9633 2 2 1000 205 4070 3893 5131
9634 2 2 1000 205 4408 3778 5186
9635 2 2 1000 205 4582 4070 5131
9636 2 2 1000 205 3704 3892 5136
9637 2 2 1000 205 3452 5104 5217
9638 2 2 1000 205 3783 3934 3936
9639 2 2 1000 205 4388 4386 5177
9640 2 2 1000 205 3340 3665 5183
9641 2 2 1000 205 5201 3611 5248
9642 2 2 1000 205 4241 4249 5187
9643 2 2 1000 205 4071 4072 4493
9644 2 2 1000 205 4386 5109 5177
9645 2 2 1000 205 3312 3310 5200
9646 2 2 1000 205 3789 4071 5180
9647 2 2 1000 205 4741 3618 5204
9648 2 2 1000 205 5191 3936 5192
9649 2 2 1000 205 5139 5191 5192
9650 2 2 1000 205 4091 4269 5233
9651 2 2 1000 205 3503 3501 5188
9652 2 2 1000 205 4833 4260 5190
9653 2 2 1000 205 3595 3611 5201
9654 2 2 1000 205 3523 3582 5223
9655 2 2 1000 205 3788 3789 5180
9656 2 2 1000 205 4947 4051 5189
9657 2 2 1000 205 3910 3706 5136
9658 2 2 1000 205 3593 3527 5224
9659 2 2 1000 205 3324 3323 3325
9660 2 2 1000 205 3780 3747 3781
9661 2 2 1000 205 4071 4493 4520
9662 2 2 1000 205 3315 3318 3319
9663 2 2 1000 205 494 495 3275
9664 2 2 1000 205 3776 4406 5176
9665 2 2 1000 205 3745 3744 3746
9666 2 2 1000 205 5170 4402 5172
9667 2 2 1000 205 4258 3668 5174
9668 2 2 1000 205 3777 3783 5186
9669 2 2 1000 205 5044 4220 5193
9670 2 2 1000 205 4741 5226 5228
9671 2 2 1000 205 3322 3323 3324
9672 2 2 1000 205 3329 3326 5176
9673 2 2 1000 205 5109 3568 5177
9674 2 2 1000 205 3507 3505 5203
9675 2 2 1000 205 3322 4883 5185
9676 2 2 1000 205 4032 4327 4504
9677 2 2 1000 205 3601 3331 5215
9678 2 2 1000 205 3778 3777 5186
9679 2 2 1000 205 4808 4261 5205
9680 2 2 1000 205 3783 3936 5186
9681 2 2 1000 205 3870 3872 5194
9682 2 2 1000 205 3593 5224 5242
9683 2 2 1000 205 4071 4520 5180
9684 2 2 1000 205 3581 5160 5202
9685 2 2 1000 205 4485 4046 5237
9686 2 2 1000 205 4590 4591 4592
9687 2 2 1000 205 3329 5176 5215
9688 2 2 1000 205 3679 3790 5174
9689 2 2 1000 205 3320 3321 3322
9690 2 2 1000 205 4049 4076 5226
9691 2 2 1000 205 3322 3321 3323
9692 2 2 1000 205 3326 3325 5176
9693 2 2 1000 205 3618 4921 5204
9694 2 2 1000 205 3320 3318 3321
9695 2 2 1000 205 5176 4406 5215
9696 2 2 1000 205 5195 5196 5197
9697 2 2 1000 205 3511 3509 5206
9698 2 2 1000 205 3325 3776 5176
9699 2 2 1000 205 4414 4408 5191
9700 2 2 1000 205 5143 3596 5202
9701 2 2 1000 205 4810 4262 5210
9702 2 2 1000 205 3668 3679 5174
9703 2 2 1000 205 3319 3318 3320
9704 2 2 1000 205 5058 4403 5208
9705 2 2 1000 205 5156 5052 5207
9706 2 2 1000 205 5160 4258 5202
9707 2 2 1000 205 3596 3581 5202
9708 2 2 1000 205 3896 3788 5180
9709 2 2 1000 205 4030 4031 4032
9710 2 2 1000 205 3515 3513 5213
9711 2 2 1000 205 3746 3747 3780
9712 2 2 1000 205 4814 4263 5214
9713 2 2 1000 205 3585 3320 5185
9714 2 2 1000 205 4407 4410 5229
9715 2 2 1000 205 3569 3580 5238
9716 2 2 1000 205 4497 5156 5207
9717 2 2 1000 205 4730 5177 5238
9718 2 2 1000 205 3320 3322 5185
9719 2 2 1000 205 3519 3517 5216
9720 2 2 1000 205 5177 3568 5238
9721 2 2 1000 205 3314 3312 3597
9722 2 2 1000 205 3577 3453 5217
9723 2 2 1000 205 3519 5216 5218
9724 2 2 1000 205 3521 3519 5218
9725 2 2 1000 205 4081 5161 5219
9726 2 2 1000 205 5229 4410 5240
9727 2 2 1000 205 4817 4841 5220
9728 2 2 1000 205 4672 4626 5343
9729 2 2 1000 205 3331 3329 5215
9730 2 2 1000 205 3855 4017 4303
9731 2 2 1000 205 3872 3874 3931
9732 2 2 1000 205 3746 3744 3747
9733 2 2 1000 205 3597 3312 5200
9734 2 2 1000 205 3525 3523 5223
9735 2 2 1000 205 3904 3747 5221
9736 2 2 1000 205 3577 5217 5225
9737 2 2 1000 205 3936 3934 5222
9738 2 2 1000 205 3525 5223 5224
9739 2 2 1000 205 3527 3525 5224
9740 2 2 1000 205 5161 4467 5219
9741 2 2 1000 205 3601 5215 5229
9742 2 2 1000 205 5202 4258 5232
9743 2 2 1000 205 4374 4270 5242
9744 2 2 1000 205 4726 3317 5243
9745 2 2 1000 205 5246 4001 5247
9746 2 2 1000 205 3948 4307 4332
9747 2 2 1000 205 4416 4222 5245
9748 2 2 1000 205 4410 4412 5240
9749 2 2 1000 205 4032 4031 4327
9750 2 2 1000 205 5250 4417 5262
9751 2 2 1000 205 5204 4259 5226
9752 2 2 1000 205 5103 3577 5225
9753 2 2 1000 205 4000 4001 5246
9754 2 2 1000 205 3315 3317 3318
9755 2 2 1000 205 4741 5204 5226
9756 2 2 1000 205 4095 5233 5236
9757 2 2 1000 205 3934 4309 5222
9758 2 2 1000 205 4883 4417 5250
9759 2 2 1000 205 5242 4270 5245
9760 2 2 1000 205 4259 4049 5226
9761 2 2 1000 205 5224 4374 5242
9762 2 2 1000 205 4327 4031 4454
9763 2 2 1000 205 4273 4271 5244
9764 2 2 1000 205 4095 4091 5233
9765 2 2 1000 205 343 3236 5261
9766 2 2 1000 205 4076 4464 5228
9767 2 2 1000 205 4264 5227 5231
9768 2 2 1000 205 4743 3321 5230
9769 2 2 1000 205 4416 5245 5246
9770 2 2 1000 205 5103 5225 5227
9771 2 2 1000 205 3761 4264 5231
9772 2 2 1000 205 4470 4095 5236
9773 2 2 1000 205 5143 5202 5232
9774 2 2 1000 205 4742 3665 5241
9775 2 2 1000 205 3315 3314 3317
9776 2 2 1000 205 3761 5231 5235
9777 2 2 1000 205 4001 4525 5247
9778 2 2 1000 205 4264 5103 5227
9779 2 2 1000 205 5192 3936 5222
9780 2 2 1000 205 5006 3761 5235
9781 2 2 1000 205 3309 3311 3337
9782 2 2 1000 205 3313 3314 3315
9783 2 2 1000 205 3744 3585 5221
9784 2 2 1000 205 3321 3318 5230
9785 2 2 1000 205 4271 5143 5232
9786 2 2 1000 205 5215 4406 5229
9787 2 2 1000 205 4406 4407 5229
9788 2 2 1000 205 4702 4472 5273
9789 2 2 1000 205 4046 5006 5237
9790 2 2 1000 205 3816 3820 3821
9791 2 2 1000 205 5006 5235 5237
9792 2 2 1000 205 3585 5185 5221
9793 2 2 1000 205 4714 4728 5248
9794 2 2 1000 205 5194 5195 5199
9795 2 2 1000 205 3601 5229 5240
9796 2 2 1000 205 4728 4729 5248
9797 2 2 1000 205 4031 4029 5211
9798 2 2 1000 205 4344 4767 5258
9799 2 2 1000 205 4383 4742 5257
9800 2 2 1000 205 3830 3831 3833
9801 2 2 1000 205 3318 3317 5230
9802 2 2 1000 205 4273 5244 5253
9803 2 2 1000 205 4258 5174 5232
9804 2 2 1000 205 3747 3744 5221
9805 2 2 1000 205 4043 3926 4762
9806 2 2 1000 205 4028 4029 4030
9807 2 2 1000 205 4438 3857 5255
9808 2 2 1000 205 3843 3845 5268
9809 2 2 1000 205 4460 4383 5259
9810 2 2 1000 205 4812 4278 5378
9811 2 2 1000 205 5108 4326 5256
9812 2 2 1000 205 3568 3569 5238
9813 2 2 1000 205 3313 3312 3314
9814 2 2 1000 205 3874 3878 5198
9815 2 2 1000 205 5240 4412 5241
9816 2 2 1000 205 4383 5257 5259
9817 2 2 1000 205 4030 4029 4031
9818 2 2 1000 205 5121 3601 5240
9819 2 2 1000 205 3308 3306 3591
9820 2 2 1000 205 4738 3940 5249
9821 2 2 1000 205 4759 4760 5311
9822 2 2 1000 205 4760 4043 4761
9823 2 2 1000 205 3299 3301 3675
9824 2 2 1000 205 4454 4031 5211
9825 2 2 1000 205 4325 5171 5256
9826 2 2 1000 205 3611 4714 5248
9827 2 2 1000 205 3856 3850 3857
9828 2 2 1000 205 3311 3312 3313
9829 2 2 1000 205 3852 3846 4299
9830 2 2 1000 205 3299 3675 5234
9831 2 2 1000 205 3313 4717 5239
9832 2 2 1000 205 3822 4477 5325
9833 2 2 1000 205 4275 3905 5262
9834 2 2 1000 205 3279 3281 4293
9835 2 2 1000 205 3947 3949 4336
9836 2 2 1000 205 5121 5240 5241
9837 2 2 1000 205 3665 5121 5241
9838 2 2 1000 205 4311 4081 5266
9839 2 2 1000 205 3841 3843 4282
9840 2 2 1000 205 3262 360 5265
9841 2 2 1000 205 358 359 5209
9842 2 2 1000 205 3303 3305 3586
9843 2 2 1000 205 5075 3593 5242
9844 2 2 1000 205 3317 3314 5243
9845 2 2 1000 205 5075 5242 5245
9846 2 2 1000 205 3670 4711 5263
9847 2 2 1000 205 3337 3311 5239
9848 2 2 1000 205 3928 4027 4028
9849 2 2 1000 205 4742 5241 5257
9850 2 2 1000 205 4416 5246 5247
9851 2 2 1000 205 4431 4337 4510
9852 2 2 1000 205 3284 3280 4583
9853 2 2 1000 205 3311 3310 3312
9854 2 2 1000 205 4270 4000 5246
9855 2 2 1000 205 4336 4337 4431
9856 2 2 1000 205 4222 5075 5245
9857 2 2 1000 205 4275 5262 5263
9858 2 2 1000 205 3929 3857 3930
9859 2 2 1000 205 5245 4270 5246
9860 2 2 1000 205 4336 3949 4337
9861 2 2 1000 205 4436 4416 5247
9862 2 2 1000 205 496 497 4560
9863 2 2 1000 205 3309 3310 3311
9864 2 2 1000 205 4271 5232 5244
9865 2 2 1000 205 3311 3313 5239
9866 2 2 1000 205 3314 3597 5243
9867 2 2 1000 205 3947 3946 3948
9868 2 2 1000 205 4028 4027 4029
9869 2 2 1000 205 5244 3790 5253
9870 2 2 1000 205 5232 5174 5244
9871 2 2 1000 205 3938 4275 5271
9872 2 2 1000 205 3947 3948 3949
9873 2 2 1000 205 5174 3790 5244
9874 2 2 1000 205 3309 3308 3310
9875 2 2 1000 205 4546 4544 4548
9876 2 2 1000 205 3862 3863 5270
9877 2 2 1000 205 3297 3299 5234
9878 2 2 1000 205 5317 3218 5342
9879 2 2 1000 205 3168 607 5328
9880 2 2 1000 205 3307 3308 3309
9881 2 2 1000 205 4027 3927 4459
9882 2 2 1000 205 5241 4412 5257
9883 2 2 1000 205 4132 4421 5277
9884 2 2 1000 205 5352 4611 5643
9885 2 2 1000 205 3175 4632 5327
9886 2 2 1000 205 3904 5250 5262
9887 2 2 1000 205 3307 3306 3308
9888 2 2 1000 205 3302 3300 3579
9889 2 2 1000 205 3710 3866 4333
9890 2 2 1000 205 3926 3927 3928
9891 2 2 1000 205 3904 5221 5250
9892 2 2 1000 205 3945 3944 3946
9893 2 2 1000 205 5221 5185 5250
9894 2 2 1000 205 3790 3896 5253
9895 2 2 1000 205 3943 3945 4289
9896 2 2 1000 205 4711 4344 5258
9897 2 2 1000 205 4326 4325 5256
9898 2 2 1000 205 4818 3247 5517
9899 2 2 1000 205 3255 342 5261
9900 2 2 1000 205 5105 4324 5278
9901 2 2 1000 205 3821 3822 3823
9902 2 2 1000 205 3845 3851 3862
9903 2 2 1000 205 3931 3874 5198
9904 2 2 1000 205 4412 4413 5257
9905 2 2 1000 205 5185 4883 5250
9906 2 2 1000 205 3305 3306 3307
9907 2 2 1000 205 3298 5197 5619
9908 2 2 1000 205 3863 4064 4451
9909 2 2 1000 205 5257 4413 5259
9910 2 2 1000 205 5258 4767 5271
9911 2 2 1000 205 3890 4274 5301
9912 2 2 1000 205 3703 3701 5301
9913 2 2 1000 205 4413 4697 5259
9914 2 2 1000 205 5266 5219 5267
9915 2 2 1000 205 3928 3927 4027
9916 2 2 1000 205 3848 3855 5304
9917 2 2 1000 205 3945 3946 3947
9918 2 2 1000 205 4422 5312 5317
9919 2 2 1000 205 4767 4026 5302
9920 2 2 1000 205 4761 4043 4762
9921 2 2 1000 205 4310 5431 5625
9922 2 2 1000 205 3292 3294 5305
9923 2 2 1000 205 3985 4063 5303
9924 2 2 1000 205 4285 3987 5303
9925 2 2 1000 205 341 3255 5274
9926 2 2 1000 205 3943 3942 3944
9927 2 2 1000 205 3905 3904 5262
9928 2 2 1000 205 5211 4029 5251
9929 2 2 1000 205 5312 353 5317
9930 2 2 1000 205 3880 3925 3926
9931 2 2 1000 205 3305 3304 3306
9932 2 2 1000 205 3294 3293 3295
9933 2 2 1000 205 5262 4417 5263
9934 2 2 1000 205 3925 3879 4426
9935 2 2 1000 205 3863 4451 5270
9936 2 2 1000 205 4417 3670 5263
9937 2 2 1000 205 3287 4077 4684
9938 2 2 1000 205 3675 3301 5254
9939 2 2 1000 205 4275 5258 5271
9940 2 2 1000 205 3919 4429 4484
9941 2 2 1000 205 3943 3944 3945
9942 2 2 1000 205 3270 4685 5329
9943 2 2 1000 205 3926 3925 3927
9944 2 2 1000 205 3294 3297 5305
9945 2 2 1000 205 3878 3879 3880
9946 2 2 1000 205 342 343 5261
9947 2 2 1000 205 4541 4539 5376
9948 2 2 1000 205 5195 3931 5196
9949 2 2 1000 205 5196 5198 5311
9950 2 2 1000 205 4332 5469 5479
9951 2 2 1000 205 3303 3586 5254
9952 2 2 1000 205 4462 3748 5307
9953 2 2 1000 205 5271 4767 5302
9954 2 2 1000 205 4598 3233 4599
9955 2 2 1000 205 3939 3918 3940
9956 2 2 1000 205 4029 4027 5251
9957 2 2 1000 205 4276 3868 4277
9958 2 2 1000 205 4027 4459 5251
9959 2 2 1000 205 3303 3304 3305
9960 2 2 1000 205 602 4674 5340
9961 2 2 1000 205 340 341 5274
9962 2 2 1000 205 3296 3295 3335
9963 2 2 1000 205 3947 4336 5260
9964 2 2 1000 205 3157 601 5340
9965 2 2 1000 205 3941 3940 3942
9966 2 2 1000 205 361 3189 5265
9967 2 2 1000 205 360 361 5265
9968 2 2 1000 205 3880 3879 3925
9969 2 2 1000 205 5247 4525 5269
9970 2 2 1000 205 4081 5219 5266
9971 2 2 1000 205 3746 3780 5307
9972 2 2 1000 205 3913 4588 5511
9973 2 2 1000 205 3286 3287 3288
9974 2 2 1000 205 3303 3302 3304
9975 2 2 1000 205 3877 3873 4288
9976 2 2 1000 205 4287 3938 5271
9977 2 2 1000 205 3941 3942 3943
9978 2 2 1000 205 352 353 5312
9979 2 2 1000 205 3301 3302 3303
9980 2 2 1000 205 3874 3877 3878
9981 2 2 1000 205 4289 3945 5260
9982 2 2 1000 205 4472 4471 5273
9983 2 2 1000 205 5003 3269 5397
9984 2 2 1000 205 3878 3877 3879
9985 2 2 1000 205 3825 3824 3826
9986 2 2 1000 205 4659 4128 5660
9987 2 2 1000 205 3945 3947 5260
9988 2 2 1000 205 4134 4132 5277
9989 2 2 1000 205 3166 4629 5343
9990 2 2 1000 205 4459 3927 5264
9991 2 2 1000 205 3301 3300 3302
9992 2 2 1000 205 4324 4453 5278
9993 2 2 1000 205 4436 5247 5269
9994 2 2 1000 205 367 3183 5294
9995 2 2 1000 205 366 367 5294
9996 2 2 1000 205 3225 365 5295
9997 2 2 1000 205 4287 5271 5302
9998 2 2 1000 205 365 366 5295
9999 2 2 1000 205 3182 376 5293
10000 2 2 1000 205 3198 479 5279
10001 2 2 1000 205 3201 459 5281
10002 2 2 1000 205 3199 392 5280
10003 2 2 1000 205 3202 372 5282
10004 2 2 1000 205 478 3198 5284
10005 2 2 1000 205 486 3196 5285
10006 2 2 1000 205 482 3187 5287
10007 2 2 1000 205 3183 368 5288
10008 2 2 1000 205 442 3180 5289
10009 2 2 1000 205 395 3186 5286
10010 2 2 1000 205 3179 388 5290
10011 2 2 1000 205 3178 475 5291
10012 2 2 1000 205 3177 423 5296
10013 2 2 1000 205 480 3265 5279
10014 2 2 1000 205 460 3264 5281
10015 2 2 1000 205 393 3257 5280
10016 2 2 1000 205 373 3261 5282
10017 2 2 1000 205 3269 477 5284
10018 2 2 1000 205 3263 485 5285
10019 2 2 1000 205 369 3266 5288
10020 2 2 1000 205 3265 481 5287
10021 2 2 1000 205 3267 441 5289
10022 2 2 1000 205 3257 394 5286
10023 2 2 1000 205 389 3268 5290
10024 2 2 1000 205 476 3269 5291
10025 2 2 1000 205 404 3231 5298
10026 2 2 1000 205 3227 466 5297
10027 2 2 1000 205 376 377 5293
10028 2 2 1000 205 4251 4483 5323
10029 2 2 1000 205 479 480 5279
10030 2 2 1000 205 459 460 5281
10031 2 2 1000 205 392 393 5280
10032 2 2 1000 205 372 373 5282
10033 2 2 1000 205 477 478 5284
10034 2 2 1000 205 485 486 5285
10035 2 2 1000 205 368 369 5288
10036 2 2 1000 205 481 482 5287
10037 2 2 1000 205 441 442 5289
10038 2 2 1000 205 394 395 5286
10039 2 2 1000 205 388 389 5290
10040 2 2 1000 205 475 476 5291
10041 2 2 1000 205 423 424 5296
10042 2 2 1000 205 403 404 5298
10043 2 2 1000 205 466 467 5297
10044 2 2 1000 205 5471 3217 5535
10045 2 2 1000 205 3215 507 5346
10046 2 2 1000 205 508 4644 5346
10047 2 2 1000 205 3196 487 5292
10048 2 2 1000 205 487 488 5292
10049 2 2 1000 205 5196 3931 5198
10050 2 2 1000 205 3170 533 5347
10051 2 2 1000 205 534 3248 5347
10052 2 2 1000 205 3939 3940 3941
10053 2 2 1000 205 490 491 5299
10054 2 2 1000 205 3845 3862 5268
10055 2 2 1000 205 3887 3600 3917
10056 2 2 1000 205 5187 4249 5323
10057 2 2 1000 205 3299 3300 3301
10058 2 2 1000 205 3301 3303 5254
10059 2 2 1000 205 3219 490 5299
10060 2 2 1000 205 3701 3890 5301
10061 2 2 1000 205 3211 530 5350
10062 2 2 1000 205 4450 4136 5330
10063 2 2 1000 205 3872 3873 3874
10064 2 2 1000 205 4356 5293 5331
10065 2 2 1000 205 3925 4426 5264
10066 2 2 1000 205 4610 4611 5352
10067 2 2 1000 205 3299 3298 3300
10068 2 2 1000 205 445 3228 5306
10069 2 2 1000 205 4521 4287 5302
10070 2 2 1000 205 3927 3925 5264
10071 2 2 1000 205 3290 3291 3292
10072 2 2 1000 205 4018 3881 4433
10073 2 2 1000 205 4052 4437 4606
10074 2 2 1000 205 453 454 5308
10075 2 2 1000 205 3987 3985 5303
10076 2 2 1000 205 3874 3873 3877
10077 2 2 1000 205 5198 4759 5311
10078 2 2 1000 205 4585 4586 5318
10079 2 2 1000 205 3297 3298 3299
10080 2 2 1000 205 3870 3871 3872
10081 2 2 1000 205 345 5361 5390
10082 2 2 1000 205 3856 3857 3929
10083 2 2 1000 205 4652 505 5384
10084 2 2 1000 205 4451 4064 4452
10085 2 2 1000 205 444 445 5306
10086 2 2 1000 205 4426 3879 5272
10087 2 2 1000 205 3748 3746 5307
10088 2 2 1000 205 3919 3939 4429
10089 2 2 1000 205 3288 3287 4684
10090 2 2 1000 205 3862 3851 3863
10091 2 2 1000 205 4303 4017 4418
10092 2 2 1000 205 3827 3826 3828
10093 2 2 1000 205 4484 4429 4589
10094 2 2 1000 205 3297 3296 3298
10095 2 2 1000 205 3919 4484 5275
10096 2 2 1000 205 3855 4303 5304
10097 2 2 1000 205 454 3181 5308
10098 2 2 1000 205 4018 4468 4469
10099 2 2 1000 205 3872 3871 3873
10100 2 2 1000 205 4704 4506 5353
10101 2 2 1000 205 4316 4642 5434
10102 2 2 1000 205 532 3170 5356
10103 2 2 1000 205 353 354 5317
10104 2 2 1000 205 4299 3846 5315
10105 2 2 1000 205 3297 5234 5305
10106 2 2 1000 205 5378 4278 5447
10107 2 2 1000 205 3919 3918 3939
10108 2 2 1000 205 3877 4288 5272
10109 2 2 1000 205 3590 3613 5336
10110 2 2 1000 205 3867 3711 3868
10111 2 2 1000 205 15 644 3916
10112 2 2 1000 205 4422 4277 4682
10113 2 2 1000 205 458 3201 5321
10114 2 2 1000 205 3260 457 5321
10115 2 2 1000 205 3913 3590 5336
10116 2 2 1000 205 366 5294 5295
10117 2 2 1000 205 5289 3180 5482
10118 2 2 1000 205 4018 4433 4468
10119 2 2 1000 205 4290 4448 4503
10120 2 2 1000 205 3292 3293 3294
10121 2 2 1000 205 3949 3948 5333
10122 2 2 1000 205 3869 3868 4276
10123 2 2 1000 205 3879 3877 5272
10124 2 2 1000 205 3887 3917 3918
10125 2 2 1000 205 3294 3296 3297
10126 2 2 1000 205 3294 3295 3296
10127 2 2 1000 205 3929 3930 4443
10128 2 2 1000 205 3834 3833 3846
10129 2 2 1000 205 3887 3918 3919
10130 2 2 1000 205 3853 3915 4290
10131 2 2 1000 205 3848 3846 3852
10132 2 2 1000 205 354 3218 5317
10133 2 2 1000 205 581 582 5363
10134 2 2 1000 205 3870 3869 3871
10135 2 2 1000 205 3199 5267 5633
10136 2 2 1000 205 3849 3844 3850
10137 2 2 1000 205 4333 3866 4425
10138 2 2 1000 205 3867 3869 3870
10139 2 2 1000 205 4448 3915 4449
10140 2 2 1000 205 4134 5277 5330
10141 2 2 1000 205 3176 408 5329
10142 2 2 1000 205 3861 4491 4492
10143 2 2 1000 205 409 3270 5329
10144 2 2 1000 205 3854 3852 3921
10145 2 2 1000 205 3823 3824 3825
10146 2 2 1000 205 3824 5325 5596
10147 2 2 1000 205 378 3222 5331
10148 2 2 1000 205 4277 3868 5276
10149 2 2 1000 205 3237 4581 5414
10150 2 2 1000 205 3289 3600 3886
10151 2 2 1000 205 4550 4547 5334
10152 2 2 1000 205 4017 3881 4018
10153 2 2 1000 205 3886 3887 5275
10154 2 2 1000 205 16 645 3832
10155 2 2 1000 205 3613 3694 3710
10156 2 2 1000 205 3838 3840 3841
10157 2 2 1000 205 3839 3837 3858
10158 2 2 1000 205 3886 3600 3887
10159 2 2 1000 205 4438 5255 5362
10160 2 2 1000 205 4709 3238 5441
10161 2 2 1000 205 4237 4634 5604
10162 2 2 1000 205 3863 3851 3920
10163 2 2 1000 205 3863 3920 4064
10164 2 2 1000 205 3845 3849 3851
10165 2 2 1000 205 644 14 3691
10166 2 2 1000 205 3710 4333 5336
10167 2 2 1000 205 3855 3881 4017
10168 2 2 1000 205 405 406 5339
10169 2 2 1000 205 3216 4625 5480
10170 2 2 1000 205 3853 3850 3856
10171 2 2 1000 205 3848 3854 3855
10172 2 2 1000 205 4581 4582 5414
10173 2 2 1000 205 4989 3201 5412
10174 2 2 1000 205 4483 4280 5353
10175 2 2 1000 205 3692 3612 3693
10176 2 2 1000 205 4461 4462 5487
10177 2 2 1000 205 3929 4443 4444
10178 2 2 1000 205 422 3177 5341
10179 2 2 1000 205 3259 421 5341
10180 2 2 1000 205 457 458 5321
10181 2 2 1000 205 4064 3920 4415
10182 2 2 1000 205 4482 5352 5643
10183 2 2 1000 205 3848 3852 3854
10184 2 2 1000 205 3843 3844 3845
10185 2 2 1000 205 5014 4281 5357
10186 2 2 1000 205 3867 3868 3869
10187 2 2 1000 205 3834 3846 3848
10188 2 2 1000 205 4655 3175 5327
10189 2 2 1000 205 3597 5200 5536
10190 2 2 1000 205 350 351 5348
10191 2 2 1000 205 4692 4083 5360
10192 2 2 1000 205 4290 3915 4448
10193 2 2 1000 205 3845 3844 3849
10194 2 2 1000 205 4249 4251 5323
10195 2 2 1000 205 4340 3916 4517
10196 2 2 1000 205 3833 3861 5315
10197 2 2 1000 205 3887 3919 5275
10198 2 2 1000 205 5285 3196 5395
10199 2 2 1000 205 4112 4111 5359
10200 2 2 1000 205 4314 4685 5360
10201 2 2 1000 205 3830 3833 3834
10202 2 2 1000 205 3289 3290 3600
10203 2 2 1000 205 4276 4277 4422
10204 2 2 1000 205 4083 4998 5360
10205 2 2 1000 205 449 450 5345
10206 2 2 1000 205 3815 3693 3816
10207 2 2 1000 205 5293 377 5331
10208 2 2 1000 205 4964 3190 5345
10209 2 2 1000 205 3849 3850 3853
10210 2 2 1000 205 3289 3288 3290
10211 2 2 1000 205 4017 4018 5300
10212 2 2 1000 205 3853 3856 3915
10213 2 2 1000 205 4474 5466 5469
10214 2 2 1000 205 4598 4599 5459
10215 2 2 1000 205 3825 3826 3827
10216 2 2 1000 205 3841 3842 3843
10217 2 2 1000 205 4332 4474 5469
10218 2 2 1000 205 408 409 5329
10219 2 2 1000 205 3838 3839 3840
10220 2 2 1000 205 3159 4695 5378
10221 2 2 1000 205 607 608 5328
10222 2 2 1000 205 3827 3828 3860
10223 2 2 1000 205 4018 4469 5300
10224 2 2 1000 205 3843 3842 3844
10225 2 2 1000 205 4136 4134 5330
10226 2 2 1000 205 377 378 5331
10227 2 2 1000 205 646 16 3932
10228 2 2 1000 205 4422 4682 5312
10229 2 2 1000 205 4532 4570 5440
10230 2 2 1000 205 3265 5287 5475
10231 2 2 1000 205 3855 3854 3881
10232 2 2 1000 205 4632 3247 5584
10233 2 2 1000 205 4124 4121 5369
10234 2 2 1000 205 3613 3692 3694
10235 2 2 1000 205 4418 4017 5300
10236 2 2 1000 205 5325 4531 5596
10237 2 2 1000 205 3861 4492 5315
10238 2 2 1000 205 3222 379 5354
10239 2 2 1000 205 3858 3837 5309
10240 2 2 1000 205 5281 3264 5320
10241 2 2 1000 205 3710 3711 3866
10242 2 2 1000 205 3815 4321 4322
10243 2 2 1000 205 3948 4332 5333
10244 2 2 1000 205 5298 5015 5446
10245 2 2 1000 205 4552 511 5393
10246 2 2 1000 205 506 3215 5384
10247 2 2 1000 205 14 643 3316
10248 2 2 1000 205 3841 3840 3842
10249 2 2 1000 205 4626 3166 5343
10250 2 2 1000 205 3268 5267 5422
10251 2 2 1000 205 5415 4597 5508
10252 2 2 1000 205 3917 3600 5337
10253 2 2 1000 205 582 583 5386
10254 2 2 1000 205 3866 3711 3867
10255 2 2 1000 205 345 346 5361
10256 2 2 1000 205 3840 3839 3847
10257 2 2 1000 205 3286 3288 3289
10258 2 2 1000 205 4656 4302 5527
10259 2 2 1000 205 5392 4631 5543
10260 2 2 1000 205 3218 4722 5342
10261 2 2 1000 205 4052 4320 4437
10262 2 2 1000 205 3224 472 5364
10263 2 2 1000 205 4452 4064 5313
10264 2 2 1000 205 3827 3860 4052
10265 2 2 1000 205 4646 3204 5565
10266 2 2 1000 205 3597 5536 5568
10267 2 2 1000 205 599 4631 5392
10268 2 2 1000 205 3213 598 5392
10269 2 2 1000 205 3710 3694 3711
10270 2 2 1000 205 4296 4564 5471
10271 2 2 1000 205 4822 3804 5375
10272 2 2 1000 205 3231 405 5339
10273 2 2 1000 205 3969 3967 5374
10274 2 2 1000 205 468 3192 5365
10275 2 2 1000 205 4777 4495 5375
10276 2 2 1000 205 3821 3823 3903
10277 2 2 1000 205 3846 3833 5315
10278 2 2 1000 205 5296 4528 5516
10279 2 2 1000 205 4433 3881 5326
10280 2 2 1000 205 4676 3208 5523
10281 2 2 1000 205 3292 5305 5337
10282 2 2 1000 205 3836 3837 3838
10283 2 2 1000 205 3921 3852 5338
10284 2 2 1000 205 3856 3929 5314
10285 2 2 1000 205 4052 3860 4320
10286 2 2 1000 205 3867 3870 5319
10287 2 2 1000 205 4339 3831 5502
10288 2 2 1000 205 3884 4283 5376
10289 2 2 1000 205 3692 3693 3815
10290 2 2 1000 205 601 602 5340
10291 2 2 1000 205 4539 4020 5376
10292 2 2 1000 205 3815 3816 4321
10293 2 2 1000 205 3838 3837 3839
10294 2 2 1000 205 4448 4449 5484
10295 2 2 1000 205 3240 4682 5443
10296 2 2 1000 205 4449 3915 5314
10297 2 2 1000 205 4064 4415 5313
10298 2 2 1000 205 421 422 5341
10299 2 2 1000 205 307 308 5380
10300 2 2 1000 205 3847 5332 5639
10301 2 2 1000 205 3613 3612 3692
10302 2 2 1000 205 4428 4677 5519
10303 2 2 1000 205 5333 4332 5479
10304 2 2 1000 205 3290 3292 5337
10305 2 2 1000 205 425 3230 5370
10306 2 2 1000 205 3854 3921 5326
10307 2 2 1000 205 3853 4290 5322
10308 2 2 1000 205 4322 4321 4502
10309 2 2 1000 205 3832 3836 3859
10310 2 2 1000 205 3180 443 5372
10311 2 2 1000 205 4732 4500 5386
10312 2 2 1000 205 609 3203 5416
10313 2 2 1000 205 351 3240 5348
10314 2 2 1000 205 3915 3856 5314
10315 2 2 1000 205 3920 3851 5322
10316 2 2 1000 205 364 3225 5373
10317 2 2 1000 205 5350 531 5356
10318 2 2 1000 205 3160 4732 5386
10319 2 2 1000 205 15 3916 4317
10320 2 2 1000 205 5361 4437 5390
10321 2 2 1000 205 4700 4698 5351
10322 2 2 1000 205 4298 4994 5387
10323 2 2 1000 205 3929 4444 5314
10324 2 2 1000 205 4405 5182 5357
10325 2 2 1000 205 3851 3849 5322
10326 2 2 1000 205 5332 5334 5639
10327 2 2 1000 205 4425 3866 5319
10328 2 2 1000 205 3852 4299 5338
10329 2 2 1000 205 512 3207 5393
10330 2 2 1000 205 5431 4504 5625
10331 2 2 1000 205 3316 3590 3913
10332 2 2 1000 205 4308 4819 5603
10333 2 2 1000 205 4487 4340 4511
10334 2 2 1000 205 3302 3579 5377
10335 2 2 1000 205 3837 3835 5309
10336 2 2 1000 205 3190 449 5345
10337 2 2 1000 205 5297 467 5365
10338 2 2 1000 205 3828 3830 5324
10339 2 2 1000 205 507 508 5346
10340 2 2 1000 205 3832 645 3835
10341 2 2 1000 205 533 534 5347
10342 2 2 1000 205 4666 4663 5391
10343 2 2 1000 205 344 345 5390
10344 2 2 1000 205 4487 4511 4512
10345 2 2 1000 205 4699 3254 5626
10346 2 2 1000 205 3860 3828 5324
10347 2 2 1000 205 4726 5243 5398
10348 2 2 1000 205 3834 5304 5324
10349 2 2 1000 205 4317 4487 5309
10350 2 2 1000 205 3839 3858 5332
10351 2 2 1000 205 4974 4002 5349
10352 2 2 1000 205 4639 4640 5509
10353 2 2 1000 205 3191 382 5379
10354 2 2 1000 205 4341 4674 5468
10355 2 2 1000 205 3245 4605 5548
10356 2 2 1000 205 4992 3264 5389
10357 2 2 1000 205 3866 3867 5319
10358 2 2 1000 205 3849 3853 5322
10359 2 2 1000 205 4307 5125 5403
10360 2 2 1000 205 3289 3886 5358
10361 2 2 1000 205 530 531 5350
10362 2 2 1000 205 3600 3290 5337
10363 2 2 1000 205 4470 5236 5395
10364 2 2 1000 205 3881 3854 5326
10365 2 2 1000 205 646 3932 4080
10366 2 2 1000 205 5414 4582 5462
10367 2 2 1000 205 4670 4669 5447
10368 2 2 1000 205 5147 4279 5397
10369 2 2 1000 205 5296 424 5370
10370 2 2 1000 205 4819 3714 5399
10371 2 2 1000 205 3875 4302 5399
10372 2 2 1000 205 470 471 5383
10373 2 2 1000 205 3590 3612 3613
10374 2 2 1000 205 5252 363 5373
10375 2 2 1000 205 4396 4395 5401
10376 2 2 1000 205 339 340 5382
10377 2 2 1000 205 4572 3249 5437
10378 2 2 1000 205 3830 3834 5324
10379 2 2 1000 205 5165 4045 5401
10380 2 2 1000 205 5276 3694 5344
10381 2 2 1000 205 462 3184 5389
10382 2 2 1000 205 3264 461 5389
10383 2 2 1000 205 3316 643 3589
10384 2 2 1000 205 4317 4340 4487
10385 2 2 1000 205 3836 3835 3837
10386 2 2 1000 205 4317 3916 4340
10387 2 2 1000 205 3193 5019 5404
10388 2 2 1000 205 444 5306 5372
10389 2 2 1000 205 4589 614 5569
10390 2 2 1000 205 4499 4033 5406
10391 2 2 1000 205 4034 4037 5406
10392 2 2 1000 205 3613 3710 5336
10393 2 2 1000 205 3838 3841 5335
10394 2 2 1000 205 3202 5282 5557
10395 2 2 1000 205 4677 3209 5519
10396 2 2 1000 205 3832 3835 3836
10397 2 2 1000 205 4695 4610 5352
10398 2 2 1000 205 5249 3917 5371
10399 2 2 1000 205 4312 4522 5411
10400 2 2 1000 205 414 3188 5394
10401 2 2 1000 205 4280 4704 5353
10402 2 2 1000 205 4602 4604 5518
10403 2 2 1000 205 316 3237 5414
10404 2 2 1000 205 5018 3193 5631
10405 2 2 1000 205 5019 4944 5404
10406 2 2 1000 205 3252 4596 5442
10407 2 2 1000 205 379 380 5354
10408 2 2 1000 205 4080 4530 4531
10409 2 2 1000 205 3168 5328 5656
10410 2 2 1000 205 531 532 5356
10411 2 2 1000 205 3920 5322 5368
10412 2 2 1000 205 5327 4308 5603
10413 2 2 1000 205 4281 4405 5357
10414 2 2 1000 205 3250 4558 5649
10415 2 2 1000 205 5255 3842 5362
10416 2 2 1000 205 4677 4428 5594
10417 2 2 1000 205 3847 3839 5332
10418 2 2 1000 205 3242 493 5402
10419 2 2 1000 205 3860 5324 5381
10420 2 2 1000 205 3276 4560 5316
10421 2 2 1000 205 494 3275 5402
10422 2 2 1000 205 428 3193 5404
10423 2 2 1000 205 4718 4447 5439
10424 2 2 1000 205 4485 5237 5411
10425 2 2 1000 205 4115 4112 5359
10426 2 2 1000 205 3836 3838 5335
10427 2 2 1000 205 4998 4314 5360
10428 2 2 1000 205 3842 3840 5362
10429 2 2 1000 205 4795 4292 5420
10430 2 2 1000 205 4080 3932 4530
10431 2 2 1000 205 5322 4290 5368
10432 2 2 1000 205 3694 3692 5344
10433 2 2 1000 205 3590 3589 3612
10434 2 2 1000 205 4467 4466 5422
10435 2 2 1000 205 3815 4322 5344
10436 2 2 1000 205 3272 4592 5578
10437 2 2 1000 205 4641 4677 5594
10438 2 2 1000 205 4313 4458 5424
10439 2 2 1000 205 4290 4503 5368
10440 2 2 1000 205 3212 581 5363
10441 2 2 1000 205 4959 4971 5426
10442 2 2 1000 205 3283 3286 5358
10443 2 2 1000 205 3591 3306 5419
10444 2 2 1000 205 4606 4437 5361
10445 2 2 1000 205 4569 514 5642
10446 2 2 1000 205 4037 4038 5428
10447 2 2 1000 205 472 473 5364
10448 2 2 1000 205 3917 5337 5371
10449 2 2 1000 205 5349 4002 5374
10450 2 2 1000 205 5407 4591 5613
10451 2 2 1000 205 4202 4204 5430
10452 2 2 1000 205 4310 3935 5431
10453 2 2 1000 205 4720 3250 5474
10454 2 2 1000 205 5369 4121 5564
10455 2 2 1000 205 4651 4673 5385
10456 2 2 1000 205 3707 3682 5432
10457 2 2 1000 205 467 468 5365
10458 2 2 1000 205 3250 4688 5474
10459 2 2 1000 205 4617 4618 5428
10460 2 2 1000 205 3787 4316 5434
10461 2 2 1000 205 4428 4012 5434
10462 2 2 1000 205 5267 5219 5422
10463 2 2 1000 205 4321 3816 5367
10464 2 2 1000 205 5328 608 5416
10465 2 2 1000 205 4122 4117 5436
10466 2 2 1000 205 3238 311 5441
10467 2 2 1000 205 312 4757 5441
10468 2 2 1000 205 4682 4277 5408
10469 2 2 1000 205 4909 5087 5622
10470 2 2 1000 205 4106 4853 5440
10471 2 2 1000 205 4069 4532 5440
10472 2 2 1000 205 4551 4427 5519
10473 2 2 1000 205 3692 3815 5344
10474 2 2 1000 205 3869 4276 5388
10475 2 2 1000 205 3286 3289 5358
10476 2 2 1000 205 4508 4665 5571
10477 2 2 1000 205 4315 4124 5369
10478 2 2 1000 205 371 3202 5425
10479 2 2 1000 205 3266 370 5425
10480 2 2 1000 205 4107 4106 5448
10481 2 2 1000 205 3316 3589 3590
10482 2 2 1000 205 3213 4541 5573
10483 2 2 1000 205 4994 4319 5450
10484 2 2 1000 205 489 3219 5427
10485 2 2 1000 205 5243 3597 5568
10486 2 2 1000 205 4715 4716 5464
10487 2 2 1000 205 4499 5406 5661
10488 2 2 1000 205 4680 4658 5616
10489 2 2 1000 205 5326 5508 5628
10490 2 2 1000 205 4460 5283 5592
10491 2 2 1000 205 4535 4533 5458
10492 2 2 1000 205 4520 4709 5587
10493 2 2 1000 205 5328 4510 5656
10494 2 2 1000 205 4721 4723 5453
10495 2 2 1000 205 4333 4425 5472
10496 2 2 1000 205 470 5383 5551
10497 2 2 1000 205 5048 4460 5592
10498 2 2 1000 205 3816 3821 5367
10499 2 2 1000 205 3859 3836 5335
10500 2 2 1000 205 3172 590 5473
10501 2 2 1000 205 5337 5305 5371
10502 2 2 1000 205 5222 4309 5413
10503 2 2 1000 205 3840 3847 5362
10504 2 2 1000 205 3165 4617 5478
10505 2 2 1000 205 424 425 5370
10506 2 2 1000 205 3197 5087 5653
10507 2 2 1000 205 5087 3256 5653
10508 2 2 1000 205 4940 4900 5455
10509 2 2 1000 205 3829 3826 5596
10510 2 2 1000 205 4987 4501 5455
10511 2 2 1000 205 5009 5008 5456
10512 2 2 1000 205 5324 5304 5381
10513 2 2 1000 205 4619 3159 5378
10514 2 2 1000 205 4288 3873 5421
10515 2 2 1000 205 4622 4624 5480
10516 2 2 1000 205 4947 5512 5645
10517 2 2 1000 205 3194 402 5446
10518 2 2 1000 205 3821 3903 5367
10519 2 2 1000 205 443 444 5372
10520 2 2 1000 205 3224 4542 5609
10521 2 2 1000 205 4533 4247 5458
10522 2 2 1000 205 3195 314 5462
10523 2 2 1000 205 4766 3707 5458
10524 2 2 1000 205 4761 4762 5464
10525 2 2 1000 205 4244 4481 5460
10526 2 2 1000 205 3949 5333 5487
10527 2 2 1000 205 4199 4200 5460
10528 2 2 1000 205 3219 5273 5427
10529 2 2 1000 205 398 3229 5449
10530 2 2 1000 205 4130 4128 5463
10531 2 2 1000 205 4532 4569 5642
10532 2 2 1000 205 5492 5290 5644
10533 2 2 1000 205 4276 5342 5388
10534 2 2 1000 205 5475 5287 5601
10535 2 2 1000 205 3913 5336 5366
10536 2 2 1000 205 4424 5102 5438
10537 2 2 1000 205 5292 488 5427
10538 2 2 1000 205 565 566 5491
10539 2 2 1000 205 4079 4461 5479
10540 2 2 1000 205 3187 483 5452
10541 2 2 1000 205 484 3263 5452
10542 2 2 1000 205 3156 613 5638
10543 2 2 1000 205 3307 3309 5466
10544 2 2 1000 205 4612 596 5573
10545 2 2 1000 205 4294 4296 5471
10546 2 2 1000 205 5014 5357 5614
10547 2 2 1000 205 363 364 5373
10548 2 2 1000 205 3210 4670 5547
10549 2 2 1000 205 4415 3920 5368
10550 2 2 1000 205 5336 4333 5366
10551 2 2 1000 205 3269 5284 5397
10552 2 2 1000 205 4158 4157 5470
10553 2 2 1000 205 4581 3237 5407
10554 2 2 1000 205 4286 4341 5468
10555 2 2 1000 205 4574 3226 5595
10556 2 2 1000 205 4436 5269 5456
10557 2 2 1000 205 4002 3969 5374
10558 2 2 1000 205 3804 4777 5375
10559 2 2 1000 205 5004 4526 5475
10560 2 2 1000 205 3258 4556 5461
10561 2 2 1000 205 5199 5195 5485
10562 2 2 1000 205 3586 3305 5457
10563 2 2 1000 205 4595 4593 5583
10564 2 2 1000 205 4637 4636 5509
10565 2 2 1000 205 5249 5371 5400
10566 2 2 1000 205 631 3251 5483
10567 2 2 1000 205 4020 3884 5376
10568 2 2 1000 205 3185 435 5461
10569 2 2 1000 205 436 3258 5461
10570 2 2 1000 205 4515 5379 5575
10571 2 2 1000 205 403 5298 5446
10572 2 2 1000 205 5001 3259 5521
10573 2 2 1000 205 5268 3862 5489
10574 2 2 1000 205 4549 4546 5504
10575 2 2 1000 205 4671 4672 5566
10576 2 2 1000 205 4572 5437 5627
10577 2 2 1000 205 3304 3302 5377
10578 2 2 1000 205 3251 4609 5552
10579 2 2 1000 205 4577 3235 5576
10580 2 2 1000 205 382 383 5379
10581 2 2 1000 205 3163 4665 5491
10582 2 2 1000 205 5389 3184 5450
10583 2 2 1000 205 4435 5107 5492
10584 2 2 1000 205 614 615 5569
10585 2 2 1000 205 4727 4346 5478
10586 2 2 1000 205 4105 4202 5497
10587 2 2 1000 205 308 3271 5380
10588 2 2 1000 205 5472 4425 5534
10589 2 2 1000 205 4540 5392 5543
10590 2 2 1000 205 4579 5524 5572
10591 2 2 1000 205 3230 426 5476
10592 2 2 1000 205 5305 5234 5371
10593 2 2 1000 205 5344 4322 5408
10594 2 2 1000 205 4336 4431 5496
10595 2 2 1000 205 3939 3941 5465
10596 2 2 1000 205 474 3178 5481
10597 2 2 1000 205 4738 5249 5400
10598 2 2 1000 205 3691 5318 5494
10599 2 2 1000 205 4645 4647 5533
10600 2 2 1000 205 471 3224 5383
10601 2 2 1000 205 5420 4292 5540
10602 2 2 1000 205 3189 5251 5646
10603 2 2 1000 205 4633 4635 5549
10604 2 2 1000 205 3275 5380 5582
10605 2 2 1000 205 5267 3268 5633
10606 2 2 1000 205 3201 5281 5412
10607 2 2 1000 205 5200 3310 5505
10608 2 2 1000 205 505 506 5384
10609 2 2 1000 205 4458 4733 5515
10610 2 2 1000 205 5342 4722 5388
10611 2 2 1000 205 4716 5200 5505
10612 2 2 1000 205 4947 4440 5512
10613 2 2 1000 205 4629 4628 5540
10614 2 2 1000 205 5358 3886 5524
10615 2 2 1000 205 5276 5344 5408
10616 2 2 1000 205 4723 3155 5486
10617 2 2 1000 205 3270 410 5488
10618 2 2 1000 205 411 3226 5488
10619 2 2 1000 205 5197 3298 5620
10620 2 2 1000 205 5333 4461 5487
10621 2 2 1000 205 564 565 5546
10622 2 2 1000 205 5102 4311 5529
10623 2 2 1000 205 4603 630 5483
10624 2 2 1000 205 583 3160 5386
10625 2 2 1000 205 4419 4342 5513
10626 2 2 1000 205 432 433 5493
10627 2 2 1000 205 4996 4298 5387
10628 2 2 1000 205 4346 4284 5517
10629 2 2 1000 205 4528 4913 5516
10630 2 2 1000 205 3172 4534 5490
10631 2 2 1000 205 511 512 5393
10632 2 2 1000 205 340 5274 5382
10633 2 2 1000 205 4630 3246 5420
10634 2 2 1000 205 5200 4716 5536
10635 2 2 1000 205 4469 4468 5396
10636 2 2 1000 205 4334 5294 5413
10637 2 2 1000 205 461 462 5389
10638 2 2 1000 205 4738 5400 5417
10639 2 2 1000 205 4640 3206 5590
10640 2 2 1000 205 3236 344 5390
10641 2 2 1000 205 4716 4082 5536
10642 2 2 1000 205 4674 3216 5468
10643 2 2 1000 205 385 386 5501
10644 2 2 1000 205 3308 3591 5505
10645 2 2 1000 205 5000 5001 5521
10646 2 2 1000 205 5091 4432 5521
10647 2 2 1000 205 3179 5290 5492
10648 2 2 1000 205 4640 5369 5564
10649 2 2 1000 205 4430 4567 5538
10650 2 2 1000 205 3184 463 5503
10651 2 2 1000 205 4670 5447 5497
10652 2 2 1000 205 4461 5333 5479
10653 2 2 1000 205 5087 3197 5622
10654 2 2 1000 205 4302 4301 5527
10655 2 2 1000 205 4511 4340 5423
10656 2 2 1000 205 4663 4664 5391
10657 2 2 1000 205 598 599 5392
10658 2 2 1000 205 597 3213 5573
10659 2 2 1000 205 5528 3182 5592
10660 2 2 1000 205 4320 5381 5409
10661 2 2 1000 205 4320 3860 5381
10662 2 2 1000 205 4619 5378 5447
10663 2 2 1000 205 4318 4738 5417
10664 2 2 1000 205 5371 5234 5400
10665 2 2 1000 205 4489 4552 5393
10666 2 2 1000 205 5393 3207 5515
10667 2 2 1000 205 3171 4634 5634
10668 2 2 1000 205 3825 5310 5444
10669 2 2 1000 205 5388 4722 5421
10670 2 2 1000 205 4603 3273 5580
10671 2 2 1000 205 3871 3869 5388
10672 2 2 1000 205 4115 5359 5436
10673 2 2 1000 205 4702 5273 5598
10674 2 2 1000 205 12 629 5580
10675 2 2 1000 205 5381 4303 5409
10676 2 2 1000 205 5086 4305 5545
10677 2 2 1000 205 592 3250 5649
10678 2 2 1000 205 413 414 5394
10679 2 2 1000 205 628 12 5580
10680 2 2 1000 205 4237 4239 5550
10681 2 2 1000 205 3195 5462 5510
10682 2 2 1000 205 587 588 5593
10683 2 2 1000 205 5212 5086 5545
10684 2 2 1000 205 642 10 5581
10685 2 2 1000 205 514 515 5642
10686 2 2 1000 205 10 339 5581
10687 2 2 1000 205 4288 5421 5453
10688 2 2 1000 205 3207 513 5611
10689 2 2 1000 205 5357 3194 5614
10690 2 2 1000 205 5125 4318 5445
10691 2 2 1000 205 4693 3274 5396
10692 2 2 1000 205 5339 406 5542
10693 2 2 1000 205 5404 4944 5476
10694 2 2 1000 205 5283 3261 5528
10695 2 2 1000 205 4026 4775 5608
10696 2 2 1000 205 4531 4530 5502
10697 2 2 1000 205 4143 4144 5561
10698 2 2 1000 205 431 3221 5525
10699 2 2 1000 205 5131 4273 5553
10700 2 2 1000 205 4119 4122 5564
10701 2 2 1000 205 375 3182 5528
10702 2 2 1000 205 3261 374 5528
10703 2 2 1000 205 4442 4529 5562
10704 2 2 1000 205 4279 5003 5397
10705 2 2 1000 205 5137 5138 5557
10706 2 2 1000 205 5236 4465 5395
10707 2 2 1000 205 643 13 5507
10708 2 2 1000 205 4084 4726 5398
10709 2 2 1000 205 5334 4547 5639
10710 2 2 1000 205 318 3272 5578
10711 2 2 1000 205 4144 4861 5571
10712 2 2 1000 205 3185 5461 5563
10713 2 2 1000 205 3237 317 5578
10714 2 2 1000 205 5335 4282 5467
10715 2 2 1000 205 3714 3875 5399
10716 2 2 1000 205 5273 3219 5598
10717 2 2 1000 205 492 3242 5532
10718 2 2 1000 205 5304 4303 5381
10719 2 2 1000 205 493 494 5402
10720 2 2 1000 205 381 3191 5539
10721 2 2 1000 205 4395 5165 5401
10722 2 2 1000 205 407 3176 5542
10723 2 2 1000 205 386 387 5541
10724 2 2 1000 205 4943 4527 5579
10725 2 2 1000 205 5383 5009 5551
10726 2 2 1000 205 3937 4478 5577
10727 2 2 1000 205 3780 3781 5577
10728 2 2 1000 205 4309 4334 5413
10729 2 2 1000 205 4750 4687 5635
10730 2 2 1000 205 5453 4723 5486
10731 2 2 1000 205 5406 4679 5661
10732 2 2 1000 205 3192 469 5551
10733 2 2 1000 205 3304 5377 5419
10734 2 2 1000 205 5487 4462 5537
10735 2 2 1000 205 3823 3825 5444
10736 2 2 1000 205 4500 4732 5602
10737 2 2 1000 205 3155 5209 5531
10738 2 2 1000 205 464 465 5556
10739 2 2 1000 205 4474 4307 5403
10740 2 2 1000 205 3247 4667 5517
10741 2 2 1000 205 4316 4847 5602
10742 2 2 1000 205 4195 4197 5597
10743 2 2 1000 205 4109 4300 5636
10744 2 2 1000 205 4041 4500 5602
10745 2 2 1000 205 4497 5207 5591
10746 2 2 1000 205 4463 4516 5615
10747 2 2 1000 205 5234 3675 5400
10748 2 2 1000 205 4323 5009 5609
10749 2 2 1000 205 4908 4909 5622
10750 2 2 1000 205 427 428 5404
10751 2 2 1000 205 5180 4520 5587
10752 2 2 1000 205 3910 5136 5613
10753 2 2 1000 205 384 3223 5575
10754 2 2 1000 205 5310 4701 5444
10755 2 2 1000 205 4033 4034 5406
10756 2 2 1000 205 3191 5278 5539
10757 2 2 1000 205 4596 4597 5442
10758 2 2 1000 205 4045 5005 5586
10759 2 2 1000 205 4297 4581 5407
10760 2 2 1000 205 4939 4940 5449
10761 2 2 1000 205 5299 491 5532
10762 2 2 1000 205 4580 5358 5524
10763 2 2 1000 205 589 3172 5490
10764 2 2 1000 205 4490 5339 5542
10765 2 2 1000 205 3246 4694 5420
10766 2 2 1000 205 3300 3298 5619
10767 2 2 1000 205 5334 5332 5632
10768 2 2 1000 205 5400 3675 5417
10769 2 2 1000 205 418 3197 5653
10770 2 2 1000 205 3256 417 5653
10771 2 2 1000 205 5253 3896 5405
10772 2 2 1000 205 5326 3921 5508
10773 2 2 1000 205 3226 412 5595
10774 2 2 1000 205 2 307 5585
10775 2 2 1000 205 391 3199 5633
10776 2 2 1000 205 3268 390 5633
10777 2 2 1000 205 495 2 5585
10778 2 2 1000 205 3193 429 5631
10779 2 2 1000 205 433 434 5612
10780 2 2 1000 205 3916 644 5494
10781 2 2 1000 205 400 401 5617
10782 2 2 1000 205 4758 3195 5510
10783 2 2 1000 205 5640 4439 5658
10784 2 2 1000 205 5237 4312 5411
10785 2 2 1000 205 4683 4521 5608
10786 2 2 1000 205 5222 5413 5520
10787 2 2 1000 205 315 316 5414
10788 2 2 1000 205 4084 5398 5431
10789 2 2 1000 205 3910 4573 5500
10790 2 2 1000 205 4289 5260 5544
10791 2 2 1000 205 644 3691 5494
10792 2 2 1000 205 3871 5388 5421
10793 2 2 1000 205 3187 4881 5601
10794 2 2 1000 205 4687 4650 5635
10795 2 2 1000 205 4303 4418 5409
10796 2 2 1000 205 4530 3932 5410
10797 2 2 1000 205 4318 5417 5445
10798 2 2 1000 205 5364 473 5481
10799 2 2 1000 205 608 609 5416
10800 2 2 1000 205 4599 3253 5459
10801 2 2 1000 205 5294 3183 5413
10802 2 2 1000 205 4443 3930 5640
10803 2 2 1000 205 16 3832 5506
10804 2 2 1000 205 3296 3335 5620
10805 2 2 1000 205 3691 14 5511
10806 2 2 1000 205 3197 4910 5622
10807 2 2 1000 205 4992 5389 5450
10808 2 2 1000 205 4438 5362 5435
10809 2 2 1000 205 5531 5209 5570
10810 2 2 1000 205 3589 643 5507
10811 2 2 1000 205 4077 3697 5423
10812 2 2 1000 205 399 400 5499
10813 2 2 1000 205 4565 3284 5433
10814 2 2 1000 205 3675 5254 5417
10815 2 2 1000 205 4694 4795 5420
10816 2 2 1000 205 5369 4640 5590
10817 2 2 1000 205 3306 3304 5419
10818 2 2 1000 205 5403 3586 5457
10819 2 2 1000 205 5437 4300 5627
10820 2 2 1000 205 4576 4577 5658
10821 2 2 1000 205 4757 4758 5588
10822 2 2 1000 205 5219 4467 5422
10823 2 2 1000 205 4569 4313 5424
10824 2 2 1000 205 5281 5320 5412
10825 2 2 1000 205 4277 5276 5408
10826 2 2 1000 205 370 371 5425
10827 2 2 1000 205 4971 4949 5426
10828 2 2 1000 205 488 489 5427
10829 2 2 1000 205 4038 4074 5428
10830 2 2 1000 205 3932 16 5506
10831 2 2 1000 205 4521 5302 5608
10832 2 2 1000 205 14 3316 5511
10833 2 2 1000 205 4514 5147 5526
10834 2 2 1000 205 4682 5408 5443
10835 2 2 1000 205 3873 3871 5421
10836 2 2 1000 205 4567 3267 5538
10837 2 2 1000 205 4613 4612 5477
10838 2 2 1000 205 3921 5338 5415
10839 2 2 1000 205 4501 4424 5438
10840 2 2 1000 205 5535 4681 5650
10841 2 2 1000 205 4204 4335 5430
10842 2 2 1000 205 3935 4084 5431
10843 2 2 1000 205 4338 4765 5574
10844 2 2 1000 205 5486 3155 5531
10845 2 2 1000 205 4444 4605 5600
10846 2 2 1000 205 4296 3909 5500
10847 2 2 1000 205 3212 5363 5661
10848 2 2 1000 205 5354 380 5539
10849 2 2 1000 205 5530 3156 5638
10850 2 2 1000 205 3682 3796 5432
10851 2 2 1000 205 4317 5309 5554
10852 2 2 1000 205 4669 4619 5447
10853 2 2 1000 205 5387 3184 5503
10854 2 2 1000 205 4941 3229 5499
10855 2 2 1000 205 5309 3835 5554
10856 2 2 1000 205 4012 3787 5434
10857 2 2 1000 205 4670 5430 5547
10858 2 2 1000 205 315 5414 5462
10859 2 2 1000 205 3204 4675 5454
10860 2 2 1000 205 5368 4503 5429
10861 2 2 1000 205 4328 4356 5495
10862 2 2 1000 205 5261 3236 5522
10863 2 2 1000 205 4117 4115 5436
10864 2 2 1000 205 4473 4718 5439
10865 2 2 1000 205 3249 4690 5437
10866 2 2 1000 205 4466 5492 5644
10867 2 2 1000 205 4340 4517 5423
10868 2 2 1000 205 5508 4598 5628
10869 2 2 1000 205 4321 5367 5626
10870 2 2 1000 205 4853 4069 5440
10871 2 2 1000 205 311 312 5441
10872 2 2 1000 205 4471 4470 5558
10873 2 2 1000 205 4447 5535 5650
10874 2 2 1000 205 402 403 5446
10875 2 2 1000 205 5167 3176 5555
10876 2 2 1000 205 5009 5383 5609
10877 2 2 1000 205 4283 4613 5477
10878 2 2 1000 205 4396 5401 5652
10879 2 2 1000 205 3177 5296 5516
10880 2 2 1000 205 5376 4283 5477
10881 2 2 1000 205 4037 5428 5630
10882 2 2 1000 205 4623 4621 5451
10883 2 2 1000 205 4437 4320 5418
10884 2 2 1000 205 4300 4107 5448
10885 2 2 1000 205 427 5404 5476
10886 2 2 1000 205 397 398 5449
10887 2 2 1000 205 3188 5212 5545
10888 2 2 1000 205 4319 4992 5450
10889 2 2 1000 205 4489 5393 5515
10890 2 2 1000 205 5417 5254 5445
10891 2 2 1000 205 5254 3586 5445
10892 2 2 1000 205 4559 3589 5507
10893 2 2 1000 205 5034 4328 5495
10894 2 2 1000 205 5512 3215 5645
10895 2 2 1000 205 3257 5286 5438
10896 2 2 1000 205 4722 4721 5453
10897 2 2 1000 205 4630 5420 5540
10898 2 2 1000 205 483 484 5452
10899 2 2 1000 205 5424 3207 5611
10900 2 2 1000 205 4555 4607 5652
10901 2 2 1000 205 4415 5368 5429
10902 2 2 1000 205 4688 4614 5474
10903 2 2 1000 205 4665 4666 5571
10904 2 2 1000 205 5426 4949 5482
10905 2 2 1000 205 5209 3262 5570
10906 2 2 1000 205 4306 4486 5454
10907 2 2 1000 205 5147 5397 5526
10908 2 2 1000 205 4425 5199 5534
10909 2 2 1000 205 3941 3943 5624
10910 2 2 1000 205 4335 4206 5604
10911 2 2 1000 205 4597 4598 5508
10912 2 2 1000 205 5332 3858 5632
10913 2 2 1000 205 4356 5331 5495
10914 2 2 1000 205 4900 4987 5455
10915 2 2 1000 205 3909 3910 5500
10916 2 2 1000 205 4452 5313 5442
10917 2 2 1000 205 5008 4436 5456
10918 2 2 1000 205 3903 3823 5444
10919 2 2 1000 205 4548 4576 5658
10920 2 2 1000 205 5421 4722 5453
10921 2 2 1000 205 4322 4502 5443
10922 2 2 1000 205 5108 5256 5501
10923 2 2 1000 205 4762 4715 5464
10924 2 2 1000 205 5469 4713 5479
10925 2 2 1000 205 4158 4651 5574
10926 2 2 1000 205 5379 383 5575
10927 2 2 1000 205 4247 4766 5458
10928 2 2 1000 205 5315 4492 5641
10929 2 2 1000 205 4300 5437 5636
10930 2 2 1000 205 588 589 5490
10931 2 2 1000 205 5413 3183 5520
10932 2 2 1000 205 4200 4244 5460
10933 2 2 1000 205 5467 4282 5560
10934 2 2 1000 205 4557 4555 5652
10935 2 2 1000 205 4282 5268 5560
10936 2 2 1000 205 435 436 5461
10937 2 2 1000 205 314 315 5462
10938 2 2 1000 205 4685 4455 5555
10939 2 2 1000 205 4605 4602 5518
10940 2 2 1000 205 3814 4587 5472
10941 2 2 1000 205 3337 4713 5469
10942 2 2 1000 205 3305 3307 5457
10943 2 2 1000 205 4421 4130 5463
10944 2 2 1000 205 5256 3223 5501
10945 2 2 1000 205 3255 5261 5567
10946 2 2 1000 205 3309 3337 5466
10947 2 2 1000 205 4327 4454 5514
10948 2 2 1000 205 5034 5495 5629
10949 2 2 1000 205 5484 3251 5552
10950 2 2 1000 205 4690 4111 5636
10951 2 2 1000 205 4625 4622 5480
10952 2 2 1000 205 3203 4595 5544
10953 2 2 1000 205 4657 3165 5478
10954 2 2 1000 205 5441 4757 5588
10955 2 2 1000 205 4510 4337 5537
10956 2 2 1000 205 4598 5459 5628
10957 2 2 1000 205 3229 399 5499
10958 2 2 1000 205 4478 4286 5468
10959 2 2 1000 205 4429 3939 5465
10960 2 2 1000 205 4157 4160 5470
10961 2 2 1000 205 4445 4294 5471
10962 2 2 1000 205 5253 5405 5553
10963 2 2 1000 205 4634 5550 5634
10964 2 2 1000 205 5405 4758 5553
10965 2 2 1000 205 5466 3337 5469
10966 2 2 1000 205 4315 5369 5590
10967 2 2 1000 205 5357 5182 5617
10968 2 2 1000 205 4274 4720 5474
10969 2 2 1000 205 4470 5395 5558
10970 2 2 1000 205 5367 4699 5626
10971 2 2 1000 205 590 591 5473
10972 2 2 1000 205 4514 5526 5647
10973 2 2 1000 205 4423 5004 5475
10974 2 2 1000 205 5362 3847 5435
10975 2 2 1000 205 5405 3896 5587
10976 2 2 1000 205 413 5394 5595
10977 2 2 1000 205 426 427 5476
10978 2 2 1000 205 4568 3245 5548
10979 2 2 1000 205 4685 3270 5655
10980 2 2 1000 205 4713 4079 5479
10981 2 2 1000 205 4297 5407 5613
10982 2 2 1000 205 4439 5504 5658
10983 2 2 1000 205 4474 5403 5457
10984 2 2 1000 205 3194 5357 5617
10985 2 2 1000 205 3236 5390 5418
10986 2 2 1000 205 5461 4556 5563
10987 2 2 1000 205 4288 5453 5486
10988 2 2 1000 205 5266 3199 5529
10989 2 2 1000 205 4524 4995 5610
10990 2 2 1000 205 473 474 5481
10991 2 2 1000 205 5390 4437 5418
10992 2 2 1000 205 4949 4430 5482
10993 2 2 1000 205 3831 3829 5502
10994 2 2 1000 205 5408 4322 5443
10995 2 2 1000 205 5329 4685 5555
10996 2 2 1000 205 5562 4529 5612
10997 2 2 1000 205 5261 5522 5567
10998 2 2 1000 205 5270 4299 5641
10999 2 2 1000 205 5385 4338 5574
11000 2 2 1000 205 4629 5540 5597
11001 2 2 1000 205 630 631 5483
11002 2 2 1000 205 5192 5222 5520
11003 2 2 1000 205 5195 5197 5485
11004 2 2 1000 205 4553 4050 5559
11005 2 2 1000 205 3199 5280 5529
11006 2 2 1000 205 3177 5516 5648
11007 2 2 1000 205 3188 5545 5651
11008 2 2 1000 205 3270 5488 5655
11009 2 2 1000 205 4449 5314 5600
11010 2 2 1000 205 5274 3255 5606
11011 2 2 1000 205 3262 5265 5605
11012 2 2 1000 205 4604 4603 5483
11013 2 2 1000 205 4758 5405 5588
11014 2 2 1000 205 3276 496 4560
11015 2 2 1000 205 3862 5270 5489
11016 2 2 1000 205 4664 4676 5523
11017 2 2 1000 205 3217 4681 5535
11018 2 2 1000 205 410 411 5488
11019 2 2 1000 205 4300 5448 5627
11020 2 2 1000 205 5570 3262 5605
11021 2 2 1000 205 5182 4941 5499
11022 2 2 1000 205 3814 5472 5534
11023 2 2 1000 205 4337 3949 5487
11024 2 2 1000 205 4534 4537 5490
11025 2 2 1000 205 5462 4582 5510
11026 2 2 1000 205 5384 3215 5512
11027 2 2 1000 205 566 3163 5491
11028 2 2 1000 205 4320 5409 5418
11029 2 2 1000 205 4568 5548 5576
11030 2 2 1000 205 5360 4685 5655
11031 2 2 1000 205 4466 4435 5492
11032 2 2 1000 205 4128 4126 5660
11033 2 2 1000 205 3221 432 5493
11034 2 2 1000 205 514 4569 5611
11035 2 2 1000 205 4541 5376 5477
11036 2 2 1000 205 5432 3796 5589
11037 2 2 1000 205 4278 4105 5497
11038 2 2 1000 205 5447 4278 5497
11039 2 2 1000 205 5325 4477 5498
11040 2 2 1000 205 5272 4288 5486
11041 2 2 1000 205 5366 4333 5472
11042 2 2 1000 205 3335 5485 5620
11043 2 2 1000 205 5401 4557 5652
11044 2 2 1000 205 5605 5265 5646
11045 2 2 1000 205 4587 5366 5472
11046 2 2 1000 205 4573 4562 5500
11047 2 2 1000 205 3223 385 5501
11048 2 2 1000 205 4455 5167 5555
11049 2 2 1000 205 4517 3916 5494
11050 2 2 1000 205 5287 3187 5601
11051 2 2 1000 205 4445 5471 5535
11052 2 2 1000 205 5260 4336 5496
11053 2 2 1000 205 3859 5335 5467
11054 2 2 1000 205 4504 4327 5625
11055 2 2 1000 205 4546 4548 5504
11056 2 2 1000 205 5283 5528 5592
11057 2 2 1000 205 463 464 5503
11058 2 2 1000 205 4618 4679 5630
11059 2 2 1000 205 4491 4339 5621
11060 2 2 1000 205 4636 4639 5509
11061 2 2 1000 205 4635 3210 5547
11062 2 2 1000 205 5331 3222 5495
11063 2 2 1000 205 5495 3222 5629
11064 2 2 1000 205 5406 4037 5630
11065 2 2 1000 205 3310 3308 5505
11066 2 2 1000 205 4429 5465 5530
11067 2 2 1000 205 4582 5131 5510
11068 2 2 1000 205 5451 4621 5656
11069 2 2 1000 205 4473 5439 5607
11070 2 2 1000 205 4996 5387 5503
11071 2 2 1000 205 3255 5567 5606
11072 2 2 1000 205 4491 5467 5560
11073 2 2 1000 205 4440 4441 5512
11074 2 2 1000 205 3266 5139 5623
11075 2 2 1000 205 4342 5062 5513
11076 2 2 1000 205 4818 4308 5584
11077 2 2 1000 205 4733 4489 5515
11078 2 2 1000 205 4913 4914 5516
11079 2 2 1000 205 3267 5289 5538
11080 2 2 1000 205 4284 4818 5517
11081 2 2 1000 205 3832 3859 5506
11082 2 2 1000 205 3316 3913 5511
11083 2 2 1000 205 5402 3275 5582
11084 2 2 1000 205 5397 5284 5526
11085 2 2 1000 205 5473 591 5649
11086 2 2 1000 205 5428 4618 5630
11087 2 2 1000 205 4427 4428 5519
11088 2 2 1000 205 3230 5476 5579
11089 2 2 1000 205 4432 5000 5521
11090 2 2 1000 205 4631 4683 5543
11091 2 2 1000 205 5470 4160 5635
11092 2 2 1000 205 4423 5475 5601
11093 2 2 1000 205 5274 5606 5654
11094 2 2 1000 205 5299 4475 5598
11095 2 2 1000 205 430 431 5525
11096 2 2 1000 205 3335 3814 5534
11097 2 2 1000 205 4301 4476 5527
11098 2 2 1000 205 374 375 5528
11099 2 2 1000 205 4311 5266 5529
11100 2 2 1000 205 4082 4719 5536
11101 2 2 1000 205 4501 5438 5662
11102 2 2 1000 205 3183 5288 5520
11103 2 2 1000 205 4666 5391 5561
11104 2 2 1000 205 491 492 5532
11105 2 2 1000 205 3174 4645 5533
11106 2 2 1000 205 4447 4445 5535
11107 2 2 1000 205 5272 5486 5531
11108 2 2 1000 205 4415 5429 5618
11109 2 2 1000 205 5474 4614 5599
11110 2 2 1000 205 4628 4630 5540
11111 2 2 1000 205 4308 5327 5584
11112 2 2 1000 205 614 4589 5638
11113 2 2 1000 205 3886 5275 5524
11114 2 2 1000 205 5284 3198 5526
11115 2 2 1000 205 380 381 5539
11116 2 2 1000 205 4492 5489 5641
11117 2 2 1000 205 5438 5286 5662
11118 2 2 1000 205 387 3179 5541
11119 2 2 1000 205 406 407 5542
11120 2 2 1000 205 5265 3189 5646
11121 2 2 1000 205 4775 4540 5543
11122 2 2 1000 205 615 3234 5569
11123 2 2 1000 205 3219 5299 5598
11124 2 2 1000 205 4050 4434 5559
11125 2 2 1000 205 4556 4557 5586
11126 2 2 1000 205 4305 4930 5545
11127 2 2 1000 205 3214 564 5546
11128 2 2 1000 205 5536 4719 5568
11129 2 2 1000 205 4426 5272 5531
11130 2 2 1000 205 307 5380 5585
11131 2 2 1000 205 4634 4633 5549
11132 2 2 1000 205 4239 4457 5550
11133 2 2 1000 205 4589 4429 5530
11134 2 2 1000 205 3235 4568 5576
11135 2 2 1000 205 3205 4671 5566
11136 2 2 1000 205 4765 4158 5574
11137 2 2 1000 205 4571 4572 5627
11138 2 2 1000 205 5395 3196 5558
11139 2 2 1000 205 469 470 5551
11140 2 2 1000 205 5494 5318 5637
11141 2 2 1000 205 4426 5531 5570
11142 2 2 1000 205 4526 4514 5647
11143 2 2 1000 205 3205 5566 5643
11144 2 2 1000 205 4274 5474 5599
11145 2 2 1000 205 4611 3205 5643
11146 2 2 1000 205 5279 4526 5647
11147 2 2 1000 205 3174 5533 5657
11148 2 2 1000 205 5192 5520 5623
11149 2 2 1000 205 465 3227 5556
11150 2 2 1000 205 4428 5434 5594
11151 2 2 1000 205 4273 5253 5553
11152 2 2 1000 205 4456 5137 5557
11153 2 2 1000 205 4146 4143 5561
11154 2 2 1000 205 5516 4914 5648
11155 2 2 1000 205 3236 5418 5522
11156 2 2 1000 205 5005 4442 5562
11157 2 2 1000 205 4647 4646 5565
11158 2 2 1000 205 4121 4119 5564
11159 2 2 1000 205 645 15 5554
11160 2 2 1000 205 5418 5409 5522
11161 2 2 1000 205 5455 4501 5662
11162 2 2 1000 205 4995 4996 5610
11163 2 2 1000 205 4719 4505 5568
11164 2 2 1000 205 3176 5329 5555
11165 2 2 1000 205 4503 4448 5552
11166 2 2 1000 205 4861 4508 5571
11167 2 2 1000 205 5139 5192 5623
11168 2 2 1000 205 5327 4632 5584
11169 2 2 1000 205 3196 5292 5558
11170 2 2 1000 205 4492 4491 5560
11171 2 2 1000 205 596 597 5573
11172 2 2 1000 205 4593 4594 5583
11173 2 2 1000 205 4434 4947 5645
11174 2 2 1000 205 383 384 5575
11175 2 2 1000 205 4547 4549 5639
11176 2 2 1000 205 5526 3198 5647
11177 2 2 1000 205 317 318 5578
11178 2 2 1000 205 3781 3937 5577
11179 2 2 1000 205 4441 5384 5512
11180 2 2 1000 205 4944 4943 5579
11181 2 2 1000 205 430 5525 5631
11182 2 2 1000 205 5341 3177 5648
11183 2 2 1000 205 5545 4930 5651
11184 2 2 1000 205 4206 4237 5604
11185 2 2 1000 205 4709 5441 5588
11186 2 2 1000 205 3273 628 5580
11187 2 2 1000 205 339 5382 5581
11188 2 2 1000 205 5383 3224 5609
11189 2 2 1000 205 5264 4426 5570
11190 2 2 1000 205 5275 4484 5572
11191 2 2 1000 205 3274 642 5581
11192 2 2 1000 205 5524 5275 5572
11193 2 2 1000 205 5439 4447 5650
11194 2 2 1000 205 4706 4707 5582
11195 2 2 1000 205 5410 3932 5506
11196 2 2 1000 205 5522 4418 5567
11197 2 2 1000 205 4614 4615 5599
11198 2 2 1000 205 3826 3824 5596
11199 2 2 1000 205 3835 645 5554
11200 2 2 1000 205 3796 4747 5589
11201 2 2 1000 205 3859 5467 5621
11202 2 2 1000 205 15 4317 5554
11203 2 2 1000 205 4607 4396 5652
11204 2 2 1000 205 3275 495 5585
11205 2 2 1000 205 3896 5180 5587
11206 2 2 1000 205 3194 5446 5614
11207 2 2 1000 205 5382 5274 5654
11208 2 2 1000 205 5394 3188 5651
11209 2 2 1000 205 3206 4680 5590
11210 2 2 1000 205 4496 4497 5591
11211 2 2 1000 205 4418 5300 5567
11212 2 2 1000 205 4707 5402 5582
11213 2 2 1000 205 4627 3171 5634
11214 2 2 1000 205 4679 5406 5630
11215 2 2 1000 205 3209 587 5593
11216 2 2 1000 205 5549 4335 5604
11217 2 2 1000 205 3215 5346 5645
11218 2 2 1000 205 4668 4627 5659
11219 2 2 1000 205 4642 4641 5594
11220 2 2 1000 205 4453 5034 5629
11221 2 2 1000 205 4643 3174 5657
11222 2 2 1000 205 4819 5399 5603
11223 2 2 1000 205 3943 4289 5624
11224 2 2 1000 205 412 413 5595
11225 2 2 1000 205 4681 4653 5650
11226 2 2 1000 205 4126 4315 5660
11227 2 2 1000 205 3921 5415 5508
11228 2 2 1000 205 4475 4702 5598
11229 2 2 1000 205 4615 5301 5599
11230 2 2 1000 205 5301 4274 5599
11231 2 2 1000 205 4292 4195 5597
11232 2 2 1000 205 4881 4423 5601
11233 2 2 1000 205 4658 4659 5616
11234 2 2 1000 205 4847 4041 5602
11235 2 2 1000 205 5091 5341 5648
11236 2 2 1000 205 5520 5288 5623
11237 2 2 1000 205 5518 4449 5600
11238 2 2 1000 205 4773 4473 5607
11239 2 2 1000 205 5422 4466 5644
11240 2 2 1000 205 4542 4323 5609
11241 2 2 1000 205 5302 4026 5608
11242 2 2 1000 205 513 514 5611
11243 2 2 1000 205 434 3185 5612
11244 2 2 1000 205 5136 4297 5613
11245 2 2 1000 205 4465 4463 5615
11246 2 2 1000 205 3579 3300 5619
11247 2 2 1000 205 5015 5014 5614
11248 2 2 1000 205 401 3194 5617
11249 2 2 1000 205 4339 5410 5621
11250 2 2 1000 205 5264 5570 5605
11251 2 2 1000 205 4910 4908 5622
11252 2 2 1000 205 4518 4310 5625
11253 2 2 1000 205 4621 3168 5656
11254 2 2 1000 205 613 614 5638
11255 2 2 1000 205 4459 5605 5646
11256 2 2 1000 205 5290 3268 5644
11257 2 2 1000 205 4160 4750 5635
11258 2 2 1000 205 4679 3212 5661
11259 2 2 1000 205 429 430 5631
11260 2 2 1000 205 4459 5264 5605
11261 2 2 1000 205 5488 4692 5655
11262 2 2 1000 205 390 391 5633
11263 2 2 1000 205 4512 5334 5632
11264 2 2 1000 205 5346 4434 5645
11265 2 2 1000 205 4111 4109 5636
11266 2 2 1000 205 515 3173 5642
11267 2 2 1000 205 5187 4668 5659
11268 2 2 1000 205 591 592 5649
11269 2 2 1000 205 4930 4480 5651
11270 2 2 1000 205 4914 5091 5648
11271 2 2 1000 205 417 418 5653
11272 2 2 1000 205 4457 5187 5659
11273 2 2 1000 205 4299 5315 5641
11274 2 2 1000 205 3298 3296 5620
11275 2 2 1000 205 5391 4146 5561
11276 2 2 1000 205 4655 5327 5603
11277 2 2 1000 205 4337 5487 5537
11278 2 2 1000 205 5430 4335 5547
11279 2 2 1000 205 5288 3266 5623
11280 2 2 1000 205 5567 5300 5606
11281 2 2 1000 205 5380 3275 5585
11282 2 2 1000 205 3222 5354 5629
11283 2 2 1000 205 4433 5326 5628
11284 2 2 1000 205 5251 4459 5646
11285 2 2 1000 205 5409 4418 5522
11286 2 2 1000 205 5634 4457 5659
11287 2 2 1000 205 4627 5634 5659
11288 2 2 1000 205 3198 5279 5647
11289 2 2 1000 205 5300 4469 5606
11290 2 2 1000 205 3930 4439 5640
11291 2 2 1000 205 5286 3186 5662
11292 2 2 1000 205 4502 4321 5626
11293 2 2 1000 205 5313 4415 5618
11294 2 2 1000 205 5289 5482 5538
11295 2 2 1000 205 5314 4444 5600
11296 2 2 1000 205 5354 4453 5629
11297 2 2 1000 205 5318 4586 5637
11298 2 2 1000 205 5382 3274 5581
11299 2 2 1000 205 4577 5640 5658
11300 2 2 1000 205 4651 5385 5574
11301 2 2 1000 205 5606 4469 5654
11302 2 2 1000 205 5496 3203 5544
11303 2 2 1000 205 4462 5451 5537
11304 2 2 1000 205 4448 5484 5552
11305 2 2 1000 205 5476 4944 5579
11306 2 2 1000 205 4480 5394 5651
11307 2 2 1000 205 5437 4690 5636
11308 2 2 1000 205 5434 4642 5594
11309 2 2 1000 205 4692 5360 5655
11310 2 2 1000 205 4569 5424 5611
11311 2 2 1000 205 5399 4655 5603
11312 2 2 1000 205 4517 5494 5637
11313 2 2 1000 205 5482 4430 5538
11314 2 2 1000 205 3185 5562 5612
11315 2 2 1000 205 5260 5496 5544
11316 2 2 1000 205 5540 4292 5597
11317 2 2 1000 205 3186 5455 5662
11318 2 2 1000 205 3268 5422 5644
11319 2 2 1000 205 5446 5015 5614
11320 2 2 1000 205 5563 4556 5586
11321 2 2 1000 205 4469 5396 5654
11322 2 2 1000 205 5485 5197 5620
11323 2 2 1000 205 5489 5270 5641
11324 2 2 1000 205 5005 5562 5563
11325 2 2 1000 205 5562 3185 5563
11326 2 2 1000 205 5459 4433 5628
11327 2 2 1000 205 4996 5556 5610
11328 2 2 1000 205 4653 5439 5650
11329 2 2 1000 205 4605 5518 5600
11330 2 2 1000 205 5467 4491 5621
11331 2 2 1000 205 5005 5563 5586
11332 2 2 1000 205 4634 5549 5604
11333 2 2 1000 205 5556 3227 5610
11334 2 2 1000 205 4289 5583 5624
11335 2 2 1000 205 5504 4548 5658
11336 2 2 1000 205 4589 5530 5638
11337 2 2 1000 205 5550 4457 5634
11338 2 2 1000 205 4315 5616 5660
11339 2 2 1000 205 5583 4594 5624
11340 2 2 1000 205 5616 4659 5660
11341 2 2 1000 205 320 4 11
$EndElements
$Periodic
9
1 206 2
Affine -1 0 0 0 0 1 0 0 0 0 1 0 0 0 0 0
159
2 2
10 1
339 17
340 18
341 19
342 20
343 21
344 22
345 23
346 24
347 25
348 26
349 27
350 28
351 29
352 30
353 31
354 32
355 33
356 34
357 35
358 36
359 37
360 38
361 39
362 40
363 41
364 42
365 43
366 44
367 45
368 46
369 47
370 48
371 49
372 50
373 51
374 52
375 53
376 54
377 55
378 56
379 57
380 58
381 59
382 60
383 61
384 62
385 63
386 64
387 65
388 66
389 67
390 68
391 69
392 70
393 71
394 72
395 73
396 74
397 75
398 76
399 77
400 78
401 79
402 80
403 81
404 82
405 83
406 84
407 85
408 86
409 87
410 88
411 89
412 90
413 91
414 92
415 93
416 94
417 95
418 96
419 97
420 98
421 99
422 100
423 101
424 102
425 103
426 104
427 105
428 106
429 107
430 108
431 109
432 110
433 111
434 112
435 113
436 114
437 115
438 116
439 117
440 118
441 119
442 120
443 121
444 122
445 123
446 124
447 125
448 126
449 127
450 128
451 129
452 130
453 131
454 132
455 133
456 134
457 135
458 136
459 137
460 138
461 139
462 140
463 141
464 142
465 143
466 144
467 145
468 146
469 147
470 148
471 149
472 150
473 151
474 152
475 153
476 154
477 155
478 156
479 157
480 158
481 159
482 160
483 161
484 162
485 163
486 164
487 165
488 166
489 167
490 168
491 169
492 170
493 171
494 172
495 173
1 208 40
Affine -1 0 0 0 0 1 0 0 0 0 1 0 0 0 0 0
2
4 4
11 5
1 209 4
Affine -1 0 0 0 0 1 0 0 0 0 1 0 0 0 0 0
135
11 5
12 3
496 174
497 175
498 176
499 177
500 178
501 179
502 180
503 181
504 182
505 183
506 184
507 185
508 186
509 187
510 188
511 189
512 190
513 191
514 192
515 193
516 194
517 195
518 196
519 197
520 198
521 199
522 200
523 201
524 202
525 203
526 204
527 205
528 206
529 207
530 208
531 209
532 210
533 211
534 212
535 213
536 214
537 215
538 216
539 217
540 218
541 219
542 220
543 221
544 222
545 223
546 224
547 225
548 226
549 227
550 228
551 229
552 230
553 231
554 232
555 233
556 234
557 235
558 236
559 237
560 238
561 239
562 240
563 241
564 242
565 243
566 244
567 245
568 246
569 247
570 248
571 249
572 250
573 251
574 252
575 253
576 254
577 255
578 256
579 257
580 258
581 259
582 260
583 261
584 262
585 263
586 264
587 265
588 266
589 267
590 268
591 269
592 270
593 271
594 272
595 273
596 274
597 275
598 276
599 277
600 278
601 279
602 280
603 281
604 282
605 283
606 284
607 285
608 286
609 287
610 288
611 289
612 290
613 291
614 292
615 293
616 294
617 295
618 296
619 297
620 298
621 299
622 300
623 301
624 302
625 303
626 304
627 305
628 306
1 210 31
Affine -1 0 0 0 0 1 0 0 0 0 1 0 0 0 0 0
16
10 1
12 3
629 321
630 322
631 323
632 324
633 325
634 326
635 327
636 328
637 329
638 330
639 331
640 332
641 333
642 334
1 211 204
Affine -1 0 0 0 0 1 0 0 0 0 1 0 0 0 0 0
3
13 6
14 9
643 338
1 212 203
Affine -1 0 0 0 0 1 0 0 0 0 1 0 0 0 0 0
3
14 9
15 8
644 337
1 213 202
Affine -1 0 0 0 0 1 0 0 0 0 1 0 0 0 0 0
3
15 8
16 7
645 336
1 214 201
Affine -1 0 0 0 0 1 0 0 0 0 1 0 0 0 0 0
3
13 6
16 7
646 335
2 205 11
Affine -1 0 0 0 0 1 0 0 0 0 1 0 0 0 0 0
2839
2 2
4 4
10 1
11 5
12 3
13 6
14 9
15 8
16 7
307 307
308 308
309 309
310 310
311 311
312 312
313 313
314 314
315 315
316 316
317 317
318 318
319 319
320 320
339 17
340 18
341 19
342 20
343 21
344 22
345 23
346 24
347 25
348 26
349 27
350 28
351 29
352 30
353 31
354 32
355 33
356 34
357 35
358 36
359 37
360 38
361 39
362 40
363 41
364 42
365 43
366 44
367 45
368 46
369 47
370 48
371 49
372 50
373 51
374 52
375 53
376 54
377 55
378 56
379 57
380 58
381 59
382 60
383 61
384 62
385 63
386 64
387 65
388 66
389 67
390 68
391 69
392 70
393 71
394 72
395 73
396 74
397 75
398 76
399 77
400 78
401 79
402 80
403 81
404 82
405 83
406 84
407 85
408 86
409 87
410 88
411 89
412 90
413 91
414 92
415 93
416 94
417 95
418 96
419 97
420 98
421 99
422 100
423 101
424 102
425 103
426 104
427 105
428 106
429 107
430 108
431 109
432 110
433 111
434 112
435 113
436 114
437 115
438 116
439 117
440 118
441 119
442 120
443 121
444 122
445 123
446 124
447 125
448 126
449 127
450 128
451 129
452 130
453 131
454 132
455 133
456 134
457 135
458 136
459 137
460 138
461 139
462 140
463 141
464 142
465 143
466 144
467 145
468 146
469 147
470 148
471 149
472 150
473 151
474 152
475 153
476 154
477 155
478 156
479 157
480 158
481 159
482 160
483 161
484 162
485 163
486 164
487 165
488 166
489 167
490 168
491 169
492 170
493 171
494 172
495 173
496 174
497 175
498 176
499 177
500 178
501 179
502 180
503 181
504 182
505 183
506 184
507 185
508 186
509 187
510 188
511 189
512 190
513 191
514 192
515 193
516 194
517 195
518 196
519 197
520 198
521 199
522 200
523 201
524 202
525 203
526 204
527 205
528 206
529 207
530 208
531 209
532 210
533 211
534 212
535 213
536 214
537 215
538 216
539 217
540 218
541 219
542 220
543 221
544 222
545 223
546 224
547 225
548 226
549 227
550 228
551 229
552 230
553 231
554 232
555 233
556 234
557 235
558 236
559 237
560 238
561 239
562 240
563 241
564 242
565 243
566 244
567 245
568 246
569 247
570 248
571 249
572 250
573 251
574 252
575 253
576 254
577 255
578 256
579 257
580 258
581 259
582 260
583 261
584 262
585 263
586 264
587 265
588 266
589 267
590 268
591 269
592 270
593 271
594 272
595 273
596 274
597 275
598 276
599 277
600 278
601 279
602 280
603 281
604 282
605 283
606 284
607 285
608 286
609 287
610 288
611 289
612 290
613 291
614 292
615 293
616 294
617 295
618 296
619 297
620 298
621 299
622 300
623 301
624 302
625 303
626 304
627 305
628 306
629 321
630 322
631 323
632 324
633 325
634 326
635 327
636 328
637 329
638 330
639 331
640 332
641 333
642 334
643 338
644 337
645 336
646 335
3155 647
3156 648
3157 649
3158 650
3159 651
3160 652
3161 653
3162 654
3163 655
3164 656
3165 657
3166 658
3167 659
3168 660
3169 661
3170 662
3171 663
3172 664
3173 665
3174 666
3175 667
3176 668
3177 669
3178 670
3179 671
3180 672
3181 673
3182 674
3183 675
3184 676
3185 677
3186 678
3187 679
3188 680
3189 681
3190 682
3191 683
3192 684
3193 685
3194 686
3195 687
3196 688
3197 689
3198 690
3199 691
3200 692
3201 693
3202 694
3203 695
3204 696
3205 697
3206 698
3207 699
3208 700
3209 701
3210 702
3211 703
3212 704
3213 705
3214 706
3215 707
3216 708
3217 709
3218 710
3219 711
3220 712
3221 713
3222 714
3223 715
3224 716
3225 717
3226 718
3227 719
3228 720
3229 721
3230 722
3231 723
3232 724
3233 725
3234 726
3235 727
3236 728
3237 729
3238 730
3239 731
3240 732
3241 733
3242 734
3243 735
3244 736
3245 737
3246 738
3247 739
3248 740
3249 741
3250 742
3251 743
3252 744
3253 745
3254 746
3255 747
3256 748
3257 749
3258 750
3259 751
3260 752
3261 753
3262 754
3263 755
3264 756
3265 757
3266 758
3267 759
3268 760
3269 761
3270 762
3271 763
3272 764
3273 765
3274 766
3275 767
3276 768
3277 769
3278 770
3279 771
3280 772
3281 773
3282 774
3283 775
3284 776
3285 777
3286 778
3287 779
3288 780
3289 781
3290 782
3291 783
3292 784
3293 785
3294 786
3295 787
3296 788
3297 789
3298 790
3299 791
3300 792
3301 793
3302 794
3303 795
3304 796
3305 797
3306 798
3307 799
3308 800
3309 801
3310 802
3311 803
3312 804
3313 805
3314 806
3315 807
3316 808
3317 809
3318 810
3319 811
3320 812
3321 813
3322 814
3323 815
3324 816
3325 817
3326 818
3327 819
3328 820
3329 821
3330 822
3331 823
3332 824
3333 825
3334 826
3335 827
3336 828
3337 829
3338 830
3339 831
3340 832
3341 833
3342 834
3343 835
3344 836
3345 837
3346 838
3347 839
3348 840
3349 841
3350 842
3351 843
3352 844
3353 845
3354 846
3355 847
3356 848
3357 849
3358 850
3359 851
3360 852
3361 853
3362 854
3363 855
3364 856
3365 857
3366 858
3367 859
3368 860
3369 861
3370 862
3371 863
3372 864
3373 865
3374 866
3375 867
3376 868
3377 869
3378 870
3379 871
3380 872
3381 873
3382 874
3383 875
3384 876
3385 877
3386 878
3387 879
3388 880
3389 881
3390 882
3391 883
3392 884
3393 885
3394 886
3395 887
3396 888
3397 889
3398 890
3399 891
3400 892
3401 893
3402 894
3403 895
3404 896
3405 897
3406 898
3407 899
3408 900
3409 901
3410 902
3411 903
3412 904
3413 905
3414 906
3415 907
3416 908
3417 909
3418 910
3419 911
3420 912
3421 913
3422 914
3423 915
3424 916
3425 917
3426 918
3427 919
3428 920
3429 921
3430 922
3431 923
3432 924
3433 925
3434 926
3435 927
3436 928
3437 929
3438 930
3439 931
3440 932
3441 933
3442 934
3443 935
3444 936
3445 937
3446 938
3447 939
3448 940
3449 941
3450 942
3451 943
3452 944
3453 945
3454 946
3455 947
3456 948
3457 949
3458 950
3459 951
3460 952
3461 953
3462 954
3463 955
3464 956
3465 957
3466 958
3467 959
3468 960
3469 961
3470 962
3471 963
3472 964
3473 965
3474 966
3475 967
3476 968
3477 969
3478 970
3479 971
3480 972
3481 973
3482 974
3483 975
3484 976
3485 977
3486 978
3487 979
3488 980
3489 981
3490 982
3491 983
3492 984
3493 985
3494 986
3495 987
3496 988
3497 989
3498 990
3499 991
3500 992
3501 993
3502 994
3503 995
3504 996
3505 997
3506 998
3507 999
3508 1000
3509 1001
3510 1002
3511 1003
3512 1004
3513 1005
3514 1006
3515 1007
3516 1008
3517 1009
3518 1010
3519 1011
3520 1012
3521 1013
3522 1014
3523 1015
3524 1016
3525 1017
3526 1018
3527 1019
3528 1020
3529 1021
3530 1022
3531 1023
3532 1024
3533 1025
3534 1026
3535 1027
3536 1028
3537 1029
3538 1030
3539 1031
3540 1032
3541 1033
3542 1034
3543 1035
3544 1036
3545 1037
3546 1038
3547 1039
3548 1040
3549 1041
3550 1042
3551 1043
3552 1044
3553 1045
3554 1046
3555 1047
3556 1048
3557 1049
3558 1050
3559 1051
3560 1052
3561 1053
3562 1054
3563 1055
3564 1056
3565 1057
3566 1058
3567 1059
3568 1060
3569 1061
3570 1062
3571 1063
3572 1064
3573 1065
3574 1066
3575 1067
3576 1068
3577 1069
3578 1070
3579 1071
3580 1072
3581 1073
3582 1074
3583 1075
3584 1076
3585 1077
3586 1078
3587 1079
3588 1080
3589 1081
3590 1082
3591 1083
3592 1084
3593 1085
3594 1086
3595 1087
3596 1088
3597 1089
3598 1090
3599 1091
3600 1092
3601 1093
3602 1094
3603 1095
3604 1096
3605 1097
3606 1098
3607 1099
3608 1100
3609 1101
3610 1102
3611 1103
3612 1104
3613 1105
3614 1106
3615 1107
3616 1108
3617 1109
3618 1110
3619 1111
3620 1112
3621 1113
3622 1114
3623 1115
3624 1116
3625 1117
3626 1118
3627 1119
3628 1120
3629 1121
3630 1122
3631 1123
3632 1124
3633 1125
3634 1126
3635 1127
3636 1128
3637 1129
3638 1130
3639 1131
3640 1132
3641 1133
3642 1134
3643 1135
3644 1136
3645 1137
3646 1138
3647 1139
3648 1140
3649 1141
3650 1142
3651 1143
3652 1144
3653 1145
3654 1146
3655 1147
3656 1148
3657 1149
3658 1150
3659 1151
3660 1152
3661 1153
3662 1154
3663 1155
3664 1156
3665 1157
3666 1158
3667 1159
3668 1160
3669 1161
3670 1162
3671 1163
3672 1164
3673 1165
3674 1166
3675 1167
3676 1168
3677 1169
3678 1170
3679 1171
3680 1172
3681 1173
3682 1174
3683 1175
3684 1176
3685 1177
3686 1178
3687 1179
3688 1180
3689 1181
3690 1182
3691 1183
3692 1184
3693 1185
3694 1186
3695 1187
3696 1188
3697 1189
3698 1190
3699 1191
3700 1192
3701 1193
3702 1194
3703 1195
3704 1196
3705 1197
3706 1198
3707 1199
3708 1200
3709 1201
3710 1202
3711 1203
3712 1204
3713 1205
3714 1206
3715 1207
3716 1208
3717 1209
3718 1210
3719 1211
3720 1212
3721 1213
3722 1214
3723 1215
3724 1216
3725 1217
3726 1218
3727 1219
3728 1220
3729 1221
3730 1222
3731 1223
3732 1224
3733 1225
3734 1226
3735 1227
3736 1228
3737 1229
3738 1230
3739 1231
3740 1232
3741 1233
3742 1234
3743 1235
3744 1236
3745 1237
3746 1238
3747 1239
3748 1240
3749 1241
3750 1242
3751 1243
3752 1244
3753 1245
3754 1246
3755 1247
3756 1248
3757 1249
3758 1250
3759 1251
3760 1252
3761 1253
3762 1254
3763 1255
3764 1256
3765 1257
3766 1258
3767 1259
3768 1260
3769 1261
3770 1262
3771 1263
3772 1264
3773 1265
3774 1266
3775 1267
3776 1268
3777 1269
3778 1270
3779 1271
3780 1272
3781 1273
3782 1274
3783 1275
3784 1276
3785 1277
3786 1278
3787 1279
3788 1280
3789 1281
3790 1282
3791 1283
3792 1284
3793 1285
3794 1286
3795 1287
3796 1288
3797 1289
3798 1290
3799 1291
3800 1292
3801 1293
3802 1294
3803 1295
3804 1296
3805 1297
3806 1298
3807 1299
3808 1300
3809 1301
3810 1302
3811 1303
3812 1304
3813 1305
3814 1306
3815 1307
3816 1308
3817 1309
3818 1310
3819 1311
3820 1312
3821 1313
3822 1314
3823 1315
3824 1316
3825 1317
3826 1318
3827 1319
3828 1320
3829 1321
3830 1322
3831 1323
3832 1324
3833 1325
3834 1326
3835 1327
3836 1328
3837 1329
3838 1330
3839 1331
3840 1332
3841 1333
3842 1334
3843 1335
3844 1336
3845 1337
3846 1338
3847 1339
3848 1340
3849 1341
3850 1342
3851 1343
3852 1344
3853 1345
3854 1346
3855 1347
3856 1348
3857 1349
3858 1350
3859 1351
3860 1352
3861 1353
3862 1354
3863 1355
3864 1356
3865 1357
3866 1358
3867 1359
3868 1360
3869 1361
3870 1362
3871 1363
3872 1364
3873 1365
3874 1366
3875 1367
3876 1368
3877 1369
3878 1370
3879 1371
3880 1372
3881 1373
3882 1374
3883 1375
3884 1376
3885 1377
3886 1378
3887 1379
3888 1380
3889 1381
3890 1382
3891 1383
3892 1384
3893 1385
3894 1386
3895 1387
3896 1388
3897 1389
3898 1390
3899 1391
3900 1392
3901 1393
3902 1394
3903 1395
3904 1396
3905 1397
3906 1398
3907 1399
3908 1400
3909 1401
3910 1402
3911 1403
3912 1404
3913 1405
3914 1406
3915 1407
3916 1408
3917 1409
3918 1410
3919 1411
3920 1412
3921 1413
3922 1414
3923 1415
3924 1416
3925 1417
3926 1418
3927 1419
3928 1420
3929 1421
3930 1422
3931 1423
3932 1424
3933 1425
3934 1426
3935 1427
3936 1428
3937 1429
3938 1430
3939 1431
3940 1432
3941 1433
3942 1434
3943 1435
3944 1436
3945 1437
3946 1438
3947 1439
3948 1440
3949 1441
3950 1442
3951 1443
3952 1444
3953 1445
3954 1446
3955 1447
3956 1448
3957 1449
3958 1450
3959 1451
3960 1452
3961 1453
3962 1454
3963 1455
3964 1456
3965 1457
3966 1458
3967 1459
3968 1460
3969 1461
3970 1462
3971 1463
3972 1464
3973 1465
3974 1466
3975 1467
3976 1468
3977 1469
3978 1470
3979 1471
3980 1472
3981 1473
3982 1474
3983 1475
3984 1476
3985 1477
3986 1478
3987 1479
3988 1480
3989 1481
3990 1482
3991 1483
3992 1484
3993 1485
3994 1486
3995 1487
3996 1488
3997 1489
3998 1490
3999 1491
4000 1492
4001 1493
4002 1494
4003 1495
4004 1496
4005 1497
4006 1498
4007 1499
4008 1500
4009 1501
4010 1502
4011 1503
4012 1504
4013 1505
4014 1506
4015 1507
4016 1508
4017 1509
4018 1510
4019 1511
4020 1512
4021 1513
4022 1514
4023 1515
4024 1516
4025 1517
4026 1518
4027 1519
4028 1520
4029 1521
4030 1522
4031 1523
4032 1524
4033 1525
4034 1526
4035 1527
4036 1528
4037 1529
4038 1530
4039 1531
4040 1532
4041 1533
4042 1534
4043 1535
4044 1536
4045 1537
4046 1538
4047 1539
4048 1540
4049 1541
4050 1542
4051 1543
4052 1544
4053 1545
4054 1546
4055 1547
4056 1548
4057 1549
4058 1550
4059 1551
4060 1552
4061 1553
4062 1554
4063 1555
4064 1556
4065 1557
4066 1558
4067 1559
4068 1560
4069 1561
4070 1562
4071 1563
4072 1564
4073 1565
4074 1566
4075 1567
4076 1568
4077 1569
4078 1570
4079 1571
4080 1572
4081 1573
4082 1574
4083 1575
4084 1576
4085 1577
4086 1578
4087 1579
4088 1580
4089 1581
4090 1582
4091 1583
4092 1584
4093 1585
4094 1586
4095 1587
4096 1588
4097 1589
4098 1590
4099 1591
4100 1592
4101 1593
4102 1594
4103 1595
4104 1596
4105 1597
4106 1598
4107 1599
4108 1600
4109 1601
4110 1602
4111 1603
4112 1604
4113 1605
4114 1606
4115 1607
4116 1608
4117 1609
4118 1610
4119 1611
4120 1612
4121 1613
4122 1614
4123 1615
4124 1616
4125 1617
4126 1618
4127 1619
4128 1620
4129 1621
4130 1622
4131 1623
4132 1624
4133 1625
4134 1626
4135 1627
4136 1628
4137 1629
4138 1630
4139 1631
4140 1632
4141 1633
4142 1634
4143 1635
4144 1636
4145 1637
4146 1638
4147 1639
4148 1640
4149 1641
4150 1642
4151 1643
4152 1644
4153 1645
4154 1646
4155 1647
4156 1648
4157 1649
4158 1650
4159 1651
4160 1652
4161 1653
4162 1654
4163 1655
4164 1656
4165 1657
4166 1658
4167 1659
4168 1660
4169 1661
4170 1662
4171 1663
4172 1664
4173 1665
4174 1666
4175 1667
4176 1668
4177 1669
4178 1670
4179 1671
4180 1672
4181 1673
4182 1674
4183 1675
4184 1676
4185 1677
4186 1678
4187 1679
4188 1680
4189 1681
4190 1682
4191 1683
4192 1684
4193 1685
4194 1686
4195 1687
4196 1688
4197 1689
4198 1690
4199 1691
4200 1692
4201 1693
4202 1694
4203 1695
4204 1696
4205 1697
4206 1698
4207 1699
4208 1700
4209 1701
4210 1702
4211 1703
4212 1704
4213 1705
4214 1706
4215 1707
4216 1708
4217 1709
4218 1710
4219 1711
4220 1712
4221 1713
4222 1714
4223 1715
4224 1716
4225 1717
4226 1718
4227 1719
4228 1720
4229 1721
4230 1722
4231 1723
4232 1724
4233 1725
4234 1726
4235 1727
4236 1728
4237 1729
4238 1730
4239 1731
4240 1732
4241 1733
4242 1734
4243 1735
4244 1736
4245 1737
4246 1738
4247 1739
4248 1740
4249 1741
4250 1742
4251 1743
4252 1744
4253 1745
4254 1746
4255 1747
4256 1748
4257 1749
4258 1750
4259 1751
4260 1752
4261 1753
4262 1754
4263 1755
4264 1756
4265 1757
4266 1758
4267 1759
4268 1760
4269 1761
4270 1762
4271 1763
4272 1764
4273 1765
4274 1766
4275 1767
4276 1768
4277 1769
4278 1770
4279 1771
4280 1772
4281 1773
4282 1774
4283 1775
4284 1776
4285 1777
4286 1778
4287 1779
4288 1780
4289 1781
4290 1782
4291 1783
4292 1784
4293 1785
4294 1786
4295 1787
4296 1788
4297 1789
4298 1790
4299 1791
4300 1792
4301 1793
4302 1794
4303 1795
4304 1796
4305 1797
4306 1798
4307 1799
4308 1800
4309 1801
4310 1802
4311 1803
4312 1804
4313 1805
4314 1806
4315 1807
4316 1808
4317 1809
4318 1810
4319 1811
4320 1812
4321 1813
4322 1814
4323 1815
4324 1816
4325 1817
4326 1818
4327 1819
4328 1820
4329 1821
4330 1822
4331 1823
4332 1824
4333 1825
4334 1826
4335 1827
4336 1828
4337 1829
4338 1830
4339 1831
4340 1832
4341 1833
4342 1834
4343 1835
4344 1836
4345 1837
4346 1838
4347 1839
4348 1840
4349 1841
4350 1842
4351 1843
4352 1844
4353 1845
4354 1846
4355 1847
4356 1848
4357 1849
4358 1850
4359 1851
4360 1852
4361 1853
4362 1854
4363 1855
4364 1856
4365 1857
4366 1858
4367 1859
4368 1860
4369 1861
4370 1862
4371 1863
4372 1864
4373 1865
4374 1866
4375 1867
4376 1868
4377 1869
4378 1870
4379 1871
4380 1872
4381 1873
4382 1874
4383 1875
4384 1876
4385 1877
4386 1878
4387 1879
4388 1880
4389 1881
4390 1882
4391 1883
4392 1884
4393 1885
4394 1886
4395 1887
4396 1888
4397 1889
4398 1890
4399 1891
4400 1892
4401 1893
4402 1894
4403 1895
4404 1896
4405 1897
4406 1898
4407 1899
4408 1900
4409 1901
4410 1902
4411 1903
4412 1904
4413 1905
4414 1906
4415 1907
4416 1908
4417 1909
4418 1910
4419 1911
4420 1912
4421 1913
4422 1914
4423 1915
4424 1916
4425 1917
4426 1918
4427 1919
4428 1920
4429 1921
4430 1922
4431 1923
4432 1924
4433 1925
4434 1926
4435 1927
4436 1928
4437 1929
4438 1930
4439 1931
4440 1932
4441 1933
4442 1934
4443 1935
4444 1936
4445 1937
4446 1938
4447 1939
4448 1940
4449 1941
4450 1942
4451 1943
4452 1944
4453 1945
4454 1946
4455 1947
4456 1948
4457 1949
4458 1950
4459 1951
4460 1952
4461 1953
4462 1954
4463 1955
4464 1956
4465 1957
4466 1958
4467 1959
4468 1960
4469 1961
4470 1962
4471 1963
4472 1964
4473 1965
4474 1966
4475 1967
4476 1968
4477 1969
4478 1970
4479 1971
4480 1972
4481 1973
4482 1974
4483 1975
4484 1976
4485 1977
4486 1978
4487 1979
4488 1980
4489 1981
4490 1982
4491 1983
4492 1984
4493 1985
4494 1986
4495 1987
4496 1988
4497 1989
4498 1990
4499 1991
4500 1992
4501 1993
4502 1994
4503 1995
4504 1996
4505 1997
4506 1998
4507 1999
4508 2000
4509 2001
4510 2002
4511 2003
4512 2004
4513 2005
4514 2006
4515 2007
4516 2008
4517 2009
4518 2010
4519 2011
4520 2012
4521 2013
4522 2014
4523 2015
4524 2016
4525 2017
4526 2018
4527 2019
4528 2020
4529 2021
4530 2022
4531 2023
4532 2024
4533 2025
4534 2026
4535 2027
4536 2028
4537 2029
4538 2030
4539 2031
4540 2032
4541 2033
4542 2034
4543 2035
4544 2036
4545 2037
4546 2038
4547 2039
4548 2040
4549 2041
4550 2042
4551 2043
4552 2044
4553 2045
4554 2046
4555 2047
4556 2048
4557 2049
4558 2050
4559 2051
4560 2052
4561 2053
4562 2054
4563 2055
4564 2056
4565 2057
4566 2058
4567 2059
4568 2060
4569 2061
4570 2062
4571 2063
4572 2064
4573 2065
4574 2066
4575 2067
4576 2068
4577 2069
4578 2070
4579 2071
4580 2072
4581 2073
4582 2074
4583 2075
4584 2076
4585 2077
4586 2078
4587 2079
4588 2080
4589 2081
4590 2082
4591 2083
4592 2084
4593 2085
4594 2086
4595 2087
4596 2088
4597 2089
4598 2090
4599 2091
4600 2092
4601 2093
4602 2094
4603 2095
4604 2096
4605 2097
4606 2098
4607 2099
4608 2100
4609 2101
4610 2102
4611 2103
4612 2104
4613 2105
4614 2106
4615 2107
4616 2108
4617 2109
4618 2110
4619 2111
4620 2112
4621 2113
4622 2114
4623 2115
4624 2116
4625 2117
4626 2118
4627 2119
4628 2120
4629 2121
4630 2122
4631 2123
4632 2124
4633 2125
4634 2126
4635 2127
4636 2128
4637 2129
4638 2130
4639 2131
4640 2132
4641 2133
4642 2134
4643 2135
4644 2136
4645 2137
4646 2138
4647 2139
4648 2140
4649 2141
4650 2142
4651 2143
4652 2144
4653 2145
4654 2146
4655 2147
4656 2148
4657 2149
4658 2150
4659 2151
4660 2152
4661 2153
4662 2154
4663 2155
4664 2156
4665 2157
4666 2158
4667 2159
4668 2160
4669 2161
4670 2162
4671 2163
4672 2164
4673 2165
4674 2166
4675 2167
4676 2168
4677 2169
4678 2170
4679 2171
4680 2172
4681 2173
4682 2174
4683 2175
4684 2176
4685 2177
4686 2178
4687 2179
4688 2180
4689 2181
4690 2182
4691 2183
4692 2184
4693 2185
4694 2186
4695 2187
4696 2188
4697 2189
4698 2190
4699 2191
4700 2192
4701 2193
4702 2194
4703 2195
4704 2196
4705 2197
4706 2198
4707 2199
4708 2200
4709 2201
4710 2202
4711 2203
4712 2204
4713 2205
4714 2206
4715 2207
4716 2208
4717 2209
4718 2210
4719 2211
4720 2212
4721 2213
4722 2214
4723 2215
4724 2216
4725 2217
4726 2218
4727 2219
4728 2220
4729 2221
4730 2222
4731 2223
4732 2224
4733 2225
4734 2226
4735 2227
4736 2228
4737 2229
4738 2230
4739 2231
4740 2232
4741 2233
4742 2234
4743 2235
4744 2236
4745 2237
4746 2238
4747 2239
4748 2240
4749 2241
4750 2242
4751 2243
4752 2244
4753 2245
4754 2246
4755 2247
4756 2248
4757 2249
4758 2250
4759 2251
4760 2252
4761 2253
4762 2254
4763 2255
4764 2256
4765 2257
4766 2258
4767 2259
4768 2260
4769 2261
4770 2262
4771 2263
4772 2264
4773 2265
4774 2266
4775 2267
4776 2268
4777 2269
4778 2270
4779 2271
4780 2272
4781 2273
4782 2274
4783 2275
4784 2276
4785 2277
4786 2278
4787 2279
4788 2280
4789 2281
4790 2282
4791 2283
4792 2284
4793 2285
4794 2286
4795 2287
4796 2288
4797 2289
4798 2290
4799 2291
4800 2292
4801 2293
4802 2294
4803 2295
4804 2296
4805 2297
4806 2298
4807 2299
4808 2300
4809 2301
4810 2302
4811 2303
4812 2304
4813 2305
4814 2306
4815 2307
4816 2308
4817 2309
4818 2310
4819 2311
4820 2312
4821 2313
4822 2314
4823 2315
4824 2316
4825 2317
4826 2318
4827 2319
4828 2320
4829 2321
4830 2322
4831 2323
4832 2324
4833 2325
4834 2326
4835 2327
4836 2328
4837 2329
4838 2330
4839 2331
4840 2332
4841 2333
4842 2334
4843 2335
4844 2336
4845 2337
4846 2338
4847 2339
4848 2340
4849 2341
4850 2342
4851 2343
4852 2344
4853 2345
4854 2346
4855 2347
4856 2348
4857 2349
4858 2350
4859 2351
4860 2352
4861 2353
4862 2354
4863 2355
4864 2356
4865 2357
4866 2358
4867 2359
4868 2360
4869 2361
4870 2362
4871 2363
4872 2364
4873 2365
4874 2366
4875 2367
4876 2368
4877 2369
4878 2370
4879 2371
4880 2372
4881 2373
4882 2374
4883 2375
4884 2376
4885 2377
4886 2378
4887 2379
4888 2380
4889 2381
4890 2382
4891 2383
4892 2384
4893 2385
4894 2386
4895 2387
4896 2388
4897 2389
4898 2390
4899 2391
4900 2392
4901 2393
4902 2394
4903 2395
4904 2396
4905 2397
4906 2398
4907 2399
4908 2400
4909 2401
4910 2402
4911 2403
4912 2404
4913 2405
4914 2406
4915 2407
4916 2408
4917 2409
4918 2410
4919 2411
4920 2412
4921 2413
4922 2414
4923 2415
4924 2416
4925 2417
4926 2418
4927 2419
4928 2420
4929 2421
4930 2422
4931 2423
4932 2424
4933 2425
4934 2426
4935 2427
4936 2428
4937 2429
4938 2430
4939 2431
4940 2432
4941 2433
4942 2434
4943 2435
4944 2436
4945 2437
4946 2438
4947 2439
4948 2440
4949 2441
4950 2442
4951 2443
4952 2444
4953 2445
4954 2446
4955 2447
4956 2448
4957 2449
4958 2450
4959 2451
4960 2452
4961 2453
4962 2454
4963 2455
4964 2456
4965 2457
4966 2458
4967 2459
4968 2460
4969 2461
4970 2462
4971 2463
4972 2464
4973 2465
4974 2466
4975 2467
4976 2468
4977 2469
4978 2470
4979 2471
4980 2472
4981 2473
4982 2474
4983 2475
4984 2476
4985 2477
4986 2478
4987 2479
4988 2480
4989 2481
4990 2482
4991 2483
4992 2484
4993 2485
4994 2486
4995 2487
4996 2488
4997 2489
4998 2490
4999 2491
5000 2492
5001 2493
5002 2494
5003 2495
5004 2496
5005 2497
5006 2498
5007 2499
5008 2500
5009 2501
5010 2502
5011 2503
5012 2504
5013 2505
5014 2506
5015 2507
5016 2508
5017 2509
5018 2510
5019 2511
5020 2512
5021 2513
5022 2514
5023 2515
5024 2516
5025 2517
5026 2518
5027 2519
5028 2520
5029 2521
5030 2522
5031 2523
5032 2524
5033 2525
5034 2526
5035 2527
5036 2528
5037 2529
5038 2530
5039 2531
5040 2532
5041 2533
5042 2534
5043 2535
5044 2536
5045 2537
5046 2538
5047 2539
5048 2540
5049 2541
5050 2542
5051 2543
5052 2544
5053 2545
5054 2546
5055 2547
5056 2548
5057 2549
5058 2550
5059 2551
5060 2552
5061 2553
5062 2554
5063 2555
5064 2556
5065 2557
5066 2558
5067 2559
5068 2560
5069 2561
5070 2562
5071 2563
5072 2564
5073 2565
5074 2566
5075 2567
5076 2568
5077 2569
5078 2570
5079 2571
5080 2572
5081 2573
5082 2574
5083 2575
5084 2576
5085 2577
5086 2578
5087 2579
5088 2580
5089 2581
5090 2582
5091 2583
5092 2584
5093 2585
5094 2586
5095 2587
5096 2588
5097 2589
5098 2590
5099 2591
5100 2592
5101 2593
5102 2594
5103 2595
5104 2596
5105 2597
5106 2598
5107 2599
5108 2600
5109 2601
5110 2602
5111 2603
5112 2604
5113 2605
5114 2606
5115 2607
5116 2608
5117 2609
5118 2610
5119 2611
5120 2612
5121 2613
5122 2614
5123 2615
5124 2616
5125 2617
5126 2618
5127 2619
5128 2620
5129 2621
5130 2622
5131 2623
5132 2624
5133 2625
5134 2626
5135 2627
5136 2628
5137 2629
5138 2630
5139 2631
5140 2632
5141 2633
5142 2634
5143 2635
5144 2636
5145 2637
5146 2638
5147 2639
5148 2640
5149 2641
5150 2642
5151 2643
5152 2644
5153 2645
5154 2646
5155 2647
5156 2648
5157 2649
5158 2650
5159 2651
5160 2652
5161 2653
5162 2654
5163 2655
5164 2656
5165 2657
5166 2658
5167 2659
5168 2660
5169 2661
5170 2662
5171 2663
5172 2664
5173 2665
5174 2666
5175 2667
5176 2668
5177 2669
5178 2670
5179 2671
5180 2672
5181 2673
5182 2674
5183 2675
5184 2676
5185 2677
5186 2678
5187 2679
5188 2680
5189 2681
5190 2682
5191 2683
5192 2684
5193 2685
5194 2686
5195 2687
5196 2688
5197 2689
5198 2690
5199 2691
5200 2692
5201 2693
5202 2694
5203 2695
5204 2696
5205 2697
5206 2698
5207 2699
5208 2700
5209 2701
5210 2702
5211 2703
5212 2704
5213 2705
5214 2706
5215 2707
5216 2708
5217 2709
5218 2710
5219 2711
5220 2712
5221 2713
5222 2714
5223 2715
5224 2716
5225 2717
5226 2718
5227 2719
5228 2720
5229 2721
5230 2722
5231 2723
5232 2724
5233 2725
5234 2726
5235 2727
5236 2728
5237 2729
5238 2730
5239 2731
5240 2732
5241 2733
5242 2734
5243 2735
5244 2736
5245 2737
5246 2738
5247 2739
5248 2740
5249 2741
5250 2742
5251 2743
5252 2744
5253 2745
5254 2746
5255 2747
5256 2748
5257 2749
5258 2750
5259 2751
5260 2752
5261 2753
5262 2754
5263 2755
5264 2756
5265 2757
5266 2758
5267 2759
5268 2760
5269 2761
5270 2762
5271 2763
5272 2764
5273 2765
5274 2766
5275 2767
5276 2768
5277 2769
5278 2770
5279 2771
5280 2772
5281 2773
5282 2774
5283 2775
5284 2776
5285 2777
5286 2778
5287 2779
5288 2780
5289 2781
5290 2782
5291 2783
5292 2784
5293 2785
5294 2786
5295 2787
5296 2788
5297 2789
5298 2790
5299 2791
5300 2792
5301 2793
5302 2794
5303 2795
5304 2796
5305 2797
5306 2798
5307 2799
5308 2800
5309 2801
5310 2802
5311 2803
5312 2804
5313 2805
5314 2806
5315 2807
5316 2808
5317 2809
5318 2810
5319 2811
5320 2812
5321 2813
5322 2814
5323 2815
5324 2816
5325 2817
5326 2818
5327 2819
5328 2820
5329 2821
5330 2822
5331 2823
5332 2824
5333 2825
5334 2826
5335 2827
5336 2828
5337 2829
5338 2830
5339 2831
5340 2832
5341 2833
5342 2834
5343 2835
5344 2836
5345 2837
5346 2838
5347 2839
5348 2840
5349 2841
5350 2842
5351 2843
5352 2844
5353 2845
5354 2846
5355 2847
5356 2848
5357 2849
5358 2850
5359 2851
5360 2852
5361 2853
5362 2854
5363 2855
5364 2856
5365 2857
5366 2858
5367 2859
5368 2860
5369 2861
5370 2862
5371 2863
5372 2864
5373 2865
5374 2866
5375 2867
5376 2868
5377 2869
5378 2870
5379 2871
5380 2872
5381 2873
5382 2874
5383 2875
5384 2876
5385 2877
5386 2878
5387 2879
5388 2880
5389 2881
5390 2882
5391 2883
5392 2884
5393 2885
5394 2886
5395 2887
5396 2888
5397 2889
5398 2890
5399 2891
5400 2892
5401 2893
5402 2894
5403 2895
5404 2896
5405 2897
5406 2898
5407 2899
5408 2900
5409 2901
5410 2902
5411 2903
5412 2904
5413 2905
5414 2906
5415 2907
5416 2908
5417 2909
5418 2910
5419 2911
5420 2912
5421 2913
5422 2914
5423 2915
5424 2916
5425 2917
5426 2918
5427 2919
5428 2920
5429 2921
5430 2922
5431 2923
5432 2924
5433 2925
5434 2926
5435 2927
5436 2928
5437 2929
5438 2930
5439 2931
5440 2932
5441 2933
5442 2934
5443 2935
5444 2936
5445 2937
5446 2938
5447 2939
5448 2940
5449 2941
5450 2942
5451 2943
5452 2944
5453 2945
5454 2946
5455 2947
5456 2948
5457 2949
5458 2950
5459 2951
5460 2952
5461 2953
5462 2954
5463 2955
5464 2956
5465 2957
5466 2958
5467 2959
5468 2960
5469 2961
5470 2962
5471 2963
5472 2964
5473 2965
5474 2966
5475 2967
5476 2968
5477 2969
5478 2970
5479 2971
5480 2972
5481 2973
5482 2974
5483 2975
5484 2976
5485 2977
5486 2978
5487 2979
5488 2980
5489 2981
5490 2982
5491 2983
5492 2984
5493 2985
5494 2986
5495 2987
5496 2988
5497 2989
5498 2990
5499 2991
5500 2992
5501 2993
5502 2994
5503 2995
5504 2996
5505 2997
5506 2998
5507 2999
5508 3000
5509 3001
5510 3002
5511 3003
5512 3004
5513 3005
5514 3006
5515 3007
5516 3008
5517 3009
5518 3010
5519 3011
5520 3012
5521 3013
5522 3014
5523 3015
5524 3016
5525 3017
5526 3018
5527 3019
5528 3020
5529 3021
5530 3022
5531 3023
5532 3024
5533 3025
5534 3026
5535 3027
5536 3028
5537 3029
5538 3030
5539 3031
5540 3032
5541 3033
5542 3034
5543 3035
5544 3036
5545 3037
5546 3038
5547 3039
5548 3040
5549 3041
5550 3042
5551 3043
5552 3044
5553 3045
5554 3046
5555 3047
5556 3048
5557 3049
5558 3050
5559 3051
5560 3052
5561 3053
5562 3054
5563 3055
5564 3056
5565 3057
5566 3058
5567 3059
5568 3060
5569 3061
5570 3062
5571 3063
5572 3064
5573 3065
5574 3066
5575 3067
5576 3068
5577 3069
5578 3070
5579 3071
5580 3072
5581 3073
5582 3074
5583 3075
5584 3076
5585 3077
5586 3078
5587 3079
5588 3080
5589 3081
5590 3082
5591 3083
5592 3084
5593 3085
5594 3086
5595 3087
5596 3088
5597 3089
5598 3090
5599 3091
5600 3092
5601 3093
5602 3094
5603 3095
5604 3096
5605 3097
5606 3098
5607 3099
5608 3100
5609 3101
5610 3102
5611 3103
5612 3104
5613 3105
5614 3106
5615 3107
5616 3108
5617 3109
5618 3110
5619 3111
5620 3112
5621 3113
5622 3114
5623 3115
5624 3116
5625 3117
5626 3118
5627 3119
5628 3120
5629 3121
5630 3122
5631 3123
5632 3124
5633 3125
5634 3126
5635 3127
5636 3128
5637 3129
5638 3130
5639 3131
5640 3132
5641 3133
5642 3134
5643 3135
5644 3136
5645 3137
5646 3138
5647 3139
5648 3140
5649 3141
5650 3142
5651 3143
5652 3144
5653 3145
5654 3146
5655 3147
5656 3148
5657 3149
5658 3150
5659 3151
5660 3152
5661 3153
5662 3154
$EndPeriodic
