$MeshFormat
2.2 0 8
$EndMeshFormat
$Nodes
5629
1 -1 0 0
2 -0 -1 0
3 1 0 0
4 -0.84999999999999998 0 0
5 0.84999999999999998 0 0
6 0.066690231368666836 -0.84737973367315889 0
7 -0.06669023136866957 -0.84737973367315866 0
8 -0.94500000000000006 -0.10000000000000001 0
9 -0.92500000000000004 -0.080000000000000002 0
10 -0.90500000000000003 -0.10000000000000001 0
11 -0.92500000000000004 -0.12 0
12 0.90500000000000003 -0.10000000000000001 0
13 0.92500000000000004 -0.080000000000000002 0
14 0.94500000000000006 -0.10000000000000001 0
15 0.92500000000000004 -0.12 0
16 0.99995058122113656 -0.0099415851608922329 0
17 0.99980232976897843 -0.01988218771974043 0
18 0.9995552602963369 -0.029820825171717899 0
19 0.99920939722296132 -0.03975651520601764 0
20 0.99876477473312797 -0.049688275803091021 0
21 0.99822143677219743 -0.059615125332836062 0
22 0.99757943704237773 -0.069536082649317696 0
23 0.99683883899750925 -0.079450167187349804 0
24 0.99599971583657299 -0.089356399062775177 0
25 0.99506215049639024 -0.099253799169096407 0
26 0.99402623564308679 -0.1091413892766372 0
27 0.99289207366401266 -0.1190181921185864 0
28 0.99165977665712413 -0.128883231494026 0
29 0.99032946641964592 -0.1387355323663676 0
30 0.98890127443609366 -0.14857412095876529 0
31 0.98737534186476139 -0.15839802485335991 0
32 0.98575181952678104 -0.1682062730686362 0
33 0.98403086788705374 -0.17799789618265691 0
34 0.98221265703816385 -0.1877719264267968 0
35 0.9802973666902598 -0.1975273977455845 0
36 0.97828518614472815 -0.20726334593886761 0
37 0.97617631428122686 -0.21697880872638081 0
38 0.9739709595348206 -0.22667282585881551 0
39 0.97166933987608983 -0.23634443920846521 0
40 0.9692716827934188 -0.24599269284841399 0
41 0.96677822526541757 -0.25561663316898903 0
42 0.9641892137372895 -0.26521530897115919 0
43 0.9615049041022572 -0.27478777153889011 0
44 0.95872556167147893 -0.2843330747516144 0
45 0.95585146114699193 -0.29385027517965789 0
46 0.9528828865975516 -0.30333843216697343 0
47 0.94982013142728572 -0.31279660793469882 0
48 0.94666349835593278 -0.32222386764562733 0
49 0.94341329937978735 -0.33161927952600062 0
50 0.9400698557389453 -0.34098191496171548 0
51 0.93663349788839845 -0.35031084858071898 0
52 0.93310456546571219 -0.35960515834320889 0
53 0.9294834072646283 -0.36886392561449682 0
54 0.92577038119513178 -0.37808623527155849 0
55 0.92196585424379751 -0.38727117580386061 0
56 0.91807020244421844 -0.39641783938671549 0
57 0.91408381082404611 -0.40552532200762692 0
58 0.91000707339667164 -0.41459272348658582 0
59 0.90584039308912112 -0.42361914764106978 0
60 0.90158418172934907 -0.43260370231358403 0
61 0.89723885999357655 -0.44154549948722982 0
62 0.89280485735375714 -0.45044365539491998 0
63 0.88828261206415327 -0.45929729054772889 0
64 0.88367257109243202 -0.46810552987429088 0
65 0.87897519008458536 -0.47686750278852841 0
66 0.87419093331811526 -0.48558234327908018 0
67 0.86932027365585796 -0.49424918999519279 0
68 0.86436369249751643 -0.50286718633458172 0
69 0.8593216797331571 -0.51143548052573096 0
70 0.85419473371704091 -0.51995322567522706 0
71 0.84898336117964879 -0.52841957991742328 0
72 0.84368807719558403 -0.53683370646599515 0
73 0.83830940514403396 -0.5451947736791467 0
74 0.83284787664680793 -0.5535019551590612 0
75 0.8273040314970066 -0.56175442986130508 0
76 0.82167841763213434 -0.56995138213496055 0
77 0.81597159108168504 -0.57809200180215548 0
78 0.81018411589011052 -0.58617548427016286 0
79 0.80431656408477048 -0.59420103057708451 0
80 0.79836951558577696 -0.60216784751706209 0
81 0.79234355820118607 -0.61007514764747106 0
82 0.78623928751477934 -0.61792214943975921 0
83 0.78005730684911223 -0.625708077326248 0
84 0.77379822723543579 -0.63343216174054251 0
85 0.76746266728195245 -0.64109363928249297 0
86 0.7610512531935274 -0.64869175269349733 0
87 0.75456461866602886 -0.65622575098619107 0
88 0.74800340481007299 -0.66369488953323885 0
89 0.74136826011298651 -0.67109843011069781 0
90 0.73465984039321186 -0.67843564095160891 0
91 0.72787880869797938 -0.68570579686073119 0
92 0.72102583524681019 -0.69290817927532056 0
93 0.714101597359308 -0.70004207634176152 0
94 0.70710677942081401 -0.70710678295228102 0
95 0.70004207279290809 -0.71410160083829022 0
96 0.69290817572736063 -0.72102583865641123 0
97 0.68570579331855674 -0.72787881203492166 0
98 0.67843563743665225 -0.7346598436391657 0
99 0.67109842661006003 -0.74136826328181993 0
100 0.6636948860579589 -0.74800340789364916 0
101 0.65622574753776763 -0.75456462166503546 0
102 0.64869174925928119 -0.76105125612072533 0
103 0.64109363585701851 -0.76746267014339442 0
104 0.63343215834737454 -0.77379823001308723 0
105 0.62570807394925965 -0.78005730955789898 0
106 0.61792214608382856 -0.78623929015227645 0
107 0.61007514431427579 -0.7923435607676228 0
108 0.60216784421787639 -0.798369518074178 0
109 0.59420102730469504 -0.80431656650229766 0
110 0.58617548101205064 -0.8101841182473839 0
111 0.57809199856728954 -0.8159715933734929 0
112 0.56995137891184733 -0.82167841986782386 0
113 0.56175442664521835 -0.82730403368078775 0
114 0.55350195197352448 -0.83284787876388222 0
115 0.54519477051034249 -0.83830940720486669 0
116 0.53683370333119385 -0.84368807919023947 0
117 0.52841957682330998 -0.84898336310546973 0
118 0.51995322260773491 -0.85419473558424097 0
119 0.51143547750607488 -0.85932168153034127 0
120 0.5028671833656404 -0.8643636942247791 0
121 0.49424918705861381 -0.86932027532544032 0
122 0.48558234037522069 -0.87419093493110722 0
123 0.47686749991739141 -0.87897519164225368 0
124 0.46810552703090758 -0.88367257259864995 0
125 0.4592972877351264 -0.88828261351844351 0
126 0.45044365262288621 -0.89280485875232141 0
127 0.44154549675542981 -0.89723886133793873 0
128 0.43260369961905509 -0.90158418302225463 0
129 0.42361914500580611 -0.90584039432151064 0
130 0.41459272089253513 -0.91000707457850272 0
131 0.40552531944678061 -0.91408381196014321 0
132 0.39641783688623461 -0.91807020352391278 0
133 0.38727117334738098 -0.92196585527564023 0
134 0.37808623287373261 -0.9257703821744081 0
135 0.36886392328186041 -0.92948340819033115 0
136 0.35960515608204502 -0.93310456633713246 0
137 0.35031084637728799 -0.93663349871250501 0
138 0.34098191279774093 -0.94006985652386166 0
139 0.33161927741877018 -0.94341330012050006 0
140 0.32222386558949551 -0.94666349905579583 0
141 0.31279660594573788 -0.94982013208229421 0
142 0.30333843024978202 -0.95288288720786574 0
143 0.293850273313708 -0.95585146172062696 0
144 0.28433307293675469 -0.95872556220971916 0
145 0.27478776977478681 -0.96150490460641891 0
146 0.26521530727604647 -0.96418921420355674 0
147 0.25561663154753322 -0.9667782256941313 0
148 0.24599269129207779 -0.96927168318840329 0
149 0.23634443771798089 -0.97166934023862839 0
150 0.2266728244192231 -0.97397095986985771 0
151 0.2169788073381563 -0.97617631458979337 0
152 0.20726334461125381 -0.9782851864260016 0
153 0.19752739648729581 -0.98029736694380176 0
154 0.18777192523830449 -0.98221265726537066 0
155 0.1779978950695694 -0.98403086808839613 0
156 0.16820627202153399 -0.98575181970545589 0
157 0.1583980238536585 -0.98737534202513677 0
158 0.14857412002534551 -0.98890127457633215 0
159 0.1387355315050921 -0.99032946654030218 0
160 0.12888323070371341 -0.99165977675983885 0
161 0.1190181913975402 -0.99289207375044464 0
162 0.1091413886231332 -0.99402623571483972 0
163 0.099253798565082804 -0.99506215055663838 0
164 0.0893563984969344 -0.99599971588733749 0
165 0.079450166683703152 -0.99683883903765091 0
166 0.069536082210233774 -0.99757943707298402 0
167 0.059615124960160602 -0.99822143679445419 0
168 0.049688275496981321 -0.9987647747483569 0
169 0.039756514960782981 -0.99920939723271873 0
170 0.02982082497406131 -0.99955526030223385 0
171 0.01988218758597899 -0.99980232977163841 0
172 0.0099415850937026803 -0.99995058122180447 0
173 -0.0099415851608922329 -0.99995058122113656 0
174 -0.01988218771974043 -0.99980232976897843 0
175 -0.029820825171717899 -0.9995552602963369 0
176 -0.03975651520601764 -0.99920939722296132 0
177 -0.049688275803091021 -0.99876477473312797 0
178 -0.059615125332836062 -0.99822143677219743 0
179 -0.069536082649317696 -0.99757943704237773 0
180 -0.079450167187349804 -0.99683883899750925 0
181 -0.089356399062775177 -0.99599971583657299 0
182 -0.099253799169096407 -0.99506215049639024 0
183 -0.1091413892766372 -0.99402623564308679 0
184 -0.1190181921185864 -0.99289207366401266 0
185 -0.128883231494026 -0.99165977665712413 0
186 -0.1387355323663676 -0.99032946641964592 0
187 -0.14857412095876529 -0.98890127443609366 0
188 -0.15839802485335991 -0.98737534186476139 0
189 -0.1682062730686362 -0.98575181952678104 0
190 -0.17799789618265691 -0.98403086788705374 0
191 -0.1877719264267968 -0.98221265703816385 0
192 -0.1975273977455845 -0.9802973666902598 0
193 -0.20726334593886761 -0.97828518614472815 0
194 -0.21697880872638081 -0.97617631428122686 0
195 -0.22667282585881551 -0.9739709595348206 0
196 -0.23634443920846521 -0.97166933987608983 0
197 -0.24599269284841399 -0.9692716827934188 0
198 -0.25561663316898903 -0.96677822526541757 0
199 -0.26521530897115919 -0.9641892137372895 0
200 -0.27478777153889011 -0.9615049041022572 0
201 -0.2843330747516144 -0.95872556167147893 0
202 -0.29385027517965789 -0.95585146114699193 0
203 -0.30333843216697343 -0.9528828865975516 0
204 -0.31279660793469882 -0.94982013142728572 0
205 -0.32222386764562733 -0.94666349835593278 0
206 -0.33161927952600062 -0.94341329937978735 0
207 -0.34098191496171548 -0.9400698557389453 0
208 -0.35031084858071898 -0.93663349788839845 0
209 -0.35960515834320889 -0.93310456546571219 0
210 -0.36886392561449682 -0.9294834072646283 0
211 -0.37808623527155849 -0.92577038119513178 0
212 -0.38727117580386061 -0.92196585424379751 0
213 -0.39641783938671549 -0.91807020244421844 0
214 -0.40552532200762692 -0.91408381082404611 0
215 -0.41459272348658582 -0.91000707339667164 0
216 -0.42361914764106978 -0.90584039308912112 0
217 -0.43260370231358403 -0.90158418172934907 0
218 -0.44154549948722982 -0.89723885999357655 0
219 -0.45044365539491998 -0.89280485735375714 0
220 -0.45929729054772889 -0.88828261206415327 0
221 -0.46810552987429088 -0.88367257109243202 0
222 -0.47686750278852841 -0.87897519008458536 0
223 -0.48558234327908018 -0.87419093331811526 0
224 -0.49424918999519279 -0.86932027365585796 0
225 -0.50286718633458172 -0.86436369249751643 0
226 -0.51143548052573096 -0.8593216797331571 0
227 -0.51995322567522706 -0.85419473371704091 0
228 -0.52841957991742328 -0.84898336117964879 0
229 -0.53683370646599515 -0.84368807719558403 0
230 -0.5451947736791467 -0.83830940514403396 0
231 -0.5535019551590612 -0.83284787664680793 0
232 -0.56175442986130508 -0.8273040314970066 0
233 -0.56995138213496055 -0.82167841763213434 0
234 -0.57809200180215548 -0.81597159108168504 0
235 -0.58617548427016286 -0.81018411589011052 0
236 -0.59420103057708451 -0.80431656408477048 0
237 -0.60216784751706209 -0.79836951558577696 0
238 -0.61007514764747106 -0.79234355820118607 0
239 -0.61792214943975921 -0.78623928751477934 0
240 -0.625708077326248 -0.78005730684911223 0
241 -0.63343216174054251 -0.77379822723543579 0
242 -0.64109363928249297 -0.76746266728195245 0
243 -0.64869175269349733 -0.7610512531935274 0
244 -0.65622575098619107 -0.75456461866602886 0
245 -0.66369488953323885 -0.74800340481007299 0
246 -0.67109843011069781 -0.74136826011298651 0
247 -0.67843564095160891 -0.73465984039321186 0
248 -0.68570579686073119 -0.72787880869797938 0
249 -0.69290817927532056 -0.72102583524681019 0
250 -0.70004207634176152 -0.714101597359308 0
251 -0.70710678295228102 -0.70710677942081401 0
252 -0.71410160083829022 -0.70004207279290809 0
253 -0.72102583865641123 -0.69290817572736063 0
254 -0.72787881203492166 -0.68570579331855674 0
255 -0.7346598436391657 -0.67843563743665225 0
256 -0.74136826328181993 -0.67109842661006003 0
257 -0.74800340789364916 -0.6636948860579589 0
258 -0.75456462166503546 -0.65622574753776763 0
259 -0.76105125612072533 -0.64869174925928119 0
260 -0.76746267014339442 -0.64109363585701851 0
261 -0.77379823001308723 -0.63343215834737454 0
262 -0.78005730955789898 -0.62570807394925965 0
263 -0.78623929015227645 -0.61792214608382856 0
264 -0.7923435607676228 -0.61007514431427579 0
265 -0.798369518074178 -0.60216784421787639 0
266 -0.80431656650229766 -0.59420102730469504 0
267 -0.8101841182473839 -0.58617548101205064 0
268 -0.8159715933734929 -0.57809199856728954 0
269 -0.82167841986782386 -0.56995137891184733 0
270 -0.82730403368078775 -0.56175442664521835 0
271 -0.83284787876388222 -0.55350195197352448 0
272 -0.83830940720486669 -0.54519477051034249 0
273 -0.84368807919023947 -0.53683370333119385 0
274 -0.84898336310546973 -0.52841957682330998 0
275 -0.85419473558424097 -0.51995322260773491 0
276 -0.85932168153034127 -0.51143547750607488 0
277 -0.8643636942247791 -0.5028671833656404 0
278 -0.86932027532544032 -0.49424918705861381 0
279 -0.87419093493110722 -0.48558234037522069 0
280 -0.87897519164225368 -0.47686749991739141 0
281 -0.88367257259864995 -0.46810552703090758 0
282 -0.88828261351844351 -0.4592972877351264 0
283 -0.89280485875232141 -0.45044365262288621 0
284 -0.89723886133793873 -0.44154549675542981 0
285 -0.90158418302225463 -0.43260369961905509 0
286 -0.90584039432151064 -0.42361914500580611 0
287 -0.91000707457850272 -0.41459272089253513 0
288 -0.91408381196014321 -0.40552531944678061 0
289 -0.91807020352391278 -0.39641783688623461 0
290 -0.92196585527564023 -0.38727117334738098 0
291 -0.9257703821744081 -0.37808623287373261 0
292 -0.92948340819033115 -0.36886392328186041 0
293 -0.93310456633713246 -0.35960515608204502 0
294 -0.93663349871250501 -0.35031084637728799 0
295 -0.94006985652386166 -0.34098191279774093 0
296 -0.94341330012050006 -0.33161927741877018 0
297 -0.94666349905579583 -0.32222386558949551 0
298 -0.94982013208229421 -0.31279660594573788 0
299 -0.95288288720786574 -0.30333843024978202 0
300 -0.95585146172062696 -0.293850273313708 0
301 -0.95872556220971916 -0.28433307293675469 0
302 -0.96150490460641891 -0.27478776977478681 0
303 -0.96418921420355674 -0.26521530727604647 0
304 -0.9667782256941313 -0.25561663154753322 0
305 -0.96927168318840329 -0.24599269129207779 0
306 -0.97166934023862839 -0.23634443771798089 0
307 -0.97397095986985771 -0.2266728244192231 0
308 -0.97617631458979337 -0.2169788073381563 0
309 -0.9782851864260016 -0.20726334461125381 0
310 -0.98029736694380176 -0.19752739648729581 0
311 -0.98221265726537066 -0.18777192523830449 0
312 -0.98403086808839613 -0.1779978950695694 0
313 -0.98575181970545589 -0.16820627202153399 0
314 -0.98737534202513677 -0.1583980238536585 0
315 -0.98890127457633215 -0.14857412002534551 0
316 -0.99032946654030218 -0.1387355315050921 0
317 -0.99165977675983885 -0.12888323070371341 0
318 -0.99289207375044464 -0.1190181913975402 0
319 -0.99402623571483972 -0.1091413886231332 0
320 -0.99506215055663838 -0.099253798565082804 0
321 -0.99599971588733749 -0.0893563984969344 0
322 -0.99683883903765091 -0.079450166683703152 0
323 -0.99757943707298402 -0.069536082210233774 0
324 -0.99822143679445419 -0.059615124960160602 0
325 -0.9987647747483569 -0.049688275496981321 0
326 -0.99920939723271873 -0.039756514960782981 0
327 -0.99955526030223385 -0.02982082497406131 0
328 -0.99980232977163841 -0.01988218758597899 0
329 -0.99995058122180447 -0.0099415850937026803 0
330 -0.84994132360034114 -0.0099873137779992634 0
331 -0.84976530250235904 -0.01997324868603207 0
332 -0.84947196100795341 -0.029956426043538511 0
333 -0.8490613396165263 -0.039935467551911463 0
334 -0.84853349501929909 -0.049908995485113801 0
335 -0.84788850009152861 -0.059875632877972963 0
336 -0.84712644388270431 -0.069834003713401774 0
337 -0.84624743160352778 -0.079782733122101296 0
338 -0.84525158461219974 -0.089720447561106809 0
339 -0.84413904039750187 -0.099645775007195306 0
340 -0.84290995255987655 -0.1095573451463055 0
341 -0.84156449079046636 -0.1194537895614157 0
342 -0.84010284084482523 -0.12933374194097291 0
343 -0.83852520452196888 -0.13919583823300971 0
344 -0.83683179963572951 -0.14903871684373221 0
345 -0.83502285997924919 -0.15886101885634221 0
346 -0.83309863529868011 -0.16866138818199261 0
347 -0.83105939125680406 -0.1784384717595125 0
348 -0.82890540939647595 -0.18819091974178931 0
349 -0.82663698710128297 -0.19791738568431341 0
350 -0.82425443755423677 -0.20761652673173411 0
351 -0.82175808969142949 -0.2172870038145229 0
352 -0.8191482881699339 -0.22692748178276451 0
353 -0.81642539330235475 -0.2365366296603876 0
354 -0.813589781015988 -0.24611312079277009 0
355 -0.8106418428028157 -0.25565563302468991 0
356 -0.80758198566168804 -0.26516284889615482 0
357 -0.80441063204582663 -0.27463345581271381 0
358 -0.80112821978979609 -0.28406614626954801 0
359 -0.79773520207350856 -0.29345961795916381 0
360 -0.79423204734775932 -0.30281257398890582 0
361 -0.79061923926202493 -0.31212372307906511 0
362 -0.78689727660933606 -0.32139177970945382 0
363 -0.78306667325371038 -0.33061546430765582 0
364 -0.77912795805913004 -0.33979350342614029 0
365 -0.77508167481138468 -0.34892462992970108 0
366 -0.77092838214385628 -0.35800758316697179 0
367 -0.76666865347527069 -0.36704110911233812 0
368 -0.76230307690527632 -0.37602396059393378 0
369 -0.75783225516032982 -0.38495489740826599 0
370 -0.75325680549274121 -0.39383268652928072 0
371 -0.74857735958977945 -0.40265610228778848 0
372 -0.743794563501602 -0.411423926510675 0
373 -0.73890907756976387 -0.42013494865935702 0
374 -0.73392157628291654 -0.42878796609326508 0
375 -0.72883274822230604 -0.43738178416427059 0
376 -0.7236432959674276 -0.44591521638243958 0
377 -0.71835393598485309 -0.45438708460416172 0
378 -0.71296539855440089 -0.46279621915500158 0
379 -0.70747842762636026 -0.47114145905803367 0
380 -0.70189378072927 -0.47942165217433758 0
381 -0.69621222889076295 -0.48763565532368108 0
382 -0.69043455651514452 -0.49578233446718911 0
383 -0.6845615612754723 -0.50386056486302611 0
384 -0.67859405401926787 -0.51186923120040617 0
385 -0.67253285864359147 -0.51980722777264177 0
386 -0.66637881195686488 -0.52767345866071114 0
387 -0.66013276358731199 -0.53546683785140037 0
388 -0.65379557587826387 -0.54318628937226432 0
389 -0.64736812376951713 -0.5508307474416575 0
390 -0.64085129464036705 -0.55839915665925344 0
391 -0.63424598822343348 -0.5658904721078809 0
392 -0.62755311646327971 -0.57330365951843121 0
393 -0.62077360341146159 -0.58063769538977528 0
394 -0.61390838508289969 -0.58789156714899915 0
395 -0.60695840924795852 -0.59506427337153056 0
396 -0.59992463545120522 -0.60215482376108109 0
397 -0.59280803481408695 -0.60916223935816993 0
398 -0.58560958983084344 -0.61608555274259691 0
399 -0.5783302943388835 -0.62292380806154801 0
400 -0.57097115335502946 -0.62967606119053587 0
401 -0.56353318288777099 -0.63634137990891182 0
402 -0.55601740984787773 -0.64291884398114907 0
403 -0.54842487184220001 -0.64940754534026346 0
404 -0.54075661711103384 -0.65580658814213699 0
405 -0.53301370441670892 -0.66211508886595938 0
406 -0.52519720271471027 -0.66833217658634647 0
407 -0.51730819116046134 -0.67445699296418571 0
408 -0.50934775895784445 -0.68048869237087373 0
409 -0.50131700513418376 -0.68642644206301717 0
410 -0.49321703842500619 -0.6922694222679967 0
411 -0.48504897711288331 -0.6980168263027372 0
412 -0.47681394893426188 -0.70366786064287112 0
413 -0.4685130908137396 -0.70922174510949432 0
414 -0.46014754878386899 -0.71467771292254301 0
415 -0.45171847780107538 -0.72003501082452881 0
416 -0.44322704161105592 -0.72529289916881945 0
417 -0.43467441256466299 -0.73045065203719617 0
418 -0.42606177143579083 -0.73550755735138162 0
419 -0.41739030733598498 -0.74046291692560262 0
420 -0.40866121744187389 -0.7453160466264801 0
421 -0.39987570691709912 -0.75006627641665791 0
422 -0.39103498870368752 -0.75471295047157294 0
423 -0.38214028337577288 -0.75925542725849771 0
424 -0.37319281894712442 -0.76369307963755895 0
425 -0.36419383072390432 -0.76802529493672811 0
426 -0.35514456112992993 -0.77225147503894709 0
427 -0.34604625952583828 -0.77637103646914607 0
428 -0.33690018204898842 -0.78038341046908377 0
429 -0.32770759140468869 -0.78428804309114486 0
430 -0.31846975676565442 -0.7880843952430634 0
431 -0.30918795351833422 -0.79177194279612129 0
432 -0.29986346312927942 -0.79535017663926832 0
433 -0.29049757295756679 -0.79881860275394379 0
434 -0.28109157607770291 -0.8021767422819942 0
435 -0.27164677102600532 -0.80542413161709092 0
436 -0.26216446187860998 -0.80856032238040143 0
437 -0.2526459577927862 -0.81158488158107389 0
438 -0.2430925728897953 -0.81449739165071577 0
439 -0.23350562609559011 -0.8172974504926015 0
440 -0.22388644101985969 -0.81998467151981613 0
441 -0.21423634571601119 -0.82255868372672947 0
442 -0.20455667248922699 -0.82501913174188579 0
443 -0.19484875772599661 -0.82736567587290921 0
444 -0.18511394173216569 -0.82959799214823338 0
445 -0.17535356852366499 -0.83171577236819083 0
446 -0.1655689856170737 -0.83371872415205672 0
447 -0.15576154391028371 -0.83560657096428148 0
448 -0.1459325974356564 -0.83737905216555453 0
449 -0.13608350319691351 -0.83903592304361774 0
450 -0.12621562097761219 -0.84057695484782102 0
451 -0.1163303131699772 -0.84200193481830843 0
452 -0.10642894455651811 -0.84331066622009798 0
453 -0.096512882131409766 -0.84450296836819272 0
454 -0.086583494936637417 -0.84557867664964048 0
455 -0.076642153840557961 -0.84653764255033581 0
456 -0.99000000000005783 0 0
457 -0.98000000000004917 0 0
458 -0.97000000000005204 0 0
459 -0.96000000000003616 0 0
460 -0.95000000000001439 0 0
461 -0.94000000000001727 0 0
462 -0.93000000000001437 0 0
463 -0.91999999999993631 0 0
464 -0.90999999999989589 0 0
465 -0.89999999999989877 0 0
466 -0.88999999999987711 0 0
467 -0.87999999999986123 0 0
468 -0.86999999999986422 0 0
469 -0.85999999999994214 0 0
470 -0.057178654737969792 -0.8480746437916632 0
471 -0.047659880077508092 -0.84866279276930578 0
472 -0.038135105699097727 -0.84914410656455652 0
473 -0.028605530613009359 -0.84951852458810362 0
474 -0.019072354490761091 -0.84978599970473678 0
475 -0.0095367774030085048 -0.84994649824372226 0
476 2.5322073604616691e-10 -0.84999999999999998 0
477 0.0095367778255927987 -0.8499464982389805 0
478 0.019072354860134571 -0.84978599969644664 0
479 0.028605530922042322 -0.84951852457769761 0
480 0.038135105959974699 -0.84914410655284045 0
481 0.047659880296879967 -0.8486627927569862 0
482 0.057178654841245957 -0.8480746437847001 0
483 0.07664215388535181 -0.84653764254628061 0
484 0.086583495026062662 -0.84557867664048392 0
485 0.096512882267013031 -0.84450296835269556 0
486 0.1064289447361889 -0.84331066619742301 0
487 0.1163303133966013 -0.84200193478699847 0
488 0.1262156212601728 -0.84057695480539374 0
489 0.13608350353237861 -0.8390359229892087 0
490 0.14593259782548321 -0.83737905209761843 0
491 0.15576154435528919 -0.83560657088133017 0
492 0.1655689861266173 -0.83371872405086611 0
493 0.1753535690955009 -0.83171577224762883 0
494 0.18511394237045481 -0.82959799200580764 0
495 0.19484875841206331 -0.82736567571133734 0
496 0.20455667322215301 -0.82501913156016293 0
497 0.21423634648779041 -0.82255868352571893 0
498 0.2238864418391962 -0.81998467129610686 0
499 0.23350562696718369 -0.81729745024358347 0
500 0.24309257381511901 -0.81449739137454658 0
501 0.25264595878174217 -0.8115848812732126 0
502 0.2621644629169837 -0.80856032204372341 0
503 0.27164677207371413 -0.80542413126372858 0
504 0.2810915770926451 -0.80217674192634736 0
505 0.29049757401607612 -0.79881860236900759 0
506 0.29986346421786753 -0.79535017622884829 0
507 0.30918795464458798 -0.79177194235631809 0
508 0.31846975793205051 -0.78808439477171566 0
509 0.3277075925992039 -0.78428804259202789 0
510 0.3369001832690211 -0.78038340994238231 0
511 0.34604626079743772 -0.77637103590236534 0
512 0.35514456246694809 -0.7722514744240766 0
513 0.36419383209688289 -0.76802529428566846 0
514 0.37319282036935653 -0.76369307894255889 0
515 0.38214028486042922 -0.75925542651125666 0
516 0.39103499024681693 -0.75471294967204061 0
517 0.39987570849235432 -0.75006627557685723 0
518 0.40866121907344433 -0.74531604573188037 0
519 0.41739030901203522 -0.74046291598083303 0
520 0.42606177315062449 -0.7355075563580199 0
521 0.4346744143236298 -0.73045065099047568 0
522 0.44322704342018532 -0.72529289806325936 0
523 0.45171847964602102 -0.720035009667091 0
524 0.46014755065466739 -0.71467771171802363 0
525 0.46851309271072722 -0.70922174385634129 0
526 0.47681395085048678 -0.70366785934441389 0
527 0.48504897906049538 -0.69801682494934991 0
528 0.49321704040087361 -0.69226942086026255 0
529 0.50131700714491323 -0.68642644059452373 0
530 0.50934776098438539 -0.68048869085400221 0
531 0.51730819318607768 -0.67445699141053894 0
532 0.52519720474717402 -0.66833217498917052 0
533 0.53301370645405666 -0.66211508722586054 0
534 0.5407566191639851 -0.65580658644934109 0
535 0.54842487388818517 -0.64940754361242869 0
536 0.55601741192558773 -0.64291884218427719 0
537 0.56353318498619331 -0.63634137805058455 0
538 0.57097115547292587 -0.62967605927009174 0
539 0.57833029649567669 -0.62292380605915432 0
540 0.58560959201085205 -0.61608555067042725 0
541 0.59280803701356655 -0.6091622372177401 0
542 0.5999246376876427 -0.60215482153292688 0
543 0.60695841148350871 -0.59506427109129645 0
544 0.61390838732233477 -0.58789156481045934 0
545 0.62077360566935647 -0.58063769297580625 0
546 0.62755311868049757 -0.57330365709140707 0
547 0.6342459903377865 -0.5658904697381294 0
548 0.64085129667599872 -0.55839915432304454 0
549 0.64736812572864222 -0.55083074513918084 0
550 0.65379557778187891 -0.54318628708101568 0
551 0.66013276541097921 -0.53546683560315245 0
552 0.66637881372509744 -0.52767345642767749 0
553 0.67253286037262028 -0.51980722553560377 0
554 0.6785940557143304 -0.51186922895323239 0
555 0.68456156291588854 -0.50386056263430301 0
556 0.69043455810753485 -0.4957823322496005 0
557 0.69621223044908198 -0.48763565309882201 0
558 0.70189378226794286 -0.47942164992165481 0
559 0.70747842914709136 -0.47114145677446428 0
560 0.71296540005449682 -0.46279621684401401 0
561 0.71835393745205911 -0.45438708228461272 0
562 0.72364329737944288 -0.44591521409098339 0
563 0.72883274955067545 -0.43738178195073768 0
564 0.73392157754388909 -0.42878796393496088 0
565 0.73890907877278167 -0.42013494654355921 0
566 0.74379456463657778 -0.41142392445880438 0
567 0.74857736066249059 -0.40265610029351318 0
568 0.7532568065221622 -0.39383268456037801 0
569 0.75783225615495209 -0.38495489545022721 0
570 0.7623030778541906 -0.37602395867022631 0
571 0.76666865439216303 -0.36704110719715088 0
572 0.77092838301741085 -0.35800758128587251 0
573 0.7750816756412755 -0.34892462808622859 0
574 0.7791279588483716 -0.33979350161645289 0
575 0.78306667399575614 -0.33061546255011193 0
576 0.78689727730588921 -0.32139177800400981 0
577 0.79061923991345362 -0.3121237214289761 0
578 0.79423204797351521 -0.30281257234764219 0
579 0.7977352026590343 -0.29345961636748202 0
580 0.80112822033399833 -0.28406614473477992 0
581 0.8044106325571152 -0.27463345431513281 0
582 0.80758198614679488 -0.26516284741870999 0
583 0.81064184325402988 -0.25565563159396493 0
584 0.81358978143445637 -0.24611311940941649 0
585 0.8164253936970377 -0.23653662829810779 0
586 0.8191482885366953 -0.22692748045885361 0
587 0.82175809002858635 -0.2172870025394297 0
588 0.82425443785700492 -0.20761652552972021 0
589 0.8266369873731565 -0.19791738454878649 0
590 0.82890540964349224 -0.1881909186537824 0
591 0.83105939147903318 -0.178438470724503 0
592 0.8330986354977945 -0.1686613871984734 0
593 0.83502286015441696 -0.15886101793560631 0
594 0.83683179978958555 -0.14903871597985249 0
595 0.8385252046564482 -0.1391958374228989 0
596 0.84010284096024324 -0.1293337411912627 0
597 0.84156449088754015 -0.1194537888775217 0
598 0.84290995264143143 -0.1095573445188408 0
599 0.84413904046511867 -0.099645774434389045 0
600 0.84525158466688888 -0.089720447045884263 0
601 0.84624743164610472 -0.079782732670494988 0
602 0.8471264439149474 -0.069834003322276045 0
603 0.84788850011501582 -0.05987563254537713 0
604 0.84853349503528563 -0.049908995213318513 0
605 0.84906133962674579 -0.039935467334640901 0
606 0.84947196101374456 -0.029956425879327338 0
607 0.84976530250495119 -0.019973248575760411 0
608 0.84994132360101415 -0.0099873137207388413 0
609 0.85999999999991616 0 0
610 0.86999999999989885 0 0
611 0.8799999999998136 0 0
612 0.88999999999972979 0 0
613 0.89999999999968205 0 0
614 0.9099999999996532 0 0
615 0.9199999999995867 0 0
616 0.92999999999959537 0 0
617 0.93999999999965322 0 0
618 0.94999999999971108 0 0
619 0.95999999999976882 0 0
620 0.96999999999982667 0 0
621 0.97999999999988441 0 0
622 0.98999999999994226 0 0
623 -0.94347759064834547 -0.092346331348158617 0
624 -0.93914213562477356 -0.085857864377311591 0
625 -0.93265366874626032 -0.081522409390764217 0
626 -0.91734633124840614 -0.081522409392973477 0
627 -0.91085786432012528 -0.085857864432412875 0
628 -0.90652240933270523 -0.09234633139390655 0
629 -0.90652240935165462 -0.10765366865184139 0
630 -0.91085786437522653 -0.11414213562268841 0
631 -0.91734633125373977 -0.11847759060923579 0
632 -0.93265366875159394 -0.11847759060702651 0
633 -0.93914213567987481 -0.11414213556758709 0
634 -0.94347759066729486 -0.1076536686060935 0
635 0.90652240935165462 -0.092346331348158617 0
636 0.91085786437522653 -0.085857864377311591 0
637 0.91734633125373977 -0.081522409390764217 0
638 0.93265366875159394 -0.081522409392973477 0
639 0.93914213567987481 -0.085857864432412875 0
640 0.94347759066729486 -0.09234633139390655 0
641 0.94347759064834547 -0.10765366865184139 0
642 0.93914213562477356 -0.11414213562268841 0
643 0.93265366874626032 -0.11847759060923579 0
644 0.91734633124840614 -0.11847759060702651 0
645 0.91085786432012528 -0.11414213556758709 0
646 0.90652240933270523 -0.1076536686060935 0
647 -0.91831491317880287 -0.12581326037462259 0
648 0.92013213901506752 -0.12581025054572781 0
649 0.0046073104514701389 -0.85768985416389532 0
650 0.062896251324113875 -0.85545765035340759 0
651 -0.062595558921799771 -0.85605038986582582 0
652 0.96919012203157751 -0.21031313177997679 0
653 -0.96789897970097682 -0.20920065685880099 0
654 -0.034299099549477401 -0.9917222359168868 0
655 -0.94007756922947949 -0.31477651137624429 0
656 0.94059612801095405 -0.31497694768362711 0
657 -0.8914344849818423 -0.43215616508879928 0
658 0.89068619037322327 -0.43258774633309621 0
659 -0.82824293280266303 -0.54452410971172671 0
660 0.82881336386535132 -0.54443971159379012 0
661 0.75157587334185094 -0.64708760649764208 0
662 -0.75093223883289362 -0.64647880519091205 0
663 0.66074865920544923 -0.73826801010211296 0
664 -0.66274048471992275 -0.73873722320341462 0
665 0.56185149733268025 -0.81731673836951324 0
666 -0.56178079793690128 -0.8166012090143997 0
667 0.45045140220917113 -0.88331654953824912 0
668 -0.45143330539561849 -0.88291207636825075 0
669 0.33291783356824811 -0.93572232679774769 0
670 -0.33340509011476738 -0.9336332974256647 0
671 0.2101580437873192 -0.96876716564470078 0
672 -0.2091649317025728 -0.96894205404586276 0
673 0.15332650678721821 -0.98019306353907665 0
674 -0.15224612929964981 -0.9804855901387064 0
675 0.27723016400730932 -0.95234029503591766 0
676 -0.27861937089299371 -0.95193079860749941 0
677 0.39834737844331192 -0.90775793449811903 0
678 -0.39751926428820777 -0.90818969532798344 0
679 0.51063059946597922 -0.84941862056833961 0
680 -0.51125428760675917 -0.84938162304278741 0
681 0.6163407860820822 -0.77659810764519011 0
682 -0.61646136108920024 -0.77640548585075286 0
683 -0.71128970781603784 -0.6901058018749584 0
684 0.71178452235077416 -0.68989783693771245 0
685 -0.79490599776328097 -0.59286165820115588 0
686 0.79526031484014426 -0.59345053130920999 0
687 -0.8634741185228878 -0.48644469021869791 0
688 0.86508079470164878 -0.48566233892979299 0
689 -0.91964014079462197 -0.37025950322324691 0
690 0.91890642533674827 -0.36893808874932732 0
691 -0.95887872186806222 -0.2497938101660927 0
692 0.96044598170101603 -0.24818592239278561 0
693 0.1130975769372158 -0.98490559262228305 0
694 -0.11218673963316519 -0.98468996374068185 0
695 -0.21178525294518671 -0.83197941155031896 0
696 0.21138682787445509 -0.8317181209763308 0
697 -0.3174097506988196 -0.79753685950195785 0
698 0.31860491791216639 -0.79934930184421171 0
699 -0.41669975893485961 -0.74967215491109163 0
700 0.41722869769249882 -0.75044909449058139 0
701 -0.51047462412050171 -0.69041240403947424 0
702 0.50994718395879968 -0.69043099171586175 0
703 -0.59526984364144819 -0.61878314954853941 0
704 0.59499159894495457 -0.6188869501964156 0
705 -0.67017481931668788 -0.53709793264287553 0
706 0.67007091741641267 -0.53694518076664222 0
707 -0.73525325791007123 -0.44696377135285759 0
708 0.73365955867888855 -0.4457229729062589 0
709 -0.78506096782058021 -0.34718997912412758 0
710 0.7855326587477468 -0.34800724502405239 0
711 -0.82329464278046971 -0.24272214613205301 0
712 0.82276667289330363 -0.24365779232283541 0
713 0.034489143763441268 -0.99077776884777036 0
714 0.80325852628568195 -0.30099676135538789 0
715 -0.80342541185039773 -0.30122967371734222 0
716 0.76000237146577321 -0.40189569281449078 0
717 -0.75934155957100158 -0.40198073352781699 0
718 0.69982538153742557 -0.49749919919465252 0
719 -0.69875120544639946 -0.49552698889486851 0
720 0.63100229501619776 -0.5833261419725988 0
721 -0.63051808831362477 -0.58282252968658121 0
722 0.55013128446535486 -0.65911322204271405 0
723 -0.54976663265107573 -0.65927538949816145 0
724 0.46142917115453619 -0.7248537447030563 0
725 -0.46077434665183781 -0.72439412726179686 0
726 0.36347428053985792 -0.77750416239903997 0
727 -0.36340456332728599 -0.77796992052120661 0
728 0.26011913551330801 -0.81851904145448229 0
729 -0.2606314014628977 -0.81800228993041924 0
730 0.15183841775405901 -0.84442321208591609 0
731 -0.15250880529535291 -0.84489971221500915 0
732 0.073893517169426493 -0.98842615859817873 0
733 -0.074235378320497508 -0.98946288486603351 0
734 -0.83696207795299848 -0.19466938416519641 0
735 0.83608986899020699 -0.1951275070376296 0
736 0.1124063334912907 -0.85130401594347305 0
737 -0.1120902460930024 -0.85103005694181866 0
738 -0.84262403493183213 -0.16523243884338551 0
739 0.84254811657421702 -0.16542763000226271 0
740 -0.6505240801219152 -0.5600204239324742 0
741 0.1822621041282465 -0.83853312500013355 0
742 0.39033208730351571 -0.76439098220047585 0
743 0.28854315042243039 -0.8082345405564697 0
744 0.77229262408374599 -0.375421427002682 0
745 -0.28856782362813682 -0.80817019918162636 0
746 -0.81521987691735598 -0.27408790036804392 0
747 0.81499151476250653 -0.2737647310649462 0
748 0.71709962643040726 -0.47121517354883019 0
749 0.57254025687087007 -0.6395636874384657 0
750 -0.57286833299919593 -0.6387206825910039 0
751 -0.77236316706516905 -0.37530222302333399 0
752 -0.71739715016852268 -0.47146245708616269 0
753 -0.1813526587331826 -0.83887986691172989 0
754 0.48605808987014248 -0.70818978761419737 0
755 -0.39011193788314003 -0.76372601852082544 0
756 -0.48625181553443608 -0.70812119733863332 0
757 0.65052434109803103 -0.55994661300273996 0
758 0.032958405272542957 -0.85797445304447317 0
759 -0.034104891602490597 -0.85676981575999744 0
760 0.97360700096255426 -0.18103279454979301 0
761 -0.97526414161226604 -0.18074457318046369 0
762 0.0044290526862373076 -0.9919674022634497 0
763 0.36033313804110723 -0.9238474647971413 0
764 0.23782461460591969 -0.96132326262070189 0
765 -0.77066613349740898 -0.62487775056373107 0
766 0.76983899472771644 -0.62369358990819812 0
767 0.84425696959716467 -0.51967322179035913 0
768 0.58510680528973313 -0.80030001540701823 0
769 -0.84369503996960937 -0.52103313266595952 0
770 0.42429093328419692 -0.89672615080152751 0
771 0.4772468147525275 -0.86903939839646982 0
772 0.94841030153132377 -0.28515393032317798 0
773 0.30589905040259657 -0.94258255335796126 0
774 0.90419284208326789 -0.40652846457044112 0
775 -0.68282089605491869 -0.71788272245033069 0
776 -0.58640740503746536 -0.79955634387233876 0
777 -0.90442286146559303 -0.40564766269440988 0
778 0.64000069735543397 -0.75680794816214592 0
779 0.81247686227216109 -0.56835826466797024 0
780 0.68356641471172574 -0.71856356618753647 0
781 -0.9489584080032506 -0.28706094370649488 0
782 -0.36054700671097961 -0.92376732029748632 0
783 -0.93017141816578008 -0.34281057506453649 0
784 -0.18087109472272619 -0.97508569498958764 0
785 0.53610782741080054 -0.83366992205123491 0
786 -0.23910751466801511 -0.96166032816538993 0
787 -0.42497592336848311 -0.89672939832384091 0
788 -0.47772785520806882 -0.86885150728332194 0
789 0.1814372998300853 -0.97525930497377378 0
790 -0.63927476488208357 -0.75734850069371573 0
791 -0.53626491933804288 -0.83415116879292861 0
792 0.9309836499092341 -0.34226938049218469 0
793 -0.81217605059721321 -0.56940310076389378 0
794 -0.87703690118262068 -0.46013246652134371 0
795 0.7318792454860672 -0.66828693220124169 0
796 -0.30586224683442298 -0.94362997490369749 0
797 0.87872587359368604 -0.45831005658670021 0
798 -0.73034209918384152 -0.66905431744021393 0
799 0.91034748365916929 -0.07807095973563144 0
800 -0.91035041952592799 -0.077851691388981986 0
801 -0.93108323968349604 -0.074168900933051854 0
802 0.93058958760792021 -0.073247049706188033 0
803 -0.99056210687191792 -0.044391630024356102 0
804 0.99033753401213565 -0.045231982565788587 0
805 -0.84757784738654707 -0.13569239327168101 0
806 0.84691946203709778 -0.13691396445668019 0
807 0.89525731781577689 -0.0084951187832238879 0
808 -0.89513994103390593 -0.0081057957698898939 0
809 0.85743474583706158 -0.045379358099316057 0
810 -0.85743474587341395 -0.045379358348961681 0
811 -0.94483741051665504 -0.0094774166052727024 0
812 0.94578911542543687 -0.0092774985160130451 0
813 0.93853403386904621 -0.1229805362474105 0
814 -0.93965251641654424 -0.12192904027835109 0
815 -0.90370266379178299 -0.1160541176363615 0
816 0.90309976076997789 -0.1141821904878251 0
817 -0.9463063563336559 -0.083945735867716365 0
818 0.94716354059767438 -0.085051618497279782 0
819 0.89879679260665601 -0.095727831525478729 0
820 -0.89913293322132826 -0.094854720539871554 0
821 0.97992781622121816 -0.15185753043765579 0
822 -0.97844892020161489 -0.15124909716993989 0
823 -0.85253484606085239 -0.1053403546910371 0
824 0.85237385363103757 -0.1060719791545094 0
825 0.8551032550634956 -0.075652585507357345 0
826 -0.8560712799757747 -0.074373500153556482 0
827 -0.95121329042405045 -0.10427802216672739 0
828 0.95106146648609613 -0.1051834363922131 0
829 -0.9869558952319688 -0.074453184852679849 0
830 0.98828942702163869 -0.072879560971835414 0
831 0.083522530965411984 -0.8554698185260653 0
832 -0.0823786910990153 -0.85626496859078249 0
833 -0.83138114243312367 -0.21461366593639061 0
834 0.83104712672184 -0.21393287848018461 0
835 0.74357403831276492 -0.42864458259213528 0
836 0.6823481676731189 -0.52101880186339167 0
837 0.23137081576344579 -0.82661555788384755 0
838 -0.52627580117912842 -0.67780912157486406 0
839 0.60917808522371897 -0.60428252721321818 0
840 -0.33575205856729379 -0.78998556658418284 0
841 0.52661250114519664 -0.67840231160962761 0
842 0.33693223574693582 -0.7896670751770849 0
843 0.43523709254704529 -0.74005734642054399 0
844 -0.43493560782645729 -0.74014174145095524 0
845 -0.74390113225973487 -0.42885458344728328 0
846 -0.23078700659874829 -0.82635657471291712 0
847 -0.79299758219861904 -0.32928171003696322 0
848 -0.6819888636990431 -0.52054335114719896 0
849 -0.60962265051906317 -0.60467509166007749 0
850 0.79291115516633659 -0.33010851403616248 0
851 0.1324995707566573 -0.84889677110648187 0
852 -0.13225887781940029 -0.84653289138453813 0
853 -0.01455830077421137 -0.85868643589785099 0
854 -0.96461837414317453 -0.0079842679797370881 0
855 -0.92528238044486755 -0.0082577781880939852 0
856 0.92385872645992873 -0.0081833439108433062 0
857 0.96406810670333964 -0.0096160237329778811 0
858 0.8582265974866905 -0.025218469447877999 0
859 -0.85793298423362829 -0.02467808904239949 0
860 -0.98791088295130491 -0.094712047257594245 0
861 0.98736555459154474 -0.093415481748177709 0
862 0.98092189757403092 -0.13159939299378401 0
863 -0.98286033020751939 -0.1317571199978054 0
864 0.96466115623803861 -0.22878341024753571 0
865 0.092095689983623469 -0.98650539305604923 0
866 0.053941410442191667 -0.99041113037733375 0
867 -0.093382943906439142 -0.987822547620822 0
868 -0.01495730903449826 -0.99184182206382121 0
869 -0.054150359829016823 -0.98930621724307422 0
870 0.91236745183054957 -0.38863590419214172 0
871 0.69765156730089661 -0.70494127838053644 0
872 -0.85424717109099424 -0.50300543479634696 0
873 0.37906878111548992 -0.91573717076330008 0
874 -0.9125400111755595 -0.38850811080303838 0
875 -0.25775116936333681 -0.95667333599316129 0
876 0.95501133741260635 -0.26923149493990411 0
877 0.25911300598831172 -0.95619394467859209 0
878 0.49426566006515538 -0.85937858104718745 0
879 -0.49426566296735291 -0.85937857931967476 0
880 -0.69706933631620727 -0.7046544939547843 0
881 0.60090286215647881 -0.78850861666207139 0
882 -0.60090286540524995 -0.78850861410540962 0
883 0.85421460118835357 -0.50362787003479659 0
884 0.78304880427343593 -0.60835104080694657 0
885 -0.37960695390516891 -0.9150394938852171 0
886 -0.96460801899853665 -0.22958385646894469 0
887 -0.95434188932154673 -0.26759512174591638 0
888 -0.78180413786895386 -0.60987062271208747 0
889 -0.13338899468128509 -0.9828002279382867 0
890 0.13234246709906711 -0.9830328363616343 0
891 -0.98563056163781937 -0.11308446607033849 0
892 0.98556650576288818 -0.1126300195359721 0
893 -0.99144359785748171 -0.025090338685186082 0
894 0.99012437375463913 -0.023773265477493841 0
895 0.87443411181693442 -0.0080484676519222299 0
896 -0.87583967025472165 -0.0093350026691117333 0
897 -0.91010933181846065 -0.12228370203515671 0
898 -0.91243867975514037 -0.1303257093623274 0
899 -0.91919115942432505 -0.1344801234743038 0
900 -0.91309591508698384 -0.13865346555090219 0
901 -0.92006453512662612 -0.14284659259919169 0
902 -0.91227468380017773 -0.14772148370916369 0
903 -0.92069237271077553 -0.15096471922841431 0
904 -0.91344004495858133 -0.15608763912510959 0
905 -0.92143730749050257 -0.15986383339564161 0
906 -0.91336763393257336 -0.16471828382874121 0
907 -0.92169228698531458 -0.16876427925401699 0
908 -0.9135906083980263 -0.17374182069879779 0
909 -0.90503974899158401 -0.1603538400649577 0
910 -0.92222309244077572 -0.17796612357930089 0
911 -0.91427987260347543 -0.18296664232959201 0
912 -0.92264917163000693 -0.18726934979836679 0
913 -0.91472482056566362 -0.19234388739109401 0
914 -0.90638618240316127 -0.1879382424625875 0
915 -0.90668150019215399 -0.19738576607801631 0
916 -0.91519064115271775 -0.2018375407469942 0
917 -0.90714388079871544 -0.20700558120707291 0
918 -0.89855995455103654 -0.20248316799828101 0
919 -0.89898161210215632 -0.21216772211900919 0
920 -0.90759008845899336 -0.2166592217395503 0
921 -0.89938416796805998 -0.2218650874449821 0
922 -0.90800407398900052 -0.22635474094306221 0
923 -0.8997836829758632 -0.23160109152674091 0
924 -0.89116851178908907 -0.22707516626901539 0
925 -0.8915309812910226 -0.23684673436055831 0
926 -0.9002162683092525 -0.24138171269380071 0
927 -0.89193740471641292 -0.2466569974061619 0
928 -0.90064467986700514 -0.25118169447309679 0
929 -0.89235322608620804 -0.25648782490657018 0
930 -0.88361746542987274 -0.25193025621780069 0
931 -0.88402747670493897 -0.26178612406361029 0
932 -0.8927823478578657 -0.26635437057417072 0
933 -0.88444490471169313 -0.27166117933560441 0
934 -0.89321385042298362 -0.2762327602628537 0
935 -0.88486476184892937 -0.28154878436561248 0
936 -0.87609324475808981 -0.27697381141108479 0
937 -0.87650551863961634 -0.28686812561082592 0
938 -0.88529463907917549 -0.29145090286161279 0
939 -0.8769273521900508 -0.29677758232757212 0
940 -0.88572779265013124 -0.30136324070127829 0
941 -0.87735250720037961 -0.30669567017986887 0
942 -0.8685471834984827 -0.30210358685418259 0
943 -0.86897121612867423 -0.31202861248143843 0
944 -0.87778241848843819 -0.31662192610547352 0
945 -0.869397615629243 -0.32195907027934029 0
946 -0.87821387421411423 -0.32655323863780178 0
947 -0.86982557088482004 -0.33189314904439482 0
948 -0.86100993279760152 -0.32729553029683373 0
949 -0.86144008623202151 -0.3372335139638869 0
950 -0.87025579313435075 -0.34183103522893149 0
951 -0.86186285146300734 -0.34717339036840078 0
952 -0.85305350518076217 -0.34255917580937872 0
953 -0.85347505597637063 -0.3525144847940942 0
954 -0.86229686121508475 -0.35713132883317522 0
955 -0.85390188982615434 -0.36247172052003612 0
956 -0.84508426871899334 -0.35785106410297562 0
957 -0.84550705439182439 -0.36780819225429751 0
958 -0.85433165096016461 -0.37241197568718082 0
959 -0.84593323263890885 -0.37775732528257228 0
960 -0.83710834099937403 -0.3731479608056395 0
961 -0.83753357312213228 -0.38310496337360772 0
962 -0.84636616946360488 -0.38771033108769709 0
963 -0.83796580934381082 -0.39305626389631643 0
964 -0.82913227936043965 -0.38845683230188849 0
965 -0.82956533323945147 -0.39840836846644501 0
966 -0.83839952348780411 -0.40300938706712941 0
967 -0.8300000174762352 -0.40836098655799991 0
968 -0.8211641669772497 -0.40376122253313118 0
969 -0.82159943625949894 -0.41371370397555318 0
970 -0.83043565683160114 -0.41831260381350888 0
971 -0.822035669810254 -0.42366579115712449 0
972 -0.83087201343654749 -0.42826253988677621 0
973 -0.82247254755889598 -0.43361619078452479 0
974 -0.8136357934481131 -0.42901942743513283 0
975 -0.81407190624417547 -0.43897168691973421 0
976 -0.80523432551187302 -0.43437441839968599 0
977 -0.80567094838995157 -0.44432749086136741 0
978 -0.81451161351074131 -0.4489221835892474 0
979 -0.80610870271091684 -0.45428052942493818 0
980 -0.797271050830201 -0.44968598834575252 0
981 -0.79770786167976671 -0.45963807692734371 0
982 -0.80655455465443726 -0.4642274607135275 0
983 -0.79815178992401503 -0.46958743079891679 0
984 -0.78930975785097823 -0.46499809804163089 0
985 -0.78974595693463312 -0.47494972809025521 0
986 -0.79859158083532056 -0.47953842207203567 0
987 -0.79018658053055446 -0.48490304989855221 0
988 -0.78134650503776071 -0.48030787557355598 0
989 -0.78178699302931887 -0.49026190451616691 0
990 -0.79062675241616565 -0.49485710122074422 0
991 -0.78222837220311914 -0.50021544236922888 0
992 -0.77338698943352491 -0.4956209571185497 0
993 -0.77382931422163237 -0.50557522654928833 0
994 -0.76498628478403652 -0.5009809605840323 0
995 -0.76542905554651564 -0.51093610902561715 0
996 -0.77427066227464558 -0.51553055453066199 0
997 -0.76587158523855625 -0.52089143910849489 0
998 -0.75702820323695863 -0.51629987167357549 0
999 -0.75747307081550574 -0.5262530509883413 0
1000 -0.7663144933504582 -0.53084551557831772 0
1001 -0.75791657598589102 -0.53620711285860145 0
1002 -0.74907451475127385 -0.53161465999059498 0
1003 -0.74951830772855521 -0.54156939198120413 0
1004 -0.74067508884368016 -0.53697607713349438 0
1005 -0.7411200231525088 -0.54693123776572006 0
1006 -0.74996257228830587 -0.55152356630995669 0
1007 -0.74156526088243924 -0.55688531316088885 0
1008 -0.73272160488245031 -0.55229385137995513 0
1009 -0.73316735644206399 -0.56224861484094724 0
1010 -0.72432304842249939 -0.55765760427809474 0
1011 -0.72476940390418054 -0.56761284790507105 0
1012 -0.73361297184265883 -0.57220311938344259 0
1013 -0.7252155098780807 -0.57756823611622343 0
1014 -0.71637149045433413 -0.57297728790742786 0
1015 -0.71681806511243673 -0.58293313245040335 0
1016 -0.70797370890140388 -0.5783421211383305 0
1017 -0.70842115707325304 -0.58829742504678817 0
1018 -0.71726488862684157 -0.59288765883883487 0
1019 -0.70886846912173607 -0.59825272001696428 0
1020 -0.7000241205997253 -0.59366285880299574 0
1021 -0.7004718717152858 -0.60361841568312102 0
1022 -0.69162681520812175 -0.59902861361193216 0
1023 -0.69207560520118472 -0.60898383002279122 0
1024 -0.70091988697411045 -0.61357265002434025 0
1025 -0.69252452924752395 -0.61893805656308398 0
1026 -0.68367973118693015 -0.61435018928421081 0
1027 -0.68412895378433058 -0.62430451845352064 0
1028 -0.67528341648571744 -0.61971655739826104 0
1029 -0.67573293933646461 -0.6296714340307441 0
1030 -0.66688662663635379 -0.62508342788761051 0
1031 -0.66733690580074678 -0.63503875533200027 0
1032 -0.67618785235214962 -0.63962113366250017 0
1033 -0.6677920837000304 -0.64498977400073942 0
1034 -0.65894220902171308 -0.64040588288614564 0
1035 -0.65939250496188928 -0.65036022952527606 0
1036 -0.65054603108731113 -0.64577410806382374 0
1037 -0.6509960859973094 -0.65572898650968725 0
1038 -0.64215290768546718 -0.65114170906468849 0
1039 -0.64260086745208844 -0.66109738256700656 0
1040 -0.63376253041127073 -0.6565076227235358 0
1041 -0.63420734171528914 -0.66646748261218192 0
1042 -0.64305145781561368 -0.6710525905360708 0
1043 -0.6346569597682461 -0.67642019551356114 0
1044 -0.62581116172335516 -0.67183734000783968 0
1045 -0.62626365121650251 -0.68178779818415669 0
1046 -0.61741561252112387 -0.67720511767763991 0
1047 -0.61786839880325728 -0.6871574599908703 0
1048 -0.60901935108950023 -0.68257306877081558 0
1049 -0.60947049180001767 -0.69252836372351922 0
1050 -0.60062297396162334 -0.68794258085469306 0
1051 -0.60107409080025787 -0.69789842946839054 0
1052 -0.59222659465305549 -0.69331201185835911 0
1053 -0.59267838864887878 -0.7032682710694147 0
1054 -0.58382987824785026 -0.69868186040384395 0
1055 -0.58428267577595239 -0.70863839386191851 0
1056 -0.59313014106375661 -0.71322383947643164 0
1057 -0.5847357627130485 -0.71859270242535889 0
1058 -0.57588784278263971 -0.71400871534174337 0
1059 -0.57634286479804953 -0.72396140237914941 0
1060 -0.56749341195854464 -0.71937838073558513 0
1061 -0.56794819923297024 -0.72933212964133864 0
1062 -0.55909923950059037 -0.72474962265355469 0
1063 -0.55955152634492178 -0.73470501409993894 0
1064 -0.55070395507151915 -0.73012054880488164 0
1065 -0.5511566769199141 -0.74007507861847777 0
1066 -0.54230937015548697 -0.73549214471590818 0
1067 -0.54276109893719893 -0.74544693684782071 0
1068 -0.53391397435836074 -0.74086313496895573 0
1069 -0.53436560687406187 -0.75081713611891898 0
1070 -0.52551904650795411 -0.74623488020001494 0
1071 -0.52597010753147799 -0.75618808652987834 0
1072 -0.51712240226494932 -0.7516040769610306 0
1073 -0.51757454336074238 -0.76155858988316105 0
1074 -0.50872781126029909 -0.75697694733769127 0
1075 -0.50917873746766285 -0.76692945326278295 0
1076 -0.50033275909292318 -0.76234922614746603 0
1077 -0.50078282201523228 -0.77230049022469716 0
1078 -0.49193523723093119 -0.76771777066797342 0
1079 -0.49238813698602529 -0.77767162569957737 0
1080 -0.48354126203084152 -0.77309158110957421 0
1081 -0.48399090748261248 -0.78304255136470546 0
1082 -0.47514605851297997 -0.77846401017919065 0
1083 -0.47559497055742622 -0.78841354465092073 0
1084 -0.46674797624897069 -0.78383165694852019 0
1085 -0.46719998675526841 -0.79378456385328811 0
1086 -0.45835458147568869 -0.78920615591466792 0
1087 -0.45880433340791188 -0.79915601340536169 0
1088 -0.44995989581210039 -0.79457866517764297 0
1089 -0.45040883303553592 -0.80452715416222198 0
1090 -0.44156454551215329 -0.79994984602297592 0
1091 -0.44201334581876561 -0.8098979519577667 0
1092 -0.43316974964042709 -0.80532154682770962 0
1093 -0.43361805537295101 -0.81526868550142639 0
1094 -0.42477118358491017 -0.81068716168191346 0
1095 -0.42522139903394701 -0.82063783741461949 0
1096 -0.41637910066757899 -0.81606221857990235 0
1097 -0.41682640347918598 -0.82600811218560721 0
1098 -0.40798253448055649 -0.82142975666662121 0
1099 -0.40843226580306519 -0.83137848608374931 0
1100 -0.39958563297357957 -0.82679625071389773 0
1101 -0.40003717703007591 -0.83674812523603426 0
1102 -0.39119292948840989 -0.83216854230875559 0
1103 -0.39164299907088479 -0.84211783739630808 0
1104 -0.38279825792177419 -0.83753711887923354 0
1105 -0.38324913438046038 -0.8474873398709668 0
1106 -0.37440429081122528 -0.84290613506026046 0
1107 -0.37485917804092411 -0.85285059066132551 0
1108 -0.36601163233907502 -0.84827427467973027 0
1109 -0.36646672832465021 -0.85821834104763506 0
1110 -0.35761785535766799 -0.85364103664207547 0
1111 -0.35807055650098613 -0.86359248902223773 0
1112 -0.34922475046143592 -0.85901061831160086 0
1113 -0.34967792087325478 -0.86896175457097247 0
1114 -0.34083263483170878 -0.86437897919208151 0
1115 -0.49284058478986092 -0.7876265365859636 0
1116 -0.51802876348645022 -0.77151303208767363 0
1117 -0.34128186347005968 -0.87433081768905363 0
1118 -0.33243954394508818 -0.86974811889884018 0
1119 -0.33198678468805609 -0.85979499212143173 0
1120 -0.32359444362478862 -0.86516523441295012 0
1121 -0.32404799041467658 -0.87511765679315645 0
1122 -0.31520254610423742 -0.87053557521971081 0
1123 -0.31565655834896073 -0.88048710459213897 0
1124 -0.30681083860533093 -0.87590494562017729 0
1125 -0.54321240636891499 -0.75540264745535268 0
1126 -0.46765768522345291 -0.80373138368629482 0
1127 -0.43407094550095271 -0.82522146131373642 0
1128 -0.30726515203400462 -0.8858565014391232 0
1129 -0.29841888270922179 -0.88127509880453148 0
1130 -0.29796433324078081 -0.87132185874808599 0
1131 -0.28957229892354791 -0.87669290060199834 0
1132 -0.29002733208990428 -0.88664572131465258 0
1133 -0.28118078895893422 -0.88206414988488802 0
1134 -0.28163727755045498 -0.89201611538716574 0
1135 -0.27279002996956458 -0.88743538961354307 0
1136 -0.2723333512257638 -0.87748187317642279 0
1137 -0.2639418553278069 -0.88285489291211428 0
1138 -0.26439985222515072 -0.89280697794799591 0
1139 -0.25555096735687532 -0.88822775482819716 0
1140 -0.25600857250756048 -0.89817902066622812 0
1141 -0.2471601414845418 -0.89359951923794256 0
1142 -0.24761746768127141 -0.90355064028502996 0
1143 -0.23876970416057619 -0.89897133349110048 0
1144 -0.23831205193130561 -0.88901868092154213 0
1145 -0.2299213529606173 -0.89439200620251491 0
1146 -0.23037953142595369 -0.90434511649964877 0
1147 -0.22153135495988421 -0.89976561421359014 0
1148 -0.22198947386038739 -0.90971750712215027 0
1149 -0.2131410867443263 -0.90513920527422154 0
1150 -0.21268266364547889 -0.89518597823189783 0
1151 -0.20429263992162991 -0.90056043023674515 0
1152 -0.2047514667002297 -0.91051303129485683 0
1153 -0.19590331733421701 -0.90593498792210625 0
1154 -0.19636336245024261 -0.91588761506447836 0
1155 -0.18751488449877499 -0.91130931291161066 0
1156 -0.18705430509762741 -0.90135672849064852 0
1157 -0.1786650248946943 -0.90673196187735017 0
1158 -0.17912589489166961 -0.91668484358091851 0
1159 -0.1702799149933813 -0.91210869109303472 0
1160 -0.16981503294451919 -0.90215528732376049 0
1161 -0.16142736623423379 -0.90753223055120502 0
1162 -0.16189866955748369 -0.91747653550294184 0
1163 -0.15306032651348681 -0.91290851480560931 0
1164 -0.15352733810126179 -0.92283237267669027 0
1165 -0.1447063468160055 -0.91827018949784434 0
1166 -0.14422729609697421 -0.90836062380139926 0
1167 -0.13588916223891151 -0.91372914824861395 0
1168 -0.13636169823809319 -0.92362103825042685 0
1169 -0.12756378228315851 -0.91907671941047475 0
1170 -0.12708516011038901 -0.90921896546648695 0
1171 -0.1187782779929447 -0.91455029315715319 0
1172 -0.1192531049480899 -0.92440771981234127 0
1173 -0.110493075339861 -0.91988157293688588 0
1174 -0.11002195929152089 -0.91005286054049839 0
1175 -0.1017442486217567 -0.91537727218598886 0
1176 -0.10222192921821389 -0.92519614587964505 0
1177 -0.093483685154068796 -0.92070052657744772 0
1178 -0.093956143157467323 -0.93050951945484006 0
1179 -0.085229828357494389 -0.92600770929591469 0
1180 -0.08475686239768998 -0.9162076119574164 0
1181 -0.076508745827614216 -0.92151422523895254 0
1182 -0.076977647198853319 -0.93130535941564374 0
1183 -0.068272080622992004 -0.92680491561436074 0
1184 -0.067803537693659946 -0.91703117322708938 0
1185 -0.059576389473346161 -0.9223111675068093 0
1186 -0.059125228182148312 -0.91255327782545959 0
1187 -0.05090638636080036 -0.91782392969316373 0
1188 -0.051327113200144103 -0.92758276232224079 0
1189 -0.042675349005556661 -0.92308459768347295 0
1190 -0.042261330618842047 -0.91333579770751028 0
1191 -0.034038875927749228 -0.91859227203644123 0
1192 -0.034406360698411943 -0.92833575145643232 0
1193 -0.025787698240662439 -0.92384157043582804 0
1194 -0.025424571198664501 -0.91408055647245812 0
1195 -0.017144292565244738 -0.91935134120172401 0
1196 -0.017482568638677469 -0.92907059278205573 0
1197 -0.0089074496059819031 -0.92458460923418606 0
1198 -0.0085055206062841209 -0.91482120627608399 0
1199 -0.00028811608928584872 -0.92002436875594107 0
1200 -0.00056994091215882873 -0.9297782791442013 0
1201 0.0079851992038086576 -0.92527822297410589 0
1202 0.0082818587272794411 -0.91547483742580726 0
1203 0.016504941841789581 -0.92071135186313313 0
1204 0.016200643516960541 -0.93050477331513226 0
1205 0.024813628907895031 -0.92598852125716591 0
1206 0.024916211749272089 -0.91609903933334835 0
1207 0.033313797769152588 -0.92138549059070951 0
1208 0.033013244790265843 -0.93121287822090282 0
1209 0.041681011353776783 -0.92668679459342007 0
1210 0.041834927025807017 -0.91684120228630483 0
1211 0.050354911315912271 -0.92217094919949538 0
1212 0.049970972053855651 -0.93192728341207876 0
1213 0.058618803336511219 -0.92738068001734686 0
1214 0.058999503520369347 -0.91761331592761597 0
1215 0.0672643528324883 -0.92282975832556569 0
1216 0.06764431735583476 -0.91307282859244465 0
1217 0.075913790232326445 -0.91827942785707173 0
1218 0.075533378286578051 -0.9280531689408158 0
1219 0.084194629993101969 -0.92349352921660821 0
1220 0.084570045739689403 -0.91370884055558399 0
1221 0.09286764710606768 -0.91892875513172367 0
1222 0.093241113792444222 -0.90912646764574867 0
1223 0.10155581573836379 -0.91435385307692318 0
1224 0.10117430518544759 -0.9241781638677683 0
1225 0.1098837218720603 -0.91959470094323914 0
1226 0.1102621982642701 -0.90975413999047716 0
1227 0.1186096626844501 -0.91499922513918008 0
1228 -0.61831844630665433 -0.69711373331619986 0
1229 0.1182299229637606 -0.92486186929693237 0
1230 0.1269710957504514 -0.92026031891964699 0
1231 0.12735064985869129 -0.91037961319049565 0
1232 0.13572690609566679 -0.9156480982327726 0
1233 0.1361027776857876 -0.90575240191338224 0
1234 0.14449160264965699 -0.91102781418231482 0
1235 0.14411110713380021 -0.92093190881551268 0
1236 0.15288421800285709 -0.91631044885845103 0
1237 0.1532631639067408 -0.90639564291328611 0
1238 0.16166543086241361 -0.91168278362832145 0
1239 0.16204278236084069 -0.90175738360441526 0
1240 0.17045292793636971 -0.90705014955221341 0
1241 0.1708309236696525 -0.89711721376007136 0
1242 0.17924470711133231 -0.90241189745818995 0
1243 0.17886482131842729 -0.91234713565509118 0
1244 0.18766098066155271 -0.9077091565833888 0
1245 0.18804037958023551 -0.89777031819125352 0
1246 0.19645995215023351 -0.90306970404988962 0
1247 0.19684033994910419 -0.89312632454791052 0
1248 0.20526206928785831 -0.89842842810917933 0
1249 0.20489286072929069 -0.90838272091929895 0
1250 0.21368454872470399 -0.90373213133922792 0
1251 0.2140669331508033 -0.89378614855296545 0
1252 0.22249166057538849 -0.89909034066244342 0
1253 0.22287370401569351 -0.88914136639124086 0
1254 0.2312991105217776 -0.89444679507692126 0
1255 0.23168189442749271 -0.88449501142098752 0
1256 0.24011117017731029 -0.88980282545134104 0
1257 0.2404898019790363 -0.87986127892669741 0
1258 0.24892375595998839 -0.88516305714284438 0
1259 0.24853907166576711 -0.89511097243228988 0
1260 0.25735157817571558 -0.89046704067117144 0
1261 0.25773650678680649 -0.88051625187228821 0
1262 0.26616425961172402 -0.88582215782903706 0
1263 0.26654948077292501 -0.87587023275151155 0
1264 0.27497814536327753 -0.88117699534294491 0
1265 0.27535943430923232 -0.87122436303566775 0
1266 0.28379205790419859 -0.87653143853615811 0
1267 0.28416738048385087 -0.86658252326377483 0
1268 0.29260710069503237 -0.87188907302116303 0
1269 0.29222294653813308 -0.88184177273399211 0
1270 0.30103747923650309 -0.87719632873106257 0
1271 0.30142351366597081 -0.8672428502097036 0
1272 0.30984992821849161 -0.87255259812373798 0
1273 0.31023791355657582 -0.86259676442181032 0
1274 0.31866578778017912 -0.86790787967957694 0
1275 0.31905344234129862 -0.857951224871496 0
1276 0.32748404671643561 -0.86326196188366977 0
1277 0.32786938605790922 -0.85330442113892746 0
1278 0.33630094756368178 -0.85861627045072952 0
1279 0.33668608527749888 -0.8486584740529014 0
1280 0.34511734174516989 -0.8539708185340642 0
1281 0.34550276479474468 -0.84401198514383879 0
1282 0.35393453587831308 -0.84932494256492963 0
1283 0.3543202354470093 -0.83936606714141138 0
1284 0.36275225488160162 -0.84467949172190082 0
1285 0.3623662258240814 -0.85463697829828711 0
1286 0.37118297815881163 -0.84999207015459022 0
1287 0.37156899429629558 -0.84003518818024792 0
1288 0.37999930054465603 -0.84534784286793285 0
1289 0.38038537041129711 -0.8353910776119482 0
1290 0.38881580515055392 -0.84070370934328276 0
1291 0.38920993148156757 -0.83076190714772091 0
1292 0.39763380150134142 -0.83606201997852336 0
1293 0.39802815801067781 -0.82612047852627246 0
1294 0.40645075915004641 -0.83141880232849785 0
1295 0.40684461478511402 -0.82147554814144297 0
1296 0.41526709216202262 -0.82677535665791013 0
1297 0.41565649287330858 -0.81682175224434217 0
1298 0.42408290268036408 -0.82212702929317205 0
1299 0.42447701523472381 -0.81218395223638806 0
1300 0.43290042548239538 -0.8174856975971907 0
1301 0.43329401184327909 -0.80753979589856917 0
1302 0.44171780541093381 -0.81284096572046982 0
1303 0.44210690070921521 -0.80288718524715808 0
1304 0.45053393789323948 -0.80819360639740678 0
1305 0.45092696543744398 -0.79824851484974835 0
1306 0.45935130828016318 -0.80355145205863876 0
1307 0.4597437741250992 -0.79360409810325472 0
1308 0.46816840421391559 -0.79890702921260481 0
1309 0.46855712600593591 -0.78895284950561928 0
1310 0.47698453005080033 -0.79426026535731553 0
1311 0.47737640818565369 -0.78431339828040358 0
1312 0.48580134773418432 -0.78961789935658055 0
1313 0.48619276571865377 -0.77966904964344907 0
1314 0.494617947977253 -0.7849735709511011 0
1315 0.4950063172965205 -0.77501928394145725 0
1316 0.50343379233948193 -0.78032747459434837 0
1317 0.50382459257934309 -0.77037927633598557 0
1318 0.51224982349318182 -0.77568506029134865 0
1319 0.51263996340991069 -0.76573458481768819 0
1320 0.52106127407867087 -0.77104071339987468 0
1321 0.52145334452073244 -0.76108654714587254 0
1322 0.52987560290593783 -0.76639609981509793 0
1323 0.53026944086835215 -0.75644589582287225 0
1324 0.538696099402593 -0.76175198735482497 0
1325 0.53908474994581468 -0.7518015113536336 0
1326 0.54751178764550934 -0.75710802683190637 0
1327 0.54789968116352428 -0.74715817669003615 0
1328 0.55632632422238415 -0.75246454906607019 0
1329 0.5567118685712964 -0.74251099306619928 0
1330 0.56513922665750305 -0.74782199614026701 0
1331 0.56552530102512899 -0.73786773096463909 0
1332 0.57395236294399044 -0.74317912318191914 0
1333 0.57433901890410843 -0.73322476613447263 0
1334 0.56591080251158399 -0.72791237228668049 0
1335 0.57472645669668465 -0.72326997409685057 0
1336 0.58315463721979133 -0.72858293544639741 0
1337 0.58354221702746822 -0.7186280093618147 0
1338 0.59196955387633787 -0.72394028208803296 0
1339 0.59235704704314762 -0.71398557455991152 0
1340 0.60078360092610605 -0.71929869666351287 0
1341 0.60117180300151651 -0.70934396144625356 0
1342 0.59274391694529838 -0.70402983055643809 0
1343 0.60156063308939722 -0.6993884008214174 0
1344 0.60998731105671045 -0.70470315164857644 0
1345 0.61037718626226101 -0.69474744828684565 0
1346 0.61880352714092135 -0.70006159375162635 0
1347 0.6191929087948338 -0.69010605690649751 0
1348 0.6276192319587669 -0.69541989166252827 0
1349 0.62800860605015152 -0.6854649167521486 0
1350 0.61958125845301026 -0.68015002674601699 0
1351 0.62839852398914842 -0.67550908638664431 0
1352 0.63682589876569629 -0.68082498290112714 0
1353 0.63721607799606461 -0.67087001550779779 0
1354 0.64564244003394111 -0.67618466895482154 0
1355 0.64603264778211744 -0.66623062384452991 0
1356 0.65445746237162716 -0.67154519506306265 0
1357 0.65484811752448535 -0.6615905288399585 0
1358 0.6464207907895887 -0.65627694337617304 0
1359 0.65523892060046374 -0.65163520024091648 0
1360 0.66366347865566955 -0.65695394640216564 0
1361 0.66405627282396118 -0.64699608502145245 0
1362 0.65563020924865079 -0.64167846707066689 0
1363 0.66444925161867385 -0.63703995712359118 0
1364 0.67287473932337227 -0.64235702684544382 0
1365 0.67326818537607303 -0.63240196890054889 0
1366 0.68169331322405535 -0.6377186944907508 0
1367 0.68208600773088213 -0.62776382361827032 0
1368 0.69051080780424257 -0.63308067336768337 0
1369 0.69090419821792715 -0.62312592764169106 0
1370 0.68247832459556845 -0.61780807741278976 0
1371 0.69129717018457404 -0.61317091115279587 0
1372 0.69972221812179269 -0.61848877883437037 0
1373 0.70011578587275625 -0.60853435453597726 0
1374 0.70853905922507643 -0.61385304343084068 0
1375 0.70893351821960737 -0.60389871021327202 0
1376 0.700510537827015 -0.59858095605033856 0
1377 0.70932848292085215 -0.59394338705473182 0
1378 0.71775067743259235 -0.5992676219439792 0
1379 0.71814696317083127 -0.58931040607128682 0
1380 0.70972371904515663 -0.58398841254885481 0
1381 0.71854343471904247 -0.57935267967788839 0
1382 0.72696636131629155 -0.58467541454894034 0
1383 0.72736396313208918 -0.57471756521869111 0
1384 0.71893939303873222 -0.56939561823011831 0
1385 0.72776106692146458 -0.56476129201600911 0
1386 0.73618487029269908 -0.5700827538072728 0
1387 0.73658235032378117 -0.56012753624767686 0
1388 0.74500420279744051 -0.56544986039509804 0
1389 0.74540242027730175 -0.55549502142320129 0
1390 0.73698096905253108 -0.55017220533424993 0
1391 0.74580122983208064 -0.54553917633606863 0
1392 0.75422170152254764 -0.55086521467410066 0
1393 0.75462209942390057 -0.54090736368327152 0
1394 0.74620221768174855 -0.53558339906326835 0
1395 0.75502220229341044 -0.5309509682978143 0
1396 0.76344282733453694 -0.53627540202071144 0
1397 0.76384396810922361 -0.52632021844599419 0
1398 0.75542550008594489 -0.52099509956509316 0
1399 0.76424521980573346 -0.51636383814877973 0
1400 0.77266353612913452 -0.52169235302181138 0
1401 0.77306601386348517 -0.51173144317665531 0
1402 0.76465097549217864 -0.50640748205000574 0
1403 0.77347042655816978 -0.50177748779684817 0
1404 0.78188910574040993 -0.50710365282081882 0
1405 0.78229336236814073 -0.49714896832625349 0
1406 0.77388309366747565 -0.49181252236144779 0
1407 0.78270575855506852 -0.48719162034871571 0
1408 0.79112355498612352 -0.49251360773948832 0
1409 0.79152444870214156 -0.4825629982851275 0
1410 0.78312564581521937 -0.47722175894615648 0
1411 0.79192902699875378 -0.47260797300625018 0
1412 0.80034687381603054 -0.47793604231267561 0
1413 0.80075153780157404 -0.46798103701550781 0
1414 0.7923560680909697 -0.46263604946441322 0
1415 0.80115955985194554 -0.4580252391705214 0
1416 0.80957532674109511 -0.46335502636226461 0
1417 0.80998177315194309 -0.45339998000738319 0
1418 0.80158981325166601 -0.44805113450307299 0
1419 0.81039191451826031 -0.44344386097274241 0
1420 0.81880996462135114 -0.44877251066736201 0
1421 0.81921527653044124 -0.43881900463404122 0
1422 0.81080583421951702 -0.43348920228402138 0
1423 0.8196242797159401 -0.4288637440197039 0
1424 0.81120522952605678 -0.42353243055175721 0
1425 0.82003104355629841 -0.41890819419495873 0
1426 0.82844882635693029 -0.42423919591943521 0
1427 0.82885711260100292 -0.41428465003221687 0
1428 0.82043909967291928 -0.40895189899347573 0
1429 0.82926667343447724 -0.40432858578754899 0
1430 0.82084809755188104 -0.39899438600393489 0
1431 0.82967657653246374 -0.3943709688919107 0
1432 0.83809478418167549 -0.39970431494087638 0
1433 0.83850504138172399 -0.38974730298723498 0
1434 0.83008736524898519 -0.38441412681917481 0
1435 0.83891562917872187 -0.37979150003139589 0
1436 0.84733231139166576 -0.38512453484488329 0
1437 0.84774361818973232 -0.37516929992599107 0
1438 0.83932678998635724 -0.36983501810891228 0
1439 0.84815569321965678 -0.36521332213577329 0
1440 0.8397384997983921 -0.35987765754230061 0
1441 0.84856801954711547 -0.35525661936287678 0
1442 0.85698467162675496 -0.3605906011105271 0
1443 0.85739720145627762 -0.35063542251280311 0
1444 0.8489820219740607 -0.34530095271593819 0
1445 0.85781078838324043 -0.34068024791739171 0
1446 0.86622519978922119 -0.34601531094773957 0
1447 0.86663832656469308 -0.33606153782350751 0
1448 0.85822473269282673 -0.33072462582972822 0
1449 0.86705229805409623 -0.32610837217383459 0
1450 0.85863872210663228 -0.32076868184516288 0
1451 0.86746758413467218 -0.31615164796017908 0
1452 0.8590527496168191 -0.31081179766718348 0
1453 0.86788297258770764 -0.30619309079032492 0
1454 0.87629598583527335 -0.31153666653920142 0
1455 0.87671060812662449 -0.30157812739285922 0
1456 0.86829777234603456 -0.29623700402073938 0
1457 0.87712620617785364 -0.29162158961006363 0
1458 0.86871424647331352 -0.28627965742355671 0
1459 0.87754501051688338 -0.28166109895005081 0
1460 0.88595379433824317 -0.28701341240883821 0
1461 0.88637259986286099 -0.27704731287837792 0
1462 0.87796247493971213 -0.27170823069381689 0
1463 0.88678342653093278 -0.26709308506180252 0
1464 0.87838029249105487 -0.26175735389689808 0
1465 0.8872002476535894 -0.25714355024733843 0
1466 0.87878720287375001 -0.25180084812570003 0
1467 0.88760770054856541 -0.24720130886884639 0
1468 0.87915832179851172 -0.24182603973606179 0
1469 0.88798743711763795 -0.23725594606954159 0
1470 0.89639362811485823 -0.24259017285423809 0
1471 0.89679146271267129 -0.23269208123292501 0
1472 0.88841953098879856 -0.2273659598546727 0
1473 0.89731773520781222 -0.22284874798059109 0
1474 0.88891095642310813 -0.21753838063404329 0
1475 0.89790316163277417 -0.21308875864829421 0
1476 0.88953081635544839 -0.20779790795239531 0
1477 0.89794996847537467 -0.2032390856522053 0
1478 0.88998004833598809 -0.19814559653115629 0
1479 0.89829484688719718 -0.19371642693600361 0
1480 0.9070268131320276 -0.19899558702952461 0
1481 0.90663336651228799 -0.18928419026367591 0
1482 0.898689493715911 -0.18434746798469259 0
1483 0.90686938803564898 -0.17989040418626559 0
1484 0.8989551472647046 -0.17493378955878261 0
1485 0.91510206262642468 -0.18490293033954899 0
1486 0.91510369629861554 -0.1756352588457894 0
1487 0.32708781827518602 -0.8732239179994542 0
1488 0.53064096629606261 -0.74651044033091607 0
1489 0.90554047072223687 -0.2280976539921768 0
1490 0.41487873855382579 -0.83672893439575491 0
1491 0.44133012952266709 -0.82279508652874189 0
1492 -0.56840420946729275 -0.739285681227144 0
1493 0.26578041688592552 -0.89577510785321135 0
1494 0.38842868484175308 -0.85065971204286051 0
1495 -0.40888577489161648 -0.84133151574291098 0
1496 -0.59358212868768434 -0.72317824795684793 0
1497 0.59313066027280459 -0.69407423242898725 0
1498 -0.3571730689068624 -0.84368956145894503 0
1499 0.56629615750969187 -0.71795722560459629 0
1500 -0.32314159035421031 -0.85521065696587339 0
1501 0.49423084304953963 -0.79492796561838019 0
1502 -0.66824285198395905 -0.65494342114955573 0
1503 -0.90537442135234047 -0.13495508965035169 0
1504 0.30065285279030107 -0.88715129514614743 0
1505 0.46778099772656628 -0.80886149882480562 0
1506 0.61996991984465677 -0.67019233971326253 0
1507 0.89517533387522463 -0.27243615247730663 0
1508 0.15250171515237659 -0.92622334991424515 0
1509 0.22211892551726789 -0.90904678848790477 0
1510 -0.26348716660602839 -0.87290129253574744 0
1511 0.5041887563666374 -0.76045219946814557 0
1512 0.52067887011075398 -0.78099498968941772 0
1513 -0.64350178957287252 -0.68100630326187706 0
1514 -0.92952401450744526 -0.16385220807111789 0
1515 0.87505225992206026 -0.34139652987181029 0
1516 0.65602079904835109 -0.63172207649908563 0
1517 0.92291138949218932 -0.18057402089746349 0
1518 0.92323194097482908 -0.17145750293140469 0
1519 -0.70136849363397735 -0.62352436057267857 0
1520 -0.38370158493474371 -0.85743987562487689 0
1521 -0.38236599921096809 -0.82758298363963201 0
1522 0.39834980641501111 -0.81622202770342478 0
1523 0.5471242627112608 -0.76706292525654429 0
1524 0.47773343753035358 -0.77439371231213683 0
1525 0.69011846914815289 -0.64303477845988422 0
1526 0.42482306529115121 -0.80227954940246216 0
1527 0.45127875557021518 -0.78833640718251863 0
1528 -0.40754332733828458 -0.81150070582800027 0
1529 0.31943092464119449 -0.84799598088724215 0
1530 0.60040007922618788 -0.72925025636940166 0
1531 0.26691217607676349 -0.86592145491805894 0
1532 0.88093275661986559 -0.21226396948434831 0
1533 -0.60857411625662072 -0.67261327994957143 0
1534 -0.66643645406912566 -0.61512661435833993 0
1535 0.62722984476445376 -0.7053738087911734 0
1536 0.2232545247758923 -0.87918966764538908 0
1537 0.85022080913969678 -0.31543154844875942 0
1538 -0.52505296484593666 -0.73629103405677443 0
1539 0.16242059424861299 -0.89183076641252834 0
1540 0.8699513900064364 -0.25639932289574519 0
1541 -0.55864029038596308 -0.7147972219494616 0
1542 -0.64170159498965162 -0.64118633735543951 0
1543 -0.25646768832239719 -0.908128743163783 0
1544 -0.43267934430872862 -0.79540214370579787 0
1545 -0.49986044659549478 -0.7524121373031295 0
1546 0.65406747735289006 -0.6814975546015597 0
1547 -0.35852214161447982 -0.8735452564651025 0
1548 -0.31611032040887138 -0.89043828980223216 0
1549 -0.47466726892346589 -0.7685336167625203 0
1550 0.9315212125002148 -0.17634909395704931 0
1551 0.93141518728705686 -0.1672339145193929 0
1552 0.93221305460615 -0.18561260380448991 0
1553 0.3458868685856219 -0.83405142187609382 0
1554 -0.58337683189354017 -0.68872355169156041 0
1555 0.5735658533683391 -0.75313153727551996 0
1556 0.91513396081094744 -0.16639573585842601 0
1557 -0.16096197346217 -0.89758381566353496 0
1558 -0.067330000321788278 -0.90727860098565727 0
1559 -0.1012710046108236 -0.90556835040532446 0
1560 0.05938913185516656 -0.90786381417031969 0
1561 -0.068726977869663919 -0.93660155001008061 0
1562 -0.1693509847012408 -0.89220519678099619 0
1563 -0.1604956503671304 -0.88763238293050295 0
1564 -0.16888413748750331 -0.88225344090129232 0
1565 -0.058674730667913177 -0.90281126940513823 0
1566 -0.066860397105874395 -0.89754532041985258 0
1567 -0.058219940265479123 -0.89308639161246495 0
1568 -0.16235476634152551 -0.92740879535812826 0
1569 -0.1095376428223698 -0.90023391814667342 0
1570 -0.1007949991000755 -0.89575368725413362 0
1571 -0.15398421173130919 -0.93275707907075633 0
1572 -0.45086625030593003 -0.81447205992011196 0
1573 0.34473341709125932 -0.86392885287618681 0
1574 -0.70976207934798252 -0.61816027607370994 0
1575 -0.71021039541212261 -0.62810979927090971 0
1576 -0.71860138070212587 -0.62274735872741804 0
1577 -0.90151507766794992 -0.27091890854425382 0
1578 0.70814601901620622 -0.62380500983246578 0
1579 -0.23083720389492149 -0.91429577453173683 0
1580 -0.20520946140087459 -0.92046393149622441 0
1581 0.7446074248924589 -0.57540240872217985 0
1582 0.87463852052551705 -0.35134850204283091 0
1583 0.88346256721986682 -0.34673185173918197 0
1584 0.88304713647593724 -0.35668491882595188 0
1585 -0.29048360700578651 -0.89659645254608666 0
1586 -0.83927082875750603 -0.42291047796532683 0
1587 -0.83970671701461663 -0.43285845520380439 0
1588 -0.84810289308873632 -0.42750763410566589 0
1589 0.75342430585245879 -0.57077153212628695 0
1590 0.71933714919869329 -0.55943706648633551 0
1591 0.71696021446465485 -0.6191711344877967 0
1592 -0.196823687694064 -0.92583667756792842 0
1593 0.68287094264384562 -0.60785109315209096 0
1594 0.66288034763337023 -0.67685987501040978 0
1595 0.37079641761191678 -0.85994772231261474 0
1596 -0.20383318152163921 -0.89060612273297268 0
1597 -0.88659419942166551 -0.32121248600565938 0
1598 -0.88703020474697913 -0.33114578399286099 0
1599 0.8851230247061852 -0.30692391039285838 0
1600 -0.73405747798044507 -0.58215884948756225 0
1601 -0.74245377576105431 -0.5767943197145089 0
1602 -0.74289837816326276 -0.58674620464869343 0
1603 -0.75129221850738315 -0.58138447997256892 0
1604 0.14372610667274191 -0.93083430629817299 0
1605 0.1521188469890711 -0.93613628473087318 0
1606 0.14333889011090781 -0.94075223763971372 0
1607 0.8561580032303413 -0.38050363899025058 0
1608 0.85574761792967413 -0.39045559076849767 0
1609 0.86457056047106939 -0.38583648350885819 0
1610 0.86416038630657455 -0.39578530481645219 0
1611 -0.76675838544237485 -0.54079773725046609 0
1612 -0.77515362043840519 -0.53543857897360647 0
1613 -0.77559767806165136 -0.54538700146568297 0
1614 -0.78399060993528269 -0.54002988282152842 0
1615 0.83727311655819758 -0.41961682977233161 0
1616 0.83686495645307224 -0.42956860904786331 0
1617 0.84568954917287975 -0.42494214905030459 0
1618 0.84527939351419312 -0.43489541210546068 0
1619 -0.22946360557956749 -0.88443751610121579 0
1620 -0.79106834360953449 -0.50480835276424363 0
1621 -0.79946431314151778 -0.49945219771323279 0
1622 -0.79990296458212917 -0.50940464734894153 0
1623 -0.81276131191316936 -0.40911370646419648 0
1624 0.3547067271230851 -0.82940413783652089 0
1625 -0.28911680222864927 -0.86673853596881478 0
1626 0.85063490980599421 -0.3054729405759315 0
1627 -0.86015941940230967 -0.30743238418101537 0
1628 -0.70752557358876134 -0.56838582934678394 0
1629 -0.69912577509965601 -0.57375098499846278 0
1630 0.81201931077074052 -0.40361853459866881 0
1631 0.81242794649435945 -0.39365879363669748 0
1632 -0.72387699409554007 -0.54770213745547025 0
1633 0.71051290495378527 -0.56407382065298395 0
1634 0.71091021549623701 -0.55411158788559756 0
1635 0.64720047490835853 -0.63636099222201603 0
1636 0.64759044092213069 -0.62640084426329934 0
1637 0.63876681415024816 -0.63104287626313416 0
1638 -0.7402295691038876 -0.52702208587385591 0
1639 0.83090785558007618 -0.36450022111269459 0
1640 0.83131973342496135 -0.35454019724141511 0
1641 0.80239811145603568 -0.42814256057717648 0
1642 -0.76454480020331173 -0.49102397799962738 0
1643 -0.75614124067930066 -0.49638646108130668 0
1644 -0.75569997321282356 -0.48642554738506022 0
1645 -0.81232655642332308 -0.39915771237710729 0
1646 -0.80391992514948019 -0.40451311305599341 0
1647 0.18729289139919211 -0.91764834289461306 0
1648 0.54827625163051708 -0.73721129374524352 0
1649 -0.44947418291586932 -0.78465486452667044 0
1650 -0.54184723591070416 -0.72554388824683058 0
1651 0.30179520173821411 -0.85729239484107533 0
1652 -0.85973684325119581 -0.29750301153460301 0
1653 -0.8513443397658933 -0.30283375363840481 0
1654 -0.8509285538241752 -0.29291208063638607 0
1655 0.38072463154296499 -0.8254879074242194 0
1656 0.1884181305830076 -0.88782606267605679 0
1657 -0.89409535937812123 -0.29603018091445088 0
1658 0.12771702873338669 -0.90048240950004943 0
1659 -0.87527229658410288 -0.2572183147360636 0
1660 -0.87486751734830293 -0.24734570052912999 0
1661 -0.8665061913570804 -0.25264041133140408 0
1662 -0.86609730512146288 -0.2427440039121635 0
1663 0.05823046500769706 -0.93715582594315894 0
1664 0.049570729160293578 -0.94170942405474722 0
1665 0.057849142415624152 -0.94695282813139525 0
1666 -0.077442002661129536 -0.94110763130014874 0
1667 -0.069170875160211448 -0.94641486206074676 0
1668 0.80359637521495286 -0.39828438577814779 0
1669 0.084931548684428787 -0.90390231177252911 0
1670 -0.91622859663266332 -0.22112658930718351 0
1671 -0.89041812345334614 -0.20766479299074381 0
1672 -0.89003837813118181 -0.19796988665780749 0
1673 -0.88185311053499138 -0.2031548691462261 0
1674 -0.88145712062514892 -0.19342304025871171 0
1675 -0.1026874509062989 -0.93502301076190442 0
1676 -0.91665662285087668 -0.23084859361016971 0
1677 0.083817720175456092 -0.93326937228298767 0
1678 0.093610821970825958 -0.8993184442194575 0
1679 -0.93052577996714203 -0.18216408149882271 0
1680 -0.93102777900882949 -0.19159227444561791 0
1681 0.89088188822973557 -0.17934596118688301 0
1682 0.89118452606269738 -0.17006315016978801 0
1683 0.88301240429259731 -0.17437343360866989 0
1684 0.88344069382968027 -0.16507924011122291 0
1685 0.8917076806537656 -0.16079882887112229 0
1686 0.88391498736843421 -0.15583704092729761 0
1687 0.89197165925974808 -0.15151895343299809 0
1688 0.8843935780594312 -0.14669257417283529 0
1689 0.049158141673445878 -0.95151557424877442 0
1690 0.71656744555675145 -0.62912000065512341 0
1691 0.70208238784644794 -0.55875121528334903 0
1692 -0.92804401131544545 -0.14707505547819799 0
1693 0.085303474631482495 -0.89409032322647608 0
1694 0.093986626423782596 -0.88950859961107542 0
1695 0.75302754987498866 -0.58072088714440906 0
1696 -0.89541191745766868 -0.32580460763014563 0
1697 -0.89584719937691537 -0.33573808139708278 0
1698 -0.80829972956087526 -0.5040458401400536 0
1699 -0.16280377092184889 -0.93732953121287199 0
1700 -0.1090539832629004 -0.89042402844127999 0
1701 -0.2056674840830639 -0.93041197491673411 0
1702 -0.1972846007638776 -0.9357825940146367 0
1703 -0.74729328792871641 -0.49179050565217841 0
1704 -0.92488441302751512 -0.2255918698860441 0
1705 -0.9253359127999301 -0.23536163962279019 0
1706 -0.69867746784446372 -0.56379212270409829 0
1707 -0.6902747872246211 -0.56915891260929052 0
1708 0.80400645145989691 -0.38832389999991429 0
1709 -0.077910783273556466 -0.95092665702696011 0
1710 0.8224867605751508 -0.35916432155878752 0
1711 0.93974306070653757 -0.1718671693950701 0
1712 0.93946660303079732 -0.1629681164874221 0
1713 0.93177871794163147 -0.158224193959287 0
1714 0.93968859357385881 -0.15405074373795871 0
1715 0.72537904715563883 -0.62448751821782933 0
1716 -0.1544358875344842 -0.94268324791826119 0
1717 0.84180100963738325 -0.31009325368441137 0
1718 0.84221685371832633 -0.30013122317308422 0
1719 -0.71923271606097039 -0.63278989171066791 0
1720 -0.71069069315671696 -0.63807164889116108 0
1721 0.76184181492594061 -0.57609142519677925 0
1722 -0.80348572696285703 -0.39455302066091852 0
1723 0.82289857660261334 -0.34920103869643843 0
1724 -0.84853859736876702 -0.43745411313139387 0
1725 -0.84252289756365806 -0.29823577223833891 0
1726 -0.84295106466190584 -0.30816987004413032 0
1727 -0.87325213900094112 -0.19862625786046059 0
1728 -0.87288769220141016 -0.1889046365217987 0
1729 0.66248889175848025 -0.68681205872385276 0
1730 0.67130226596850551 -0.68217247806965753 0
1731 0.85410149176471128 -0.43027012872826942 0
1732 -0.75173786488475158 -0.59133219540974102 0
1733 -0.9390268180844964 -0.1864767658501128 0
1734 0.63915852223195391 -0.62107802026562875 0
1735 0.6479824720323597 -0.61643974951761238 0
1736 -0.88106514371845446 -0.18373936124172349 0
1737 -0.87277852207624296 -0.17924785739801841 0
1738 -0.066387475152556941 -0.88783724047250001 0
1739 -0.9394869730839529 -0.19595337731007109 0
1740 -0.74334619309005734 -0.59669367237576032 0
1741 -0.069632192710005911 -0.95624429988550141 0
1742 -0.060882021557690708 -0.95172349715402804 0
1743 0.87298152445536914 -0.39116719939373018 0
1744 0.87257069291947664 -0.40111361464795242 0
1745 -0.10030362808188199 -0.88592662325181615 0
1746 -0.79507572238270863 -0.39991136845098829 0
1747 -0.87361008497494785 -0.20837228037803179 0
1748 -0.80873755763160704 -0.5139960475979275 0
1749 0.94728989751874926 -0.15878644884912449 0
1750 0.94755687100440178 -0.14982348769382231 0
1751 0.8918714074140297 -0.35206368687383882 0
1752 0.89228479043798581 -0.34211701115430337 0
1753 0.8762033028083146 -0.1508499982350904 0
1754 0.87671523924134898 -0.14168319129610729 0
1755 0.057468589234173272 -0.9567680385549816 0
1756 -0.72768303800499212 -0.62740154429299611 0
1757 0.1517353011865949 -0.94605489636375728 0
1758 0.16051935653151969 -0.94142866823859639 0
1759 -0.76013304873969267 -0.58596594910285504 0
1760 0.34627117392795509 -0.82408850875846151 0
1761 0.35509330871828071 -0.81944012507579334 0
1762 -0.74685145545957132 -0.48182716677474963 0
1763 -0.75525965262494732 -0.47646289582766699 0
1764 -0.85787087765335124 -0.248271588906021 0
1765 -0.85816390748646776 -0.25799259274961173 0
1766 -0.85771453855110669 -0.2383292176166778 0
1767 0.89245264772128607 -0.1426142976884788 0
1768 -0.78443401557740666 -0.54997648649883923 0
1769 -0.79282455750348713 -0.54462019584017707 0
1770 -0.85693313533893545 -0.43210391130209702 0
1771 -0.85649850024211638 -0.4221593989960063 0
1772 0.63033232631573266 -0.62572134310523198 0
1773 0.6299417309064238 -0.63568746441635893 0
1774 -0.16003009542291419 -0.87768262910053152 0
1775 -0.15164473528571479 -0.88306103751570486 0
1776 -0.16841745173405751 -0.87229812688166342 0
1777 -0.77604269459634534 -0.55533329686816457 0
1778 0.70247939762963485 -0.54878668289809662 0
1779 0.71130816953989529 -0.54414818943527277 0
1780 0.87513106278121933 -0.16937359647570679 0
1781 0.87470901417421487 -0.17879123203575101 0
1782 -0.84210715263707547 -0.28830917360260061 0
1783 0.14295165043109659 -0.95068007186665782 0
1784 0.8998646202973728 -0.14729188993420159 0
1785 0.89145773296576558 -0.36201445754854411 0
1786 -0.057742525608130403 -0.88343609867109563 0
1787 -0.049610636754067843 -0.88863598096260654 0
1788 -0.8807188489354596 -0.174135261573207 0
1789 -0.87268915176750661 -0.1693600254673466 0
1790 -0.88034789865892793 -0.16454488018960661 0
1791 -0.87219646623037328 -0.15982813751994651 0
1792 -0.87993221254362564 -0.15517980535444689 0
1793 0.048761788087895087 -0.96134170992243728 0
1794 0.040448169124463959 -0.95607690193300232 0
1795 0.85369113053664147 -0.44022112202951807 0
1796 -0.16325960480846699 -0.94725144177610299 0
1797 0.72498641669471475 -0.63443478509737761 0
1798 0.13456363108770281 -0.94536516183015362 0
1799 -0.60197462639917776 -0.71781017839017081 0
1800 -0.60242712014152811 -0.72776052258864965 0
1801 -0.61081695955662252 -0.72239523021211272 0
1802 -0.61126813224927179 -0.73234349582147473 0
1803 -0.60288032264006686 -0.7377080137030313 0
1804 -0.61965617127375483 -0.72697897930142497 0
1805 -0.61171892351416957 -0.7422891237721394 0
1806 -0.60333265586071816 -0.74765304588613368 0
1807 -0.65189443385256862 -0.67563951691207769 0
1808 -0.65234573532481821 -0.68558927406875381 0
1809 -0.66073570042362517 -0.6802252391731981 0
1810 -0.66118571725524211 -0.69017290881120541 0
1811 -0.65279779546043259 -0.69553622433396578 0
1812 -0.66957329800027277 -0.68480993103809562 0
1813 0.29184063099218871 -0.89179553981596071 0
1814 0.30026690814349027 -0.8971037422127216 0
1815 0.29145828971953142 -0.90174588342709261 0
1816 0.29988336909931929 -0.90705315152461607 0
1817 0.30869052745085901 -0.90241162636005912 0
1818 0.29107671581059108 -0.91169444494131469 0
1819 0.3083070197025598 -0.91235821940204398 0
1820 0.31711330433205581 -0.90771792320223033 0
1821 0.71617587301809282 -0.63906724428882722 0
1822 0.636043085758218 -0.70073334923972674 0
1823 0.63565526335134048 -0.71068456143147285 0
1824 0.64446585012708457 -0.70604582639341262 0
1825 0.62684347182962541 -0.71532455542949269 0
1826 0.63526543956218373 -0.72063389132553335 0
1827 0.62645797536053804 -0.72527129449943439 0
1828 0.84487281744337039 -0.44484319745494277 0
1829 -0.28209463639316062 -0.90196614297696165 0
1830 -0.29093838178217041 -0.90654497039480886 0
1831 -0.28255158596140789 -0.91191319495108891 0
1832 0.58237676547737605 -0.7484900057439241 0
1833 0.5819907722614831 -0.75844021326892475 0
1834 0.59081215020249589 -0.75379378811071063 0
1835 0.57318174109551601 -0.7630811236511188 0
1836 -0.78487629819907634 -0.55992171605366958 0
1837 -0.8401437119268591 -0.44280473078939381 0
1838 -0.84897476673534567 -0.44739944061959969 0
1839 -0.8405812267272057 -0.45274961012708892 0
1840 -0.17727428113926291 -0.8768703845274306 0
1841 -0.574977901084612 -0.69409500716019901 0
1842 -0.5745250646094846 -0.68413425661545124 0
1843 -0.56612407526012076 -0.68950718738601424 0
1844 -0.65803709646595909 -0.62049492410296569 0
1845 -0.65758714154729703 -0.6105354566374408 0
1846 -0.64918549431316164 -0.615905293092049 0
1847 -0.23785607803795211 -0.87906322804928838 0
1848 -0.22900476727155961 -0.87448029126263471 0
1849 -0.23740026241680459 -0.86910486375499907 0
1850 -0.22858699767058591 -0.86443786752382001 0
1851 -0.2370370010759433 -0.8590450037907833 0
1852 -0.22015857222946439 -0.86988422002340315 0
1853 0.61115071760568607 -0.67483488754695842 0
1854 0.6115391204681897 -0.66487474093382526 0
1855 0.60271934656306025 -0.66951865986109182 0
1856 0.60310613856487894 -0.65955517267017827 0
1857 0.59430835091290501 -0.6642030844444804 0
1858 -0.29751091529335361 -0.86136623186804862 0
1859 -0.28866105595809122 -0.85678085757250311 0
1860 -0.29705676033724471 -0.85140926788792781 0
1861 -0.28820479646735059 -0.84682138213375868 0
1862 -0.29660053998902758 -0.84144942236847498 0
1863 -0.79551206479845904 -0.4098735265948405 0
1864 0.5843126155863736 -0.69871616790485724 0
1865 0.84138712963273143 -0.32005476096795282 0
1866 0.83296508890579912 -0.31471555980984278 0
1867 -0.27981534669637859 -0.85219692295312299 0
1868 -0.66598723454742248 -0.60516826822186454 0
1869 -0.6571373462281449 -0.60057393962832462 0
1870 -0.6655383018444363 -0.59520516241107713 0
1871 -0.33153500135028191 -0.84983954940785822 0
1872 0.19722148749097251 -0.88317892068162929 0
1873 0.18879499005849051 -0.87787514019846324 0
1874 0.19760313846980559 -0.87322652185612681 0
1875 -0.58292606827316762 -0.67876203471296659 0
1876 0.33744959985368689 -0.8287372672903569 0
1877 0.58469891026927245 -0.68875686359339705 0
1878 0.57587785554003923 -0.69340116047589906 0
1879 0.57626839216663661 -0.68336330608798568 0
1880 0.5674418544621459 -0.68807176367327894 0
1881 -0.32268670090480372 -0.84525303044713962 0
1882 -0.33108440491960212 -0.8398804351940008 0
1883 -0.32223106019141579 -0.83529302856987475 0
1884 -0.33063224412223852 -0.82991889171591127 0
1885 0.1364754037350864 -0.89584669961021923 0
1886 0.1280917586895636 -0.89059306190933185 0
1887 0.13685199121348979 -0.8859295142213498 0
1888 0.12845730790115731 -0.8807279302787353 0
1889 0.13722649471381371 -0.87601437088882428 0
1890 0.16013621169382419 -0.95135320236853738 0
1891 0.1689253240140039 -0.94672310916100155 0
1892 -0.84941085296187313 -0.4573431130777777 0
1893 -0.84101838459409306 -0.46269307398068282 0
1894 0.066171758210930284 -0.95219065817750093 0
1895 0.79517132672784152 -0.39294945636249767 0
1896 0.79476249120646036 -0.40291499984079859 0
1897 0.76144510158692424 -0.5860391219878508 0
1898 0.75263218224438599 -0.59066871771624707 0
1899 0.085676052546432763 -0.88429701833067498 0
1900 0.094356380715199889 -0.87970026697064552 0
1901 0.0770288715705474 -0.8888673187576428 0
1902 -0.86492198780639873 -0.18401103873320551 0
1903 0.69365034725527552 -0.55342530497447895 0
1904 0.69325411657541736 -0.56339187339756713 0
1905 0.6849457899707222 -0.5583035734853945 0
1906 0.68444531380797236 -0.56807268828944935 0
1907 -0.86495911783143353 -0.20381427856227269 0
1908 -0.65689820685527234 -0.59060044443289061 0
1909 -0.66512369221792711 -0.58524086980256584 0
1910 -0.93357899690491097 -0.23008186615953721 0
1911 0.93217959140235473 -0.14939420897709771 0
1912 -0.87167973095673601 -0.1507732005181423 0
1913 -0.87949502130950796 -0.14578117552419231 0
1914 -0.28774856857635311 -0.83685838207149221 0
1915 -0.15117909616203731 -0.87311507773625596 0
1916 -0.14279629568687829 -0.87849654680573541 0
1917 0.85328308858701707 -0.45016788785570833 0
1918 0.84446674939713517 -0.45478897311304889 0
1919 -0.83369488955108417 -0.29362936151696478 0
1920 -0.93403560206941461 -0.2398872996140092 0
1921 -0.92578451628624281 -0.245176708717362 0
1922 -0.81713312311309072 -0.50863737018381749 0
1923 -0.81669266713643252 -0.49869299776745951 0
1924 -0.1085802325207296 -0.88059280962266528 0
1925 -0.90423210454524927 -0.33039850262277959 0
1926 -0.90466491865398191 -0.34033103944265147 0
1927 -0.89627874441956323 -0.34567130889045639 0
1928 -0.90379195039415428 -0.3204666182032313 0
1929 -0.078385579147805029 -0.96076412030150105 0
1930 -0.086647547366127703 -0.9554342255428423 0
1931 -0.94752855439185446 -0.1907560763330208 0
1932 -0.94698409627398317 -0.18141453355235551 0
1933 0.90069250276860635 -0.34744653769180472 0
1934 0.90110552603000382 -0.33750205157051449 0
1935 -0.29139155415538393 -0.91649170685454873 0
1936 -0.2997781323032066 -0.91112519861573793 0
1937 -0.28300805490687791 -0.92185735740999664 0
1938 -0.2061268015996022 -0.9403576521135022 0
1939 -0.19774552513339949 -0.94572573521722758 0
1940 -0.21450867082967659 -0.93498799226800045 0
1941 0.18917053786368451 -0.86792043410340791 0
1942 0.19798388371807979 -0.86326870123144928 0
1943 0.18036682242295299 -0.87257337278366398 0
1944 -0.68931027360359798 -0.55917712812751708 0
1945 -0.69814447197236462 -0.55382586333363704 0
1946 -0.68142185061836646 -0.56456625811848948 0
1947 -0.061343646367820262 -0.96155762139722611 0
1948 -0.052590842721319371 -0.95703451779932436 0
1949 0.63955056340042782 -0.61111199697988239 0
1950 0.64837330584964847 -0.60648192906303977 0
1951 -0.91261513181897724 -0.32505982585235849 0
1952 -0.91217882260088978 -0.31513082043862822 0
1953 0.81379699004307748 -0.35340236172565909 0
1954 0.33783358359853222 -0.81877148886894613 0
1955 0.32900940234826409 -0.82342208193020916 0
1956 0.62150992356747614 -0.63036598283857626 0
1957 -0.87130865740210406 -0.14154407209144201 0
1958 -0.87906380339470103 -0.13651204611913001 0
1959 -0.87098092273801353 -0.1323696089620065 0
1960 -0.87864846960269194 -0.12745518773441639 0
1961 -0.57407205979648435 -0.67417109698259836 0
1962 -0.58247582843500367 -0.66879761051848252 0
1963 -0.2197393127370299 -0.85983710228816013 0
1964 -0.21130702651769831 -0.86529749146138535 0
1965 0.86250838585221734 -0.43560089279429981 0
1966 -0.73844319289829108 -0.48719193901514762 0
1967 -0.73888606296724602 -0.49715680117570149 0
1968 -0.73003451402609809 -0.49255781949655131 0
1969 -0.73047869212068117 -0.50252120555195012 0
1970 -0.75218307173873167 -0.60127753436890075 0
1971 -0.72021086005918655 -0.64283688926405125 0
1972 -0.71156662010460159 -0.64802093140658623 0
1973 0.13417164181423449 -0.95530016637501503 0
1974 0.1257859852165073 -0.94999740172466862 0
1975 -0.6616350152660978 -0.70011830590239765 0
1976 -0.65324982488476113 -0.70548045969540463 0
1977 0.67090963648237845 -0.69212265613743829 0
1978 -0.84951723718458561 -0.25362504842647088 0
1979 -0.82552427585072252 -0.50328354300968825 0
1980 -0.82508859608064677 -0.49333089170527578 0
1981 -0.32177605890516547 -0.82533022263380373 0
1982 -0.33029596595594968 -0.82013886090791099 0
1983 -0.33905478902524389 -0.8245755578669286 0
1984 -0.17675650919152 -0.86700931787915236 0
1985 0.90029205645007826 -0.1386162061465597 0
1986 0.89263385902236536 -0.13353823504379769 0
1987 0.90798277977376696 -0.14339922847648351 0
1988 -0.74640940826106039 -0.47186270163579969 0
1989 -0.7548154922042003 -0.46650475071570863 0
1990 0.58160451795445267 -0.76838795966740181 0
1991 0.57279862103950152 -0.77302785292700149 0
1992 -0.81757257939750194 -0.51858114379723452 0
1993 0.78633497178805012 -0.39757795292959708 0
1994 0.78593405831821728 -0.40753156303501059 0
1995 0.79558257803451315 -0.38299182517339481 0
1996 -0.7866652641984353 -0.40527023523690708 0
1997 -0.78710119401781875 -0.41523360352893107 0
1998 0.077388734118727875 -0.87911535465010238 0
1999 0.068705265206672861 -0.88368134998697967 0
2000 0.065788963988853144 -0.96202781649625924 0
2001 0.074504960590707756 -0.95744885374359978 0
2002 0.63487842928613425 -0.73057983851944841 0
2003 0.62607182511157444 -0.73521762530976531 0
2004 -0.1548901958746538 -0.95260478366396584 0
2005 -0.14607151053916001 -0.94803984525814811 0
2006 -0.21496774447001349 -0.94493080367210625 0
2007 -0.2233548922224699 -0.93956275491121222 0
2008 -0.099821392170270501 -0.87610203012573096 0
2009 0.85287527210641279 -0.46011376910701018 0
2010 0.84405999038218171 -0.46473456226017329 0
2011 0.67972056136046266 -0.68748406441720078 0
2012 0.68011047240474998 -0.67753832583880336 0
2013 0.1253952348574521 -0.95992143059840251 0
2014 0.117002747750037 -0.95463640031944397 0
2015 0.77025664401553784 -0.58140963183697625 0
2016 0.77065491622302718 -0.57146363246226417 0
2017 -0.2961450828339629 -0.83148600731594713 0
2018 0.70287613446271335 -0.53882067890955043 0
2019 0.7117071285158707 -0.53418124074947404 0
2020 -0.79464013359763364 -0.38994913822701122 0
2021 -0.80305219546347995 -0.38459079919066869 0
2022 0.73379559524500204 -0.62980234366200472 0
2023 0.73418975641075934 -0.61985650380030122 0
2024 0.59467467906508309 -0.65423462371564933 0
2025 0.5855455548057541 -0.65908175614020026 0
2026 -0.86528313842744864 -0.42668612344576001 0
2027 -0.86488503298039099 -0.41680106514554088 0
2028 0.74261036462197272 -0.62516387991364608 0
2029 -0.87063897252061695 -0.1232880299377591 0
2030 -0.87823046627842027 -0.1185627131863847 0
2031 -0.93443870356444436 -0.24973198765887569 0
2032 -0.92619446728302179 -0.25503953013963648 0
2033 0.814475389442056 -0.34386056795922548 0
2034 -0.049495852876634543 -0.87957810363948141 0
2035 -0.041157573403432408 -0.88440227636957847 0
2036 0.86666877724211622 -0.17371070270587749 0
2037 0.86629802993973959 -0.1832935155740493 0
2038 0.76104736907007031 -0.59598546893452231 0
2039 -0.091577381790807211 -0.88143104283132323 0
2040 -0.1173570714991384 -0.88509005710280308 0
2041 -0.11688028731366951 -0.8752244234764559 0
2042 -0.1716546055661444 -0.94191728676124031 0
2043 0.75223236256436965 -0.60061951586273088 0
2044 -0.74379489816469513 -0.60663668636453516 0
2045 -0.77648707047223753 -0.56527782119736536 0
2046 0.86292543815818856 -0.42564002147974139 0
2047 -0.80917268752733096 -0.52395103694816991 0
2048 0.87339187096617721 -0.3812194646037097 0
2049 0.881800713812667 -0.38654837467190128 0
2050 -0.59449423144532132 -0.74307274311677318 0
2051 -0.59494699989635069 -0.75301754774360075 0
2052 -0.64441152388589529 -0.70089969716814837 0
2053 -0.64484789491775385 -0.71085965222170788 0
2054 0.31749731284898641 -0.89777149883536911 0
2055 0.32591976545743512 -0.90307806589407558 0
2056 -0.70235198691670897 -0.6434255536583422 0
2057 -0.70281315535927114 -0.65336697218839501 0
2058 0.89269912567753229 -0.33217114816562249 0
2059 0.90151973126441587 -0.32755795814938288 0
2060 -0.33872233249021227 -0.81479953758254786 0
2061 -0.34746545908746113 -0.81921253334016209 0
2062 -0.34674484432576869 -0.80882784768235183 0
2063 -0.35580866486174623 -0.81374020882561338 0
2064 -0.35507563165379907 -0.80333677790455171 0
2065 -0.36419224760680191 -0.80832966533583017 0
2066 0.67404997412612588 -0.61248985522754174 0
2067 0.67444262490147744 -0.60253055669653743 0
2068 -0.1856565990940594 -0.87150475868261768 0
2069 0.81360863346666412 -0.36371826955308167 0
2070 0.62035947440122885 -0.66023380489665029 0
2071 0.83255163787678543 -0.32468014036212639 0
2072 0.82412890141439799 -0.31933687238142011 0
2073 0.16930412121132479 -0.93679735886236903 0
2074 0.1777131620716412 -0.94209416602292007 0
2075 0.6034947798778727 -0.64959320264497022 0
2076 0.59505957089728856 -0.64426666266926758 0
2077 -0.57361925687319282 -0.66420569545640196 0
2078 0.95522796362142293 -0.154537149027592 0
2079 0.95545255127882833 -0.14553856719423111 0
2080 0.95495448613521905 -0.16364030604902349 0
2081 0.040045047097210379 -0.96591526751807955 0
2082 0.031763899050744823 -0.96058897382273145 0
2083 -0.84980228417737469 -0.26331167390762 0
2084 0.1026800064985993 -0.88491382284792697 0
2085 -0.86549787458151184 -0.436310767349259 0
2086 -0.84099509064750766 -0.2587091748208637 0
2087 0.56805830397364987 -0.67762076768447632 0
2088 0.55904146858450954 -0.6826804284640815 0
2089 0.5586242201388445 -0.6927143563614202 0
2090 -0.86534149126483606 -0.21358397947640401 0
2091 -0.85687876631235471 -0.2094283566423 0
2092 -0.93301652895618781 -0.22029360372708129 0
2093 0.103255483918029 -0.87543270955666252 0
2094 0.55031436922486288 -0.68764363185143362 0
2095 0.54982084322505487 -0.69741302728713939 0
2096 -0.79420516591306223 -0.37998517979385099 0
2097 -0.80261862171089071 -0.37462573235132268 0
2098 0.72459231569755522 -0.64438046144065564 0
2099 0.71577785263272209 -0.6490179046795409 0
2100 -0.58202478872169361 -0.65883103561083123 0
2101 0.7790681358122683 -0.57678065644495269 0
2102 0.7794664345056046 -0.56683641376949268 0
2103 -0.61216890147040337 -0.75223337308000637 0
2104 0.67645366143937857 -0.56380730505388998 0
2105 0.67563902411893439 -0.57276910970549055 0
2106 0.68404213321515273 -0.57801889069121604 0
2107 -0.94806211185909472 -0.20025816986168271 0
2108 -0.06568555782957318 -0.87850216225692379 0
2109 -0.1465266870906072 -0.95795475728161206 0
2110 -0.13771402247370901 -0.95338973110120995 0
2111 -0.78531993602889916 -0.56986389982499563 0
2112 -0.1637132350043764 -0.95718225812057689 0
2113 0.1807355025727598 -0.86261407059150064 0
2114 0.1719279423096883 -0.86726883093700979 0
2115 0.86841551341205392 -0.14585541484801801 0
2116 0.86867385286399768 -0.1365934842871869 0
2117 -0.21114933041623851 -0.85581002220194291 0
2118 0.70285690086877362 -0.52865992085376479 0
2119 0.71203571932835685 -0.52418198178919806 0
2120 0.72052662524063449 -0.52953692856720691 0
2121 0.72092308564168539 -0.519569794242563 0
2122 -0.66208641496259757 -0.71006026838622693 0
2123 -0.86412951514504122 -0.155422166107684 0
2124 0.1289213651592877 -0.87109113837216701 0
2125 -0.90509757441036554 -0.35026467604670969 0
2126 -0.89671347809758495 -0.35560549298325073 0
2127 0.1723442262002805 -0.85739013990633062 0
2128 -0.052905342570246178 -0.96715307679074303 0
2129 -0.044129628839297268 -0.96266607002646376 0
2130 -0.04381997831933649 -0.95256199385945672 0
2131 -0.035517952585366608 -0.9578781239326688 0
2132 0.16353666597712291 -0.86205978141063 0
2133 -0.1856990937194741 -0.86230902723667147 0
2134 0.68852904689698602 -0.68284839412216769 0
2135 0.6889196332945613 -0.67290393381852232 0
2136 0.82454176040453631 -0.30937214338332591 0
2137 -0.95612482297151646 -0.1950799264643959 0
2138 -0.64883016610876099 -0.59619625346881433 0
2139 0.7878784651246511 -0.57215269628328858 0
2140 0.78827767757596923 -0.56220877037305272 0
2141 0.77986473540005263 -0.55689225625439687 0
2142 0.78867685225489437 -0.55226434536426416 0
2143 -0.035450132954286409 -0.96787109678688821 0
2144 -0.02707327807483784 -0.96304804122506005 0
2145 -0.026782514687787959 -0.95327835227849778 0
2146 -0.018475350147735579 -0.95856827027946845 0
2147 -0.71198269864992958 -0.65793273688597831 0
2148 -0.70325339560771083 -0.66331462265396357 0
2149 -0.69436631854741226 -0.65872631731933606 0
2150 -0.69478698018330454 -0.66867506877002714 0
2151 -0.88768755735749538 -0.1501704522074615 0
2152 0.94794170427496538 -0.14112935468676069 0
2153 0.95585959739809367 -0.13693520864179909 0
2154 -0.79377020763760697 -0.37001949565625192 0
2155 -0.80218450089630911 -0.36466109689142628 0
2156 -0.81103149561602017 -0.36926711351217162 0
2157 -0.81059812041299684 -0.35930374454127478 0
2158 -0.018832463000748909 -0.96829375592523814 0
2159 -0.010176444115083141 -0.96385891562339232 0
2160 -0.009770788448377709 -0.95403119383234225 0
2161 -0.001462230906138406 -0.95933055953286606 0
2162 -0.68876206944141716 -0.54920880422193197 0
2163 -0.69766846117755876 -0.54385805660538367 0
2164 -0.71208626221326077 -0.66789547486604628 0
2165 0.80490835440770336 -0.3579457358838925 0
2166 -0.94179834672375995 -0.22479376343381011 0
2167 0.31672845616651712 -0.91766290618415358 0
2168 -0.001889753847778976 -0.96917867403276192 0
2169 0.0067822077104876827 -0.96460818638271051 0
2170 0.007232198839311344 -0.95477446952428136 0
2171 0.17733299885362169 -0.95202206660659128 0
2172 0.18612091347712911 -0.94739647505978664 0
2173 -0.8498468380436246 -0.46728583735132678 0
2174 -0.84145098211340996 -0.47264495872101631 0
2175 -0.83262516001732712 -0.46804417207217908 0
2176 -0.8736670100095707 -0.42132471540322908 0
2177 -0.87327469645304068 -0.41144996943400819 0
2178 -0.8644565852895274 -0.40686841687805297 0
2179 -0.87284869269656229 -0.40152079494890658 0
2180 -0.88209975326914791 -0.4160436722350318 0
2181 0.90992452835795889 -0.33288846069686417 0
2182 0.91033938166068684 -0.32294544710735062 0
2183 -0.16668563090974201 -0.86115844322292612 0
2184 0.64368391067004549 -0.72594345747037192 0
2185 -0.3002313972013021 -0.92106814596533104 0
2186 -0.30861372100111878 -0.91570440822187038 0
2187 -0.62055576490082121 -0.74686872234068968 0
2188 -0.08714872409907104 -0.96529441411450112 0
2189 -0.095386458712951538 -0.95995217030317614 0
2190 -0.83328237804755489 -0.2837031786145181 0
2191 -0.82528679043977893 -0.28900768613666028 0
2192 -0.82537431744721002 -0.29894310619986608 0
2193 -0.93487724379214709 -0.25960039709535643 0
2194 -0.92661694170730446 -0.26488616004198079 0
2195 0.03144338920966145 -0.97042732445591606 0
2196 -0.87028073008777673 -0.1142797083802424 0
2197 -0.87768708551482755 -0.10954738314230859 0
2198 -0.86991940540368828 -0.10528737375471039 0
2199 -0.87727290960508431 -0.1005821825700529 0
2200 -0.86952427137785171 -0.096309414551705136 0
2201 -0.87746856189832689 -0.091888537237755377 0
2202 0.70367072527735008 -0.51888445338538391 0
2203 0.58121830708208411 -0.77833374813457523 0
2204 0.5724134852976539 -0.78297348576924952 0
2205 -0.21956155579835179 -0.85023301760821801 0
2206 -0.88640486761630177 -0.1227349632418811 0
2207 0.074123027842058001 -0.96729686259990277 0
2208 0.082855385159179756 -0.96269979906681635 0
2209 0.96356351033493093 -0.14130242036569651 0
2210 0.96352273822001433 -0.13225539383652801 0
2211 -0.14232978295154911 -0.86855168923737758 0
2212 -0.752628813957954 -0.61122093869859773 0
2213 0.85813559779603976 -0.17811826829412339 0
2214 0.85613995434233481 -0.18925933778269691 0
2215 0.86570020322913133 -0.19321744979565339 0
2216 0.8585050785826891 -0.19800103138534561 0
2217 0.54150777242208448 -0.69235353747113371 0
2218 0.54099939419341203 -0.70208368642421681 0
2219 0.53255441142439264 -0.69677039211810643 0
2220 0.53214773146965666 -0.70670124037375903 0
2221 0.54058089803934672 -0.71200314629094974 0
2222 0.53175280161822824 -0.71665485903275217 0
2223 0.5234591954026413 -0.71161521591967791 0
2224 0.52294975067465033 -0.72134951509885581 0
2225 0.51466007640815048 -0.71631679271974691 0
2226 0.51413220524912573 -0.72601606068568847 0
2227 0.50595764214359029 -0.72120201016774033 0
2228 0.50532810397112826 -0.73070865161681253 0
2229 0.49715560706238299 -0.72589886503794721 0
2230 0.49650942459467529 -0.73537429694156486 0
2231 0.48806985884495002 -0.73005801326448894 0
2232 0.48764110621401691 -0.73994576290308933 0
2233 0.50616117748396372 -0.71150449081333411 0
2234 -0.77830619644683097 -0.41062762168745121 0
2235 -0.77875244495344298 -0.42059254206839719 0
2236 -0.77782492345826793 -0.40066458373928748 0
2237 0.64331910757006239 -0.73595821194024102 0
2238 -0.93538406525895468 -0.26947955004849311 0
2239 -0.92711887600428178 -0.27471578450454659 0
2240 0.95563676465003888 -0.12750115808993079 0
2241 0.96416902986953057 -0.1230626499028027 0
2242 0.92441556947390069 -0.15338104785693249 0
2243 0.92561619713595167 -0.14618146627405379 0
2244 0.47924968312922422 -0.7346160014720301 0
2245 0.47886641657530149 -0.74457024602755917 0
2246 0.3079225823200355 -0.92230285238006471 0
2247 -0.76102147487221306 -0.60585458106814305 0
2248 -0.8889708573890438 -0.17858279228026311 0
2249 0.87715202383825619 -0.1324727205086435 0
2250 0.86916489699999699 -0.12739344897956589 0
2251 0.87762810091485255 -0.1232514818678046 0
2252 0.86951272619009301 -0.1180240248952641 0
2253 0.87775318882559472 -0.1142688346990571 0
2254 0.87001629737876318 -0.1089089315013671 0
2255 0.87805207191004953 -0.1056890634134451 0
2256 0.870930644727129 -0.1002496578329202 0
2257 0.87962262472592323 -0.096373478815764468 0
2258 0.87178775014021581 -0.09166698587712499 0
2259 0.87940252292322729 -0.087017634059810681 0
2260 0.88537982499248236 -0.11927146462429281 0
2261 0.67932834363646943 -0.69742846924721325 0
2262 0.67052467879945121 -0.70206400352257936 0
2263 -0.65648880093335416 -0.58063292540178524 0
2264 -0.36373392559100892 -0.7983567602259718 0
2265 -0.3726491590045431 -0.80303765314704179 0
2266 -0.67046593177147984 -0.70468724494451263 0
2267 0.93141956991266073 -0.14059628829988649 0
2268 0.87192944456290999 -0.083362313091721291 0
2269 0.88002468208406315 -0.078447490021506194 0
2270 0.87217173866506492 -0.074337268599839995 0
2271 0.88056380380175947 -0.069547349300924613 0
2272 0.88810694908497745 -0.074288111727997153 0
2273 0.88859594385491192 -0.065414096697557045 0
2274 0.88119349641889877 -0.060417892394304749 0
2275 0.88925767290942614 -0.056434708064960683 0
2276 0.88174459524149795 -0.051366265655500142 0
2277 0.88991794670945146 -0.047383593571969418 0
2278 0.89745194494097469 -0.05240447966109444 0
2279 0.89810128540999279 -0.043452702761909753 0
2280 0.9056205939741846 -0.048451595891808842 0
2281 0.90624261579772836 -0.039515020736976693 0
2282 0.91376810278488529 -0.044600326656437227 0
2283 0.89059027717571704 -0.038276833331178872 0
2284 0.91438357590957065 -0.035585531169812459 0
2285 0.92193796135217254 -0.040697590059109341 0
2286 0.91317887188275071 -0.053211233638496482 0
2287 0.90694829669723953 -0.030838015550447379 0
2288 0.92255596241023796 -0.03161673588752166 0
2289 0.9300365893950191 -0.036792562245583582 0
2290 0.92942653561796562 -0.045780241406739343 0
2291 0.93747128268463475 -0.041918676359376433 0
2292 0.93686932113217325 -0.050905201135750089 0
2293 0.94487004254247209 -0.046970699987937473 0
2294 0.9442840009943545 -0.056149303136127371 0
2295 0.95225621868589128 -0.052096509482679298 0
2296 0.95297713656716776 -0.043038738381311302 0
2297 0.96043448488163652 -0.048178647518640122 0
2298 0.9596911168617086 -0.057333062508420268 0
2299 0.96121996014520317 -0.039038743568073193 0
2300 0.95360517748357876 -0.03383645669191046 0
2301 0.96796186741550427 -0.053377501177337978 0
2302 0.96714221548227686 -0.062502967965561443 0
2303 0.9589448287008111 -0.066397497490538027 0
2304 0.96616960371756178 -0.071255891755598336 0
2305 0.93065150091291993 -0.02763563564382468 0
2306 0.97554347596377311 -0.058641852034724107 0
2307 0.96197137118002618 -0.0297653600166588 0
2308 0.96969515184329258 -0.03506513273456148 0
2309 0.92876433454113949 -0.054642816792488169 0
2310 0.97046811939640565 -0.025732791744094891 0
2311 -0.83391500109775185 -0.49792976155845708 0
2312 0.59002367721622972 -0.77369581843104562 0
2313 0.14256414847237101 -0.9606022391036565 0
2314 0.065394570414602504 -0.97188211009437242 0
2315 0.116620359822556 -0.96454317464583594 0
2316 0.10827618289494161 -0.9590887064078546 0
2317 0.1086703788376608 -0.94917128443978749 0
2318 -0.8625657132808372 -0.119072966044309 0
2319 -0.075036037888651014 -0.89228032578023564 0
2320 -0.72171848355737156 -0.49807162952187911 0
2321 -0.72206753325669348 -0.50789194982468633 0
2322 0.90847229295578436 -0.1202489900497445 0
2323 0.89895927168474099 -0.1056548422388935 0
2324 -0.91708349090933861 -0.074149842169001501 0
2325 -0.90969918021995788 -0.070079294154895388 0
2326 -0.91648745031047929 -0.065675253522840954 0
2327 -0.90903319364864721 -0.061826416993499972 0
2328 -0.91598314364786892 -0.057138934025259387 0
2329 -0.90837934811008325 -0.053361032723581281 0
2330 -0.90126679357922301 -0.058173988582608457 0
2331 -0.90061696169145389 -0.049511149257205227 0
2332 -0.91550640405083927 -0.048541618346025883 0
2333 -0.92313054703478337 -0.05241588475322613 0
2334 -0.89331325516254467 -0.054505794091411659 0
2335 -0.8926872859660675 -0.04553646500275195 0
2336 -0.92279519949921529 -0.043799062859862209 0
2337 -0.93051585821443761 -0.047690494353718582 0
2338 -0.91537398586451557 -0.039780088095153057 0
2339 -0.9031895131329073 -0.074559140251986303 0
2340 -0.93016404749965453 -0.038913889093741022 0
2341 -0.93806067633855073 -0.0428336154769118 0
2342 -0.93812506077851021 -0.051864668360888301 0
2343 -0.94595194731124344 -0.046914167057925019 0
2344 -0.94609662942306871 -0.05596183997425095 0
2345 -0.95389724123714159 -0.050989008556915988 0
2346 -0.95434734729509785 -0.059922254963000153 0
2347 -0.95341791541226506 -0.041961286695446187 0
2348 -0.96192174434325606 -0.055050893646035631 0
2349 -0.96237705076364333 -0.064045331980177159 0
2350 -0.88524036703260589 -0.050639169001306668 0
2351 -0.88596166780936469 -0.059653136425412992 0
2352 -0.88450730969795766 -0.041579019212932361 0
2353 -0.89212891901388058 -0.036419721002497282 0
2354 -0.96960002957539682 -0.059154827731807462 0
2355 -0.93758221651140672 -0.033837889925669079 0
2356 -0.96949486484021929 -0.050018565001765908 0
2357 -0.88387318872451814 -0.032467021674763258 0
2358 -0.87775547436109902 -0.055770430448251453 0
2359 -0.87855025232318396 -0.06483449369352963 0
2360 -0.94694193766298396 -0.064676127065286693 0
2361 -0.92979945443278533 -0.029844109813874749 0
2362 -0.87019869388373305 -0.060998701893590107 0
2363 -0.97104847953787088 -0.068439460361155349 0
2364 -0.96309843823022601 -0.072698176346911017 0
2365 -0.97075744696222332 -0.077549096310459642 0
2366 -0.96312374506987297 -0.082287701295940263 0
2367 -0.87611369888268908 -0.037614258575659747 0
2368 0.91832100905730574 -0.074173065324682125 0
2369 0.90417600428751332 -0.082805188432687596 0
2370 -0.89857686114528623 -0.1037173674507111 0
2371 0.86062673520816468 -0.1218986094697615 0
2372 0.94305626413220167 -0.079443403373038929 0
2373 0.95146042598368974 -0.096282058973907306 0
2374 0.95790843923600744 -0.1000000000138295 0
2375 0.95855368713469491 -0.091876193603273759 0
2376 0.96556045298387128 -0.096471842709845879 0
2377 0.96512649312816756 -0.1047071187326227 0
2378 -0.061777598712214651 -0.97145955578770726 0
2379 -0.95149676684751872 -0.096126693746007047 0
2380 -0.95790469441888548 -0.099999999986166113 0
2381 -0.95872942232489522 -0.1082614340365029 0
2382 -0.96594455548619351 -0.103117809237596 0
2383 -0.96640826305644545 -0.11199219451471649 0
2384 -0.95936995570570072 -0.1170908598498635 0
2385 -0.96709286351900225 -0.12076985852395419 0
2386 -0.95990810363887702 -0.12608345975826821 0
2387 0.91843687443972766 -0.32826353242872608 0
2388 0.91910609730878268 -0.31833227188940089 0
2389 0.91074711108261219 -0.31300295490756008 0
2390 0.91950358312306302 -0.30838929338891607 0
2391 0.91115825120328886 -0.30306009991374111 0
2392 0.91991586768045308 -0.29844602524120178 0
2393 0.91157210742456107 -0.29311618499953668 0
2394 0.92039095690887796 -0.28850528544970577 0
2395 0.92888589217199657 -0.29409784653798599 0
2396 0.92943743398012946 -0.2840689828988795 0
2397 0.920856448175564 -0.27859358235666271 0
2398 0.92967938134274086 -0.27399077357058871 0
2399 0.92122864526948489 -0.2686373129543479 0
2400 0.93005725486941737 -0.26402904825710349 0
2401 0.92163534592294605 -0.25869715310827862 0
2402 0.93045531648227842 -0.25409407040900522 0
2403 0.92204870877719491 -0.2487458729889917 0
2404 0.93085830140585113 -0.24417348994318169 0
2405 0.92250439905148396 -0.2388626987666434 0
2406 0.93130143004622612 -0.2342875041597183 0
2407 0.93963127585257633 -0.2395854831119559 0
2408 0.94003912584317062 -0.22970921248948839 0
2409 0.9317384470147807 -0.22443595691836479 0
2410 0.94042181830580607 -0.21990457852707659 0
2411 0.93215714634191049 -0.21467501897303309 0
2412 0.94079021990959089 -0.21016141593245249 0
2413 0.92352715650104233 -0.2191777816628046 0
2414 0.92394381772504008 -0.20946679596835999 0
2415 0.91317668705448019 -0.25329355320893299 0
2416 0.94906402885877261 -0.2153498639204007 0
2417 0.94939224096598318 -0.20563232908707549 0
2418 -0.62100444464353255 -0.75681122831142189 0
2419 -0.041470149010747998 -0.89389772035148307 0
2420 -0.032906010444906909 -0.88942648593593243 0
2421 -0.032986301399968852 -0.87962925074576948 0
2422 -0.024545484765293561 -0.88464044572264378 0
2423 -0.024782850159711049 -0.89454014419100436 0
2424 -0.016210541172746951 -0.8900541280543256 0
2425 -0.015932289941881891 -0.88014262386429165 0
2426 -0.0076447149692339088 -0.88558329200388086 0
2427 -0.0072250013353769684 -0.87596598348837029 0
2428 0.0009326286695030073 -0.88120795273419039 0
2429 0.00053011973616057207 -0.89080711014625957 0
2430 0.0090716637650411231 -0.88637932851928281 0
2431 0.0094846880336106401 -0.87675429819643214 0
2432 0.017611743416341839 -0.88191885291509742 0
2433 0.017207317245248849 -0.89155333351993771 0
2434 0.025757800429718519 -0.88708232778206919 0
2435 0.018008862617357721 -0.87230409870820902 0
2436 -0.14327495469457879 -0.88854381613173428 0
2437 -0.13726534134268831 -0.94346396225823193 0
2438 -0.12891967837562579 -0.9488144596469047 0
2439 -0.12936985808368259 -0.95872674345094189 0
2440 -0.1205970262707947 -0.954127023425138 0
2441 -0.1210632004535163 -0.96395559075776938 0
2442 0.48724950726421529 -0.74988311159279963 0
2443 0.87350450632688104 -0.055700933452494508 0
2444 0.87414296347444664 -0.04588805807587143 0
2445 -0.74423686611906192 -0.61658471952283911 0
2446 -0.7353936337982907 -0.61201284528618161 0
2447 -0.77693181155105506 -0.57521985662317054 0
2448 -0.76809892819017511 -0.57063399423495631 0
2449 0.51372362452729836 -0.73594052222370787 0
2450 0.025358663983783031 -0.89673084334848263 0
2451 0.033919367950430879 -0.89224847925663431 0
2452 0.034313401709304997 -0.88260265356717738 0
2453 0.04253227752992278 -0.88773855059566176 0
2454 0.043092933179529391 -0.87804043865206083 0
2455 0.86375143184750836 -0.4057325444696292 0
2456 0.8721603444616417 -0.41106013896975269 0
2457 0.88097765364396274 -0.40644164924794313 0
2458 -0.79238244503071098 -0.53467497527218644 0
2459 -0.8012149667580083 -0.53926485316789785 0
2460 -0.80165677727473406 -0.5492077371868993 0
2461 0.28264813426189322 -0.90638870687220907 0
2462 0.28226998073344961 -0.91633632411720134 0
2463 -0.66912456213452864 -0.67486373097274721 0
2464 -0.67796169494853187 -0.67944736399041328 0
2465 -0.61920582445941674 -0.71703229823767844 0
2466 -0.62804415499100241 -0.72161527689592631 0
2467 -0.2741659994457829 -0.91728147024044415 0
2468 -0.27461756786405389 -0.92722600313334591 0
2469 -0.2834623647612875 -0.93179980100791504 0
2470 0.36198265374840483 -0.86459198105892021 0
2471 0.3704103843335137 -0.86990142755649658 0
2472 0.36160029315362369 -0.87454442081954264 0
2473 0.37002526548142611 -0.87985183738639994 0
2474 0.37883382665496351 -0.87521056479273573 0
2475 0.36121695903080048 -0.88449402367744301 0
2476 0.37844910047816038 -0.88515941454190816 0
2477 0.38731354633899628 -0.88042731463323121 0
2478 0.56399391497627949 -0.777667856860498 0
2479 0.56360914603441814 -0.78761324473815364 0
2480 -0.58610873656417373 -0.74843789044493936 0
2481 -0.58656245367170501 -0.75838226510470874 0
2482 -0.59539952855987488 -0.76296102394749632 0
2483 -0.5870157778655356 -0.76832523389449758 0
2484 -0.57817927523945145 -0.76374828747276724 0
2485 -0.57863249733181121 -0.77368995818070263 0
2486 -0.56979589597402436 -0.76911315661694124 0
2487 -0.57024907169383432 -0.77905482842849927 0
2488 -0.56141306208299668 -0.77447913440444049 0
2489 -0.56186559781034107 -0.78441997533192132 0
2490 -0.55302790910924082 -0.77984159726163071 0
2491 -0.55348153529035982 -0.78978514814783551 0
2492 -0.54464537140481473 -0.78520898780858772 0
2493 -0.5450996829547633 -0.79515453338844211 0
2494 -0.53626248705378721 -0.79057601425019164 0
2495 -0.53671658038024261 -0.80052001885021806 0
2496 -0.52787587739828989 -0.79593668113606808 0
2497 -0.52833055070880763 -0.80588233832610534 0
2498 -0.51949407335213471 -0.80130573096800517 0
2499 -0.51994725053104573 -0.81125187615334271 0
2500 -0.51111118374424547 -0.80667341235829837 0
2501 -0.51156290175205643 -0.81661433662194538 0
2502 -0.50272530027839246 -0.81203517958269755 0
2503 -0.50317834088131175 -0.82197623794797092 0
2504 -0.49434288793564413 -0.81740283559315152 0
2505 -0.49479444129065497 -0.8273412247409202 0
2506 -0.48595969647815268 -0.82276920951157995 0
2507 -0.48641057833054763 -0.83270647072892245 0
2508 -0.47757592761941209 -0.82813455665951885 0
2509 -0.4780266899136088 -0.83807151914390632 0
2510 -0.4691925757489247 -0.83350032115186057 0
2511 -0.46964295517153798 -0.84343654210733876 0
2512 -0.46080899093565419 -0.83886543093469756 0
2513 -0.46125813879522981 -0.84880050145596386 0
2514 -0.45242573976420519 -0.84423088744471708 0
2515 -0.45287602529855953 -0.85416604619202752 0
2516 -0.44403971347797488 -0.8495915134755514 0
2517 -0.44449125093088199 -0.85952974702462304 0
2518 -0.43565904088379298 -0.85496001167006475 0
2519 -0.43610810575943032 -0.86489415895136401 0
2520 -0.4272771267567877 -0.86032604749393515 0
2521 -0.42772676623482753 -0.87025942256154365 0
2522 -0.41889146429000401 -0.86568566926837487 0
2523 -0.53716893936230925 -0.81047505895390848 0
2524 -0.56231887553001414 -0.79436194283407868 0
2525 -0.5120148693258475 -0.82655658973808577 0
2526 -0.41934258768383897 -0.87562240456953366 0
2527 -0.41051189624571949 -0.87105411094543472 0
2528 -0.41096137646312259 -0.88098717412196159 0
2529 -0.40213091846610488 -0.87641957955944794 0
2530 -0.40257971446912211 -0.88635120806265033 0
2531 -0.39374947836973367 -0.88178370854308163 0
2532 -0.40158361457744768 -0.86652170026859943 0
2533 -0.42674311419903371 -0.85042303407973097 0
2534 -0.48546113849513239 -0.81285147530920654 0
2535 -0.51062297699024428 -0.7967491533613108 0
2536 -0.53578386929202326 -0.78064586132792835 0
2537 -0.56094475215640005 -0.7645446957211004 0
2538 -0.68593810381345488 -0.66410582195133183 0
2539 -0.67841003363199281 -0.68939177411075092 0
2540 -0.68679587376610507 -0.68403056461373191 0
2541 -0.62849420857926053 -0.73156023242393142 0
2542 -0.63687984474901627 -0.72619789688582614 0
2543 -0.63748863508473952 -0.73638984396165175 0
2544 0.29069320055497982 -0.92164046238416164 0
2545 0.28188868432825981 -0.92628150847399593 0
2546 0.27346707746174409 -0.92097927228410437 0
2547 0.27308581070019339 -0.93092270029693547 0
2548 0.26466513870642627 -0.92562101928768259 0
2549 0.26428371418797703 -0.93556364640941381 0
2550 0.25586337371861789 -0.93026245813372255 0
2551 0.25623654303448989 -0.9203205777595912 0
2552 0.2474414894452808 -0.92496262348479685 0
2553 0.2470623517889696 -0.93490424877435263 0
2554 0.23864229605437809 -0.92960355242805415 0
2555 0.238467409193483 -0.9399346265730113 0
2556 0.22987506105304961 -0.93430971698614584 0
2557 0.2297074839528522 -0.94465110370170802 0
2558 0.22109013364036989 -0.93897575487474771 0
2559 0.22071271753273811 -0.94891907840647438 0
2560 0.21224619122499569 -0.94352821734168801 0
2561 0.2126336133097575 -0.93360395791564121 0
2562 0.23900926357412219 -0.91965947021292593 0
2563 0.20380610752282299 -0.93822125571223725 0
2564 0.20340267563486239 -0.94813539898985122 0
2565 0.20420458448646411 -0.92829499839357987 0
2566 -0.8577224099695423 -0.45199690267687109 0
2567 0.1631483076628106 -0.87194936976712856 0
2568 -0.63600694824984327 -0.70628039303392165 0
2569 -0.71771146436453681 -0.60284198845245818 0
2570 0.38765385707851352 -0.87055464559568962 0
2571 0.39607423653460999 -0.87586252276778664 0
2572 0.3957456577244976 -0.88571543015597554 0
2573 0.40449557898409177 -0.88116607414642045 0
2574 0.40487051044045491 -0.87124104043587058 0
2575 0.41329027610978558 -0.87654625246403806 0
2576 0.41367546950756301 -0.86660523439826387 0
2577 0.42209384631640662 -0.87191244914804122 0
2578 0.42248141689483593 -0.86196997705508904 0
2579 0.4308989146631701 -0.86727700107513606 0
2580 0.43128691588285878 -0.85733270127213035 0
2581 0.4397053826921713 -0.86263937575109439 0
2582 0.44009343330764272 -0.85269636108026126 0
2583 0.44851082928479219 -0.8580030991469082 0
2584 0.44890011732461188 -0.84806065647593876 0
2585 0.45731751939577298 -0.85336491338308984 0
2586 0.45770552888719679 -0.84342184105978069 0
2587 0.46612331083745739 -0.84872775613475315 0
2588 0.46651239986462301 -0.8387862990516366 0
2589 0.47492957407439862 -0.84409043852960897 0
2590 0.4753191419459033 -0.83415044322775955 0
2591 0.48373552793608249 -0.8394532241011915 0
2592 0.4841239148238855 -0.82951102924500297 0
2593 0.49254139978109629 -0.83481604067387993 0
2594 0.49293099301701843 -0.82487628964326909 0
2595 0.5010782856948518 -0.82966915483386183 0
2596 0.5016926418226908 -0.82015569446727676 0
2597 0.50983205023338329 -0.82493300832142391 0
2598 0.51048535341422019 -0.81549426012221726 0
2599 0.51889512817155681 -0.82078596100850043 0
2600 0.51932854364832015 -0.81092933146195501 0
2601 0.52774908969868262 -0.81624323226191031 0
2602 0.52815040757718479 -0.80632404190615548 0
2603 0.53656528363005118 -0.81162717830903264 0
2604 0.53695818948612861 -0.80169329641239506 0
2605 0.45692894680433083 -0.86330921972321439 0
2606 0.43051024225574752 -0.87722079969346756 0
2607 0.51975047938632091 -0.80100437078311604 0
2608 0.49332879948714647 -0.81491381093466631 0
2609 0.46693155491174532 -0.82882268212309174 0
2610 0.44050186160292359 -0.84273922843695559 0
2611 0.41407234965262779 -0.85665447420039742 0
2612 -0.3562953119133308 -0.82375884722138482 0
2613 -0.18844216134040201 -0.93121085644777057 0
2614 0.32630396421252578 -0.89313173524362344 0
2615 0.3347251503446943 -0.89843889373098762 0
2616 0.33434077028293291 -0.90838393490686764 0
2617 0.34314799338823271 -0.90374537510018815 0
2618 0.34276232586986072 -0.91368895872367584 0
2619 0.3435315051582345 -0.89380067773931404 0
2620 0.35196126012933959 -0.89910493779082157 0
2621 -0.7508486673068786 -0.57143407735911911 0
2622 -0.24807461083544169 -0.91349979564601425 0
2623 -0.25692525551377582 -0.91807625563757145 0
2624 -0.24853308236745519 -0.92344713637143505 0
2625 -0.25737426452757772 -0.92802445383964649 0
2626 -0.24899100072730479 -0.93339083356200803 0
2627 0.87422341567105533 -0.36130584984348851 0
2628 -0.86402377227267713 -0.39692856271360932 0
2629 -0.87241688191921218 -0.39158156076443562 0
2630 -0.8812426185171367 -0.39617643900359301 0
2631 -0.88080984437894871 -0.38623638098720398 0
2632 -0.88963444650782719 -0.39083050365172323 0
2633 -0.88920148159869672 -0.38089132132732029 0
2634 -0.88037720720741641 -0.37629693443577522 0
2635 0.74380600906991845 -0.59531454658872462 0
2636 -0.37219618587767528 -0.79307013247973668 0
2637 -0.38105949819114321 -0.79766935941105788 0
2638 -0.38061208313498418 -0.78770993384585053 0
2639 -0.38946696671890291 -0.79229492104002097 0
2640 -0.38151297556534369 -0.80763435627547564 0
2641 0.84609907333689938 -0.41499087981432858 0
2642 -0.79150754519472655 -0.51476324056087697 0
2643 -0.24014133917533911 -0.9288182306108036 0
2644 -0.2406010229982532 -0.9387618812067422 0
2645 -0.81944346341705776 -0.36391048573626938 0
2646 -0.81901107934953432 -0.35394684580227559 0
2647 -0.81049781779313079 -0.34932655059749068 0
2648 -0.81863297724972606 -0.34398405383458908 0
2649 -0.82743084395398747 -0.34858891267629938 0
2650 -0.8269990401691345 -0.33863119462873892 0
2651 -0.81846861504435664 -0.33401236243787458 0
2652 -0.82661232655587669 -0.32867119260897021 0
2653 -0.81808964640156701 -0.32405054732437011 0
2654 -0.83540643319204855 -0.33327796706249208 0
2655 0.35276497436278259 -0.87919734896319768 0
2656 -0.81626546684978862 -0.48871805711805172 0
2657 0.83565116631879166 -0.45941084190242332 0
2658 0.83524490665864626 -0.46935518935153647 0
2659 0.84365370742613544 -0.47467923136312462 0
2660 0.8348394370828679 -0.47929973875666693 0
2661 0.84324795703231126 -0.48462304971929632 0
2662 0.83443431933003887 -0.48924427797725711 0
2663 0.82602180304463535 -0.4839299210420297 0
2664 0.82562072797614849 -0.49386664357485732 0
2665 0.83402918295867379 -0.4991888843661581 0
2666 0.82521614588965031 -0.50380988042291597 0
2667 0.81680431059448833 -0.49850238502538829 0
2668 0.81640273997481183 -0.50843148312565412 0
2669 0.82481226613254277 -0.5137529779809783 0
2670 0.81599982309715591 -0.51837512907318639 0
2671 0.80759117841674355 -0.51305826457075732 0
2672 0.80717284325242222 -0.52302049755622626 0
2673 0.82440926752090915 -0.52369445956694993 0
2674 -0.092544591639896867 -0.90108373711372025 0
2675 0.68050154671257046 -0.66759284190221346 0
2676 0.6893105849184662 -0.66295860422111552 0
2677 0.69772818885886878 -0.66827012748021286 0
2678 0.69812135809032294 -0.6583229804281745 0
2679 0.7065459466320051 -0.66362622974910379 0
2680 0.72936870396252307 -0.52490465663534369 0
2681 0.72976573913252962 -0.51493674907661924 0
2682 0.7213326323577266 -0.50960778213427527 0
2683 0.73016697037886735 -0.50497011151456861 0
2684 0.72176783927667088 -0.49970587657615212 0
2685 0.73057265220104095 -0.49501377452461948 0
2686 0.73900069027938664 -0.50033429443776278 0
2687 0.73940077203454058 -0.49036804076672302 0
2688 0.74782989629048535 -0.49570595129782319 0
2689 0.74823130151898321 -0.48572960973183432 0
2690 0.73980038652741498 -0.48039911121517043 0
2691 0.74863327083759001 -0.47576142627944179 0
2692 0.74020038205180871 -0.47043040947097398 0
2693 0.74903417472176548 -0.46579364822657532 0
2694 0.75746626889248969 -0.47112446172352279 0
2695 0.75786767918827591 -0.46115754634375999 0
2696 0.76629764815698431 -0.46648922638208218 0
2697 0.76669976722937649 -0.45652286121145608 0
2698 0.75861408946424602 -0.45120463548582018 0
2699 0.76715984533484072 -0.44655825399897592 0
2700 0.77554112735742509 -0.45188996047946622 0
2701 0.7759464466633077 -0.44192312146885088 0
2702 0.76751654156190929 -0.43658948802523828 0
2703 0.7763496318349794 -0.43196879741499672 0
2704 0.76804217180913226 -0.42684789906969672 0
2705 0.032132818034618371 -0.9508091561370573 0
2706 0.78026716442555399 -0.54694203392527729 0
2707 0.78907705181805432 -0.54231907048701355 0
2708 0.79748906421944143 -0.54763704688992743 0
2709 -0.78755050197722176 -0.42519370956412572 0
2710 -0.77914032195652649 -0.43055925097486403 0
2711 -0.77046851315917075 -0.42600707467852561 0
2712 -0.77090359049540291 -0.4359241068728868 0
2713 -0.77960339653022326 -0.44052071627802719 0
2714 -0.77120106998480431 -0.44588635184737291 0
2715 -0.76301244041828609 -0.44118888417658803 0
2716 -0.76366308528789184 -0.4711162841893522 0
2717 0.55518958746913905 -0.78230781632192492 0
2718 0.55476533493144831 -0.79227875655511071 0
2719 0.5632178209609231 -0.79756133105680382 0
2720 0.5462753597251272 -0.78701942060611663 0
2721 -0.73182886705988492 -0.5323824936535102 0
2722 0.85988223086939697 -0.29089748989093012 0
2723 0.86029789233441356 -0.28093897070161422 0
2724 -0.69117848721470265 -0.5890731982913211 0
2725 -0.186132835780766 -0.88144644394708493 0
2726 0.79877520803145796 -0.51767812374959532 0
2727 -0.59087938545911423 -0.66342378828309667 0
2728 -0.59043026962460821 -0.65345716555448896 0
2729 -0.59928490866477935 -0.65804957719413981 0
2730 -0.59883581151818877 -0.64808359393066872 0
2731 -0.60769214668328142 -0.65267541353761072 0
2732 -0.60724129374915214 -0.64271020361879772 0
2733 0.55747946149080918 -0.7226003385242028 0
2734 -0.85932878725165018 -0.28758598580507239 0
2735 -0.88789779755566711 -0.35102248047456602 0
2736 -0.88668369376071399 -0.068656098558237177 0
2737 0.1376404108979504 -0.86608994958063346 0
2738 0.85146521688544063 -0.28555748273437742 0
2739 0.85188010070417342 -0.27559597510354727 0
2740 0.84304650027149963 -0.28021240816069382 0
2741 0.84346155696656777 -0.27025224785218033 0
2742 0.85229614302258638 -0.26563216610679569 0
2743 0.8440263170439144 -0.26057669554375018 0
2744 0.83503724090445397 -0.26491168364384932 0
2745 0.85273372677598713 -0.255717890889886 0
2746 0.84454891800185439 -0.25055328843622332 0
2747 0.85316546722370123 -0.24575597110442651 0
2748 0.84483773146003271 -0.24030036057102661 0
2749 0.85355831407480842 -0.23575281480359939 0
2750 0.84513170591304809 -0.23042405782919589 0
2751 0.8539590901904669 -0.2258372106700437 0
2752 0.86233621216161016 -0.23114622341667371 0
2753 0.86270156967938194 -0.22130688895152001 0
2754 -0.2458125818907517 -0.86371246117825051 0
2755 -0.2453431935121802 -0.85376648489150309 0
2756 -0.25419580331875918 -0.85835179871582912 0
2757 -0.25374356767595929 -0.84838886183469597 0
2758 -0.24493018161972371 -0.84379893861298116 0
2759 -0.25341856537801533 -0.83861407193206272 0
2760 -0.6160933947724534 -0.64730254737009174 0
2761 -0.61564641675576781 -0.63733749213591362 0
2762 0.8128394252297253 -0.38370275588601033 0
2763 -0.8745125791100492 -0.23752684352007969 0
2764 -0.73933092919177257 -0.50711861765013222 0
2765 -0.90198507483120616 -0.28080401683243661 0
2766 -0.1945193754696791 -0.87607394616778778 0
2767 0.8317331176179612 -0.34458306128541383 0
2768 0.042098265790403787 -0.89742468103873274 0
2769 0.05072300339927785 -0.89290858610223967 0
2770 0.20641478762164911 -0.86857763462964943 0
2771 0.2066527635222048 -0.8588504229439442 0
2772 0.19815318797035961 -0.85365524161316575 0
2773 0.21520321926911001 -0.86396817415306737 0
2774 0.21561919834107429 -0.85396509074980709 0
2775 0.224047464786018 -0.85928495027148299 0
2776 0.2246582461903753 -0.84932063419837711 0
2777 0.23289039323790969 -0.85464140071293038 0
2778 0.68326483125974358 -0.5979002090959058 0
2779 0.90276614142938161 -0.29772927561177848 0
2780 0.67521824889039483 -0.58265365908187006 0
2781 0.66686605458233772 -0.57750708715837051 0
2782 0.66640439398838069 -0.58731046140533005 0
2783 0.65795665255129532 -0.58199441077202807 0
2784 -0.26215972304003249 -0.84304699771321068 0
2785 -0.85483067586260097 -0.19938518128431909 0
2786 -0.68187857811242214 -0.57452713989101933 0
2787 0.62112711058002568 -0.64032921006341081 0
2788 -0.66468743122150076 -0.5752797527739415 0
2789 -0.12012542060321579 -0.94426714575239801 0
2790 0.60388434025820892 -0.63962758322987345 0
2791 0.62955364129259395 -0.64565149956860268 0
2792 0.1865154384678078 -0.93749338233879398 0
2793 0.53136983758315071 -0.72662087165802602 0
2794 0.40386519158409112 -0.89064447785608503 0
2795 0.90320257829162842 -0.074399071232792019 0
2796 0.4784090644323315 -0.75452506951768228 0
2797 0.46996875649631492 -0.74920839658185812 0
2798 0.46959009876266949 -0.75916649870012853 0
2799 0.46109887175757552 -0.75393075862708603 0
2800 0.46075271647501398 -0.76383775750299532 0
2801 0.45231039131742778 -0.7585242147340252 0
2802 0.45274010674660442 -0.74866399023044916 0
2803 0.14562717783350329 -0.88129060904087508 0
2804 0.083211530859716609 -0.95286453428321904 0
2805 0.45193958275015622 -0.76847114358113322 0
2806 0.44349422166303959 -0.76316218096168609 0
2807 0.44311765877579701 -0.77311757275005433 0
2808 0.43480546653003321 -0.76806781264859147 0
2809 0.43430829716902281 -0.77782221691675801 0
2810 0.42584383593825481 -0.77246511427987508 0
2811 -0.46868706862997678 -0.82358653673200377 0
2812 -0.45191317557171862 -0.83432105518734101 0
2813 0.78476570121144196 -0.43730149123889761 0
2814 0.42547194824251339 -0.78242669607168236 0
2815 0.41716650579614778 -0.77739225401341827 0
2816 0.41666914049301429 -0.78711650754506568 0
2817 0.40822366655518472 -0.7818191871660447 0
2818 0.40781937682676911 -0.79175041626273357 0
2819 0.39952502446204019 -0.78671551575492527 0
2820 0.40805428135411331 -0.77274661155608526 0
2821 0.39900321055273641 -0.79642394834911878 0
2822 0.39072233151896629 -0.79141137451465204 0
2823 0.39018325573178592 -0.80108650345290056 0
2824 0.38188060311042232 -0.79603192080435436 0
2825 0.38169250086491691 -0.78722196921015863 0
2826 -0.85856529808441628 -0.26786136229130841 0
2827 0.78517262318005743 -0.42736493812811133 0
2828 0.38135560001307472 -0.80573346257795075 0
2829 0.37305238288423609 -0.80067752961657668 0
2830 -0.82621851210214026 -0.31873981266418983 0
2831 -0.45320201983218988 -0.8639067979178181 0
2832 0.51786052699606022 -0.83120824839094565 0
2833 0.11933313773678191 -0.89524557427444496 0
2834 0.37250834063120097 -0.81034284859102323 0
2835 0.76093025578703055 -0.60628629096396081 0
2836 -0.8739971484684157 -0.21805381996362591 0
2837 -0.91795391723848641 -0.26027331647110319 0
2838 -0.49524740087324798 -0.83728249010299582 0
2839 0.63993855355830309 -0.60114976437849532 0
2840 0.63111215189422776 -0.60578863092053137 0
2841 0.36414127008739539 -0.80505751994322461 0
2842 0.87132501301679488 -0.43098202949152759 0
2843 -0.93144710999311486 -0.20111631359114571 0
2844 -0.1118350569337361 -0.94951401498207233 0
2845 0.8672236814247839 -0.16429986196430241 0
2846 -0.25785936876710619 -0.93790845456578498 0
2847 0.88056368156195663 -0.41639283752779588 0
2848 -0.85700052652093484 -0.21887690604470589 0
2849 -0.93167696783955223 -0.12583482966743709 0
2850 -0.93803784390918987 -0.130716282735725 0
2851 0.87091538947270175 -0.44092657416440562 0
2852 0.85481459497550794 -0.21614065699792839 0
2853 -0.22381313856382329 -0.94950357395827845 0
2854 -0.87940151052092119 -0.073818969362899833 0
2855 -0.88792374143420183 -0.078243266538974413 0
2856 -0.59846292641034249 -0.63831030764590768 0
2857 0.62189604877875759 -0.62039865368932223 0
2858 -0.7460510587067255 -0.46189405328229999 0
2859 -0.73755630401773198 -0.46726290474438059 0
2860 -0.47846865661057653 -0.84799398717987495 0
2861 0.095127240372783431 -0.8691706397625637 0
2862 -0.8742527188866841 -0.027609075242072789 0
2863 0.31622854547784351 -0.92760130765905546 0
2864 -0.97161592405479902 -0.086841658953115866 0
2865 0.32980656607694619 -0.81346922796693166 0
2866 0.32041644550062232 -0.81701403301304121 0
2867 0.32015989695016489 -0.82789055958729474 0
2868 0.3118977215613799 -0.82295260448397756 0
2869 0.3113814873427363 -0.83272649003146282 0
2870 0.30294657436277839 -0.82744215752837635 0
2871 0.30253307536342938 -0.83737874550798697 0
2872 0.29409703717012592 -0.83206742471329664 0
2873 0.29371089234454661 -0.84202814399190973 0
2874 0.28526898993954652 -0.83671437013175975 0
2875 0.28488693572777102 -0.84667744844095583 0
2876 0.27644385258809773 -0.84136556146455677 0
2877 0.27682685496182269 -0.83139722443884423 0
2878 0.26771067427230733 -0.83561523403752092 0
2879 0.26757297781936051 -0.84594202788293948 0
2880 0.2588297954779083 -0.8401834787556679 0
2881 0.25873152868686827 -0.85056802671475273 0
2882 0.2504211910268066 -0.84547830195276363 0
2883 0.24960873930118779 -0.83602677357301247 0
2884 0.25000472795826229 -0.85532793047798306 0
2885 0.33831216723007917 -0.80890815386841419 0
2886 -0.9209998792139158 -0.31972133487079679 0
2887 -0.92056680694555371 -0.30979235783359449 0
2888 -0.91175172260132242 -0.30520400110515422 0
2889 -0.92013552114652231 -0.29986750392541528 0
2890 -0.89162328537461877 -0.02729190231406841 0
2891 0.069109817193320169 -0.87399444087391065 0
2892 0.048370498259985843 -0.97118590131792848 0
2893 -0.30892088583538491 -0.92541561599662803 0
2894 -0.31742482342861061 -0.92024301066854219 0
2895 -0.316991915258446 -0.91033533518328413 0
2896 -0.32582661667998852 -0.91491083780846749 0
2897 -0.32537716885853701 -0.90497668158145639 0
2898 -0.33421287046755538 -0.90955368984759843 0
2899 -0.33376857734299331 -0.89961262562383137 0
2900 -0.34259764967323791 -0.90419251482229934 0
2901 -0.34304951458889699 -0.91413206497028021 0
2902 -0.35141864621570551 -0.9087706874437973 0
2903 -0.35097898315470571 -0.89883061191286329 0
2904 -0.35997832252893169 -0.903872982889801 0
2905 -0.35939087267963182 -0.89354804094959894 0
2906 -0.36834829261268182 -0.89844270865267306 0
2907 -0.3677787827425128 -0.88819086077810572 0
2908 -0.37660565199976559 -0.89269725662814414 0
2909 -0.3763113538010246 -0.88268087161623598 0
2910 0.54537312002398985 -0.80699443704780727 0
2911 0.96299001282739405 -0.15933307277581191 0
2912 -0.89975636098262424 -0.0313229908142411 0
2913 -0.87028198223266862 -0.087134745082561776 0
2914 0.29027537483505061 -0.93152056175787801 0
2915 0.96530788707003956 -0.087851566375579476 0
2916 0.18565884814335401 -0.9571632352951186 0
2917 -0.35454156413887961 -0.79293610435288531 0
2918 -0.28725502951074761 -0.82701552106349441 0
2919 -0.2786616326219975 -0.83192355137437679 0
2920 -0.83988475424506792 -0.24833320835309031 0
2921 -0.56521405498252186 -0.66958117608345835 0
2922 -0.7529016689623893 -0.62089341198827541 0
2923 -0.74467969245180277 -0.62644489340187248 0
2924 0.68448963793262252 -0.54746357467432727 0
2925 -0.091031810705628824 -0.87174350409258561 0
2926 -0.099132454664805109 -0.86680609451642321 0
2927 -0.68880938738979991 -0.53926049221536965 0
2928 -0.69734139817651641 -0.53389496520666335 0
2929 -0.70617134238106216 -0.53850084066163506 0
2930 -0.70574379725885006 -0.52853187740445451 0
2931 0.94800785719877179 -0.11349545723675079 0
2932 0.23363092807224359 -0.84331143708095591 0
2933 0.84885687432358925 -0.18259072922737529 0
2934 0.94117015579958507 -0.20046769274125831 0
2935 0.94968667227626524 -0.1959677442741973 0
2936 -0.81801006834681189 -0.52852897326393811 0
2937 0.61315820994931669 -0.62519075858415141 0
2938 0.81597156037081775 -0.31400809146200642 0
2939 0.81533841990546518 -0.32396117387102868 0
2940 0.95420010893418261 -0.0244713886045245 0
2941 0.47953328496888781 -0.72472432952585586 0
2942 -0.79365678398050288 -0.56442346601249394 0
2943 -0.795098679030533 -0.57570347851540937 0
2944 -0.078847471378694661 -0.97062461704756653 0
2945 0.77768253654084574 -0.40191447031089739 0
2946 0.90758857309199803 -0.15225717130949831 0
2947 0.69430513609583744 -0.53357195827866044 0
2948 -0.096010306927646186 -0.96966015117064563 0
2949 0.10808104306271531 -0.96840164598716139 0
2950 0.86562390105288856 -0.20270451886375851 0
2951 0.55105162220215931 -0.67808834098952975 0
2952 0.72239451743461514 -0.49026091657893278 0
2953 -0.93728281753778764 -0.024821204414146709 0
2954 -0.9451234869131091 -0.028849468798967659 0
2955 -0.15042398806631671 -0.86367955674977193 0
2956 -0.81757040552045634 -0.31412975797108172 0
2957 -0.80833101521671802 -0.3193743949821865 0
2958 0.97248720790162957 -0.1012780282568064 0
2959 -0.93989787535729086 -0.077576760568431394 0
2960 0.96245846010718616 -0.168558513907233 0
2961 0.95459698545709948 -0.17274616998897249 0
2962 -0.8100490788649205 -0.54384687513673713 0
2963 0.9301251342039476 -0.1260369100470666 0
2964 0.77844196608222327 -0.58671666053185278 0
2965 0.93865015377310101 -0.25940165122011111 0
2966 0.082192820845006939 -0.97255820920367608 0
2967 -0.64552650250028709 -0.73083084315140745 0
2968 -0.82637415179787177 -0.52317187166044132 0
2969 0.91534560555597722 -0.21394830044501531 0
2970 0.06057226618047639 -0.87848657032096722 0
2971 -0.2783880904106722 -0.82155846925789944 0
2972 -0.32149228023895349 -0.81394125972349374 0
2973 -0.31295506262652101 -0.82050417486889249 0
2974 -0.38912337404176062 -0.78255294162440292 0
2975 -0.39784450653201342 -0.78703580558100872 0
2976 0.54495816375364414 -0.81697818082228602 0
2977 -0.3939482288200572 -0.8915400003095898 0
2978 -0.78593034815772089 -0.38555837183761249 0
2979 0.43513746482259352 -0.75887329619214905 0
2980 0.0065530483576019304 -0.97426082085175092 0
2981 0.86349084652632957 -0.095370509877151871 0
2982 -0.57902622173039342 -0.78353922693237155 0
2983 0.7779065743538921 -0.39223791710170047 0
2984 0.95810893313957168 -0.074886259688489221 0
2985 -0.97637417808986959 -0.054545828664033409 0
2986 0.70610356225080428 -0.67349865776298601 0
2987 -0.42791674648366651 -0.87978689750864991 0
2988 0.30427754094880211 -0.81858893949194267 0
2989 0.80621773218142356 -0.31894881632914251 0
2990 -0.90541565751289177 -0.36002017110257822 0
2991 -0.91378371950435089 -0.35464833616548092 0
2992 -0.94274135452895058 -0.2446896513339922 0
2993 -0.89163020209469768 -0.099911320382171889 0
2994 -0.89204217072010483 -0.091793722938234373 0
2995 -0.89142468625287352 -0.10829642075331281 0
2996 -0.96772369851019868 -0.1295772293051638 0
2997 -0.96041919287108357 -0.13484317191932921 0
2998 -0.96812990012581179 -0.13869416526618039 0
2999 -0.96085287305747547 -0.14380732815060571 0
3000 -0.95278916089553767 -0.13987358357200191 0
3001 -0.95320693701278914 -0.14888247773789831 0
3002 -0.96147645075846344 -0.1529778033980784 0
3003 -0.95373819616825073 -0.1580525900744581 0
3004 -0.9620566543133281 -0.16229193038977391 0
3005 -0.94549188504353199 -0.15388701652677411 0
3006 -0.94597202645523204 -0.16302948863153399 0
3007 -0.016520509523571539 -0.89974872137452655 0
3008 0.36442498629427922 -0.79556737278533518 0
3009 0.35563936436555182 -0.79972767471695605 0
3010 0.87115464194633152 -0.2265711149987556 0
3011 0.94806275577948951 -0.23498593385909561 0
3012 0.068185666878685727 -0.89348398208541902 0
3013 -0.90178750276219055 -0.123212497202774 0
3014 0.98559237308173642 -0.00787875289297435 0
3015 -0.98431861465661197 -0.0093057875767944623 0
3016 -0.082840830631618956 -0.87701956575028694 0
3017 0.7979024018483678 -0.53767260814159068 0
3018 0.80630201497875176 -0.5430083977211223 0
3019 0.78949518097812565 -0.53234334895463464 0
3020 -0.83347878243013473 -0.48798153416204881 0
3021 0.90318542102164945 -0.28777255144876079 0
3022 0.86154456959346848 -0.45548529403363203 0
3023 0.86111143854794625 -0.46542987187418938 0
3024 -0.89713243904334528 -0.36553429605421672 0
3025 0.7518773321824429 -0.61062993293723455 0
3026 0.12658610896013309 -0.93013865202102619 0
3027 0.117817922273686 -0.93477741525645242 0
3028 -0.91131324412118486 -0.29528187851355447 0
3029 0.76589520377840592 -0.47646779773279541 0
3030 0.88221548735899247 -0.37659737636848722 0
3031 0.89062231297540129 -0.38192580921461039 0
3032 0.89020715522181038 -0.3918759647286042 0
3033 -0.86359335612096599 -0.3869809715281004 0
3034 -0.89453950675758009 -0.3059492754322457 0
3035 0.89311403456459004 -0.32222410570646748 0
3036 0.74742427046149629 -0.50568083265257791 0
3037 0.61764838407049205 -0.72991209074146512 0
3038 0.61726555977139985 -0.73985614723354765 0
3039 0.62564091693700585 -0.74507975078220201 0
3040 0.61687234188752005 -0.749785719305883 0
3041 0.60845502396487605 -0.74449622599856347 0
3042 0.60807449535487712 -0.75443700636166944 0
3043 0.82683137830694109 -0.46403426898228739 0
3044 0.6536722698047176 -0.69145372102723202 0
3045 -0.2228909428606054 -0.92962126313679194 0
3046 0.70734888585022127 -0.64371605413085509 0
3047 0.59120072104357468 -0.74384334664945784 0
3048 0.91241594889263911 -0.27322982704134552 0
3049 -0.31672316919033711 -0.93037278830170644 0
3050 0.680893645333567 -0.6576433489842497 0
3051 -0.30772091726137302 -0.89580614798203517 0
3052 -0.81987668224173904 -0.37387246169341698 0
3053 -0.72610835313462518 -0.5974771562561173 0
3054 -0.83174991502449014 -0.44815622917191789 0
3055 0.82763801881478127 -0.44414319263014151 0
3056 0.72896377458335881 -0.53487665374062998 0
3057 -0.58565202360845214 -0.73849189586035613 0
3058 -0.63556589119014162 -0.69632072011535318 0
3059 0.31788330385980901 -0.88782075529899285 0
3060 0.8842902075522 -0.3268362521360002 0
3061 -0.85562974506884804 -0.40226974246132469 0
3062 -0.6855012995377755 -0.65414122043970002 0
3063 0.61635100153532818 -0.75947075807814679 0
3064 0.60754763410035983 -0.76410757264806151 0
3065 -0.35052602834174051 -0.88888853982196125 0
3066 -0.616532039680594 -0.65727671802171783 0
3067 0.17120648622685861 -0.88717899245073228 0
3068 0.77145223801268914 -0.55156952017293981 0
3069 -0.21222410286464061 -0.88523168570334931 0
3070 0.55786225532377332 -0.71264500344280979 0
3071 -0.80479557881308694 -0.42442344111632002 0
3072 0.80279317551340423 -0.41819601068199358 0
3073 -0.94556675187288786 -0.12749376100756299 0
3074 -0.27187897663627097 -0.86752764122723158 0
3075 -0.71547891100745054 -0.55306393354809291 0
3076 -0.73138460515709758 -0.52243006695531169 0
3077 0.36352991107132637 -0.8247571536634033 0
3078 -0.56657980127073704 -0.69946635182813477 0
3079 -0.55772301997721607 -0.6948798243204557 0
3080 -0.5573799899209585 -0.68509126578040302 0
3081 -0.54910095621099642 -0.69066051288201769 0
3082 -0.54795157702088326 -0.68065491198211348 0
3083 -0.54935955959521143 -0.70031751586553193 0
3084 -0.54072484227755058 -0.69607957731655623 0
3085 -0.54096852047526311 -0.70571049762490046 0
3086 -0.53211074757616039 -0.70112679104305375 0
3087 -0.53253193843413171 -0.71103532696493021 0
3088 -0.52366641319590335 -0.70644015541766481 0
3089 -0.52411135754680627 -0.71639015769590197 0
3090 -0.5152529145962399 -0.71180294211895989 0
3091 -0.51570820534659156 -0.72176325357294613 0
3092 -0.50633312641574835 -0.71711182900695924 0
3093 -0.5072161682223616 -0.72713237241711115 0
3094 -0.49773859346925581 -0.72264990996994183 0
3095 -0.49876861780442611 -0.73252973859768766 0
3096 -0.49003823772740579 -0.72793204172736925 0
3097 -0.49047442936124291 -0.73789467206936143 0
3098 -0.48108734895706268 -0.73339843967831331 0
3099 -0.48199430995285392 -0.74329041448004152 0
3100 -0.47215810279824272 -0.73864046642408843 0
3101 -0.4734936522791714 -0.74864133558256274 0
3102 -0.46419335723049582 -0.74390096496014224 0
3103 -0.46514647228566169 -0.75399490669133151 0
3104 -0.45683585672115218 -0.74938368263623656 0
3105 -0.45692225069419989 -0.75939298756272655 0
3106 -0.44742632290226347 -0.75322625936279586 0
3107 -0.44838504581824212 -0.76450947629168331 0
3108 -0.438943099339211 -0.75965193389601526 0
3109 -0.43994547932046019 -0.77001805173871074 0
3110 -0.43107607418018468 -0.76545912373137881 0
3111 -0.43165302705710318 -0.77552739550550609 0
3112 -0.42278021590977471 -0.77093013131655641 0
3113 -0.42325810008544601 -0.78090264786316121 0
3114 -0.41442670886412719 -0.77632124569347294 0
3115 -0.41487223359964298 -0.78629357171891368 0
3116 -0.50522670960071514 -0.70714241707350567 0
3117 -0.4799264604295766 -0.72362408250516808 0
3118 -0.41420957816408982 -0.76677088264078563 0
3119 -0.68278329134645466 -0.5944371843527525 0
3120 0.84097457160219025 -0.33001972315623651 0
3121 -0.64963789419581408 -0.62586432833428929 0
3122 -0.64078371475434825 -0.62127523061094347 0
3123 -0.64033231347592956 -0.61131345729227815 0
3124 -0.63211407811658282 -0.61697676938354118 0
3125 -0.63118965282359507 -0.60684117178894703 0
3126 -0.63242852381736381 -0.6266935978065824 0
3127 -0.62372080996262769 -0.62235374301719237 0
3128 -0.50775128323298002 -0.73710111054047855 0
3129 0.60233522351659008 -0.67947738635657373 0
3130 -0.30590357359758019 -0.85599752997791168 0
3131 0.57549368932681277 -0.70336147774611257 0
3132 0.66562225286549626 -0.60717438787192157 0
3133 0.66523235802048242 -0.61712931459124509 0
3134 -0.33993400804670948 -0.84446902414551983 0
3135 -0.48254297288250209 -0.75324288863988365 0
3136 0.21298664971878739 -0.92365685122495234 0
3137 -0.45737213763738632 -0.76929892338944106 0
3138 0.80585206688560718 -0.55286025466421329 0
3139 -0.20261358500470711 -0.86099185373450138 0
3140 -0.20284804819062771 -0.85054417765401102 0
3141 0.73819101713021618 -0.52028290718770276 0
3142 -0.31383425976412083 -0.84066741333470252 0
3143 0.58511081715161262 -0.67871610901368662 0
3144 -0.72299124801730719 -0.52778515760732692 0
3145 -0.39827715940371522 -0.79695792193310555 0
3146 0.79917258048813278 -0.50774061458950692 0
3147 -0.78001445358064148 -0.45048217155976589 0
3148 0.80476086959529347 -0.36831514637094948 0
3149 0.7963266615978648 -0.36297536571130101 0
3150 0.75665629386900835 -0.49107360427245511 0
3151 0.2324677495498802 -0.86460262509709274 0
3152 0.486875258800263 -0.75982833637701819 0
3153 -0.12566199270552991 -0.87973967334843317 0
3154 -0.12612251965302471 -0.88956822361026977 0
3155 -0.12520416383725949 -0.86984568625823722 0
3156 0.178477152935274 -0.9222714042596496 0
3157 0.46043560386523419 -0.77376257912248136 0
3158 0.43393986731503809 -0.78773318697332351 0
3159 -0.62449713296049558 -0.64193517900462838 0
3160 0.40742422230653919 -0.80170456254323352 0
3161 0.91152252097893638 -0.069955781827656882 0
3162 0.90419752262947573 -0.065831718605791054 0
3163 -0.77161939528010426 -0.45583723439698121 0
3164 0.65757195368526566 -0.59192516384190585 0
3165 0.64912364697865566 -0.58659735720374528 0
3166 -0.75437880084433029 -0.45653123320709088 0
3167 -0.64613712592374006 -0.74118587168533479 0
3168 -0.094415790481336817 -0.94033167373920157 0
3169 -0.45596511041767912 -0.73947390453769979 0
3170 -0.85016665928601276 -0.27313263396467569 0
3171 0.075178051273347549 -0.93783259387442985 0
3172 -0.40596755142200469 -0.77179043742649012 0
3173 -0.84213733680934122 -0.49231423153794351 0
3174 0.01680282600912367 -0.90118761181604523 0
3175 0.11142810991370281 -0.88032726102688985 0
3176 0.1124810788325783 -0.86941105508160121 0
3177 0.64826642657316669 -0.57597470644312421 0
3178 -0.86178644070154364 -0.091601390472977023 0
3179 0.77746438613221303 -0.41199365481313333 0
3180 0.91979748684996598 -0.065832949233877044 0
3181 0.1547511042006493 -0.8667537530848467 0
3182 0.24668173011656441 -0.94484580991876843 0
3183 -0.75427422781687459 -0.62989367274308583 0
3184 -0.90887945540907844 -0.24588694130773001 0
3185 0.95556441713983498 -0.11287649309624211 0
3186 -0.84834039274820028 -0.21519459773578331 0
3187 -0.84863362846503998 -0.2241615339021398 0
3188 -0.91953996304422481 -0.28992872588799962 0
3189 -0.92840379150819274 -0.29450548496881268 0
3190 -0.72171237751904638 -0.4889589170985465 0
3191 -0.10419027108202129 -0.96447917761221169 0
3192 0.90109160143134459 -0.1219075841808506 0
3193 -0.85009788056693347 -0.47697298348340539 0
3194 -0.85873733558601084 -0.47166989656371372 0
3195 0.091589029987814832 -0.95809914493677151 0
3196 0.091922377494526142 -0.94824148461853253 0
3197 0.90792629044083983 -0.13474554244306089 0
3198 -0.91026847068830663 -0.27547573195087688 0
3199 -0.0016484239276135649 -0.97819533934225311 0
3200 0.89208528725309821 -0.1002284051038855 0
3201 0.71486857940895621 -0.66892329123399041 0
3202 -0.59572202270684405 -0.77270040909954618 0
3203 -0.94092715728428156 -0.21500397178035849 0
3204 -0.95004255215811206 -0.2195116236966333 0
3205 -0.94938747961015768 -0.07651603608622462 0
3206 0.83526410471418644 -0.23412965660041979 0
3207 0.7237279672686221 -0.65437699309529329 0
3208 0.73384154217933228 -0.65136077370522372 0
3209 -0.2957265702350691 -0.82193406551124071 0
3210 -0.56476094635455421 -0.65961289073735296 0
3211 0.97607200406980144 -0.0494432140556164 0
3212 0.02341895404705174 -0.95537366712321614 0
3213 0.02398935754418734 -0.94552183335596474 0
3214 0.034895169205271137 -0.87326318356949173 0
3215 0.043583853817657281 -0.86869701132426969 0
3216 0.015084952394700431 -0.96986487179262881 0
3217 0.01474895020507601 -0.97978833331454041 0
3218 0.92755878854621865 -0.32366446085447598 0
3219 -0.86330098223788365 -0.13724133963992771 0
3220 0.88902360604505859 -0.4117554287925157 0
3221 0.077707218866579358 -0.86971335813936057 0
3222 -0.88964956464170197 -0.40079059860494132 0
3223 0.87393869786329337 -0.19781746734156039 0
3224 -0.60399231482548943 -0.76716084854808098 0
3225 -0.90062144726211191 -0.087101199624044917 0
3226 0.94596449545854 -0.028678781783890651 0
3227 0.73955524478351464 -0.46074653619557371 0
3228 0.73118219206500989 -0.46571099710877228 0
3229 -0.69722378152339548 -0.52416092868185449 0
3230 -0.70534969865507791 -0.51861241810699032 0
3231 0.33374895549140088 -0.91793794292753184 0
3232 0.59563926258562749 -0.63467249792265357 0
3233 0.97014285176116344 -0.16482995099100209 0
3234 -0.81048776632644259 -0.55379342606617454 0
3235 -0.92073445068370807 -0.32972947473618208 0
3236 -0.69648458104070921 -0.51423752294040426 0
3237 -0.9503482761690264 -0.22950670931629349 0
3238 -0.38075755993670313 -0.77820828839780065 0
3239 -0.89952772072728315 -0.02229637904692347 0
3240 -0.90761976449864301 -0.02623307798133272 0
3241 -0.9071838382927927 -0.016780948099284331 0
3242 -0.91536037975867091 -0.021028635273125901 0
3243 0.97193083820366843 -0.1101207085477586 0
3244 0.93731892397699124 -0.12965537787701431 0
3245 0.35519061184504069 -0.79023806015109077 0
3246 -0.93572561536999399 -0.27892809741593722 0
3247 -0.24496566419645779 -0.83297389248458598 0
3248 -0.27481818036259298 -0.93678469373026196 0
3249 -0.97652330037703816 -0.044967927374149487 0
3250 -0.96894085679071762 -0.04068811800221462 0
3251 -0.9763727574149097 -0.035495734117019589 0
3252 -0.96830112956301395 -0.03119746681421293 0
3253 -0.97595288990023987 -0.02594083618907855 0
3254 -0.94579840862812647 -0.11772266102626661 0
3255 -0.83402050723868726 -0.50780727890291066 0
3256 0.89143400884399193 -0.091716182670747382 0
3257 0.47436650588235718 -0.85370345006727988 0
3258 0.76929960543678633 -0.60175086445843329 0
3259 -0.23653109112159171 -0.83951227058190725 0
3260 -0.2616921560783354 -0.83304335421189157 0
3261 0.75908385817175017 -0.43188833512049268 0
3262 0.75923027087811834 -0.42095018030100478 0
3263 0.95765532535910158 -0.2007908817513461 0
3264 0.95765083072462165 -0.19118556706511369 0
3265 0.94881938862713844 -0.18590316641920299 0
3266 0.34260508607423013 -0.92273861328713247 0
3267 0.95080216491707126 -0.069714637134057983 0
3268 0.79645033144925415 -0.56693603205396059 0
3269 0.79641867544222689 -0.57732897955380158 0
3270 -0.90549884301395356 -0.36964650594787057 0
3271 0.2244046331738152 -0.83949309513685832 0
3272 -0.43075235886003788 -0.75560657012388299 0
3273 0.92380688131878674 -0.022664518729041131 0
3274 0.71344198125336988 -0.50438548927553972 0
3275 0.49195479947748882 -0.84438410035997979 0
3276 0.97778943475470659 -0.031689620245614593 0
3277 -0.21506079347406939 -0.95437467985059321 0
3278 -0.22262478309655889 -0.95872589738873293 0
3279 0.7420038295228113 -0.63484378501130856 0
3280 0.75077312209134484 -0.63062222479408669 0
3281 0.12552373451543641 -0.96921912637088714 0
3282 -0.71362453744230914 -0.50390164145541538 0
3283 -0.68724561205308476 -0.69397214152420894 0
3284 -0.69550368973332088 -0.6884167298766708 0
3285 -0.92831021256676227 -0.32609736477729229 0
3286 -0.1166144061587429 -0.86569576189749298 0
3287 -0.33700251754327087 -0.80531602870155183 0
3288 -0.79240554361463555 -0.36069996901212048 0
3289 -0.78491910710932078 -0.36541323510186491 0
3290 -0.31174891600647531 -0.8109698107723301 0
3291 0.80782863791807769 -0.32982202943792999 0
3292 -0.83116263524386258 -0.25488254378040442 0
3293 -0.83254978329378504 -0.26401279134296662 0
3294 0.89133034359551366 -0.10709352832090881 0
3295 -0.41141362718311031 -0.89092606045390976 0
3296 -0.86964722946479922 -0.052223887052238412 0
3297 -0.89761340467942796 -0.38550326421668479 0
3298 0.1766503907150252 -0.96138794461003818 0
3299 0.32977841503155741 -0.80348294029872214 0
3300 -0.52433404735371347 -0.69631776489332431 0
3301 -0.86223823835543378 -0.058410218629910422 0
3302 0.86062184873360037 -0.14097448869044751 0
3303 0.8600182418114759 -0.1501551025294707 0
3304 -0.81652050688973643 -0.29281961637520643 0
3305 -0.97333330188052702 -0.1066411166045623 0
3306 -0.1295639400521631 -0.96819971515535563 0
3307 0.92504391081181159 -0.13278917939645149 0
3308 0.81425405327170763 -0.54818623103612873 0
3309 0.81460472789621519 -0.53830168709056814 0
3310 0.97915287497495962 -0.02171349802873512 0
3311 -0.9569246664846992 -0.20474078620647479 0
3312 0.98416561145264581 -0.054641755395322247 0
3313 0.96541514494029701 -0.19621782119888409 0
3314 0.96301613008688047 -0.17755211698825241 0
3315 -0.1247175670271565 -0.85991894986298845 0
3316 -0.1420538867137672 -0.85895385194988505 0
3317 -0.97282087446730126 -0.097335823412868325 0
3318 0.060314772773802192 -0.86930987793691594 0
3319 -0.30046191024450569 -0.93066044827801631 0
3320 -0.1214846358847021 -0.97347854834427783 0
3321 0.1808006601023554 -0.85317597208080598 0
3322 0.1720539556621557 -0.8481907869109867 0
3323 -0.93828004119099839 -0.069134778579471465 0
3324 -0.93040322297060518 -0.06568576662961538 0
3325 -0.93205062604850997 -0.13487796476995881 0
3326 -0.93882308293285421 -0.138258742242653 0
3327 -0.82485681732004756 -0.26078322855158742 0
3328 -0.37723703033732919 -0.90296922375429389 0
3329 0.85149453789837093 -0.47997847555013728 0
3330 -0.96793551563968416 -0.022059309689787809 0
3331 -0.96015537827831077 -0.027354848586289528 0
3332 -0.01539613718781852 -0.86979374639844098 0
3333 0.58717693247472225 -0.63884219259389718 0
3334 -0.97879796836401145 -0.081406653778879776 0
3335 0.93803806659795885 -0.27928584518469662 0
3336 -0.053380182836367293 -0.97779855075289679 0
3337 -0.74518568624771486 -0.45220510852497681 0
3338 -0.67250193013038506 -0.71583097610686619 0
3339 -0.66285570499321356 -0.72008527698454761 0
3340 -0.1056284211678684 -0.97565554202447402 0
3341 0.93204968857232695 -0.018951870204157641 0
3342 -0.68020795814053625 -0.54440666996443887 0
3343 -0.062274468687067562 -0.98128157397094551 0
3344 -0.046743787292012229 -0.98345573839668399 0
3345 -0.28391725398226408 -0.94173893797979957 0
3346 0.12872003976820659 -0.86009550766484466 0
3347 -0.86834072575807653 -0.034102642496305027 0
3348 0.79553161027209041 -0.35253326736882618 0
3349 -0.72124828955432863 -0.66301680821772369 0
3350 0.91784593467087172 -0.33819798736364892 0
3351 0.85071873065450865 -0.48933059240821569 0
3352 0.91433302083728041 -0.13937866320634729 0
3353 0.89850441865112907 -0.38682647340103049 0
3354 0.89943456684408385 -0.37731883306982961 0
3355 0.63142190418048738 -0.59533982777690142 0
3356 0.62267114050325811 -0.60046374745430287 0
3357 0.76044726973424848 -0.61618055727608878 0
3358 0.39489542367149072 -0.89507495932592596 0
3359 -0.082736258999640003 -0.867143579273572 0
3360 -0.0067777423190546063 -0.86642485797230973 0
3361 -0.021801122464993258 -0.86439872893402814 0
3362 -0.96524762056606739 -0.19849388372938531 0
3363 -0.96317072350173361 -0.1901470486536585 0
3364 0.22939041226611881 -0.95492424718515068 0
3365 0.2204480801303155 -0.95858385228748366 0
3366 0.97136050304745525 -0.12786693669891949 0
3367 0.81655797057944701 -0.30404589545652239 0
3368 0.82503051259265814 -0.29940584472130349 0
3369 0.8166577650764264 -0.29418755358279369 0
3370 0.82537416494264904 -0.28943071122432912 0
3371 -0.9290360976164489 -0.02063851318481924 0
3372 -0.74734180994531663 -0.63640246960515168 0
3373 0.94771136572854364 -0.24486127878285521 0
3374 -0.40544370638743121 -0.76143700603991871 0
3375 0.58146805152829772 -0.78993691197878324 0
3376 -0.58169407826077402 -0.64905249601314818 0
3377 -0.89428969701480765 -0.11754772784928209 0
3378 -0.72030585193112029 -0.67328595286818937 0
3379 -0.7302958876083453 -0.65826084200707646 0
3380 -0.71192415681202892 -0.67841979991749957 0
3381 -0.95861952080889212 -0.091636657634539612 0
3382 0.71357076168885192 -0.67909360172649791 0
3383 0.88002551190915812 -0.43651107192026628 0
3384 0.87881170388884489 -0.44676107538762327 0
3385 -0.94418495251407664 -0.27344364018421652 0
3386 -0.67122802086892741 -0.72542527311522931 0
3387 0.94576215031102939 -0.12755929666744989 0
3388 0.34659416639009327 -0.79467602061809717 0
3389 -0.82491541268571944 -0.27902846847125501 0
3390 -0.97576499929749083 -0.016267592230078221 0
3391 -0.60489070616470486 -0.77720785228622669 0
3392 -0.97512105012900063 -0.1253168976074876 0
3393 0.65217328488846427 -0.73160528670014946 0
3394 0.65250095014564202 -0.72136814185815767 0
3395 0.66090453687005024 -0.72661663833670909 0
3396 0.66129320404936687 -0.71667567836331403 0
3397 0.66907932248222712 -0.72175020530454304 0
3398 -0.8625539576841319 -0.066493633771329996 0
3399 0.15543976168107701 -0.85745813948489102 0
3400 0.8889727082392157 -0.42170984618463042 0
3401 -0.62947547700411033 -0.75157157964642196 0
3402 0.76906641474639348 -0.39686876020867468 0
3403 0.76878962900323 -0.38612391442726629 0
3404 0.91678935769363723 -0.1476661259622771 0
3405 0.27259605596353143 -0.94065928642612806 0
3406 0.26375998816720592 -0.9458067058755053 0
3407 0.81650938906021175 -0.28499055181582472 0
3408 0.82523627315620984 -0.27942565928704211 0
3409 0.82484701940068628 -0.26885055782623291 0
3410 -0.88229134829432232 -0.42624833707815868 0
3411 -0.89056807738826649 -0.42096050574993599 0
3412 -0.88166549598348665 -0.43593087339298298 0
3413 0.67969497048425365 -0.70882620714680922 0
3414 0.83826276439082226 -0.22544903280282219 0
3415 -0.82685364297182984 -0.53324643713316233 0
3416 -0.83472942291065166 -0.52703688556184614 0
3417 0.91568626904196793 -0.20428624610181159 0
3418 0.92400989235310382 -0.199682536572766 0
3419 -0.65502995341510439 -0.56927524352097247 0
3420 -0.66569228381277468 -0.56571311158031512 0
3421 -0.64707696787830948 -0.57693597763246185 0
3422 0.98302793144886769 -0.064327505875644175 0
3423 -0.76929477792273171 -0.40627369037915328 0
3424 -0.76896576580963905 -0.39605557151512472 0
3425 -0.76139191034474729 -0.41233196265426958 0
3426 -0.97001564831387266 -0.15707092186476221 0
3427 -0.96992266450095599 -0.1666075914685255 0
3428 -0.96256471078438555 -0.17161145705795031 0
3429 -0.95874639165038089 -0.21462265931843591 0
3430 0.26818887178913858 -0.82505911915216379 0
3431 0.27754043724443339 -0.82135651012820676 0
3432 -0.98056093066152394 -0.1010711227049715 0
3433 -0.93839278219895372 -0.060635168054881908 0
3434 0.81350562883111899 -0.55792525356156508 0
3435 -0.94488821559729774 -0.019468851496944248 0
3436 -0.95998691026336225 -0.017127139328174619 0
3437 0.47068466795736841 -0.72959576848423002 0
3438 0.30727443758544232 -0.9322473117991843 0
3439 0.89607167920911723 -0.078742492781145076 0
3440 0.31624178166343858 -0.93883510691839989 0
3441 0.83452984393968577 -0.5192593482714124 0
3442 0.83151099375758797 -0.52829424280040593 0
3443 0.61300319296313488 -0.61401320420053163 0
3444 0.85298744307816776 -0.1440880874237733 0
3445 0.85183649693623142 -0.1528811481659807 0
3446 0.94643021975314545 -0.01941941514143785 0
3447 0.95480098335628094 -0.01496644470348996 0
3448 0.90676252897557907 -0.20866553451988659 0
3449 0.85383908750532012 -0.096797641011325486 0
3450 0.89891274503271479 -0.39753337580206122 0
3451 0.85595024196579828 -0.0867237936077008 0
3452 0.35155647591080352 -0.91851634597467169 0
3453 0.050361581943043292 -0.90261565816582112 0
3454 0.91536075553277441 -0.15724864147656459 0
3455 0.90725799559200715 -0.16128236685354019 0
3456 -0.93779666022427255 -0.15883702790213561 0
3457 -0.93813645934758649 -0.16800198631274921 0
3458 -0.93667579613477514 -0.1506329950390799 0
3459 0.051771986508424878 -0.87353418801270799 0
3460 0.051757720450091117 -0.86460677948851317 0
3461 -0.9149804358437319 -0.010394744518327059 0
3462 0.85019147494219638 -0.17254256494529391 0
3463 0.92118566373160382 -0.04944384680183915 0
3464 0.65058857469530995 -0.74193860543395007 0
3465 0.64170622715997039 -0.74630539559366904 0
3466 0.0092733697074836568 -0.86606567274663637 0
3467 0.018318487342079252 -0.86415944277213219 0
3468 0.91522122799172489 -0.19439523258053321 0
3469 0.95159894475312679 -0.061260010601393841 0
3470 0.94352766800004528 -0.06462926363692402 0
3471 0.93630598037807977 -0.059706776488217081 0
3472 0.92808630628381328 -0.064222032030263013 0
3473 0.53398891087368183 -0.68663500419313384 0
3474 0.52498223214058115 -0.69061928296108566 0
3475 0.53615970727856466 -0.67812961589100762 0
3476 0.58827241222602789 -0.62728872655240941 0
3477 0.91489835992429369 -0.22361287678213129 0
3478 0.90706856207752795 -0.17066525701832139 0
3479 0.88496451332321224 -0.12836801200247161 0
3480 -0.88662382431367881 -0.1314926315330544 0
3481 -0.88715420284183377 -0.1406195793774348 0
3482 -0.89511012174410021 -0.14508229771038211 0
3483 -0.89756863935574938 -0.15452845068147711 0
3484 -0.89574689044081146 -0.13578024301507219 0
3485 -0.90360645489334679 -0.14799484137807359 0
3486 -0.89656658729796579 -0.1643740320568379 0
3487 -0.90476349575017556 -0.16929416837184391 0
3488 -0.68050786702929122 -0.53560633823560921 0
3489 -0.67063236649223212 -0.54810587036443503 0
3490 -0.67871303434989916 -0.55485727690486741 0
3491 0.78887146869450175 -0.3575252183434986 0
3492 0.78670376043489609 -0.36705281258383249 0
3493 0.79453856335261652 -0.34188165366163931 0
3494 0.80488329561895067 -0.34643862931300989 0
3495 -0.024961044875147841 -0.87323182487503592 0
3496 -0.033910684973850587 -0.87138218793320699 0
3497 0.072865290750882897 -0.85511774343681923 0
3498 -0.072593240458012007 -0.85556145470914335 0
3499 -0.067915501357957347 -0.86370867133036155 0
3500 -0.057666912836091128 -0.86545688317823499 0
3501 0.8986730451414624 -0.41583854022411249 0
3502 -0.38541396425118868 -0.89726376147787512 0
3503 -0.38676435985811097 -0.90660442917981343 0
3504 -0.36951174796664737 -0.90985504668852601 0
3505 -0.89121752079133887 -0.017209260651264761 0
3506 -0.2316280668935122 -0.95461048629417 0
3507 -0.63025848708705234 -0.7637640798123615 0
3508 -0.61969263493094995 -0.76696934255194393 0
3509 -0.85262457838485572 -0.1160926568614388 0
3510 -0.84910542591735372 -0.1262077616837903 0
3511 0.8511854673796545 -0.11573519014136439 0
3512 0.85979045134237786 -0.1117513898099079 0
3513 0.85070323675732384 -0.12734620858291271 0
3514 0.85591837154098394 -0.06566915679176584 0
3515 0.8567415558925402 -0.055442716620882279 0
3516 0.86479065404149247 -0.060467044399530802 0
3517 0.85789093081562728 -0.035182879581808581 0
3518 0.86665233638474037 -0.030415582941346671 0
3519 0.86747424115408078 -0.021301288762236699 0
3520 0.87540078786245901 -0.025965515835713299 0
3521 0.87475797012805423 -0.035937392453260823 0
3522 0.88316486508693226 -0.031703503371387109 0
3523 0.8838691546235623 -0.021333521186108321 0
3524 0.89200527392184814 -0.02645605258440225 0
3525 -0.72105302435495999 -0.6530592411174394 0
3526 -0.72992001903943626 -0.64837376953077541 0
3527 -0.73703816366272323 -0.65345996368809289 0
3528 -0.72887143718286795 -0.63790019446363599 0
3529 -0.87862833495740089 -0.083172351859946703 0
3530 0.88807569684166088 -0.083744435191422162 0
3531 -0.9437294582745186 -0.1446328292298289 0
3532 -0.84608647139914395 -0.14548693444937921 0
3533 -0.84450391813283376 -0.15528514827093851 0
3534 -0.85149068146068763 -0.16211084571972659 0
3535 -0.85006422828186201 -0.17162443458799359 0
3536 -0.85800508377602824 -0.16832940381730241 0
3537 -0.85478433661460296 -0.15249595691156251 0
3538 -0.84079153753631619 -0.1750018656363839 0
3539 -0.84849950310312283 -0.18159849900633121 0
3540 -0.83910370993290784 -0.18479440372146769 0
3541 -0.84684486405015202 -0.19143606521048651 0
3542 -0.84386370038804404 -0.20163817876881679 0
3543 -0.83381355444956151 -0.20482112428084689 0
3544 0.46999038825406841 -0.71970282466781443 0
3545 0.46175583916228352 -0.73480402732519656 0
3546 0.45257535273576682 -0.73003787610425752 0
3547 0.093372235018216079 -0.85343672939102544 0
3548 0.10275402608722239 -0.85244313023014595 0
3549 0.1085684415246251 -0.86049862110904585 0
3550 0.1181625609165004 -0.85943998307284497 0
3551 -0.092629040159531578 -0.85344501234199899 0
3552 0.44404122730039142 -0.73498856178648997 0
3553 0.86610725355314666 -0.040519506155926227 0
3554 0.051399920002930068 -0.88316592980058273 0
3555 0.059766509166566409 -0.88829887616893832 0
3556 -0.07336266541118043 -0.87178739640142378 0
3557 -0.91544985430046277 -0.030570519674956571 0
3558 0.84060449204468768 -0.1755972356995652 0
3559 -0.35182849651278031 -0.91864430596186097 0
3560 -0.34361753019638552 -0.92318047720429885 0
3561 0.88471864353431662 -0.13756150511872231 0
3562 -0.63840490987649301 -0.74709044955460158 0
3563 0.98676553046620807 -0.1029788177122177 0
3564 0.92352422428837999 -0.1624150468824849 0
3565 -0.95383374004528743 -0.06920758287918144 0
3566 -0.93456114183867822 -0.0079646651760415417 0
3567 0.93370008626221346 -0.0096624299993759901 0
3568 -0.88846422878404607 -0.15963920657507219 0
3569 0.98796301624255645 -0.083647957172527196 0
3570 0.9801910141135417 -0.078532936674440598 0
3571 0.8966329025412102 -0.061481736272423378 0
3572 0.55442278564910297 -0.80219585133655968 0
3573 -0.81824267095506897 -0.54928508920472052 0
3574 -0.85435134124311418 -0.085362654956104775 0
3575 -0.1022133573229691 -0.85200261078249917 0
3576 0.98426034845725552 -0.1217697119144715 0
3577 -0.043595153449780183 -0.9743729492723876 0
3578 -0.034685866822617477 -0.976544321861603 0
3579 -0.38515579953312468 -0.88719350428732491 0
3580 -0.38490611995697871 -0.87719542714902377 0
3581 -0.37591191935331719 -0.872681936476845 0
3582 0.6408596478744415 -0.58197960869986609 0
3583 0.93991749615656206 -0.14541415579186509 0
3584 -0.083326868402697082 -0.88678826248004239 0
3585 0.9805818164340474 -0.14227149807515929 0
3586 0.97217888054501078 -0.14597777773424331 0
3587 -0.98154389293851318 -0.14112258015380411 0
3588 0.87161754321599094 -0.21669171291073569 0
3589 -0.89387400541827366 -0.1267362514267015 0
3590 -0.85963471358409205 -0.01495876494868483 0
3591 -0.86700385198809105 -0.020378430958694019 0
3592 0.12238907326490479 -0.85038586123000592 0
3593 -0.88959334745925256 -0.18813328097969531 0
3594 -0.89760615874753058 -0.18305961843161919 0
3595 0.83380292916891052 -0.20472028283682939 0
3596 0.84433541891425534 -0.2027766694591383 0
3597 0.84102198868204359 -0.21183358293590651 0
3598 0.84572498059182544 -0.1921489163944016 0
3599 -0.88853372279240495 -0.169121205203492 0
3600 0.067858882048280098 -0.90328131635190401 0
3601 -0.87574326652886036 -0.018482827276778701 0
3602 -0.82886480916598648 -0.22427044664096871 0
3603 -0.83898349269134331 -0.2216011606048853 0
3604 -0.8357298133401172 -0.23149494333284371 0
3605 -0.82640347460129793 -0.23393156782618371 0
3606 -0.83352112160271741 -0.2409082192022034 0
3607 -0.84195433439805156 -0.23793244255310611 0
3608 0.22168684534774671 -0.82993096988591686 0
3609 0.42625415429715752 -0.74520949922665669 0
3610 0.6025038204888955 -0.61151969700401865 0
3611 -0.51846114952746369 -0.68411138021672024 0
3612 -0.32630607851660592 -0.79367374591278073 0
3613 -0.32625684953376899 -0.803568808038156 0
3614 -0.22123338741277809 -0.8292565200259483 0
3615 -0.2184514802343025 -0.84015017267001324 0
3616 -0.20781885794623231 -0.84090701271789081 0
3617 -0.19930205585138111 -0.84205763416520041 0
3618 -0.19336036721860819 -0.8477350292521193 0
3619 -0.42647820318483781 -0.74629203026848168 0
3620 0.67616949427621531 -0.52895811006985793 0
3621 0.67969688079439994 -0.53795724675397794 0
3622 0.67380559498141912 -0.54591524773357958 0
3623 0.66384776547525903 -0.54472172535108765 0
3624 0.66713498258043069 -0.55345310160087191 0
3625 0.6574492698980694 -0.55245289594771585 0
3626 0.66025734005364645 -0.56219654789731421 0
3627 -0.73881663662832553 -0.43760981663174048 0
3628 -0.74848557129979443 -0.43701858394047732 0
3629 -0.75402635577100108 -0.42753818094085111 0
3630 -0.74816783091934425 -0.41931168210055503 0
3631 0.73876083478930021 -0.4374309706875113 0
3632 0.74353930892597797 -0.4458817515604972 0
3633 0.74963137377232436 -0.43694645174312619 0
3634 -0.78908391911724363 -0.33843312116693047 0
3635 -0.79895232661729576 -0.3374825966854697 0
3636 -0.7948407428565909 -0.34587384509398739 0
3637 -0.80302647450084663 -0.32911955738211962 0
3638 -0.60245028279832502 -0.61177763760373893 0
3639 -0.60658884075082764 -0.62194848548901926 0
3640 -0.61309155813018701 -0.61329001320828724 0
3641 -0.62016011992658604 -0.60588355909040836 0
3642 0.1420666553499389 -0.84656700489991688 0
3643 -0.14180667998435739 -0.84814490034133294 0
3644 -0.12285453656108269 -0.85013561333518572 0
3645 -0.27934086492014393 -0.81179326797700246 0
3646 -0.27013851755111001 -0.81513621990627727 0
3647 -0.26865951560833118 -0.82547883827485113 0
3648 -0.656129271118572 -0.55162960788377613 0
3649 0.77603035560352762 -0.36625408639379958 0
3650 0.71171606676436938 -0.47954712747017042 0
3651 0.70650118148103858 -0.48929943875484211 0
3652 0.64360727898640602 -0.56705217973707955 0
3653 0.3813661491058094 -0.76887142069926007 0
3654 0.39022232293305348 -0.77306788839797813 0
3655 0.37231669194824563 -0.77321592352792712 0
3656 0.37254548211206678 -0.78228591900822197 0
3657 0.39932573292739398 -0.75996290578363068 0
3658 0.40816922998390381 -0.75499583236821666 0
3659 0.41719066713834108 -0.75960450747352015 0
3660 0.49383082065547701 -0.70194029231360011 0
3661 0.49580243790453321 -0.71070662837328591 0
3662 0.501905668635372 -0.69596537231081623 0
3663 0.51105853301019522 -0.70073294846448797 0
3664 0.19204142068413349 -0.83700978634232115 0
3665 0.20165451309670121 -0.83454470714231743 0
3666 0.20882604369402599 -0.84010289255571424 0
3667 -0.49411040565770847 -0.70221687286550749 0
3668 -0.49645083881745278 -0.71270791003548795 0
3669 -0.50317044598095761 -0.6975316907734439 0
3670 -0.76829671904730701 -0.38535854926245811 0
3671 0.29825275855721539 -0.80467290372671108 0
3672 0.30814643719685553 -0.80153986337238037 0
3673 0.31540167713868339 -0.80815816268502572 0
3674 -0.17214352874176261 -0.84113722342769659 0
3675 -0.17902104691284529 -0.84861835575387912 0
3676 -0.16918529413125041 -0.85069817938849301 0
3677 -0.29810525097768398 -0.80496266574779196 0
3678 -0.30807930366244379 -0.80187603379341676 0
3679 0.56539917369505821 -0.64614286558461997 0
3680 0.57435930576551475 -0.64942447889292931 0
3681 0.56745642956384024 -0.65593395374295382 0
3682 0.55791503986989932 -0.65269075048049452 0
3683 0.55978760398398719 -0.66255441675770932 0
3684 0.56954442561562835 -0.66622796988350097 0
3685 -0.56606553947862415 -0.64732988502300648 0
3686 -0.81065753499041571 -0.28316106513049932 0
3687 -0.58043331933406983 -0.63204888132241444 0
3688 -0.58792876285609763 -0.62544555813653846 0
3689 -0.4775908987622825 -0.71362402356463717 0
3690 -0.46941120165660949 -0.71913343611386182 0
3691 -0.47048046723676679 -0.72887955846567531 0
3692 -0.7226066286361249 -0.46298466085224171 0
3693 -0.72825364264955961 -0.47189085830084221 0
3694 -0.72818649619121545 -0.45489689780184389 0
3695 -0.71145665151290127 -0.47945358464205667 0
3696 -0.70608245045302243 -0.4889866258529677 0
3697 -0.53424985146026283 -0.67165225652797844 0
3698 -0.53580303495297288 -0.68157997100273682 0
3699 -0.54205114967288426 -0.66533969945942961 0
3700 -0.55020282829276357 -0.66955225397305773 0
3701 0.24057983271839151 -0.82373581388886097 0
3702 0.23936352888778001 -0.83345043060907886 0
3703 0.25022435966497791 -0.82083686825685576 0
3704 0.25739662794255791 -0.8292567707324584 0
3705 -0.23999204976752569 -0.82401655973602894 0
3706 -0.25050682277928171 -0.82133958132979967 0
3707 -0.44503843671489451 -0.73648061106778162 0
3708 -0.44350442191792733 -0.74528908261504745 0
3709 -0.45309436711600182 -0.72980881187036561 0
3710 0.74853303073677202 -0.42002846794924131 0
3711 0.7539040244440931 -0.41135115524451421 0
3712 0.76239050429165867 -0.41144194889529068 0
3713 -0.34494803860084661 -0.7862979589090463 0
3714 -0.35457134655562722 -0.78238565134838089 0
3715 -0.34394414237719539 -0.79781847116660265 0
3716 0.68822105031090652 -0.51297817011483204 0
3717 0.69344816734285175 -0.52266191758089908 0
3718 0.6940176492748914 -0.50544408769754512 0
3719 0.82521484388529842 -0.2343119163885595 0
3720 0.82020692225691327 -0.25321749488817269 0
3721 0.82882441928694439 -0.24970727225010519 0
3722 0.72963422468061234 -0.45543519100739921 0
3723 0.80000367384047455 -0.31061686755980639 0
3724 -0.62359050642618974 -0.59006406104833464 0
3725 -0.63273831091296939 -0.59178870879834655 0
3726 -0.63966369837189063 -0.58427448301386142 0
3727 0.54199541429837805 -0.66483677423881604 0
3728 -0.80052140259883675 -0.31080830289181499 0
3729 0.16243894467646719 -0.84330027552137854 0
3730 -0.16234897124680789 -0.84310690286700041 0
3731 -0.15972443111329351 -0.85232397794396286 0
3732 0.043312833251594803 -0.8588375042939832 0
3733 0.059108690971526621 -0.89806906004622866 0
3734 0.93247807199062349 -0.20497615958398541 0
3735 0.93279719981451137 -0.1954034973160424 0
3736 0.94110227233522936 -0.1907713950853489 0
3737 0.94010191138746102 -0.18101361072843231 0
3738 0.79603889080779278 -0.31997510368663701 0
3739 -0.89398754029163041 -0.063319538158154554 0
3740 -0.043611163542722639 -0.85687455683174685 0
3741 0.22853854085796771 -0.96452236225024168 0
3742 0.2386972433712759 -0.95111897152609948 0
3743 0.2483500451796043 -0.95694077300818259 0
3744 0.8844483011285712 -0.010245702640168851 0
3745 -0.88598475128796583 -0.0084342886166836745 0
3746 0.87073290456942232 -0.23647939262683029 0
3747 0.54585614428559104 -0.79698752059321853 0
3748 0.53734207589774952 -0.79174336160132264 0
3749 0.53782432652001988 -0.78172955306692549 0
3750 0.85971288913179977 -0.0151897531270167 0
3751 0.025057259950790691 -0.90632081406953857 0
3752 -0.95458108169695199 -0.082119417275833537 0
3753 0.91474231167269382 -0.008498795296758014 0
3754 0.90501334786476795 -0.0085353351765938244 0
3755 0.90997981885835177 -0.016721095575300961 0
3756 0.90007990426837048 -0.017108471025111961 0
3757 -0.02517925323164694 -0.90424588554055185 0
3758 0.82420948571537078 -0.53490792890136152 0
3759 0.56242823837498324 -0.8073937676926537 0
3760 0.57136764999042522 -0.80283546296518549 0
3761 0.79834480373469607 -0.52766100213318845 0
3762 0.78991266538847071 -0.52236941613489352 0
3763 0.041826752058803367 -0.9070976418725254 0
3764 0.87960312939669416 -0.2319250410276662 0
3765 -0.79706549839773011 -0.3203499113469338 0
3766 -0.61670727685662641 -0.59712928171650481 0
3767 0.87034750257869997 -0.24644036446182141 0
3768 0.98015484470321879 -0.088048179916674574 0
3769 -0.63710089175627282 -0.57511021554901753 0
3770 0.97627818810595224 -0.01027074863066291 0
3771 0.90013845299396378 -0.1300945557681476 0
3772 0.076598511525223664 -0.89869172192297198 0
3773 -0.42376920600393619 -0.79084751933622732 0
3774 -0.41537738761230758 -0.79624350497971008 0
3775 -0.67752680269279209 -0.6694874778149178 0
3776 0.38982829094081689 -0.81095714249542727 0
3777 -0.092063613107489492 -0.89127113451794371 0
3778 0.02735732567369787 -0.86680882196008358 0
3779 0.050656888404618607 -0.91236567535189983 0
3780 0.0013814115473685751 -0.87158216159006907 0
3781 -0.44052102756764078 -0.78012985281459712 0
3782 -0.69517262501669264 -0.67862931000011051 0
3783 -0.70401236740843609 -0.68325502487383449 0
3784 -0.83306099108492515 -0.477991125367703 0
3785 -0.82423334106470025 -0.47339558429741457 0
3786 -0.82379434460676937 -0.46345575048582749 0
3787 -0.62760454303603652 -0.71165814859662935 0
3788 0.89613459593522005 -0.070026204552950957 0
3789 0.71532072072677477 -0.65896794553419735 0
3790 -0.093008321840997554 -0.91089673445530162 0
3791 -0.084279374315764446 -0.90642135626960763 0
3792 -0.85938850990595794 -0.034825329808603117 0
3793 0.86545361318759473 -0.050566269467336868 0
3794 -0.98942580764548282 -0.064066164817649221 0
3795 -0.98060646175428701 -0.068018791814975735 0
3796 -0.99053898446466682 -0.054595379078784978 0
3797 -0.64524795793589695 -0.72083058784955034 0
3798 -0.65409804597094523 -0.72542050100622468 0
3799 -0.076032002292266157 -0.91174242835355779 0
3800 0.25841066609128638 -0.86063828858831859 0
3801 0.24962464908134541 -0.86528567541832346 0
3802 0.74301817389549329 -0.61522281608060503 0
3803 0.73458836472140698 -0.60990921165263767 0
3804 0.194538713358758 -0.95268519630612114 0
3805 0.1933012006468465 -0.96301889858011602 0
3806 -0.052883009921692627 -0.8567118638534108 0
3807 -0.047640474394487327 -0.86520066041230592 0
3808 -0.90291101403454421 -0.30061580400969379 0
3809 -0.050469822297255322 -0.90807163177636541 0
3810 -0.041874702709866957 -0.90358379037178205 0
3811 0.90515578120874074 -0.23799582340828099 0
3812 0.90477167523856639 -0.24792423528912111 0
3813 0.91359345043941609 -0.24337462512057251 0
3814 0.90435443047393327 -0.25788228749201081 0
3815 -0.76854339980336728 -0.5805768712834809 0
3816 -0.7772746336010472 -0.58516622545958752 0
3817 -0.72703521322424236 -0.61739489598781827 0
3818 -0.81850054329564093 -0.53889067291967319 0
3819 0.88013767085459638 -0.42636916267778441 0
3820 0.19534731942513839 -0.93289259071574038 0
3821 0.19572892847549689 -0.92296240887317693 0
3822 0.67013711810368259 -0.71200567928359204 0
3823 0.66169517499386987 -0.70671937333004764 0
3824 -0.9056367431377097 -0.17846171539049821 0
3825 -0.12803000832144479 -0.92895497516434022 0
3826 -0.1196941504754675 -0.93426747827781365 0
3827 -0.13682153516978141 -0.93353050201361798 0
3828 -0.1284760223813706 -0.93888308718555114 0
3829 0.4957215301069447 -0.75516430903182497 0
3830 0.086091986543665247 -0.87446302510917651 0
3831 0.085451481812470378 -0.8651640191987231 0
3832 0.86334110664055763 -0.41568177983873777 0
3833 -0.80077497321201974 -0.52931775793104063 0
3834 -0.13541092067171451 -0.90386753835316658 0
3835 -0.14375878385000659 -0.89846119980550965 0
3836 0.70693789534105433 -0.65367203101281657 0
3837 -0.23174168362244729 -0.93419355356543621 0
3838 -0.14562525016976949 -0.93810814489527061 0
3839 -0.92425160185687538 -0.21583957943933199 0
3840 0.35234412157537631 -0.88915954906764261 0
3841 0.34392471760555449 -0.88385152447868776 0
3842 0.36078881488562847 -0.89445881883722855 0
3843 0.36034471017888542 -0.90433527274559511 0
3844 0.3690742388733449 -0.89976230424361314 0
3845 0.36893910619387837 -0.90973668315618794 0
3846 0.37783761432443042 -0.9047789075976278 0
3847 0.38757614174201521 -0.90957860123609802 0
3848 0.38567495408670821 -0.89918451005285494 0
3849 -0.152118476671984 -0.89304246413485144 0
3850 0.59923293650889131 -0.75904102524221229 0
3851 0.5987118897771756 -0.76875110386537093 0
3852 0.87380515102565948 -0.37127094775605868 0
3853 -0.26618535293673817 -0.93252272555392612 0
3854 -0.26651105627376798 -0.94237141239592115 0
3855 0.89436035812267478 -0.29239711073501368 0
3856 0.29334448932595059 -0.85198290905227148 0
3857 -0.79194179196105829 -0.52472881657650194 0
3858 0.85493187804548842 -0.41035377734890371 0
3859 -0.052130023054986187 -0.94721409136405388 0
3860 -0.043416222829645842 -0.94268532537230776 0
3861 -0.035103339962692708 -0.94799552647354646 0
3862 -0.0264066006245522 -0.94343424018798561 0
3863 -0.018085557664656419 -0.94873319731387573 0
3864 -0.0093995324600321759 -0.94417322700768747 0
3865 -0.0010549493585168849 -0.94948945033647214 0
3866 0.0075159571680802314 -0.94487164109864352 0
3867 -0.00077839592021387556 -0.93959532163590898 0
3868 -0.017799584499488218 -0.93885495568624799 0
3869 -0.034767419429790468 -0.93812876201653728 0
3870 -0.060435531439396672 -0.94190345740375792 0
3871 0.3443415982003436 -0.87389163176315077 0
3872 0.1174015853522869 -0.9447065483272814 0
3873 0.109085751389318 -0.93929105380904909 0
3874 0.040857528474916048 -0.94626642346099843 0
3875 -0.051740010050338278 -0.93737744744063178 0
3876 -0.88876529465440268 -0.37092879326653749 0
3877 -0.87994548004122852 -0.36634207148358022 0
3878 -0.87155603207500776 -0.37169910496563863 0
3879 -0.87112013740781047 -0.36176171600330748 0
3880 -0.8795124332645804 -0.3564068458019492 0
3881 0.026324050508615349 -0.8773299897503547 0
3882 -0.66868874333880712 -0.66489897318730062 0
3883 0.1391029655507113 -0.85617272152885793 0
3884 -0.61876620831926177 -0.7070700779961846 0
3885 -0.26576564059058122 -0.92263939611742762 0
3886 0.64485691056948813 -0.69609356804514066 0
3887 -0.26532540325555909 -0.91270546829963151 0
3888 -0.89804360437958242 -0.19267134336643371 0
3889 0.12618423048401919 -0.94006692116881807 0
3890 -0.67709224588579442 -0.65952364425195986 0
3891 0.75144695719565124 -0.6205006722669445 0
3892 0.75923234723812449 -0.62718664413089575 0
3893 0.76980031582864172 -0.61270908894727616 0
3894 0.55556666879881444 -0.77236338856226316 0
3895 -0.15259237047147589 -0.90298147479368485 0
3896 -0.57725745828708519 -0.7438621689146846 0
3897 0.74341184572958119 -0.60527591611832754 0
3898 0.73498493128235443 -0.59995927488629486 0
3899 -0.5329676393255276 -0.72097782558715928 0
3900 0.31098528346224208 -0.84268768108203473 0
3901 -0.62716413002976923 -0.70169658053581707 0
3902 0.91278618835328529 -0.26325336662039978 0
3903 0.88942724517703475 -0.40186069059934282 0
3904 -0.76896357443594587 -0.59053135321372396 0
3905 -0.77780355543218749 -0.59498295994980688 0
3906 -0.7691955601526167 -0.60012342170058419 0
3907 -0.67867369606475703 -0.69904468632195171 0
3908 -0.29229604977028162 -0.93637548358590206 0
3909 0.32669026256797717 -0.88318270263666998 0
3910 -0.80180715395460533 -0.5586921817127265 0
3911 -0.016757969233489139 -0.90957890539373332 0
3912 -0.0082565381345046391 -0.90491565368665117 0
3913 -4.1480379557952772e-05 -0.9101786893828514 0
3914 0.60920916125992997 -0.72461098907983779 0
3915 -0.82466549226163355 -0.48334893120316103 0
3916 -0.81583761188569204 -0.47875737061521589 0
3917 0.87021909540578968 -0.45130166994113402 0
3918 0.32477539301933861 -0.92250681468827156 0
3919 0.29903268753985429 -0.92686940663854145 0
3920 -0.62908763636551557 -0.74173467374222268 0
3921 -0.75040778662660867 -0.56147628469380895 0
3922 -0.75880379623774186 -0.55611507995215204 0
3923 -0.84181999336797997 -0.48252238508408268 0
3924 -0.85216746941972965 -0.48690327673600658 0
3925 -0.23129373017772251 -0.92424481124266444 0
3926 -0.90335600991931486 -0.31053861190001097 0
3927 0.8826291557327044 -0.36664715711514229 0
3928 0.88470626838697419 -0.31688071497287829 0
3929 0.89353237558280196 -0.31227147985705073 0
3930 -0.22795709297694369 -0.84474865906123642 0
3931 -0.22827306735501091 -0.85457826318611541 0
3932 0.54904527686196514 -0.71728633381216722 0
3933 0.89477827901480655 -0.28241759048642551 0
3934 0.63424247173701187 -0.74051891665743197 0
3935 0.73538798691279705 -0.58999612331347018 0
3936 0.16279403332579889 -0.88190048408282862 0
3937 -0.7359143164865225 -0.62191601859089041 0
3938 -0.72655558111964158 -0.60743345378932267 0
3939 -0.98756907524643023 -0.084917920920315082 0
3940 -0.88995024650454424 -0.4107834373147804 0
3941 -0.89927622929081941 -0.41519615354553152 0
3942 -0.22244346284924371 -0.91966885592687975 0
3943 0.69892947436147612 -0.63840145040728791 0
3944 0.87174478189926585 -0.42101696857733839 0
3945 -0.7093150537430255 -0.608206942814983 0
3946 -0.72566087223139042 -0.5875233663667867 0
3947 -0.75968997308119479 -0.5760179253665586 0
3948 -0.75924854570355549 -0.56606496772695625 0
3949 0.86539661223357156 -0.36592863058141439 0
3950 -0.1114105855556409 -0.93963435201230472 0
3951 -0.66999061533164028 -0.69470414185481899 0
3952 -0.54977447591422735 -0.71022323336180526 0
3953 0.35354712579943581 -0.85928391566410212 0
3954 -0.8350067772094627 -0.32335257285563829 0
3955 -0.84382173154789886 -0.32798161355566952 0
3956 -0.84423840502409586 -0.33793334970132699 0
3957 -0.83583498255897715 -0.34325611400336209 0
3958 -0.83626276800066723 -0.35319931123444831 0
3959 -0.82785483140415694 -0.35855932573512889 0
3960 0.33590776817515983 -0.86857885746335062 0
3961 -0.75836099256795131 -0.54615982439632738 0
3962 -0.81146375783208735 -0.37923445117226012 0
3963 -0.81189342094927031 -0.38920027090221532 0
3964 -0.99132038409829093 -0.034873009322158532 0
3965 0.99154266071600028 -0.03437842826363828 0
3966 -0.44247132615130258 -0.81984136144492203 0
3967 -0.44291686985102241 -0.82980404597790947 0
3968 -0.43452611647501788 -0.83517304919503577 0
3969 -0.42567139011585992 -0.8305824872085612 0
3970 -0.41727400341668069 -0.83595146648666296 0
3971 -0.41773065247846403 -0.84591617879857517 0
3972 -0.40933889335213131 -0.85128236571123672 0
3973 -0.45926281416162379 -0.80909958158626361 0
3974 -0.45970830096631132 -0.81906329667043665 0
3975 0.85234544744448759 -0.47005241163828559 0
3976 0.86084687045116737 -0.47658386715904683 0
3977 0.86925033919767225 -0.47093908336838669 0
3978 -0.41963288832155138 -0.88530436828416936 0
3979 0.77471969107909611 -0.47186382097509783 0
3980 -0.48685023537045702 -0.8426262697231286 0
3981 -0.49554097646072748 -0.84743107276559471 0
3982 -0.5038674490436521 -0.84221632610483566 0
3983 0.82804174657551888 -0.43419208530036207 0
3984 0.72013673948178958 -0.53951007563585807 0
3985 0.48308714959631338 -0.84890330111377588 0
3986 0.48295846808268061 -0.85933926643308534 0
3987 0.46553174093758598 -0.85828534314306282 0
3988 0.46634825574546951 -0.86805796249347555 0
3989 0.45579739722127638 -0.87375393662849166 0
3990 -0.62013013948046547 -0.73696253790031385 0
3991 0.78686575376966461 -0.58180068872571689 0
3992 -0.570633155015559 -0.78888854926127427 0
3993 -0.57115525058782879 -0.79893745027541219 0
3994 -0.5623063371525121 -0.80494063915870295 0
3995 -0.2396846544354134 -0.91887117169917998 0
3996 0.2994859291712233 -0.91698642287845689 0
3997 -0.38990200115127321 -0.80227304989686543 0
3998 -0.39033553841879559 -0.81224507241194988 0
3999 -0.38194354185963242 -0.81761188812981378 0
4000 -0.37308783724991318 -0.81299801996627352 0
4001 -0.36467624259955778 -0.81836108770126681 0
4002 -0.3651280330791889 -0.82835539520626145 0
4003 0.66209232887985092 -0.69677007083592013 0
4004 -0.18890469875982949 -0.94115262235342656 0
4005 -0.18936563560255071 -0.95109320669666775 0
4006 -0.19816644405340569 -0.95560651622389603 0
4007 -0.19001349992359459 -0.9612023573638433 0
4008 -0.1810731981713769 -0.95632785639675977 0
4009 -0.19866008992549361 -0.96560389676837077 0
4010 -0.18006423978270639 -0.93658205083935586 0
4011 -0.17958780020197779 -0.92663404011458406 0
4012 -0.1805289818334414 -0.94648469702381333 0
4013 -0.1721269913117679 -0.95182223123214649 0
4014 -0.17297963977961009 -0.96121672250901025 0
4015 -0.16520367258313751 -0.96805591520554046 0
4016 -0.18797629851285511 -0.92126055761454828 0
4017 -0.17073483689636709 -0.92204969795939573 0
4018 0.52254986716676322 -0.7312814491345847 0
4019 0.52215189232229553 -0.7412363295917036 0
4020 0.51335609266620152 -0.74587340838879268 0
4021 -0.80743139779775419 -0.48413062824662501 0
4022 -0.50359441048384612 -0.83197906210227102 0
4023 -0.51298893808049029 -0.83853175862668028 0
4024 -0.52092654656349779 -0.83203475169367114 0
4025 -0.52200130825826618 -0.84119599171030779 0
4026 -0.52041174683083802 -0.82134797936901727 0
4027 -0.53046796431419063 -0.82717335750061172 0
4028 -0.52899051538379149 -0.81609347318689629 0
4029 -0.53761664055555847 -0.82043022881839245 0
4030 -0.54596573860068953 -0.8156002245756957 0
4031 -0.546457090796863 -0.82499588308529126 0
4032 -0.54554557136984061 -0.80519823408519686 0
4033 -0.55420163934166811 -0.81027791296191443 0
4034 0.7570628933992678 -0.48109562295571001 0
4035 -0.29180855517327309 -0.92637549051695145 0
4036 -0.85823514746846929 -0.46190257669943918 0
4037 -0.86736948673012337 -0.46622580332355967 0
4038 -0.86679685064785217 -0.45612486142787512 0
4039 -0.87456222558913421 -0.44965412682753247 0
4040 0.69932808865955265 -0.62844262157567676 0
4041 -0.55389430407696227 -0.79981203429636316 0
4042 -0.76127023741823063 -0.61550482661486972 0
4043 -0.77018580539803583 -0.61020782650919048 0
4044 -0.7605390991373252 -0.59584750581065793 0
4045 0.32553809725820798 -0.91302392812961419 0
4046 -0.21359810418561309 -0.91509189167977001 0
4047 0.5899133884009824 -0.78367576092528146 0
4048 0.79031725085537508 -0.51241314987187003 0
4049 -0.80962038633412192 -0.53396669489457604 0
4050 -0.08380745227498429 -0.89663036733779711 0
4051 0.73859478500163545 -0.51031265906876522 0
4052 -0.70353929787357217 -0.67336488351358015 0
4053 0.84692084951064273 -0.39507979666471771 0
4054 -0.35673477215362992 -0.83372793307896143 0
4055 -0.77471211486670033 -0.5254871337662308 0
4056 -0.84360856010258234 -0.50285857739236606 0
4057 0.90943019766568156 -0.3428280055152908 0
4058 0.9090851382750933 -0.35277337066379 0
4059 0.90027896771039795 -0.35739145309127368 0
4060 0.90868864765523349 -0.36271603837464611 0
4061 0.91768822396379046 -0.35782893897462859 0
4062 0.90902812431345681 -0.37322829343829872 0
4063 0.89999000743541968 -0.3674372364656221 0
4064 0.36947185882748651 -0.88981160313156993 0
4065 0.77512831508488367 -0.46187821434206039 0
4066 0.78395505576112923 -0.45727375412230792 0
4067 0.78436518374823916 -0.44728489165417551 0
4068 0.79318912142844122 -0.4426592648410112 0
4069 -0.79902667849564568 -0.48949689534052121 0
4070 0.79705544074842472 -0.55750517126452714 0
4071 0.85451756586943195 -0.42030907864063449 0
4072 -0.78576523529781328 -0.57980418033373371 0
4073 -0.40048457099374513 -0.84669072896325903 0
4074 -0.39208843311312208 -0.85205863740893639 0
4075 -0.39261152686552242 -0.86198719959801351 0
4076 0.83362437354495955 -0.50913277243300914 0
4077 0.84356214137167007 -0.50389932886255129 0
4078 0.84262785442767962 -0.49389227379332729 0
4079 -0.35010718128599022 -0.8789256407397108 0
4080 0.37961155842618621 -0.85530351145729511 0
4081 0.38803901960508419 -0.86061444280261168 0
4082 0.39685207301330538 -0.85597389188886908 0
4083 -0.5873075917091124 -0.7780150385142528 0
4084 -0.58839879004166584 -0.78835811933444422 0
4085 0.73578735554698649 -0.58003768450380655 0
4086 0.59039599065345461 -0.76368498476427771 0
4087 0.28340755761057451 -0.88648696115346126 0
4088 -0.40304039274914349 -0.89672729239977889 0
4089 0.28131152677798621 -0.93585536763441901 0
4090 0.28891213882020711 -0.94072788131183271 0
4091 -0.29887493820569883 -0.89122603355378316 0
4092 -0.65144460612665078 -0.66568559197082156 0
4093 -0.60813384172084683 -0.66264562984248232 0
4094 -0.44486267311798061 -0.86933882292315867 0
4095 -0.43633143060206042 -0.87447258453318555 0
4096 -0.43591999391551439 -0.88372952121757509 0
4097 0.50303760381454632 -0.79028407375638088 0
4098 0.50264428425478225 -0.80025000445762895 0
4099 0.49384650613085618 -0.8048804943523783 0
4100 0.5118525950945263 -0.78563930618923394 0
4101 0.52027236382805864 -0.79096186259116208 0
4102 -0.32449676985544951 -0.88507257095564029 0
4103 0.68130113751846255 -0.64767375169194596 0
4104 -0.34789144029908292 -0.82913915988189801 0
4105 -0.33491478396385671 -0.91890316922195181 0
4106 0.59158294393823863 -0.73389289265692148 0
4107 0.60001264488004091 -0.73920197579578562 0
4108 0.69728767106979117 -0.67812024553143191 0
4109 0.69664028909746534 -0.68750071330770557 0
4110 0.68793351585587814 -0.69239595423544009 0
4111 0.47658961272038042 -0.80421753128142692 0
4112 0.47619770510761089 -0.81418122655365321 0
4113 0.46739659712795628 -0.81881454674753829 0
4114 0.48541137788917021 -0.79957568548418467 0
4115 0.52740582669645719 -0.82629727787584806 0
4116 0.53623494678195771 -0.82206016944645066 0
4117 0.54474111398425173 -0.8276800510186888 0
4118 -0.36693407720123689 -0.8681655902750478 0
4119 0.53829288868151426 -0.77171624489427981 0
4120 0.75382198854277138 -0.56082116908439616 0
4121 -0.4700323292253098 -0.8532755396592866 0
4122 -0.47825643162395198 -0.85831923636652141 0
4123 -0.46161821208983489 -0.85859327018493214 0
4124 -0.46111510619260199 -0.86853218630938889 0
4125 -0.60152351669991788 -0.70785566238316078 0
4126 -0.46576432817175101 -0.76395124601426956 0
4127 0.4960610830764095 -0.74522341262529324 0
4128 0.50489456266870081 -0.74058066556450608 0
4129 -0.49094736424649948 -0.74786531091497166 0
4130 0.41624741626835549 -0.79705395124672085 0
4131 0.44272320966286988 -0.78309918350686736 0
4132 0.50234550408706946 -0.83993420154258036 0
4133 0.49976637441598692 -0.85023414134853192 0
4134 0.51310673204440449 -0.84010500096225549 0
4135 0.52253285824875428 -0.84066707942834784 0
4136 -0.48444843547869981 -0.79299021222388888 0
4137 -0.49330654130453971 -0.79757419777198157 0
4138 -0.50168407908713009 -0.79221201359688953 0
4139 -0.47605356986842678 -0.79835880057506259 0
4140 -0.47650035930720369 -0.80832273824967704 0
4141 0.45014045144942672 -0.81815121900501331 0
4142 0.44974991492581079 -0.82811237452866215 0
4143 0.44094567840098642 -0.83274834421711053 0
4144 0.4589610235377769 -0.81350919238638042 0
4145 0.81840585903691565 -0.45872253702541482 0
4146 0.81799786087283366 -0.46867469338871559 0
4147 0.80917056178186297 -0.47330695338410989 0
4148 0.80877174072387903 -0.48325638855609709 0
4149 0.79994857479415293 -0.48788187633883062 0
4150 -0.51615992804021804 -0.73173268427811 0
4151 0.46925740721886439 -0.76910719878273692 0
4152 0.40605972975518978 -0.84137378504781846 0
4153 0.41449114581414542 -0.84668310621403609 0
4154 0.4232993622456408 -0.84204524788731927 0
4155 0.42368911892221373 -0.83208717295672596 0
4156 0.43250938671306149 -0.8274454525917303 0
4157 0.39724112552100471 -0.84601788056621052 0
4158 0.71735464063085241 -0.60922144487202079 0
4159 0.71973567499509594 -0.54947705088471377 0
4160 -0.52642528789585485 -0.76613846012720865 0
4161 -0.52687502430260025 -0.77609658989327934 0
4162 -0.51849375129079978 -0.78146141479520304 0
4163 -0.53482081610409626 -0.76076710700753347 0
4164 -0.54367251824952501 -0.76535144838042901 0
4165 -0.55205767861067201 -0.75998755240300409 0
4166 -0.55161061880653817 -0.75002949512487604 0
4167 -0.56000828895353028 -0.74465620903450891 0
4168 -0.56886879927890244 -0.74923063449567717 0
4169 -0.5096393262381107 -0.77687762616755474 0
4170 -0.5012427115542436 -0.78225583272918109 0
4171 -0.33288787144503751 -0.87970046017864867 0
4172 -0.33333815650390253 -0.88965441312398297 0
4173 0.2745945655186125 -0.89113064726439295 0
4174 0.27420639659143747 -0.90108432949854766 0
4175 0.26539856560297242 -0.90572642868285791 0
4176 0.25696944664961302 -0.90041860365753856 0
4177 0.2481641979268929 -0.90506622323172481 0
4178 0.23972942193353669 -0.89975560992931025 0
4179 0.23091848193880779 -0.90439906707159334 0
4180 0.23056494865022459 -0.91435780205755557 0
4181 0.23936001185536651 -0.90971071502278456 0
4182 0.2302168925125137 -0.92431933544787503 0
4183 0.76979419781138736 -0.59142835620199474 0
4184 0.77854710252725146 -0.59828866128415836 0
4185 0.2553625928858137 -0.94007273042372408 0
4186 0.4215017374314467 -0.88146732322626842 0
4187 0.42828232851691578 -0.88687773572475692 0
4188 0.43892526015689509 -0.88252782067606717 0
4189 0.43914477465986468 -0.87226133710980935 0
4190 0.44779933116221982 -0.86765302002569555 0
4191 0.41262622040330998 -0.88595471012867533 0
4192 0.41242577311884421 -0.89592938845674452 0
4193 -0.82594214861334248 -0.51322285910000232 0
4194 0.73347728593414685 -0.63997965432122061 0
4195 -0.29932618002784223 -0.90117735077001559 0
4196 0.57202674928714736 -0.79292069131831189 0
4197 -0.2065113707248335 -0.95019030700907869 0
4198 -0.83883415853496723 -0.41296130483085891 0
4199 -0.32700709765528629 -0.92602670578808532 0
4200 -0.60374295762975694 -0.7575341523497281 0
4201 -0.61205754500320531 -0.76179275549364711 0
4202 -0.8572295707761759 -0.44198857536844838 0
4203 0.93823000688955127 -0.26934491071805539 0
4204 0.9466582707693717 -0.27425442524213461 0
4205 0.93825209413560251 -0.28984402329467679 0
4206 0.93686110677281143 -0.29983508171499479 0
4207 0.66327102259223725 -0.66690957168253706 0
4208 -0.27324900905441307 -0.89738737164255189 0
4209 -0.68458016493658325 -0.63425551341696229 0
4210 -0.69297415015436192 -0.62888962440116047 0
4211 -0.69344169274807677 -0.63883762146769052 0
4212 -0.2497768343488421 -0.9427719931129267 0
4213 -0.24183508901303949 -0.94982866362040275 0
4214 -0.24842540784452391 -0.95836203482250171 0
4215 -0.23216231555225761 -0.94441015225937375 0
4216 0.84650850445108505 -0.40503772634505719 0
4217 0.35158717024009373 -0.90887862357043492 0
4218 0.56475577465897442 -0.7577725092265859 0
4219 0.60960047193684264 -0.71465686304006648 0
4220 0.61841720105453568 -0.71001412207144532 0
4221 0.69286531032703513 -0.57336629104157244 0
4222 0.69246249879495037 -0.58332459739350806 0
4223 0.70168911275018653 -0.56871416864657942 0
4224 0.88132749753838668 -0.39650124888157889 0
4225 0.85656997118354461 -0.37054882158900082 0
4226 0.76304063738304284 -0.54623451262960332 0
4227 0.63837638632484217 -0.64100775758256368 0
4228 0.64524969849705593 -0.68613892177866298 0
4229 -0.79320926441496875 -0.5544736305508009 0
4230 0.17006708788067179 -0.91697309875442623 0
4231 -0.65370478109769536 -0.71542234918940628 0
4232 0.89105821055206103 -0.37199014496370592 0
4233 0.91791405872857335 -0.34815877418956981 0
4234 -0.89862361115221878 -0.39657074834236689 0
4235 0.25660486749059203 -0.91037364981619739 0
4236 -0.73450554678231783 -0.59210896579693983 0
4237 -0.74773582699357211 -0.50175134317448844 0
4238 -0.78266873317516839 -0.51017003583013387 0
4239 -0.78310812240782712 -0.52012727810659776 0
4240 0.91200717488191307 -0.28317607237771109 0
4241 0.81551612609377966 -0.52856164699318997 0
4242 -0.74201067101086871 -0.56683836557269307 0
4243 0.54019832499546161 -0.72196046531862101 0
4244 0.5398173660566743 -0.73192109042940501 0
4245 0.2121134658710862 -0.953098446483158 0
4246 0.20385538476792589 -0.95971130082675293 0
4247 -0.91336911577589874 -0.3448924828324445 0
4248 -0.9217805643933803 -0.34904184143625838 0
4249 -0.92296598287073828 -0.35985441686516539 0
4250 -0.8003377877503236 -0.51936371577152296 0
4251 -0.88163301856418452 -0.40612181668029679 0
4252 -0.84766740298219356 -0.41756105120128201 0
4253 0.86112972590362624 -0.26102351751024921 0
4254 0.86071518488826348 -0.27097826662267832 0
4255 0.62496054960214553 -0.75436494179189517 0
4256 0.62523415041463215 -0.76458465597172232 0
4257 -0.76720291824935183 -0.55074729850943127 0
4258 0.86581093688373301 -0.35597071950646719 0
4259 -0.86594389515531811 -0.23301461304534821 0
4260 0.81760205793964769 -0.47861758860799342 0
4261 -0.89743756198467506 -0.37544084766560348 0
4262 -0.9066251950747275 -0.38023989590011198 0
4263 -0.76410377361866311 -0.48106796056658602 0
4264 -0.59132551552234336 -0.67339075596695519 0
4265 0.27384688813293351 -0.9110322343723698 0
4266 0.65327680513476916 -0.70140834783951445 0
4267 0.92717300559929916 -0.31337265053198232 0
4268 -0.82291331013113367 -0.44356411465660578 0
4269 0.32862537983699253 -0.83335489878887403 0
4270 -0.71816346208359239 -0.61279748597428485 0
4271 0.86202694324130591 -0.4456172401364496 0
4272 -0.78799401396215618 -0.43514723221739149 0
4273 0.86913132288763584 -0.27632305186489498 0
4274 0.79072651725033316 -0.50245515194532275 0
4275 0.65288407540217586 -0.7113696051095858 0
4276 0.83645906471906051 -0.43951790909350141 0
4277 0.76223923638156266 -0.56614465790807189 0
4278 0.77226113741721836 -0.5316564124466715 0
4279 -0.81495694379326511 -0.45886729554185191 0
4280 -0.87864491476793805 -0.33648643169486592 0
4281 0.77185656833972049 -0.54161317386849128 0
4282 0.63643319445560231 -0.69077903514209671 0
4283 -0.80915192855751705 -0.33827321498168161 0
4284 -0.2392279601616005 -0.90892128179242604 0
4285 -0.1782030963572222 -0.89677961479171731 0
4286 -0.84679907814949007 -0.39766575057450609 0
4287 -0.6863636800701467 -0.67406260119008865 0
4288 -0.27370792536944077 -0.90733507967241023 0
4289 -0.65983979177608221 -0.66031618028778827 0
4290 0.28302592911570618 -0.89643867800527732 0
4291 0.76547738992264114 -0.48646110859426828 0
4292 0.21332910515144399 -0.91369744922652452 0
4293 0.5827677415878465 -0.73853551163551545 0
4294 -0.63643855731325827 -0.71624032591392695 0
4295 0.27606687057057738 -0.85131013646261799 0
4296 -0.33948659277184401 -0.83451444425223253 0
4297 -0.18659331468894211 -0.89140286391519274 0
4298 0.35316167705930818 -0.86923969185751659 0
4299 -0.26485974178908678 -0.90275711023210015 0
4300 -0.82827898146629897 -0.36853366322584657 0
4301 -0.24625398515813521 -0.87368941403706879 0
4302 -0.87068714341291031 -0.35178696817006039 0
4303 0.67247961708372905 -0.65231366747281105 0
4304 0.80836778785360819 -0.49320604248847782 0
4305 -0.85476362373097103 -0.3823599045636944 0
4306 0.37922417728502961 -0.86525538575290706 0
4307 -0.60991869675412769 -0.70248507241419489 0
4308 0.8376832107605563 -0.40966049778205987 0
4309 -0.78090726669152732 -0.47035613385861652 0
4310 0.76506531509549602 -0.49643587405232809 0
4311 0.75583661658936219 -0.51103355853312671 0
4312 0.74660861304181259 -0.5256239287727752 0
4313 -0.82870554791387785 -0.37849549707876201 0
4314 0.83379755611120421 -0.2947764207054534 0
4315 0.62878798909469191 -0.66555499344483871 0
4316 -0.5777227912157582 -0.75380461837879653 0
4317 0.36313867687812162 -0.83472112672026055 0
4318 0.56705810232168452 -0.6980423953174415 0
4319 0.70090286155339809 -0.58862986568953712 0
4320 -0.92866847084636994 -0.30424143473667498 0
4321 -0.93674219565161199 -0.29955159253354979 0
4322 -0.92993314578634056 -0.31484481730056169 0
4323 -0.57543306202930244 -0.70405244809987599 0
4324 -0.70183956867032737 -0.63347643471032367 0
4325 -0.17773977502582289 -0.88682632414395235 0
4326 0.87438815816935334 -0.18836074617851739 0
4327 -0.26259296863891141 -0.85298448334609533 0
4328 0.90193504277545022 -0.31761243071885881 0
4329 0.52242138726403164 -0.70126997900051047 0
4330 0.80664048630070539 -0.53303763993931419 0
4331 -0.21405132211621231 -0.92504188784816488 0
4332 0.70774929774371664 -0.6337587301483727 0
4333 0.16849104125342201 -0.95655912441135182 0
4334 0.16815382041854879 -0.96658640124469442 0
4335 0.15974132735092189 -0.96126656637792918 0
4336 0.1593577984038545 -0.97121292798510284 0
4337 0.86498122860121041 -0.37588743679004821 0
4338 0.26503651340485967 -0.91567553036713378 0
4339 0.82207041524482805 -0.36911093464922662 0
4340 -0.20337360865836199 -0.8806533089675519 0
4341 -0.65848943251817105 -0.63045126607067736 0
4342 0.19610100988961829 -0.91302542025978095 0
4343 -0.76765396259004637 -0.56069085112379502 0
4344 0.74420808475692246 -0.58535672799813954 0
4345 -0.58519283484224527 -0.72854378907794193 0
4346 0.63798905346046209 -0.65096474534920068 0
4347 -0.68323119747572303 -0.60439501618465052 0
4348 -0.80067446937010123 -0.35390085368015978 0
4349 0.82331254359347894 -0.33924189496979001 0
4350 -0.80786337549700227 -0.49408943605432393 0
4351 -0.8313097025154238 -0.43821037674883712 0
4352 0.74843950846008633 -0.45476064543267031 0
4353 0.2060286922312283 -0.87853335493169404 0
4354 0.82642290731759538 -0.47398523335487158 0
4355 0.84015169666158762 -0.34992146218480669 0
4356 0.73103351167227304 -0.48517615418412158 0
4357 -0.81319779786981228 -0.41906707575436591 0
4358 0.71257974508667443 -0.51425834590054387 0
4359 0.77105263214992825 -0.56151787762578198 0
4360 0.55939106146723749 -0.67279665118064813 0
4361 0.57667159569200666 -0.67302769838940102 0
4362 -0.7835478869746646 -0.53008388737518131 0
4363 0.8360569105379011 -0.4494651870170831 0
4364 0.72815966679666078 -0.55480497466217393 0
4365 -0.63511051821797304 -0.68637009308879315 0
4366 -0.87198703914378151 -0.38164013133647801 0
4367 0.30946170137555801 -0.8825082132194465 0
4368 0.82125837941693236 -0.38903714239555048 0
4369 0.85534021557755169 -0.40040447393643069 0
4370 0.725773018846396 -0.61454087929530743 0
4371 0.6916916432240614 -0.60321804571331783 0
4372 -0.19544344867974719 -0.8959811456605854 0
4373 -0.75658504571696217 -0.50634262930419283 0
4374 -0.22107302144710231 -0.8898115174140544 0
4375 0.67366049276666318 -0.62244632289895363 0
4376 -0.88746274219897991 -0.34107768390797299 0
4377 0.16127937812959481 -0.92159855595218088 0
4378 0.67169144391896263 -0.67222611482152639 0
4379 -0.2467046694014908 -0.88364597915725418 0
4380 -0.60681383176085557 -0.63267577120352536 0
4381 0.64407591487641203 -0.716007580598089 0
4382 -0.28072542376453502 -0.87210995117826218 0
4383 0.33511239684883992 -0.88849267393936604 0
4384 0.61076574484935242 -0.6847916527721537 0
4385 -0.30635631053824841 -0.86595278304938983 0
4386 -0.7481801124562546 -0.51171074940226324 0
4387 0.58392814336274501 -0.70867282028026868 0
4388 0.64680930588872765 -0.64632068430692269 0
4389 -0.66028797294204367 -0.67027153875065548 0
4390 0.29485222259814481 -0.8226860505499568 0
4391 0.55709778475002181 -0.73255606354431269 0
4392 -0.34038092454115798 -0.85442566487572558 0
4393 0.68970503278979922 -0.65300873398067583 0
4394 0.71011831728048058 -0.57403263175890262 0
4395 -0.85606135926427718 -0.41221256605389112 0
4396 0.85946703775646105 -0.30085463780043298 0
4397 -0.69957586523003845 -0.58370702613981174 0
4398 -0.71592447534331727 -0.56302139071301616 0
4399 0.81161321484740268 -0.41357488734570907 0
4400 -0.59030779498561858 -0.64401602603959696 0
4401 -0.73227621173375901 -0.5423384922839809 0
4402 -0.91293304465074887 -0.33499690389596509 0
4403 -0.6103676386980873 -0.71244141993891685 0
4404 0.83049648678052457 -0.37445560397616318 0
4405 -0.42250043775044571 -0.76122619686339965 0
4406 0.75867162963197221 -0.44122350003617539 0
4407 -0.77294599438894673 -0.48566623412572418 0
4408 0.3993071647977211 -0.77758210015535822 0
4409 0.28584616224702769 -0.82697792043413054 0
4410 -0.91073668997907431 -0.28537430374997008 0
4411 0.87546392967133901 -0.3314471334695982 0
4412 -0.8207302914490997 -0.3938073816558757 0
4413 0.33706761076037878 -0.83869358733208088 0
4414 -0.59177442060785035 -0.68335552406513822 0
4415 -0.53340124457945404 -0.69144267644761748 0
4416 0.4892939584511139 -0.71900670074516904 0
4417 -0.68760295769587065 -0.52899944941309329 0
4418 0.30907529242350967 -0.89246365642327574 0
4419 -0.83218872711972391 -0.45810121537409892 0
4420 0.44410178269533312 -0.75377587679464286 0
4421 -0.51426101669299262 -0.70018000903024114 0
4422 0.61192527863095914 -0.65491878424752592 0
4423 -0.2793221996087869 -0.84217675133288128 0
4424 0.8498085629888148 -0.32538871578057121 0
4425 -0.72967195487005709 -0.48285734442395811 0
4426 -0.5940381102275496 -0.73312586871726659 0
4427 0.65880281573035715 -0.57232811529703898 0
4428 0.56437335390442511 -0.76772101575171003 0
4429 0.69429390031012495 -0.54338282590514153 0
4430 -0.64395554227535556 -0.69095371867281519 0
4431 -0.3133881879450563 -0.83066608196083558 0
4432 0.78677802097528771 -0.38767559426705628 0
4433 -0.73786432635937849 -0.47714881914914631 0
4434 -0.36337190787675933 -0.78798080838334006 0
4435 -0.79594973377286871 -0.41983043242892037 0
4436 0.88387548008016392 -0.33678332108941939 0
4437 0.63072248516498242 -0.61575509571144671 0
4438 0.37193547722656939 -0.8301082314725724 0
4439 -0.88615746694470909 -0.31128215051695529 0
4440 0.83339213022831782 -0.30474907424623687 0
4441 0.58692034899980072 -0.64886662128519057 0
4442 -0.64882540321755799 -0.60597944108504942 0
4443 -0.56703574040473148 -0.70942337564424884 0
4444 -0.57316721398095571 -0.65423939375884743 0
4445 -0.56579994488606622 -0.67974692627079802 0
4446 0.34665243416564312 -0.81414159050253931 0
4447 -0.78625258585625857 -0.39534237098743491 0
4448 -0.67483435529800107 -0.60976128476562419 0
4449 0.69852278274467838 -0.6483655476371144 0
4450 0.55594340285746491 -0.76241336328279241 0
4451 0.2214316462752686 -0.92898365490390189 0
4452 0.73738352640455807 -0.54021358863394187 0
4453 0.79437505004831577 -0.41285414915176238 0
4454 0.73167133202202939 -0.47533107695017918 0
4455 -0.050053387223865473 -0.89834304663074382 0
4456 -0.19498393351442789 -0.88602574066584716 0
4457 -0.7968347192223928 -0.43973603052778881 0
4458 -0.78354384563503521 -0.37502352031968672 0
4459 0.86154248148392698 -0.25107096935225448 0
4460 0.39645327894358878 -0.86593194672850693 0
4461 -0.78887038324865177 -0.45505421564822801 0
4462 0.23206344979085969 -0.87454632058710158 0
4463 -0.57679959837268246 -0.73391284451676908 0
4464 0.84939592865124802 -0.33534483620292871 0
4465 -0.86773024380734365 -0.28228916706689738 0
4466 0.94845641906020195 -0.22513178247805879 0
4467 0.9570880759576823 -0.2216872781771986 0
4468 0.61802944425199391 -0.71996498581029034 0
4469 0.15363852145141571 -0.89647915408628021 0
4470 0.20564489587517981 -0.88848252759872859 0
4471 -0.84723187791459664 -0.40761330036483201 0
4472 -0.7065963583138235 -0.54846517843158837 0
4473 -0.65009586298843947 -0.63582027788105344 0
4474 0.86954506518612151 -0.26636495724738041 0
4475 0.18946193441857731 -0.85810765112349063 0
4476 -0.86058859590728964 -0.31736237254638983 0
4477 0.15134798704550631 -0.95597787248008026 0
4478 0.31827313367953353 -0.87786601115964624 0
4479 -0.62671517262738297 -0.69174106420519821 0
4480 -0.88290581773117804 -0.23230871864110739 0
4481 0.15070687812734271 -0.96542959059317002 0
4482 0.14211777731456779 -0.96988830523981051 0
4483 -0.69072880457680219 -0.57911712081540012 0
4484 0.67208345904945599 -0.66227324854425051 0
4485 0.72656804595194235 -0.59463435343748339 0
4486 0.72616994647759059 -0.60458879768128715 0
4487 0.076252849264297179 -0.9084894078420841 0
4488 -0.72343451968631944 -0.53774577237637122 0
4489 -0.30816237594608809 -0.90575859011417281 0
4490 -0.1183013395532867 -0.90472170422318965 0
4491 -0.60017364788590977 -0.67798211693272281 0
4492 -0.2206150486724256 -0.8798563040317593 0
4493 0.032619058204144499 -0.94099752400694847 0
4494 0.32824786008931822 -0.84334000594851011 0
4495 0.91390345130603146 -0.23342556706146489 0
4496 0.87587937893909251 -0.32149346454194871 0
4497 -0.69391826537588353 -0.64878296643894673 0
4498 0.85105027397510402 -0.29551495451976389 0
4499 0.8619323009570341 -0.24109366214607861 0
4500 -0.95423706461502966 -0.16728519323403329 0
4501 -0.6739416668002477 -0.58984129505005645 0
4502 0.40526158693979542 -0.86129322467429237 0
4503 0.1353399276499849 -0.92553336173994205 0
4504 -0.34877463814488502 -0.84905779580060403 0
4505 0.57511229371940398 -0.71331581314473491 0
4506 -0.73495070101493787 -0.60206046331147611 0
4507 0.54865569017222393 -0.72725191319902183 0
4508 -0.31474948316642498 -0.86058118442435694 0
4509 0.60194748902935991 -0.68943317519683212 0
4510 0.80319274401300844 -0.40824099756252891 0
4511 -0.28027086340861812 -0.86215578032297779 0
4512 -0.80435750296695985 -0.41446833923734328 0
4513 -0.70707282696290785 -0.55842933921376936 0
4514 -0.55818548125801437 -0.70485125382827296 0
4515 0.66484011779682084 -0.6270844105059048 0
4516 0.82166707526472937 -0.379077402595835 0
4517 -0.25509572125104868 -0.8782748996446994 0
4518 0.76263807233209024 -0.55619215868248228 0
4519 -0.31654831467885669 -0.90039277362790737 0
4520 0.60883180886215438 -0.7345546142031002 0
4521 -0.86812932143972321 -0.29218790986652549 0
4522 0.1094919927390073 -0.92945705859646932 0
4523 0.1007786093212102 -0.93395043274693734 0
4524 0.62273174100184181 -0.61027575979660242 0
4525 -0.64057933704789172 -0.60208604626290141 0
4526 0.17962336660152531 -0.89247162729970031 0
4527 0.54674086609321615 -0.77701983323695156 0
4528 -0.74862922747710714 -0.52166238222718186 0
4529 -0.87907478399262828 -0.34641749278459821 0
4530 -0.83415004110945867 -0.30354456485647929 0
4531 -0.71415531092212814 -0.52319330389385355 0
4532 -0.64125557081827544 -0.63124077963224523 0
4533 -0.77750651189823305 -0.39083451017746729 0
4534 -0.85178045395794577 -0.31275713021054541 0
4535 -0.89497517514918201 -0.31587562494804139 0
4536 -0.68504749148307431 -0.64420056773245893 0
4537 -0.59972769514472191 -0.66801751535035248 0
4538 -0.94391646204890867 -0.26368983799369899 0
4539 -0.95157875420736104 -0.25729674871215141 0
4540 -0.84172275355984771 -0.27840324723961107 0
4541 -0.1555387955104936 -0.96252582856813351 0
4542 -0.14682235013423531 -0.96728303859397724 0
4543 0.70399867242286529 -0.50760343751710135 0
4544 -0.14517201912458319 -0.92818051935677148 0
4545 0.3198068135969595 -0.83802049998394168 0
4546 -0.074530829617829836 -0.88257750056024309 0
4547 -0.82335247569768732 -0.45351113146992489 0
4548 0.63760360846311759 -0.66091712291590987 0
4549 -0.2117658068296624 -0.87527094284074014 0
4550 0.89598495067597261 -0.25253611984194507 0
4551 -0.90104641135763863 -0.26102495880543769 0
4552 0.90235122238901322 -0.30766921662891322 0
4553 -0.77250734036285629 -0.47571580108379141 0
4554 -0.67438600788538072 -0.59980136849767085 0
4555 0.70130133917598003 -0.57867109079699108 0
4556 0.1608959054424946 -0.93151326157864944 0
4557 -0.85519595746775945 -0.39231921048815532 0
4558 0.68851336530231966 -0.70195142492922502 0
4559 0.7285600585523323 -0.54484242481526124 0
4560 0.33551076027884352 -0.87853688471344649 0
4561 0.40565665886388469 -0.85133416509590887 0
4562 0.6564105748682646 -0.62176609900031798 0
4563 -0.32493988460810158 -0.895024559119175 0
4564 0.59352192120744318 -0.68410371681101245 0
4565 0.21445003495922041 -0.8838371789786944 0
4566 -0.15956338818559049 -0.86773231685906949 0
4567 0.041285424006208722 -0.93646672129151587 0
4568 -0.31429546217214921 -0.85062582417112997 0
4569 0.56667708073772194 -0.70800150716657551 0
4570 0.17999957243806561 -0.88252527926189839 0
4571 0.1172128861063601 -0.97518154907282051 0
4572 0.82723221627278021 -0.45409142303745198 0
4573 -0.25464641760572071 -0.86831350930716811 0
4574 -0.89532708479113721 -0.071720941478678524 0
4575 -0.86692270646621128 -0.26253350823139471 0
4576 0.59965305237570132 -0.74913956324316544 0
4577 0.84056762791420803 -0.33996930113133128 0
4578 -0.79639314554326646 -0.42978421070903872 0
4579 -0.55024748777353449 -0.72017019742207866 0
4580 -0.56933086965973856 -0.75917346932970409 0
4581 0.8426329668944359 -0.29017238302780551 0
4582 -0.060013017109313518 -0.93209688338298013 0
4583 -0.67665140896103138 -0.64956677649271422 0
4584 0.14486753126523841 -0.90111918701305538 0
4585 0.091923810839617232 -0.96904754036697582 0
4586 -0.86316178792201459 -0.37703309264822082 0
4587 -0.89364640960356856 -0.28612573526955948 0
4588 -0.71502584127532653 -0.54310540871172575 0
4589 0.1339875558718838 -0.96480524291752989 0
4590 0.31061045654502339 -0.85264239072345482 0
4591 -0.61696836977698777 -0.6672536073905051 0
4592 -0.13812201539198549 -0.96317131301083592 0
4593 -0.82030121576790416 -0.38384808778305152 0
4594 -0.73978067978497197 -0.51706965706240871 0
4595 -0.34833242005383558 -0.83909965310302681 0
4596 0.65680355829378012 -0.61181087144228485 0
4597 -0.26303675020910922 -0.86294551827683297 0
4598 -0.92336171697231961 -0.061223393538987148 0
4599 0.55824592317434618 -0.70269196343198481 0
4600 0.42288144360223978 -0.85201948839125907 0
4601 0.59393295849043304 -0.67414721295109459 0
4602 -0.8627280599010394 -0.36708482310959312 0
4603 -0.30544802186092429 -0.84604048968784329 0
4604 0.81322821478286622 -0.37371601017990708 0
4605 -0.54138954963889807 -0.71561016153461732 0
4606 0.30216323312990101 -0.84733537753312205 0
4607 -0.19428141932247109 -0.86647400099766814 0
4608 -0.68233464891565687 -0.58448245996118331 0
4609 0.83411976811051058 -0.2848143957670991 0
4610 -0.73092963532371213 -0.51247404026570731 0
4611 0.13495467321411991 -0.9354392708983108 0
4612 -0.62536872464118243 -0.66187307431769837 0
4613 -0.20293846512517219 -0.87073578965507759 0
4614 -0.34215327303054532 -0.89424892049561766 0
4615 0.1189831721914654 -0.9051258744458065 0
4616 0.6291732000686926 -0.65560243988773259 0
4617 0.43168936737950903 -0.84737968919410478 0
4618 -0.81539765515530926 -0.46881201299896152 0
4619 0.69208785289633734 -0.5932696648007767 0
4620 0.78067289338073742 -0.53698725457198604 0
4621 -0.5604737040938963 -0.75459942329294261 0
4622 0.78147929048216647 -0.51704235565637713 0
4623 -0.80699409837542135 -0.47417555424088043 0
4624 -0.085696977987530829 -0.93580889839559123 0
4625 0.54942932701191571 -0.70734486300547972 0
4626 -0.95565607321761203 -0.18573134897985691 0
4627 0.80440077932434539 -0.37834689312194503 0
4628 -0.62492947874703453 -0.65190814382374307 0
4629 0.89394393801630478 -0.30232746191940069 0
4630 0.83214746064812484 -0.33462937758593708 0
4631 -0.1080799128037636 -0.87075309437580706 0
4632 -0.3417150479184517 -0.88428360909694415 0
4633 0.73778630880070273 -0.53024752233894346 0
4634 -0.27142848047444101 -0.85757300134343262 0
4635 0.88553050586777204 -0.29697377829079019 0
4636 0.90357803836541017 -0.27780204329150532 0
4637 0.89556741028598019 -0.26247854350631428 0
4638 -0.010438856066617959 -0.97346473756785135 0
4639 -0.01935598748280596 -0.9777867405072953 0
4640 -0.3049926775293535 -0.8360719312094772 0
4641 0.17157386073102909 -0.87723272154721021 0
4642 0.83429139313498801 -0.27474449208951618 0
4643 0.2148323066553591 -0.87389238793136115 0
4644 -0.1031133549754842 -0.94486325588454145 0
4645 0.29297528700955361 -0.8619361463622377 0
4646 -0.070089599610129782 -0.96609897851371684 0
4647 0.18868569506355931 -0.84714311153719457 0
4648 0.97457711529272961 -0.067785375715134488 0
4649 0.43209723117836712 -0.83740101691447 0
4650 0.2478027288877907 -0.91501554325467005 0
4651 0.092483655086484221 -0.92871086261765612 0
4652 0.78108078396264213 -0.52701519013106224 0
4653 -0.53345594301555965 -0.73091726917145505 0
4654 -0.11096692111508411 -0.92970445792283252 0
4655 -0.075557544033221416 -0.90198306652445126 0
4656 -0.55256116668404842 -0.76991348130293724 0
4657 -0.087662116450270278 -0.97453550601844263 0
4658 0.79582287556854725 -0.37289070373328098 0
4659 0.82372970176758997 -0.32929398370735979 0
4660 0.62074089389104947 -0.6502853305467452 0
4661 0.28452866062856258 -0.85662908256612191 0
4662 -0.36556766252794948 -0.83832405984433589 0
4663 0.68365346221097101 -0.58795903592981191 0
4664 -0.54417330442116385 -0.77527752627958368 0
4665 0.67483436857377888 -0.59259708226120456 0
4666 0.057076898411368461 -0.96661069898862184 0
4667 0.0086795933955524998 -0.89597662195001604 0
4668 -0.52457676932954544 -0.72633221252256863 0
4669 0.073778578906092088 -0.97739607388909411 0
4670 0.064986195759076409 -0.98176137874633151 0
4671 0.082081341406382249 -0.98245172409210302 0
4672 -0.78843926443363976 -0.44510090644044531 0
4673 0.22364478580451991 -0.86924735428091582 0
4674 -0.71458700992349888 -0.5331437267758945 0
4675 0.81719807135540101 -0.48856316154914059 0
4676 0.78726103266870018 -0.37780790217975119 0
4677 0.039629133443117637 -0.97547808611612807 0
4678 0.030646518004304599 -0.98145216775560051 0
4679 0.04855934435673543 -0.9816176975566353 0
4680 -0.35892482151010402 -0.88354466723203406 0
4681 -0.53528625262433205 -0.77070141281252547 0
4682 0.52946629552317248 -0.77635102016421476 0
4683 0.26723753664975458 -0.85594421106359353 0
4684 0.74701346705174443 -0.51565483096334008 0
4685 -0.88323454926661449 -0.2421027817472888 0
4686 -0.63332157982632575 -0.64654731629619966 0
4687 0.44931120661062163 -0.83810616685917994 0
4688 -0.87568562292130059 -0.26709286118982678 0
4689 0.066884883357922822 -0.93260573432523697 0
4690 0.81562995950770001 -0.33413813992183361 0
4691 -0.86453244520369499 -0.19403290492236139 0
4692 -0.30454606216487878 -0.8261317288884541 0
4693 -0.90244796532461646 -0.29070531988161091 0
4694 -0.37396439881218829 -0.83294878661623406 0
4695 -0.88832782044280156 -0.36097333001068332 0
4696 0.93915163115478517 -0.24948049283227569 0
4697 0.94760337368636116 -0.25476698352654509 0
4698 0.66601266335680465 -0.59723523344774532 0
4699 0.45811872013434451 -0.83346430153509599 0
4700 0.16967771692260891 -0.92688938204120275 0
4701 -0.17120000328509499 -0.93198690037426257 0
4702 -0.67348581985039402 -0.57989161416340163 0
4703 0.033585181273223193 -0.90185726915143072 0
4704 -0.36737075036241762 -0.8781487060857599 0
4705 0.25811855503484021 -0.87057690678020427 0
4706 -0.51664868859731017 -0.74166718473144988 0
4707 -0.1380999901300092 -0.97341136019689301 0
4708 0.11062330529327059 -0.89992293923218514 0
4709 0.61231330617446311 -0.6449610574193545 0
4710 0.45854143597252572 -0.82346247765983205 0
4711 -0.52740306898754208 -0.78601546013986967 0
4712 -0.87127932406586428 -0.069751142689321158 0
4713 -0.83668270749688567 -0.36318325289305597 0
4714 -0.30421321815380192 -0.81668055731880207 0
4715 0.24930311057336921 -0.87522490433073585 0
4716 -0.6735554130066137 -0.57040738209746156 0
4717 0.80799395841748356 -0.50312943206655336 0
4718 -0.27097390362597618 -0.84760490271429068 0
4719 -0.51902520464724577 -0.79137975403043936 0
4720 -0.78047640594106849 -0.46041952572136308 0
4721 0.27571200978645682 -0.8612686285516391 0
4722 -0.95516487108164061 -0.0083566505054626927 0
4723 0.61270902191022292 -0.63502514870232007 0
4724 0.65719409243663085 -0.60186759589710448 0
4725 -0.50825809720937576 -0.74703697954261794 0
4726 0.10192201838174041 -0.90454121377384067 0
4727 0.14524680607801471 -0.89120678160971534 0
4728 -0.37352767546857468 -0.8229763602099136 0
4729 0.53946158759006924 -0.74186108011270824 0
4730 -0.77207381653447549 -0.46577763455436921 0
4731 -0.51010917161427594 -0.78680553390579056 0
4732 -0.90843362148372342 -0.2360941507360915 0
4733 0.75624389463300434 -0.50105621714305282 0
4734 0.47573992027220741 -0.82419245798949503 0
4735 -0.72253685311721472 -0.51783473875856445 0
4736 -0.49936976854734688 -0.74245479763871336 0
4737 -0.033316294442928628 -0.8990878299059244 0
4738 0.17809441883512889 -0.93218236445620506 0
4739 0.6045856475454614 -0.63028077706846408 0
4740 0.48454318228416382 -0.81955032350728907 0
4741 0.79956324906381715 -0.49781091832399882 0
4742 -0.84466515860852032 -0.34790044336791842 0
4743 0.20454907245997231 -0.91834908341300925 0
4744 0.221778361146027 -0.91901774196267061 0
4745 0.53100126190315189 -0.73655072594275595 0
4746 0.48498328636063492 -0.80952847516781024 0
4747 0.18690066201227609 -0.92756748538662959 0
4748 -0.39076004182325103 -0.82221957025542902 0
4749 -0.27024485509724328 -0.83721239927025026 0
4750 -0.37532844790497438 -0.86277220685637857 0
4751 -0.49145385944910008 -0.75779142094640595 0
4752 -0.50224344631710516 -0.8021203028115006 0
4753 0.906528985627024 -0.21841400092087501 0
4754 -0.4938535459228538 -0.8074828919790038 0
4755 -0.85263101924938045 -0.33261604801352712 0
4756 -0.39915551436443708 -0.81684121493591477 0
4757 -0.85220809712608159 -0.32267733178703839 0
4758 -0.48491998188851038 -0.80291036078630684 0
4759 -0.93814864191687208 -0.2888620557248866 0
4760 0.50214365553693519 -0.81029923069188126 0
4761 -0.48307682486089942 -0.76316018364923055 0
4762 0.51094969834886739 -0.80566377155930424 0
4763 0.52184273443986939 -0.75116104139391426 0
4764 -0.89081195663299984 -0.21734955432605479 0
4765 0.89045979193557268 -0.18869206772464051 0
4766 0.51142438335711271 -0.79559452600426317 0
4767 -0.76321925334049168 -0.46117082822460242 0
4768 -0.47411525323390857 -0.75858736288996642 0
4769 -0.39871372906801011 -0.80690908767630698 0
4770 0.32780955414680663 -0.79406006800335749 0
4771 0.7743011304696511 -0.48183643815974692 0
4772 -0.47709518644244181 -0.81821911536783221 0
4773 -0.63287164563557385 -0.63660279240797435 0
4774 -0.91565499229454672 -0.2114324586677914 0
4775 -0.76289107727784622 -0.4512034591885779 0
4776 0.51302804690818204 -0.75580509676141827 0
4777 -0.086151881565943944 -0.9455946943642517 0
4778 -0.46813148203060151 -0.81364758167315587 0
4779 0.92303314708426965 -0.22897883405418679 0
4780 0.52857302874990109 -0.79638005065133144 0
4781 -0.46630416191737117 -0.7739050418760911 0
4782 0.95911915210389276 -0.211126977521576 0
4783 -0.75347550189930568 -0.44547125997374892 0
4784 -0.070265469672705944 -0.97549416456045379 0
4785 0.78353563380500857 -0.46724692847604771 0
4786 0.59902664113835946 -0.77820142288348415 0
4787 0.59215939240528503 -0.79327174139919343 0
4788 0.6083418932149951 -0.78222330449019994 0
4789 0.074854937504715682 -0.94764610938130844 0
4790 -0.94252316067890818 -0.23510693904972549 0
4791 -0.46032400036533178 -0.82895366157225947 0
4792 -0.71376180485068352 -0.51334458909640224 0
4793 0.1540197071033067 -0.88656172747403705 0
4794 0.64874812715103203 -0.59654118532102585 0
4795 -0.45788325043184419 -0.7792710517720659 0
4796 0.50454084756471429 -0.75050970706297337 0
4797 -0.45134249005819399 -0.8243839639985816 0
4798 -0.70499218472831471 -0.50932322007759268 0
4799 0.10229765273017059 -0.8947225067567538 0
4800 0.7927691336887317 -0.45265505562591712 0
4801 0.64027507792532101 -0.59111458586033017 0
4802 -0.44893018728190709 -0.77464703675552804 0
4803 -0.62405571848353802 -0.63205751378719877 0
4804 -0.44353747062286419 -0.8396936444728359 0
4805 0.057054320620060391 -0.97611687822388626 0
4806 -0.43510049823176289 -0.84505554529896554 0
4807 0.15438990040398021 -0.87662945390205327 0
4808 -0.44110643138944222 -0.7900293244064287 0
4809 0.72371860833341783 -0.67567150356810701 0
4810 0.49536955811286931 -0.76509936639464515 0
4811 -0.61554819477124856 -0.62777045730310055 0
4812 -0.8673327594870075 -0.27240741598372559 0
4813 0.80200062313157727 -0.43809257390154233 0
4814 0.52903305520124588 -0.78635024965947198 0
4815 -0.4261366980622896 -0.84050474404207809 0
4816 -0.9002368638217717 -0.040465079222740813 0
4817 -0.43215626752168562 -0.78546179201943067 0
4818 0.066495691748514968 -0.94238626077137067 0
4819 0.79358784575440033 -0.43272770791159598 0
4820 0.48655718725705449 -0.76974409012544709 0
4821 -0.033684801100691962 -0.90883295304479261 0
4822 0.79398250950669669 -0.42278666899452888 0
4823 -0.10759909416453201 -0.86064235361413211 0
4824 -0.41837902629912321 -0.85579545930251044 0
4825 -0.40993499680351803 -0.86115567290498662 0
4826 0.86395317872395705 -0.07994348513281635 0
4827 -0.42428669400917302 -0.80077533098053699 0
4828 0.044244049356747653 -0.99078661377006016 0
4829 -0.88223363657723386 -0.21283921090357061 0
4830 0.14600543309058589 -0.87143718589654695 0
4831 0.4780704090002561 -0.76446081763585827 0
4832 0.85889525764441998 -0.16854714885987501 0
4833 0.1949551946477531 -0.94280404985375488 0
4834 -0.40100700595091437 -0.85661605080917191 0
4835 -0.68004177966905843 -0.70830548965240336 0
4836 -0.68970163919858951 -0.71101882034295705 0
4837 0.24085081367245051 -0.8699349631876323 0
4838 -0.41590442115730158 -0.80615091385034499 0
4839 0.96404038836842121 -0.11363954932560009 0
4840 -0.96884497723974161 -0.14777233254758709 0
4841 -0.39323548460503099 -0.87187795670805324 0
4842 -0.043055412535647881 -0.93286577438193707 0
4843 -0.37200396196761121 -0.78310460313121644 0
4844 0.46891943003008041 -0.7790376778935979 0
4845 0.083494159688760353 -0.94305870482879905 0
4846 0.46008829157877218 -0.783678454672881 0
4847 -0.36041161547570111 -0.91377512871931432 0
4848 0.88010642643179815 -0.2220593631517036 0
4849 0.96269632285119855 -0.23830825450201881 0
4850 -0.94011280620399396 -0.20537760628887369 0
4851 -0.96241445631900657 -0.23938975653608779 0
4852 -0.95202385129450395 -0.24014489013844109 0
4853 0.45159505987606818 -0.77837711622981465 0
4854 -0.078819994690533732 -0.98060719031712973 0
4855 0.96486028245019784 -0.18630467392103239 0
4856 -0.1178231600100496 -0.89491035865773072 0
4857 -0.02465089767052742 -0.99211058162181276 0
4858 -0.84339232701836919 -0.31806399905970711 0
4859 -0.0052031325930445866 -0.99212257124861214 0
4860 -0.93023103228513238 -0.17298357016382901 0
4861 0.44249812088888762 -0.79299236036974941 0
4862 0.8456325442737761 -0.21978692274714509 0
4863 0.90397955837441191 -0.26784703673814703 0
4864 0.43368238532680281 -0.79763528330544275 0
4865 -0.38424416143511481 -0.86733486059068077 0
4866 0.024813515436029169 -0.99113592210847667 0
4867 0.01469455911187917 -0.98985102016697013 0
4868 -0.83458166032121828 -0.31345243711908333 0
4869 0.024423388233607679 -0.93571970040304697 0
4870 0.78556825108796691 -0.4174346475165337 0
4871 -0.85894634734469966 -0.27772094357093369 0
4872 0.26984682457803388 -0.8151290478607659 0
4873 0.42512664290834151 -0.79232097850005612 0
4874 0.7769414332370097 -0.42225482421425808 0
4875 -0.5693861241555731 -0.81155629539701779 0
4876 -0.91710882450297992 -0.24064003668814921 0
4877 -0.1027521020523046 -0.98599399450196334 0
4878 0.24124452142891911 -0.859967656125464 0
4879 0.1033106759940408 -0.98607875057746952 0
4880 0.097376102890239097 -0.9780657339367631 0
4881 0.41601080271481899 -0.80693805853662415 0
4882 0.24162879507366669 -0.85001334185882238 0
4883 0.36972338326600901 -0.91973697091907014 0
4884 -0.76417646163608199 -0.63217081763663785 0
4885 -0.50283452123168815 -0.85450678305181083 0
4886 -0.90842791088116082 -0.39740700780687438 0
4887 -0.849402728970714 -0.51172400974264753 0
4888 0.70504930457932391 -0.69810211150970902 0
4889 0.26770331736486708 -0.95465141911944695 0
4890 -0.78682692017084588 -0.60039118543612102 0
4891 0.78888069276259332 -0.60071974993005284 0
4892 -0.81774076664360307 -0.55997214923476513 0
4893 0.73837861942832439 -0.66144772903736715 0
4894 -0.31508438160394642 -0.94033937474547324 0
4895 -0.29510573888957281 -0.9455849295318397 0
4896 -0.80600595065946812 -0.5771881998812276 0
4897 -0.9344973006983508 -0.33347100788965411 0
4898 0.8066512462050901 -0.57756178011423809 0
4899 -0.41467908368340289 -0.8996443199082621 0
4900 -0.17151993717574909 -0.97673399135975603 0
4901 -0.16191632157363769 -0.97831385766194678 0
4902 -0.1910680204071569 -0.97237895616767522 0
4903 0.93409095262786412 -0.33271292088207999 0
4904 0.1703774783265799 -0.97598990967709653 0
4905 0.19096804486401209 -0.97295613719118401 0
4906 0.20051223586077549 -0.97050600926875941 0
4907 0.1229183140391639 -0.98415962368490417 0
4908 0.1426164868616818 -0.9798906838820175 0
4909 -0.46031522040525608 -0.87848793625332777 0
4910 0.75782654186286869 -0.63802961985982454 0
4911 0.74466801244851255 -0.65414542112840279 0
4912 -0.70453609227454872 -0.69818902750872569 0
4913 -0.8004496356921843 -0.58517147028143235 0
4914 -0.26791211336487641 -0.95271869239799734 0
4915 0.95613176805761868 -0.25824449762957191 0
4916 -0.8589496439171902 -0.49484334548300529 0
4917 -0.86799877886988552 -0.47659316952547048 0
4918 -0.1225259433719305 -0.98264719597107497 0
4919 0.40713920318958369 -0.81157062643656008 0
4920 -0.85053936436520261 -0.28302165428246351 0
4921 0.39865466485607881 -0.80632746849677739 0
4922 -0.82580299481328323 -0.30884085502401498 0
4923 -0.1349624714731317 -0.89402043103352002 0
4924 0.4083076086680093 -0.90480069058820289 0
4925 0.38950599443080752 -0.82085117313175548 0
4926 0.87566126305066816 -0.1600749815855684 0
4927 -0.92924946254241481 -0.15513224523723401 0
4928 -0.0079885122189563285 -0.89522999499387879 0
4929 -0.81767808617453253 -0.30395780993528621 0
4930 0.38099243956945378 -0.81559138698095901 0
4931 0.09214404335414568 -0.93847430734418835 0
4932 -0.12657972896087499 -0.89941389047333509 0
4933 -0.84136019297954556 -0.2685690991146697 0
4934 -0.026108372021930459 -0.93361097876084786 0
4935 -0.55726351417955777 -0.6533275123560951 0
4936 -0.48706461936630691 -0.85271680273344774 0
4937 -0.92309411120294116 -0.19671426758997229 0
4938 -0.094870562624686294 -0.95012989116668667 0
4939 0.1110034652340595 -0.89010591627448554 0
4940 -0.91756281818802754 -0.2504721861347517 0
4941 0.58573725505116858 -0.66920428098748586 0
4942 -0.1344522814327915 -0.88412547925743445 0
4943 -0.83300560902655518 -0.27382370119217642 0
4944 0.84941598185146461 -0.51182825019032419 0
4945 -0.1339756760788903 -0.87420454149953797 0
4946 -0.40707222064785209 -0.80160312277908641 0
4947 -0.82434211447470906 -0.26926778867965379 0
4948 0.92636334868467085 -0.35190772546485072 0
4949 0.97202155769258147 -0.13687890328405511 0
4950 0.1197553650428423 -0.88544554251298768 0
4951 -0.90929259086537373 -0.25573838175416591 0
4952 -0.83442993061219495 -0.51751378309082652 0
4953 -0.1337180422390761 -0.86463715142443776 0
4954 0.37225622654878948 -0.82021924035060434 0
4955 0.74252017149596505 -0.64437055622282291 0
4956 0.62251970267216605 -0.59064866454131892 0
4957 -0.93854621736746213 -0.1771933750874026 0
4958 0.96878881265815775 -0.044218510187010819 0
4959 0.36382483298572971 -0.81493744624804632 0
4960 -0.8634975967168026 -0.14644933651151781 0
4961 -0.85515848237219072 -0.14203927582310871 0
4962 0.35538371080209902 -0.80960247800103202 0
4963 0.97690955145407732 -0.17105703094117761 0
4964 0.93615132276718094 -0.068315739437656745 0
4965 -0.85747018049833701 -0.17771717875785631 0
4966 0.000211075373889302 -0.90043128263201067 0
4967 0.96338112713426416 -0.15026410701088649 0
4968 -0.88257326279011705 -0.22257343444665559 0
4969 -0.40663680794536228 -0.79166399795502684 0
4970 0.34695105448999403 -0.80431051151963284 0
4971 -0.87708004741172318 -0.046754949910565453 0
4972 -0.40618369529061432 -0.78169765558316273 0
4973 -0.0091562453394254117 -0.93434283091504788 0
4974 0.27919336549655838 -0.81166115239637282 0
4975 -0.39783218929180492 -0.77728023256879775 0
4976 0.90521857728167143 -0.057108654333841671 0
4977 0.12009824761904481 -0.87570371309617356 0
4978 0.94714270846965642 -0.16765894433708439 0
4979 0.96268459829903597 -0.020399231959617469 0
4980 -0.59753666738021149 -0.62861156153117514 0
4981 0.86077336537469518 -0.13180516403165449 0
4982 0.068528573065438303 -0.86385734798165037 0
4983 0.90881598645917672 -0.39760838362853718 0
4984 0.94555187746130176 -0.038068732135736777 0
4985 0.88238643630268321 -0.041759274409861297 0
4986 -0.9097198141571825 -0.26558157496433987 0
4987 -0.96145751642553323 -0.046130625486744077 0
4988 -0.94548957480164741 -0.037943954117615572 0
4989 0.9146686737682006 -0.025288729981768159 0
4990 0.42621136302217733 -0.75486623581178192 0
4991 -0.91841016308689505 -0.27012909934394369 0
4992 0.89902234944441484 -0.033992029765952642 0
4993 -0.91655291640458447 -0.37954754415474251 0
4994 -0.90791825341217047 -0.044541328112238772 0
4995 -0.057511073340363261 -0.87494650136651342 0
4996 -0.86165982790556772 -0.1101934314671375 0
4997 0.66911984847354722 -0.73183755012758345 0
4998 -0.87432250554178648 -0.2278141365765598 0
4999 0.0077096432491115963 -0.93502015173835995 0
5000 -0.91893191879372171 -0.2800271273898442 0
5001 -0.1035929763886507 -0.95467114212840198 0
5002 -0.86337489814579649 -0.12810765550853931 0
5003 0.89927118442121723 -0.16560248569327671 0
5004 0.86782141168707005 -0.1550968781992503 0
5005 0.01655475764031401 -0.91075470004938364 0
5006 0.015902336858379652 -0.94023680196765691 0
5007 0.0084147717944334927 -0.90566729054268569 0
5008 -0.86563296872337636 -0.2232982781264721 0
5009 0.94604947805239015 -0.29628688753529347 0
5010 -0.23675644387121081 -0.84916792884447478 0
5011 -0.93065486469493486 -0.0565858959485529 0
5012 0.88262891919523878 -0.18375960073711561 0
5013 0.72199301196812915 -0.47985920694985379 0
5014 -0.85324056434400575 -0.095683459699502052 0
5015 -0.1123652749847302 -0.95925109873123027 0
5016 -0.73736913811389648 -0.63240116321403939 0
5017 0.86420304261916758 -0.070076137976215314 0
5018 0.97135710960196153 -0.1190028489320899 0
5019 0.96696587137876822 -0.2197263226432522 0
5020 -0.8927652283900509 -0.084650003306072572 0
5021 -0.94640334879571553 -0.17217402679805591 0
5022 -0.87126262167930257 -0.077941505294238433 0
5023 -0.86307971920543713 -0.081629024502163916 0
5024 0.8225067702628589 -0.55317294309829301 0
5025 -0.92361186527240557 -0.20622875836287241 0
5026 -0.1127574114066091 -0.96902928399166 0
5027 -0.96083798513835739 -0.036465672960833202 0
5028 -0.86144422596558479 -0.10073590410617821 0
5029 -0.92787617567282332 -0.28447945787126178 0
5030 -0.77011560498825338 -0.41605505465264131 0
5031 0.93720677053441959 -0.32421234159950252 0
5032 -0.97596759338362404 -0.1155415684209562 0
5033 0.1003994925866844 -0.94369345143090366 0
5034 -0.94608054953826937 -0.29638629377976228 0
5035 -0.97806677395275643 -0.162371796167116 0
5036 -0.90209756229811022 -0.066554266621885558 0
5037 0.94966563570729756 -0.077433075064036461 0
5038 0.95687935702814786 -0.083540142539901358 0
5039 -0.57771433107860337 -0.80581468762128083 0
5040 0.47029628353202468 -0.73952067154562262 0
5041 0.55332207838042002 -0.82248485506107494 0
5042 -0.85626153687040552 -0.18872854069472139 0
5043 0.033422354971174822 -0.91160024288397612 0
5044 0.92791222440715848 -0.30370562925402761 0
5045 0.1000467302674718 -0.95357198408778832 0
5046 -0.88554989791162697 -0.11409670780176639 0
5047 -0.98402189764470782 -0.12226691236630691 0
5048 -0.78216095346566328 -0.35712665447970521 0
5049 -0.8067865540081427 -0.29238350294781418 0
5050 -0.69553746446154929 -0.5048127480435215 0
5051 0.099586193698054687 -0.9633487522944385 0
5052 0.80790377085559761 -0.29115041910405931 0
5053 -0.85742611554058978 -0.22842329942641779 0
5054 -0.25858095595356961 -0.94712595556192292 0
5055 -0.48604176254607973 -0.86418283430110154 0
5056 0.97127562314349725 -0.15551623203116891 0
5057 -0.94289848694939393 -0.25409909803837522 0
5058 -0.93222784492780986 -0.21064330553161059 0
5059 -0.75753977741588108 -0.63912185838201441 0
5060 0.023295405030317861 -0.96511630791270475 0
5061 0.86522291645452509 -0.0074420650578353176 0
5062 0.77860275536020962 -0.38250683933281082 0
5063 -0.2068847682072342 -0.95959839005775915 0
5064 -0.86545512887399279 -0.0078327778980705181 0
5065 0.29822496703707818 -0.93667338756426166 0
5066 0.97661497367736205 -0.040683640515333318 0
5067 0.872737873645544 -0.065091104353884988 0
5068 -0.88473568945084868 -0.096461785422879226 0
5069 0.01553804322990358 -0.95012123602411402 0
5070 0.71441001065044585 -0.49499022864957998 0
5071 -0.73972453461187693 -0.64434185892968965 0
5072 0.72330086902733659 -0.66435486637956664 0
5073 -0.32425830804214362 -0.93733964660276425 0
5074 0.93805555865500567 -0.032866423780391459 0
5075 0.86359856722469674 -0.21174255489921259 0
5076 -0.65488018446984519 -0.7449386747813882 0
5077 0.015209339650661839 -0.95996861263565081 0
5078 -0.86593467520293421 -0.44591622956620741 0
5079 0.14670554690981169 -0.86190897776916631 0
5080 -0.87370066449162131 -0.43098716006944132 0
5081 -0.86723360703660668 -0.042999756308412032 0
5082 0.6908220878871818 -0.7117395148815211 0
5083 -0.95520919652907355 -0.17646205564916809 0
5084 -0.73721145546252231 -0.45760208106268407 0
5085 0.89961028555268474 -0.15645861601577291 0
5086 0.023078093385878181 -0.97508605503849388 0
5087 0.89375611289180412 -0.11469367939794441 0
5088 0.33827690706665292 -0.79923609568050746 0
5089 0.4614957911640345 -0.74432141430341159 0
5090 0.91249680708098957 -0.0616134248744626 0
5091 0.1988997223055485 -0.84376657252542286 0
5092 0.95248953156696126 -0.1201680156410901 0
5093 0.36041399730512952 -0.91417522686051678 0
5094 0.85959010605837349 -0.15904095415591341 0
5095 0.72248544624645339 -0.46296557853757858 0
5096 -0.96675271453764045 -0.22008580328448221 0
5097 0.70507003702985815 -0.68305489604312131 0
5098 0.88741550822477322 -0.44330834437653149 0
5099 -0.92131585738400157 -0.3396041052995552 0
5100 -0.92390318680770633 -0.07015052613224948 0
5101 0.51786507945713267 -0.68439891620751758 0
5102 0.63347013969678678 -0.74997915801560699 0
5103 -0.77639667562058012 -0.61741427798460558 0
5104 0.81720638568933501 -0.26281783787115798 0
5105 0.85506989689030488 -0.20576998818354361 0
5106 -0.64725492926354855 -0.75122786353103876 0
5107 0.1640036760898867 -0.8527905933487141 0
5108 -0.80304908009823195 -0.56783000651370552 0
5109 -0.37012290029602068 -0.91997506023216591 0
5110 0.099333052449557008 -0.86110079924799376 0
5111 0.8586481834583285 -0.4939986212400212 0
5112 0.92058491172837709 -0.058161050561904397 0
5113 0.47917266901676159 -0.71475804157054079 0
5114 -0.97246707704596136 -0.190963860215486 0
5115 -0.96512063560431516 -0.18099968143428519 0
5116 -0.78559771850392213 -0.58977519958350388 0
5117 -0.94913594760676034 -0.2099191361920765 0
5118 0.91614207653011381 -0.37962451346905352 0
5119 0.57617391300836596 -0.65859546977874528 0
5120 -0.95236192288141175 -0.1226034780801436 0
5121 0.80512438352754834 -0.56231354915941711 0
5122 0.55366163459660267 -0.8119037312258035 0
5123 0.88223653107626276 -0.1932242443431744 0
5124 -0.1426923554537933 -0.98179892789051415 0
5125 0.38655924275256848 -0.89011747480212033 0
5126 -0.64354749128709898 -0.56743417133488916 0
5127 0.89768231218272376 -0.087322103181499952 0
5128 -0.0048113177931632346 -0.8576254541715217 0
5129 -0.57888919224858593 -0.79418239621618691 0
5130 -0.66863986957290478 -0.55717507527298382 0
5131 -0.17745953874394629 -0.85736990138462554 0
5132 0.80147349715244887 -0.33559349013268902 0
5133 -0.90763159280031569 -0.035515081710667432 0
5134 0.68574617505794122 -0.52989643115468221 0
5135 0.99194100053253143 -0.01446270983806419 0
5136 -0.99190613577581321 -0.015372677153845139 0
5137 0.32461538899560272 -0.93177423815735194 0
5138 -0.372598969179185 -0.77326528466104394 0
5139 -0.46961210890285832 -0.86370801812232956 0
5140 -0.40707135724299343 -0.90573043837134848 0
5141 -0.97987927595756175 -0.091047537837957451 0
5142 -0.90467355887306078 -0.0081428901861379729 0
5143 -0.95225866452726982 -0.11273804202149521 0
5144 0.37756643102247572 -0.89496931651037215 0
5145 0.80108388924519902 -0.58575961239157204 0
5146 -0.38135084302842992 -0.7686149359198835 0
5147 -0.083826689706574642 -0.98886721003015587 0
5148 -0.010332672124793871 -0.98341148673299372 0
5149 -0.090779133778467996 -0.86240850547395587 0
5150 -0.94389970272938983 -0.30565446715015299 0
5151 -0.95289061375056761 -0.13125955504259429 0
5152 0.96535616189053863 -0.079239014911873198 0
5153 -0.62617452929917394 -0.59871653733080188 0
5154 0.93871993431396961 -0.02385038364364888 0
5155 0.83821312784968582 -0.1856299437610783 0
5156 -0.66270253558398473 -0.72957451134991236 0
5157 -0.95282697808342998 -0.032880421351065808 0
5158 -0.220047943349233 -0.96749022054991063 0
5159 -0.28749904916408808 -0.8172732794476808 0
5160 0.83663021447065733 -0.24531635922360581 0
5161 0.34552029260246242 -0.7854335616614796 0
5162 -0.94520857991347418 -0.13599950865714269 0
5163 -0.1507256272776864 -0.85470299121303062 0
5164 0.88167652886532144 -0.20270489506633529 0
5165 -0.89676178128195227 -0.1737114371720084 0
5166 -0.042260487156731613 -0.87386990819173083 0
5167 0.8695101484076353 -0.46140286572970518 0
5168 -0.88447403949208492 -0.10441731670200589 0
5169 -0.027223769404153941 -0.97224387988536221 0
5170 0.92346908823416585 -0.18984507070630199 0
5171 0.86174019685182623 -0.1031916848645303 0
5172 0.89266519215995999 -0.12444288424790879 0
5173 0.82732959626026858 -0.25988324385583239 0
5174 -0.95207394101363008 -0.2779352919526859 0
5175 0.97053037749593862 -0.017546458819217649 0
5176 -0.76278265540647094 -0.43127929827933809 0
5177 -0.7624345025073237 -0.42176939125879198 0
5178 -0.064471513489833016 -0.990025625050448 0
5179 0.94379322843413838 -0.3057956148410379 0
5180 -0.77618322061254452 -0.36666192364815953 0
5181 -0.88359207770545578 -0.45115060535391083 0
5182 -0.18184157756963271 -0.9658138475654845 0
5183 0.55111419616454227 -0.66843744316026843 0
5184 0.2869425894793366 -0.94972714889552567 0
5185 0.28693746337636999 -0.8174236368542529 0
5186 0.9405361075352775 -0.13644247320404551 0
5187 -0.96661761603467244 -0.092921277301673835 0
5188 0.91562915154476432 -0.1320484397761455 0
5189 0.97266853736940517 -0.092257349492500945 0
5190 -0.59441558771570546 -0.79582183139654805 0
5191 -0.97710083919709123 -0.17170810172268189 0
5192 -0.35155146512817148 -0.92793045802224472 0
5193 0.9727644152343623 -0.083292408157281339 0
5194 0.6042080248934667 -0.62107360322701455 0
5195 -0.71387351550984468 -0.49471549870492032 0
5196 -0.71960600787558504 -0.68334376881284598 0
5197 -0.8879611294248011 -0.44258606750279572 0
5198 0.87289799914034261 -0.2073208530943251 0
5199 -0.46895722056193412 -0.87370456819089748 0
5200 -0.88353528863256281 -0.023587837892901749 0
5201 0.18389570137059319 -0.96656437706905296 0
5202 -0.92269711423648959 -0.034752725408806827 0
5203 0.89113199035162582 -0.016727773243803049 0
5204 0.82975515048060899 -0.22429704839140099 0
5205 -0.80979646163599051 -0.30817747295547282 0
5206 0.21926621425263451 -0.9672231648767442 0
5207 -0.15464760461519461 -0.97198735243304679 0
5208 -0.68786383317982414 -0.51267508663247086 0
5209 -0.19127433127416041 -0.8372352304473003 0
5210 0.35178650084213597 -0.92784679814484994 0
5211 0.94677872550364639 -0.26434408182125341 0
5212 -0.095525190929396833 -0.97935663731320255 0
5213 -0.58948955936740666 -0.63485313843424673 0
5214 -0.95796568327699139 -0.2241394002291183 0
5215 -0.28716514273922061 -0.95076633778752206 0
5216 0.1067965146089724 -0.9774922124960771 0
5217 -0.48799947412340161 -0.71810986085687278 0
5218 -0.43360508217351601 -0.89252254602024683 0
5219 0.66770517645761018 -0.56838702982563027 0
5220 -0.73811562940569109 -0.66276569893620751 0
5221 0.024122226646269781 -0.85747006085814925 0
5222 0.35450510883091352 -0.78128094845424945 0
5223 -0.97445244599397052 -0.0077131001333546906 0
5224 0.44470013431566519 -0.74433402204786192 0
5225 0.25452439933554771 -0.94905351343058209 0
5226 -0.85590056854863317 -0.13219467420605099 0
5227 0.97856383399524971 -0.16164417372050011 0
5228 -0.55744095121786563 -0.67563689930558957 0
5229 -0.83564033406098037 -0.53612426509229549 0
5230 0.85099378083803345 -0.16227894547427971 0
5231 0.063897913392883199 -0.99043025684985531 0
5232 -0.64836412724849113 -0.5868978396511948 0
5233 -0.91358105709951942 -0.36393552190710021 0
5234 -0.65403771616203743 -0.73520133010332123 0
5235 0.2961945748837847 -0.9464075533430123 0
5236 -0.33066140790119691 -0.81142122585850007 0
5237 -0.9838165170269999 -0.020386542873935699 0
5238 -0.1942833806115237 -0.85726177330743925 0
5239 0.21656692000784569 -0.84465740672995882 0
5240 0.57019179484260529 -0.8123558511543848 0
5241 0.57929559302985156 -0.63324848388767485 0
5242 0.78694470816512152 -0.59113602671765453 0
5243 0.95585334142673339 -0.231183965520461 0
5244 -0.25371133113978861 -0.82980160970552896 0
5245 0.45311743770040658 -0.73959813606722014 0
5246 0.87627673723213184 -0.017206844335402809 0
5247 -0.84973839575167409 -0.2335366339144368 0
5248 -0.75266150452501424 -0.41063680128744517 0
5249 -0.22867577739827419 -0.83527644413292912 0
5250 -0.86513946552252696 -0.17365779866930181 0
5251 -0.38962440396627018 -0.77290757586430958 0
5252 0.43567557357119602 -0.74932376541386625 0
5253 0.83397218274032814 -0.53730471244564115 0
5254 -0.81630571748413405 -0.26411467209528172 0
5255 -0.45268212485483661 -0.87331001694449106 0
5256 0.76905153537770909 -0.41791900834307738 0
5257 0.97300221029905631 -0.19193412283331759 0
5258 0.16193321587856899 -0.98010461258637371 0
5259 -0.5954443952055154 -0.78095800666797599 0
5260 0.84290123287276342 -0.15523422671635259 0
5261 -0.409151992211638 -0.753074074540106 0
5262 -0.39333724199334158 -0.90006503573900831 0
5263 0.97971315049080143 -0.097374855190667201 0
5264 0.053375026138436317 -0.85598187924881808 0
5265 -0.95230071584963527 -0.023607252268106959 0
5266 0.90063421179779668 -0.025899843552136089 0
5267 0.134152798257241 -0.97390018981740867 0
5268 0.76563175566921959 -0.63268713098439078 0
5269 0.60753802174481841 -0.77299218407320525 0
5270 -0.98368763085326449 -0.030290957624765202 0
5271 -0.84096905958013357 -0.21078390919497511 0
5272 0.2429306364723369 -0.84165605701492652 0
5273 -0.77764596849922984 -0.3822254816826951 0
5274 -0.03863865802440776 -0.86466278708840216 0
5275 -0.66246993306310475 -0.54401428039747657 0
5276 -0.22983964893673139 -0.96475973015793492 0
5277 -0.88559395447515554 -0.087701611217310432 0
5278 0.67703616170423353 -0.72555050731349002 0
5279 -0.72075072569806353 -0.47999863690481809 0
5280 -0.2029874357653661 -0.83352140696624133 0
5281 0.77941982121705133 -0.35639934756920139 0
5282 0.90683523969867574 -0.38221262946338719 0
5283 -0.93840871104657508 -0.32462813221368703 0
5284 0.0068303368659808784 -0.98302519387226184 0
5285 0.52782749684778796 -0.83479095775145251 0
5286 0.67595380360173896 -0.55503006924317921 0
5287 0.89700072734430047 -0.42536520783883153 0
5288 -0.90160500603179683 -0.14134842552572879 0
5289 -0.46218347307904889 -0.73354317473610375 0
5290 0.80883442059883148 -0.30790613452482812 0
5291 -0.30801542602074128 -0.9346398952513697 0
5292 -0.84954940137095913 -0.24375655763199219 0
5293 -0.52945224213235564 -0.83862557415789629 0
5294 0.88530114879780797 -0.1027561443199335 0
5295 -0.87519009124691938 -0.46919812707839798 0
5296 0.63438197474378277 -0.763897765088554 0
5297 0.37321317854135477 -0.79150379997338272 0
5298 0.20712322611232181 -0.8494205635335681 0
5299 -0.92234062450581766 -0.025449174187911729 0
5300 0.54270371335676182 -0.68296929923028038 0
5301 -0.02824906332371217 -0.98289666505175466 0
5302 0.29672071672397898 -0.81363195902809748 0
5303 -0.9370099852930488 -0.01622186044384177 0
5304 0.089133953192973805 -0.97772572013111358 0
5305 -0.82099924422263437 -0.25266734361144921 0
5306 0.76173050350781357 -0.39262670043811793 0
5307 0.42624457279091699 -0.76378109584869958 0
5308 -0.854436131528995 -0.065024598642839479 0
5309 -0.87366614281114863 -0.44019163848483711 0
5310 0.69682689203937076 -0.51356793529495337 0
5311 -0.04407747074719838 -0.99162513549735476 0
5312 0.1210589569385173 -0.86730267934302452 0
5313 0.64867091132162447 -0.75169461283720362 0
5314 -0.67486159101101517 -0.52796946812981271 0
5315 0.63599037506936629 -0.57419322522967176 0
5316 -0.97492082381537593 -0.1348837786277329 0
5317 -0.43700666900512247 -0.75003460295286306 0
5318 0.61535583690118401 -0.59675919664279442 0
5319 0.78703540202216549 -0.33808127537768379 0
5320 -0.54205168827995331 -0.67375581858906319 0
5321 0.38166189847815762 -0.77791260814138585 0
5322 0.61582373802302703 -0.76830760518320829 0
5323 -0.98363907765103242 -0.039836721879932993 0
5324 -0.554428910631515 -0.82245853894135257 0
5325 0.92533330880030196 -0.33415321718403929 0
5326 0.97902677482029277 -0.1065728440296364 0
5327 -0.94962423376965432 -0.24920483967781051 0
5328 0.34182262305359512 -0.93149049321396638 0
5329 0.88458896714836455 -0.110810022322453 0
5330 0.91372476095259447 -0.1248817828325748 0
5331 -0.81141353594420096 -0.3289660154216465 0
5332 -0.85012513491931085 -0.49559030072272647 0
5333 -0.90011512205420563 -0.13010451071662041 0
5334 0.41690250282659452 -0.76827770394233963 0
5335 0.92502083909277488 -0.3617810772759989 0
5336 0.91802919868370758 -0.01615637250307838 0
5337 0.51555207391379632 -0.70828788538355147 0
5338 -0.39815707895578412 -0.76739940706153398 0
5339 0.9549999999997375 -0.006645365744504997 0
5340 0.36367292749499991 -0.78634863132103117 0
5341 -0.76163549421181254 -0.62364266415823244 0
5342 -0.61005044594927704 -0.78414095959167085 0
5343 0.77760734411532595 -0.61674203604635403 0
5344 0.93933780886541851 -0.016232319500926681 0
5345 0.30671857627111021 -0.81024623640816396 0
5346 -0.44434065811894252 -0.87798123036177267 0
5347 0.39052187384247589 -0.78231857602907628 0
5348 0.1487725386067891 -0.85274978469846308 0
5349 0.83614838352965271 -0.25558877658977741 0
5350 0.69663161608846602 -0.69585650852079139 0
5351 -0.29627719538138519 -0.81300840114500095 0
5352 0.9350425468057505 -0.30894044541235283 0
5353 -0.85836916711789146 -0.47984452498998831 0
5354 0.99080668255485216 -0.063008994158566797 0
5355 -0.97284097656176549 -0.201062252492721 0
5356 0.94748818967067661 -0.17632561578063849 0
5357 -0.68756718581155529 -0.70227700058558262 0
5358 -0.76146491598774413 -0.39244505014085951 0
5359 -0.9046131014036366 -0.080902123545427654 0
5360 0.93703357051129488 -0.076549256191742493 0
5361 0.022216285910149191 -0.98328737861661997 0
5362 -0.024386694547564331 -0.85660739550767073 0
5363 0.86966882555063774 -0.47912702710496707 0
5364 -0.80296354238761691 -0.34487903949230558 0
5365 0.39836724633334392 -0.76841844951431792 0
5366 0.80904023223868682 -0.28153193088604322 0
5367 0.9433727710058486 -0.072680895806242762 0
5368 0.40769119405047533 -0.76390832711856738 0
5369 0.73022564867793638 -0.65996545888373848 0
5370 -0.89775473597644551 -0.42519146324854978 0
5371 0.013063955422900691 -0.85730260337373743 0
5372 0.57816365682087678 -0.80694146049362658 0
5373 -0.98333361520322438 -0.049819246197279912 0
5374 0.03951363778486932 -0.98402246680923899 0
5375 0.88612759815389774 -0.096342367943144547 0
5376 0.84049107612073326 -0.52746210911748981 0
5377 -0.98250751349100085 -0.059810555349653419 0
5378 0.76963728163463552 -0.40559138620359347 0
5379 0.75190616597790627 -0.44594244428845048 0
5380 0.078088072093067673 -0.86139364094599369 0
5381 0.74933051401627648 -0.63887339324894099 0
5382 -0.62318954550303229 -0.61414441967154543 0
5383 0.036421517444152812 -0.86511619483846036 0
5384 0.97322236086476721 -0.075183512999301344 0
5385 0.17233720056663721 -0.83968240695747909 0
5386 -0.94481484400193827 -0.071199589544609157 0
5387 -0.7921865019501434 -0.58489897677405545 0
5388 0.99245920790499176 -0.05443722665112094 0
5389 -0.34272729019150988 -0.93137196279450896 0
5390 0.96922679887437235 -0.17260608147549161 0
5391 -0.58173672948943989 -0.64085374775671622 0
5392 0.93232957231995639 -0.13350978422133089 0
5393 -0.69553139191693458 -0.69644979089869086 0
5394 0.89604923272227199 -0.40697116814402551 0
5395 -0.92283021472527227 -0.016560412549323941 0
5396 0.46392182273183979 -0.87635985982392994 0
5397 -0.075734016498338566 -0.86284492315187555 0
5398 -0.84112216256954575 -0.5121504583956451 0
5399 0.84470306641844384 -0.14593180061303099 0
5400 -0.55738722182176392 -0.66358555200783953 0
5401 -0.66924102244702832 -0.73395302163495091 0
5402 0.9717331397133524 -0.20169585123418671 0
5403 -0.82487565656920092 -0.55380754535399113 0
5404 0.44642363308188537 -0.87590253279566255 0
5405 -0.1336169806031566 -0.85575503010951659 0
5406 0.2796440120250549 -0.94455180827262819 0
5407 -0.92530908494199604 -0.13010057569601879 0
5408 -0.89842747544358059 -0.110895441690326 0
5409 -0.73076290539143085 -0.46292748055239852 0
5410 0.9243588779598011 -0.071495019259002035 0
5411 0.94914726483388101 -0.1339134982579972 0
5412 -0.7438950125748901 -0.44396187038720369 0
5413 0.73855989615891871 -0.45259795592801522 0
5414 0.95607196783610227 -0.1816695516938687 0
5415 0.47329035708012412 -0.86168508410667466 0
5416 0.78016889047589899 -0.37360224272405879 0
5417 0.71959570726356659 -0.68465538367367385 0
5418 0.4431480557038725 -0.88994865713689697 0
5419 0.88492592583007901 -0.45200101773605378 0
5420 -0.95089626326707288 -0.089234967174451035 0
5421 0.75188378059659911 -0.42761357791662141 0
5422 -0.1142565241964254 -0.97698459127939308 0
5423 0.90733052813825954 -0.1276405185453294 0
5424 0.94478714171411637 -0.1196690882830779 0
5425 0.84107786206098878 -0.51275858430953114 0
5426 0.97802854719842047 -0.1154357210967315 0
5427 0.53339243511604673 -0.6703428150901849 0
5428 0.68789600482408741 -0.53828749467366799 0
5429 -0.93611389719603211 -0.30779677161892871 0
5430 -0.33385232930762698 -0.79807252408065477 0
5431 0.48685458587738589 -0.86630854843497895 0
5432 0.083877688983129473 -0.99021440501865809 0
5433 -0.20113334443035169 -0.97318494886761564 0
5434 -0.98757951812979261 -0.1041006788186208 0
5435 -0.44390217626585582 -0.88764645365536932 0
5436 -0.7267221823851856 -0.677829494485096 0
5437 0.95415308566728185 -0.27782440194438751 0
5438 0.95452717355401151 -0.2409489467896197 0
5439 -0.38941469441795129 -0.91431303086331595 0
5440 -0.54139633100837148 -0.68808352992620825 0
5441 -0.77696395278577668 -0.60300486907414075 0
5442 -0.88030965396718808 -0.44412072253740381 0
5443 -0.86508643130693386 -0.16417010608385049 0
5444 -0.89787977571231881 -0.079241910014185346 0
5445 0.95238482548246794 -0.088864766794412103 0
5446 0.43448505322274872 -0.89349823631857972 0
5447 0.54318343527088409 -0.67365991837093808 0
5448 -0.95154653156660152 -0.015551079119591761 0
5449 0.92147186798935099 -0.13977669381919361 0
5450 -0.17492854612372599 -0.96931358242722754 0
5451 -0.61141891240270996 -0.76990725694613027 0
5452 0.98233496110552521 -0.045646297879331443 0
5453 0.21280098898282529 -0.96131833461838956 0
5454 -0.90448068268712367 -0.39004580707833608 0
5455 -0.39692468376942841 -0.75946833170210182 0
5456 0.32280160433199512 -0.80829473316158651 0
5457 -0.74590771620118057 -0.65403563084966909 0
5458 -0.064095662943305112 -0.87071537248670472 0
5459 0.1037530594195146 -0.86712276495157337 0
5460 -0.89638450261097535 -0.40579772010040599 0
5461 0.59700567946903738 -0.62655023230850682 0
5462 -0.95948477123753539 -0.25890072351791921 0
5463 -0.95742258594302232 -0.2329413991307199 0
5464 -0.90622564643786452 -0.1280167514897739 0
5465 -0.89995367936372639 -0.01442835281306009 0
5466 0.58017300599414079 -0.64390617885466084 0
5467 0.49040649032752498 -0.85244787806051203 0
5468 -0.95635840085583512 -0.075523240481771156 0
5469 -0.85513751462880228 -0.054924147143112077 0
5470 -0.11723974793540989 -0.85750739731878056 0
5471 -0.92636264703807891 -0.13972858433396379 0
5472 -0.81857571020400355 -0.28430154992598899 0
5473 -0.80954986236707005 -0.5615696121964826 0
5474 0.85733693502318042 -0.0073768378922476436 0
5475 0.51712917461286212 -0.69411564973710593 0
5476 0.1755522271552051 -0.96948538507698934 0
5477 -0.85733693505832143 -0.0073768379430989408 0
5478 0.72488632174640577 -0.47101640661904282 0
5479 0.62330778136327503 -0.77266918167422149 0
5480 -0.85676324782021895 -0.12420499327466369 0
5481 0.77513034378752943 -0.60701936466503914 0
5482 0.41982539855094259 -0.88939106166759463 0
5483 0.33341421336706922 -0.92702840484533344 0
5484 0.86542229238384216 -0.087413417517303055 0
5485 0.95850225100771302 -0.10681336648316909 0
5486 -0.92916938375552238 -0.35265582738464007 0
5487 -0.99264664591953056 -0.0073015444259495049 0
5488 0.99264664593043817 -0.0073015444323486917 0
5489 0.84852398032095 -0.2109072387205809 0
5490 0.00054107014938003161 -0.86403442988473267 0
5491 0.5017517275379082 -0.70416994645510478 0
5492 -0.96999459833980284 -0.17433428097278131 0
5493 -0.6407371213133588 -0.59324702627115911 0
5494 0.95873103807912141 -0.1187934618589445 0
5495 -0.7564799246322792 -0.43618968039132833 0
5496 0.24709481957907731 -0.8285568798975057 0
5497 -0.27403486065175248 -0.94480062337732174 0
5498 0.1264300400034537 -0.97709866506153098 0
5499 0.57771593249485653 -0.79811849928711187 0
5500 0.6517652441640871 -0.56790890968576713 0
5501 -0.66004364742722954 -0.55925223782720956 0
5502 -0.15783597249303091 -0.86021594807822277 0
5503 -0.94317154336787967 -0.2816571071267846 0
5504 0.82076575330074453 -0.54359356400025705 0
5505 0.47067589500025409 -0.87483767664951417 0
5506 0.67575300275661898 -0.71724525827069818 0
5507 0.50419370679025566 -0.8568165622233852 0
5508 -0.098054272962154548 -0.85880194073019733 0
5509 0.31284647616919192 -0.81527540693466205 0
5510 0.98060764451885452 -0.071293094325895701 0
5511 0.71488833604267055 -0.48716085096154832 0
5512 -0.79088080425770435 -0.35279266192114372 0
5513 0.80368387184104884 -0.57019081765278767 0
5514 0.98402738015999613 -0.037847842294320221 0
5515 -0.2370946060452809 -0.83163446774555361 0
5516 0.1004533197474697 -0.97089587180699011 0
5517 -0.86484938052210214 -0.074037761282122 0
5518 -0.67896050880875203 -0.72439393514240236 0
5519 -0.97753549407792106 -0.074119823542526983 0
5520 0.41671171513628519 -0.90273705727159725 0
5521 -0.52603309623854599 -0.68676500831499365 0
5522 0.2174736958300155 -0.83665355224947402 0
5523 -0.84943207477052873 -0.20683472784312801 0
5524 -0.97581431383902995 -0.062681372401952193 0
5525 -0.69001647458290449 -0.52072710160026836 0
5526 -0.42681833257585 -0.88820581541410171 0
5527 0.8762095741072492 -0.46695121857418947 0
5528 -0.88246409949908999 -0.015409843421348121 0
5529 -0.41515340171869802 -0.75843728306453606 0
5530 0.39285403099468791 -0.9024413392801991 0
5531 -0.12877813392027271 -0.97607666218605349 0
5532 -0.2995359689221529 -0.93845241657049694 0
5533 -0.67416651442422471 -0.56246641605760261 0
5534 0.23048785930550561 -0.83452580105228535 0
5535 -0.30458243213475339 -0.80886834417745057 0
5536 -0.33638079663662968 -0.92666914191564476 0
5537 0.97700873741080829 -0.1232808217963577 0
5538 0.85138644327574031 -0.1977771173592579 0
5539 -0.57435251819279098 -0.64683266652437155 0
5540 -0.21391819488026001 -0.96218672241651249 0
5541 0.80909506441953283 -0.33864918958566781 0
5542 0.70763544546902901 -0.49875555867834309 0
5543 -0.62558055781258348 -0.77239956267875565 0
5544 -0.8431530006508875 -0.22919614313278139 0
5545 -0.97423048493274167 -0.14280177539699571 0
5546 -0.038608406864132971 -0.9834361743327783 0
5547 0.96447840017536435 -0.20438903529178229 0
5548 -0.25963555311852932 -0.82568966525999721 0
5549 0.98502564943802984 -0.029673128462411699 0
5550 0.98461776208996366 -0.015619794973586079 0
5551 -0.019656754289633371 -0.98568852694539977 0
5552 -0.1461583585900138 -0.97525988442997702 0
5553 -0.030129736620525181 -0.86404337844280565 0
5554 -0.31729893992704122 -0.80548752628515308 0
5555 0.058957611887087133 -0.86195203570727252 0
5556 -0.18590138362133199 -0.8531288525118168 0
5557 0.61688197309671988 -0.60521535494227896 0
5558 0.40191404695347049 -0.89911215407608847 0
5559 -0.90767905729192799 -0.14252404632786631 0
5560 0.90697698249951009 -0.02343884045717513 0
5561 0.82995206516051434 -0.24054208565020871 0
5562 0.84977479521887545 -0.49706750942648581 0
5563 0.27087159710195879 -0.94800087033194624 0
5564 -0.91277591393255009 -0.37292034878094399 0
5565 0.70400165439491247 -0.69024756876213311 0
5566 0.8850394235723571 -0.090754703066201245 0
5567 -0.0008618576337562448 -0.98581725448359525 0
5568 0.4591010746071652 -0.88106658408402594 0
5569 -0.70587008401567064 -0.50070385872628198 0
5570 -0.75582197537429852 -0.41740477634712642 0
5571 -0.70258233416632909 -0.69068867149210622 0
5572 0.85440107119617703 -0.1362255826370937 0
5573 -0.087715255071852447 -0.98247208254286833 0
5574 0.14935135115328779 -0.97315968331806757 0
5575 0.81976977507614324 -0.56251506779679838 0
5576 -0.2513885491043269 -0.95076938184605808 0
5577 0.057873188591583032 -0.98375384959886647 0
5578 -0.81084140411175998 -0.29971361518622441 0
5579 0.51846513044242126 -0.84694275401698038 0
5580 -0.45027537075430868 -0.74473782101484709 0
5581 -0.93411026555701304 -0.14361987615171359 0
5582 -0.05091496012086158 -0.87181041135765336 0
5583 0.65631295450846128 -0.74716692167012422 0
5584 -0.51807033838182648 -0.69159250828439545 0
5585 0.53006958728810272 -0.84107401857900155 0
5586 0.57881062919463733 -0.6657501201937106 0
5587 0.90526886654026384 -0.3910093958122372 0
5588 0.92567471932255019 -0.01539329808340262 0
5589 -0.86233826707181116 -0.05078747349652693 0
5590 -0.82976526917488425 -0.2471626261415269 0
5591 0.81099706033514474 -0.29882037498610342 0
5592 -0.61645424200865562 -0.62015906907706897 0
5593 -0.42333070209192641 -0.75393290328910867 0
5594 0.32528070884445348 -0.93984852953977449 0
5595 -0.18558487452159439 -0.84547902813616627 0
5596 -0.069650275639359521 -0.98321350271187735 0
5597 0.79367241900885266 -0.58583986852493652 0
5598 -0.92675445377431398 -0.33456258990829818 0
5599 0.66889315470586153 -0.56123761291101204 0
5600 -0.92998137018209714 -0.01359362994366572 0
5601 -0.7140077065115773 -0.48700552319365831 0
5602 0.49882216710122018 -0.7181533355925408 0
5603 -0.53941784453753705 -0.82819572288474563 0
5604 0.85721410401667431 -0.48514745619718491 0
5605 -0.96877882892493716 -0.014518637728455529 0
5606 -0.87007033632112152 -0.013883652410908011 0
5607 -0.2120869810608709 -0.84788662375172152 0
5608 0.86897543161433077 -0.013894726040866339 0
5609 0.091758304324321333 -0.86082198399290111 0
5610 -0.90686605351676786 -0.15382099986113859 0
5611 -0.85869920966065882 -0.1605056957280252 0
5612 0.50864691650217064 -0.8329564985025486 0
5613 0.93365222683581728 -0.31774165425994882 0
5614 -0.84201851928563132 -0.52990968430550145 0
5615 0.58071665955155094 -0.65309679748267557 0
5616 0.92319860574421198 -0.34339990039764551 0
5617 0.80006156826353692 -0.32674425783854211 0
5618 -0.9799672809274631 -0.1086169276489078 0
5619 0.15722594503823301 -0.8500144012261337 0
5620 -0.51827535218396359 -0.84713388132272538 0
5621 0.83742796330220726 -0.2184125528113576 0
5622 -0.66377256295975107 -0.55193957161305052 0
5623 -0.86519383842472308 -0.027703746127756529 0
5624 0.63200873575791294 -0.7571194664704034 0
5625 -0.76834990754899235 -0.61734754578998596 0
5626 0.17957343765308581 -0.84573825819304682 0
5627 -0.41861074186579311 -0.89237432708188158 0
5628 0.95278741808313228 -0.2500091720650342 0
5629 -0.63338711594237962 -0.59920391515194282 0
$EndNodes
$Elements
11260
1 1 2 101 1 3 16
2 1 2 101 1 16 17
3 1 2 101 1 17 18
4 1 2 101 1 18 19
5 1 2 101 1 19 20
6 1 2 101 1 20 21
7 1 2 101 1 21 22
8 1 2 101 1 22 23
9 1 2 101 1 23 24
10 1 2 101 1 24 25
11 1 2 101 1 25 26
12 1 2 101 1 26 27
13 1 2 101 1 27 28
14 1 2 101 1 28 29
15 1 2 101 1 29 30
16 1 2 101 1 30 31
17 1 2 101 1 31 32
18 1 2 101 1 32 33
19 1 2 101 1 33 34
20 1 2 101 1 34 35
21 1 2 101 1 35 36
22 1 2 101 1 36 37
23 1 2 101 1 37 38
24 1 2 101 1 38 39
25 1 2 101 1 39 40
26 1 2 101 1 40 41
27 1 2 101 1 41 42
28 1 2 101 1 42 43
29 1 2 101 1 43 44
30 1 2 101 1 44 45
31 1 2 101 1 45 46
32 1 2 101 1 46 47
33 1 2 101 1 47 48
34 1 2 101 1 48 49
35 1 2 101 1 49 50
36 1 2 101 1 50 51
37 1 2 101 1 51 52
38 1 2 101 1 52 53
39 1 2 101 1 53 54
40 1 2 101 1 54 55
41 1 2 101 1 55 56
42 1 2 101 1 56 57
43 1 2 101 1 57 58
44 1 2 101 1 58 59
45 1 2 101 1 59 60
46 1 2 101 1 60 61
47 1 2 101 1 61 62
48 1 2 101 1 62 63
49 1 2 101 1 63 64
50 1 2 101 1 64 65
51 1 2 101 1 65 66
52 1 2 101 1 66 67
53 1 2 101 1 67 68
54 1 2 101 1 68 69
55 1 2 101 1 69 70
56 1 2 101 1 70 71
57 1 2 101 1 71 72
58 1 2 101 1 72 73
59 1 2 101 1 73 74
60 1 2 101 1 74 75
61 1 2 101 1 75 76
62 1 2 101 1 76 77
63 1 2 101 1 77 78
64 1 2 101 1 78 79
65 1 2 101 1 79 80
66 1 2 101 1 80 81
67 1 2 101 1 81 82
68 1 2 101 1 82 83
69 1 2 101 1 83 84
70 1 2 101 1 84 85
71 1 2 101 1 85 86
72 1 2 101 1 86 87
73 1 2 101 1 87 88
74 1 2 101 1 88 89
75 1 2 101 1 89 90
76 1 2 101 1 90 91
77 1 2 101 1 91 92
78 1 2 101 1 92 93
79 1 2 101 1 93 94
80 1 2 101 1 94 95
81 1 2 101 1 95 96
82 1 2 101 1 96 97
83 1 2 101 1 97 98
84 1 2 101 1 98 99
85 1 2 101 1 99 100
86 1 2 101 1 100 101
87 1 2 101 1 101 102
88 1 2 101 1 102 103
89 1 2 101 1 103 104
90 1 2 101 1 104 105
91 1 2 101 1 105 106
92 1 2 101 1 106 107
93 1 2 101 1 107 108
94 1 2 101 1 108 109
95 1 2 101 1 109 110
96 1 2 101 1 110 111
97 1 2 101 1 111 112
98 1 2 101 1 112 113
99 1 2 101 1 113 114
100 1 2 101 1 114 115
101 1 2 101 1 115 116
102 1 2 101 1 116 117
103 1 2 101 1 117 118
104 1 2 101 1 118 119
105 1 2 101 1 119 120
106 1 2 101 1 120 121
107 1 2 101 1 121 122
108 1 2 101 1 122 123
109 1 2 101 1 123 124
110 1 2 101 1 124 125
111 1 2 101 1 125 126
112 1 2 101 1 126 127
113 1 2 101 1 127 128
114 1 2 101 1 128 129
115 1 2 101 1 129 130
116 1 2 101 1 130 131
117 1 2 101 1 131 132
118 1 2 101 1 132 133
119 1 2 101 1 133 134
120 1 2 101 1 134 135
121 1 2 101 1 135 136
122 1 2 101 1 136 137
123 1 2 101 1 137 138
124 1 2 101 1 138 139
125 1 2 101 1 139 140
126 1 2 101 1 140 141
127 1 2 101 1 141 142
128 1 2 101 1 142 143
129 1 2 101 1 143 144
130 1 2 101 1 144 145
131 1 2 101 1 145 146
132 1 2 101 1 146 147
133 1 2 101 1 147 148
134 1 2 101 1 148 149
135 1 2 101 1 149 150
136 1 2 101 1 150 151
137 1 2 101 1 151 152
138 1 2 101 1 152 153
139 1 2 101 1 153 154
140 1 2 101 1 154 155
141 1 2 101 1 155 156
142 1 2 101 1 156 157
143 1 2 101 1 157 158
144 1 2 101 1 158 159
145 1 2 101 1 159 160
146 1 2 101 1 160 161
147 1 2 101 1 161 162
148 1 2 101 1 162 163
149 1 2 101 1 163 164
150 1 2 101 1 164 165
151 1 2 101 1 165 166
152 1 2 101 1 166 167
153 1 2 101 1 167 168
154 1 2 101 1 168 169
155 1 2 101 1 169 170
156 1 2 101 1 170 171
157 1 2 101 1 171 172
158 1 2 101 1 172 2
159 1 2 101 2 2 173
160 1 2 101 2 173 174
161 1 2 101 2 174 175
162 1 2 101 2 175 176
163 1 2 101 2 176 177
164 1 2 101 2 177 178
165 1 2 101 2 178 179
166 1 2 101 2 179 180
167 1 2 101 2 180 181
168 1 2 101 2 181 182
169 1 2 101 2 182 183
170 1 2 101 2 183 184
171 1 2 101 2 184 185
172 1 2 101 2 185 186
173 1 2 101 2 186 187
174 1 2 101 2 187 188
175 1 2 101 2 188 189
176 1 2 101 2 189 190
177 1 2 101 2 190 191
178 1 2 101 2 191 192
179 1 2 101 2 192 193
180 1 2 101 2 193 194
181 1 2 101 2 194 195
182 1 2 101 2 195 196
183 1 2 101 2 196 197
184 1 2 101 2 197 198
185 1 2 101 2 198 199
186 1 2 101 2 199 200
187 1 2 101 2 200 201
188 1 2 101 2 201 202
189 1 2 101 2 202 203
190 1 2 101 2 203 204
191 1 2 101 2 204 205
192 1 2 101 2 205 206
193 1 2 101 2 206 207
194 1 2 101 2 207 208
195 1 2 101 2 208 209
196 1 2 101 2 209 210
197 1 2 101 2 210 211
198 1 2 101 2 211 212
199 1 2 101 2 212 213
200 1 2 101 2 213 214
201 1 2 101 2 214 215
202 1 2 101 2 215 216
203 1 2 101 2 216 217
204 1 2 101 2 217 218
205 1 2 101 2 218 219
206 1 2 101 2 219 220
207 1 2 101 2 220 221
208 1 2 101 2 221 222
209 1 2 101 2 222 223
210 1 2 101 2 223 224
211 1 2 101 2 224 225
212 1 2 101 2 225 226
213 1 2 101 2 226 227
214 1 2 101 2 227 228
215 1 2 101 2 228 229
216 1 2 101 2 229 230
217 1 2 101 2 230 231
218 1 2 101 2 231 232
219 1 2 101 2 232 233
220 1 2 101 2 233 234
221 1 2 101 2 234 235
222 1 2 101 2 235 236
223 1 2 101 2 236 237
224 1 2 101 2 237 238
225 1 2 101 2 238 239
226 1 2 101 2 239 240
227 1 2 101 2 240 241
228 1 2 101 2 241 242
229 1 2 101 2 242 243
230 1 2 101 2 243 244
231 1 2 101 2 244 245
232 1 2 101 2 245 246
233 1 2 101 2 246 247
234 1 2 101 2 247 248
235 1 2 101 2 248 249
236 1 2 101 2 249 250
237 1 2 101 2 250 251
238 1 2 101 2 251 252
239 1 2 101 2 252 253
240 1 2 101 2 253 254
241 1 2 101 2 254 255
242 1 2 101 2 255 256
243 1 2 101 2 256 257
244 1 2 101 2 257 258
245 1 2 101 2 258 259
246 1 2 101 2 259 260
247 1 2 101 2 260 261
248 1 2 101 2 261 262
249 1 2 101 2 262 263
250 1 2 101 2 263 264
251 1 2 101 2 264 265
252 1 2 101 2 265 266
253 1 2 101 2 266 267
254 1 2 101 2 267 268
255 1 2 101 2 268 269
256 1 2 101 2 269 270
257 1 2 101 2 270 271
258 1 2 101 2 271 272
259 1 2 101 2 272 273
260 1 2 101 2 273 274
261 1 2 101 2 274 275
262 1 2 101 2 275 276
263 1 2 101 2 276 277
264 1 2 101 2 277 278
265 1 2 101 2 278 279
266 1 2 101 2 279 280
267 1 2 101 2 280 281
268 1 2 101 2 281 282
269 1 2 101 2 282 283
270 1 2 101 2 283 284
271 1 2 101 2 284 285
272 1 2 101 2 285 286
273 1 2 101 2 286 287
274 1 2 101 2 287 288
275 1 2 101 2 288 289
276 1 2 101 2 289 290
277 1 2 101 2 290 291
278 1 2 101 2 291 292
279 1 2 101 2 292 293
280 1 2 101 2 293 294
281 1 2 101 2 294 295
282 1 2 101 2 295 296
283 1 2 101 2 296 297
284 1 2 101 2 297 298
285 1 2 101 2 298 299
286 1 2 101 2 299 300
287 1 2 101 2 300 301
288 1 2 101 2 301 302
289 1 2 101 2 302 303
290 1 2 101 2 303 304
291 1 2 101 2 304 305
292 1 2 101 2 305 306
293 1 2 101 2 306 307
294 1 2 101 2 307 308
295 1 2 101 2 308 309
296 1 2 101 2 309 310
297 1 2 101 2 310 311
298 1 2 101 2 311 312
299 1 2 101 2 312 313
300 1 2 101 2 313 314
301 1 2 101 2 314 315
302 1 2 101 2 315 316
303 1 2 101 2 316 317
304 1 2 101 2 317 318
305 1 2 101 2 318 319
306 1 2 101 2 319 320
307 1 2 101 2 320 321
308 1 2 101 2 321 322
309 1 2 101 2 322 323
310 1 2 101 2 323 324
311 1 2 101 2 324 325
312 1 2 101 2 325 326
313 1 2 101 2 326 327
314 1 2 101 2 327 328
315 1 2 101 2 328 329
316 1 2 101 2 329 1
317 1 2 102 4 4 330
318 1 2 102 4 330 331
319 1 2 102 4 331 332
320 1 2 102 4 332 333
321 1 2 102 4 333 334
322 1 2 102 4 334 335
323 1 2 102 4 335 336
324 1 2 102 4 336 337
325 1 2 102 4 337 338
326 1 2 102 4 338 339
327 1 2 102 4 339 340
328 1 2 102 4 340 341
329 1 2 102 4 341 342
330 1 2 102 4 342 343
331 1 2 102 4 343 344
332 1 2 102 4 344 345
333 1 2 102 4 345 346
334 1 2 102 4 346 347
335 1 2 102 4 347 348
336 1 2 102 4 348 349
337 1 2 102 4 349 350
338 1 2 102 4 350 351
339 1 2 102 4 351 352
340 1 2 102 4 352 353
341 1 2 102 4 353 354
342 1 2 102 4 354 355
343 1 2 102 4 355 356
344 1 2 102 4 356 357
345 1 2 102 4 357 358
346 1 2 102 4 358 359
347 1 2 102 4 359 360
348 1 2 102 4 360 361
349 1 2 102 4 361 362
350 1 2 102 4 362 363
351 1 2 102 4 363 364
352 1 2 102 4 364 365
353 1 2 102 4 365 366
354 1 2 102 4 366 367
355 1 2 102 4 367 368
356 1 2 102 4 368 369
357 1 2 102 4 369 370
358 1 2 102 4 370 371
359 1 2 102 4 371 372
360 1 2 102 4 372 373
361 1 2 102 4 373 374
362 1 2 102 4 374 375
363 1 2 102 4 375 376
364 1 2 102 4 376 377
365 1 2 102 4 377 378
366 1 2 102 4 378 379
367 1 2 102 4 379 380
368 1 2 102 4 380 381
369 1 2 102 4 381 382
370 1 2 102 4 382 383
371 1 2 102 4 383 384
372 1 2 102 4 384 385
373 1 2 102 4 385 386
374 1 2 102 4 386 387
375 1 2 102 4 387 388
376 1 2 102 4 388 389
377 1 2 102 4 389 390
378 1 2 102 4 390 391
379 1 2 102 4 391 392
380 1 2 102 4 392 393
381 1 2 102 4 393 394
382 1 2 102 4 394 395
383 1 2 102 4 395 396
384 1 2 102 4 396 397
385 1 2 102 4 397 398
386 1 2 102 4 398 399
387 1 2 102 4 399 400
388 1 2 102 4 400 401
389 1 2 102 4 401 402
390 1 2 102 4 402 403
391 1 2 102 4 403 404
392 1 2 102 4 404 405
393 1 2 102 4 405 406
394 1 2 102 4 406 407
395 1 2 102 4 407 408
396 1 2 102 4 408 409
397 1 2 102 4 409 410
398 1 2 102 4 410 411
399 1 2 102 4 411 412
400 1 2 102 4 412 413
401 1 2 102 4 413 414
402 1 2 102 4 414 415
403 1 2 102 4 415 416
404 1 2 102 4 416 417
405 1 2 102 4 417 418
406 1 2 102 4 418 419
407 1 2 102 4 419 420
408 1 2 102 4 420 421
409 1 2 102 4 421 422
410 1 2 102 4 422 423
411 1 2 102 4 423 424
412 1 2 102 4 424 425
413 1 2 102 4 425 426
414 1 2 102 4 426 427
415 1 2 102 4 427 428
416 1 2 102 4 428 429
417 1 2 102 4 429 430
418 1 2 102 4 430 431
419 1 2 102 4 431 432
420 1 2 102 4 432 433
421 1 2 102 4 433 434
422 1 2 102 4 434 435
423 1 2 102 4 435 436
424 1 2 102 4 436 437
425 1 2 102 4 437 438
426 1 2 102 4 438 439
427 1 2 102 4 439 440
428 1 2 102 4 440 441
429 1 2 102 4 441 442
430 1 2 102 4 442 443
431 1 2 102 4 443 444
432 1 2 102 4 444 445
433 1 2 102 4 445 446
434 1 2 102 4 446 447
435 1 2 102 4 447 448
436 1 2 102 4 448 449
437 1 2 102 4 449 450
438 1 2 102 4 450 451
439 1 2 102 4 451 452
440 1 2 102 4 452 453
441 1 2 102 4 453 454
442 1 2 102 4 454 455
443 1 2 102 4 455 7
444 1 2 104 31 1 456
445 1 2 104 31 456 457
446 1 2 104 31 457 458
447 1 2 104 31 458 459
448 1 2 104 31 459 460
449 1 2 104 31 460 461
450 1 2 104 31 461 462
451 1 2 104 31 462 463
452 1 2 104 31 463 464
453 1 2 104 31 464 465
454 1 2 104 31 465 466
455 1 2 104 31 466 467
456 1 2 104 31 467 468
457 1 2 104 31 468 469
458 1 2 104 31 469 4
459 1 2 105 40 7 470
460 1 2 105 40 470 471
461 1 2 105 40 471 472
462 1 2 105 40 472 473
463 1 2 105 40 473 474
464 1 2 105 40 474 475
465 1 2 105 40 475 476
466 1 2 105 40 476 477
467 1 2 105 40 477 478
468 1 2 105 40 478 479
469 1 2 105 40 479 480
470 1 2 105 40 480 481
471 1 2 105 40 481 482
472 1 2 105 40 482 6
473 1 2 102 41 6 483
474 1 2 102 41 483 484
475 1 2 102 41 484 485
476 1 2 102 41 485 486
477 1 2 102 41 486 487
478 1 2 102 41 487 488
479 1 2 102 41 488 489
480 1 2 102 41 489 490
481 1 2 102 41 490 491
482 1 2 102 41 491 492
483 1 2 102 41 492 493
484 1 2 102 41 493 494
485 1 2 102 41 494 495
486 1 2 102 41 495 496
487 1 2 102 41 496 497
488 1 2 102 41 497 498
489 1 2 102 41 498 499
490 1 2 102 41 499 500
491 1 2 102 41 500 501
492 1 2 102 41 501 502
493 1 2 102 41 502 503
494 1 2 102 41 503 504
495 1 2 102 41 504 505
496 1 2 102 41 505 506
497 1 2 102 41 506 507
498 1 2 102 41 507 508
499 1 2 102 41 508 509
500 1 2 102 41 509 510
501 1 2 102 41 510 511
502 1 2 102 41 511 512
503 1 2 102 41 512 513
504 1 2 102 41 513 514
505 1 2 102 41 514 515
506 1 2 102 41 515 516
507 1 2 102 41 516 517
508 1 2 102 41 517 518
509 1 2 102 41 518 519
510 1 2 102 41 519 520
511 1 2 102 41 520 521
512 1 2 102 41 521 522
513 1 2 102 41 522 523
514 1 2 102 41 523 524
515 1 2 102 41 524 525
516 1 2 102 41 525 526
517 1 2 102 41 526 527
518 1 2 102 41 527 528
519 1 2 102 41 528 529
520 1 2 102 41 529 530
521 1 2 102 41 530 531
522 1 2 102 41 531 532
523 1 2 102 41 532 533
524 1 2 102 41 533 534
525 1 2 102 41 534 535
526 1 2 102 41 535 536
527 1 2 102 41 536 537
528 1 2 102 41 537 538
529 1 2 102 41 538 539
530 1 2 102 41 539 540
531 1 2 102 41 540 541
532 1 2 102 41 541 542
533 1 2 102 41 542 543
534 1 2 102 41 543 544
535 1 2 102 41 544 545
536 1 2 102 41 545 546
537 1 2 102 41 546 547
538 1 2 102 41 547 548
539 1 2 102 41 548 549
540 1 2 102 41 549 550
541 1 2 102 41 550 551
542 1 2 102 41 551 552
543 1 2 102 41 552 553
544 1 2 102 41 553 554
545 1 2 102 41 554 555
546 1 2 102 41 555 556
547 1 2 102 41 556 557
548 1 2 102 41 557 558
549 1 2 102 41 558 559
550 1 2 102 41 559 560
551 1 2 102 41 560 561
552 1 2 102 41 561 562
553 1 2 102 41 562 563
554 1 2 102 41 563 564
555 1 2 102 41 564 565
556 1 2 102 41 565 566
557 1 2 102 41 566 567
558 1 2 102 41 567 568
559 1 2 102 41 568 569
560 1 2 102 41 569 570
561 1 2 102 41 570 571
562 1 2 102 41 571 572
563 1 2 102 41 572 573
564 1 2 102 41 573 574
565 1 2 102 41 574 575
566 1 2 102 41 575 576
567 1 2 102 41 576 577
568 1 2 102 41 577 578
569 1 2 102 41 578 579
570 1 2 102 41 579 580
571 1 2 102 41 580 581
572 1 2 102 41 581 582
573 1 2 102 41 582 583
574 1 2 102 41 583 584
575 1 2 102 41 584 585
576 1 2 102 41 585 586
577 1 2 102 41 586 587
578 1 2 102 41 587 588
579 1 2 102 41 588 589
580 1 2 102 41 589 590
581 1 2 102 41 590 591
582 1 2 102 41 591 592
583 1 2 102 41 592 593
584 1 2 102 41 593 594
585 1 2 102 41 594 595
586 1 2 102 41 595 596
587 1 2 102 41 596 597
588 1 2 102 41 597 598
589 1 2 102 41 598 599
590 1 2 102 41 599 600
591 1 2 102 41 600 601
592 1 2 102 41 601 602
593 1 2 102 41 602 603
594 1 2 102 41 603 604
595 1 2 102 41 604 605
596 1 2 102 41 605 606
597 1 2 102 41 606 607
598 1 2 102 41 607 608
599 1 2 102 41 608 5
600 1 2 103 61 5 609
601 1 2 103 61 609 610
602 1 2 103 61 610 611
603 1 2 103 61 611 612
604 1 2 103 61 612 613
605 1 2 103 61 613 614
606 1 2 103 61 614 615
607 1 2 103 61 615 616
608 1 2 103 61 616 617
609 1 2 103 61 617 618
610 1 2 103 61 618 619
611 1 2 103 61 619 620
612 1 2 103 61 620 621
613 1 2 103 61 621 622
614 1 2 103 61 622 3
615 1 2 1040 201 8 623
616 1 2 1040 201 623 624
617 1 2 1040 201 624 625
618 1 2 1040 201 625 9
619 1 2 1040 202 9 626
620 1 2 1040 202 626 627
621 1 2 1040 202 627 628
622 1 2 1040 202 628 10
623 1 2 1040 203 10 629
624 1 2 1040 203 629 630
625 1 2 1040 203 630 631
626 1 2 1040 203 631 11
627 1 2 1040 204 11 632
628 1 2 1040 204 632 633
629 1 2 1040 204 633 634
630 1 2 1040 204 634 8
631 1 2 1030 301 12 635
632 1 2 1030 301 635 636
633 1 2 1030 301 636 637
634 1 2 1030 301 637 13
635 1 2 1030 302 13 638
636 1 2 1030 302 638 639
637 1 2 1030 302 639 640
638 1 2 1030 302 640 14
639 1 2 1030 303 14 641
640 1 2 1030 303 641 642
641 1 2 1030 303 642 643
642 1 2 1030 303 643 15
643 1 2 1030 304 15 644
644 1 2 1030 304 644 645
645 1 2 1030 304 645 646
646 1 2 1030 304 646 12
647 2 2 200 11 4246 4906 671
648 2 2 200 11 3509 4996 2318
649 2 2 200 11 658 3819 3383
650 2 2 200 11 3492 5281 3649
651 2 2 200 11 4893 4911 3208
652 2 2 200 11 540 3476 704
653 2 2 200 11 132 3847 133
654 2 2 200 11 4855 5414 3264
655 2 2 200 11 679 4134 4132
656 2 2 200 11 3355 4801 720
657 2 2 200 11 3098 3691 3117
658 2 2 200 11 3491 5281 3492
659 2 2 200 11 3311 3362 653
660 2 2 200 11 3108 5317 3106
661 2 2 200 11 3116 3668 3667
662 2 2 200 11 690 4061 4060
663 2 2 200 11 241 3507 242
664 2 2 200 11 197 4214 198
665 2 2 200 11 824 5171 3449
666 2 2 200 11 3280 4910 3892
667 2 2 200 11 4132 4133 679
668 2 2 200 11 3400 3819 658
669 2 2 200 11 3117 3691 3690
670 2 2 200 11 1552 3737 1550
671 2 2 200 11 3206 5204 3719
672 2 2 200 11 3414 5204 3206
673 2 2 200 11 5087 5329 2260
674 2 2 200 11 3384 3917 797
675 2 2 200 11 885 3504 3328
676 2 2 200 11 698 5456 3299
677 2 2 200 11 3705 3706 3247
678 2 2 200 11 3706 5244 3247
679 2 2 200 11 694 4877 3340
680 2 2 200 11 5016 5071 3528
681 2 2 200 11 2323 5087 816
682 2 2 200 11 3299 4770 698
683 2 2 200 11 653 3429 3311
684 2 2 200 11 851 3592 3346
685 2 2 200 11 687 4916 3924
686 2 2 200 11 772 4204 3335
687 2 2 200 11 2878 3704 2880
688 2 2 200 11 3314 5414 4855
689 2 2 200 11 3408 3409 747
690 2 2 200 11 4037 4038 794
691 2 2 200 11 2183 3731 3676
692 2 2 200 11 3407 3408 747
693 2 2 200 11 1944 3490 2162
694 2 2 200 11 3736 3737 1552
695 2 2 200 11 3372 5059 662
696 2 2 200 11 4910 5268 3892
697 2 2 200 11 3092 3668 3116
698 2 2 200 11 5020 5277 2855
699 2 2 200 11 751 5180 4458
700 2 2 200 11 655 5283 4322
701 2 2 200 11 4027 5293 4024
702 2 2 200 11 3366 4949 862
703 2 2 200 11 3237 4852 4790
704 2 2 200 11 3652 5315 3177
705 2 2 200 11 3336 3343 869
706 2 2 200 11 3177 5315 3582
707 2 2 200 11 2371 3512 3511
708 2 2 200 11 2270 4826 2268
709 2 2 200 11 3332 3360 853
710 2 2 200 11 1953 3494 2165
711 2 2 200 11 2062 3715 2064
712 2 2 200 11 463 3461 464
713 2 2 200 11 2981 3451 3449
714 2 2 200 11 3294 5329 5087
715 2 2 200 11 3511 3513 2371
716 2 2 200 11 4417 5314 848
717 2 2 200 11 4322 5283 3285
718 2 2 200 11 2270 5017 4826
719 2 2 200 11 853 3361 3332
720 2 2 200 11 2906 3504 2904
721 2 2 200 11 4213 4214 786
722 2 2 200 11 2981 5484 3451
723 2 2 200 11 3685 4444 3210
724 2 2 200 11 3488 5314 4417
725 2 2 200 11 768 4787 3375
726 2 2 200 11 823 4996 3509
727 2 2 200 11 2324 5100 9
728 2 2 200 11 869 3344 3336
729 2 2 200 11 3924 5353 687
730 2 2 200 11 3317 5187 2864
731 2 2 200 11 3328 3503 885
732 2 2 200 11 3227 3722 3228
733 2 2 200 11 3598 5538 2214
734 2 2 200 11 4060 4062 690
735 2 2 200 11 2380 5187 2382
736 2 2 200 11 4033 5324 4030
737 2 2 200 11 3506 4213 786
738 2 2 200 11 3792 5081 810
739 2 2 200 11 3340 5422 694
740 2 2 200 11 2369 5127 635
741 2 2 200 11 3335 4205 772
742 2 2 200 11 3449 5171 2981
743 2 2 200 11 147 3743 148
744 2 2 200 11 2254 3512 2252
745 2 2 200 11 570 3403 744
746 2 2 200 11 596 3513 597
747 2 2 200 11 3337 5084 707
748 2 2 200 11 3770 5175 3310
749 2 2 200 11 5114 5115 761
750 2 2 200 11 3363 5115 5114
751 2 2 200 11 3493 5132 850
752 2 2 200 11 3310 5550 3770
753 2 2 200 11 634 5143 3254
754 2 2 200 11 3744 5246 3523
755 2 2 200 11 569 3403 570
756 2 2 200 11 3684 4360 2087
757 2 2 200 11 2366 5187 3381
758 2 2 200 11 774 3501 58
759 2 2 200 11 797 5419 3384
760 2 2 200 11 3106 5317 3708
761 2 2 200 11 2864 5141 3317
762 2 2 200 11 3530 5127 3439
763 2 2 200 11 3307 5449 2267
764 2 2 200 11 3210 4935 3685
765 2 2 200 11 230 4031 231
766 2 2 200 11 4336 4904 4334
767 2 2 200 11 841 3474 3473
768 2 2 200 11 862 4949 3585
769 2 2 200 11 3299 5088 4770
770 2 2 200 11 3227 5413 3722
771 2 2 200 11 230 5603 4031
772 2 2 200 11 3349 3379 798
773 2 2 200 11 766 3893 3357
774 2 2 200 11 2785 3542 3541
775 2 2 200 11 2835 3893 3258
776 2 2 200 11 3342 3489 705
777 2 2 200 11 3993 5129 5039
778 2 2 200 11 4782 5019 652
779 2 2 200 11 141 3440 773
780 2 2 200 11 3637 4283 3635
781 2 2 200 11 3771 5172 1986
782 2 2 200 11 4770 5088 842
783 2 2 200 11 4896 4913 2943
784 2 2 200 11 5039 5129 776
785 2 2 200 11 701 4421 3669
786 2 2 200 11 2267 5392 3307
787 2 2 200 11 3377 5046 2995
788 2 2 200 11 802 4964 3472
789 2 2 200 11 798 3378 3349
790 2 2 200 11 2557 3742 2555
791 2 2 200 11 3472 5410 802
792 2 2 200 11 2202 3717 2118
793 2 2 200 11 3323 3433 2360
794 2 2 200 11 775 5518 3338
795 2 2 200 11 3348 3493 710
796 2 2 200 11 3304 5049 3686
797 2 2 200 11 2360 3433 2344
798 2 2 200 11 2919 4749 3647
799 2 2 200 11 2252 3512 2371
800 2 2 200 11 3410 3411 657
801 2 2 200 11 3686 5472 3304
802 2 2 200 11 90 4809 91
803 2 2 200 11 2946 3404 1987
804 2 2 200 11 841 5101 3474
805 2 2 200 11 4336 5258 4904
806 2 2 200 11 780 5082 3413
807 2 2 200 11 3667 3669 3116
808 2 2 200 11 2214 5538 2216
809 2 2 200 11 909 3486 3483
810 2 2 200 11 525 5113 526
811 2 2 200 11 3707 3709 3169
812 2 2 200 11 3419 5126 740
813 2 2 200 11 3381 3752 2366
814 2 2 200 11 666 4033 3994
815 2 2 200 11 891 5047 5032
816 2 2 200 11 3805 4906 4246
817 2 2 200 11 3713 3714 2917
818 2 2 200 11 1971 3528 3526
819 2 2 200 11 3317 5141 3432
820 2 2 200 11 791 5293 4027
821 2 2 200 11 2913 3529 2201
822 2 2 200 11 2206 5046 3377
823 2 2 200 11 850 5319 3493
824 2 2 200 11 2855 5277 3529
825 2 2 200 11 3169 5580 3707
826 2 2 200 11 3994 4875 666
827 2 2 200 11 3314 4855 760
828 2 2 200 11 3334 5519 829
829 2 2 200 11 3094 3668 3092
830 2 2 200 11 3176 3550 3549
831 2 2 200 11 2183 5502 3731
832 2 2 200 11 3183 5059 3372
833 2 2 200 11 756 5217 3689
834 2 2 200 11 677 3847 132
835 2 2 200 11 829 3939 3334
836 2 2 200 11 3295 4899 4088
837 2 2 200 11 2118 3717 2947
838 2 2 200 11 592 3558 739
839 2 2 200 11 884 4891 4184
840 2 2 200 11 3447 4979 857
841 2 2 200 11 3644 5405 3315
842 2 2 200 11 1987 3404 3352
843 2 2 200 11 647 898 897
844 2 2 200 11 648 3307 2963
845 2 2 200 11 3328 3504 2906
846 2 2 200 11 3483 5610 909
847 2 2 200 11 3357 3892 766
848 2 2 200 11 670 5073 4199
849 2 2 200 11 3637 5331 4283
850 2 2 200 11 3908 4895 3345
851 2 2 200 11 801 3323 2959
852 2 2 200 11 3430 3704 2878
853 2 2 200 11 3102 5289 3100
854 2 2 200 11 2957 3765 3728
855 2 2 200 11 2240 5092 3387
856 2 2 200 11 781 5034 4759
857 2 2 200 11 2933 3598 2214
858 2 2 200 11 897 3013 815
859 2 2 200 11 2963 3244 813
860 2 2 200 11 539 3476 540
861 2 2 200 11 794 5295 4037
862 2 2 200 11 140 3440 141
863 2 2 200 11 478 5371 5221
864 2 2 200 11 707 5412 3337
865 2 2 200 11 3982 4023 680
866 2 2 200 11 758 5221 3778
867 2 2 200 11 355 5305 5254
868 2 2 200 11 3256 5127 3530
869 2 2 200 11 2368 3161 799
870 2 2 200 11 705 3488 3342
871 2 2 200 11 4467 5019 4782
872 2 2 200 11 3993 4875 3994
873 2 2 200 11 666 5324 4033
874 2 2 200 11 4023 5620 680
875 2 2 200 11 3208 5369 4893
876 2 2 200 11 2959 3205 817
877 2 2 200 11 3347 5081 3792
878 2 2 200 11 4697 5211 4915
879 2 2 200 11 785 4116 4115
880 2 2 200 11 3372 5071 5016
881 2 2 200 11 1946 3490 1944
882 2 2 200 11 832 5149 3359
883 2 2 200 11 4088 5140 678
884 2 2 200 11 764 3742 3364
885 2 2 200 11 2370 2993 820
886 2 2 200 11 3287 5236 3613
887 2 2 200 11 760 5390 3314
888 2 2 200 11 678 5262 4088
889 2 2 200 11 3205 5386 3565
890 2 2 200 11 819 3200 2323
891 2 2 200 11 3613 5430 3287
892 2 2 200 11 3346 3883 851
893 2 2 200 11 5166 5274 3807
894 2 2 200 11 3364 3741 764
895 2 2 200 11 4899 5140 4088
896 2 2 200 11 814 2850 2849
897 2 2 200 11 3993 5039 4875
898 2 2 200 11 1550 3737 1711
899 2 2 200 11 786 4214 197
900 2 2 200 11 198 4214 875
901 2 2 200 11 877 4889 3406
902 2 2 200 11 5228 5400 2921
903 2 2 200 11 720 4956 3355
904 2 2 200 11 645 2322 644
905 2 2 200 11 5220 5457 257
906 2 2 200 11 2344 3433 2342
907 2 2 200 11 626 2324 9
908 2 2 200 11 4678 4866 713
909 2 2 200 11 3338 4835 775
910 2 2 200 11 241 5543 3507
911 2 2 200 11 710 3491 3348
912 2 2 200 11 3807 5582 5166
913 2 2 200 11 3523 5203 3744
914 2 2 200 11 2283 4992 3524
915 2 2 200 11 133 3847 873
916 2 2 200 11 3735 5170 3418
917 2 2 200 11 2913 5022 3529
918 2 2 200 11 2033 3494 1953
919 2 2 200 11 636 2369 635
920 2 2 200 11 3527 5457 5220
921 2 2 200 11 908 3487 906
922 2 2 200 11 852 5405 3644
923 2 2 200 11 720 4801 3582
924 2 2 200 11 2379 2380 827
925 2 2 200 11 828 2374 2373
926 2 2 200 11 634 3254 633
927 2 2 200 11 2931 3185 828
928 2 2 200 11 3718 4543 718
929 2 2 200 11 1971 3526 3525
930 2 2 200 11 3346 3592 3550
931 2 2 200 11 3432 5141 860
932 2 2 200 11 5221 5371 3467
933 2 2 200 11 4458 5273 751
934 2 2 200 11 628 3225 627
935 2 2 200 11 3381 5187 2380
936 2 2 200 11 806 3513 596
937 2 2 200 11 5254 5305 3327
938 2 2 200 11 5218 5435 218
939 2 2 200 11 597 3513 3511
940 2 2 200 11 242 3507 790
941 2 2 200 11 3176 5312 3550
942 2 2 200 11 662 5071 3372
943 2 2 200 11 3454 3564 2242
944 2 2 200 11 2283 3524 3522
945 2 2 200 11 3192 5172 3771
946 2 2 200 11 5092 5424 3387
947 2 2 200 11 724 3544 524
948 2 2 200 11 855 3461 463
949 2 2 200 11 683 3783 3380
950 2 2 200 11 3357 3893 2835
951 2 2 200 11 3404 5449 3352
952 2 2 200 11 3700 5400 5228
953 2 2 200 11 3015 5237 3390
954 2 2 200 11 3406 5225 877
955 2 2 200 11 4914 5054 3854
956 2 2 200 11 3385 4538 887
957 2 2 200 11 3179 5378 5256
958 2 2 200 11 882 5190 4084
959 2 2 200 11 5169 5301 4639
960 2 2 200 11 3461 5142 464
961 2 2 200 11 3778 5383 758
962 2 2 200 11 680 4885 3982
963 2 2 200 11 5195 5569 3696
964 2 2 200 11 648 2963 15
965 2 2 200 11 3294 5087 2323
966 2 2 200 11 4084 5259 882
967 2 2 200 11 3905 5116 4890
968 2 2 200 11 3161 3162 2795
969 2 2 200 11 801 2959 625
970 2 2 200 11 717 3424 3423
971 2 2 200 11 3574 5023 3178
972 2 2 200 11 2917 3715 3713
973 2 2 200 11 3735 3736 1552
974 2 2 200 11 663 3395 3393
975 2 2 200 11 3267 5367 5037
976 2 2 200 11 3316 5405 3643
977 2 2 200 11 3982 4885 3981
978 2 2 200 11 3100 3691 3098
979 2 2 200 11 647 897 631
980 2 2 200 11 3696 5569 719
981 2 2 200 11 4895 5215 3345
982 2 2 200 11 630 897 815
983 2 2 200 11 3476 5461 704
984 2 2 200 11 643 2963 813
985 2 2 200 11 877 3743 147
986 2 2 200 11 3287 3715 2062
987 2 2 200 11 2064 3715 2917
988 2 2 200 11 4790 4852 2992
989 2 2 200 11 637 2368 799
990 2 2 200 11 3289 5048 3288
991 2 2 200 11 624 2959 817
992 2 2 200 11 72 5376 5253
993 2 2 200 11 646 2323 816
994 2 2 200 11 3524 5266 3756
995 2 2 200 11 4096 5435 5218
996 2 2 200 11 1972 3525 2147
997 2 2 200 11 2270 5067 5017
998 2 2 200 11 4915 5211 876
999 2 2 200 11 443 5280 5209
1000 2 2 200 11 10 2370 820
1001 2 2 200 11 819 2323 12
1002 2 2 200 11 814 2849 632
1003 2 2 200 11 3573 4892 3234
1004 2 2 200 11 4990 5252 3609
1005 2 2 200 11 799 3161 2795
1006 2 2 200 11 671 5453 4246
1007 2 2 200 11 5256 5378 3712
1008 2 2 200 11 873 3846 3845
1009 2 2 200 11 3389 5472 746
1010 2 2 200 11 4911 4955 3208
1011 2 2 200 11 2425 3495 2422
1012 2 2 200 11 3117 3690 3689
1013 2 2 200 11 641 2931 828
1014 2 2 200 11 2243 5449 3404
1015 2 2 200 11 4965 5042 3539
1016 2 2 200 11 2162 3490 3342
1017 2 2 200 11 2880 3704 2883
1018 2 2 200 11 2087 4361 3684
1019 2 2 200 11 3528 5071 3526
1020 2 2 200 11 3359 5397 832
1021 2 2 200 11 862 5537 3366
1022 2 2 200 11 4038 4039 794
1023 2 2 200 11 4900 4901 4015
1024 2 2 200 11 659 3818 3415
1025 2 2 200 11 888 5103 4043
1026 2 2 200 11 5017 5067 3516
1027 2 2 200 11 58 3501 59
1028 2 2 200 11 8 2379 827
1029 2 2 200 11 5032 5047 3392
1030 2 2 200 11 3756 5203 3524
1031 2 2 200 11 3409 4642 2744
1032 2 2 200 11 828 2373 14
1033 2 2 200 11 2825 5347 5321
1034 2 2 200 11 5321 5347 3654
1035 2 2 200 11 5037 5367 2372
1036 2 2 200 11 2165 3494 3348
1037 2 2 200 11 5239 5298 2774
1038 2 2 200 11 5048 5512 3288
1039 2 2 200 11 3204 5117 3429
1040 2 2 200 11 2864 5187 2366
1041 2 2 200 11 2995 5408 3377
1042 2 2 200 11 1503 5288 3484
1043 2 2 200 11 2322 5330 644
1044 2 2 200 11 3670 4533 3424
1045 2 2 200 11 2318 5480 3509
1046 2 2 200 11 2360 5386 3323
1047 2 2 200 11 4902 5182 4007
1048 2 2 200 11 3244 5186 3387
1049 2 2 200 11 2128 3577 2129
1050 2 2 200 11 421 5261 3374
1051 2 2 200 11 773 3440 3438
1052 2 2 200 11 3413 5082 4558
1053 2 2 200 11 5120 5143 2384
1054 2 2 200 11 4199 5073 3049
1055 2 2 200 11 3544 5113 525
1056 2 2 200 11 3374 5455 421
1057 2 2 200 11 4458 5180 3289
1058 2 2 200 11 3639 4811 4380
1059 2 2 200 11 3426 4840 822
1060 2 2 200 11 785 4117 4116
1061 2 2 200 11 249 4836 250
1062 2 2 200 11 4184 5481 884
1063 2 2 200 11 5253 5376 3442
1064 2 2 200 11 3377 3589 2206
1065 2 2 200 11 1480 3468 1481
1066 2 2 200 11 4234 4886 777
1067 2 2 200 11 4043 5441 888
1068 2 2 200 11 9 5100 801
1069 2 2 200 11 3380 5196 683
1070 2 2 200 11 2933 5155 3598
1071 2 2 200 11 3562 3920 2543
1072 2 2 200 11 3178 5023 2913
1073 2 2 200 11 741 4647 3664
1074 2 2 200 11 3375 5499 768
1075 2 2 200 11 4890 5441 3905
1076 2 2 200 11 3421 5126 3419
1077 2 2 200 11 739 3558 3462
1078 2 2 200 11 3683 4360 3684
1079 2 2 200 11 3689 5217 3117
1080 2 2 200 11 5083 5115 4626
1081 2 2 200 11 3408 4642 3409
1082 2 2 200 11 3364 3742 2557
1083 2 2 200 11 2555 3742 3182
1084 2 2 200 11 148 3743 764
1085 2 2 200 11 639 5360 638
1086 2 2 200 11 3187 3603 3186
1087 2 2 200 11 2443 3793 3516
1088 2 2 200 11 3446 3447 812
1089 2 2 200 11 5160 5349 2746
1090 2 2 200 11 480 3732 481
1091 2 2 200 11 3669 4421 3116
1092 2 2 200 11 2260 5172 5087
1093 2 2 200 11 3437 3544 724
1094 2 2 200 11 3225 5359 627
1095 2 2 200 11 5188 5449 3307
1096 2 2 200 11 3647 4749 3260
1097 2 2 200 11 3484 5333 1503
1098 2 2 200 11 3375 4787 4047
1099 2 2 200 11 4543 5542 718
1100 2 2 200 11 1552 5170 3735
1101 2 2 200 11 635 5127 819
1102 2 2 200 11 2859 4433 3693
1103 2 2 200 11 3411 5370 657
1104 2 2 200 11 3742 3743 3182
1105 2 2 200 11 3541 5042 2785
1106 2 2 200 11 2919 3647 2971
1107 2 2 200 11 3567 5588 3341
1108 2 2 200 11 689 4249 292
1109 2 2 200 11 3573 5403 4892
1110 2 2 200 11 5186 5411 3387
1111 2 2 200 11 3417 3468 1480
1112 2 2 200 11 2994 3225 820
1113 2 2 200 11 4847 5109 782
1114 2 2 200 11 2267 5449 2243
1115 2 2 200 11 3698 5320 3082
1116 2 2 200 11 2272 3530 3439
1117 2 2 200 11 3702 5272 2883
1118 2 2 200 11 3504 4847 2904
1119 2 2 200 11 823 5028 4996
1120 2 2 200 11 3100 5289 3691
1121 2 2 200 11 3237 5463 4852
1122 2 2 200 11 3981 4885 879
1123 2 2 200 11 3845 4883 873
1124 2 2 200 11 648 5188 3307
1125 2 2 200 11 5105 5538 3596
1126 2 2 200 11 4669 4670 732
1127 2 2 200 11 814 3254 3073
1128 2 2 200 11 827 5143 634
1129 2 2 200 11 4047 4787 881
1130 2 2 200 11 3596 5489 5105
1131 2 2 200 11 3338 5518 3386
1132 2 2 200 11 881 4786 4047
1133 2 2 200 11 3455 3478 1556
1134 2 2 200 11 3522 4985 2283
1135 2 2 200 11 872 4887 4056
1136 2 2 200 11 2883 5496 3702
1137 2 2 200 11 746 4947 3389
1138 2 2 200 11 3516 3793 3515
1139 2 2 200 11 2309 5112 3472
1140 2 2 200 11 4809 5417 91
1141 2 2 200 11 3429 5117 3311
1142 2 2 200 11 3854 5497 4914
1143 2 2 200 11 3643 5405 852
1144 2 2 200 11 3082 5440 3698
1145 2 2 200 11 776 5129 4084
1146 2 2 200 11 3404 3454 2242
1147 2 2 200 11 754 4416 3661
1148 2 2 200 11 3262 3712 3711
1149 2 2 200 11 4009 4902 4007
1150 2 2 200 11 3266 5483 5328
1151 2 2 200 11 3521 4985 3522
1152 2 2 200 11 3714 4434 2917
1153 2 2 200 11 5230 5260 739
1154 2 2 200 11 839 3610 3443
1155 2 2 200 11 2946 3454 3404
1156 2 2 200 11 5209 5280 3617
1157 2 2 200 11 879 4936 3981
1158 2 2 200 11 3454 3455 1556
1159 2 2 200 11 3621 3622 2924
1160 2 2 200 11 3633 4406 3261
1161 2 2 200 11 3393 3464 663
1162 2 2 200 11 856 5588 3567
1163 2 2 200 11 3325 5581 5471
1164 2 2 200 11 657 3412 3410
1165 2 2 200 11 3641 5153 3125
1166 2 2 200 11 3531 5581 3326
1167 2 2 200 11 2372 5360 639
1168 2 2 200 11 3565 5386 2360
1169 2 2 200 11 3659 5368 5334
1170 2 2 200 11 4037 4917 3194
1171 2 2 200 11 3542 5523 5271
1172 2 2 200 11 3504 5109 4847
1173 2 2 200 11 3312 5388 804
1174 2 2 200 11 3637 3765 2957
1175 2 2 200 11 804 5452 3312
1176 2 2 200 11 4678 5361 4866
1177 2 2 200 11 2943 5108 4896
1178 2 2 200 11 349 3543 350
1179 2 2 200 11 4084 5190 776
1180 2 2 200 11 3845 5093 4883
1181 2 2 200 11 662 5457 5071
1182 2 2 200 11 591 3558 592
1183 2 2 200 11 3363 5114 3362
1184 2 2 200 11 4913 5387 2943
1185 2 2 200 11 3407 5052 3369
1186 2 2 200 11 3254 5143 5120
1187 2 2 200 11 879 5055 4936
1188 2 2 200 11 5328 5483 669
1189 2 2 200 11 2994 5020 3225
1190 2 2 200 11 3383 5098 658
1191 2 2 200 11 108 4787 109
1192 2 2 200 11 777 5460 4234
1193 2 2 200 11 3326 5581 3325
1194 2 2 200 11 802 5410 13
1195 2 2 200 11 3465 5102 778
1196 2 2 200 11 3162 3788 2795
1197 2 2 200 11 3537 4960 2123
1198 2 2 200 11 795 4809 90
1199 2 2 200 11 1481 3468 1485
1200 2 2 200 11 3666 5298 5239
1201 2 2 200 11 3381 5420 3752
1202 2 2 200 11 894 5550 3310
1203 2 2 200 11 3445 5399 5260
1204 2 2 200 11 409 3669 410
1205 2 2 200 11 3416 4952 769
1206 2 2 200 11 524 3544 525
1207 2 2 200 11 895 5246 3744
1208 2 2 200 11 693 4907 4571
1209 2 2 200 11 11 5407 647
1210 2 2 200 11 3571 3788 3162
1211 2 2 200 11 4936 5055 4122
1212 2 2 200 11 815 5408 629
1213 2 2 200 11 5302 5345 3671
1214 2 2 200 11 818 5038 5037
1215 2 2 200 11 3594 5165 3824
1216 2 2 200 11 754 5113 4416
1217 2 2 200 11 3217 5284 4867
1218 2 2 200 11 13 5410 2368
1219 2 2 200 11 5334 5368 2820
1220 2 2 200 11 4077 4944 883
1221 2 2 200 11 3485 5610 3483
1222 2 2 200 11 2250 4981 2116
1223 2 2 200 11 3585 4949 3586
1224 2 2 200 11 3743 5225 3182
1225 2 2 200 11 4759 5503 781
1226 2 2 200 11 3693 4433 4425
1227 2 2 200 11 818 5445 5038
1228 2 2 200 11 5136 5237 3015
1229 2 2 200 11 2979 5252 4990
1230 2 2 200 11 3541 3542 734
1231 2 2 200 11 3542 5271 3543
1232 2 2 200 11 906 3487 909
1233 2 2 200 11 2849 5407 11
1234 2 2 200 11 3558 5155 2933
1235 2 2 200 11 629 5408 2370
1236 2 2 200 11 716 5378 3402
1237 2 2 200 11 3540 3541 734
1238 2 2 200 11 3893 5481 3258
1239 2 2 200 11 5156 5234 3798
1240 2 2 200 11 3310 5549 894
1241 2 2 200 11 3388 5161 842
1242 2 2 200 11 3444 5399 3445
1243 2 2 200 11 865 5304 4671
1244 2 2 200 11 817 5420 623
1245 2 2 200 11 774 5394 3501
1246 2 2 200 11 4009 5063 672
1247 2 2 200 11 690 5335 4061
1248 2 2 200 11 3401 3562 790
1249 2 2 200 11 746 5472 3686
1250 2 2 200 11 3392 5047 863
1251 2 2 200 11 3422 5354 3312
1252 2 2 200 11 4917 5353 3194
1253 2 2 200 11 2396 4205 3335
1254 2 2 200 11 728 3704 3430
1255 2 2 200 11 2395 4205 2396
1256 2 2 200 11 4979 5175 857
1257 2 2 200 11 3591 3601 2862
1258 2 2 200 11 813 5424 642
1259 2 2 200 11 3423 3425 717
1260 2 2 200 11 1475 3448 1477
1261 2 2 200 11 790 3507 3401
1262 2 2 200 11 3430 4872 728
1263 2 2 200 11 3573 3818 659
1264 2 2 200 11 887 5174 3385
1265 2 2 200 11 642 5424 2931
1266 2 2 200 11 842 5088 3388
1267 2 2 200 11 908 3824 3487
1268 2 2 200 11 4538 4539 887
1269 2 2 200 11 3254 5120 3073
1270 2 2 200 11 778 5313 3465
1271 2 2 200 11 4574 5444 2855
1272 2 2 200 11 623 5420 2379
1273 2 2 200 11 3245 5161 3388
1274 2 2 200 11 4883 5093 763
1275 2 2 200 11 2147 3525 3349
1276 2 2 200 11 292 4249 293
1277 2 2 200 11 1971 3525 1972
1278 2 2 200 11 3382 5097 684
1279 2 2 200 11 1902 5042 4965
1280 2 2 200 11 3728 5205 2957
1281 2 2 200 11 2422 3495 2421
1282 2 2 200 11 3472 5112 3180
1283 2 2 200 11 3327 5305 3292
1284 2 2 200 11 522 3546 523
1285 2 2 200 11 4062 4063 3354
1286 2 2 200 11 3332 3495 2425
1287 2 2 200 11 1480 3448 3417
1288 2 2 200 11 5354 5388 3312
1289 2 2 200 11 4671 5432 865
1290 2 2 200 11 3345 5215 676
1291 2 2 200 11 3721 5349 5160
1292 2 2 200 11 4060 4063 4062
1293 2 2 200 11 3386 5518 247
1294 2 2 200 11 903 4927 905
1295 2 2 200 11 3407 5366 5052
1296 2 2 200 11 3262 3711 3710
1297 2 2 200 11 104 5296 4256
1298 2 2 200 11 5158 5276 195
1299 2 2 200 11 3245 5222 5161
1300 2 2 200 11 247 5401 3386
1301 2 2 200 11 5305 5590 3292
1302 2 2 200 11 4015 5450 4900
1303 2 2 200 11 2855 5444 5020
1304 2 2 200 11 640 5445 818
1305 2 2 200 11 5114 5355 3362
1306 2 2 200 11 1766 5292 5247
1307 2 2 200 11 3639 5592 4811
1308 2 2 200 11 788 5199 5139
1309 2 2 200 11 3125 5382 3641
1310 2 2 200 11 3618 5209 3617
1311 2 2 200 11 3140 3617 3616
1312 2 2 200 11 732 4671 4669
1313 2 2 200 11 3588 5198 5075
1314 2 2 200 11 5050 5208 383
1315 2 2 200 11 106 4788 107
1316 2 2 200 11 5014 5028 823
1317 2 2 200 11 2915 5038 2375
1318 2 2 200 11 3403 5062 744
1319 2 2 200 11 3458 5581 3531
1320 2 2 200 11 826 5308 3398
1321 2 2 200 11 1986 5172 3479
1322 2 2 200 11 791 5603 230
1323 2 2 200 11 3390 5223 3015
1324 2 2 200 11 5041 5122 2976
1325 2 2 200 11 2988 5345 5302
1326 2 2 200 11 250 4836 880
1327 2 2 200 11 4256 5479 104
1328 2 2 200 11 143 5235 5184
1329 2 2 200 11 2373 5445 640
1330 2 2 200 11 5139 5199 4124
1331 2 2 200 11 3512 5171 824
1332 2 2 200 11 3663 5337 4329
1333 2 2 200 11 2129 3577 2143
1334 2 2 200 11 1556 3564 3454
1335 2 2 200 11 3336 3577 2128
1336 2 2 200 11 1719 3528 1971
1337 2 2 200 11 424 5146 5138
1338 2 2 200 11 1756 3528 1719
1339 2 2 200 11 3824 5165 3487
1340 2 2 200 11 857 5339 3447
1341 2 2 200 11 32 5227 4963
1342 2 2 200 11 4840 5545 822
1343 2 2 200 11 660 5253 3758
1344 2 2 200 11 1486 3478 1483
1345 2 2 200 11 3167 3562 2543
1346 2 2 200 11 3603 5271 3186
1347 2 2 200 11 3401 3920 3562
1348 2 2 200 11 4188 5446 5418
1349 2 2 200 11 2382 5187 3317
1350 2 2 200 11 717 5358 3424
1351 2 2 200 11 4187 5446 4188
1352 2 2 200 11 676 5497 3345
1353 2 2 200 11 701 5584 4421
1354 2 2 200 11 2915 5152 5038
1355 2 2 200 11 3428 5115 5083
1356 2 2 200 11 3675 5556 5131
1357 2 2 200 11 3261 5421 3633
1358 2 2 200 11 3458 4927 1692
1359 2 2 200 11 350 3543 833
1360 2 2 200 11 3387 5411 2240
1361 2 2 200 11 707 5084 3694
1362 2 2 200 11 864 5019 4467
1363 2 2 200 11 1477 3448 1480
1364 2 2 200 11 4025 5620 4023
1365 2 2 200 11 3445 5260 5230
1366 2 2 200 11 3073 5162 2850
1367 2 2 200 11 313 5191 5035
1368 2 2 200 11 3726 3769 3421
1369 2 2 200 11 2454 3459 3215
1370 2 2 200 11 772 5437 4204
1371 2 2 200 11 3646 3647 729
1372 2 2 200 11 3713 3715 840
1373 2 2 200 11 348 3540 734
1374 2 2 200 11 2309 3471 2292
1375 2 2 200 11 3574 5014 338
1376 2 2 200 11 3433 5011 2342
1377 2 2 200 11 3643 5163 3316
1378 2 2 200 11 1475 4753 3448
1379 2 2 200 11 5048 5180 366
1380 2 2 200 11 3447 5339 812
1381 2 2 200 11 663 4997 3395
1382 2 2 200 11 724 3545 3437
1383 2 2 200 11 526 5113 754
1384 2 2 200 11 758 3732 480
1385 2 2 200 11 775 4836 249
1386 2 2 200 11 3360 5128 853
1387 2 2 200 11 4867 5361 3217
1388 2 2 200 11 3343 5178 869
1389 2 2 200 11 3917 5167 797
1390 2 2 200 11 4759 5034 4321
1391 2 2 200 11 883 5562 4077
1392 2 2 200 11 650 4982 3497
1393 2 2 200 11 672 5433 4009
1394 2 2 200 11 667 5404 4188
1395 2 2 200 11 769 5614 3416
1396 2 2 200 11 4539 5327 691
1397 2 2 200 11 2971 3647 3646
1398 2 2 200 11 5257 5402 35
1399 2 2 200 11 3515 3793 809
1400 2 2 200 11 3479 3561 1986
1401 2 2 200 11 4989 5336 3755
1402 2 2 200 11 4188 5418 667
1403 2 2 200 11 875 5054 4914
1404 2 2 200 11 3939 5141 3334
1405 2 2 200 11 3012 3733 3600
1406 2 2 200 11 3521 3553 2444
1407 2 2 200 11 3178 5014 3574
1408 2 2 200 11 2444 4985 3521
1409 2 2 200 11 691 5462 4539
1410 2 2 200 11 3739 5036 4574
1411 2 2 200 11 684 5417 3382
1412 2 2 200 11 3435 5303 811
1413 2 2 200 11 4329 5475 3663
1414 2 2 200 11 3505 3745 808
1415 2 2 200 11 3398 5517 826
1416 2 2 200 11 5250 5443 1789
1417 2 2 200 11 3673 5456 698
1418 2 2 200 11 4585 5304 4880
1419 2 2 200 11 727 4434 3714
1420 2 2 200 11 3378 5196 3380
1421 2 2 200 11 2197 5168 5046
1422 2 2 200 11 2309 3472 3471
1423 2 2 200 11 1473 4753 1475
1424 2 2 200 11 4903 5031 3218
1425 2 2 200 11 410 3669 3667
1426 2 2 200 11 701 3669 409
1427 2 2 200 11 5050 5569 4798
1428 2 2 200 11 522 3552 3546
1429 2 2 200 11 3272 5317 3108
1430 2 2 200 11 2249 3561 3479
1431 2 2 200 11 3618 5595 5209
1432 2 2 200 11 3537 4961 4960
1433 2 2 200 11 2971 3646 3645
1434 2 2 200 11 347 3540 348
1435 2 2 200 11 873 3847 3846
1436 2 2 200 11 3578 5301 5169
1437 2 2 200 11 2254 5171 3512
1438 2 2 200 11 809 3793 3553
1439 2 2 200 11 3715 5430 840
1440 2 2 200 11 3613 5236 2972
1441 2 2 200 11 2476 5144 5125
1442 2 2 200 11 3456 3457 1514
1443 2 2 200 11 3796 5377 5373
1444 2 2 200 11 3732 5264 481
1445 2 2 200 11 3641 5382 3640
1446 2 2 200 11 4877 5212 3340
1447 2 2 200 11 3344 5546 3577
1448 2 2 200 11 3503 5262 678
1449 2 2 200 11 784 5182 4902
1450 2 2 200 11 3577 5546 3578
1451 2 2 200 11 2209 4967 3586
1452 2 2 200 11 764 3741 149
1453 2 2 200 11 2294 3470 3469
1454 2 2 200 11 3402 5306 716
1455 2 2 200 11 770 5482 4192
1456 2 2 200 11 3082 5320 3700
1457 2 2 200 11 2454 3554 3459
1458 2 2 200 11 4890 5116 685
1459 2 2 200 11 601 3451 825
1460 2 2 200 11 734 3543 349
1461 2 2 200 11 3481 3482 2151
1462 2 2 200 11 4380 4980 3639
1463 2 2 200 11 3565 5468 3205
1464 2 2 200 11 109 4787 768
1465 2 2 200 11 881 4787 108
1466 2 2 200 11 3700 5228 3082
1467 2 2 200 11 3424 5358 3670
1468 2 2 200 11 2294 3471 3470
1469 2 2 200 11 4574 5036 2339
1470 2 2 200 11 3557 5133 3240
1471 2 2 200 11 3571 4976 2278
1472 2 2 200 11 3539 5042 3541
1473 2 2 200 11 1692 4927 903
1474 2 2 200 11 4024 5293 4025
1475 2 2 200 11 4907 5498 4571
1476 2 2 200 11 3162 4976 3571
1477 2 2 200 11 2785 5523 3542
1478 2 2 200 11 1913 3481 2151
1479 2 2 200 11 5297 5340 3008
1480 2 2 200 11 286 3941 287
1481 2 2 200 11 4192 5520 770
1482 2 2 200 11 4061 4948 4233
1483 2 2 200 11 1556 3478 1486
1484 2 2 200 11 4905 4906 3805
1485 2 2 200 11 822 5035 3426
1486 2 2 200 11 682 5342 3391
1487 2 2 200 11 342 3510 805
1488 2 2 200 11 860 5141 3939
1489 2 2 200 11 3632 5413 4352
1490 2 2 200 11 3361 3495 3332
1491 2 2 200 11 604 3515 809
1492 2 2 200 11 2994 5277 5020
1493 2 2 200 11 3758 5504 660
1494 2 2 200 11 809 3553 3517
1495 2 2 200 11 829 5519 3795
1496 2 2 200 11 3831 5609 831
1497 2 2 200 11 3486 3568 3483
1498 2 2 200 11 3265 5356 3737
1499 2 2 200 11 3676 5131 2183
1500 2 2 200 11 3391 5451 682
1501 2 2 200 11 3318 3460 3459
1502 2 2 200 11 5373 5377 2985
1503 2 2 200 11 2202 5310 3717
1504 2 2 200 11 5046 5168 2995
1505 2 2 200 11 2286 3463 2282
1506 2 2 200 11 882 5259 3391
1507 2 2 200 11 3465 5313 3464
1508 2 2 200 11 3481 3484 3482
1509 2 2 200 11 747 5366 3407
1510 2 2 200 11 3162 5090 4976
1511 2 2 200 11 757 3626 3625
1512 2 2 200 11 664 5234 5156
1513 2 2 200 11 3342 3490 3489
1514 2 2 200 11 3362 5355 653
1515 2 2 200 11 3313 5402 5257
1516 2 2 200 11 2932 5272 3702
1517 2 2 200 11 5382 5592 3640
1518 2 2 200 11 1210 5043 1207
1519 2 2 200 11 114 4117 115
1520 2 2 200 11 3533 3537 3534
1521 2 2 200 11 2972 5554 3613
1522 2 2 200 11 115 4117 785
1523 2 2 200 11 3349 3525 3379
1524 2 2 200 11 3555 3733 3012
1525 2 2 200 11 4963 5227 3233
1526 2 2 200 11 2371 4981 2250
1527 2 2 200 11 658 5287 3400
1528 2 2 200 11 3344 3577 3336
1529 2 2 200 11 2294 3469 2295
1530 2 2 200 11 3472 4964 3471
1531 2 2 200 11 3415 5229 659
1532 2 2 200 11 3707 5580 3708
1533 2 2 200 11 5247 5292 3607
1534 2 2 200 11 4626 5115 3363
1535 2 2 200 11 3161 5090 3162
1536 2 2 200 11 3348 3494 3493
1537 2 2 200 11 4467 5243 864
1538 2 2 200 11 2395 4206 4205
1539 2 2 200 11 771 5415 3988
1540 2 2 200 11 2850 5162 3326
1541 2 2 200 11 650 5555 4982
1542 2 2 200 11 737 4823 3575
1543 2 2 200 11 5075 5198 2950
1544 2 2 200 11 4056 5332 872
1545 2 2 200 11 741 5626 4647
1546 2 2 200 11 523 3546 724
1547 2 2 200 11 3459 3460 3215
1548 2 2 200 11 1483 3478 1484
1549 2 2 200 11 345 3533 738
1550 2 2 200 11 2216 5105 2950
1551 2 2 200 11 4880 5516 4585
1552 2 2 200 11 2338 5133 3557
1553 2 2 200 11 3551 5149 832
1554 2 2 200 11 3663 5491 2233
1555 2 2 200 11 5035 5191 3427
1556 2 2 200 11 3533 3534 738
1557 2 2 200 11 3441 5376 767
1558 2 2 200 11 3264 5414 3265
1559 2 2 200 11 5407 5471 899
1560 2 2 200 11 740 5501 3419
1561 2 2 200 11 3436 4722 854
1562 2 2 200 11 3610 5194 3443
1563 2 2 200 11 4122 5055 788
1564 2 2 200 11 830 5354 3422
1565 2 2 200 11 1754 3561 2249
1566 2 2 200 11 3702 5534 2932
1567 2 2 200 11 3622 5286 2924
1568 2 2 200 11 4598 5100 2326
1569 2 2 200 11 3413 5506 780
1570 2 2 200 11 3391 5342 882
1571 2 2 200 11 3378 5436 5196
1572 2 2 200 11 4598 5011 3324
1573 2 2 200 11 2292 3471 2294
1574 2 2 200 11 2116 4981 3302
1575 2 2 200 11 3717 5134 2947
1576 2 2 200 11 5078 5309 4039
1577 2 2 200 11 863 5047 317
1578 2 2 200 11 107 4788 881
1579 2 2 200 11 681 4788 106
1580 2 2 200 11 665 5122 5041
1581 2 2 200 11 888 5441 4890
1582 2 2 200 11 4116 4117 2976
1583 2 2 200 11 569 5306 3403
1584 2 2 200 11 1206 5005 1203
1585 2 2 200 11 3770 5550 3014
1586 2 2 200 11 5003 5085 1685
1587 2 2 200 11 1560 3733 3453
1588 2 2 200 11 3192 5423 2322
1589 2 2 200 11 2233 5337 3663
1590 2 2 200 11 2862 5623 3591
1591 2 2 200 11 678 5439 3503
1592 2 2 200 11 149 3741 150
1593 2 2 200 11 3668 5217 756
1594 2 2 200 11 3507 5543 3508
1595 2 2 200 11 3013 3589 3377
1596 2 2 200 11 3265 5414 5356
1597 2 2 200 11 3604 3607 3606
1598 2 2 200 11 3438 5065 773
1599 2 2 200 11 4134 4135 2832
1600 2 2 200 11 3729 5107 3322
1601 2 2 200 11 788 5139 4122
1602 2 2 200 11 3421 5232 3726
1603 2 2 200 11 3218 5325 4903
1604 2 2 200 11 4030 5324 4031
1605 2 2 200 11 3418 5170 3468
1606 2 2 200 11 3236 5208 5050
1607 2 2 200 11 3554 3555 2970
1608 2 2 200 11 3278 5276 5158
1609 2 2 200 11 3587 5316 863
1610 2 2 200 11 3439 3788 2272
1611 2 2 200 11 909 3487 3486
1612 2 2 200 11 5071 5457 3527
1613 2 2 200 11 3988 5505 771
1614 2 2 200 11 3538 3540 347
1615 2 2 200 11 7 3498 651
1616 2 2 200 11 650 3497 6
1617 2 2 200 11 3605 3606 711
1618 2 2 200 11 3473 3475 841
1619 2 2 200 11 3167 5106 3562
1620 2 2 200 11 1963 3931 1850
1621 2 2 200 11 4867 5284 762
1622 2 2 200 11 3771 5423 3192
1623 2 2 200 11 2092 5058 3203
1624 2 2 200 11 4482 5267 4908
1625 2 2 200 11 907 4860 910
1626 2 2 200 11 2295 3469 2298
1627 2 2 200 11 2342 5011 2337
1628 2 2 200 11 905 4927 1514
1629 2 2 200 11 3453 3779 1560
1630 2 2 200 11 5138 5146 3238
1631 2 2 200 11 1210 3779 3763
1632 2 2 200 11 3265 3736 2935
1633 2 2 200 11 719 5569 5050
1634 2 2 200 11 3324 5011 3433
1635 2 2 200 11 2950 5105 5075
1636 2 2 200 11 287 3941 777
1637 2 2 200 11 3459 3554 2970
1638 2 2 200 11 3486 3599 3568
1639 2 2 200 11 3670 5273 4533
1640 2 2 200 11 757 5500 3626
1641 2 2 200 11 3434 5121 779
1642 2 2 200 11 1999 3555 3012
1643 2 2 200 11 3431 4872 3430
1644 2 2 200 11 4679 4828 866
1645 2 2 200 11 5131 5556 2133
1646 2 2 200 11 3398 5308 3301
1647 2 2 200 11 3676 3731 3730
1648 2 2 200 11 3511 3512 824
1649 2 2 200 11 5313 5583 3464
1650 2 2 200 11 3606 3607 2920
1651 2 2 200 11 757 3625 549
1652 2 2 200 11 3629 5570 5177
1653 2 2 200 11 3484 5288 3482
1654 2 2 200 11 5184 5235 4090
1655 2 2 200 11 3536 5443 5250
1656 2 2 200 11 3600 3733 1560
1657 2 2 200 11 2251 3479 2260
1658 2 2 200 11 5186 5392 2267
1659 2 2 200 11 3265 3737 3736
1660 2 2 200 11 2241 5018 4839
1661 2 2 200 11 3289 5180 5048
1662 2 2 200 11 4914 5497 676
1663 2 2 200 11 5032 5618 891
1664 2 2 200 11 3553 3793 2444
1665 2 2 200 11 549 3625 550
1666 2 2 200 11 5076 5106 3167
1667 2 2 200 11 3763 3779 3453
1668 2 2 200 11 647 899 898
1669 2 2 200 11 3236 5050 4798
1670 2 2 200 11 455 3498 7
1671 2 2 200 11 6 3497 483
1672 2 2 200 11 2282 3463 2285
1673 2 2 200 11 5040 5089 2797
1674 2 2 200 11 1713 3564 1551
1675 2 2 200 11 2769 3555 3554
1676 2 2 200 11 346 3538 347
1677 2 2 200 11 3516 5067 2443
1678 2 2 200 11 914 3888 3594
1679 2 2 200 11 3013 3377 815
1680 2 2 200 11 486 3548 736
1681 2 2 200 11 801 3324 3323
1682 2 2 200 11 3262 5256 3712
1683 2 2 200 11 774 4983 3450
1684 2 2 200 11 5081 5589 810
1685 2 2 200 11 3712 5378 716
1686 2 2 200 11 4872 4974 503
1687 2 2 200 11 3615 3930 2205
1688 2 2 200 11 3650 5013 748
1689 2 2 200 11 3287 5430 3715
1690 2 2 200 11 2242 3564 1713
1691 2 2 200 11 5251 5338 4975
1692 2 2 200 11 3556 4546 2108
1693 2 2 200 11 3016 4546 3556
1694 2 2 200 11 2255 5294 2257
1695 2 2 200 11 3513 4981 2371
1696 2 2 200 11 3259 5010 3930
1697 2 2 200 11 3409 5104 747
1698 2 2 200 11 3451 4826 825
1699 2 2 200 11 3361 5553 3495
1700 2 2 200 11 322 3939 829
1701 2 2 200 11 689 5233 4249
1702 2 2 200 11 809 3517 605
1703 2 2 200 11 5104 5173 3720
1704 2 2 200 11 3722 5095 3228
1705 2 2 200 11 3867 4973 3864
1706 2 2 200 11 3590 5606 3591
1707 2 2 200 11 811 5303 3566
1708 2 2 200 11 2346 3565 2360
1709 2 2 200 11 2737 3883 3346
1710 2 2 200 11 2269 3530 2272
1711 2 2 200 11 4670 5231 732
1712 2 2 200 11 3457 4860 1514
1713 2 2 200 11 2909 3579 2908
1714 2 2 200 11 3640 5592 3639
1715 2 2 200 11 2909 3580 3579
1716 2 2 200 11 4707 5124 889
1717 2 2 200 11 4115 5285 785
1718 2 2 200 11 3548 3549 736
1719 2 2 200 11 5308 5469 3301
1720 2 2 200 11 3498 3499 651
1721 2 2 200 11 3763 5043 1210
1722 2 2 200 11 2237 3464 3393
1723 2 2 200 11 819 3256 3200
1724 2 2 200 11 2769 3733 3555
1725 2 2 200 11 2368 3180 3161
1726 2 2 200 11 353 3605 711
1727 2 2 200 11 2405 4779 4495
1728 2 2 200 11 598 3511 824
1729 2 2 200 11 3143 4361 1879
1730 2 2 200 11 1879 4361 2087
1731 2 2 200 11 2850 3325 2849
1732 2 2 200 11 1489 4495 3477
1733 2 2 200 11 2370 2995 2993
1734 2 2 200 11 2970 3555 1999
1735 2 2 200 11 2152 3583 1750
1736 2 2 200 11 5151 5162 3073
1737 2 2 200 11 3751 5005 1206
1738 2 2 200 11 687 5353 4917
1739 2 2 200 11 3189 5029 4759
1740 2 2 200 11 3352 5449 5188
1741 2 2 200 11 3001 3531 3000
1742 2 2 200 11 859 3792 332
1743 2 2 200 11 2909 3581 3580
1744 2 2 200 11 3723 3738 2989
1745 2 2 200 11 3495 5553 3496
1746 2 2 200 11 4647 5091 3664
1747 2 2 200 11 3200 3294 2323
1748 2 2 200 11 1202 3913 1199
1749 2 2 200 11 3568 3599 1790
1750 2 2 200 11 3241 5142 3461
1751 2 2 200 11 3594 3824 914
1752 2 2 200 11 826 5023 3574
1753 2 2 200 11 4117 5041 2976
1754 2 2 200 11 3455 5085 5003
1755 2 2 200 11 2380 2381 827
1756 2 2 200 11 3502 3579 2977
1757 2 2 200 11 1514 4927 3456
1758 2 2 200 11 2993 2994 820
1759 2 2 200 11 2908 3579 3502
1760 2 2 200 11 861 3563 25
1761 2 2 200 11 1958 3481 1913
1762 2 2 200 11 3656 5340 5297
1763 2 2 200 11 885 5109 3504
1764 2 2 200 11 807 3756 3754
1765 2 2 200 11 918 3888 915
1766 2 2 200 11 831 5609 3547
1767 2 2 200 11 2303 3267 2984
1768 2 2 200 11 3244 3387 813
1769 2 2 200 11 1489 4753 1473
1770 2 2 200 11 3205 3752 817
1771 2 2 200 11 3754 3756 3755
1772 2 2 200 11 24 3569 861
1773 2 2 200 11 863 5316 3392
1774 2 2 200 11 5132 5617 850
1775 2 2 200 11 4205 5009 772
1776 2 2 200 11 763 5093 3452
1777 2 2 200 11 3462 5230 739
1778 2 2 200 11 722 3683 3682
1779 2 2 200 11 2251 2260 2253
1780 2 2 200 11 3542 3543 734
1781 2 2 200 11 892 3576 27
1782 2 2 200 11 3322 5385 3729
1783 2 2 200 11 3986 5415 771
1784 2 2 200 11 2030 2206 1960
1785 2 2 200 11 811 3566 461
1786 2 2 200 11 856 3567 616
1787 2 2 200 11 3586 4949 2209
1788 2 2 200 11 3693 5409 2859
1789 2 2 200 11 806 5572 3513
1790 2 2 200 11 600 3451 601
1791 2 2 200 11 3449 3451 600
1792 2 2 200 11 3585 3586 821
1793 2 2 200 11 830 3570 3569
1794 2 2 200 11 2934 3735 3734
1795 2 2 200 11 5087 5172 3192
1796 2 2 200 11 1756 5016 3528
1797 2 2 200 11 3010 4848 3588
1798 2 2 200 11 3930 5010 3931
1799 2 2 200 11 5125 5144 3848
1800 2 2 200 11 2249 3479 2251
1801 2 2 200 11 3569 3768 861
1802 2 2 200 11 2453 3554 2454
1803 2 2 200 11 3630 5570 3629
1804 2 2 200 11 2379 3381 2380
1805 2 2 200 11 3140 3618 3617
1806 2 2 200 11 3514 3516 3515
1807 2 2 200 11 3868 4934 3862
1808 2 2 200 11 341 3510 342
1809 2 2 200 11 764 3743 3742
1810 2 2 200 11 603 3515 604
1811 2 2 200 11 5222 5340 726
1812 2 2 200 11 1514 4860 907
1813 2 2 200 11 814 3073 2850
1814 2 2 200 11 798 5436 3378
1815 2 2 200 11 3676 3730 3674
1816 2 2 200 11 1850 3931 1851
1817 2 2 200 11 3634 3636 709
1818 2 2 200 11 807 3754 613
1819 2 2 200 11 1198 3913 3912
1820 2 2 200 11 2237 3465 3464
1821 2 2 200 11 550 3625 3623
1822 2 2 200 11 2374 2375 2373
1823 2 2 200 11 3626 5500 4427
1824 2 2 200 11 3169 5289 3102
1825 2 2 200 11 2866 5456 3673
1826 2 2 200 11 2303 2984 2304
1827 2 2 200 11 2935 3736 2934
1828 2 2 200 11 3509 3510 341
1829 2 2 200 11 3514 3515 603
1830 2 2 200 11 3588 4848 1532
1831 2 2 200 11 2769 3554 2453
1832 2 2 200 11 786 5276 3506
1833 2 2 200 11 2364 3565 2349
1834 2 2 200 11 2205 3931 1963
1835 2 2 200 11 362 3765 847
1836 2 2 200 11 496 3665 696
1837 2 2 200 11 501 3703 728
1838 2 2 200 11 507 3672 698
1839 2 2 200 11 381 3696 719
1840 2 2 200 11 518 3658 700
1841 2 2 200 11 529 3662 702
1842 2 2 200 11 436 3646 729
1843 2 2 200 11 414 3690 725
1844 2 2 200 11 395 3766 849
1845 2 2 200 11 567 3711 716
1846 2 2 200 11 556 3718 718
1847 2 2 200 11 727 4843 4434
1848 2 2 200 11 4061 5335 4948
1849 2 2 200 11 1194 3911 3757
1850 2 2 200 11 454 3551 832
1851 2 2 200 11 1692 5581 3458
1852 2 2 200 11 3325 5471 5407
1853 2 2 200 11 3595 3597 3596
1854 2 2 200 11 1784 1985 1767
1855 2 2 200 11 3477 4753 1489
1856 2 2 200 11 862 3585 29
1857 2 2 200 11 316 3587 863
1858 2 2 200 11 2934 3736 3735
1859 2 2 200 11 344 3533 345
1860 2 2 200 11 854 4722 459
1861 2 2 200 11 3324 5100 4598
1862 2 2 200 11 829 3795 3794
1863 2 2 200 11 771 5431 3986
1864 2 2 200 11 488 3592 851
1865 2 2 200 11 26 3563 892
1866 2 2 200 11 843 3552 521
1867 2 2 200 11 724 3546 3545
1868 2 2 200 11 1202 5007 3913
1869 2 2 200 11 2720 3747 2718
1870 2 2 200 11 521 3552 522
1871 2 2 200 11 2259 3530 2269
1872 2 2 200 11 4826 5017 825
1873 2 2 200 11 2233 5491 3661
1874 2 2 200 11 3757 3911 3007
1875 2 2 200 11 615 3753 856
1876 2 2 200 11 2720 3748 3747
1877 2 2 200 11 325 3796 803
1878 2 2 200 11 878 5467 3986
1879 2 2 200 11 2346 2360 2344
1880 2 2 200 11 2241 5494 2240
1881 2 2 200 11 5064 5606 3590
1882 2 2 200 11 2290 2309 2292
1883 2 2 200 11 2273 3788 3571
1884 2 2 200 11 3665 3666 696
1885 2 2 200 11 352 3605 353
1886 2 2 200 11 896 5528 3601
1887 2 2 200 11 3703 3704 728
1888 2 2 200 11 3672 3673 698
1889 2 2 200 11 3658 3659 700
1890 2 2 200 11 3711 3712 716
1891 2 2 200 11 3690 3691 725
1892 2 2 200 11 3662 3663 702
1893 2 2 200 11 830 3569 23
1894 2 2 200 11 1199 3913 1198
1895 2 2 200 11 3570 3768 3569
1896 2 2 200 11 3273 5336 4989
1897 2 2 200 11 1714 1911 1713
1898 2 2 200 11 2386 5120 2384
1899 2 2 200 11 3679 3682 3681
1900 2 2 200 11 3739 4574 2736
1901 2 2 200 11 3587 5545 5316
1902 2 2 200 11 1687 1767 1688
1903 2 2 200 11 3986 5431 878
1904 2 2 200 11 3572 3747 2910
1905 2 2 200 11 2720 3749 3748
1906 2 2 200 11 2280 2286 2282
1907 2 2 200 11 3581 4704 4118
1908 2 2 200 11 3584 4050 2319
1909 2 2 200 11 737 3575 452
1910 2 2 200 11 2403 3813 2415
1911 2 2 200 11 3532 3533 344
1912 2 2 200 11 2946 3455 3454
1913 2 2 200 11 2718 3747 3572
1914 2 2 200 11 28 3576 862
1915 2 2 200 11 1987 3197 1985
1916 2 2 200 11 832 3498 455
1917 2 2 200 11 483 3497 831
1918 2 2 200 11 2934 3734 2412
1919 2 2 200 11 2240 5494 5092
1920 2 2 200 11 2330 3739 2334
1921 2 2 200 11 3326 5162 3531
1922 2 2 200 11 1551 3564 1518
1923 2 2 200 11 1198 3912 3911
1924 2 2 200 11 1687 1784 1767
1925 2 2 200 11 3754 3755 3753
1926 2 2 200 11 860 5434 3432
1927 2 2 200 11 1960 3480 1958
1928 2 2 200 11 5204 5621 834
1929 2 2 200 11 3847 3848 3846
1930 2 2 200 11 3745 5528 896
1931 2 2 200 11 2405 4495 3813
1932 2 2 200 11 30 3585 821
1933 2 2 200 11 822 3587 315
1934 2 2 200 11 824 3449 599
1935 2 2 200 11 847 3765 3637
1936 2 2 200 11 1200 4973 3867
1937 2 2 200 11 1712 1713 1551
1938 2 2 200 11 849 3766 3641
1939 2 2 200 11 3619 5317 3272
1940 2 2 200 11 915 3888 914
1941 2 2 200 11 487 3592 488
1942 2 2 200 11 3005 3531 3001
1943 2 2 200 11 3456 3458 3005
1944 2 2 200 11 26 892 27
1945 2 2 200 11 318 891 319
1946 2 2 200 11 834 3597 3595
1947 2 2 200 11 2269 2272 2271
1948 2 2 200 11 320 860 321
1949 2 2 200 11 24 861 25
1950 2 2 200 11 673 5258 4336
1951 2 2 200 11 4199 5536 670
1952 2 2 200 11 3532 3537 3533
1953 2 2 200 11 3638 3640 3639
1954 2 2 200 11 3495 3496 2421
1955 2 2 200 11 2415 3813 3812
1956 2 2 200 11 3460 3732 3215
1957 2 2 200 11 808 3745 466
1958 2 2 200 11 3203 5058 4850
1959 2 2 200 11 3431 4974 4872
1960 2 2 200 11 677 5558 5530
1961 2 2 200 11 2736 2855 2854
1962 2 2 200 11 4901 5207 4015
1963 2 2 200 11 3778 5221 3467
1964 2 2 200 11 1469 3764 1468
1965 2 2 200 11 4133 5467 878
1966 2 2 200 11 1688 3561 1754
1967 2 2 200 11 825 3514 602
1968 2 2 200 11 2079 2152 1750
1969 2 2 200 11 829 3794 323
1970 2 2 200 11 2405 3813 2403
1971 2 2 200 11 4495 4779 3477
1972 2 2 200 11 653 5096 3429
1973 2 2 200 11 1985 3771 1986
1974 2 2 200 11 2909 4704 3581
1975 2 2 200 11 3178 5028 5014
1976 2 2 200 11 485 3548 486
1977 2 2 200 11 823 3509 340
1978 2 2 200 11 2365 2366 2364
1979 2 2 200 11 1674 3593 1672
1980 2 2 200 11 1911 2243 2242
1981 2 2 200 11 3483 3568 2151
1982 2 2 200 11 1477 1479 1478
1983 2 2 200 11 1472 3764 1469
1984 2 2 200 11 3552 5245 3546
1985 2 2 200 11 2298 2303 2302
1986 2 2 200 11 2275 3571 2278
1987 2 2 200 11 1712 1714 1713
1988 2 2 200 11 1957 1958 1913
1989 2 2 200 11 3547 5110 3548
1990 2 2 200 11 2285 3463 2290
1991 2 2 200 11 2349 3565 2346
1992 2 2 200 11 168 4828 169
1993 2 2 200 11 3590 3591 859
1994 2 2 200 11 3584 4546 3016
1995 2 2 200 11 22 830 23
1996 2 2 200 11 322 829 323
1997 2 2 200 11 1685 1687 1686
1998 2 2 200 11 3518 3521 3520
1999 2 2 200 11 2249 2251 2250
2000 2 2 200 11 2298 3469 2303
2001 2 2 200 11 3631 3633 835
2002 2 2 200 11 834 3595 588
2003 2 2 200 11 5301 5551 4639
2004 2 2 200 11 4352 5413 3227
2005 2 2 200 11 3094 5217 3668
2006 2 2 200 11 3458 3531 3005
2007 2 2 200 11 3869 4842 3860
2008 2 2 200 11 3682 3683 3681
2009 2 2 200 11 3534 3535 738
2010 2 2 200 11 1911 3583 2267
2011 2 2 200 11 1475 1477 1476
2012 2 2 200 11 2744 5173 3409
2013 2 2 200 11 3480 3484 3481
2014 2 2 200 11 2351 3739 2736
2015 2 2 200 11 372 3630 373
2016 2 2 200 11 550 3623 551
2017 2 2 200 11 826 3574 337
2018 2 2 200 11 845 3628 3627
2019 2 2 200 11 3614 3615 695
2020 2 2 200 11 708 3632 3631
2021 2 2 200 11 3612 3613 697
2022 2 2 200 11 3638 3639 703
2023 2 2 200 11 726 3656 3655
2024 2 2 200 11 706 3621 3620
2025 2 2 200 11 1911 2267 2243
2026 2 2 200 11 3674 3730 446
2027 2 2 200 11 1913 2151 1792
2028 2 2 200 11 3422 5510 830
2029 2 2 200 11 451 3644 737
2030 2 2 200 11 377 3694 3692
2031 2 2 200 11 536 3682 3679
2032 2 2 200 11 432 3678 3677
2033 2 2 200 11 399 3688 3687
2034 2 2 200 11 845 3627 374
2035 2 2 200 11 542 3610 839
2036 2 2 200 11 577 3738 3723
2037 2 2 200 11 416 3709 3707
2038 2 2 200 11 438 3706 3705
2039 2 2 200 11 427 3714 3713
2040 2 2 200 11 405 3699 3697
2041 2 2 200 11 731 3643 448
2042 2 2 200 11 490 3642 730
2043 2 2 200 11 364 3634 709
2044 2 2 200 11 696 3608 497
2045 2 2 200 11 718 3651 557
2046 2 2 200 11 708 3631 563
2047 2 2 200 11 441 3614 695
2048 2 2 200 11 397 3638 703
2049 2 2 200 11 430 3612 697
2050 2 2 200 11 706 3620 552
2051 2 2 200 11 700 3609 519
2052 2 2 200 11 408 3611 701
2053 2 2 200 11 419 3619 699
2054 2 2 200 11 726 3655 513
2055 2 2 200 11 4206 5009 4205
2056 2 2 200 11 339 823 340
2057 2 2 200 11 598 824 599
2058 2 2 200 11 336 826 337
2059 2 2 200 11 601 825 602
2060 2 2 200 11 1985 1986 1767
2061 2 2 200 11 30 821 31
2062 2 2 200 11 314 822 315
2063 2 2 200 11 28 862 29
2064 2 2 200 11 316 863 317
2065 2 2 200 11 2251 2253 2252
2066 2 2 200 11 4062 5118 690
2067 2 2 200 11 3456 4927 3458
2068 2 2 200 11 3525 3526 3379
2069 2 2 200 11 3559 4847 782
2070 2 2 200 11 3463 5112 2309
2071 2 2 200 11 3480 3481 1958
2072 2 2 200 11 2334 3739 2351
2073 2 2 200 11 3521 3522 3520
2074 2 2 200 11 1518 1556 1486
2075 2 2 200 11 1912 1913 1792
2076 2 2 200 11 3355 4956 3356
2077 2 2 200 11 3514 5017 3516
2078 2 2 200 11 2210 2240 2153
2079 2 2 200 11 3616 5607 3140
2080 2 2 200 11 3027 4522 3873
2081 2 2 200 11 738 3538 346
2082 2 2 200 11 462 3566 855
2083 2 2 200 11 617 3567 812
2084 2 2 200 11 1784 1987 1985
2085 2 2 200 11 3661 5602 2233
2086 2 2 200 11 2206 3480 1960
2087 2 2 200 11 3812 3814 2415
2088 2 2 200 11 3734 3735 3418
2089 2 2 200 11 599 3449 600
2090 2 2 200 11 3482 3483 2151
2091 2 2 200 11 1468 3764 3746
2092 2 2 200 11 1754 2249 2116
2093 2 2 200 11 4884 5059 3183
2094 2 2 200 11 3600 3772 3012
2095 2 2 200 11 3826 3828 2789
2096 2 2 200 11 2285 2290 2289
2097 2 2 200 11 1987 3352 3197
2098 2 2 200 11 910 4860 1679
2099 2 2 200 11 342 805 343
2100 2 2 200 11 595 806 596
2101 2 2 200 11 1196 4934 3868
2102 2 2 200 11 2363 2364 2349
2103 2 2 200 11 3244 5392 5186
2104 2 2 200 11 3519 5608 3750
2105 2 2 200 11 1518 3564 1556
2106 2 2 200 11 3758 4241 3309
2107 2 2 200 11 1959 1960 1958
2108 2 2 200 11 805 3532 343
2109 2 2 200 11 3989 5404 667
2110 2 2 200 11 3469 3470 3267
2111 2 2 200 11 614 3754 3753
2112 2 2 200 11 1481 1483 1482
2113 2 2 200 11 3242 3557 3240
2114 2 2 200 11 2401 3902 2399
2115 2 2 200 11 3048 4863 4636
2116 2 2 200 11 1788 3599 2248
2117 2 2 200 11 4241 4330 3309
2118 2 2 200 11 604 809 605
2119 2 2 200 11 333 810 334
2120 2 2 200 11 2253 2255 2254
2121 2 2 200 11 4352 5379 3632
2122 2 2 200 11 3480 3589 3484
2123 2 2 200 11 2672 4330 4241
2124 2 2 200 11 3482 3485 3483
2125 2 2 200 11 4038 5078 4039
2126 2 2 200 11 3519 3750 858
2127 2 2 200 11 1791 1792 1790
2128 2 2 200 11 3749 4527 4119
2129 2 2 200 11 2290 2292 2291
2130 2 2 200 11 1672 3888 918
2131 2 2 200 11 597 3511 598
2132 2 2 200 11 2563 4833 2564
2133 2 2 200 11 602 3514 603
2134 2 2 200 11 483 831 484
2135 2 2 200 11 454 832 455
2136 2 2 200 11 3517 3518 858
2137 2 2 200 11 4836 5357 880
2138 2 2 200 11 3017 3761 3019
2139 2 2 200 11 2414 3734 3418
2140 2 2 200 11 2351 2736 2359
2141 2 2 200 11 337 3574 338
2142 2 2 200 11 4825 4834 3972
2143 2 2 200 11 340 3509 341
2144 2 2 200 11 895 3744 611
2145 2 2 200 11 2999 3000 2997
2146 2 2 200 11 19 804 20
2147 2 2 200 11 325 803 326
2148 2 2 200 11 2206 3589 3480
2149 2 2 200 11 3466 5371 649
2150 2 2 200 11 878 5507 4133
2151 2 2 200 11 2029 2030 1960
2152 2 2 200 11 1714 3583 1911
2153 2 2 200 11 1790 3599 1788
2154 2 2 200 11 3027 3873 3872
2155 2 2 200 11 2532 4834 4825
2156 2 2 200 11 3517 3553 3518
2157 2 2 200 11 605 3517 606
2158 2 2 200 11 1789 1790 1788
2159 2 2 200 11 3593 3888 1672
2160 2 2 200 11 1480 1481 1479
2161 2 2 200 11 3746 3767 1468
2162 2 2 200 11 3547 3548 485
2163 2 2 200 11 2196 2197 2030
2164 2 2 200 11 462 855 463
2165 2 2 200 11 460 811 461
2166 2 2 200 11 615 856 616
2167 2 2 200 11 617 812 618
2168 2 2 200 11 361 3765 362
2169 2 2 200 11 2412 3734 2411
2170 2 2 200 11 495 3665 496
2171 2 2 200 11 500 3703 501
2172 2 2 200 11 506 3672 507
2173 2 2 200 11 380 3696 381
2174 2 2 200 11 517 3658 518
2175 2 2 200 11 528 3662 529
2176 2 2 200 11 435 3646 436
2177 2 2 200 11 413 3690 414
2178 2 2 200 11 566 3711 567
2179 2 2 200 11 394 3766 395
2180 2 2 200 11 555 3718 556
2181 2 2 200 11 3977 5363 65
2182 2 2 200 11 3418 3468 3417
2183 2 2 200 11 33 760 34
2184 2 2 200 11 311 761 312
2185 2 2 200 11 700 4990 3609
2186 2 2 200 11 3757 4821 1194
2187 2 2 200 11 5224 5245 3552
2188 2 2 200 11 3453 3733 2769
2189 2 2 200 11 2720 4527 3749
2190 2 2 200 11 3791 4655 4050
2191 2 2 200 11 1737 1788 1736
2192 2 2 200 11 3577 3578 2143
2193 2 2 200 11 612 807 613
2194 2 2 200 11 465 808 466
2195 2 2 200 11 843 5224 3552
2196 2 2 200 11 614 3753 615
2197 2 2 200 11 1477 1478 1476
2198 2 2 200 11 3805 4246 3804
2199 2 2 200 11 1483 1484 1482
2200 2 2 200 11 345 738 346
2201 2 2 200 11 592 739 593
2202 2 2 200 11 3804 4246 2564
2203 2 2 200 11 19 3965 804
2204 2 2 200 11 3911 3912 3007
2205 2 2 200 11 4759 5029 3246
2206 2 2 200 11 4806 4815 3968
2207 2 2 200 11 2255 2257 2256
2208 2 2 200 11 3777 4050 3584
2209 2 2 200 11 2292 2294 2293
2210 2 2 200 11 721 3769 3726
2211 2 2 200 11 3821 4747 3820
2212 2 2 200 11 3685 4935 402
2213 2 2 200 11 38 5019 864
2214 2 2 200 11 722 5183 3683
2215 2 2 200 11 5427 5447 3727
2216 2 2 200 11 1911 2242 1713
2217 2 2 200 11 3602 3605 352
2218 2 2 200 11 2319 4546 3584
2219 2 2 200 11 2789 3828 2438
2220 2 2 200 11 4918 5422 3320
2221 2 2 200 11 2533 4815 4806
2222 2 2 200 11 1180 3799 3791
2223 2 2 200 11 3550 5312 3346
2224 2 2 200 11 343 3532 344
2225 2 2 200 11 2278 2280 2279
2226 2 2 200 11 2414 3418 3417
2227 2 2 200 11 1792 3568 1790
2228 2 2 200 11 4908 5267 890
2229 2 2 200 11 3872 3889 3027
2230 2 2 200 11 1687 1688 1686
2231 2 2 200 11 3794 3796 324
2232 2 2 200 11 3499 3500 651
2233 2 2 200 11 1485 1486 1483
2234 2 2 200 11 3761 3762 3019
2235 2 2 200 11 803 3964 326
2236 2 2 200 11 857 3770 620
2237 2 2 200 11 1203 5005 1202
2238 2 2 200 11 1974 3889 3872
2239 2 2 200 11 1682 1685 1684
2240 2 2 200 11 1192 4842 3869
2241 2 2 200 11 3518 3553 3521
2242 2 2 200 11 877 5225 3743
2243 2 2 200 11 1207 5043 1206
2244 2 2 200 11 3451 5484 4826
2245 2 2 200 11 858 3750 607
2246 2 2 200 11 2198 2199 2197
2247 2 2 200 11 2273 3571 2275
2248 2 2 200 11 902 5610 3485
2249 2 2 200 11 2303 2304 2302
2250 2 2 200 11 612 3744 807
2251 2 2 200 11 1916 4945 2211
2252 2 2 200 11 4248 5099 783
2253 2 2 200 11 3776 4930 4925
2254 2 2 200 11 1194 4821 1191
2255 2 2 200 11 4522 4523 3873
2256 2 2 200 11 1473 1475 1474
2257 2 2 200 11 2410 2411 2409
2258 2 2 200 11 2211 4953 3316
2259 2 2 200 11 3518 3520 3519
2260 2 2 200 11 1475 1476 1474
2261 2 2 200 11 1788 2248 1736
2262 2 2 200 11 4992 5266 3524
2263 2 2 200 11 3264 3265 2935
2264 2 2 200 11 2079 2153 2152
2265 2 2 200 11 4050 4655 2319
2266 2 2 200 11 4925 4930 1655
2267 2 2 200 11 4067 4800 4068
2268 2 2 200 11 831 3547 484
2269 2 2 200 11 3506 5276 3278
2270 2 2 200 11 3805 5201 4905
2271 2 2 200 11 3971 4824 3972
2272 2 2 200 11 2411 3734 2414
2273 2 2 200 11 2419 4455 3810
2274 2 2 200 11 2335 4816 2331
2275 2 2 200 11 1477 1480 1479
2276 2 2 200 11 2417 2934 2412
2277 2 2 200 11 2290 3463 2309
2278 2 2 200 11 3500 3807 3806
2279 2 2 200 11 4824 4825 3972
2280 2 2 200 11 2197 5046 2030
2281 2 2 200 11 3160 4921 4919
2282 2 2 200 11 2272 2273 2271
2283 2 2 200 11 3549 3550 736
2284 2 2 200 11 2275 2278 2277
2285 2 2 200 11 3534 3536 3535
2286 2 2 200 11 1466 3767 1540
2287 2 2 200 11 606 3517 858
2288 2 2 200 11 3197 3771 1985
2289 2 2 200 11 3500 3806 651
2290 2 2 200 11 3778 3881 3214
2291 2 2 200 11 2414 3417 2969
2292 2 2 200 11 1728 1736 1674
2293 2 2 200 11 1750 3583 1714
2294 2 2 200 11 331 3590 859
2295 2 2 200 11 3730 3731 731
2296 2 2 200 11 3720 3721 712
2297 2 2 200 11 2820 5368 5365
2298 2 2 200 11 1517 1518 1486
2299 2 2 200 11 3594 3888 3593
2300 2 2 200 11 4919 4921 1522
2301 2 2 200 11 3003 3005 3001
2302 2 2 200 11 917 4774 920
2303 2 2 200 11 4342 4743 1249
2304 2 2 200 11 3692 3693 752
2305 2 2 200 11 3679 3680 749
2306 2 2 200 11 3667 3668 756
2307 2 2 200 11 3653 3654 742
2308 2 2 200 11 3707 3708 844
2309 2 2 200 11 3697 3698 838
2310 2 2 200 11 1481 1482 1479
2311 2 2 200 11 2726 3762 3761
2312 2 2 200 11 1550 1551 1518
2313 2 2 200 11 2410 2412 2411
2314 2 2 200 11 3728 3765 361
2315 2 2 200 11 3664 3665 495
2316 2 2 200 11 2411 2414 2413
2317 2 2 200 11 3701 3703 500
2318 2 2 200 11 3820 4747 2792
2319 2 2 200 11 3671 3672 506
2320 2 2 200 11 3695 3696 380
2321 2 2 200 11 3724 3766 394
2322 2 2 200 11 3657 3658 517
2323 2 2 200 11 3660 3662 528
2324 2 2 200 11 3645 3646 435
2325 2 2 200 11 3710 3711 566
2326 2 2 200 11 3689 3690 413
2327 2 2 200 11 3716 3718 555
2328 2 2 200 11 1711 1712 1551
2329 2 2 200 11 3875 4582 3870
2330 2 2 200 11 3967 4797 2812
2331 2 2 200 11 2789 3950 3826
2332 2 2 200 11 4065 4785 4066
2333 2 2 200 11 2564 4833 3804
2334 2 2 200 11 3821 4342 1647
2335 2 2 200 11 3764 4848 3010
2336 2 2 200 11 3874 4567 4493
2337 2 2 200 11 3266 5210 3452
2338 2 2 200 11 4075 4834 2532
2339 2 2 200 11 461 3566 462
2340 2 2 200 11 616 3567 617
2341 2 2 200 11 4945 4953 2211
2342 2 2 200 11 3423 5030 3425
2343 2 2 200 11 2039 3777 3584
2344 2 2 200 11 3782 4287 2150
2345 2 2 200 11 3580 4865 4841
2346 2 2 200 11 3967 4804 3968
2347 2 2 200 11 4101 4766 2607
2348 2 2 200 11 2415 3902 2401
2349 2 2 200 11 1647 4747 3821
2350 2 2 200 11 25 3563 26
2351 2 2 200 11 3434 5024 3308
2352 2 2 200 11 3006 3456 3005
2353 2 2 200 11 1745 3777 2039
2354 2 2 200 11 467 3745 896
2355 2 2 200 11 2436 3849 3835
2356 2 2 200 11 3798 4231 3339
2357 2 2 200 11 864 5243 4849
2358 2 2 200 11 4292 4744 1509
2359 2 2 200 11 5005 5007 1202
2360 2 2 200 11 1214 3779 1211
2361 2 2 200 11 613 3754 614
2362 2 2 200 11 23 3569 24
2363 2 2 200 11 3545 5089 5040
2364 2 2 200 11 3382 5417 4809
2365 2 2 200 11 2164 4052 2148
2366 2 2 200 11 4804 4806 3968
2367 2 2 200 11 3974 4778 2811
2368 2 2 200 11 27 3576 28
2369 2 2 200 11 2399 3902 3048
2370 2 2 200 11 3797 4231 3798
2371 2 2 200 11 2726 4048 3762
2372 2 2 200 11 2150 4287 2538
2373 2 2 200 11 2532 4841 4075
2374 2 2 200 11 3956 4742 3957
2375 2 2 200 11 2053 4231 3797
2376 2 2 200 11 2343 2344 2342
2377 2 2 200 11 3452 5210 763
2378 2 2 200 11 4891 5242 4184
2379 2 2 200 11 3761 4330 2672
2380 2 2 200 11 1468 3767 1466
2381 2 2 200 11 3029 4771 3979
2382 2 2 200 11 3971 4815 2533
2383 2 2 200 11 3799 4655 3791
2384 2 2 200 11 2844 3950 2789
2385 2 2 200 11 736 3592 487
2386 2 2 200 11 2538 4287 3775
2387 2 2 200 11 3017 4330 3761
2388 2 2 200 11 3596 3598 735
2389 2 2 200 11 3414 5621 5204
2390 2 2 200 11 3810 4455 3809
2391 2 2 200 11 2438 3828 2437
2392 2 2 200 11 3522 3524 3523
2393 2 2 200 11 3767 4459 1540
2394 2 2 200 11 1932 4626 1931
2395 2 2 200 11 3214 3881 2452
2396 2 2 200 11 2427 3780 3360
2397 2 2 200 11 1188 4582 3875
2398 2 2 200 11 1728 1737 1736
2399 2 2 200 11 4099 4746 2608
2400 2 2 200 11 3201 3789 2679
2401 2 2 200 11 3772 4487 1669
2402 2 2 200 11 453 3551 454
2403 2 2 200 11 3775 3890 2538
2404 2 2 200 11 4493 4567 1208
2405 2 2 200 11 1481 1485 1483
2406 2 2 200 11 169 4828 713
2407 2 2 200 11 1798 3889 1974
2408 2 2 200 11 452 3575 453
2409 2 2 200 11 866 4828 168
2410 2 2 200 11 3510 5226 805
2411 2 2 200 11 3600 4487 3772
2412 2 2 200 11 3412 5080 3410
2413 2 2 200 11 308 653 309
2414 2 2 200 11 36 652 37
2415 2 2 200 11 2812 4797 4791
2416 2 2 200 11 3840 3842 2475
2417 2 2 200 11 2037 4326 1781
2418 2 2 200 11 2763 4685 1660
2419 2 2 200 11 351 3602 352
2420 2 2 200 11 3193 3924 3923
2421 2 2 200 11 4140 4758 2534
2422 2 2 200 11 3808 4693 3028
2423 2 2 200 11 3665 5091 3666
2424 2 2 200 11 3797 4294 2053
2425 2 2 200 11 4010 4012 2042
2426 2 2 200 11 484 3547 485
2427 2 2 200 11 3882 3890 3775
2428 2 2 200 11 4118 4750 3581
2429 2 2 200 11 2436 4942 1916
2430 2 2 200 11 3576 5537 862
2431 2 2 200 11 3448 4753 2969
2432 2 2 200 11 458 854 459
2433 2 2 200 11 619 857 620
2434 2 2 200 11 466 3745 467
2435 2 2 200 11 1685 1686 1684
2436 2 2 200 11 2855 3529 2854
2437 2 2 200 11 694 5422 4918
2438 2 2 200 11 3877 4695 3876
2439 2 2 200 11 3146 4274 4048
2440 2 2 200 11 884 5481 5343
2441 2 2 200 11 3028 4410 3188
2442 2 2 200 11 4008 4014 4013
2443 2 2 200 11 3821 4743 4342
2444 2 2 200 11 2607 4766 4762
2445 2 2 200 11 4010 4701 4011
2446 2 2 200 11 3193 3923 2174
2447 2 2 200 11 373 3630 845
2448 2 2 200 11 551 3623 706
2449 2 2 200 11 2408 2410 2409
2450 2 2 200 11 2656 3915 1980
2451 2 2 200 11 767 5425 3441
2452 2 2 200 11 2417 2935 2934
2453 2 2 200 11 3851 4086 2312
2454 2 2 200 11 3442 5376 3441
2455 2 2 200 11 2656 3916 3915
2456 2 2 200 11 3906 4043 2247
2457 2 2 200 11 2408 2409 2406
2458 2 2 200 11 4099 4760 4098
2459 2 2 200 11 585 3719 586
2460 2 2 200 11 447 3730 731
2461 2 2 200 11 1737 1789 1788
2462 2 2 200 11 378 3692 752
2463 2 2 200 11 537 3679 749
2464 2 2 200 11 389 3648 740
2465 2 2 200 11 559 3650 748
2466 2 2 200 11 548 3652 757
2467 2 2 200 11 433 3677 745
2468 2 2 200 11 584 3720 712
2469 2 2 200 11 411 3667 756
2470 2 2 200 11 400 3687 750
2471 2 2 200 11 515 3653 742
2472 2 2 200 11 417 3707 844
2473 2 2 200 11 439 3705 846
2474 2 2 200 11 428 3713 840
2475 2 2 200 11 406 3697 838
2476 2 2 200 11 2655 3840 2475
2477 2 2 200 11 4012 4013 2042
2478 2 2 200 11 588 3595 589
2479 2 2 200 11 392 3769 721
2480 2 2 200 11 562 3722 708
2481 2 2 200 11 534 3727 722
2482 2 2 200 11 578 3723 714
2483 2 2 200 11 2243 3404 2242
2484 2 2 200 11 1559 3790 2674
2485 2 2 200 11 1502 3890 3882
2486 2 2 200 11 2278 4976 2280
2487 2 2 200 11 2533 4824 3971
2488 2 2 200 11 3866 4999 3867
2489 2 2 200 11 2053 4294 2568
2490 2 2 200 11 2861 3830 1900
2491 2 2 200 11 357 3686 358
2492 2 2 200 11 491 3729 492
2493 2 2 200 11 360 3728 361
2494 2 2 200 11 2160 3864 3863
2495 2 2 200 11 494 3664 495
2496 2 2 200 11 445 3674 446
2497 2 2 200 11 3902 4863 3048
2498 2 2 200 11 29 3585 30
2499 2 2 200 11 315 3587 316
2500 2 2 200 11 2170 3866 3865
2501 2 2 200 11 2160 3863 2146
2502 2 2 200 11 499 3701 500
2503 2 2 200 11 450 3644 451
2504 2 2 200 11 1736 3593 1674
2505 2 2 200 11 368 3670 369
2506 2 2 200 11 376 3694 377
2507 2 2 200 11 448 3643 449
2508 2 2 200 11 489 3642 490
2509 2 2 200 11 535 3682 536
2510 2 2 200 11 505 3671 506
2511 2 2 200 11 431 3678 432
2512 2 2 200 11 374 3627 375
2513 2 2 200 11 398 3688 399
2514 2 2 200 11 541 3610 542
2515 2 2 200 11 379 3695 380
2516 2 2 200 11 565 3710 566
2517 2 2 200 11 415 3709 416
2518 2 2 200 11 571 3649 572
2519 2 2 200 11 437 3706 438
2520 2 2 200 11 426 3714 427
2521 2 2 200 11 404 3699 405
2522 2 2 200 11 393 3724 394
2523 2 2 200 11 401 3685 402
2524 2 2 200 11 516 3657 517
2525 2 2 200 11 434 3645 435
2526 2 2 200 11 527 3660 528
2527 2 2 200 11 554 3716 555
2528 2 2 200 11 363 3634 364
2529 2 2 200 11 497 3608 498
2530 2 2 200 11 412 3689 413
2531 2 2 200 11 563 3631 564
2532 2 2 200 11 557 3651 558
2533 2 2 200 11 440 3614 441
2534 2 2 200 11 396 3638 397
2535 2 2 200 11 429 3612 430
2536 2 2 200 11 552 3620 553
2537 2 2 200 11 519 3609 520
2538 2 2 200 11 407 3611 408
2539 2 2 200 11 418 3619 419
2540 2 2 200 11 576 3738 577
2541 2 2 200 11 513 3655 514
2542 2 2 200 11 4138 4731 2535
2543 2 2 200 11 2170 3865 2161
2544 2 2 200 11 1560 3779 1214
2545 2 2 200 11 3783 4052 3380
2546 2 2 200 11 3943 4449 3046
2547 2 2 200 11 2811 4778 4772
2548 2 2 200 11 3827 3838 2437
2549 2 2 200 11 2820 5365 4408
2550 2 2 200 11 4760 4762 4098
2551 2 2 200 11 2736 2854 2359
2552 2 2 200 11 1998 2891 1999
2553 2 2 200 11 1901 3772 1693
2554 2 2 200 11 1606 4611 1798
2555 2 2 200 11 3789 3836 2679
2556 2 2 200 11 2568 4294 3787
2557 2 2 200 11 2655 3841 3840
2558 2 2 200 11 1791 1912 1792
2559 2 2 200 11 3748 4814 4780
2560 2 2 200 11 2257 2259 2258
2561 2 2 200 11 4113 4710 2609
2562 2 2 200 11 3844 4064 3842
2563 2 2 200 11 2655 3871 3841
2564 2 2 200 11 2341 2342 2337
2565 2 2 200 11 4636 4863 1507
2566 2 2 200 11 4130 4873 2816
2567 2 2 200 11 3280 3892 3891
2568 2 2 200 11 2237 3934 3465
2569 2 2 200 11 453 3575 3551
2570 2 2 200 11 3787 3901 2568
2571 2 2 200 11 1834 4086 3850
2572 2 2 200 11 3280 3891 2028
2573 2 2 200 11 3850 4086 3851
2574 2 2 200 11 3024 4261 3876
2575 2 2 200 11 3855 3933 1460
2576 2 2 200 11 1211 3779 1210
2577 2 2 200 11 3146 4048 2726
2578 2 2 200 11 1557 3895 3849
2579 2 2 200 11 3270 4262 4261
2580 2 2 200 11 1789 1791 1790
2581 2 2 200 11 3021 3933 3855
2582 2 2 200 11 3397 3822 3396
2583 2 2 200 11 3012 3772 1901
2584 2 2 200 11 1834 4576 3047
2585 2 2 200 11 3270 4261 3024
2586 2 2 200 11 2437 3828 3827
2587 2 2 200 11 3046 4449 3836
2588 2 2 200 11 324 3796 325
2589 2 2 200 11 2688 4733 3150
2590 2 2 200 11 1912 1957 1913
2591 2 2 200 11 4302 4529 3880
2592 2 2 200 11 2891 3318 2970
2593 2 2 200 11 1190 3810 3809
2594 2 2 200 11 4021 4350 4069
2595 2 2 200 11 3016 3556 3359
2596 2 2 200 11 1899 1998 1901
2597 2 2 200 11 1998 1999 1901
2598 2 2 200 11 2411 2413 2409
2599 2 2 200 11 3884 3901 3787
2600 2 2 200 11 4068 4800 1418
2601 2 2 200 11 3790 3791 2674
2602 2 2 200 11 1228 3901 3884
2603 2 2 200 11 2534 4758 4754
2604 2 2 200 11 4119 4682 3749
2605 2 2 200 11 3958 4713 3959
2606 2 2 200 11 4540 4920 1782
2607 2 2 200 11 4841 4865 4075
2608 2 2 200 11 333 3792 810
2609 2 2 200 11 2150 4052 3782
2610 2 2 200 11 1704 3839 2092
2611 2 2 200 11 2847 3819 3400
2612 2 2 200 11 2812 4804 3967
2613 2 2 200 11 3950 4644 1675
2614 2 2 200 11 332 3792 333
2615 2 2 200 11 3773 4817 1544
2616 2 2 200 11 3683 3684 3681
2617 2 2 200 11 2280 2282 2281
2618 2 2 200 11 1180 3791 3790
2619 2 2 200 11 3150 4310 4291
2620 2 2 200 11 4138 4752 4137
2621 2 2 200 11 2962 3818 3573
2622 2 2 200 11 2608 4746 4740
2623 2 2 200 11 4131 4853 2807
2624 2 2 200 11 2210 2241 2240
2625 2 2 200 11 3136 4744 4292
2626 2 2 200 11 4008 4013 4012
2627 2 2 200 11 3863 3868 3862
2628 2 2 200 11 2039 3016 2925
2629 2 2 200 11 1657 3808 3034
2630 2 2 200 11 3865 3867 3864
2631 2 2 200 11 845 3629 3628
2632 2 2 200 11 3615 3616 695
2633 2 2 200 11 3143 4941 4361
2634 2 2 200 11 3632 3633 3631
2635 2 2 200 11 4113 4734 4112
2636 2 2 200 11 706 3622 3621
2637 2 2 200 11 2145 3862 3861
2638 2 2 200 11 3046 3836 2099
2639 2 2 200 11 2844 4644 3950
2640 2 2 200 11 4181 4650 4177
2641 2 2 200 11 1482 4765 1479
2642 2 2 200 11 2607 4780 4101
2643 2 2 200 11 2345 2346 2344
2644 2 2 200 11 952 4742 3956
2645 2 2 200 11 916 4774 917
2646 2 2 200 11 954 4602 955
2647 2 2 200 11 2428 3780 2427
2648 2 2 200 11 3829 4796 4127
2649 2 2 200 11 1899 1901 1693
2650 2 2 200 11 3526 3527 3379
2651 2 2 200 11 2445 3937 2446
2652 2 2 200 11 2562 4181 4180
2653 2 2 200 11 1190 3809 1187
2654 2 2 200 11 3773 4827 3774
2655 2 2 200 11 3880 4529 2735
2656 2 2 200 11 4752 4754 4137
2657 2 2 200 11 2446 3937 3817
2658 2 2 200 11 4791 4797 3974
2659 2 2 200 11 3489 5275 705
2660 2 2 200 11 3849 3895 3835
2661 2 2 200 11 1526 4873 4130
2662 2 2 200 11 4143 4649 2610
2663 2 2 200 11 3822 3823 3396
2664 2 2 200 11 2042 4701 4010
2665 2 2 200 11 3850 4576 1834
2666 2 2 200 11 1181 3799 1180
2667 2 2 200 11 621 3770 3014
2668 2 2 200 11 3879 4302 3880
2669 2 2 200 11 4291 4310 1406
2670 2 2 200 11 1175 3790 1559
2671 2 2 200 11 4033 4041 3994
2672 2 2 200 11 1675 4654 3950
2673 2 2 200 11 4734 4740 4112
2674 2 2 200 11 3595 3596 735
2675 2 2 200 11 4180 4182 2562
2676 2 2 200 11 3864 4973 3868
2677 2 2 200 11 4762 4766 4098
2678 2 2 200 11 3781 4802 1649
2679 2 2 200 11 2936 4049 2047
2680 2 2 200 11 3016 3359 2925
2681 2 2 200 11 3835 4923 2436
2682 2 2 200 11 2249 2250 2116
2683 2 2 200 11 1400 4652 4622
2684 2 2 200 11 2408 4466 2410
2685 2 2 200 11 2145 3861 2131
2686 2 2 200 11 2007 4215 2853
2687 2 2 200 11 4244 4507 4243
2688 2 2 200 11 3842 4064 2475
2689 2 2 200 11 954 4302 3879
2690 2 2 200 11 3031 4232 3030
2691 2 2 200 11 2891 2970 1999
2692 2 2 200 11 3380 4052 2164
2693 2 2 200 11 4987 5027 3250
2694 2 2 200 11 805 4961 3532
2695 2 2 200 11 1567 1786 1738
2696 2 2 200 11 2811 4791 3974
2697 2 2 200 11 3806 3807 3740
2698 2 2 200 11 4916 5332 3924
2699 2 2 200 11 2644 3837 2643
2700 2 2 200 11 3784 3923 3020
2701 2 2 200 11 1745 2039 2008
2702 2 2 200 11 4827 4838 3774
2703 2 2 200 11 3028 4693 4410
2704 2 2 200 11 4151 4831 2798
2705 2 2 200 11 2047 4049 3833
2706 2 2 200 11 2635 3898 3897
2707 2 2 200 11 3876 4695 3024
2708 2 2 200 11 3950 4654 3826
2709 2 2 200 11 2842 3944 2046
2710 2 2 200 11 4066 4785 1414
2711 2 2 200 11 2303 3469 3267
2712 2 2 200 11 2736 4574 2855
2713 2 2 200 11 4304 4675 4148
2714 2 2 200 11 2046 3944 3832
2715 2 2 200 11 1540 4459 4253
2716 2 2 200 11 4161 4681 2536
2717 2 2 200 11 2148 4052 2150
2718 2 2 200 11 1648 4507 4244
2719 2 2 200 11 1675 4644 3168
2720 2 2 200 11 3811 4495 1489
2721 2 2 200 11 3960 4560 3871
2722 2 2 200 11 3020 3915 3784
2723 2 2 200 11 3966 4797 3967
2724 2 2 200 11 509 4770 842
2725 2 2 200 11 698 4770 508
2726 2 2 200 11 1470 1471 1469
2727 2 2 200 11 4172 4563 4102
2728 2 2 200 11 1798 4611 3889
2729 2 2 200 11 3252 3331 3330
2730 2 2 200 11 1527 4853 4131
2731 2 2 200 11 1952 3926 2888
2732 2 2 200 11 3113 4817 3773
2733 2 2 200 11 2247 4044 3906
2734 2 2 200 11 3160 4881 4130
2735 2 2 200 11 3248 3854 3853
2736 2 2 200 11 2099 3836 3789
2737 2 2 200 11 2656 4021 3916
2738 2 2 200 11 1980 3915 3020
2739 2 2 200 11 5357 5393 880
2740 2 2 200 11 2635 3897 2043
2741 2 2 200 11 4051 4684 3036
2742 2 2 200 11 4772 4778 4140
2743 2 2 200 11 4348 5512 3636
2744 2 2 200 11 2608 4760 4099
2745 2 2 200 11 3973 4778 3974
2746 2 2 200 11 1544 4817 4808
2747 2 2 200 11 2174 3923 3784
2748 2 2 200 11 3025 3897 3802
2749 2 2 200 11 3417 3448 2969
2750 2 2 200 11 2567 4641 2114
2751 2 2 200 11 3248 3853 2468
2752 2 2 200 11 1159 4017 1162
2753 2 2 200 11 114 5041 4117
2754 2 2 200 11 1531 4683 3800
2755 2 2 200 11 1787 2034 1786
2756 2 2 200 11 620 3770 621
2757 2 2 200 11 3814 3902 2415
2758 2 2 200 11 2861 3831 3830
2759 2 2 200 11 3879 4602 954
2760 2 2 200 11 3109 4802 3781
2761 2 2 200 11 2221 4243 3932
2762 2 2 200 11 3866 3867 3865
2763 2 2 200 11 1731 4071 1617
2764 2 2 200 11 1693 3772 1669
2765 2 2 200 11 2609 4710 4699
2766 2 2 200 11 2404 2406 2405
2767 2 2 200 11 4126 4768 1549
2768 2 2 200 11 2414 2969 2413
2769 2 2 200 11 4170 4731 4138
2770 2 2 200 11 3864 3868 3863
2771 2 2 200 11 1786 2108 1738
2772 2 2 200 11 1570 3777 1745
2773 2 2 200 11 2454 3214 2452
2774 2 2 200 11 4780 4814 4101
2775 2 2 200 11 1584 3927 1785
2776 2 2 200 11 2534 4772 4140
2777 2 2 200 11 4161 4711 4162
2778 2 2 200 11 4100 4766 4101
2779 2 2 200 11 38 864 39
2780 2 2 200 11 1511 4796 3829
2781 2 2 200 11 2028 3891 3802
2782 2 2 200 11 3506 4215 4213
2783 2 2 200 11 2221 4625 2218
2784 2 2 200 11 4143 4687 4142
2785 2 2 200 11 3999 4728 4000
2786 2 2 200 11 3160 4919 4881
2787 2 2 200 11 306 886 307
2788 2 2 200 11 4114 4746 4099
2789 2 2 200 11 2410 4466 2416
2790 2 2 200 11 3049 5073 4894
2791 2 2 200 11 2535 4731 4719
2792 2 2 200 11 2248 3594 3593
2793 2 2 200 11 1667 3870 1561
2794 2 2 200 11 3904 4044 1759
2795 2 2 200 11 1524 4831 4151
2796 2 2 200 11 2215 4326 2037
2797 2 2 200 11 3766 5153 3641
2798 2 2 200 11 2092 3203 2166
2799 2 2 200 11 323 3794 324
2800 2 2 200 11 2039 2925 2008
2801 2 2 200 11 4740 4746 4112
2802 2 2 200 11 4126 4781 3137
2803 2 2 200 11 4165 4621 2537
2804 2 2 200 11 3802 3891 3025
2805 2 2 200 11 3158 4861 4131
2806 2 2 200 11 3838 4544 1571
2807 2 2 200 11 2620 3842 3840
2808 2 2 200 11 4139 4758 4140
2809 2 2 200 11 2427 3360 3332
2810 2 2 200 11 3979 4771 1410
2811 2 2 200 11 4538 5057 4539
2812 2 2 200 11 4107 4520 1530
2813 2 2 200 11 3318 3459 2970
2814 2 2 200 11 4243 4507 3932
2815 2 2 200 11 1169 1171 1170
2816 2 2 200 11 2620 3843 3842
2817 2 2 200 11 4754 4758 4137
2818 2 2 200 11 1748 4250 1622
2819 2 2 200 11 2523 4030 4029
2820 2 2 200 11 2713 4672 3147
2821 2 2 200 11 3808 3926 3034
2822 2 2 200 11 3801 4705 3800
2823 2 2 200 11 2454 3215 3214
2824 2 2 200 11 3861 3869 3860
2825 2 2 200 11 3817 3938 2446
2826 2 2 200 11 4300 4313 3052
2827 2 2 200 11 2847 3944 3819
2828 2 2 200 11 3053 4506 3938
2829 2 2 200 11 4274 4741 1408
2830 2 2 200 11 2923 3937 2445
2831 2 2 200 11 1471 1472 1469
2832 2 2 200 11 3906 4044 3904
2833 2 2 200 11 1649 4802 4795
2834 2 2 200 11 1759 3947 3815
2835 2 2 200 11 3935 4344 4085
2836 2 2 200 11 3837 3925 2643
2837 2 2 200 11 3862 3869 3861
2838 2 2 200 11 3103 4768 4126
2839 2 2 200 11 2635 3935 3898
2840 2 2 200 11 2427 3332 2425
2841 2 2 200 11 4864 4873 1526
2842 2 2 200 11 2435 3466 2431
2843 2 2 200 11 1467 1469 1468
2844 2 2 200 11 2435 3467 3466
2845 2 2 200 11 4305 4557 962
2846 2 2 200 11 4687 4699 4142
2847 2 2 200 11 956 4713 3958
2848 2 2 200 11 4019 4745 4018
2849 2 2 200 11 4711 4719 4162
2850 2 2 200 11 2656 4350 4021
2851 2 2 200 11 2899 4563 4172
2852 2 2 200 11 1161 3895 1557
2853 2 2 200 11 3815 3904 1759
2854 2 2 200 11 1185 1186 1184
2855 2 2 200 11 3896 4168 1492
2856 2 2 200 11 4144 4710 4113
2857 2 2 200 11 2353 4816 2335
2858 2 2 200 11 2493 4032 2495
2859 2 2 200 11 2752 2753 2751
2860 2 2 200 11 2753 2852 2751
2861 2 2 200 11 3933 4636 1507
2862 2 2 200 11 611 3744 612
2863 2 2 200 11 2749 2751 2750
2864 2 2 200 11 3853 3885 2468
2865 2 2 200 11 2950 3223 2215
2866 2 2 200 11 2523 4029 4028
2867 2 2 200 11 3862 4934 3869
2868 2 2 200 11 1033 4583 1502
2869 2 2 200 11 2775 4673 3151
2870 2 2 200 11 3478 5003 1484
2871 2 2 200 11 3003 3006 3005
2872 2 2 200 11 4153 4561 2611
2873 2 2 200 11 472 3740 759
2874 2 2 200 11 1567 1787 1786
2875 2 2 200 11 2262 3823 3822
2876 2 2 200 11 983 4623 986
2877 2 2 200 11 1670 3839 1704
2878 2 2 200 11 3825 3828 3826
2879 2 2 200 11 4021 4069 986
2880 2 2 200 11 4156 4649 4143
2881 2 2 200 11 1559 2674 1570
2882 2 2 200 11 2962 4049 3818
2883 2 2 200 11 3158 4864 4861
2884 2 2 200 11 1109 4750 4118
2885 2 2 200 11 3827 4544 3838
2886 2 2 200 11 3928 3929 1599
2887 2 2 200 11 3896 4316 4168
2888 2 2 200 11 4063 4232 3354
2889 2 2 200 11 1696 4535 1928
2890 2 2 200 11 3871 4298 1573
2891 2 2 200 11 1163 3895 1161
2892 2 2 200 11 607 3750 608
2893 2 2 200 11 2749 2752 2751
2894 2 2 200 11 3947 3948 2448
2895 2 2 200 11 3157 4844 4151
2896 2 2 200 11 3518 3519 858
2897 2 2 200 11 1198 3911 1195
2898 2 2 200 11 1162 4017 1568
2899 2 2 200 11 4129 4736 1545
2900 2 2 200 11 2043 3897 3025
2901 2 2 200 11 3859 3875 3870
2902 2 2 200 11 960 4313 4300
2903 2 2 200 11 3922 4343 3948
2904 2 2 200 11 651 3806 470
2905 2 2 200 11 4781 4795 3137
2906 2 2 200 11 3820 4833 2563
2907 2 2 200 11 4145 4572 1420
2908 2 2 200 11 3045 3942 3925
2909 2 2 200 11 4166 4621 4165
2910 2 2 200 11 2609 4734 4113
2911 2 2 200 11 3801 4715 4705
2912 2 2 200 11 1742 3870 1667
2913 2 2 200 11 3859 3870 1742
2914 2 2 200 11 2680 4633 3141
2915 2 2 200 11 4260 4354 4146
2916 2 2 200 11 4480 4685 2763
2917 2 2 200 11 1179 1180 1177
2918 2 2 200 11 3872 3873 2317
2919 2 2 200 11 1168 1169 1167
2920 2 2 200 11 3041 4520 4107
2921 2 2 200 11 2259 2269 2268
2922 2 2 200 11 4032 4041 4033
2923 2 2 200 11 3679 3681 3680
2924 2 2 200 11 1565 1567 1566
2925 2 2 200 11 3871 4560 3841
2926 2 2 200 11 3870 4582 1561
2927 2 2 200 11 2200 2201 2199
2928 2 2 200 11 2535 4752 4138
2929 2 2 200 11 3010 3588 2753
2930 2 2 200 11 2262 4003 3823
2931 2 2 200 11 3791 4050 2674
2932 2 2 200 11 1796 4013 2112
2933 2 2 200 11 2497 4028 2499
2934 2 2 200 11 1174 4490 1171
2935 2 2 200 11 3097 4736 4129
2936 2 2 200 11 3857 4239 2642
2937 2 2 200 11 3825 3826 1172
2938 2 2 200 11 3746 4499 3767
2939 2 2 200 11 1729 4003 1977
2940 2 2 200 11 2426 2427 2425
2941 2 2 200 11 3065 4632 4079
2942 2 2 200 11 3818 4049 2936
2943 2 2 200 11 4846 4853 1527
2944 2 2 200 11 471 3806 3740
2945 2 2 200 11 1567 1738 1566
2946 2 2 200 11 1704 2092 1910
2947 2 2 200 11 1454 3928 1599
2948 2 2 200 11 2130 3860 3859
2949 2 2 200 11 2161 3865 2160
2950 2 2 200 11 2404 2405 2403
2951 2 2 200 11 3819 3944 2842
2952 2 2 200 11 1183 1184 1181
2953 2 2 200 11 3833 4250 2047
2954 2 2 200 11 2146 3863 2145
2955 2 2 200 11 2523 4028 2497
2956 2 2 200 11 3815 3947 2448
2957 2 2 200 11 1169 1172 1171
2958 2 2 200 11 1186 1565 1558
2959 2 2 200 11 4160 4681 4161
2960 2 2 200 11 4129 4751 3135
2961 2 2 200 11 2290 2291 2289
2962 2 2 200 11 610 895 611
2963 2 2 200 11 467 896 468
2964 2 2 200 11 1664 3874 1689
2965 2 2 200 11 3812 4550 3814
2966 2 2 200 11 2644 4215 3837
2967 2 2 200 11 331 859 332
2968 2 2 200 11 606 858 607
2969 2 2 200 11 2853 4215 3506
2970 2 2 200 11 2562 4650 4181
2971 2 2 200 11 3545 5040 3437
2972 2 2 200 11 1471 3811 1489
2973 2 2 200 11 1169 3825 1172
2974 2 2 200 11 1957 1959 1958
2975 2 2 200 11 4145 4146 3043
2976 2 2 200 11 2888 3926 3808
2977 2 2 200 11 2407 2408 2406
2978 2 2 200 11 1502 4583 3890
2979 2 2 200 11 4165 4656 4164
2980 2 2 200 11 2042 4013 1796
2981 2 2 200 11 2363 2365 2364
2982 2 2 200 11 2663 4354 4260
2983 2 2 200 11 2420 2421 2035
2984 2 2 200 11 4054 4595 4104
2985 2 2 200 11 1557 3849 1563
2986 2 2 200 11 1543 3887 2623
2987 2 2 200 11 1567 4455 1787
2988 2 2 200 11 1471 1473 1472
2989 2 2 200 11 1175 1559 1174
2990 2 2 200 11 833 3603 3602
2991 2 2 200 11 1195 3911 1194
2992 2 2 200 11 2416 2417 2412
2993 2 2 200 11 2536 4681 4664
2994 2 2 200 11 3832 4071 2046
2995 2 2 200 11 4571 5216 693
2996 2 2 200 11 3354 4232 3031
2997 2 2 200 11 4152 4561 4153
2998 2 2 200 11 3033 4557 4305
2999 2 2 200 11 4699 4710 4142
3000 2 2 200 11 3047 4576 4107
3001 2 2 200 11 2014 3872 2317
3002 2 2 200 11 3936 4641 2567
3003 2 2 200 11 3030 4232 3927
3004 2 2 200 11 1549 4768 4761
3005 2 2 200 11 4235 4338 4175
3006 2 2 200 11 3152 4810 3829
3007 2 2 200 11 1651 4606 3856
3008 2 2 200 11 3800 4683 2881
3009 2 2 200 11 1162 1163 1161
3010 2 2 200 11 1689 3874 1794
3011 2 2 200 11 3157 4846 4844
3012 2 2 200 11 1173 1175 1174
3013 2 2 200 11 1189 1190 1187
3014 2 2 200 11 2623 3887 3885
3015 2 2 200 11 1794 3874 2705
3016 2 2 200 11 2655 4298 3871
3017 2 2 200 11 1521 4728 3999
3018 2 2 200 11 4118 4704 1547
3019 2 2 200 11 3837 4215 2007
3020 2 2 200 11 1488 4745 4019
3021 2 2 200 11 2627 3927 1584
3022 2 2 200 11 2623 3885 2625
3023 2 2 200 11 4146 4354 3043
3024 2 2 200 11 2251 2252 2250
3025 2 2 200 11 2130 3859 1948
3026 2 2 200 11 1173 1174 1171
3027 2 2 200 11 1216 1560 1214
3028 2 2 200 11 2627 3949 3852
3029 2 2 200 11 3874 4493 2705
3030 2 2 200 11 1787 4455 2419
3031 2 2 200 11 978 4547 4279
3032 2 2 200 11 3150 4733 4310
3033 2 2 200 11 2432 2435 2431
3034 2 2 200 11 2424 2425 2422
3035 2 2 200 11 2461 4290 4174
3036 2 2 200 11 4531 4674 2930
3037 2 2 200 11 3932 4625 2221
3038 2 2 200 11 2705 3213 3212
3039 2 2 200 11 3866 5006 4999
3040 2 2 200 11 2833 4615 1658
3041 2 2 200 11 4079 4632 1117
3042 2 2 200 11 1948 3859 1742
3043 2 2 200 11 2402 2404 2403
3044 2 2 200 11 4820 4831 1524
3045 2 2 200 11 1322 4682 4119
3046 2 2 200 11 2551 4338 4235
3047 2 2 200 11 3556 5458 3499
3048 2 2 200 11 2431 3780 2428
3049 2 2 200 11 1928 3926 1952
3050 2 2 200 11 2046 4071 1731
3051 2 2 200 11 3052 4593 3962
3052 2 2 200 11 1187 3809 1186
3053 2 2 200 11 1172 1173 1171
3054 2 2 200 11 2039 3584 3016
3055 2 2 200 11 1657 4693 3808
3056 2 2 200 11 4216 4369 4053
3057 2 2 200 11 1662 4259 2763
3058 2 2 200 11 1186 1558 1184
3059 2 2 200 11 2635 4344 3935
3060 2 2 200 11 1525 4449 3943
3061 2 2 200 11 1460 4635 3855
3062 2 2 200 11 3914 4468 4219
3063 2 2 200 11 1193 1194 1191
3064 2 2 200 11 3045 3925 3837
3065 2 2 200 11 2618 4217 2617
3066 2 2 200 11 4656 4664 4164
3067 2 2 200 11 4266 4275 3823
3068 2 2 200 11 4150 4668 1538
3069 2 2 200 11 2160 3865 3864
3070 2 2 200 11 4153 4600 4154
3071 2 2 200 11 1694 1899 1693
3072 2 2 200 11 3091 4668 4150
3073 2 2 200 11 1249 4743 4292
3074 2 2 200 11 2734 4521 1652
3075 2 2 200 11 2709 4578 4272
3076 2 2 200 11 3948 4343 2448
3077 2 2 200 11 1733 1932 1931
3078 2 2 200 11 1467 1470 1469
3079 2 2 200 11 2752 3010 2753
3080 2 2 200 11 3852 3927 2627
3081 2 2 200 11 1197 1198 1195
3082 2 2 200 11 3223 4326 2215
3083 2 2 200 11 3044 4228 3886
3084 2 2 200 11 4719 4731 4162
3085 2 2 200 11 2679 3836 2678
3086 2 2 200 11 3938 4506 2446
3087 2 2 200 11 3882 4289 1502
3088 2 2 200 11 1183 1185 1184
3089 2 2 200 11 4103 4303 3050
3090 2 2 200 11 3858 4216 2641
3091 2 2 200 11 2047 4250 1748
3092 2 2 200 11 2282 2285 2284
3093 2 2 200 11 2430 2431 2428
3094 2 2 200 11 2667 4675 4304
3095 2 2 200 11 1179 1181 1180
3096 2 2 200 11 3068 4281 4226
3097 2 2 200 11 1617 4071 2641
3098 2 2 200 11 2493 4041 4032
3099 2 2 200 11 1787 2035 2034
3100 2 2 200 11 3884 4307 1228
3101 2 2 200 11 1794 2705 2082
3102 2 2 200 11 1472 4848 3764
3103 2 2 200 11 2610 4649 4617
3104 2 2 200 11 1547 4680 4079
3105 2 2 200 11 4751 4761 3135
3106 2 2 200 11 1681 4765 1482
3107 2 2 200 11 2452 3881 2434
3108 2 2 200 11 4103 4393 1525
3109 2 2 200 11 4466 4467 2416
3110 2 2 200 11 1168 3825 1169
3111 2 2 200 11 2402 2403 2401
3112 2 2 200 11 1533 4537 4093
3113 2 2 200 11 3955 4755 3956
3114 2 2 200 11 3935 4085 1382
3115 2 2 200 11 1543 4299 3887
3116 2 2 200 11 1186 3809 1565
3117 2 2 200 11 3860 3875 3859
3118 2 2 200 11 3152 4820 4810
3119 2 2 200 11 1824 4275 4266
3120 2 2 200 11 2499 4028 4026
3121 2 2 200 11 1492 4463 3896
3122 2 2 200 11 1201 1202 1199
3123 2 2 200 11 2625 3885 3853
3124 2 2 200 11 3927 4232 1785
3125 2 2 200 11 3037 4468 3914
3126 2 2 200 11 2440 2789 2438
3127 2 2 200 11 3603 3604 3602
3128 2 2 200 11 3886 4266 3044
3129 2 2 200 11 3856 4606 2873
3130 2 2 200 11 65 5527 3977
3131 2 2 200 11 2674 3777 1570
3132 2 2 200 11 1392 4518 4226
3133 2 2 200 11 2610 4687 4143
3134 2 2 200 11 2014 2317 2316
3135 2 2 200 11 4645 4661 1267
3136 2 2 200 11 4225 4337 3949
3137 2 2 200 11 4622 4652 3762
3138 2 2 200 11 4150 4706 3128
3139 2 2 200 11 2145 3863 3862
3140 2 2 200 11 2706 4281 3068
3141 2 2 200 11 1775 2436 1916
3142 2 2 200 11 2642 4250 3857
3143 2 2 200 11 1465 1467 1466
3144 2 2 200 11 1228 4479 3901
3145 2 2 200 11 822 5545 3587
3146 2 2 200 11 4222 4555 4221
3147 2 2 200 11 2110 2438 2437
3148 2 2 200 11 1662 2763 1660
3149 2 2 200 11 1622 4250 2642
3150 2 2 200 11 3810 4737 2419
3151 2 2 200 11 2749 4499 2752
3152 2 2 200 11 1165 1167 1166
3153 2 2 200 11 1470 3811 1471
3154 2 2 200 11 3782 4052 3783
3155 2 2 200 11 2169 2170 2161
3156 2 2 200 11 456 3015 457
3157 2 2 200 11 621 3014 622
3158 2 2 200 11 3032 3903 3450
3159 2 2 200 11 2159 2160 2146
3160 2 2 200 11 2536 4711 4161
3161 2 2 200 11 2129 2130 1948
3162 2 2 200 11 1159 1162 1161
3163 2 2 200 11 2144 2145 2131
3164 2 2 200 11 1164 1165 1163
3165 2 2 200 11 2495 4032 2523
3166 2 2 200 11 1977 4003 2262
3167 2 2 200 11 1185 1187 1186
3168 2 2 200 11 3894 4450 1523
3169 2 2 200 11 4174 4290 4173
3170 2 2 200 11 502 4872 503
3171 2 2 200 11 1998 3221 2891
3172 2 2 200 11 3087 4605 3899
3173 2 2 200 11 2499 4026 2501
3174 2 2 200 11 1487 4478 3909
3175 2 2 200 11 2641 4071 3858
3176 2 2 200 11 4093 4537 2729
3177 2 2 200 11 2131 3861 2130
3178 2 2 200 11 1974 3872 2014
3179 2 2 200 11 1165 1168 1167
3180 2 2 200 11 3047 4107 4106
3181 2 2 200 11 1457 4635 1460
3182 2 2 200 11 2151 3568 1792
3183 2 2 200 11 1529 4545 3900
3184 2 2 200 11 1928 4535 3926
3185 2 2 200 11 1184 3799 1181
3186 2 2 200 11 1716 3838 1571
3187 2 2 200 11 1999 3012 1901
3188 2 2 200 11 4600 4617 4154
3189 2 2 200 11 4942 4945 1916
3190 2 2 200 11 1205 1206 1203
3191 2 2 200 11 3043 4572 4145
3192 2 2 200 11 4175 4265 4174
3193 2 2 200 11 1451 4496 1454
3194 2 2 200 11 2005 3838 1716
3195 2 2 200 11 3899 4605 1650
3196 2 2 200 11 1047 4479 1228
3197 2 2 200 11 165 732 166
3198 2 2 200 11 179 733 180
3199 2 2 200 11 3036 4684 4311
3200 2 2 200 11 2674 4050 3777
3201 2 2 200 11 4737 4821 3757
3202 2 2 200 11 169 713 170
3203 2 2 200 11 1177 3790 1175
3204 2 2 200 11 2187 3920 3401
3205 2 2 200 11 175 654 176
3206 2 2 200 11 4175 4338 4265
3207 2 2 200 11 1061 4463 1492
3208 2 2 200 11 3409 5173 5104
3209 2 2 200 11 2437 3838 2005
3210 2 2 200 11 1678 1693 1669
3211 2 2 200 11 1274 4478 1487
3212 2 2 200 11 1162 1164 1163
3213 2 2 200 11 1545 4736 4725
3214 2 2 200 11 1180 3790 1177
3215 2 2 200 11 2747 2749 2748
3216 2 2 200 11 167 866 168
3217 2 2 200 11 177 869 178
3218 2 2 200 11 1509 4744 4180
3219 2 2 200 11 2646 3959 2645
3220 2 2 200 11 1176 1177 1175
3221 2 2 200 11 1360 4484 4303
3222 2 2 200 11 3880 4695 3877
3223 2 2 200 11 2453 2454 2452
3224 2 2 200 11 2642 4239 4238
3225 2 2 200 11 2246 3919 3438
3226 2 2 200 11 3823 4275 3396
3227 2 2 200 11 173 868 174
3228 2 2 200 11 3809 4455 1565
3229 2 2 200 11 1159 1161 1160
3230 2 2 200 11 1454 4496 3928
3231 2 2 200 11 3984 4559 3056
3232 2 2 200 11 1498 4595 4054
3233 2 2 200 11 172 762 2
3234 2 2 200 11 3900 4545 2869
3235 2 2 200 11 1169 1170 1167
3236 2 2 200 11 4020 4763 4019
3237 2 2 200 11 2109 2110 2005
3238 2 2 200 11 1209 1210 1207
3239 2 2 200 11 4119 4527 1523
3240 2 2 200 11 2440 2844 2789
3241 2 2 200 11 2451 2452 2434
3242 2 2 200 11 3035 3929 3928
3243 2 2 200 11 1487 4560 3960
3244 2 2 200 11 2404 2407 2406
3245 2 2 200 11 1158 4017 1159
3246 2 2 200 11 4393 4449 1525
3247 2 2 200 11 1547 4704 4680
3248 2 2 200 11 3858 4369 4216
3249 2 2 200 11 3767 4499 4459
3250 2 2 200 11 4081 4306 2570
3251 2 2 200 11 3466 3780 2431
3252 2 2 200 11 1669 4487 1220
3253 2 2 200 11 3044 4003 1729
3254 2 2 200 11 3949 4337 3852
3255 2 2 200 11 3917 4271 3022
3256 2 2 200 11 4253 4474 1540
3257 2 2 200 11 955 4602 958
3258 2 2 200 11 330 3590 331
3259 2 2 200 11 1602 4236 1600
3260 2 2 200 11 4664 4681 4164
3261 2 2 200 11 3942 4331 4046
3262 2 2 200 11 3943 4332 4040
3263 2 2 200 11 4612 4628 1040
3264 2 2 200 11 3045 4331 3942
3265 2 2 200 11 2110 2437 2005
3266 2 2 200 11 3955 4757 4755
3267 2 2 200 11 2420 2422 2421
3268 2 2 200 11 833 3602 351
3269 2 2 200 11 3452 4217 2618
3270 2 2 200 11 3146 4741 4274
3271 2 2 200 11 3061 4471 4286
3272 2 2 200 11 3046 4332 3943
3273 2 2 200 11 1079 4170 1115
3274 2 2 200 11 1099 3970 1495
3275 2 2 200 11 2418 4201 2103
3276 2 2 200 11 4254 4474 4253
3277 2 2 200 11 1379 4485 1382
3278 2 2 200 11 1300 4156 1491
3279 2 2 200 11 1585 4195 1830
3280 2 2 200 11 1213 1214 1211
3281 2 2 200 11 1189 1191 1190
3282 2 2 200 11 2583 4190 2605
3283 2 2 200 11 845 3630 3629
3284 2 2 200 11 706 3623 3622
3285 2 2 200 11 2424 2426 2425
3286 2 2 200 11 1140 4299 1543
3287 2 2 200 11 1798 1974 1973
3288 2 2 200 11 3860 4842 3875
3289 2 2 200 11 1775 1916 1915
3290 2 2 200 11 3800 4705 1531
3291 2 2 200 11 3007 4928 2424
3292 2 2 200 11 1492 4167 1063
3293 2 2 200 11 4048 4274 1404
3294 2 2 200 11 986 4623 4021
3295 2 2 200 11 4279 4547 3786
3296 2 2 200 11 2413 4779 2409
3297 2 2 200 11 2063 4001 2612
3298 2 2 200 11 3055 4276 3983
3299 2 2 200 11 1467 1468 1466
3300 2 2 200 11 1565 1566 1558
3301 2 2 200 11 2130 3861 3860
3302 2 2 200 11 1432 4216 4053
3303 2 2 200 11 4226 4518 3068
3304 2 2 200 11 4013 4014 2112
3305 2 2 200 11 4030 4031 4029
3306 2 2 200 11 4102 4563 1548
3307 2 2 200 11 3970 3971 1495
3308 2 2 200 11 1886 2833 1658
3309 2 2 200 11 3998 4748 3999
3310 2 2 200 11 1155 4016 1158
3311 2 2 200 11 2723 4273 4254
3312 2 2 200 11 1216 3600 1560
3313 2 2 200 11 1573 3960 3871
3314 2 2 200 11 3957 4742 3958
3315 2 2 200 11 2554 4182 2556
3316 2 2 200 11 3035 4328 3929
3317 2 2 200 11 1193 1195 1194
3318 2 2 200 11 4080 4306 4081
3319 2 2 200 11 3066 4591 4093
3320 2 2 200 11 4238 4239 996
3321 2 2 200 11 1471 1489 1473
3322 2 2 200 11 1492 4168 4167
3323 2 2 200 11 3961 4257 3922
3324 2 2 200 11 3053 3938 2569
3325 2 2 200 11 2825 5321 3656
3326 2 2 200 11 4228 4282 3886
3327 2 2 200 11 1346 4220 1535
3328 2 2 200 11 2187 3990 3920
3329 2 2 200 11 2525 4024 4023
3330 2 2 200 11 3921 3948 2621
3331 2 2 200 11 2539 3951 1812
3332 2 2 200 11 2266 3951 3907
3333 2 2 200 11 958 4586 4305
3334 2 2 200 11 3508 4201 2418
3335 2 2 200 11 2617 4217 2620
3336 2 2 200 11 1563 3849 1775
3337 2 2 200 11 3022 4271 1917
3338 2 2 200 11 4211 4324 2056
3339 2 2 200 11 4001 4002 2612
3340 2 2 200 11 1937 4035 2469
3341 2 2 200 11 4286 4471 966
3342 2 2 200 11 4617 4649 4154
3343 2 2 200 11 1785 4063 4059
3344 2 2 200 11 2745 2747 2746
3345 2 2 200 11 2468 3885 2467
3346 2 2 200 11 4257 4343 3922
3347 2 2 200 11 1939 4197 4006
3348 2 2 200 11 2457 4224 1744
3349 2 2 200 11 3050 4393 4103
3350 2 2 200 11 2426 2428 2427
3351 2 2 200 11 2022 4194 3279
3352 2 2 200 11 3908 4035 3319
3353 2 2 200 11 1785 4059 1751
3354 2 2 200 11 2460 4229 1769
3355 2 2 200 11 1224 4523 4522
3356 2 2 200 11 3843 3844 3842
3357 2 2 200 11 2015 4183 2964
3358 2 2 200 11 4706 4725 3128
3359 2 2 200 11 2705 3212 2082
3360 2 2 200 11 4174 4265 2461
3361 2 2 200 11 3686 5049 358
3362 2 2 200 11 2752 4499 3746
3363 2 2 200 11 2524 4041 2491
3364 2 2 200 11 1523 4450 1326
3365 2 2 200 11 1158 4016 4011
3366 2 2 200 11 2544 3996 1818
3367 2 2 200 11 3550 3592 736
3368 2 2 200 11 1974 2014 2013
3369 2 2 200 11 4139 4140 1126
3370 2 2 200 11 1318 4100 1512
3371 2 2 200 11 3196 4845 2804
3372 2 2 200 11 4100 4101 1512
3373 2 2 200 11 2624 3995 2622
3374 2 2 200 11 2004 2005 1716
3375 2 2 200 11 2246 3996 3919
3376 2 2 200 11 1312 4114 1501
3377 2 2 200 11 2521 4095 2987
3378 2 2 200 11 1085 4139 1126
3379 2 2 200 11 3032 4224 3903
3380 2 2 200 11 1115 4170 4138
3381 2 2 200 11 4106 4293 3047
3382 2 2 200 11 1154 4016 1155
3383 2 2 200 11 1306 4144 1505
3384 2 2 200 11 2204 4196 3375
3385 2 2 200 11 4123 4124 2831
3386 2 2 200 11 1600 4236 3946
3387 2 2 200 11 2603 4116 2976
3388 2 2 200 11 1491 4156 4143
3389 2 2 200 11 4095 4096 2987
3390 2 2 200 11 2515 4123 2831
3391 2 2 200 11 3940 4251 3222
3392 2 2 200 11 3925 3942 1579
3393 2 2 200 11 4210 4324 4211
3394 2 2 200 11 4967 5056 3586
3395 2 2 200 11 2562 4182 2554
3396 2 2 200 11 1544 4827 3773
3397 2 2 200 11 2942 4229 3910
3398 2 2 200 11 2605 4190 3989
3399 2 2 200 11 3957 3958 2649
3400 2 2 200 11 1197 1199 1198
3401 2 2 200 11 2845 4832 2036
3402 2 2 200 11 2400 2402 2401
3403 2 2 200 11 1992 4193 2968
3404 2 2 200 11 3962 3963 2021
3405 2 2 200 11 1830 4195 1936
3406 2 2 200 11 4183 4184 2964
3407 2 2 200 11 2569 3945 1019
3408 2 2 200 11 17 894 18
3409 2 2 200 11 327 893 328
3410 2 2 200 11 2167 4045 1820
3411 2 2 200 11 3922 3948 3921
3412 2 2 200 11 859 5623 3792
3413 2 2 200 11 2435 3881 3778
3414 2 2 200 11 3147 4672 4461
3415 2 2 200 11 2093 2861 1900
3416 2 2 200 11 2661 4078 3351
3417 2 2 200 11 1600 3946 1013
3418 2 2 200 11 3954 3955 2654
3419 2 2 200 11 4614 4632 3065
3420 2 2 200 11 1740 4236 1602
3421 2 2 200 11 1505 4144 4113
3422 2 2 200 11 3231 4045 3918
3423 2 2 200 11 1201 1203 1202
3424 2 2 200 11 3969 3970 1097
3425 2 2 200 11 3055 4363 4276
3426 2 2 200 11 2621 4242 3921
3427 2 2 200 11 3810 4821 4737
3428 2 2 200 11 2701 4067 2813
3429 2 2 200 11 4303 4484 3050
3430 2 2 200 11 1254 4178 1256
3431 2 2 200 11 2129 2131 2130
3432 2 2 200 11 1722 3963 1645
3433 2 2 200 11 1501 4114 4099
3434 2 2 200 11 2888 3028 2889
3435 2 2 200 11 4067 4068 2813
3436 2 2 200 11 1254 4179 4178
3437 2 2 200 11 2003 3934 2002
3438 2 2 200 11 1463 1465 1464
3439 2 2 200 11 860 3939 321
3440 2 2 200 11 4000 4001 2065
3441 2 2 200 11 1065 4167 4166
3442 2 2 200 11 3952 4514 1541
3443 2 2 200 11 1611 3961 1001
3444 2 2 200 11 1563 1775 1774
3445 2 2 200 11 2650 3957 2649
3446 2 2 200 11 4059 4063 4060
3447 2 2 200 11 1641 4819 4813
3448 2 2 200 11 4008 4012 4005
3449 2 2 200 11 4020 4776 4763
3450 2 2 200 11 3258 4184 4183
3451 2 2 200 11 4011 4017 1158
3452 2 2 200 11 2525 4023 4022
3453 2 2 200 11 3020 3923 3173
3454 2 2 200 11 4808 4817 3781
3455 2 2 200 11 1285 3953 2470
3456 2 2 200 11 4213 4215 2644
3457 2 2 200 11 2014 2316 2315
3458 2 2 200 11 3150 4291 4034
3459 2 2 200 11 1535 4220 1825
3460 2 2 200 11 851 3883 3642
3461 2 2 200 11 4011 4701 4017
3462 2 2 200 11 3055 3983 1421
3463 2 2 200 11 1530 4520 3914
3464 2 2 200 11 2103 4201 4200
3465 2 2 200 11 1012 4242 1601
3466 2 2 200 11 1408 4149 1409
3467 2 2 200 11 3994 4041 2524
3468 2 2 200 11 2569 4270 3945
3469 2 2 200 11 4776 4796 1511
3470 2 2 200 11 3141 4633 4312
3471 2 2 200 11 4178 4181 4177
3472 2 2 200 11 1095 3969 1097
3473 2 2 200 11 2723 4254 2739
3474 2 2 200 11 2261 4110 2011
3475 2 2 200 11 2435 3778 3467
3476 2 2 200 11 2620 4217 3843
3477 2 2 200 11 4289 4389 4092
3478 2 2 200 11 3083 4514 3952
3479 2 2 200 11 3150 4034 2689
3480 2 2 200 11 1228 4307 1049
3481 2 2 200 11 1461 3933 1507
3482 2 2 200 11 3966 3967 1127
3483 2 2 200 11 4074 4075 1520
3484 2 2 200 11 3923 3924 3173
3485 2 2 200 11 3973 3974 1572
3486 2 2 200 11 1780 4926 2845
3487 2 2 200 11 4313 4593 3052
3488 2 2 200 11 1161 1557 1160
3489 2 2 200 11 2662 4078 2661
3490 2 2 200 11 4066 4800 4067
3491 2 2 200 11 1065 4166 1067
3492 2 2 200 11 3141 4051 2681
3493 2 2 200 11 3021 4636 3933
3494 2 2 200 11 1429 4308 1432
3495 2 2 200 11 2541 3990 1804
3496 2 2 200 11 2652 3954 2654
3497 2 2 200 11 3907 3951 2539
3498 2 2 200 11 1442 4225 3949
3499 2 2 200 11 589 3595 735
3500 2 2 200 11 2021 3963 1722
3501 2 2 200 11 3882 4389 4289
3502 2 2 200 11 4756 4769 1528
3503 2 2 200 11 2523 4032 4030
3504 2 2 200 11 2838 4022 3982
3505 2 2 200 11 1097 3970 1099
3506 2 2 200 11 1573 4298 3953
3507 2 2 200 11 1125 4164 4163
3508 2 2 200 11 1467 4550 1470
3509 2 2 200 11 3995 4284 2622
3510 2 2 200 11 2009 3975 3023
3511 2 2 200 11 4004 4010 2613
3512 2 2 200 11 2265 4000 2065
3513 2 2 200 11 1178 1179 1177
3514 2 2 200 11 4036 4038 4037
3515 2 2 200 11 1823 4381 1824
3516 2 2 200 11 3802 3897 3803
3517 2 2 200 11 4082 4157 1494
3518 2 2 200 11 3997 3998 2640
3519 2 2 200 11 3930 3931 2205
3520 2 2 200 11 1548 4519 3051
3521 2 2 200 11 4169 4170 1077
3522 2 2 200 11 4155 4156 1298
3523 2 2 200 11 4590 4606 1651
3524 2 2 200 11 2611 4600 4153
3525 2 2 200 11 2645 4300 3052
3526 2 2 200 11 3028 3188 2889
3527 2 2 200 11 1502 4289 1035
3528 2 2 200 11 3268 4070 2140
3529 2 2 200 11 2002 3934 2237
3530 2 2 200 11 4189 4190 2581
3531 2 2 200 11 2469 4035 3908
3532 2 2 200 11 2139 3991 3269
3533 2 2 200 11 2144 2146 2145
3534 2 2 200 11 2159 2161 2160
3535 2 2 200 11 2537 4656 4165
3536 2 2 200 11 2400 2401 2399
3537 2 2 200 11 1063 4167 1065
3538 2 2 200 11 1105 4074 1520
3539 2 2 200 11 2065 4001 2063
3540 2 2 200 11 2004 2109 2005
3541 2 2 200 11 2400 4203 2965
3542 2 2 200 11 3329 3976 3975
3543 2 2 200 11 3959 4300 2645
3544 2 2 200 11 4180 4181 4179
3545 2 2 200 11 2439 2440 2438
3546 2 2 200 11 2097 3962 2021
3547 2 2 200 11 3039 3934 2003
3548 2 2 200 11 1093 3966 1127
3549 2 2 200 11 2449 4128 4020
3550 2 2 200 11 1089 3973 1572
3551 2 2 200 11 2528 3978 3295
3552 2 2 200 11 1077 4170 1079
3553 2 2 200 11 3919 3996 2544
3554 2 2 200 11 3943 4040 1368
3555 2 2 200 11 4272 4578 4457
3556 2 2 200 11 3975 3976 3023
3557 2 2 200 11 1298 4156 1300
3558 2 2 200 11 993 4238 996
3559 2 2 200 11 3942 4046 1148
3560 2 2 200 11 2509 3980 2860
3561 2 2 200 11 1509 4179 1252
3562 2 2 200 11 4307 4403 4125
3563 2 2 200 11 2581 4190 2583
3564 2 2 200 11 4081 4460 4082
3565 2 2 200 11 2591 3985 3275
3566 2 2 200 11 3170 4920 4540
3567 2 2 200 11 2505 4022 2838
3568 2 2 200 11 4036 4037 3194
3569 2 2 200 11 2173 4036 3194
3570 2 2 200 11 2587 3987 3257
3571 2 2 200 11 2501 4026 2525
3572 2 2 200 11 1125 4163 1069
3573 2 2 200 11 1382 4485 3935
3574 2 2 200 11 3972 4073 1495
3575 2 2 200 11 1970 4044 2247
3576 2 2 200 11 1494 4157 1290
3577 2 2 200 11 163 865 164
3578 2 2 200 11 181 867 182
3579 2 2 200 11 3884 4403 4307
3580 2 2 200 11 589 735 590
3581 2 2 200 11 348 734 349
3582 2 2 200 11 2637 3997 2640
3583 2 2 200 11 1538 4668 4653
3584 2 2 200 11 2228 4128 2449
3585 2 2 200 11 2982 3992 2487
3586 2 2 200 11 1779 4159 3984
3587 2 2 200 11 2794 4192 4191
3588 2 2 200 11 2430 2432 2431
3589 2 2 200 11 2224 4018 2793
3590 2 2 200 11 1938 4197 1939
3591 2 2 200 11 3885 3887 2467
3592 2 2 200 11 1412 4148 4147
3593 2 2 200 11 1282 3953 1285
3594 2 2 200 11 1897 4183 2015
3595 2 2 200 11 4239 4362 4055
3596 2 2 200 11 4065 4066 2700
3597 2 2 200 11 1487 3960 1276
3598 2 2 200 11 962 4557 4286
3599 2 2 200 11 3368 4440 4314
3600 2 2 200 11 3836 4449 2678
3601 2 2 200 11 3903 4224 2457
3602 2 2 200 11 1744 4224 1743
3603 2 2 200 11 1922 4193 1992
3604 2 2 200 11 2403 2415 2401
3605 2 2 200 11 4054 4104 2612
3606 2 2 200 11 1797 4194 2022
3607 2 2 200 11 1769 4229 1768
3608 2 2 200 11 2312 4086 1990
3609 2 2 200 11 3918 4045 2167
3610 2 2 200 11 1075 4169 1077
3611 2 2 200 11 4091 4195 1585
3612 2 2 200 11 1296 4155 1298
3613 2 2 200 11 4076 4077 2665
3614 2 2 200 11 1702 4004 2613
3615 2 2 200 11 2621 3948 3947
3616 2 2 200 11 3910 4229 2460
3617 2 2 200 11 1732 4044 1970
3618 2 2 200 11 3051 4091 1128
3619 2 2 200 11 3857 4362 4239
3620 2 2 200 11 1574 4270 1576
3621 2 2 200 11 2579 4189 2581
3622 2 2 200 11 1933 4058 4057
3623 2 2 200 11 1935 4035 1937
3624 2 2 200 11 1042 4092 1807
3625 2 2 200 11 3151 4673 4462
3626 2 2 200 11 1568 1571 1164
3627 2 2 200 11 1358 4388 4346
3628 2 2 200 11 2393 4240 3021
3629 2 2 200 11 2134 4109 4108
3630 2 2 200 11 1269 4087 1813
3631 2 2 200 11 1595 4080 1286
3632 2 2 200 11 1461 1507 1463
3633 2 2 200 11 2794 4191 2573
3634 2 2 200 11 3202 4083 2483
3635 2 2 200 11 1804 3990 1802
3636 2 2 200 11 1579 4284 3995
3637 2 2 200 11 1917 4271 1795
3638 2 2 200 11 1056 4125 1799
3639 2 2 200 11 3829 4127 2442
3640 2 2 200 11 1812 3951 1810
3641 2 2 200 11 3560 4105 2901
3642 2 2 200 11 1259 4177 4176
3643 2 2 200 11 4022 4023 3982
3644 2 2 200 11 1364 4303 4103
3645 2 2 200 11 1606 1798 1783
3646 2 2 200 11 1461 1463 1462
3647 2 2 200 11 2103 4200 1806
3648 2 2 200 11 1649 4808 3781
3649 2 2 200 11 3222 4251 2630
3650 2 2 200 11 1509 4180 4179
3651 2 2 200 11 1493 4174 4173
3652 2 2 200 11 2398 2399 2397
3653 2 2 200 11 1238 4230 1240
3654 2 2 200 11 1460 3933 1461
3655 2 2 200 11 4319 4555 4222
3656 2 2 200 11 2681 4051 2683
3657 2 2 200 11 4173 4290 4087
3658 2 2 200 11 2447 4072 3816
3659 2 2 200 11 2689 4034 2691
3660 2 2 200 11 4106 4107 1530
3661 2 2 200 11 1779 3984 2019
3662 2 2 200 11 1166 3895 1163
3663 2 2 200 11 1473 1474 1472
3664 2 2 200 11 4005 4012 4004
3665 2 2 200 11 3998 4756 4748
3666 2 2 200 11 2697 4065 2700
3667 2 2 200 11 4047 4786 2312
3668 2 2 200 11 1252 4179 1254
3669 2 2 200 11 1824 4266 3886
3670 2 2 200 11 2888 2889 2887
3671 2 2 200 11 1590 4159 1634
3672 2 2 200 11 1344 4220 1346
3673 2 2 200 11 1601 4242 2621
3674 2 2 200 11 1818 3996 1816
3675 2 2 200 11 1421 3983 1423
3676 2 2 200 11 3066 4612 4591
3677 2 2 200 11 958 4602 4586
3678 2 2 200 11 4160 4161 1116
3679 2 2 200 11 2969 4753 3477
3680 2 2 200 11 4152 4153 1490
3681 2 2 200 11 1019 3945 1021
3682 2 2 200 11 2491 4041 2493
3683 2 2 200 11 1013 3946 1015
3684 2 2 200 11 1001 3961 1003
3685 2 2 200 11 1146 4284 1579
3686 2 2 200 11 2649 3959 2646
3687 2 2 200 11 2890 2912 2353
3688 2 2 200 11 4186 4187 2606
3689 2 2 200 11 2894 4199 3049
3690 2 2 200 11 1555 4218 1835
3691 2 2 200 11 3044 4266 4003
3692 2 2 200 11 2085 4202 1770
3693 2 2 200 11 1611 4257 3961
3694 2 2 200 11 4024 4025 4023
3695 2 2 200 11 4004 4012 4010
3696 2 2 200 11 1378 4486 4485
3697 2 2 200 11 1519 4210 1025
3698 2 2 200 11 2140 4070 2142
3699 2 2 200 11 1884 4296 1882
3700 2 2 200 11 3405 4089 2547
3701 2 2 200 11 3051 4489 4195
3702 2 2 200 11 1412 4147 1413
3703 2 2 200 11 2830 3954 2652
3704 2 2 200 11 1493 4173 1262
3705 2 2 200 11 2643 3995 2624
3706 2 2 200 11 3938 4270 2569
3707 2 2 200 11 1432 4053 1433
3708 2 2 200 11 3181 4807 2567
3709 2 2 200 11 1336 4293 4106
3710 2 2 200 11 3856 4661 4645
3711 2 2 200 11 4729 4745 1488
3712 2 2 200 11 2479 4196 2204
3713 2 2 200 11 996 4055 997
3714 2 2 200 11 1952 2888 2887
3715 2 2 200 11 4219 4468 4220
3716 2 2 200 11 3843 3845 3844
3717 2 2 200 11 1603 3947 1759
3718 2 2 200 11 986 4069 987
3719 2 2 200 11 1546 4228 3044
3720 2 2 200 11 4795 4802 3137
3721 2 2 200 11 2666 4076 2665
3722 2 2 200 11 1634 4159 1779
3723 2 2 200 11 1933 4057 1934
3724 2 2 200 11 2398 4203 2400
3725 2 2 200 11 2456 3944 2847
3726 2 2 200 11 1382 4085 1383
3727 2 2 200 11 3979 4785 4065
3728 2 2 200 11 2432 3881 2435
3729 2 2 200 11 2010 3975 2009
3730 2 2 200 11 2398 2400 2399
3731 2 2 200 11 1368 4040 1369
3732 2 2 200 11 973 4351 4268
3733 2 2 200 11 1389 4120 1392
3734 2 2 200 11 1148 4046 1149
3735 2 2 200 11 1820 4045 2055
3736 2 2 200 11 1990 4086 1833
3737 2 2 200 11 3920 3990 2541
3738 2 2 200 11 4288 4299 4208
3739 2 2 200 11 2473 4064 2476
3740 2 2 200 11 2742 2745 2743
3741 2 2 200 11 1745 2008 1924
3742 2 2 200 11 2134 4108 2135
3743 2 2 200 11 2537 4621 4580
3744 2 2 200 11 2549 4185 3406
3745 2 2 200 11 1607 4225 1437
3746 2 2 200 11 1352 4282 4228
3747 2 2 200 11 2519 4095 2521
3748 2 2 200 11 3955 3956 2654
3749 2 2 200 11 712 3719 585
3750 2 2 200 11 4501 4554 1870
3751 2 2 200 11 2212 4042 2922
3752 2 2 200 11 1759 4044 1732
3753 2 2 200 11 1316 4100 1318
3754 2 2 200 11 1128 4091 1129
3755 2 2 200 11 1123 4102 1548
3756 2 2 200 11 1324 4119 1523
3757 2 2 200 11 1338 4106 1530
3758 2 2 200 11 1111 4118 1547
3759 2 2 200 11 3144 4674 4531
3760 2 2 200 11 3105 4126 3137
3761 2 2 200 11 1495 4073 1101
3762 2 2 200 11 1366 4103 1525
3763 2 2 200 11 4314 4440 1718
3764 2 2 200 11 3099 4129 3135
3765 2 2 200 11 1117 4171 1118
3766 2 2 200 11 3971 3972 1495
3767 2 2 200 11 2601 4116 2603
3768 2 2 200 11 1173 1176 1175
3769 2 2 200 11 1824 4381 4275
3770 2 2 200 11 1259 4176 1260
3771 2 2 200 11 2132 2567 2114
3772 2 2 200 11 1310 4114 1312
3773 2 2 200 11 3093 4150 3128
3774 2 2 200 11 350 833 351
3775 2 2 200 11 587 834 588
3776 2 2 200 11 1375 4158 1378
3777 2 2 200 11 2513 4123 2515
3778 2 2 200 11 4002 4054 2612
3779 2 2 200 11 1570 1745 1700
3780 2 2 200 11 4061 4233 4058
3781 2 2 200 11 2652 2654 2650
3782 2 2 200 11 1569 4490 1174
3783 2 2 200 11 1442 4258 1443
3784 2 2 200 11 1073 4160 1116
3785 2 2 200 11 1294 4152 1490
3786 2 2 200 11 3051 4195 4091
3787 2 2 200 11 2442 4127 2232
3788 2 2 200 11 2110 2439 2438
3789 2 2 200 11 1083 4139 1085
3790 2 2 200 11 1595 4306 4080
3791 2 2 200 11 1882 4296 3134
3792 2 2 200 11 1330 4218 1555
3793 2 2 200 11 2577 4186 2606
3794 2 2 200 11 4346 4388 4227
3795 2 2 200 11 1691 4223 1633
3796 2 2 200 11 1304 4144 1306
3797 2 2 200 11 1053 4125 1056
3798 2 2 200 11 2612 4104 2061
3799 2 2 200 11 998 4386 4373
3800 2 2 200 11 3887 4299 4288
3801 2 2 200 11 4683 4721 4295
3802 2 2 200 11 1354 4228 1546
3803 2 2 200 11 2648 2649 2646
3804 2 2 200 11 1465 1466 1464
3805 2 2 200 11 2311 4056 3255
3806 2 2 200 11 966 4198 967
3807 2 2 200 11 1039 4092 1042
3808 2 2 200 11 4158 4486 1378
3809 2 2 200 11 1592 4016 1154
3810 2 2 200 11 4200 4201 3224
3811 2 2 200 11 2749 2750 2748
3812 2 2 200 11 1240 4230 1243
3813 2 2 200 11 2101 3991 2139
3814 2 2 200 11 3976 3977 3023
3815 2 2 200 11 2888 3808 3028
3816 2 2 200 11 1654 2734 1652
3817 2 2 200 11 1215 1216 1214
3818 2 2 200 11 3623 3624 3622
3819 2 2 200 11 2901 4105 2898
3820 2 2 200 11 4268 4351 3054
3821 2 2 200 11 1604 4611 1606
3822 2 2 200 11 4148 4260 4147
3823 2 2 200 11 4219 4220 1344
3824 2 2 200 11 4221 4223 1904
3825 2 2 200 11 1357 4207 1360
3826 2 2 200 11 1559 1570 1569
3827 2 2 200 11 1029 4209 1032
3828 2 2 200 11 753 3675 3674
3829 2 2 200 11 1009 4242 1012
3830 2 2 200 11 1138 4299 1140
3831 2 2 200 11 1838 4202 2566
3832 2 2 200 11 1496 4426 4345
3833 2 2 200 11 2124 4977 1888
3834 2 2 200 11 1802 3990 1805
3835 2 2 200 11 1904 4223 1691
3836 2 2 200 11 1939 4005 4004
3837 2 2 200 11 1460 1461 1459
3838 2 2 200 11 847 3635 3634
3839 2 2 200 11 1892 4036 2173
3840 2 2 200 11 847 3637 3635
3841 2 2 200 11 996 4239 4055
3842 2 2 200 11 2924 5428 3621
3843 2 2 200 11 2611 4561 4502
3844 2 2 200 11 1135 4208 1138
3845 2 2 200 11 4212 4213 2644
3846 2 2 200 11 1266 4087 1269
3847 2 2 200 11 837 3702 3701
3848 2 2 200 11 3925 3995 2643
3849 2 2 200 11 1588 4252 1771
3850 2 2 200 11 4177 4235 4176
3851 2 2 200 11 2645 3052 2156
3852 2 2 200 11 4179 4181 4178
3853 2 2 200 11 2203 4047 2312
3854 2 2 200 11 3967 3968 1127
3855 2 2 200 11 1256 4178 1259
3856 2 2 200 11 4094 4095 2519
3857 2 2 200 11 3998 3999 2640
3858 2 2 200 11 1770 4202 1724
3859 2 2 200 11 4097 4100 1316
3860 2 2 200 11 3897 3898 3803
3861 2 2 200 11 4058 4233 4057
3862 2 2 200 11 2400 2965 2402
3863 2 2 200 11 1032 4583 1033
3864 2 2 200 11 4115 4116 2601
3865 2 2 200 11 1409 4149 1412
3866 2 2 200 11 2884 3801 3800
3867 2 2 200 11 2482 4200 3224
3868 2 2 200 11 1125 4165 4164
3869 2 2 200 11 1341 4219 1344
3870 2 2 200 11 2739 4254 2742
3871 2 2 200 11 4465 4521 2734
3872 2 2 200 11 4111 4114 1310
3873 2 2 200 11 4121 4123 2513
3874 2 2 200 11 1751 4059 1933
3875 2 2 200 11 2884 3800 2881
3876 2 2 200 11 1939 4004 1702
3877 2 2 200 11 1493 4175 4174
3878 2 2 200 11 2665 4078 2662
3879 2 2 200 11 3675 3676 3674
3880 2 2 200 11 1702 2613 1592
3881 2 2 200 11 3817 4270 3938
3882 2 2 200 11 1513 4430 4365
3883 2 2 200 11 2157 2645 2156
3884 2 2 200 11 1396 4281 4278
3885 2 2 200 11 1113 4079 1117
3886 2 2 200 11 2648 2650 2649
3887 2 2 200 11 2626 4212 2644
3888 2 2 200 11 2793 4244 4243
3889 2 2 200 11 4136 4139 1083
3890 2 2 200 11 1637 4227 1635
3891 2 2 200 11 1165 1166 1163
3892 2 2 200 11 2623 2625 2624
3893 2 2 200 11 1432 4308 4216
3894 2 2 200 11 1729 1977 1730
3895 2 2 200 11 2106 4222 4221
3896 2 2 200 11 1585 1830 1829
3897 2 2 200 11 1807 1808 1513
3898 2 2 200 11 1546 1729 1594
3899 2 2 200 11 1977 2261 2011
3900 2 2 200 11 1543 2623 2622
3901 2 2 200 11 1578 1690 1591
3902 2 2 200 11 3746 3764 3010
3903 2 2 200 11 1809 1810 1808
3904 2 2 200 11 1830 1935 1831
3905 2 2 200 11 2625 2846 2626
3906 2 2 200 11 1582 1583 1515
3907 2 2 200 11 2449 4019 4018
3908 2 2 200 11 4141 4144 1304
3909 2 2 200 11 1555 1833 1832
3910 2 2 200 11 1833 4086 1834
3911 2 2 200 11 1576 1719 1575
3912 2 2 200 11 3195 3196 2804
3913 2 2 200 11 1574 1575 1519
3914 2 2 200 11 1580 1701 1592
3915 2 2 200 11 1603 1732 1602
3916 2 2 200 11 1584 1751 1583
3917 2 2 200 11 1610 1743 1609
3918 2 2 200 11 3029 3979 2696
3919 2 2 200 11 1799 1800 1496
3920 2 2 200 11 1535 1823 1822
3921 2 2 200 11 1801 1802 1800
3922 2 2 200 11 1586 4252 1588
3923 2 2 200 11 1690 1797 1715
3924 2 2 200 11 1601 1602 1600
3925 2 2 200 11 2542 2543 2541
3926 2 2 200 11 1608 1609 1607
3927 2 2 200 11 2875 3856 2873
3928 2 2 200 11 1701 1938 1702
3929 2 2 200 11 2540 3283 2539
3930 2 2 200 11 2470 2471 1595
3931 2 2 200 11 1581 1695 1589
3932 2 2 200 11 4210 4211 4209
3933 2 2 200 11 2469 3345 3248
3934 2 2 200 11 2002 2237 2184
3935 2 2 200 11 754 3661 3660
3936 2 2 200 11 2700 4067 2701
3937 2 2 200 11 2266 3338 2122
3938 2 2 200 11 1695 1897 1721
3939 2 2 200 11 3401 3507 2418
3940 2 2 200 11 2847 3220 2457
3941 2 2 200 11 2621 3947 1603
3942 2 2 200 11 1501 4098 4097
3943 2 2 200 11 3400 3501 3220
3944 2 2 200 11 849 3640 3638
3945 2 2 200 11 2472 2473 2471
3946 2 2 200 11 2247 4042 2212
3947 2 2 200 11 3349 3378 2164
3948 2 2 200 11 836 3717 3716
3949 2 2 200 11 2853 3278 3277
3950 2 2 200 11 1795 1965 1731
3951 2 2 200 11 1618 1731 1617
3952 2 2 200 11 3032 3353 3031
3953 2 2 200 11 2187 2418 2103
3954 2 2 200 11 2986 3382 3201
3955 2 2 200 11 721 3725 3724
3956 2 2 200 11 1614 1768 1613
3957 2 2 200 11 1505 4112 4111
3958 2 2 200 11 2967 3167 2543
3959 2 2 200 11 1576 4270 3817
3960 2 2 200 11 1616 1617 1615
3961 2 2 200 11 2475 4064 2473
3962 2 2 200 11 723 3700 3699
3963 2 2 200 11 3063 4256 4255
3964 2 2 200 11 4080 4081 1494
3965 2 2 200 11 3224 3391 3202
3966 2 2 200 11 1115 4137 4136
3967 2 2 200 11 2860 4122 4121
3968 2 2 200 11 1612 1613 1611
3969 2 2 200 11 1491 4142 4141
3970 2 2 200 11 2962 3234 2460
3971 2 2 200 11 4083 4084 2982
3972 2 2 200 11 3832 3944 2456
3973 2 2 200 11 3992 3993 2524
3974 2 2 200 11 3635 3636 3634
3975 2 2 200 11 2942 2943 2111
3976 2 2 200 11 2851 3383 2842
3977 2 2 200 11 2838 3981 3980
3978 2 2 200 11 1103 4074 1105
3979 2 2 200 11 3257 3986 3985
3980 2 2 200 11 3138 3434 3308
3981 2 2 200 11 3275 4133 4132
3982 2 2 200 11 1813 1814 1504
3983 2 2 200 11 2530 4088 2977
3984 2 2 200 11 2796 3152 2442
3985 2 2 200 11 1922 1992 1748
3986 2 2 200 11 1698 1748 1622
3987 2 2 200 11 2871 3900 2869
3988 2 2 200 11 2605 3988 3987
3989 2 2 200 11 1621 1622 1620
3990 2 2 200 11 3438 3440 2863
3991 2 2 200 11 1618 1795 1731
3992 2 2 200 11 1695 1721 1589
3993 2 2 200 11 1616 1618 1617
3994 2 2 200 11 1976 4231 2053
3995 2 2 200 11 3231 3266 2618
3996 2 2 200 11 1897 2015 1721
3997 2 2 200 11 2968 3415 2936
3998 2 2 200 11 2120 3056 2680
3999 2 2 200 11 2526 3978 2528
4000 2 2 200 11 2673 3442 3441
4001 2 2 200 11 2686 3036 2688
4002 2 2 200 11 2011 4110 2134
4003 2 2 200 11 1802 1805 1803
4004 2 2 200 11 2851 3384 3383
4005 2 2 200 11 2694 3029 2696
4006 2 2 200 11 1581 1589 1388
4007 2 2 200 11 2246 2863 2167
4008 2 2 200 11 746 3686 357
4009 2 2 200 11 2964 3991 2101
4010 2 2 200 11 1285 1595 1286
4011 2 2 200 11 2482 3202 2483
4012 2 2 200 11 2661 3351 3329
4013 2 2 200 11 3138 3308 3018
4014 2 2 200 11 2473 2476 2474
4015 2 2 200 11 1608 1610 1609
4016 2 2 200 11 2572 2794 2573
4017 2 2 200 11 1610 1744 1743
4018 2 2 200 11 1416 4146 4145
4019 2 2 200 11 1621 1698 1622
4020 2 2 200 11 1690 1715 1591
4021 2 2 200 11 1056 1496 1057
4022 2 2 200 11 1698 1922 1748
4023 2 2 200 11 1805 2103 1806
4024 2 2 200 11 4089 4090 2914
4025 2 2 200 11 2760 3066 2731
4026 2 2 200 11 2009 3023 3022
4027 2 2 200 11 1614 1769 1768
4028 2 2 200 11 1835 1990 1833
4029 2 2 200 11 1612 1614 1613
4030 2 2 200 11 1701 1702 1592
4031 2 2 200 11 2847 3400 3220
4032 2 2 200 11 1938 1939 1702
4033 2 2 200 11 4177 4650 4235
4034 2 2 200 11 3032 3450 3353
4035 2 2 200 11 1152 1580 1154
4036 2 2 200 11 1797 2022 1715
4037 2 2 200 11 2968 3416 3415
4038 2 2 200 11 1815 1816 1814
4039 2 2 200 11 1582 1584 1583
4040 2 2 200 11 4060 4061 4058
4041 2 2 200 11 2456 2457 1744
4042 2 2 200 11 2962 3573 3234
4043 2 2 200 11 1372 1578 1374
4044 2 2 200 11 1991 2203 1990
4045 2 2 200 11 1643 4237 1703
4046 2 2 200 11 2204 3375 2203
4047 2 2 200 11 1364 4103 1366
4048 2 2 200 11 1146 1579 1148
4049 2 2 200 11 1578 1591 1374
4050 2 2 200 11 1584 1785 1751
4051 2 2 200 11 2464 2539 1812
4052 2 2 200 11 1810 1975 1811
4053 2 2 200 11 2623 2624 2622
4054 2 2 200 11 1366 1525 1368
4055 2 2 200 11 1386 1581 1388
4056 2 2 200 11 2517 4094 2519
4057 2 2 200 11 1354 1546 1356
4058 2 2 200 11 1580 1592 1154
4059 2 2 200 11 2564 4245 2560
4060 2 2 200 11 1140 1543 1142
4061 2 2 200 11 2456 2847 2457
4062 2 2 200 11 3056 4559 4452
4063 2 2 200 11 1601 1603 1602
4064 2 2 200 11 3279 3280 2028
4065 2 2 200 11 1132 1585 1134
4066 2 2 200 11 2022 3279 2028
4067 2 2 200 11 2625 2626 2624
4068 2 2 200 11 2466 2541 1804
4069 2 2 200 11 1937 2469 2468
4070 2 2 200 11 1603 1759 1732
4071 2 2 200 11 2459 2460 1769
4072 2 2 200 11 2459 2962 2460
4073 2 2 200 11 1121 4102 1123
4074 2 2 200 11 2015 2964 2101
4075 2 2 200 11 1346 1535 1348
4076 2 2 200 11 1314 4097 1316
4077 2 2 200 11 1091 3966 1093
4078 2 2 200 11 2009 3022 1917
4079 2 2 200 11 2677 2986 2679
4080 2 2 200 11 1123 1548 1128
4081 2 2 200 11 1109 4118 1111
4082 2 2 200 11 1336 4106 1338
4083 2 2 200 11 2846 4212 2626
4084 2 2 200 11 2545 2914 2544
4085 2 2 200 11 1338 1530 1340
4086 2 2 200 11 2247 4043 4042
4087 2 2 200 11 4171 4172 4102
4088 2 2 200 11 1042 1513 1043
4089 2 2 200 11 2139 3269 3268
4090 2 2 200 11 1111 1547 1113
4091 2 2 200 11 3572 3759 2719
4092 2 2 200 11 1525 3943 1368
4093 2 2 200 11 1729 1730 1594
4094 2 2 200 11 1975 2122 1976
4095 2 2 200 11 1322 4119 1324
4096 2 2 200 11 1330 1555 1332
4097 2 2 200 11 2599 4115 2601
4098 2 2 200 11 1426 1616 1615
4099 2 2 200 11 1977 2011 1730
4100 2 2 200 11 2673 3441 2669
4101 2 2 200 11 1101 4073 1103
4102 2 2 200 11 3164 4698 2782
4103 2 2 200 11 1324 1523 1326
4104 2 2 200 11 1105 1520 1107
4105 2 2 200 11 2708 3138 3018
4106 2 2 200 11 1773 4227 1637
4107 2 2 200 11 3109 3781 3111
4108 2 2 200 11 4253 4459 2745
4109 2 2 200 11 3113 3773 3115
4110 2 2 200 11 2828 3776 2823
4111 2 2 200 11 3338 3386 3339
4112 2 2 200 11 1579 3942 1148
4113 2 2 200 11 2550 4185 2549
4114 2 2 200 11 1318 1512 1320
4115 2 2 200 11 2661 3329 2659
4116 2 2 200 11 3949 4258 1442
4117 2 2 200 11 1099 1495 1101
4118 2 2 200 11 2710 4272 2713
4119 2 2 200 11 1089 1572 1091
4120 2 2 200 11 1574 1576 1575
4121 2 2 200 11 1965 2851 2842
4122 2 2 200 11 1436 1608 1607
4123 2 2 200 11 3502 3503 3328
4124 2 2 200 11 2902 3559 2901
4125 2 2 200 11 1825 1826 1823
4126 2 2 200 11 2835 3258 2038
4127 2 2 200 11 1576 1756 1719
4128 2 2 200 11 1830 1831 1829
4129 2 2 200 11 2528 3295 2530
4130 2 2 200 11 2986 3201 2679
4131 2 2 200 11 1087 3973 1089
4132 2 2 200 11 990 1621 1620
4133 2 2 200 11 3105 3137 3107
4134 2 2 200 11 1543 2622 1142
4135 2 2 200 11 1093 1127 1095
4136 2 2 200 11 4006 4007 4005
4137 2 2 200 11 1935 1937 1831
4138 2 2 200 11 1823 1824 1822
4139 2 2 200 11 1827 2002 1826
4140 2 2 200 11 3103 4126 3105
4141 2 2 200 11 2521 2987 2526
4142 2 2 200 11 2566 4038 4036
4143 2 2 200 11 1936 2185 1935
4144 2 2 200 11 2821 3160 2818
4145 2 2 200 11 1546 1594 1356
4146 2 2 200 11 2511 4121 2513
4147 2 2 200 11 1308 4111 1310
4148 2 2 200 11 2106 4221 1906
4149 2 2 200 11 1000 1612 1611
4150 2 2 200 11 1312 1501 1314
4151 2 2 200 11 2049 3032 3031
4152 2 2 200 11 1006 3922 3921
4153 2 2 200 11 2616 2618 2617
4154 2 2 200 11 2132 3181 2567
4155 2 2 200 11 1446 1582 1515
4156 2 2 200 11 1262 4173 1264
4157 2 2 200 11 1085 1126 1087
4158 2 2 200 11 2630 4251 2179
4159 2 2 200 11 1906 4221 1904
4160 2 2 200 11 4161 4162 1116
4161 2 2 200 11 1417 4145 1420
4162 2 2 200 11 3099 3135 3101
4163 2 2 200 11 1306 1505 1308
4164 2 2 200 11 1012 1601 1600
4165 2 2 200 11 2566 4036 1892
4166 2 2 200 11 4007 4008 4005
4167 2 2 200 11 3207 3208 2098
4168 2 2 200 11 3097 4129 3099
4169 2 2 200 11 1992 2968 2936
4170 2 2 200 11 2603 2976 2910
4171 2 2 200 11 2814 3158 2809
4172 2 2 200 11 1585 1829 1134
4173 2 2 200 11 1836 2942 2111
4174 2 2 200 11 1018 3053 2569
4175 2 2 200 11 2509 2860 2511
4176 2 2 200 11 2597 2832 2599
4177 2 2 200 11 2311 3255 1979
4178 2 2 200 11 4153 4154 1490
4179 2 2 200 11 2186 2893 2185
4180 2 2 200 11 2515 2831 2517
4181 2 2 200 11 2262 3413 2261
4182 2 2 200 11 3886 4282 1822
4183 2 2 200 11 2507 3980 2509
4184 2 2 200 11 4032 4033 4030
4185 2 2 200 11 1719 1971 1720
4186 2 2 200 11 2853 3277 2006
4187 2 2 200 11 1079 1115 1081
4188 2 2 200 11 2894 3049 2893
4189 2 2 200 11 1970 2247 2212
4190 2 2 200 11 1504 4418 4367
4191 2 2 200 11 1300 1491 1302
4192 2 2 200 11 2469 3248 2468
4193 2 2 200 11 2591 3275 2593
4194 2 2 200 11 1807 1809 1808
4195 2 2 200 11 1535 1822 1348
4196 2 2 200 11 4297 4325 2725
4197 2 2 200 11 2505 2838 2507
4198 2 2 200 11 2181 3350 2387
4199 2 2 200 11 2226 4018 2224
4200 2 2 200 11 3093 3128 3095
4201 2 2 200 11 2622 4284 1142
4202 2 2 200 11 2237 3393 2184
4203 2 2 200 11 1025 4210 1027
4204 2 2 200 11 3091 4150 3093
4205 2 2 200 11 2587 3257 2589
4206 2 2 200 11 3173 4056 2311
4207 2 2 200 11 1024 1519 1025
4208 2 2 200 11 1819 2167 1820
4209 2 2 200 11 730 3729 491
4210 2 2 200 11 1024 1574 1519
4211 2 2 200 11 1809 1812 1810
4212 2 2 200 11 1439 4225 1442
4213 2 2 200 11 2230 4128 2228
4214 2 2 200 11 1586 1588 1587
4215 2 2 200 11 2593 4132 2595
4216 2 2 200 11 3087 3899 3089
4217 2 2 200 11 2147 2164 2148
4218 2 2 200 11 3120 4424 1865
4219 2 2 200 11 2791 4227 1773
4220 2 2 200 11 2639 3997 2637
4221 2 2 200 11 1437 4225 1439
4222 2 2 200 11 2805 3157 2800
4223 2 2 200 11 1276 3960 1278
4224 2 2 200 11 1548 3051 1128
4225 2 2 200 11 1588 1770 1724
4226 2 2 200 11 2501 2525 2503
4227 2 2 200 11 1269 1504 1270
4228 2 2 200 11 1071 4160 1073
4229 2 2 200 11 1073 1116 1075
4230 2 2 200 11 2495 2523 2497
4231 2 2 200 11 2387 3218 2388
4232 2 2 200 11 1454 1599 1455
4233 2 2 200 11 1018 2569 1019
4234 2 2 200 11 1292 4152 1294
4235 2 2 200 11 3335 4203 2398
4236 2 2 200 11 1294 1490 1296
4237 2 2 200 11 2893 3319 2185
4238 2 2 200 11 1703 4237 1967
4239 2 2 200 11 2540 3284 3283
4240 2 2 200 11 2583 2605 2585
4241 2 2 200 11 2809 4131 2807
4242 2 2 200 11 4187 4188 2606
4243 2 2 200 11 2800 4151 2798
4244 2 2 200 11 1081 4136 1083
4245 2 2 200 11 1732 1970 1740
4246 2 2 200 11 2464 2540 2539
4247 2 2 200 11 3853 3854 2846
4248 2 2 200 11 1067 1125 1069
4249 2 2 200 11 1805 3990 2187
4250 2 2 200 11 1775 3849 2436
4251 2 2 200 11 1833 1834 1832
4252 2 2 200 11 2896 4199 2894
4253 2 2 200 11 1751 1933 1752
4254 2 2 200 11 2547 4089 2545
4255 2 2 200 11 2147 3349 2164
4256 2 2 200 11 1816 1819 1817
4257 2 2 200 11 3083 3952 3085
4258 2 2 200 11 1530 3914 1340
4259 2 2 200 11 2564 4246 4245
4260 2 2 200 11 1042 1807 1513
4261 2 2 200 11 2589 3985 2591
4262 2 2 200 11 2742 4253 2745
4263 2 2 200 11 1822 4282 1348
4264 2 2 200 11 2245 2442 2232
4265 2 2 200 11 2775 3151 2777
4266 2 2 200 11 2503 4022 2505
4267 2 2 200 11 3066 4628 4612
4268 2 2 200 11 2462 2544 1818
4269 2 2 200 11 1302 4141 1304
4270 2 2 200 11 2975 3145 2639
4271 2 2 200 11 1588 1724 1587
4272 2 2 200 11 2232 4127 2230
4273 2 2 200 11 1269 1813 1504
4274 2 2 200 11 1288 1494 1290
4275 2 2 200 11 1069 4163 1071
4276 2 2 200 11 1838 2566 1892
4277 2 2 200 11 2577 2606 2579
4278 2 2 200 11 1696 1928 1925
4279 2 2 200 11 2002 2184 1826
4280 2 2 200 11 2173 3194 3193
4281 2 2 200 11 1290 4157 1292
4282 2 2 200 11 2575 4186 2577
4283 2 2 200 11 1264 4173 4087
4284 2 2 200 11 1940 2006 1938
4285 2 2 200 11 2818 4130 2816
4286 2 2 200 11 1970 2212 2044
4287 2 2 200 11 1405 4274 1408
4288 2 2 200 11 1286 4080 1288
4289 2 2 200 11 1446 1515 1447
4290 2 2 200 11 2007 2853 2006
4291 2 2 200 11 2212 2922 2445
4292 2 2 200 11 2489 2524 2491
4293 2 2 200 11 2396 2398 2397
4294 2 2 200 11 2181 2387 2182
4295 2 2 200 11 2485 2982 2487
4296 2 2 200 11 1813 1815 1814
4297 2 2 200 11 1547 4079 1113
4298 2 2 200 11 1061 1492 1063
4299 2 2 200 11 1012 1600 1013
4300 2 2 200 11 2155 2156 2097
4301 2 2 200 11 1027 4210 4209
4302 2 2 200 11 2487 3992 2489
4303 2 2 200 11 3827 3828 3825
4304 2 2 200 11 2637 2640 2265
4305 2 2 200 11 2922 3183 2923
4306 2 2 200 11 2224 2793 2222
4307 2 2 200 11 1555 1832 1332
4308 2 2 200 11 1278 1573 1280
4309 2 2 200 11 715 3728 360
4310 2 2 200 11 1821 2098 1797
4311 2 2 200 11 2585 3987 2587
4312 2 2 200 11 1806 4200 2051
4313 2 2 200 11 2477 2572 2571
4314 2 2 200 11 1586 1587 972
4315 2 2 200 11 2228 2449 2226
4316 2 2 200 11 1799 1801 1800
4317 2 2 200 11 1975 2266 2122
4318 2 2 200 11 2483 4083 2485
4319 2 2 200 11 1801 1804 1802
4320 2 2 200 11 1724 4202 1838
4321 2 2 200 11 3559 3560 2901
4322 2 2 200 11 1743 2049 2048
4323 2 2 200 11 1282 1285 1284
4324 2 2 200 11 2157 2646 2645
4325 2 2 200 11 2542 2967 2543
4326 2 2 200 11 2099 3207 2098
4327 2 2 200 11 2470 2472 2471
4328 2 2 200 11 1644 4263 1642
4329 2 2 200 11 1053 1056 1055
4330 2 2 200 11 1051 4125 1053
4331 2 2 200 11 2466 2542 2541
4332 2 2 200 11 2051 2482 2481
4333 2 2 200 11 2187 3401 2418
4334 2 2 200 11 970 1586 972
4335 2 2 200 11 2203 2312 1990
4336 2 2 200 11 2220 2221 2218
4337 2 2 200 11 3375 4047 2203
4338 2 2 200 11 2180 3411 3410
4339 2 2 200 11 2573 4191 2575
4340 2 2 200 11 2049 3031 3030
4341 2 2 200 11 1768 1836 1777
4342 2 2 200 11 2793 4243 2222
4343 2 2 200 11 2063 2612 2061
4344 2 2 200 11 1436 1607 1437
4345 2 2 200 11 1006 3921 1007
4346 2 2 200 11 741 3664 494
4347 2 2 200 11 2472 2475 2473
4348 2 2 200 11 2061 4104 1983
4349 2 2 200 11 4105 4199 2896
4350 2 2 200 11 1056 1799 1496
4351 2 2 200 11 1397 4278 1400
4352 2 2 200 11 3816 3905 3904
4353 2 2 200 11 4073 4074 1103
4354 2 2 200 11 3152 3829 2442
4355 2 2 200 11 1967 4237 2764
4356 2 2 200 11 2727 4264 1962
4357 2 2 200 11 3063 4255 3040
4358 2 2 200 11 1815 1818 1816
4359 2 2 200 11 2718 2719 2479
4360 2 2 200 11 3759 3760 2719
4361 2 2 200 11 1898 2038 1897
4362 2 2 200 11 1285 2470 1595
4363 2 2 200 11 1805 2187 2103
4364 2 2 200 11 1047 1228 1049
4365 2 2 200 11 2545 4089 2914
4366 2 2 200 11 1278 3960 1573
4367 2 2 200 11 2540 4287 3782
4368 2 2 200 11 1836 2111 2045
4369 2 2 200 11 2246 3438 2863
4370 2 2 200 11 3295 4088 2530
4371 2 2 200 11 1519 4324 4210
4372 2 2 200 11 2449 4018 2226
4373 2 2 200 11 2222 4243 2221
4374 2 2 200 11 2731 4093 2729
4375 2 2 200 11 1037 4092 1039
4376 2 2 200 11 1965 2842 2046
4377 2 2 200 11 1274 1487 1276
4378 2 2 200 11 3845 3846 3844
4379 2 2 200 11 2043 2835 2038
4380 2 2 200 11 2908 3328 2906
4381 2 2 200 11 2987 3978 2526
4382 2 2 200 11 4087 4290 1813
4383 2 2 200 11 1039 1042 1041
4384 2 2 200 11 3025 3357 2835
4385 2 2 200 11 3773 3774 3115
4386 2 2 200 11 3145 3997 2639
4387 2 2 200 11 1000 1611 1001
4388 2 2 200 11 4127 4128 2230
4389 2 2 200 11 2026 2085 1770
4390 2 2 200 11 3891 3892 3357
4391 2 2 200 11 1328 4218 1330
4392 2 2 200 11 4006 4009 4007
4393 2 2 200 11 1579 3995 3925
4394 2 2 200 11 2464 4287 2540
4395 2 2 200 11 1443 4258 1446
4396 2 2 200 11 3038 3039 2003
4397 2 2 200 11 721 3726 3725
4398 2 2 200 11 1426 1615 1427
4399 2 2 200 11 2747 2748 2746
4400 2 2 200 11 1205 1207 1206
4401 2 2 200 11 1118 4171 1121
4402 2 2 200 11 1572 3966 1091
4403 2 2 200 11 2462 2545 2544
4404 2 2 200 11 1033 1502 1035
4405 2 2 200 11 2900 2901 2898
4406 2 2 200 11 3042 3063 3040
4407 2 2 200 11 2482 3224 3202
4408 2 2 200 11 849 3641 3640
4409 2 2 200 11 1819 2246 2167
4410 2 2 200 11 1501 4097 1314
4411 2 2 200 11 2898 4105 2896
4412 2 2 200 11 2055 2616 2615
4413 2 2 200 11 2831 4094 2517
4414 2 2 200 11 1416 4145 1417
4415 2 2 200 11 1182 1183 1181
4416 2 2 200 11 3040 4255 3039
4417 2 2 200 11 2832 4115 2599
4418 2 2 200 11 1863 4512 4435
4419 2 2 200 11 753 3674 445
4420 2 2 200 11 2867 4269 1955
4421 2 2 200 11 3945 4270 1574
4422 2 2 200 11 1420 3055 1421
4423 2 2 200 11 3157 4151 2800
4424 2 2 200 11 1126 3973 1087
4425 2 2 200 11 3047 4293 1832
4426 2 2 200 11 2709 4272 2710
4427 2 2 200 11 2616 3231 2618
4428 2 2 200 11 4268 4547 978
4429 2 2 200 11 2787 2791 1773
4430 2 2 200 11 1029 1032 1031
4431 2 2 200 11 1129 4091 1132
4432 2 2 200 11 2713 3147 2714
4433 2 2 200 11 1992 2936 2047
4434 2 2 200 11 1027 4209 1029
4435 2 2 200 11 2051 4200 2482
4436 2 2 200 11 2572 3358 2794
4437 2 2 200 11 2860 4121 2511
4438 2 2 200 11 1505 4111 1308
4439 2 2 200 11 1288 4080 1494
4440 2 2 200 11 1832 4293 1332
4441 2 2 200 11 2485 4083 2982
4442 2 2 200 11 1597 4535 1696
4443 2 2 200 11 1457 1460 1459
4444 2 2 200 11 1815 4290 2461
4445 2 2 200 11 1972 2147 2057
4446 2 2 200 11 1393 4226 1396
4447 2 2 200 11 4428 4450 3894
4448 2 2 200 11 3139 4613 4607
4449 2 2 200 11 4345 4426 3057
4450 2 2 200 11 990 1620 991
4451 2 2 200 11 1071 4163 4160
4452 2 2 200 11 3158 4131 2809
4453 2 2 200 11 1115 4138 4137
4454 2 2 200 11 1491 4143 4142
4455 2 2 200 11 1292 4157 4152
4456 2 2 200 11 2489 3992 2524
4457 2 2 200 11 2838 3980 2507
4458 2 2 200 11 2694 2696 2695
4459 2 2 200 11 1021 1024 1023
4460 2 2 200 11 3275 4132 2593
4461 2 2 200 11 2549 3405 2547
4462 2 2 200 11 3857 4250 3833
4463 2 2 200 11 4261 4262 3297
4464 2 2 200 11 2575 4191 4186
4465 2 2 200 11 1115 4136 1081
4466 2 2 200 11 1264 4087 1266
4467 2 2 200 11 1939 4006 4005
4468 2 2 200 11 1420 4572 3055
4469 2 2 200 11 3257 3985 2589
4470 2 2 200 11 2688 3150 2689
4471 2 2 200 11 1491 4141 1302
4472 2 2 200 11 1451 1454 1453
4473 2 2 200 11 2632 4234 3222
4474 2 2 200 11 1505 4113 4112
4475 2 2 200 11 4218 4450 4428
4476 2 2 200 11 3160 4130 2818
4477 2 2 200 11 1515 4436 4411
4478 2 2 200 11 2605 3989 3988
4479 2 2 200 11 2261 4558 4110
4480 2 2 200 11 4207 4484 1360
4481 2 2 200 11 2134 4110 4109
4482 2 2 200 11 1934 2181 2059
4483 2 2 200 11 2525 4022 2503
4484 2 2 200 11 1266 1269 1268
4485 2 2 200 11 2549 3406 3405
4486 2 2 200 11 1015 1018 1017
4487 2 2 200 11 2135 4108 2677
4488 2 2 200 11 1813 4290 1815
4489 2 2 200 11 1785 4232 4063
4490 2 2 200 11 2180 3410 2176
4491 2 2 200 11 1928 1952 1951
4492 2 2 200 11 2605 3987 2585
4493 2 2 200 11 4236 4506 3053
4494 2 2 200 11 2686 2688 2687
4495 2 2 200 11 2466 4294 2542
4496 2 2 200 11 4081 4082 1494
4497 2 2 200 11 1763 4263 1644
4498 2 2 200 11 2542 4294 3797
4499 2 2 200 11 1149 4046 1152
4500 2 2 200 11 837 3701 499
4501 2 2 200 11 2838 3982 3981
4502 2 2 200 11 1352 4228 1354
4503 2 2 200 11 2680 3141 2681
4504 2 2 200 11 1501 4099 4098
4505 2 2 200 11 1009 1012 1011
4506 2 2 200 11 4453 4510 1896
4507 2 2 200 11 1771 2026 1770
4508 2 2 200 11 1404 4274 1405
4509 2 2 200 11 1443 1446 1445
4510 2 2 200 11 3993 3994 2524
4511 2 2 200 11 2156 3962 2097
4512 2 2 200 11 1369 4040 1372
4513 2 2 200 11 1974 2013 1973
4514 2 2 200 11 852 3644 450
4515 2 2 200 11 1647 4342 1244
4516 2 2 200 11 1962 4264 1875
4517 2 2 200 11 2105 2106 1906
4518 2 2 200 11 751 3670 368
4519 2 2 200 11 1439 1442 1441
4520 2 2 200 11 2670 2673 2669
4521 2 2 200 11 3522 3523 3520
4522 2 2 200 11 4264 4414 1875
4523 2 2 200 11 2120 2680 2121
4524 2 2 200 11 2627 4258 3949
4525 2 2 200 11 2633 4261 3297
4526 2 2 200 11 1967 2764 1969
4527 2 2 200 11 1433 1436 1435
4528 2 2 200 11 1923 1979 1922
4529 2 2 200 11 1396 4278 1397
4530 2 2 200 11 2476 2477 2474
4531 2 2 200 11 2019 3984 2120
4532 2 2 200 11 2449 4020 4019
4533 2 2 200 11 1427 4308 1429
4534 2 2 200 11 1127 3969 1095
4535 2 2 200 11 4373 4386 4237
4536 2 2 200 11 1003 1006 1005
4537 2 2 200 11 2015 2101 2016
4538 2 2 200 11 2473 2474 2471
4539 2 2 200 11 2396 3335 2398
4540 2 2 200 11 1280 3953 1282
4541 2 2 200 11 1802 1803 1800
4542 2 2 200 11 743 3671 505
4543 2 2 200 11 2139 3268 2140
4544 2 2 200 11 2708 3018 3017
4545 2 2 200 11 752 3695 379
4546 2 2 200 11 2447 3816 3815
4547 2 2 200 11 1484 1682 1681
4548 2 2 200 11 744 3649 571
4549 2 2 200 11 1828 1917 1795
4550 2 2 200 11 1463 1464 1462
4551 2 2 200 11 2101 2139 2102
4552 2 2 200 11 750 3685 401
4553 2 2 200 11 1899 3830 1998
4554 2 2 200 11 742 3657 516
4555 2 2 200 11 745 3645 434
4556 2 2 200 11 754 3660 527
4557 2 2 200 11 2027 2176 2026
4558 2 2 200 11 756 3689 412
4559 2 2 200 11 1383 4085 1386
4560 2 2 200 11 1805 1806 1803
4561 2 2 200 11 835 3710 565
4562 2 2 200 11 449 3643 852
4563 2 2 200 11 851 3642 489
4564 2 2 200 11 2660 2661 2659
4565 2 2 200 11 1429 1432 1431
4566 2 2 200 11 2572 2573 2571
4567 2 2 200 11 3507 3508 2418
4568 2 2 200 11 836 3716 554
4569 2 2 200 11 847 3634 363
4570 2 2 200 11 2245 2796 2442
4571 2 2 200 11 498 3608 837
4572 2 2 200 11 558 3651 3650
4573 2 2 200 11 1980 2311 1979
4574 2 2 200 11 564 3631 835
4575 2 2 200 11 846 3614 440
4576 2 2 200 11 849 3638 396
4577 2 2 200 11 840 3612 429
4578 2 2 200 11 553 3620 836
4579 2 2 200 11 520 3609 843
4580 2 2 200 11 838 3611 407
4581 2 2 200 11 844 3619 418
4582 2 2 200 11 850 3738 576
4583 2 2 200 11 514 3655 3653
4584 2 2 200 11 707 3694 376
4585 2 2 200 11 2173 3193 2174
4586 2 2 200 11 997 1000 999
4587 2 2 200 11 722 3682 535
4588 2 2 200 11 2640 4000 2265
4589 2 2 200 11 697 3678 431
4590 2 2 200 11 1798 1973 1783
4591 2 2 200 11 375 3627 707
4592 2 2 200 11 703 3688 398
4593 2 2 200 11 1918 2009 1917
4594 2 2 200 11 2683 4051 2686
4595 2 2 200 11 1955 4269 1876
4596 2 2 200 11 1067 4166 1125
4597 2 2 200 11 704 3610 541
4598 2 2 200 11 2543 3920 2541
4599 2 2 200 11 1446 4258 1582
4600 2 2 200 11 3940 3941 3411
4601 2 2 200 11 2392 2395 2394
4602 2 2 200 11 725 3709 415
4603 2 2 200 11 729 3706 437
4604 2 2 200 11 727 3714 426
4605 2 2 200 11 2458 2459 1769
4606 2 2 200 11 723 3699 404
4607 2 2 200 11 1285 1286 1284
4608 2 2 200 11 721 3724 393
4609 2 2 200 11 2482 2483 2481
4610 2 2 200 11 1555 1835 1833
4611 2 2 200 11 3020 3173 2311
4612 2 2 200 11 3266 3452 2618
4613 2 2 200 11 2882 2884 2881
4614 2 2 200 11 2701 2813 2703
4615 2 2 200 11 967 4198 970
4616 2 2 200 11 3057 4463 4345
4617 2 2 200 11 993 996 995
4618 2 2 200 11 2631 2632 2630
4619 2 2 200 11 1423 1426 1425
4620 2 2 200 11 2629 2630 2179
4621 2 2 200 11 1892 2173 1893
4622 2 2 200 11 4269 4413 1876
4623 2 2 200 11 2455 2456 1744
4624 2 2 200 11 2022 2028 2023
4625 2 2 200 11 1056 1057 1055
4626 2 2 200 11 2697 2700 2699
4627 2 2 200 11 1386 1388 1387
4628 2 2 200 11 2710 2713 2712
4629 2 2 200 11 1417 1420 1419
4630 2 2 200 11 1835 1991 1990
4631 2 2 200 11 1810 1811 1808
4632 2 2 200 11 2691 4034 2694
4633 2 2 200 11 1991 2204 2203
4634 2 2 200 11 4059 4060 4058
4635 2 2 200 11 2177 2180 2176
4636 2 2 200 11 975 4268 978
4637 2 2 200 11 2659 3975 2010
4638 2 2 200 11 3066 4093 2731
4639 2 2 200 11 1573 3953 1280
4640 2 2 200 11 1997 2709 2235
4641 2 2 200 11 4014 4015 2112
4642 2 2 200 11 4002 4662 4054
4643 2 2 200 11 2142 4070 2708
4644 2 2 200 11 1259 4178 4177
4645 2 2 200 11 3338 3339 2122
4646 2 2 200 11 4066 4067 2700
4647 2 2 200 11 2208 2804 2001
4648 2 2 200 11 1838 1892 1839
4649 2 2 200 11 2669 4076 2666
4650 2 2 200 11 2718 3572 2719
4651 2 2 200 11 446 3730 447
4652 2 2 200 11 1413 1416 1415
4653 2 2 200 11 2396 2397 2394
4654 2 2 200 11 3283 3907 2539
4655 2 2 200 11 1975 1976 1811
4656 2 2 200 11 2691 2694 2693
4657 2 2 200 11 2220 2222 2221
4658 2 2 200 11 987 990 989
4659 2 2 200 11 2863 3918 2167
4660 2 2 200 11 2879 4295 2876
4661 2 2 200 11 1413 4147 1416
4662 2 2 200 11 2111 4072 2447
4663 2 2 200 11 2555 3182 2553
4664 2 2 200 11 1523 4527 3894
4665 2 2 200 11 2880 2881 2879
4666 2 2 200 11 1243 4230 3156
4667 2 2 200 11 2394 4240 2393
4668 2 2 200 11 1260 1493 1262
4669 2 2 200 11 1405 1408 1407
4670 2 2 200 11 1409 1412 1411
4671 2 2 200 11 1121 4171 4102
4672 2 2 200 11 2633 3297 2632
4673 2 2 200 11 1535 1825 1823
4674 2 2 200 11 4077 4078 2665
4675 2 2 200 11 1724 1838 1837
4676 2 2 200 11 4107 4576 3041
4677 2 2 200 11 2716 4263 1763
4678 2 2 200 11 2654 3957 2650
4679 2 2 200 11 1372 1374 1373
4680 2 2 200 11 2616 2617 2615
4681 2 2 200 11 987 4069 990
4682 2 2 200 11 1979 4193 1922
4683 2 2 200 11 1830 1936 1935
4684 2 2 200 11 4003 4266 3823
4685 2 2 200 11 1401 1404 1403
4686 2 2 200 11 4459 4499 2747
4687 2 2 200 11 2683 2686 2685
4688 2 2 200 11 1042 1043 1041
4689 2 2 200 11 983 986 985
4690 2 2 200 11 1819 1820 1817
4691 2 2 200 11 2908 3502 3328
4692 2 2 200 11 1256 1259 1258
4693 2 2 200 11 1989 2716 1763
4694 2 2 200 11 2626 2644 2643
4695 2 2 200 11 1152 1154 1153
4696 2 2 200 11 2218 4625 2095
4697 2 2 200 11 1412 4149 4148
4698 2 2 200 11 1827 2003 2002
4699 2 2 200 11 1366 1368 1367
4700 2 2 200 11 979 982 981
4701 2 2 200 11 2469 3908 3345
4702 2 2 200 11 1825 1827 1826
4703 2 2 200 11 2745 2746 2743
4704 2 2 200 11 3378 3380 2164
4705 2 2 200 11 1397 1400 1399
4706 2 2 200 11 2668 2669 2666
4707 2 2 200 11 4057 4233 3350
4708 2 2 200 11 1546 3044 1729
4709 2 2 200 11 979 4279 982
4710 2 2 200 11 3817 3937 1756
4711 2 2 200 11 1719 1720 1575
4712 2 2 200 11 583 3720 584
4713 2 2 200 11 2664 2665 2662
4714 2 2 200 11 1977 2262 2261
4715 2 2 200 11 1132 4091 1585
4716 2 2 200 11 2914 3919 2544
4717 2 2 200 11 1392 4226 1393
4718 2 2 200 11 2011 2134 2012
4719 2 2 200 11 1364 1366 1365
4720 2 2 200 11 1393 1396 1395
4721 2 2 200 11 2677 2679 2678
4722 2 2 200 11 2900 2902 2901
4723 2 2 200 11 1816 1817 1814
4724 2 2 200 11 1423 3983 1426
4725 2 2 200 11 3042 3064 3063
4726 2 2 200 11 970 972 971
4727 2 2 200 11 4365 4430 3058
4728 2 2 200 11 1928 1951 1925
4729 2 2 200 11 4460 4502 4082
4730 2 2 200 11 2395 2396 2394
4731 2 2 200 11 3365 3741 3364
4732 2 2 200 11 3038 3040 3039
4733 2 2 200 11 1146 1148 1147
4734 2 2 200 11 1936 2186 2185
4735 2 2 200 11 1878 4318 3131
4736 2 2 200 11 2142 2708 2707
4737 2 2 200 11 2092 2166 1910
4738 2 2 200 11 2632 3222 2630
4739 2 2 200 11 2186 2894 2893
4740 2 2 200 11 389 740 390
4741 2 2 200 11 570 744 571
4742 2 2 200 11 559 748 560
4743 2 2 200 11 515 742 516
4744 2 2 200 11 493 741 494
4745 2 2 200 11 526 754 527
4746 2 2 200 11 367 751 368
4747 2 2 200 11 504 743 505
4748 2 2 200 11 581 747 582
4749 2 2 200 11 548 757 549
4750 2 2 200 11 433 745 434
4751 2 2 200 11 537 749 538
4752 2 2 200 11 444 753 445
4753 2 2 200 11 400 750 401
4754 2 2 200 11 422 755 423
4755 2 2 200 11 411 756 412
4756 2 2 200 11 356 746 357
4757 2 2 200 11 378 752 379
4758 2 2 200 11 2387 2388 2182
4759 2 2 200 11 4435 4512 3071
4760 2 2 200 11 997 4055 1000
4761 2 2 200 11 377 3692 378
4762 2 2 200 11 2019 2120 2119
4763 2 2 200 11 536 3679 537
4764 2 2 200 11 1389 1392 1391
4765 2 2 200 11 388 3648 389
4766 2 2 200 11 2629 2631 2630
4767 2 2 200 11 1140 1142 1141
4768 2 2 200 11 558 3650 559
4769 2 2 200 11 2560 4245 2559
4770 2 2 200 11 2658 2659 2010
4771 2 2 200 11 1937 2468 2467
4772 2 2 200 11 2625 3853 2846
4773 2 2 200 11 547 3652 548
4774 2 2 200 11 1470 4550 3812
4775 2 2 200 11 432 3677 433
4776 2 2 200 11 410 3667 411
4777 2 2 200 11 399 3687 400
4778 2 2 200 11 2876 4295 2875
4779 2 2 200 11 3856 4645 1651
4780 2 2 200 11 520 843 521
4781 2 2 200 11 406 838 407
4782 2 2 200 11 531 841 532
4783 2 2 200 11 498 837 499
4784 2 2 200 11 417 844 418
4785 2 2 200 11 428 840 429
4786 2 2 200 11 542 839 543
4787 2 2 200 11 564 835 565
4788 2 2 200 11 395 849 396
4789 2 2 200 11 553 836 554
4790 2 2 200 11 362 847 363
4791 2 2 200 11 439 846 440
4792 2 2 200 11 509 842 510
4793 2 2 200 11 373 845 374
4794 2 2 200 11 575 850 576
4795 2 2 200 11 384 848 385
4796 2 2 200 11 514 3653 515
4797 2 2 200 11 1971 1972 1720
4798 2 2 200 11 2548 2549 2547
4799 2 2 200 11 991 4238 993
4800 2 2 200 11 3953 4298 2470
4801 2 2 200 11 1035 4289 1037
4802 2 2 200 11 1032 1033 1031
4803 2 2 200 11 416 3707 417
4804 2 2 200 11 391 3769 392
4805 2 2 200 11 438 3705 439
4806 2 2 200 11 2563 2564 2560
4807 2 2 200 11 1732 1740 1602
4808 2 2 200 11 427 3713 428
4809 2 2 200 11 405 3697 406
4810 2 2 200 11 975 978 977
4811 2 2 200 11 561 3722 562
4812 2 2 200 11 2262 3822 3413
4813 2 2 200 11 1433 4053 1436
4814 2 2 200 11 488 851 489
4815 2 2 200 11 449 852 450
4816 2 2 200 11 1138 1140 1139
4817 2 2 200 11 3896 4463 3057
4818 2 2 200 11 4148 4675 4260
4819 2 2 200 11 533 3727 534
4820 2 2 200 11 2853 3506 3278
4821 2 2 200 11 2782 4665 2780
4822 2 2 200 11 577 3723 578
4823 2 2 200 11 1751 1752 1583
4824 2 2 200 11 3393 3395 3394
4825 2 2 200 11 1354 1356 1355
4826 2 2 200 11 2068 2725 1840
4827 2 2 200 11 1383 1386 1385
4828 2 2 200 11 2006 4197 1938
4829 2 2 200 11 1775 1915 1774
4830 2 2 200 11 1548 4563 4519
4831 2 2 200 11 1260 4176 1493
4832 2 2 200 11 1983 4296 1884
4833 2 2 200 11 1269 1270 1268
4834 2 2 200 11 3395 3397 3396
4835 2 2 200 11 507 698 508
4836 2 2 200 11 496 696 497
4837 2 2 200 11 518 700 519
4838 2 2 200 11 584 712 585
4839 2 2 200 11 441 695 442
4840 2 2 200 11 430 697 431
4841 2 2 200 11 529 702 530
4842 2 2 200 11 419 699 420
4843 2 2 200 11 397 703 398
4844 2 2 200 11 386 705 387
4845 2 2 200 11 551 706 552
4846 2 2 200 11 408 701 409
4847 2 2 200 11 540 704 541
4848 2 2 200 11 375 707 376
4849 2 2 200 11 573 710 574
4850 2 2 200 11 364 709 365
4851 2 2 200 11 353 711 354
4852 2 2 200 11 562 708 563
4853 2 2 200 11 4120 4518 1392
4854 2 2 200 11 403 723 404
4855 2 2 200 11 545 720 546
4856 2 2 200 11 392 721 393
4857 2 2 200 11 370 717 371
4858 2 2 200 11 567 716 568
4859 2 2 200 11 359 715 360
4860 2 2 200 11 534 722 535
4861 2 2 200 11 381 719 382
4862 2 2 200 11 578 714 579
4863 2 2 200 11 556 718 557
4864 2 2 200 11 523 724 524
4865 2 2 200 11 414 725 415
4866 2 2 200 11 436 729 437
4867 2 2 200 11 512 726 513
4868 2 2 200 11 501 728 502
4869 2 2 200 11 425 727 426
4870 2 2 200 11 490 730 491
4871 2 2 200 11 447 731 448
4872 2 2 200 11 486 736 487
4873 2 2 200 11 451 737 452
4874 2 2 200 11 1003 3961 1006
4875 2 2 200 11 2038 4183 1897
4876 2 2 200 11 1352 1354 1353
4877 2 2 200 11 2556 2557 2555
4878 2 2 200 11 3297 4234 2632
4879 2 2 200 11 2155 2157 2156
4880 2 2 200 11 2147 2148 2057
4881 2 2 200 11 1589 4277 4120
4882 2 2 200 11 1059 4463 1061
4883 2 2 200 11 1701 1940 1938
4884 2 2 200 11 2474 4306 2471
4885 2 2 200 11 2696 4065 2697
4886 2 2 200 11 1379 1382 1381
4887 2 2 200 11 3218 4267 2388
4888 2 2 200 11 1024 1025 1023
4889 2 2 200 11 2631 2633 2632
4890 2 2 200 11 1690 1821 1797
4891 2 2 200 11 1607 4337 4225
4892 2 2 200 11 1346 1348 1347
4893 2 2 200 11 2677 4108 2986
4894 2 2 200 11 1375 1378 1377
4895 2 2 200 11 1152 4046 1580
4896 2 2 200 11 4176 4235 4175
4897 2 2 200 11 1743 2048 1609
4898 2 2 200 11 1933 1934 1752
4899 2 2 200 11 1132 1134 1133
4900 2 2 200 11 2463 2464 1812
4901 2 2 200 11 1454 1455 1453
4902 2 2 200 11 1970 2044 1740
4903 2 2 200 11 3353 3354 3031
4904 2 2 200 11 2546 2547 2545
4905 2 2 200 11 963 4286 966
4906 2 2 200 11 2212 2445 2044
4907 2 2 200 11 3782 3783 3284
4908 2 2 200 11 1768 4229 1836
4909 2 2 200 11 1565 4455 1567
4910 2 2 200 11 2180 4251 3940
4911 2 2 200 11 2922 2923 2445
4912 2 2 200 11 3876 4261 2633
4913 2 2 200 11 1372 4040 1578
4914 2 2 200 11 1123 1128 1124
4915 2 2 200 11 3220 3903 2457
4916 2 2 200 11 1743 4224 2049
4917 2 2 200 11 2874 2875 2873
4918 2 2 200 11 1940 2007 2006
4919 2 2 200 11 3183 3372 2923
4920 2 2 200 11 2525 4026 4024
4921 2 2 200 11 1344 1346 1345
4922 2 2 200 11 2461 2462 1818
4923 2 2 200 11 1155 1158 1157
4924 2 2 200 11 2766 4456 2725
4925 2 2 200 11 1768 1777 1613
4926 2 2 200 11 853 5362 3361
4927 2 2 200 11 2943 4072 2111
4928 2 2 200 11 2098 4194 1797
4929 2 2 200 11 1018 1019 1017
4930 2 2 200 11 2928 2929 2163
4931 2 2 200 11 1121 1123 1122
4932 2 2 200 11 1015 3946 1018
4933 2 2 200 11 3905 3906 3904
4934 2 2 200 11 920 4774 1670
4935 2 2 200 11 2872 2873 2871
4936 2 2 200 11 3234 3910 2460
4937 2 2 200 11 1934 4057 2181
4938 2 2 200 11 2099 3789 3207
4939 2 2 200 11 1369 1372 1371
4940 2 2 200 11 2761 3159 2760
4941 2 2 200 11 944 1597 946
4942 2 2 200 11 2181 2182 2059
4943 2 2 200 11 1821 2099 2098
4944 2 2 200 11 1338 1340 1339
4945 2 2 200 11 2870 2871 2869
4946 2 2 200 11 1021 3945 1024
4947 2 2 200 11 1695 1898 1897
4948 2 2 200 11 1243 3156 1647
4949 2 2 200 11 2673 4241 3758
4950 2 2 200 11 1149 1152 1151
4951 2 2 200 11 2049 3030 2048
4952 2 2 200 11 1965 2046 1731
4953 2 2 200 11 1012 1013 1011
4954 2 2 200 11 1446 1447 1445
4955 2 2 200 11 1890 4335 4333
4956 2 2 200 11 1650 4605 4579
4957 2 2 200 11 2732 2760 2731
4958 2 2 200 11 2071 3120 1865
4959 2 2 200 11 3383 3819 2842
4960 2 2 200 11 2558 2559 2557
4961 2 2 200 11 1461 1462 1459
4962 2 2 200 11 1617 2641 1615
4963 2 2 200 11 1113 1117 1114
4964 2 2 200 11 4198 4252 1586
4965 2 2 200 11 1336 1338 1337
4966 2 2 200 11 4026 4027 4024
4967 2 2 200 11 2730 2731 2729
4968 2 2 200 11 1111 1113 1112
4969 2 2 200 11 1836 2045 1777
4970 2 2 200 11 1143 1146 1145
4971 2 2 200 11 2465 2466 1804
4972 2 2 200 11 1386 4085 1581
4973 2 2 200 11 3797 3798 2967
4974 2 2 200 11 1361 1364 1363
4975 2 2 200 11 4367 4418 3059
4976 2 2 200 11 2558 2560 2559
4977 2 2 200 11 1442 1443 1441
4978 2 2 200 11 2135 2677 2676
4979 2 2 200 11 2556 2558 2557
4980 2 2 200 11 2111 2447 2045
4981 2 2 200 11 2552 2553 2550
4982 2 2 200 11 967 970 969
4983 2 2 200 11 1109 1111 1110
4984 2 2 200 11 2570 4306 2474
4985 2 2 200 11 1049 4307 1051
4986 2 2 200 11 1107 1109 1108
4987 2 2 200 11 1357 1360 1359
4988 2 2 200 11 1330 1332 1331
4989 2 2 200 11 2728 2729 2727
4990 2 2 200 11 4208 4299 1138
4991 2 2 200 11 2120 3984 3056
4992 2 2 200 11 3415 3818 2936
4993 2 2 200 11 2868 2869 2867
4994 2 2 200 11 1992 2047 1748
4995 2 2 200 11 2105 2780 2106
4996 2 2 200 11 970 4198 1586
4997 2 2 200 11 1006 1007 1005
4998 2 2 200 11 1588 1771 1770
4999 2 2 200 11 1105 1107 1106
5000 2 2 200 11 2559 3365 3364
5001 2 2 200 11 3816 3904 3815
5002 2 2 200 11 3072 4510 4453
5003 2 2 200 11 1933 4059 4058
5004 2 2 200 11 1898 2043 2038
5005 2 2 200 11 2878 2879 2876
5006 2 2 200 11 2180 3940 3411
5007 2 2 200 11 1135 1138 1137
5008 2 2 200 11 2043 3025 2835
5009 2 2 200 11 1436 1437 1435
5010 2 2 200 11 962 4286 963
5011 2 2 200 11 3025 3891 3357
5012 2 2 200 11 1622 2642 1620
5013 2 2 200 11 1328 1330 1329
5014 2 2 200 11 1116 4169 1075
5015 2 2 200 11 2559 3364 2557
5016 2 2 200 11 1326 1328 1327
5017 2 2 200 11 1490 4155 1296
5018 2 2 200 11 2553 4185 2550
5019 2 2 200 11 2185 4035 1935
5020 2 2 200 11 4333 4335 4334
5021 2 2 200 11 2530 2977 2531
5022 2 2 200 11 3979 4065 2696
5023 2 2 200 11 1235 4503 1604
5024 2 2 200 11 1324 1326 1325
5025 2 2 200 11 1103 1105 1104
5026 2 2 200 11 3946 4236 3053
5027 2 2 200 11 2606 4189 2579
5028 2 2 200 11 1795 4271 1965
5029 2 2 200 11 1349 1352 1351
5030 2 2 200 11 1952 2887 2886
5031 2 2 200 11 2686 4051 3036
5032 2 2 200 11 2554 2555 2553
5033 2 2 200 11 1322 1324 1323
5034 2 2 200 11 963 966 965
5035 2 2 200 11 3329 3975 2659
5036 2 2 200 11 1101 1103 1102
5037 2 2 200 11 1549 4781 4126
5038 2 2 200 11 2528 2530 2529
5039 2 2 200 11 3625 3626 3624
5040 2 2 200 11 1771 2027 2026
5041 2 2 200 11 1432 1433 1431
5042 2 2 200 11 2708 4070 3138
5043 2 2 200 11 1320 1322 1321
5044 2 2 200 11 1000 1001 999
5045 2 2 200 11 1099 1101 1100
5046 2 2 200 11 2526 2528 2527
5047 2 2 200 11 1129 1132 1131
5048 2 2 200 11 4618 4623 982
5049 2 2 200 11 2521 2526 2522
5050 2 2 200 11 1045 4479 1047
5051 2 2 200 11 3255 4193 1979
5052 2 2 200 11 403 4935 723
5053 2 2 200 11 4472 4513 1945
5054 2 2 200 11 2570 4460 4081
5055 2 2 200 11 1097 1099 1098
5056 2 2 200 11 2519 2521 2520
5057 2 2 200 11 1318 1320 1319
5058 2 2 200 11 1388 4120 1389
5059 2 2 200 11 3921 4242 1007
5060 2 2 200 11 3441 4076 2669
5061 2 2 200 11 2027 2177 2176
5062 2 2 200 11 2694 4034 3029
5063 2 2 200 11 4281 4620 4278
5064 2 2 200 11 1426 1427 1425
5065 2 2 200 11 2603 2910 2604
5066 2 2 200 11 996 997 995
5067 2 2 200 11 2673 3758 3442
5068 2 2 200 11 1095 1097 1096
5069 2 2 200 11 4092 4389 1807
5070 2 2 200 11 4157 4561 4152
5071 2 2 200 11 2517 2519 2518
5072 2 2 200 11 3113 3115 3114
5073 2 2 200 11 1316 1318 1317
5074 2 2 200 11 1341 1344 1343
5075 2 2 200 11 1093 1095 1094
5076 2 2 200 11 1810 3951 1975
5077 2 2 200 11 1235 1604 1508
5078 2 2 200 11 2601 2603 2602
5079 2 2 200 11 3111 3113 3112
5080 2 2 200 11 1816 3996 1819
5081 2 2 200 11 1314 1316 1315
5082 2 2 200 11 2515 2517 2516
5083 2 2 200 11 2599 2601 2600
5084 2 2 200 11 1143 4284 1146
5085 2 2 200 11 1420 1421 1419
5086 2 2 200 11 1091 1093 1092
5087 2 2 200 11 4147 4260 4146
5088 2 2 200 11 2597 2599 2598
5089 2 2 200 11 4502 4561 4082
5090 2 2 200 11 3308 3309 3018
5091 2 2 200 11 1259 1260 1258
5092 2 2 200 11 1118 1121 1120
5093 2 2 200 11 1272 4478 1274
5094 2 2 200 11 2829 2834 2828
5095 2 2 200 11 2559 4245 3365
5096 2 2 200 11 1312 1314 1313
5097 2 2 200 11 3833 4049 2459
5098 2 2 200 11 2696 2697 2695
5099 2 2 200 11 4172 4632 4614
5100 2 2 200 11 2513 2515 2514
5101 2 2 200 11 2177 4251 2180
5102 2 2 200 11 1416 4147 4146
5103 2 2 200 11 2813 2827 2703
5104 2 2 200 11 2595 2597 2596
5105 2 2 200 11 1698 1923 1922
5106 2 2 200 11 1089 1091 1090
5107 2 2 200 11 1310 1312 1311
5108 2 2 200 11 1333 1336 1335
5109 2 2 200 11 1597 1696 1598
5110 2 2 200 11 2719 4196 2479
5111 2 2 200 11 3147 3163 2714
5112 2 2 200 11 2055 4045 2616
5113 2 2 200 11 2511 2513 2512
5114 2 2 200 11 3109 3111 3110
5115 2 2 200 11 2700 2701 2699
5116 2 2 200 11 1087 1089 1088
5117 2 2 200 11 2509 2511 2510
5118 2 2 200 11 1308 1310 1309
5119 2 2 200 11 990 991 989
5120 2 2 200 11 959 962 961
5121 2 2 200 11 2824 2828 2823
5122 2 2 200 11 2507 2509 2508
5123 2 2 200 11 1582 4258 2627
5124 2 2 200 11 2886 4322 3285
5125 2 2 200 11 990 4069 1621
5126 2 2 200 11 2392 2394 2393
5127 2 2 200 11 3182 4185 2553
5128 2 2 200 11 1085 1087 1086
5129 2 2 200 11 3052 3962 2156
5130 2 2 200 11 2125 4247 2991
5131 2 2 200 11 3914 4520 3037
5132 2 2 200 11 3107 3109 3108
5133 2 2 200 11 2593 2595 2594
5134 2 2 200 11 2399 3048 2397
5135 2 2 200 11 1416 1417 1415
5136 2 2 200 11 1493 4176 4175
5137 2 2 200 11 2388 4267 2390
5138 2 2 200 11 1306 1308 1307
5139 2 2 200 11 2505 2507 2506
5140 2 2 200 11 1349 4282 1352
5141 2 2 200 11 966 4471 4198
5142 2 2 200 11 3105 3107 3106
5143 2 2 200 11 2015 2016 1721
5144 2 2 200 11 1589 4120 1388
5145 2 2 200 11 1618 1828 1795
5146 2 2 200 11 2670 4241 2673
5147 2 2 200 11 1083 1085 1084
5148 2 2 200 11 4761 4768 3135
5149 2 2 200 11 2591 2593 2592
5150 2 2 200 11 1250 4292 1509
5151 2 2 200 11 3103 3105 3104
5152 2 2 200 11 2851 3917 3384
5153 2 2 200 11 2822 2823 2821
5154 2 2 200 11 1412 1413 1411
5155 2 2 200 11 2688 2689 2687
5156 2 2 200 11 1374 4158 1375
5157 2 2 200 11 2100 2727 1962
5158 2 2 200 11 1304 1306 1305
5159 2 2 200 11 1749 1750 1714
5160 2 2 200 11 2713 2714 2712
5161 2 2 200 11 2589 2591 2590
5162 2 2 200 11 2503 2505 2504
5163 2 2 200 11 1081 1083 1082
5164 2 2 200 11 1720 4324 1575
5165 2 2 200 11 2694 2695 2693
5166 2 2 200 11 1426 3983 1616
5167 2 2 200 11 3958 3959 2649
5168 2 2 200 11 1408 1409 1407
5169 2 2 200 11 3101 3103 3102
5170 2 2 200 11 2647 2648 2646
5171 2 2 200 11 2819 2821 2818
5172 2 2 200 11 4028 4029 4027
5173 2 2 200 11 2554 2556 2555
5174 2 2 200 11 2651 2652 2650
5175 2 2 200 11 2709 2710 2235
5176 2 2 200 11 986 987 985
5177 2 2 200 11 2587 2589 2588
5178 2 2 200 11 1458 4273 2723
5179 2 2 200 11 2565 3820 2563
5180 2 2 200 11 1302 1304 1303
5181 2 2 200 11 2817 2818 2816
5182 2 2 200 11 1614 2458 1769
5183 2 2 200 11 1079 1081 1080
5184 2 2 200 11 3879 3880 3877
5185 2 2 200 11 2585 2587 2586
5186 2 2 200 11 2173 2174 1893
5187 2 2 200 11 2501 2503 2502
5188 2 2 200 11 959 4305 962
5189 2 2 200 11 2459 4049 2962
5190 2 2 200 11 2739 2742 2741
5191 2 2 200 11 1923 1980 1979
5192 2 2 200 11 1300 1302 1301
5193 2 2 200 11 2866 2867 1955
5194 2 2 200 11 2583 2585 2584
5195 2 2 200 11 2815 2816 2814
5196 2 2 200 11 1077 1079 1078
5197 2 2 200 11 3099 3101 3100
5198 2 2 200 11 2680 2681 2121
5199 2 2 200 11 1000 4055 1612
5200 2 2 200 11 2660 2662 2661
5201 2 2 200 11 1250 1509 1252
5202 2 2 200 11 2499 2501 2500
5203 2 2 200 11 1980 3020 2311
5204 2 2 200 11 1624 4317 3077
5205 2 2 200 11 4247 4248 2991
5206 2 2 200 11 1724 1837 1587
5207 2 2 200 11 3258 4183 2038
5208 2 2 200 11 1610 2455 1744
5209 2 2 200 11 2725 4325 1840
5210 2 2 200 11 1404 1405 1403
5211 2 2 200 11 1249 4292 1250
5212 2 2 200 11 2668 2670 2669
5213 2 2 200 11 1298 1300 1299
5214 2 2 200 11 2810 2814 2809
5215 2 2 200 11 2581 2583 2582
5216 2 2 200 11 2497 2499 2498
5217 2 2 200 11 4079 4680 3065
5218 2 2 200 11 3277 4197 2006
5219 2 2 200 11 2022 2023 1715
5220 2 2 200 11 4550 4637 3814
5221 2 2 200 11 3097 3099 3098
5222 2 2 200 11 1075 1077 1076
5223 2 2 200 11 2495 2497 2496
5224 2 2 200 11 2139 2140 2102
5225 2 2 200 11 1892 1893 1839
5226 2 2 200 11 2686 2687 2685
5227 2 2 200 11 982 983 981
5228 2 2 200 11 1591 4158 1374
5229 2 2 200 11 1400 1401 1399
5230 2 2 200 11 2664 2666 2665
5231 2 2 200 11 2101 2102 2016
5232 2 2 200 11 1436 4053 1608
5233 2 2 200 11 1296 1298 1297
5234 2 2 200 11 2579 2581 2580
5235 2 2 200 11 1244 4342 1246
5236 2 2 200 11 1361 4303 1364
5237 2 2 200 11 3095 3097 3096
5238 2 2 200 11 2808 2809 2807
5239 2 2 200 11 2573 2575 2574
5240 2 2 200 11 1073 1075 1074
5241 2 2 200 11 1294 1296 1295
5242 2 2 200 11 1918 2010 2009
5243 2 2 200 11 2493 2495 2494
5244 2 2 200 11 2708 3017 2707
5245 2 2 200 11 978 979 977
5246 2 2 200 11 1836 4229 2942
5247 2 2 200 11 1396 1397 1395
5248 2 2 200 11 2634 3876 2633
5249 2 2 200 11 3058 4479 4365
5250 2 2 200 11 3093 3095 3094
5251 2 2 200 11 1006 3961 3922
5252 2 2 200 11 1828 1918 1917
5253 2 2 200 11 4046 4331 1580
5254 2 2 200 11 2797 2798 2796
5255 2 2 200 11 1071 1073 1072
5256 2 2 200 11 2548 2550 2549
5257 2 2 200 11 3091 3093 3092
5258 2 2 200 11 2049 4224 3032
5259 2 2 200 11 1292 1294 1293
5260 2 2 200 11 2477 2571 2570
5261 2 2 200 11 2125 2991 2990
5262 2 2 200 11 2577 2579 2578
5263 2 2 200 11 4226 4281 1396
5264 2 2 200 11 1388 1389 1387
5265 2 2 200 11 2806 2807 2805
5266 2 2 200 11 2491 2493 2492
5267 2 2 200 11 1069 1071 1070
5268 2 2 200 11 2483 2485 2484
5269 2 2 200 11 1601 2621 1603
5270 2 2 200 11 1997 4435 2709
5271 2 2 200 11 3089 3091 3090
5272 2 2 200 11 2458 3833 2459
5273 2 2 200 11 2575 2577 2576
5274 2 2 200 11 2278 2279 2277
5275 2 2 200 11 1582 2627 1584
5276 2 2 200 11 1392 1393 1391
5277 2 2 200 11 1286 1288 1287
5278 2 2 200 11 2120 2121 2119
5279 2 2 200 11 2801 2805 2800
5280 2 2 200 11 2658 2660 2659
5281 2 2 200 11 1067 1069 1068
5282 2 2 200 11 3208 4194 2098
5283 2 2 200 11 2489 2491 2490
5284 2 2 200 11 3164 4724 4698
5285 2 2 200 11 2799 2800 2798
5286 2 2 200 11 1290 1292 1291
5287 2 2 200 11 972 973 971
5288 2 2 200 11 4040 4332 1578
5289 2 2 200 11 1838 1839 1837
5290 2 2 200 11 2546 2548 2547
5291 2 2 200 11 2561 2563 2560
5292 2 2 200 11 1288 1290 1289
5293 2 2 200 11 1699 1716 1571
5294 2 2 200 11 1065 1067 1066
5295 2 2 200 11 3062 4536 4497
5296 2 2 200 11 3087 3089 3088
5297 2 2 200 11 2487 2489 2488
5298 2 2 200 11 1333 4293 1336
5299 2 2 200 11 2485 2487 2486
5300 2 2 200 11 1806 2051 2050
5301 2 2 200 11 2455 3832 2456
5302 2 2 200 11 1063 1065 1064
5303 2 2 200 11 4125 4403 1799
5304 2 2 200 11 1701 4331 1940
5305 2 2 200 11 2028 3802 2023
5306 2 2 200 11 2626 2643 2624
5307 2 2 200 11 1057 1059 1058
5308 2 2 200 11 3085 3087 3086
5309 2 2 200 11 1841 4323 3078
5310 2 2 200 11 958 4305 959
5311 2 2 200 11 1890 4333 1891
5312 2 2 200 11 1386 1387 1385
5313 2 2 200 11 4411 4436 3060
5314 2 2 200 11 1356 4207 1357
5315 2 2 200 11 2851 4271 3917
5316 2 2 200 11 1018 3946 3053
5317 2 2 200 11 2181 4057 3350
5318 2 2 200 11 2011 2012 1730
5319 2 2 200 11 1061 1063 1062
5320 2 2 200 11 1576 3817 1756
5321 2 2 200 11 1829 4288 4208
5322 2 2 200 11 3083 3085 3084
5323 2 2 200 11 978 4279 979
5324 2 2 200 11 1690 4332 1821
5325 2 2 200 11 2051 2481 2480
5326 2 2 200 11 1594 4207 1356
5327 2 2 200 11 2244 2245 2232
5328 2 2 200 11 3983 4276 1616
5329 2 2 200 11 2068 2766 2725
5330 2 2 200 11 2974 2975 2639
5331 2 2 200 11 3901 4479 3058
5332 2 2 200 11 1059 1061 1060
5333 2 2 200 11 2462 4265 2546
5334 2 2 200 11 3119 4554 4501
5335 2 2 200 11 2231 2232 2230
5336 2 2 200 11 1246 1249 1248
5337 2 2 200 11 2048 4337 1609
5338 2 2 200 11 1282 1284 1283
5339 2 2 200 11 1024 3945 1574
5340 2 2 200 11 1374 1375 1373
5341 2 2 200 11 2638 2639 2637
5342 2 2 200 11 1037 4289 4092
5343 2 2 200 11 2653 2830 2652
5344 2 2 200 11 1382 1383 1381
5345 2 2 200 11 2229 2230 2228
5346 2 2 200 11 2617 2620 2619
5347 2 2 200 11 4248 4249 2991
5348 2 2 200 11 2223 2224 2222
5349 2 2 200 11 2478 2479 2204
5350 2 2 200 11 1007 4242 1009
5351 2 2 200 11 1937 2467 1831
5352 2 2 200 11 1824 3886 1822
5353 2 2 200 11 1829 4208 1134
5354 2 2 200 11 1378 1379 1377
5355 2 2 200 11 2462 2546 2545
5356 2 2 200 11 1053 1055 1054
5357 2 2 200 11 1165 4544 1168
5358 2 2 200 11 1280 1282 1281
5359 2 2 200 11 2552 2554 2553
5360 2 2 200 11 2227 2228 2226
5361 2 2 200 11 1154 1155 1153
5362 2 2 200 11 2636 2637 2265
5363 2 2 200 11 2056 4324 1720
5364 2 2 200 11 1849 4301 1847
5365 2 2 200 11 1618 4276 1828
5366 2 2 200 11 2717 2718 2479
5367 2 2 200 11 1815 2461 1818
5368 2 2 200 11 2225 2226 2224
5369 2 2 200 11 1134 4208 1135
5370 2 2 200 11 4291 4771 3029
5371 2 2 200 11 1820 2055 2054
5372 2 2 200 11 1051 1053 1052
5373 2 2 200 11 2565 3821 3820
5374 2 2 200 11 3319 4035 2185
5375 2 2 200 11 2264 2265 2065
5376 2 2 200 11 1278 1280 1279
5377 2 2 200 11 4085 4344 1581
5378 2 2 200 11 3393 3394 2184
5379 2 2 200 11 1976 2053 2052
5380 2 2 200 11 1158 1159 1157
5381 2 2 200 11 1368 1369 1367
5382 2 2 200 11 3051 4519 4489
5383 2 2 200 11 973 4268 975
5384 2 2 200 11 2928 2930 2929
5385 2 2 200 11 2179 4251 2177
5386 2 2 200 11 1043 1045 1044
5387 2 2 200 11 3335 4204 4203
5388 2 2 200 11 2055 2615 2614
5389 2 2 200 11 1366 1367 1365
5390 2 2 200 11 3850 3851 3064
5391 2 2 200 11 1049 1051 1050
5392 2 2 200 11 1372 1373 1371
5393 2 2 200 11 2064 2065 2063
5394 2 2 200 11 1449 4496 1451
5395 2 2 200 11 970 971 969
5396 2 2 200 11 1276 1278 1277
5397 2 2 200 11 2880 2882 2881
5398 2 2 200 11 1148 1149 1147
5399 2 2 200 11 1162 1568 1164
5400 2 2 200 11 3900 4606 4590
5401 2 2 200 11 1047 1049 1048
5402 2 2 200 11 2903 2904 2902
5403 2 2 200 11 2062 2063 2061
5404 2 2 200 11 2540 3782 3284
5405 2 2 200 11 2754 4301 1849
5406 2 2 200 11 1045 1047 1046
5407 2 2 200 11 1213 1215 1214
5408 2 2 200 11 2219 2220 2218
5409 2 2 200 11 1695 4344 1898
5410 2 2 200 11 1152 1153 1151
5411 2 2 200 11 1809 2463 1812
5412 2 2 200 11 3914 4219 1340
5413 2 2 200 11 2907 2908 2906
5414 2 2 200 11 2134 2135 2012
5415 2 2 200 11 1142 1143 1141
5416 2 2 200 11 2217 2218 2095
5417 2 2 200 11 3999 4000 2640
5418 2 2 200 11 3041 3042 3040
5419 2 2 200 11 3037 3038 2003
5420 2 2 200 11 4172 4614 2899
5421 2 2 200 11 2060 2061 1983
5422 2 2 200 11 1965 4271 2851
5423 2 2 200 11 955 958 957
5424 2 2 200 11 4316 4580 4168
5425 2 2 200 11 1270 1272 1271
5426 2 2 200 11 2905 2906 2904
5427 2 2 200 11 1364 1365 1363
5428 2 2 200 11 1624 3077 1761
5429 2 2 200 11 2677 2678 2676
5430 2 2 200 11 3075 4513 4472
5431 2 2 200 11 1274 1276 1275
5432 2 2 200 11 1597 1598 946
5433 2 2 200 11 2122 4231 1976
5434 2 2 200 11 1140 1141 1139
5435 2 2 200 11 1039 1041 1040
5436 2 2 200 11 1356 1357 1355
5437 2 2 200 11 3370 3408 3407
5438 2 2 200 11 1819 3996 2246
5439 2 2 200 11 2094 2095 2089
5440 2 2 200 11 1340 4219 1341
5441 2 2 200 11 1146 1147 1145
5442 2 2 200 11 1975 3951 2266
5443 2 2 200 11 1834 3047 1832
5444 2 2 200 11 2461 4265 2462
5445 2 2 200 11 3968 3969 1127
5446 2 2 200 11 2895 2896 2894
5447 2 2 200 11 1033 1035 1034
5448 2 2 200 11 1616 4276 1618
5449 2 2 200 11 3079 3083 3081
5450 2 2 200 11 4104 4296 1983
5451 2 2 200 11 2148 2150 2149
5452 2 2 200 11 2628 2629 2179
5453 2 2 200 11 2899 2900 2898
5454 2 2 200 11 1272 1274 1273
5455 2 2 200 11 1360 1361 1359
5456 2 2 200 11 3395 3396 3394
5457 2 2 200 11 2897 2898 2896
5458 2 2 200 11 1354 1355 1353
5459 2 2 200 11 3623 3625 3624
5460 2 2 200 11 966 967 965
5461 2 2 200 11 1037 1039 1038
5462 2 2 200 11 1841 3078 1843
5463 2 2 200 11 3059 4478 4367
5464 2 2 200 11 4182 4451 2556
5465 2 2 200 11 3368 3370 3369
5466 2 2 200 11 1138 1139 1137
5467 2 2 200 11 944 4439 1597
5468 2 2 200 11 2542 3797 2967
5469 2 2 200 11 1972 2057 2056
5470 2 2 200 11 2388 2390 2389
5471 2 2 200 11 2878 2880 2879
5472 2 2 200 11 1134 1135 1133
5473 2 2 200 11 1035 1037 1036
5474 2 2 200 11 3760 4196 2719
5475 2 2 200 11 1057 4345 1059
5476 2 2 200 11 4285 4325 4297
5477 2 2 200 11 1125 4166 4165
5478 2 2 200 11 1348 1349 1347
5479 2 2 200 11 4034 4291 3029
5480 2 2 200 11 1167 3834 1166
5481 2 2 200 11 1801 2465 1804
5482 2 2 200 11 1926 4247 2125
5483 2 2 200 11 1940 4331 3045
5484 2 2 200 11 1346 1347 1345
5485 2 2 200 11 2616 4045 3231
5486 2 2 200 11 1025 1027 1026
5487 2 2 200 11 1352 1353 1351
5488 2 2 200 11 2472 2655 2475
5489 2 2 200 11 1128 1129 1124
5490 2 2 200 11 1029 1031 1030
5491 2 2 200 11 3263 3264 2935
5492 2 2 200 11 1455 1457 1456
5493 2 2 200 11 1123 1124 1122
5494 2 2 200 11 2631 2634 2633
5495 2 2 200 11 1880 4318 1878
5496 2 2 200 11 2463 3775 2464
5497 2 2 200 11 1027 1029 1028
5498 2 2 200 11 1826 4381 1823
5499 2 2 200 11 1132 1133 1131
5500 2 2 200 11 2390 2392 2391
5501 2 2 200 11 1821 4332 3046
5502 2 2 200 11 2558 2561 2560
5503 2 2 200 11 3909 4478 3059
5504 2 2 200 11 4335 4336 4334
5505 2 2 200 11 1457 1459 1458
5506 2 2 200 11 1340 1341 1339
5507 2 2 200 11 1019 1021 1020
5508 2 2 200 11 3852 4337 2048
5509 2 2 200 11 1934 2059 2058
5510 2 2 200 11 1348 4282 1349
5511 2 2 200 11 1142 4284 1143
5512 2 2 200 11 1266 1268 1267
5513 2 2 200 11 2757 4327 2756
5514 2 2 200 11 1338 1339 1337
5515 2 2 200 11 1982 1983 1884
5516 2 2 200 11 4327 4597 2756
5517 2 2 200 11 3045 3837 2007
5518 2 2 200 11 1344 1345 1343
5519 2 2 200 11 1956 2787 1773
5520 2 2 200 11 962 963 961
5521 2 2 200 11 1447 1449 1448
5522 2 2 200 11 1021 1023 1022
5523 2 2 200 11 1882 3134 1871
5524 2 2 200 11 1117 1118 1114
5525 2 2 200 11 1013 1015 1014
5526 2 2 200 11 2672 4241 2670
5527 2 2 200 11 1113 1114 1112
5528 2 2 200 11 2732 2761 2760
5529 2 2 200 11 1121 1122 1120
5530 2 2 200 11 1696 1925 1697
5531 2 2 200 11 2874 2876 2875
5532 2 2 200 11 2088 2089 1880
5533 2 2 200 11 1451 1453 1452
5534 2 2 200 11 1326 4450 1328
5535 2 2 200 11 2755 2756 2754
5536 2 2 200 11 1111 1112 1110
5537 2 2 200 11 1878 3131 1864
5538 2 2 200 11 972 4351 973
5539 2 2 200 11 1332 1333 1331
5540 2 2 200 11 1449 1451 1450
5541 2 2 200 11 2194 2837 2032
5542 2 2 200 11 2730 2732 2731
5543 2 2 200 11 1264 1266 1265
5544 2 2 200 11 1109 1110 1108
5545 2 2 200 11 2178 2179 2177
5546 2 2 200 11 1015 1017 1016
5547 2 2 200 11 1443 1445 1444
5548 2 2 200 11 2465 3787 2466
5549 2 2 200 11 951 954 953
5550 2 2 200 11 3122 3126 3124
5551 2 2 200 11 2872 2874 2873
5552 2 2 200 11 1336 1337 1335
5553 2 2 200 11 2728 2730 2729
5554 2 2 200 11 1107 1108 1106
5555 2 2 200 11 1330 1331 1329
5556 2 2 200 11 938 1657 940
5557 2 2 200 11 2870 2872 2871
5558 2 2 200 11 2977 3579 2531
5559 2 2 200 11 3030 3927 3852
5560 2 2 200 11 2613 4016 1592
5561 2 2 200 11 1860 3130 1858
5562 2 2 200 11 4273 4474 4254
5563 2 2 200 11 4069 4350 1621
5564 2 2 200 11 2447 3815 2448
5565 2 2 200 11 4252 4471 4395
5566 2 2 200 11 4491 4537 1533
5567 2 2 200 11 2868 2870 2869
5568 2 2 200 11 1007 1009 1008
5569 2 2 200 11 3775 4287 2464
5570 2 2 200 11 2471 4306 1595
5571 2 2 200 11 1105 1106 1104
5572 2 2 200 11 4162 4169 1116
5573 2 2 200 11 1891 4333 2171
5574 2 2 200 11 1328 1329 1327
5575 2 2 200 11 1844 3121 1846
5576 2 2 200 11 4216 4308 2641
5577 2 2 200 11 2781 2782 2780
5578 2 2 200 11 1855 3129 1853
5579 2 2 200 11 4154 4155 1490
5580 2 2 200 11 2530 2531 2529
5581 2 2 200 11 1326 1327 1325
5582 2 2 200 11 3956 3957 2654
5583 2 2 200 11 1437 1439 1438
5584 2 2 200 11 2990 3270 3024
5585 2 2 200 11 1051 4307 4125
5586 2 2 200 11 2634 3877 3876
5587 2 2 200 11 4188 4189 2606
5588 2 2 200 11 1324 1325 1323
5589 2 2 200 11 1698 4350 1923
5590 2 2 200 11 1009 1011 1010
5591 2 2 200 11 1103 1104 1102
5592 2 2 200 11 1898 4344 2635
5593 2 2 200 11 2100 2728 2727
5594 2 2 200 11 2528 2529 2527
5595 2 2 200 11 1001 1003 1002
5596 2 2 200 11 4149 4304 4148
5597 2 2 200 11 1322 1323 1321
5598 2 2 200 11 2526 2527 2522
5599 2 2 200 11 1101 1102 1100
5600 2 2 200 11 1433 1435 1434
5601 2 2 200 11 2783 3164 2782
5602 2 2 200 11 1378 4485 1379
5603 2 2 200 11 1439 1441 1440
5604 2 2 200 11 2521 2522 2520
5605 2 2 200 11 1916 2211 1915
5606 2 2 200 11 2784 4327 2757
5607 2 2 200 11 1099 1100 1098
5608 2 2 200 11 1320 1321 1319
5609 2 2 200 11 951 4302 954
5610 2 2 200 11 2136 3368 3367
5611 2 2 200 11 2910 3747 2604
5612 2 2 200 11 2759 2784 2757
5613 2 2 200 11 1043 4365 1045
5614 2 2 200 11 4279 4618 982
5615 2 2 200 11 2519 2520 2518
5616 2 2 200 11 2603 2604 2602
5617 2 2 200 11 1332 4293 1333
5618 2 2 200 11 2104 2105 1906
5619 2 2 200 11 1003 1005 1004
5620 2 2 200 11 1097 1098 1096
5621 2 2 200 11 1659 4575 1661
5622 2 2 200 11 1613 4257 1611
5623 2 2 200 11 1318 1319 1317
5624 2 2 200 11 2742 4254 4253
5625 2 2 200 11 1427 1429 1428
5626 2 2 200 11 1270 4367 1272
5627 2 2 200 11 1707 2786 1946
5628 2 2 200 11 2866 2868 2867
5629 2 2 200 11 2517 2518 2516
5630 2 2 200 11 1095 1096 1094
5631 2 2 200 11 1772 1773 1637
5632 2 2 200 11 997 999 998
5633 2 2 200 11 2601 2602 2600
5634 2 2 200 11 4010 4011 2613
5635 2 2 200 11 1620 4238 991
5636 2 2 200 11 1262 1264 1263
5637 2 2 200 11 1905 1906 1904
5638 2 2 200 11 3113 3114 3112
5639 2 2 200 11 1316 1317 1315
5640 2 2 200 11 1969 2321 2320
5641 2 2 200 11 2599 2600 2598
5642 2 2 200 11 1093 1094 1092
5643 2 2 200 11 2515 2516 2514
5644 2 2 200 11 1851 2754 1849
5645 2 2 200 11 1314 1315 1313
5646 2 2 200 11 2597 2598 2596
5647 2 2 200 11 4055 4362 1612
5648 2 2 200 11 4395 4471 3061
5649 2 2 200 11 2561 2565 2563
5650 2 2 200 11 2573 2574 2571
5651 2 2 200 11 2513 2514 2512
5652 2 2 200 11 1429 1431 1430
5653 2 2 200 11 1312 1313 1311
5654 2 2 200 11 3111 3112 3110
5655 2 2 200 11 1837 4351 1587
5656 2 2 200 11 1091 1092 1090
5657 2 2 200 11 2551 2552 2550
5658 2 2 200 11 1260 1262 1261
5659 2 2 200 11 3787 4294 2466
5660 2 2 200 11 2829 2841 2834
5661 2 2 200 11 1421 1423 1422
5662 2 2 200 11 1615 4308 1427
5663 2 2 200 11 2392 2393 2391
5664 2 2 200 11 2511 2512 2510
5665 2 2 200 11 2477 2570 2474
5666 2 2 200 11 2595 2596 2594
5667 2 2 200 11 1089 1090 1088
5668 2 2 200 11 1310 1311 1309
5669 2 2 200 11 4026 4028 4027
5670 2 2 200 11 2509 2510 2508
5671 2 2 200 11 1696 1697 1598
5672 2 2 200 11 1614 4362 2458
5673 2 2 200 11 1967 1969 1968
5674 2 2 200 11 991 993 992
5675 2 2 200 11 1087 1088 1086
5676 2 2 200 11 2171 3298 2916
5677 2 2 200 11 2125 2990 2126
5678 2 2 200 11 3132 3133 2066
5679 2 2 200 11 2483 2484 2481
5680 2 2 200 11 1417 1419 1418
5681 2 2 200 11 4278 4652 1400
5682 2 2 200 11 947 4280 950
5683 2 2 200 11 2507 2508 2506
5684 2 2 200 11 1423 1425 1424
5685 2 2 200 11 2824 2829 2828
5686 2 2 200 11 1308 1309 1307
5687 2 2 200 11 1640 2767 1723
5688 2 2 200 11 2593 2594 2592
5689 2 2 200 11 950 4302 951
5690 2 2 200 11 3109 3110 3108
5691 2 2 200 11 2245 2797 2796
5692 2 2 200 11 1844 4341 3121
5693 2 2 200 11 2591 2592 2590
5694 2 2 200 11 1085 1086 1084
5695 2 2 200 11 1286 1287 1284
5696 2 2 200 11 1243 1647 1244
5697 2 2 200 11 2505 2506 2504
5698 2 2 200 11 2701 2703 2702
5699 2 2 200 11 4053 4369 1608
5700 2 2 200 11 993 995 994
5701 2 2 200 11 2697 2699 2698
5702 2 2 200 11 1306 1307 1305
5703 2 2 200 11 3018 4330 3017
5704 2 2 200 11 1806 2050 1803
5705 2 2 200 11 2174 3784 2175
5706 2 2 200 11 3107 3108 3106
5707 2 2 200 11 1413 1415 1414
5708 2 2 200 11 2589 2590 2588
5709 2 2 200 11 1083 1084 1082
5710 2 2 200 11 3105 3106 3104
5711 2 2 200 11 2822 2824 2823
5712 2 2 200 11 2775 2777 2776
5713 2 2 200 11 1209 1211 1210
5714 2 2 200 11 4494 4545 1529
5715 2 2 200 11 2503 2504 2502
5716 2 2 200 11 987 989 988
5717 2 2 200 11 1304 1305 1303
5718 2 2 200 11 2587 2588 2586
5719 2 2 200 11 1590 4364 4159
5720 2 2 200 11 2929 4472 2163
5721 2 2 200 11 3103 3104 3102
5722 2 2 200 11 1610 4369 2455
5723 2 2 200 11 1591 4370 4158
5724 2 2 200 11 2671 2672 2670
5725 2 2 200 11 1081 1082 1080
5726 2 2 200 11 2585 2586 2584
5727 2 2 200 11 1057 1058 1055
5728 2 2 200 11 2501 2502 2500
5729 2 2 200 11 2819 2822 2821
5730 2 2 200 11 1302 1303 1301
5731 2 2 200 11 2617 2619 2615
5732 2 2 200 11 2096 2097 2021
5733 2 2 200 11 2817 2819 2818
5734 2 2 200 11 1079 1080 1078
5735 2 2 200 11 1249 1250 1248
5736 2 2 200 11 1409 1411 1410
5737 2 2 200 11 2583 2584 2582
5738 2 2 200 11 2023 4370 1715
5739 2 2 200 11 3368 4314 3370
5740 2 2 200 11 3101 3102 3100
5741 2 2 200 11 2499 2500 2498
5742 2 2 200 11 3784 3915 3785
5743 2 2 200 11 2815 2817 2816
5744 2 2 200 11 1300 1301 1299
5745 2 2 200 11 1405 1407 1406
5746 2 2 200 11 2154 2155 2097
5747 2 2 200 11 1631 2762 1708
5748 2 2 200 11 2497 2498 2496
5749 2 2 200 11 1077 1078 1076
5750 2 2 200 11 1991 2478 2204
5751 2 2 200 11 2581 2582 2580
5752 2 2 200 11 2726 3761 2672
5753 2 2 200 11 2916 3805 3804
5754 2 2 200 11 1360 4303 1361
5755 2 2 200 11 2810 2815 2814
5756 2 2 200 11 2628 3033 2629
5757 2 2 200 11 1800 4426 1496
5758 2 2 200 11 1903 1904 1691
5759 2 2 200 11 2495 2496 2494
5760 2 2 200 11 2667 2668 2666
5761 2 2 200 11 1575 4324 1519
5762 2 2 200 11 3099 3100 3098
5763 2 2 200 11 1820 2054 1817
5764 2 2 200 11 1298 1299 1297
5765 2 2 200 11 3887 4288 2467
5766 2 2 200 11 2663 2664 2662
5767 2 2 200 11 1765 2826 2083
5768 2 2 200 11 2689 2691 2690
5769 2 2 200 11 1075 1076 1074
5770 2 2 200 11 2579 2580 2578
5771 2 2 200 11 3036 4733 2688
5772 2 2 200 11 1157 4285 1156
5773 2 2 200 11 2808 2810 2809
5774 2 2 200 11 2742 2743 2741
5775 2 2 200 11 2710 2712 2711
5776 2 2 200 11 1401 1403 1402
5777 2 2 200 11 1296 1297 1295
5778 2 2 200 11 1703 1967 1966
5779 2 2 200 11 3339 4231 2122
5780 2 2 200 11 983 985 984
5781 2 2 200 11 3134 4392 1871
5782 2 2 200 11 2493 2494 2492
5783 2 2 200 11 1397 1399 1398
5784 2 2 200 11 3097 3098 3096
5785 2 2 200 11 979 981 980
5786 2 2 200 11 2220 2223 2222
5787 2 2 200 11 1294 1295 1293
5788 2 2 200 11 1073 1074 1072
5789 2 2 200 11 2577 2578 2576
5790 2 2 200 11 2575 2576 2574
5791 2 2 200 11 2887 4322 2886
5792 2 2 200 11 1976 2052 1811
5793 2 2 200 11 3095 3096 3094
5794 2 2 200 11 4477 4481 4335
5795 2 2 200 11 1256 1258 1257
5796 2 2 200 11 2140 2142 2141
5797 2 2 200 11 2691 2693 2692
5798 2 2 200 11 3093 3094 3092
5799 2 2 200 11 2491 2492 2490
5800 2 2 200 11 2136 4440 3368
5801 2 2 200 11 1071 1072 1070
5802 2 2 200 11 2657 2658 2010
5803 2 2 200 11 2397 4240 2394
5804 2 2 200 11 2806 2808 2807
5805 2 2 200 11 1176 1178 1177
5806 2 2 200 11 2089 4318 1880
5807 2 2 200 11 2681 2683 2682
5808 2 2 200 11 3091 3092 3090
5809 2 2 200 11 1393 1395 1394
5810 2 2 200 11 1292 1293 1291
5811 2 2 200 11 1043 1044 1041
5812 2 2 200 11 1069 1070 1068
5813 2 2 200 11 2489 2490 2488
5814 2 2 200 11 3042 3850 3064
5815 2 2 200 11 1952 2886 1951
5816 2 2 200 11 1925 1926 1697
5817 2 2 200 11 1852 1964 1963
5818 2 2 200 11 2313 4481 4477
5819 2 2 200 11 2801 2806 2805
5820 2 2 200 11 1808 4430 1513
5821 2 2 200 11 2900 2903 2902
5822 2 2 200 11 2142 2707 2706
5823 2 2 200 11 2485 2486 2484
5824 2 2 200 11 1290 1291 1289
5825 2 2 200 11 1067 1068 1066
5826 2 2 200 11 2799 2801 2800
5827 2 2 200 11 2797 2799 2798
5828 2 2 200 11 2487 2488 2486
5829 2 2 200 11 3089 3090 3088
5830 2 2 200 11 2791 4346 4227
5831 2 2 200 11 1288 1289 1287
5832 2 2 200 11 1964 3139 2117
5833 2 2 200 11 3131 4387 1864
5834 2 2 200 11 1827 3037 2003
5835 2 2 200 11 1065 1066 1064
5836 2 2 200 11 3038 3041 3040
5837 2 2 200 11 1721 4277 1589
5838 2 2 200 11 4093 4591 1533
5839 2 2 200 11 2683 2685 2684
5840 2 2 200 11 1389 1391 1390
5841 2 2 200 11 2020 2021 1722
5842 2 2 200 11 1568 1699 1571
5843 2 2 200 11 1998 3830 3221
5844 2 2 200 11 2990 3024 2126
5845 2 2 200 11 1270 1271 1268
5846 2 2 200 11 1580 4331 1701
5847 2 2 200 11 3087 3088 3086
5848 2 2 200 11 1063 1064 1062
5849 2 2 200 11 982 4623 983
5850 2 2 200 11 3762 4652 3019
5851 2 2 200 11 4218 4428 1835
5852 2 2 200 11 2388 2389 2182
5853 2 2 200 11 2051 2480 2050
5854 2 2 200 11 1710 4339 1639
5855 2 2 200 11 2470 4298 2472
5856 2 2 200 11 1923 4350 2656
5857 2 2 200 11 2027 2178 2177
5858 2 2 200 11 2393 3021 2779
5859 2 2 200 11 947 950 949
5860 2 2 200 11 2186 2895 2894
5861 2 2 200 11 1578 4332 1690
5862 2 2 200 11 1814 4418 1504
5863 2 2 200 11 958 959 957
5864 2 2 200 11 1033 1034 1031
5865 2 2 200 11 3085 3086 3084
5866 2 2 200 11 2858 3166 1989
5867 2 2 200 11 4580 4621 4168
5868 2 2 200 11 1061 1062 1060
5869 2 2 200 11 2148 2149 2057
5870 2 2 200 11 1383 1385 1384
5871 2 2 200 11 1594 4378 4207
5872 2 2 200 11 1059 1060 1058
5873 2 2 200 11 2014 2315 2013
5874 2 2 200 11 3858 4071 3832
5875 2 2 200 11 1609 4337 1607
5876 2 2 200 11 1972 2056 1720
5877 2 2 200 11 2472 4298 2655
5878 2 2 200 11 975 977 976
5879 2 2 200 11 2717 2720 2718
5880 2 2 200 11 4209 4536 1032
5881 2 2 200 11 2231 2244 2232
5882 2 2 200 11 2552 2562 2554
5883 2 2 200 11 2012 4378 1730
5884 2 2 200 11 2638 2974 2639
5885 2 2 200 11 1988 1989 1763
5886 2 2 200 11 1562 4325 4285
5887 2 2 200 11 1997 2235 2234
5888 2 2 200 11 1282 1283 1281
5889 2 2 200 11 2620 3840 2619
5890 2 2 200 11 2229 2231 2230
5891 2 2 200 11 4167 4621 4166
5892 2 2 200 11 2019 2119 2118
5893 2 2 200 11 2636 2638 2637
5894 2 2 200 11 1379 1381 1380
5895 2 2 200 11 3130 4385 1858
5896 2 2 200 11 2478 2717 2479
5897 2 2 200 11 2945 3179 1994
5898 2 2 200 11 1375 1377 1376
5899 2 2 200 11 4252 4395 1771
5900 2 2 200 11 4301 4379 1847
5901 2 2 200 11 1583 4436 1515
5902 2 2 200 11 2227 2229 2228
5903 2 2 200 11 1779 2019 2018
5904 2 2 200 11 1240 1243 1242
5905 2 2 200 11 3083 3084 3081
5906 2 2 200 11 2225 2227 2226
5907 2 2 200 11 2735 4695 3880
5908 2 2 200 11 1053 1054 1052
5909 2 2 200 11 1541 4514 4443
5910 2 2 200 11 2223 2225 2224
5911 2 2 200 11 1025 1026 1023
5912 2 2 200 11 2055 2614 2054
5913 2 2 200 11 1280 1281 1279
5914 2 2 200 11 1455 1456 1453
5915 2 2 200 11 1951 4402 1925
5916 2 2 200 11 2407 3011 2408
5917 2 2 200 11 2773 2775 2774
5918 2 2 200 11 2264 2636 2265
5919 2 2 200 11 3078 3079 1843
5920 2 2 200 11 2445 2446 2044
5921 2 2 200 11 1496 4345 1057
5922 2 2 200 11 1155 1157 1156
5923 2 2 200 11 4340 4456 2766
5924 2 2 200 11 1934 2058 1752
5925 2 2 200 11 1051 1052 1050
5926 2 2 200 11 1993 1994 1896
5927 2 2 200 11 3129 4384 1853
5928 2 2 200 11 1581 4344 1695
5929 2 2 200 11 2053 2568 2052
5930 2 2 200 11 1278 1279 1277
5931 2 2 200 11 1447 4411 1449
5932 2 2 200 11 3033 4366 2629
5933 2 2 200 11 1246 4342 1249
5934 2 2 200 11 1160 4285 1157
5935 2 2 200 11 1019 1020 1017
5936 2 2 200 11 1940 3045 2007
5937 2 2 200 11 2064 2264 2065
5938 2 2 200 11 2907 2909 2908
5939 2 2 200 11 1369 1371 1370
5940 2 2 200 11 3141 4684 4051
5941 2 2 200 11 3394 4381 2184
5942 2 2 200 11 973 975 974
5943 2 2 200 11 1049 1050 1048
5944 2 2 200 11 3229 3230 2930
5945 2 2 200 11 1045 1046 1044
5946 2 2 200 11 1047 1048 1046
5947 2 2 200 11 2062 2064 2063
5948 2 2 200 11 3235 4402 1951
5949 2 2 200 11 3054 4351 1837
5950 2 2 200 11 2905 2907 2906
5951 2 2 200 11 2903 2905 2904
5952 2 2 200 11 2060 2062 2061
5953 2 2 200 11 1447 1448 1445
5954 2 2 200 11 1762 1763 1644
5955 2 2 200 11 2165 3148 2069
5956 2 2 200 11 1941 1943 1873
5957 2 2 200 11 1013 1014 1011
5958 2 2 200 11 1149 1151 1150
5959 2 2 200 11 1821 3046 2099
5960 2 2 200 11 1276 1277 1275
5961 2 2 200 11 2458 4362 3857
5962 2 2 200 11 1863 1997 1996
5963 2 2 200 11 2217 2219 2218
5964 2 2 200 11 3878 3879 3877
5965 2 2 200 11 4333 4334 3298
5966 2 2 200 11 2648 2651 2650
5967 2 2 200 11 2157 2647 2646
5968 2 2 200 11 2447 2448 2045
5969 2 2 200 11 1777 4257 1613
5970 2 2 200 11 2094 2217 2095
5971 2 2 200 11 3030 3852 2048
5972 2 2 200 11 1634 1779 1778
5973 2 2 200 11 1443 1444 1441
5974 2 2 200 11 2135 2676 2675
5975 2 2 200 11 2897 2899 2898
5976 2 2 200 11 1143 1145 1144
5977 2 2 200 11 1831 4288 1829
5978 2 2 200 11 2895 2897 2896
5979 2 2 200 11 967 969 968
5980 2 2 200 11 1848 1852 1850
5981 2 2 200 11 1557 1563 1562
5982 2 2 200 11 2178 2628 2179
5983 2 2 200 11 1039 1040 1038
5984 2 2 200 11 1895 1896 1668
5985 2 2 200 11 1796 2004 1716
5986 2 2 200 11 2113 2114 1943
5987 2 2 200 11 2150 2538 2149
5988 2 2 200 11 1274 1275 1273
5989 2 2 200 11 1361 1363 1362
5990 2 2 200 11 1357 1359 1358
5991 2 2 200 11 1593 4371 2778
5992 2 2 200 11 1007 1008 1005
5993 2 2 200 11 4227 4388 1635
5994 2 2 200 11 1982 2060 1983
5995 2 2 200 11 2927 2928 2163
5996 2 2 200 11 1272 1273 1271
5997 2 2 200 11 1254 1256 1255
5998 2 2 200 11 209 782 210
5999 2 2 200 11 274 769 275
6000 2 2 200 11 287 777 288
6001 2 2 200 11 70 767 71
6002 2 2 200 11 248 775 249
6003 2 2 200 11 300 781 301
6004 2 2 200 11 196 786 197
6005 2 2 200 11 44 772 45
6006 2 2 200 11 109 768 110
6007 2 2 200 11 235 776 236
6008 2 2 200 11 135 763 136
6009 2 2 200 11 261 765 262
6010 2 2 200 11 83 766 84
6011 2 2 200 11 57 774 58
6012 2 2 200 11 122 771 123
6013 2 2 200 11 148 764 149
6014 2 2 200 11 222 788 223
6015 2 2 200 11 96 780 97
6016 2 2 200 11 1459 4273 1458
6017 2 2 200 11 1437 1438 1435
6018 2 2 200 11 3491 3492 3149
6019 2 2 200 11 2631 4366 2634
6020 2 2 200 11 198 875 199
6021 2 2 200 11 42 876 43
6022 2 2 200 11 120 878 121
6023 2 2 200 11 133 873 134
6024 2 2 200 11 289 874 290
6025 2 2 200 11 276 872 277
6026 2 2 200 11 224 879 225
6027 2 2 200 11 55 870 56
6028 2 2 200 11 94 871 95
6029 2 2 200 11 146 877 147
6030 2 2 200 11 68 883 69
6031 2 2 200 11 250 880 251
6032 2 2 200 11 211 885 212
6033 2 2 200 11 237 882 238
6034 2 2 200 11 81 884 82
6035 2 2 200 11 263 888 264
6036 2 2 200 11 302 887 303
6037 2 2 200 11 107 881 108
6038 2 2 200 11 1188 1189 1187
6039 2 2 200 11 102 778 103
6040 2 2 200 11 89 795 90
6041 2 2 200 11 203 796 204
6042 2 2 200 11 268 793 269
6043 2 2 200 11 255 798 256
6044 2 2 200 11 294 783 295
6045 2 2 200 11 281 794 282
6046 2 2 200 11 242 790 243
6047 2 2 200 11 229 791 230
6048 2 2 200 11 190 784 191
6049 2 2 200 11 63 797 64
6050 2 2 200 11 76 779 77
6051 2 2 200 11 216 787 217
6052 2 2 200 11 115 785 116
6053 2 2 200 11 141 773 142
6054 2 2 200 11 50 792 51
6055 2 2 200 11 154 789 155
6056 2 2 200 11 128 770 129
6057 2 2 200 11 2105 2781 2780
6058 2 2 200 11 2989 3291 2939
6059 2 2 200 11 1035 1036 1034
6060 2 2 200 11 2172 2792 2074
6061 2 2 200 11 1037 1038 1036
6062 2 2 200 11 1898 2635 2043
6063 2 2 200 11 1571 4544 1164
6064 2 2 200 11 1809 4389 2463
6065 2 2 200 11 2088 2094 2089
6066 2 2 200 11 2114 4641 1943
6067 2 2 200 11 2162 2163 1945
6068 2 2 200 11 4497 4536 4211
6069 2 2 200 11 1866 2071 1865
6070 2 2 200 11 1001 1002 999
6071 2 2 200 11 2069 4339 1710
6072 2 2 200 11 185 889 186
6073 2 2 200 11 159 890 160
6074 2 2 200 11 2455 4369 3858
6075 2 2 200 11 1735 1950 1949
6076 2 2 200 11 1135 1137 1136
6077 2 2 200 11 2125 2126 1927
6078 2 2 200 11 1953 2069 1710
6079 2 2 200 11 1458 2723 2722
6080 2 2 200 11 963 965 964
6081 2 2 200 11 2548 2551 2550
6082 2 2 200 11 1593 2778 2067
6083 2 2 200 11 4485 4486 3898
6084 2 2 200 11 112 665 113
6085 2 2 200 11 245 664 246
6086 2 2 200 11 47 656 48
6087 2 2 200 11 232 666 233
6088 2 2 200 11 271 659 272
6089 2 2 200 11 284 657 285
6090 2 2 200 11 99 663 100
6091 2 2 200 11 219 668 220
6092 2 2 200 11 258 662 259
6093 2 2 200 11 60 658 61
6094 2 2 200 11 86 661 87
6095 2 2 200 11 73 660 74
6096 2 2 200 11 206 670 207
6097 2 2 200 11 193 672 194
6098 2 2 200 11 297 655 298
6099 2 2 200 11 151 671 152
6100 2 2 200 11 125 667 126
6101 2 2 200 11 138 669 139
6102 2 2 200 11 239 682 240
6103 2 2 200 11 79 686 80
6104 2 2 200 11 213 678 214
6105 2 2 200 11 105 681 106
6106 2 2 200 11 187 674 188
6107 2 2 200 11 265 685 266
6108 2 2 200 11 92 684 93
6109 2 2 200 11 144 675 145
6110 2 2 200 11 252 683 253
6111 2 2 200 11 157 673 158
6112 2 2 200 11 53 690 54
6113 2 2 200 11 200 676 201
6114 2 2 200 11 226 680 227
6115 2 2 200 11 66 688 67
6116 2 2 200 11 40 692 41
6117 2 2 200 11 131 677 132
6118 2 2 200 11 118 679 119
6119 2 2 200 11 304 691 305
6120 2 2 200 11 291 689 292
6121 2 2 200 11 278 687 279
6122 2 2 200 11 183 694 184
6123 2 2 200 11 161 693 162
6124 2 2 200 11 1433 1434 1431
6125 2 2 200 11 2642 4238 1620
6126 2 2 200 11 1349 1351 1350
6127 2 2 200 11 1029 1030 1028
6128 2 2 200 11 3126 3127 3124
6129 2 2 200 11 3803 4370 2023
6130 2 2 200 11 1027 1028 1026
6131 2 2 200 11 2916 3804 2172
6132 2 2 200 11 4286 4557 3061
6133 2 2 200 11 3121 3122 1846
6134 2 2 200 11 1427 1428 1425
6135 2 2 200 11 1621 4350 1698
6136 2 2 200 11 2390 2391 2389
6137 2 2 200 11 1129 1131 1130
6138 2 2 200 11 997 998 995
6139 2 2 200 11 1926 2125 1927
6140 2 2 200 11 1587 4351 972
6141 2 2 200 11 1947 1948 1742
6142 2 2 200 11 1457 1458 1456
6143 2 2 200 11 2263 2788 1909
6144 2 2 200 11 3419 3420 2788
6145 2 2 200 11 1908 1909 1870
6146 2 2 200 11 1646 1863 1746
6147 2 2 200 11 2938 2939 2072
6148 2 2 200 11 3370 3407 3369
6149 2 2 200 11 1222 1669 1220
6150 2 2 200 11 2059 3035 2058
6151 2 2 200 11 2174 2175 1893
6152 2 2 200 11 2171 2916 2172
6153 2 2 200 11 1636 1735 1734
6154 2 2 200 11 1869 1870 1868
6155 2 2 200 11 1421 1422 1419
6156 2 2 200 11 1260 1261 1258
6157 2 2 200 11 1944 1945 1706
6158 2 2 200 11 1926 4402 4247
6159 2 2 200 11 1021 1022 1020
6160 2 2 200 11 1717 1865 1537
6161 2 2 200 11 1341 1343 1342
6162 2 2 200 11 4285 4297 1156
6163 2 2 200 11 2755 2757 2756
6164 2 2 200 11 1640 4355 2767
6165 2 2 200 11 2056 4497 4211
6166 2 2 200 11 3368 3369 3367
6167 2 2 200 11 2075 2790 2076
6168 2 2 200 11 991 992 989
6169 2 2 200 11 1513 4365 1043
6170 2 2 200 11 3309 4330 3018
6171 2 2 200 11 2770 2773 2771
6172 2 2 200 11 1984 2068 1840
6173 2 2 200 11 1449 1450 1448
6174 2 2 200 11 1451 1452 1450
6175 2 2 200 11 2126 2735 1927
6176 2 2 200 11 1417 1418 1415
6177 2 2 200 11 2758 3259 3247
6178 2 2 200 11 2759 3260 2784
6179 2 2 200 11 1266 1267 1265
6180 2 2 200 11 5294 5375 2257
6181 2 2 200 11 1118 1120 1119
6182 2 2 200 11 1015 1016 1014
6183 2 2 200 11 1413 1414 1411
6184 2 2 200 11 1923 2656 1980
6185 2 2 200 11 987 988 985
6186 2 2 200 11 1612 4362 1614
6187 2 2 200 11 3928 4496 3060
6188 2 2 200 11 1333 1335 1334
6189 2 2 200 11 1839 3054 1837
6190 2 2 200 11 1772 1956 1773
6191 2 2 200 11 2701 2702 2699
6192 2 2 200 11 4725 4736 3128
6193 2 2 200 11 2668 2671 2670
6194 2 2 200 11 1504 4367 1270
6195 2 2 200 11 2697 2698 2695
6196 2 2 200 11 1801 4403 2465
6197 2 2 200 11 1506 2070 1854
6198 2 2 200 11 1252 1254 1253
6199 2 2 200 11 1409 1410 1407
6200 2 2 200 11 1851 2755 2754
6201 2 2 200 11 1856 2075 2024
6202 2 2 200 11 950 951 949
6203 2 2 200 11 1845 1868 1534
6204 2 2 200 11 1741 1742 1667
6205 2 2 200 11 2664 2667 2666
6206 2 2 200 11 2660 2663 2662
6207 2 2 200 11 4221 4555 4223
6208 2 2 200 11 3017 3019 2707
6209 2 2 200 11 2016 4277 1721
6210 2 2 200 11 1859 1867 1861
6211 2 2 200 11 1914 2919 2918
6212 2 2 200 11 2641 4308 1615
6213 2 2 200 11 2481 4316 2480
6214 2 2 200 11 1608 4369 1610
6215 2 2 200 11 3060 4496 4411
6216 2 2 200 11 1009 1010 1008
6217 2 2 200 11 2140 2141 2102
6218 2 2 200 11 1405 1406 1403
6219 2 2 200 11 2877 2878 2876
6220 2 2 200 11 2689 2690 2687
6221 2 2 200 11 2171 4333 3298
6222 2 2 200 11 3604 3606 3605
6223 2 2 200 11 1918 2657 2010
6224 2 2 200 11 1439 1440 1438
6225 2 2 200 11 2781 2783 2782
6226 2 2 200 11 1715 4370 1591
6227 2 2 200 11 2619 4383 2615
6228 2 2 200 11 1401 1402 1399
6229 2 2 200 11 2783 3165 3164
6230 2 2 200 11 2458 3857 3833
6231 2 2 200 11 3963 4412 1645
6232 2 2 200 11 2767 4349 1723
6233 2 2 200 11 1284 4317 1283
6234 2 2 200 11 1264 1265 1263
6235 2 2 200 11 1397 1398 1395
6236 2 2 200 11 1877 3143 1879
6237 2 2 200 11 983 984 981
6238 2 2 200 11 3133 4375 2066
6239 2 2 200 11 1003 1004 1002
6240 2 2 200 11 979 980 977
6241 2 2 200 11 1055 4323 1054
6242 2 2 200 11 1881 3142 1883
6243 2 2 200 11 1905 2104 1906
6244 2 2 200 11 2681 2682 2121
6245 2 2 200 11 1562 4285 1160
6246 2 2 200 11 2629 4366 2631
6247 2 2 200 11 1393 1394 1391
6248 2 2 200 11 2634 3878 3877
6249 2 2 200 11 1981 2973 2972
6250 2 2 200 11 1389 1390 1387
6251 2 2 200 11 1462 4273 1459
6252 2 2 200 11 2077 2100 1962
6253 2 2 200 11 1151 1596 1150
6254 2 2 200 11 2714 2715 2712
6255 2 2 200 11 1545 4751 4129
6256 2 2 200 11 1429 1430 1428
6257 2 2 200 11 1961 1962 1875
6258 2 2 200 11 2455 3858 3832
6259 2 2 200 11 2675 4378 2012
6260 2 2 200 11 2321 3282 2320
6261 2 2 200 11 2710 2711 2235
6262 2 2 200 11 4620 4652 4278
6263 2 2 200 11 3802 3803 2023
6264 2 2 200 11 1643 4373 4237
6265 2 2 200 11 4237 4386 2764
6266 2 2 200 11 2393 2779 2391
6267 2 2 200 11 3784 3785 2175
6268 2 2 200 11 2219 4329 2220
6269 2 2 200 11 2729 4537 2727
6270 2 2 200 11 1903 1905 1904
6271 2 2 200 11 2316 2949 2315
6272 2 2 200 11 3915 3916 3785
6273 2 2 200 11 1969 2320 1968
6274 2 2 200 11 1423 1424 1422
6275 2 2 200 11 3114 3172 3118
6276 2 2 200 11 2480 4316 3896
6277 2 2 200 11 2647 4283 2648
6278 2 2 200 11 2556 4451 2558
6279 2 2 200 11 1842 1875 1554
6280 2 2 200 11 1926 1927 1697
6281 2 2 200 11 973 974 971
6282 2 2 200 11 2171 2172 2074
6283 2 2 200 11 1383 1384 1381
6284 2 2 200 11 1730 4378 1594
6285 2 2 200 11 4223 4394 1633
6286 2 2 200 11 1375 1376 1373
6287 2 2 200 11 2723 2738 2722
6288 2 2 200 11 1031 4341 1030
6289 2 2 200 11 1874 2770 1942
6290 2 2 200 11 1604 1606 1605
6291 2 2 200 11 1379 1380 1377
6292 2 2 200 11 2561 3136 2565
6293 2 2 200 11 2671 2726 2672
6294 2 2 200 11 1967 1968 1966
6295 2 2 200 11 1283 4317 1624
6296 2 2 200 11 1954 1955 1876
6297 2 2 200 11 993 994 992
6298 2 2 200 11 3008 3009 2841
6299 2 2 200 11 2723 2739 2738
6300 2 2 200 11 1023 4347 1022
6301 2 2 200 11 2865 2866 1955
6302 2 2 200 11 1155 1156 1153
6303 2 2 200 11 1760 1876 1553
6304 2 2 200 11 4275 4381 3394
6305 2 2 200 11 1159 1160 1157
6306 2 2 200 11 2127 2132 2114
6307 2 2 200 11 1262 1263 1261
6308 2 2 200 11 2467 4288 1831
6309 2 2 200 11 2703 2704 2702
6310 2 2 200 11 2184 4381 1826
6311 2 2 200 11 1369 1370 1367
6312 2 2 200 11 2745 4459 2747
6313 2 2 200 11 4372 4456 1596
6314 2 2 200 11 4305 4586 3033
6315 2 2 200 11 2869 4545 2867
6316 2 2 200 11 2135 2675 2012
6317 2 2 200 11 2678 4393 2676
6318 2 2 200 11 1149 1150 1147
6319 2 2 200 11 2928 3229 2930
6320 2 2 200 11 1631 4368 2762
6321 2 2 200 11 3245 3388 3009
6322 2 2 200 11 1441 4355 1440
6323 2 2 200 11 3962 4593 3963
6324 2 2 200 11 954 955 953
6325 2 2 200 11 3396 4275 3394
6326 2 2 200 11 1054 4323 1841
6327 2 2 200 11 1143 1144 1141
6328 2 2 200 11 2419 2420 2035
6329 2 2 200 11 967 968 965
6330 2 2 200 11 2142 2706 2141
6331 2 2 200 11 1807 4389 1809
6332 2 2 200 11 1357 1358 1355
6333 2 2 200 11 1250 1252 1251
6334 2 2 200 11 3900 4590 1529
6335 2 2 200 11 2657 3043 2658
6336 2 2 200 11 1431 4368 1430
6337 2 2 200 11 1361 1362 1359
6338 2 2 200 11 2691 2692 2690
6339 2 2 200 11 2693 3227 2692
6340 2 2 200 11 4265 4338 2546
6341 2 2 200 11 1596 3069 1150
6342 2 2 200 11 995 4373 994
6343 2 2 200 11 1776 1840 1564
6344 2 2 200 11 1964 4613 3139
6345 2 2 200 11 2886 3285 3235
6346 2 2 200 11 1353 4315 1351
6347 2 2 200 11 2178 3061 2628
6348 2 2 200 11 2463 3882 3775
6349 2 2 200 11 1135 1136 1133
6350 2 2 200 11 1349 1350 1347
6351 2 2 200 11 2683 2684 2682
6352 2 2 200 11 2685 2952 2684
6353 2 2 200 11 1129 1130 1124
6354 2 2 200 11 4443 4514 3078
6355 2 2 200 11 1403 4310 1402
6356 2 2 200 11 1399 4311 1398
6357 2 2 200 11 2648 4283 2651
6358 2 2 200 11 2182 4328 2059
6359 2 2 200 11 2546 4338 2548
6360 2 2 200 11 2886 3235 1951
6361 2 2 200 11 1964 2117 1963
6362 2 2 200 11 1395 4312 1394
6363 2 2 200 11 1456 4396 1453
6364 2 2 200 11 2463 4389 3882
6365 2 2 200 11 2747 4499 2749
6366 2 2 200 11 2480 3896 3057
6367 2 2 200 11 1799 4403 1801
6368 2 2 200 11 2059 4328 3035
6369 2 2 200 11 2634 4366 3878
6370 2 2 200 11 959 961 960
6371 2 2 200 11 1341 1342 1339
6372 2 2 200 11 985 4309 984
6373 2 2 200 11 1699 1796 1716
6374 2 2 200 11 2777 2932 2776
6375 2 2 200 11 3579 3580 2531
6376 2 2 200 11 1385 1590 1384
6377 2 2 200 11 1020 4397 1017
6378 2 2 200 11 1596 4340 3069
6379 2 2 200 11 1891 2171 2074
6380 2 2 200 11 1118 1119 1114
6381 2 2 200 11 1771 4395 2027
6382 2 2 200 11 2020 2096 2021
6383 2 2 200 11 2119 2202 2118
6384 2 2 200 11 1333 1334 1331
6385 2 2 200 11 2614 3909 3059
6386 2 2 200 11 2019 2118 2018
6387 2 2 200 11 1283 1624 1553
6388 2 2 200 11 1329 1648 1327
6389 2 2 200 11 2465 3884 3787
6390 2 2 200 11 1110 1498 1108
6391 2 2 200 11 2858 3337 3166
6392 2 2 200 11 1014 4398 1011
6393 2 2 200 11 1872 4353 1874
6394 2 2 200 11 3079 3081 3080
6395 2 2 200 11 2529 2532 2527
6396 2 2 200 11 2347 5027 4987
6397 2 2 200 11 3747 3748 2604
6398 2 2 200 11 1779 2018 1778
6399 2 2 200 11 2941 3437 2244
6400 2 2 200 11 1054 1841 1554
6401 2 2 200 11 1988 2858 1989
6402 2 2 200 11 2615 4383 2614
6403 2 2 200 11 2730 2856 2732
6404 2 2 200 11 1993 2945 1994
6405 2 2 200 11 1852 1963 1850
6406 2 2 200 11 1762 1988 1763
6407 2 2 200 11 1145 1619 1144
6408 2 2 200 11 3474 4329 2219
6409 2 2 200 11 1515 4411 1447
6410 2 2 200 11 2520 2533 2518
6411 2 2 200 11 1325 1488 1323
6412 2 2 200 11 1624 1761 1760
6413 2 2 200 11 963 964 961
6414 2 2 200 11 2602 2607 2600
6415 2 2 200 11 2100 3376 2728
6416 2 2 200 11 1371 1593 1370
6417 2 2 200 11 1104 1521 1102
6418 2 2 200 11 1895 1993 1896
6419 2 2 200 11 1377 4319 1376
6420 2 2 200 11 2568 3901 3058
6421 2 2 200 11 1506 4315 2070
6422 2 2 200 11 1243 1244 1242
6423 2 2 200 11 1954 2885 2865
6424 2 2 200 11 2165 3149 3148
6425 2 2 200 11 1098 1528 1096
6426 2 2 200 11 2514 2812 2512
6427 2 2 200 11 1319 1511 1317
6428 2 2 200 11 1499 2733 1334
6429 2 2 200 11 2676 3050 2675
6430 2 2 200 11 2880 2883 2882
6431 2 2 200 11 2096 2154 2097
6432 2 2 200 11 2154 3288 2155
6433 2 2 200 11 1598 4280 946
6434 2 2 200 11 1841 1843 1842
6435 2 2 200 11 2596 2608 2594
6436 2 2 200 11 1852 4549 1964
6437 2 2 200 11 3935 4485 3898
6438 2 2 200 11 1008 4401 1005
6439 2 2 200 11 1961 2921 2077
6440 2 2 200 11 1840 4325 1564
6441 2 2 200 11 2510 2811 2508
6442 2 2 200 11 1500 1871 1119
6443 2 2 200 11 1796 2112 2004
6444 2 2 200 11 1953 2165 2069
6445 2 2 200 11 3229 3236 3230
6446 2 2 200 11 2506 2534 2504
6447 2 2 200 11 1313 1524 1311
6448 2 2 200 11 2538 3890 3062
6449 2 2 200 11 1497 1864 1342
6450 2 2 200 11 2590 2609 2588
6451 2 2 200 11 1092 1544 1090
6452 2 2 200 11 3473 3474 2219
6453 2 2 200 11 2868 2988 2870
6454 2 2 200 11 1088 1649 1086
6455 2 2 200 11 3114 3118 3112
6456 2 2 200 11 2484 4316 2481
6457 2 2 200 11 1619 1847 1144
6458 2 2 200 11 1363 1516 1362
6459 2 2 200 11 4220 4468 1825
6460 2 2 200 11 2571 4460 2570
6461 2 2 200 11 2045 4343 1777
6462 2 2 200 11 3070 3932 2733
6463 2 2 200 11 2050 4426 1803
6464 2 2 200 11 1438 4404 1435
6465 2 2 200 11 975 976 974
6466 2 2 200 11 2584 2610 2582
6467 2 2 200 11 2500 2535 2498
6468 2 2 200 11 2651 2653 2652
6469 2 2 200 11 1307 1527 1305
6470 2 2 200 11 1625 1858 1130
6471 2 2 200 11 1881 1882 1871
6472 2 2 200 11 3785 3786 2175
6473 2 2 200 11 1151 4372 1596
6474 2 2 200 11 2162 2927 2163
6475 2 2 200 11 1866 2072 2071
6476 2 2 200 11 1874 4353 2770
6477 2 2 200 11 2578 2611 2576
6478 2 2 200 11 1506 1853 1350
6479 2 2 200 11 1256 1257 1255
6480 2 2 200 11 1137 1510 1136
6481 2 2 200 11 2614 3059 2054
6482 2 2 200 11 1287 4317 1284
6483 2 2 200 11 3110 3272 3108
6484 2 2 200 11 1950 2839 1949
6485 2 2 200 11 2494 2536 2492
6486 2 2 200 11 1877 1878 1864
6487 2 2 200 11 2829 3008 2841
6488 2 2 200 11 1082 1549 1080
6489 2 2 200 11 2874 2877 2876
6490 2 2 200 11 1301 1526 1299
6491 2 2 200 11 2938 2989 2939
6492 2 2 200 11 1735 1949 1734
6493 2 2 200 11 1510 3074 1136
6494 2 2 200 11 3840 3841 2619
6495 2 2 200 11 1428 4399 1425
6496 2 2 200 11 2782 4698 4665
6497 2 2 200 11 1717 1866 1865
6498 2 2 200 11 1883 1884 1882
6499 2 2 200 11 3188 3189 2889
6500 2 2 200 11 1981 1982 1884
6501 2 2 200 11 3122 3124 3123
6502 2 2 200 11 1058 4323 1055
6503 2 2 200 11 1076 1545 1074
6504 2 2 200 11 2488 2537 2486
6505 2 2 200 11 1944 2162 1945
6506 2 2 200 11 1351 1506 1350
6507 2 2 200 11 2465 4403 3884
6508 2 2 200 11 2822 2825 2824
6509 2 2 200 11 2815 2820 2817
6510 2 2 200 11 1997 2234 1996
6511 2 2 200 11 1291 1655 1289
6512 2 2 200 11 3104 3169 3102
6513 2 2 200 11 3909 4560 1487
6514 2 2 200 11 3232 3333 2076
6515 2 2 200 11 1879 1880 1878
6516 2 2 200 11 1030 1844 1534
6517 2 2 200 11 2480 3057 2050
6518 2 2 200 11 2087 2088 1880
6519 2 2 200 11 1066 1650 1064
6520 2 2 200 11 1131 1625 1130
6521 2 2 200 11 3035 3928 3060
6522 2 2 200 11 2054 4418 1817
6523 2 2 200 11 1295 1522 1293
6524 2 2 200 11 2389 4328 2182
6525 2 2 200 11 2775 2776 2774
6526 2 2 200 11 1908 2263 1909
6527 2 2 200 11 2263 3419 2788
6528 2 2 200 11 1817 4418 1814
6529 2 2 200 11 2478 3894 2717
6530 2 2 200 11 1869 1908 1870
6531 2 2 200 11 1991 4428 2478
6532 2 2 200 11 3098 3117 3096
6533 2 2 200 11 1453 4396 1452
6534 2 2 200 11 1359 4388 1358
6535 2 2 200 11 3139 3140 2117
6536 2 2 200 11 1859 1860 1858
6537 2 2 200 11 1070 1538 1068
6538 2 2 200 11 2918 3209 2017
6539 2 2 200 11 1914 2017 1862
6540 2 2 200 11 1516 1635 1362
6541 2 2 200 11 1017 4397 1016
6542 2 2 200 11 969 1623 968
6543 2 2 200 11 1861 1862 1860
6544 2 2 200 11 2806 2979 2808
6545 2 2 200 11 1593 2066 1370
6546 2 2 200 11 1869 2138 1908
6547 2 2 200 11 2220 4329 2223
6548 2 2 200 11 1343 1497 1342
6549 2 2 200 11 1854 1855 1853
6550 2 2 200 11 2706 3068 2141
6551 2 2 200 11 1022 3119 2724
6552 2 2 200 11 2799 2802 2801
6553 2 2 200 11 1398 4312 1395
6554 2 2 200 11 1034 4341 1031
6555 2 2 200 11 3092 3116 3090
6556 2 2 200 11 2263 3421 3419
6557 2 2 200 11 2024 2025 1857
6558 2 2 200 11 1011 4398 1010
6559 2 2 200 11 2839 2840 1949
6560 2 2 200 11 2568 3058 2052
6561 2 2 200 11 1856 1857 1855
6562 2 2 200 11 1845 1869 1868
6563 2 2 200 11 1062 1541 1060
6564 2 2 200 11 2903 3065 2905
6565 2 2 200 11 1803 4426 1800
6566 2 2 200 11 2671 3146 2726
6567 2 2 200 11 2790 3232 2076
6568 2 2 200 11 1120 1500 1119
6569 2 2 200 11 1542 4532 4473
6570 2 2 200 11 1402 4311 1399
6571 2 2 200 11 2075 2076 2024
6572 2 2 200 11 1844 1846 1845
6573 2 2 200 11 1026 4347 1023
6574 2 2 200 11 1381 4394 1380
6575 2 2 200 11 1406 4310 1403
6576 2 2 200 11 2538 3062 2149
6577 2 2 200 11 1452 1626 1537
6578 2 2 200 11 1005 4401 1004
6579 2 2 200 11 1425 4399 1424
6580 2 2 200 11 2758 2759 2757
6581 2 2 200 11 1444 4355 1441
6582 2 2 200 11 1335 1499 1334
6583 2 2 200 11 1866 2136 2072
6584 2 2 200 11 3035 3060 2058
6585 2 2 200 11 1434 4368 1431
6586 2 2 200 11 3088 3300 3086
6587 2 2 200 11 1835 4428 1991
6588 2 2 200 11 2919 2971 2918
6589 2 2 200 11 2857 2937 1956
6590 2 2 200 11 1794 2082 2081
6591 2 2 200 11 1435 4404 1434
6592 2 2 200 11 2705 4493 3213
6593 2 2 200 11 1283 1553 1281
6594 2 2 200 11 2877 3431 3430
6595 2 2 200 11 1016 1629 1628
6596 2 2 200 11 1054 1554 1052
6597 2 2 200 11 946 4280 947
6598 2 2 200 11 1893 4419 1839
6599 2 2 200 11 988 4309 985
6600 2 2 200 11 4276 4363 1828
6601 2 2 200 11 2638 3238 2974
6602 2 2 200 11 2162 3342 2927
6603 2 2 200 11 2231 2941 2244
6604 2 2 200 11 1048 1533 1046
6605 2 2 200 11 1030 4341 1844
6606 2 2 200 11 998 4373 995
6607 2 2 200 11 3079 3080 1843
6608 2 2 200 11 2225 2233 2227
6609 2 2 200 11 1590 1633 1384
6610 2 2 200 11 2052 4430 1811
6611 2 2 200 11 1273 1651 1271
6612 2 2 200 11 1811 4430 1808
6613 2 2 200 11 1626 1718 1717
6614 2 2 200 11 2060 3287 2062
6615 2 2 200 11 1993 2983 2945
6616 2 2 200 11 2165 3348 3149
6617 2 2 200 11 2064 2917 2264
6618 2 2 200 11 1766 4259 1662
6619 2 2 200 11 1863 1996 1746
6620 2 2 200 11 2973 3290 2972
6621 2 2 200 11 1010 3075 1632
6622 2 2 200 11 2118 2947 2018
6623 2 2 200 11 3120 4464 4424
6624 2 2 200 11 2927 4417 2928
6625 2 2 200 11 2217 3473 2219
6626 2 2 200 11 3841 4383 2619
6627 2 2 200 11 1038 1542 1036
6628 2 2 200 11 1636 1637 1635
6629 2 2 200 11 2699 4406 2698
6630 2 2 200 11 1734 1772 1637
6631 2 2 200 11 1440 1640 1639
6632 2 2 200 11 1848 1849 1847
6633 2 2 200 11 1458 2722 1456
6634 2 2 200 11 1022 2724 1020
6635 2 2 200 11 3122 3123 1846
6636 2 2 200 11 1629 1707 1706
6637 2 2 200 11 3355 3356 2840
6638 2 2 200 11 1707 1946 1944
6639 2 2 200 11 989 4407 988
6640 2 2 200 11 2067 3132 2066
6641 2 2 200 11 1277 1529 1275
6642 2 2 200 11 1430 1630 1428
6643 2 2 200 11 1030 1534 1028
6644 2 2 200 11 1153 4372 1151
6645 2 2 200 11 1850 1851 1849
6646 2 2 200 11 1004 2721 1638
6647 2 2 200 11 1424 1641 1422
6648 2 2 200 11 1961 2077 1962
6649 2 2 200 11 2088 2951 2094
6650 2 2 200 11 1016 1628 1014
6651 2 2 200 11 1925 4402 1926
6652 2 2 200 11 992 4407 989
6653 2 2 200 11 1452 1537 1450
6654 2 2 200 11 2702 4406 2699
6655 2 2 200 11 3177 3582 3165
6656 2 2 200 11 4775 4783 2715
6657 2 2 200 11 961 4313 960
6658 2 2 200 11 1440 1639 1438
6659 2 2 200 11 1010 1632 1008
6660 2 2 200 11 1564 4325 1562
6661 2 2 200 11 2755 2758 2757
6662 2 2 200 11 1004 1638 1002
6663 2 2 200 11 4264 4537 4491
6664 2 2 200 11 3056 4633 2680
6665 2 2 200 11 2136 3367 2938
6666 2 2 200 11 1842 1961 1875
6667 2 2 200 11 1772 2857 1956
6668 2 2 200 11 1430 1631 1630
6669 2 2 200 11 2783 3177 3165
6670 2 2 200 11 3227 3228 2692
6671 2 2 200 11 2684 3274 2682
6672 2 2 200 11 1752 4436 1583
6673 2 2 200 11 1640 1723 1710
6674 2 2 200 11 1723 2033 1953
6675 2 2 200 11 2721 3144 3076
6676 2 2 200 11 1988 2859 2858
6677 2 2 200 11 994 1642 992
6678 2 2 200 11 1903 2924 1905
6679 2 2 200 11 2704 3261 2702
6680 2 2 200 11 951 953 952
6681 2 2 200 11 1424 3072 1641
6682 2 2 200 11 1661 4575 1765
6683 2 2 200 11 2320 3190 1968
6684 2 2 200 11 1531 4721 4683
6685 2 2 200 11 1604 1605 1508
6686 2 2 200 11 2653 2956 2830
6687 2 2 200 11 950 4529 4302
6688 2 2 200 11 1760 1954 1876
6689 2 2 200 11 1445 4464 1444
6690 2 2 200 11 1657 3034 940
6691 2 2 200 11 1022 4347 3119
6692 2 2 200 11 2658 4354 2660
6693 2 2 200 11 2548 4338 2551
6694 2 2 200 11 1697 4376 1598
6695 2 2 200 11 1984 2133 2068
6696 2 2 200 11 3172 3374 3118
6697 2 2 200 11 1380 4319 1377
6698 2 2 200 11 1631 1708 1668
6699 2 2 200 11 1634 1691 1633
6700 2 2 200 11 1708 1995 1895
6701 2 2 200 11 1707 4483 2786
6702 2 2 200 11 955 957 956
6703 2 2 200 11 2983 3403 3402
6704 2 2 200 11 994 1643 1642
6705 2 2 200 11 976 3071 974
6706 2 2 200 11 2732 4380 2761
6707 2 2 200 11 1778 1903 1691
6708 2 2 200 11 3008 3245 3009
6709 2 2 200 11 1954 2865 1955
6710 2 2 200 11 2117 2205 1963
6711 2 2 200 11 2027 4395 2178
6712 2 2 200 11 4263 4407 1642
6713 2 2 200 11 2695 4352 2693
6714 2 2 200 11 2704 3262 3261
6715 2 2 200 11 1619 1848 1847
6716 2 2 200 11 2877 3430 2878
6717 2 2 200 11 1703 1966 1762
6718 2 2 200 11 2676 4393 3050
6719 2 2 200 11 2102 4359 2016
6720 2 2 200 11 1643 1703 1644
6721 2 2 200 11 2739 2741 2740
6722 2 2 200 11 1500 1881 1871
6723 2 2 200 11 1384 4394 1381
6724 2 2 200 11 1499 3070 2733
6725 2 2 200 11 1497 1877 1864
6726 2 2 200 11 1593 2067 2066
6727 2 2 200 11 2687 4356 2685
6728 2 2 200 11 2448 4343 2045
6729 2 2 200 11 1590 1634 1633
6730 2 2 200 11 1828 4363 1918
6731 2 2 200 11 971 4357 969
6732 2 2 200 11 4195 4489 1936
6733 2 2 200 11 1254 1255 1253
6734 2 2 200 11 3203 3204 2166
6735 2 2 200 11 1506 1854 1853
6736 2 2 200 11 1265 1531 1263
6737 2 2 200 11 1625 1859 1858
6738 2 2 200 11 3081 3082 3080
6739 2 2 200 11 1624 1760 1553
6740 2 2 200 11 1507 4637 1463
6741 2 2 200 11 965 4412 964
6742 2 2 200 11 1841 1842 1554
6743 2 2 200 11 1891 2073 1758
6744 2 2 200 11 2983 3402 2945
6745 2 2 200 11 1631 1668 1630
6746 2 2 200 11 1516 1636 1635
6747 2 2 200 11 2721 3076 1638
6748 2 2 200 11 2941 3544 3437
6749 2 2 200 11 1387 4364 1385
6750 2 2 200 11 1881 1883 1882
6751 2 2 200 11 2921 3210 2077
6752 2 2 200 11 2121 4358 2119
6753 2 2 200 11 1634 1778 1691
6754 2 2 200 11 1877 1879 1878
6755 2 2 200 11 2839 3355 2840
6756 2 2 200 11 1640 1710 1639
6757 2 2 200 11 3348 3491 3149
6758 2 2 200 11 1708 1895 1668
6759 2 2 200 11 1777 4343 4257
6760 2 2 200 11 1854 1856 1855
6761 2 2 200 11 1914 2918 2017
6762 2 2 200 11 4297 4456 4372
6763 2 2 200 11 1861 1914 1862
6764 2 2 200 11 1859 1861 1860
6765 2 2 200 11 1623 1645 968
6766 2 2 200 11 1868 4448 1534
6767 2 2 200 11 1626 1717 1537
6768 2 2 200 11 1464 4474 1462
6769 2 2 200 11 2857 3443 2937
6770 2 2 200 11 1856 2024 1857
6771 2 2 200 11 2136 2938 2072
6772 2 2 200 11 1636 1734 1637
6773 2 2 200 11 3232 3476 3333
6774 2 2 200 11 1844 1845 1534
6775 2 2 200 11 1629 1706 1628
6776 2 2 200 11 2758 3247 2759
6777 2 2 200 11 1246 1248 1247
6778 2 2 200 11 3342 3488 2927
6779 2 2 200 11 1643 1644 1642
6780 2 2 200 11 3124 3125 3123
6781 2 2 200 11 1883 1981 1884
6782 2 2 200 11 1723 1953 1710
6783 2 2 200 11 2155 4348 2157
6784 2 2 200 11 2087 4360 2088
6785 2 2 200 11 2885 3299 2865
6786 2 2 200 11 1879 2087 1880
6787 2 2 200 11 1981 2972 1982
6788 2 2 200 11 3021 3855 2779
6789 2 2 200 11 1147 4374 1145
6790 2 2 200 11 1703 1762 1644
6791 2 2 200 11 4435 4578 2709
6792 2 2 200 11 1707 1944 1706
6793 2 2 200 11 2058 4436 1752
6794 2 2 200 11 1848 1850 1849
6795 2 2 200 11 2889 4320 2887
6796 2 2 200 11 2693 4352 3227
6797 2 2 200 11 1362 4388 1359
6798 2 2 200 11 3043 4354 2658
6799 2 2 200 11 1891 2074 2073
6800 2 2 200 11 2234 2236 1996
6801 2 2 200 11 1351 4315 1506
6802 2 2 200 11 1250 1251 1248
6803 2 2 200 11 1394 4452 1391
6804 2 2 200 11 2773 2774 2771
6805 2 2 200 11 4159 4559 3984
6806 2 2 200 11 946 947 945
6807 2 2 200 11 1373 4371 1371
6808 2 2 200 11 2870 4390 2872
6809 2 2 200 11 1391 4452 1390
6810 2 2 200 11 2685 4356 2952
6811 2 2 200 11 2743 2744 2741
6812 2 2 200 11 1825 4468 1827
6813 2 2 200 11 1440 4355 1640
6814 2 2 200 11 964 4313 961
6815 2 2 200 11 980 4457 977
6816 2 2 200 11 4339 4404 1639
6817 2 2 200 11 1558 3799 1184
6818 2 2 200 11 1723 4349 2033
6819 2 2 200 11 4269 4545 4494
6820 2 2 200 11 3959 4713 4300
6821 2 2 200 11 1367 4375 1365
6822 2 2 200 11 1328 4450 4218
6823 2 2 200 11 1141 4379 1139
6824 2 2 200 11 2175 4419 1893
6825 2 2 200 11 944 946 945
6826 2 2 200 11 2722 4396 1456
6827 2 2 200 11 959 960 957
6828 2 2 200 11 1931 4626 2137
6829 2 2 200 11 3423 3424 2236
6830 2 2 200 11 1385 4364 1590
6831 2 2 200 11 2739 2740 2738
6832 2 2 200 11 4653 4668 3899
6833 2 2 200 11 2119 4358 2202
6834 2 2 200 11 1863 4435 1997
6835 2 2 200 11 3288 4348 2155
6836 2 2 200 11 968 4412 965
6837 2 2 200 11 984 4461 981
6838 2 2 200 11 1145 4374 1619
6839 2 2 200 11 951 952 949
6840 2 2 200 11 1627 1652 942
6841 2 2 200 11 2724 4397 1020
6842 2 2 200 11 1133 4382 1131
6843 2 2 200 11 1839 4419 3054
6844 2 2 200 11 938 4587 1657
6845 2 2 200 11 2999 3001 3000
6846 2 2 200 11 2558 4451 2561
6847 2 2 200 11 1646 1722 1645
6848 2 2 200 11 2154 3289 3288
6849 2 2 200 11 2020 2978 2096
6850 2 2 200 11 2234 3423 2236
6851 2 2 200 11 1347 4384 1345
6852 2 2 200 11 3079 4514 3083
6853 2 2 200 11 1628 4398 1014
6854 2 2 200 11 1124 4385 1122
6855 2 2 200 11 1252 1253 1251
6856 2 2 200 11 1606 1783 1757
6857 2 2 200 11 1623 1646 1645
6858 2 2 200 11 1339 4387 1337
6859 2 2 200 11 1331 4391 1329
6860 2 2 200 11 1746 2020 1722
6861 2 2 200 11 1238 4377 4230
6862 2 2 200 11 1941 2113 1943
6863 2 2 200 11 1114 4392 1112
6864 2 2 200 11 947 949 948
6865 2 2 200 11 1430 4368 1631
6866 2 2 200 11 977 4457 976
6867 2 2 200 11 1371 4371 1593
6868 2 2 200 11 3057 4426 2050
6869 2 2 200 11 2614 4383 3909
6870 2 2 200 11 1865 4424 1537
6871 2 2 200 11 1632 4401 1008
6872 2 2 200 11 1646 1746 1722
6873 2 2 200 11 2928 4417 3229
6874 2 2 200 11 2660 4354 2663
6875 2 2 200 11 1168 4544 3827
6876 2 2 200 11 1156 4372 1153
6877 2 2 200 11 1776 1984 1840
6878 2 2 200 11 1856 4422 2075
6879 2 2 200 11 2070 4422 1854
6880 2 2 200 11 2698 4352 2695
6881 2 2 200 11 3830 3831 3221
6882 2 2 200 11 3048 4240 2397
6883 2 2 200 11 3059 4418 2054
6884 2 2 200 11 2728 4400 2730
6885 2 2 200 11 1639 4404 1438
6886 2 2 200 11 994 4373 1643
6887 2 2 200 11 1968 4425 1966
6888 2 2 200 11 3112 4405 3110
6889 2 2 200 11 1914 4423 2919
6890 2 2 200 11 1867 4423 1861
6891 2 2 200 11 969 4357 1623
6892 2 2 200 11 1630 4399 1428
6893 2 2 200 11 1450 4424 1448
6894 2 2 200 11 2478 4428 3894
6895 2 2 200 11 2141 4359 2102
6896 2 2 200 11 2781 4427 2783
6897 2 2 200 11 2932 3271 2776
6898 2 2 200 11 2690 4356 2687
6899 2 2 200 11 4391 4507 1648
6900 2 2 200 11 1735 4596 1950
6901 2 2 200 11 2678 4449 4393
6902 2 2 200 11 981 4461 980
6903 2 2 200 11 1918 4363 2657
6904 2 2 200 11 2817 4408 2819
6905 2 2 200 11 941 944 943
6906 2 2 200 11 2725 4456 4297
6907 2 2 200 11 4104 4595 4296
6908 2 2 200 11 1052 4414 1050
6909 2 2 200 11 2057 4497 2056
6910 2 2 200 11 2016 4359 4277
6911 2 2 200 11 2770 2771 1942
6912 2 2 200 11 1281 4413 1279
6913 2 2 200 11 1255 1536 1253
6914 2 2 200 11 2229 4416 2231
6915 2 2 200 11 1936 4489 2186
6916 2 2 200 11 2682 4358 2121
6917 2 2 200 11 3086 4415 3084
6918 2 2 200 11 1131 4382 1625
6919 2 2 200 11 3058 4430 2052
6920 2 2 200 11 1390 4364 1387
6921 2 2 200 11 2128 2129 1948
6922 2 2 200 11 2157 4348 2647
6923 2 2 200 11 4002 4694 4662
6924 2 2 200 11 955 956 953
6925 2 2 200 11 3812 3813 3811
6926 2 2 200 11 3147 4720 3163
6927 2 2 200 11 1740 4506 4236
6928 2 2 200 11 1981 4431 2973
6929 2 2 200 11 3142 4431 1883
6930 2 2 200 11 2872 4409 2874
6931 2 2 200 11 4374 4492 1619
6932 2 2 200 11 2178 4395 3061
6933 2 2 200 11 4345 4463 1059
6934 2 2 200 11 2088 4360 2951
6935 2 2 200 11 3261 4406 2702
6936 2 2 200 11 1150 4374 1147
6937 2 2 200 11 1642 4407 992
6938 2 2 200 11 1927 4376 1697
6939 2 2 200 11 1890 4477 4335
6940 2 2 200 11 1171 4490 1170
6941 2 2 200 11 1538 4706 4150
6942 2 2 200 11 2801 4420 2806
6943 2 2 200 11 1244 1246 1245
6944 2 2 200 11 1376 4371 1373
6945 2 2 200 11 1994 4453 1896
6946 2 2 200 11 4579 4605 3952
6947 2 2 200 11 974 4357 971
6948 2 2 200 11 3090 4421 3088
6949 2 2 200 11 2313 4482 4481
6950 2 2 200 11 1452 4396 1626
6951 2 2 200 11 4264 4491 4414
6952 2 2 200 11 4789 4818 1894
6953 2 2 200 11 2724 4483 4397
6954 2 2 200 11 4272 4672 2713
6955 2 2 200 11 1016 4397 1629
6956 2 2 200 11 1875 4414 1554
6957 2 2 200 11 1633 4394 1384
6958 2 2 200 11 1563 1564 1562
6959 2 2 200 11 1192 1193 1191
6960 2 2 200 11 1370 4375 1367
6961 2 2 200 11 3488 4417 2927
6962 2 2 200 11 1563 1774 1564
6963 2 2 200 11 4317 4438 3077
6964 2 2 200 11 1010 4398 3075
6965 2 2 200 11 2100 4444 3376
6966 2 2 200 11 2574 4460 2571
6967 2 2 200 11 1876 4413 1553
6968 2 2 200 11 2561 4451 3136
6969 2 2 200 11 4473 4532 3121
6970 2 2 200 11 1144 4379 1141
6971 2 2 200 11 1776 2183 1984
6972 2 2 200 11 1004 4401 2721
6973 2 2 200 11 947 948 945
6974 2 2 200 11 1635 4388 1362
6975 2 2 200 11 1656 4570 4526
6976 2 2 200 11 2077 4444 2100
6977 2 2 200 11 4297 4372 1156
6978 2 2 200 11 2856 4380 2732
6979 2 2 200 11 4240 4636 3021
6980 2 2 200 11 4541 4542 2109
6981 2 2 200 11 3060 4436 2058
6982 2 2 200 11 4269 4494 4413
6983 2 2 200 11 1289 4438 1287
6984 2 2 200 11 1424 4399 3072
6985 2 2 200 11 1598 4376 4280
6986 2 2 200 11 1136 4382 1133
6987 2 2 200 11 1848 4492 1852
6988 2 2 200 11 1699 2042 1796
6989 2 2 200 11 3037 4520 3038
6990 2 2 200 11 2735 4376 1927
6991 2 2 200 11 1919 2192 2191
6992 2 2 200 11 2733 4507 4391
6993 2 2 200 11 2044 4506 1740
6994 2 2 200 11 4292 4743 3136
6995 2 2 200 11 3926 4535 3034
6996 2 2 200 11 1448 4464 1445
6997 2 2 200 11 1350 4384 1347
6998 2 2 200 11 2264 4434 2636
6999 2 2 200 11 3786 4419 2175
7000 2 2 200 11 1130 4385 1124
7001 2 2 200 11 1247 1656 1245
7002 2 2 200 11 2132 3399 3181
7003 2 2 200 11 1890 1891 1758
7004 2 2 200 11 2716 4553 4263
7005 2 2 200 11 3122 4532 3126
7006 2 2 200 11 2113 2127 2114
7007 2 2 200 11 1342 4387 1339
7008 2 2 200 11 1334 4391 1331
7009 2 2 200 11 1060 4443 1058
7010 2 2 200 11 1329 4391 1648
7011 2 2 200 11 4629 4635 1599
7012 2 2 200 11 1119 4392 1114
7013 2 2 200 11 1235 1508 1236
7014 2 2 200 11 2988 4390 2870
7015 2 2 200 11 4323 4443 3078
7016 2 2 200 11 4397 4483 1629
7017 2 2 200 11 3069 4374 1150
7018 2 2 200 11 3376 4400 2728
7019 2 2 200 11 1774 1776 1564
7020 2 2 200 11 2730 4400 2856
7021 2 2 200 11 2733 4391 1334
7022 2 2 200 11 2143 2144 2131
7023 2 2 200 11 1466 1540 1464
7024 2 2 200 11 3855 4635 4629
7025 2 2 200 11 4515 4562 1516
7026 2 2 200 11 3068 4359 2141
7027 2 2 200 11 1596 4456 4340
7028 2 2 200 11 1540 4474 1464
7029 2 2 200 11 1896 4510 1668
7030 2 2 200 11 3118 4405 3112
7031 2 2 200 11 1689 1794 1793
7032 2 2 200 11 1871 4392 1119
7033 2 2 200 11 2451 2453 2452
7034 2 2 200 11 1847 4379 1144
7035 2 2 200 11 1864 4387 1342
7036 2 2 200 11 932 1577 934
7037 2 2 200 11 1632 4488 4401
7038 2 2 200 11 3080 4445 1843
7039 2 2 200 11 2756 4573 2754
7040 2 2 200 11 1858 4385 1130
7041 2 2 200 11 3110 4405 3272
7042 2 2 200 11 3190 4425 1968
7043 2 2 200 11 1853 4384 1350
7044 2 2 200 11 1229 3027 3026
7045 2 2 200 11 3074 4382 1136
7046 2 2 200 11 4365 4479 1045
7047 2 2 200 11 4367 4478 1272
7048 2 2 200 11 4357 4512 1623
7049 2 2 200 11 2820 4408 2817
7050 2 2 200 11 1843 4445 1842
7051 2 2 200 11 2066 4375 1370
7052 2 2 200 11 1761 4446 1760
7053 2 2 200 11 2783 4427 3177
7054 2 2 200 11 1537 4424 1450
7055 2 2 200 11 4198 4471 4252
7056 2 2 200 11 1645 4412 968
7057 2 2 200 11 1554 4414 1052
7058 2 2 200 11 1673 1674 1672
7059 2 2 200 11 3123 4442 1846
7060 2 2 200 11 1553 4413 1281
7061 2 2 200 11 1954 4446 2885
7062 2 2 200 11 1827 4468 3037
7063 2 2 200 11 1196 1197 1195
7064 2 2 200 11 1854 4422 1856
7065 2 2 200 11 2024 4441 2025
7066 2 2 200 11 2231 4416 2941
7067 2 2 200 11 1861 4423 1914
7068 2 2 200 11 1772 4437 2857
7069 2 2 200 11 1244 1245 1242
7070 2 2 200 11 3300 4415 3086
7071 2 2 200 11 1961 4445 2921
7072 2 2 200 11 1846 4442 1845
7073 2 2 200 11 1734 4437 1772
7074 2 2 200 11 2806 4420 2979
7075 2 2 200 11 1650 4653 3899
7076 2 2 200 11 2802 4420 2801
7077 2 2 200 11 999 4528 998
7078 2 2 200 11 1903 4429 2924
7079 2 2 200 11 3274 4358 2682
7080 2 2 200 11 1778 4429 1903
7081 2 2 200 11 3116 4421 3090
7082 2 2 200 11 1995 4432 1895
7083 2 2 200 11 1718 4440 1717
7084 2 2 200 11 2874 4409 2877
7085 2 2 200 11 1522 4921 3776
7086 2 2 200 11 1757 1890 1758
7087 2 2 200 11 2018 4429 1778
7088 2 2 200 11 1117 4632 4171
7089 2 2 200 11 2852 4862 2751
7090 2 2 200 11 3088 4421 3300
7091 2 2 200 11 1655 4438 1289
7092 2 2 200 11 1646 4512 1863
7093 2 2 200 11 1945 4513 1706
7094 2 2 200 11 4382 4511 1625
7095 2 2 200 11 1966 4433 1762
7096 2 2 200 11 1895 4432 1993
7097 2 2 200 11 4517 4573 1510
7098 2 2 200 11 3069 4492 4374
7099 2 2 200 11 1028 4448 1026
7100 2 2 200 11 2423 2424 2422
7101 2 2 200 11 3333 4441 2076
7102 2 2 200 11 4401 4488 2721
7103 2 2 200 11 3189 4321 4320
7104 2 2 200 11 1653 1654 1652
7105 2 2 200 11 4011 4016 2613
7106 2 2 200 11 1762 4433 1988
7107 2 2 200 11 1036 4473 1034
7108 2 2 200 11 2771 2772 1942
7109 2 2 200 11 1883 4431 1981
7110 2 2 200 11 1869 4442 2138
7111 2 2 200 11 2877 4409 3431
7112 2 2 200 11 2840 4437 1949
7113 2 2 200 11 1866 4440 2136
7114 2 2 200 11 1287 4438 4317
7115 2 2 200 11 1541 4443 1060
7116 2 2 200 11 2947 4429 2018
7117 2 2 200 11 2163 4472 1945
7118 2 2 200 11 2917 4434 2264
7119 2 2 200 11 1973 2313 1783
7120 2 2 200 11 1993 4432 2983
7121 2 2 200 11 1949 4437 1734
7122 2 2 200 11 4694 4728 1521
7123 2 2 200 11 2873 4606 2871
7124 2 2 200 11 1859 4511 1867
7125 2 2 200 11 1872 1873 1656
7126 2 2 200 11 3834 3835 1166
7127 2 2 200 11 1246 1247 1245
7128 2 2 200 11 1870 4554 1868
7129 2 2 200 11 1717 4440 1866
7130 2 2 200 11 1557 1562 1160
7131 2 2 200 11 3071 4357 974
7132 2 2 200 11 1247 1872 1656
7133 2 2 200 11 4390 4409 2872
7134 2 2 200 11 2076 4441 2024
7135 2 2 200 11 1058 4443 4323
7136 2 2 200 11 4328 4552 3929
7137 2 2 200 11 1845 4442 1869
7138 2 2 200 11 1874 1942 1941
7139 2 2 200 11 1988 4433 2859
7140 2 2 200 11 1239 4469 1237
7141 2 2 200 11 3210 4444 2077
7142 2 2 200 11 4425 4433 1966
7143 2 2 200 11 1842 4445 1961
7144 2 2 200 11 1462 4474 4273
7145 2 2 200 11 1363 4515 1516
7146 2 2 200 11 1335 4505 1499
7147 2 2 200 11 1343 4509 1497
7148 2 2 200 11 4370 4486 4158
7149 2 2 200 11 1760 4446 1954
7150 2 2 200 11 1120 4508 1500
7151 2 2 200 11 1534 4448 1028
7152 2 2 200 11 2929 4588 4472
7153 2 2 200 11 1541 4579 3952
7154 2 2 200 11 1542 4473 1036
7155 2 2 200 11 2653 2957 2956
7156 2 2 200 11 4509 4564 1497
7157 2 2 200 11 4320 4322 2887
7158 2 2 200 11 1026 4448 4347
7159 2 2 200 11 1034 4473 4341
7160 2 2 200 11 1137 4517 1510
7161 2 2 200 11 3134 4504 4392
7162 2 2 200 11 1874 1941 1873
7163 2 2 200 11 1872 1874 1873
7164 2 2 200 11 1652 4521 942
7165 2 2 200 11 3131 4505 4387
7166 2 2 200 11 4508 4568 1500
7167 2 2 200 11 2439 2441 2440
7168 2 2 200 11 3228 4454 2692
7169 2 2 200 11 944 945 943
7170 2 2 200 11 1996 4447 1746
7171 2 2 200 11 2113 3321 2127
7172 2 2 200 11 1626 4498 1718
7173 2 2 200 11 4424 4464 1448
7174 2 2 200 11 2692 4454 2690
7175 2 2 200 11 4359 4518 4277
7176 2 2 200 11 3055 4572 4363
7177 2 2 200 11 4341 4473 3121
7178 2 2 200 11 1465 4550 1467
7179 2 2 200 11 3130 4508 4385
7180 2 2 200 11 1746 4447 2020
7181 2 2 200 11 998 4528 4386
7182 2 2 200 11 2095 4599 2089
7183 2 2 200 11 1872 4470 4353
7184 2 2 200 11 3129 4509 4384
7185 2 2 200 11 1050 4491 1048
7186 2 2 200 11 2020 4447 2978
7187 2 2 200 11 1048 4491 1533
7188 2 2 200 11 4277 4518 4120
7189 2 2 200 11 2785 4691 1907
7190 2 2 200 11 4437 4524 2857
7191 2 2 200 11 2186 4489 2895
7192 2 2 200 11 2112 4541 2004
7193 2 2 200 11 3085 4605 3087
7194 2 2 200 11 4505 4569 1499
7195 2 2 200 11 1783 4477 1757
7196 2 2 200 11 1240 1242 1241
7197 2 2 200 11 1110 4504 1498
7198 2 2 200 11 2236 4447 1996
7199 2 2 200 11 4378 4484 4207
7200 2 2 200 11 2740 4609 4581
7201 2 2 200 11 2158 2159 2146
7202 2 2 200 11 1279 4494 1277
7203 2 2 200 11 1277 4494 1529
7204 2 2 200 11 2611 4502 2576
7205 2 2 200 11 1757 4477 1890
7206 2 2 200 11 3226 4984 2300
7207 2 2 200 11 3123 4525 4442
7208 2 2 200 11 4447 4533 2978
7209 2 2 200 11 1251 4470 1248
7210 2 2 200 11 2750 3414 3206
7211 2 2 200 11 1606 1757 1605
7212 2 2 200 11 1200 1201 1199
7213 2 2 200 11 3321 3322 2127
7214 2 2 200 11 1653 1726 1725
7215 2 2 200 11 4411 4496 1449
7216 2 2 200 11 3890 4583 3062
7217 2 2 200 11 3062 4497 2149
7218 2 2 200 11 2110 4592 2439
7219 2 2 200 11 3074 4511 4382
7220 2 2 200 11 3133 4515 4375
7221 2 2 200 11 1629 4483 1707
7222 2 2 200 11 4301 4517 4379
7223 2 2 200 11 2690 4454 4356
7224 2 2 200 11 4015 4541 2112
7225 2 2 200 11 2576 4502 2574
7226 2 2 200 11 3370 4609 3408
7227 2 2 200 11 2149 4497 2057
7228 2 2 200 11 1627 1653 1652
7229 2 2 200 11 1248 4470 1247
7230 2 2 200 11 4155 4649 4156
7231 2 2 200 11 2096 4458 2154
7232 2 2 200 11 2236 4533 4447
7233 2 2 200 11 4414 4491 1050
7234 2 2 200 11 2833 4708 4615
7235 2 2 200 11 3898 4486 3803
7236 2 2 200 11 3153 3154 2040
7237 2 2 200 11 2168 2169 2161
7238 2 2 200 11 4335 4481 4336
7239 2 2 200 11 3071 4512 4357
7240 2 2 200 11 3486 5165 3599
7241 2 2 200 11 2840 4524 4437
7242 2 2 200 11 1112 4504 1110
7243 2 2 200 11 1257 4462 1255
7244 2 2 200 11 2312 4786 3851
7245 2 2 200 11 4413 4494 1279
7246 2 2 200 11 1337 4505 1335
7247 2 2 200 11 3159 4628 2760
7248 2 2 200 11 3034 4439 940
7249 2 2 200 11 4375 4515 1365
7250 2 2 200 11 4387 4505 1337
7251 2 2 200 11 4385 4508 1122
7252 2 2 200 11 4384 4509 1345
7253 2 2 200 11 1179 1182 1181
7254 2 2 200 11 3041 4576 3042
7255 2 2 200 11 4327 4634 4597
7256 2 2 200 11 3068 4518 4359
7257 2 2 200 11 4392 4504 1112
7258 2 2 200 11 1508 4377 1236
7259 2 2 200 11 1122 4508 1120
7260 2 2 200 11 2722 4498 4396
7261 2 2 200 11 1345 4509 1343
7262 2 2 200 11 2978 4458 2096
7263 2 2 200 11 2154 4458 3289
7264 2 2 200 11 1943 4570 1873
7265 2 2 200 11 3604 3605 3602
7266 2 2 200 11 1630 4510 4399
7267 2 2 200 11 4379 4517 1139
7268 2 2 200 11 2721 4488 3144
7269 2 2 200 11 1767 3561 1688
7270 2 2 200 11 2248 3593 1736
7271 2 2 200 11 1909 4501 1870
7272 2 2 200 11 4442 4525 2138
7273 2 2 200 11 1725 1782 1654
7274 2 2 200 11 1636 4562 1735
7275 2 2 200 11 1241 1539 1239
7276 2 2 200 11 4717 4741 3146
7277 2 2 200 11 1757 1758 1605
7278 2 2 200 11 1365 4515 1363
7279 2 2 200 11 3894 4527 2717
7280 2 2 200 11 1656 4526 1245
7281 2 2 200 11 2446 4506 2044
7282 2 2 200 11 2192 3304 2191
7283 2 2 200 11 1219 1220 1217
7284 2 2 200 11 1628 4513 4398
7285 2 2 200 11 4399 4510 3072
7286 2 2 200 11 2574 4502 4460
7287 2 2 200 11 4404 4516 1434
7288 2 2 200 11 2826 3170 2083
7289 2 2 200 11 4396 4498 1626
7290 2 2 200 11 1238 1240 1239
7291 2 2 200 11 1619 4492 1848
7292 2 2 200 11 1727 1728 1674
7293 2 2 200 11 1255 4462 1536
7294 2 2 200 11 4346 4548 1358
7295 2 2 200 11 1216 4487 3600
7296 2 2 200 11 4526 4570 3067
7297 2 2 200 11 2738 4498 2722
7298 2 2 200 11 1353 4548 4315
7299 2 2 200 11 2313 4477 1783
7300 2 2 200 11 1358 4548 1355
7301 2 2 200 11 3803 4486 4370
7302 2 2 200 11 941 943 942
7303 2 2 200 11 1139 4517 1137
7304 2 2 200 11 2675 4484 4378
7305 2 2 200 11 2208 3195 2804
7306 2 2 200 11 3189 4320 2889
7307 2 2 200 11 2773 4673 2775
7308 2 2 200 11 1638 4528 1002
7309 2 2 200 11 3061 4557 2628
7310 2 2 200 11 3067 3936 1539
7311 2 2 200 11 1577 3198 2765
7312 2 2 200 11 2930 4674 2929
7313 2 2 200 11 1877 4564 3143
7314 2 2 200 11 1969 4610 2321
7315 2 2 200 11 1400 4622 1401
7316 2 2 200 11 4398 4513 3075
7317 2 2 200 11 3050 4484 2675
7318 2 2 200 11 1881 4568 3142
7319 2 2 200 11 943 1627 942
7320 2 2 200 11 1887 2803 1889
7321 2 2 200 11 2980 3216 2169
7322 2 2 200 11 3078 4514 3079
7323 2 2 200 11 4230 4700 3156
7324 2 2 200 11 2779 4552 2391
7325 2 2 200 11 2735 4529 4376
7326 2 2 200 11 3932 4507 2733
7327 2 2 200 11 2004 4541 2109
7328 2 2 200 11 1919 2190 1782
7329 2 2 200 11 2253 2254 2252
7330 2 2 200 11 4700 4738 3156
7331 2 2 200 11 3038 4520 3041
7332 2 2 200 11 4464 4577 1444
7333 2 2 200 11 1236 4377 1238
7334 2 2 200 11 941 942 939
7335 2 2 200 11 2895 4519 2897
7336 2 2 200 11 3148 4604 2069
7337 2 2 200 11 4376 4529 4280
7338 2 2 200 11 2191 3389 2190
7339 2 2 200 11 4082 4561 4157
7340 2 2 200 11 1664 4567 3874
7341 2 2 200 11 4720 4730 3163
7342 2 2 200 11 1659 1660 930
7343 2 2 200 11 2389 4552 4328
7344 2 2 200 11 1668 4510 1630
7345 2 2 200 11 1625 4511 1859
7346 2 2 200 11 1919 2191 2190
7347 2 2 200 11 1638 4594 4528
7348 2 2 200 11 3356 4524 2840
7349 2 2 200 11 2717 4527 2720
7350 2 2 200 11 4336 5574 673
7351 2 2 200 11 1706 4513 1628
7352 2 2 200 11 941 4439 944
7353 2 2 200 11 2429 2430 2428
7354 2 2 200 11 4295 4661 2875
7355 2 2 200 11 1434 4516 4368
7356 2 2 200 11 1653 1725 1654
7357 2 2 200 11 4619 4663 2778
7358 2 2 200 11 1623 4512 1646
7359 2 2 200 11 2365 2864 2366
7360 2 2 200 11 1247 4470 1872
7361 2 2 200 11 4627 4658 1995
7362 2 2 200 11 1240 1241 1239
7363 2 2 200 11 1236 1237 1234
7364 2 2 200 11 935 938 937
7365 2 2 200 11 3133 4562 4515
7366 2 2 200 11 4280 4529 950
7367 2 2 200 11 2406 4779 2405
7368 2 2 200 11 4211 4536 4209
7369 2 2 200 11 938 940 939
7370 2 2 200 11 1241 3067 1539
7371 2 2 200 11 940 941 939
7372 2 2 200 11 1725 1919 1782
7373 2 2 200 11 1235 1236 1234
7374 2 2 200 11 1002 4528 999
7375 2 2 200 11 4394 4555 1380
7376 2 2 200 11 2727 4537 4264
7377 2 2 200 11 4407 4553 988
7378 2 2 200 11 1164 4544 1165
7379 2 2 200 11 3033 4586 4366
7380 2 2 200 11 3230 4531 2930
7381 2 2 200 11 945 4476 943
7382 2 2 200 11 4504 4595 1498
7383 2 2 200 11 4339 4516 4404
7384 2 2 200 11 3054 4547 4268
7385 2 2 200 11 1232 1235 1234
7386 2 2 200 11 4489 4519 2895
7387 2 2 200 11 1041 4612 1040
7388 2 2 200 11 4581 4609 4314
7389 2 2 200 11 940 4439 941
7390 2 2 200 11 2772 4475 1942
7391 2 2 200 11 1539 4469 1239
7392 2 2 200 11 4368 4516 2762
7393 2 2 200 11 3291 4690 2939
7394 2 2 200 11 1942 4475 1941
7395 2 2 200 11 4301 4573 4517
7396 2 2 200 11 1941 4475 2113
7397 2 2 200 11 1862 4640 4603
7398 2 2 200 11 2899 4614 2900
7399 2 2 200 11 1455 4635 1457
7400 2 2 200 11 3912 4928 3007
7401 2 2 200 11 3121 4532 3122
7402 2 2 200 11 2857 4524 3443
7403 2 2 200 11 1204 1205 1203
7404 2 2 200 11 2867 4545 4269
7405 2 2 200 11 1236 1238 1237
7406 2 2 200 11 4439 4535 1597
7407 2 2 200 11 4163 4681 4160
7408 2 2 200 11 1168 3827 3825
7409 2 2 200 11 1390 4559 4364
7410 2 2 200 11 3125 4525 3123
7411 2 2 200 11 4000 4728 4001
7412 2 2 200 11 2706 4620 4281
7413 2 2 200 11 1868 4554 4448
7414 2 2 200 11 1650 4579 1064
7415 2 2 200 11 3129 4564 4509
7416 2 2 200 11 2750 3206 2748
7417 2 2 200 11 2537 4580 2486
7418 2 2 200 11 2211 3316 2955
7419 2 2 200 11 1062 4579 1541
7420 2 2 200 11 1465 4637 4550
7421 2 2 200 11 3130 4568 4508
7422 2 2 200 11 2484 4580 4316
7423 2 2 200 11 1355 4548 1353
7424 2 2 200 11 976 4578 3071
7425 2 2 200 11 1182 1561 1183
7426 2 2 200 11 3062 4583 4536
7427 2 2 200 11 3413 4558 2261
7428 2 2 200 11 3131 4569 4505
7429 2 2 200 11 4363 4572 2657
7430 2 2 200 11 1776 4566 2183
7431 2 2 200 11 2780 4663 2106
7432 2 2 200 11 2770 4643 2773
7433 2 2 200 11 2881 4683 2879
7434 2 2 200 11 2779 4629 4552
7435 2 2 200 11 1233 1658 1231
7436 2 2 200 11 1273 4590 1651
7437 2 2 200 11 1533 4591 1046
7438 2 2 200 11 3071 4578 4435
7439 2 2 200 11 1857 4601 1855
7440 2 2 200 11 1862 4603 1860
7441 2 2 200 11 4548 4616 4315
7442 2 2 200 11 948 4476 945
7443 2 2 200 11 1529 4590 1275
7444 2 2 200 11 1536 4565 1253
7445 2 2 200 11 943 4476 1627
7446 2 2 200 11 2707 4620 2706
7447 2 2 200 11 3424 4533 2236
7448 2 2 200 11 2133 4607 2068
7449 2 2 200 11 4448 4554 4347
7450 2 2 200 11 1238 1239 1237
7451 2 2 200 11 4235 4650 2551
7452 2 2 200 11 1251 4565 4470
7453 2 2 200 11 2628 4557 3033
7454 2 2 200 11 2391 4552 2389
7455 2 2 200 11 4340 4549 3069
7456 2 2 200 11 2113 4475 3321
7457 2 2 200 11 1191 4821 1190
7458 2 2 200 11 3089 4668 3091
7459 2 2 200 11 1671 1672 918
7460 2 2 200 11 3786 4618 4279
7461 2 2 200 11 4318 4569 3131
7462 2 2 200 11 1245 4526 1242
7463 2 2 200 11 2578 4600 2611
7464 2 2 200 11 1915 4566 1774
7465 2 2 200 11 2752 3746 3010
7466 2 2 200 11 3027 3889 3026
7467 2 2 200 11 4492 4549 1852
7468 2 2 200 11 2073 4556 1758
7469 2 2 200 11 3420 4716 2788
7470 2 2 200 11 4318 4599 4569
7471 2 2 200 11 1320 4682 1322
7472 2 2 200 11 327 3964 893
7473 2 2 200 11 4364 4559 4159
7474 2 2 200 11 4607 4613 2766
7475 2 2 200 11 988 4553 4309
7476 2 2 200 11 4383 4560 3909
7477 2 2 200 11 2792 4833 3820
7478 2 2 200 11 1268 4645 1267
7479 2 2 200 11 4355 4577 2767
7480 2 2 200 11 4528 4594 4386
7481 2 2 200 11 2269 2271 2270
7482 2 2 200 11 1380 4555 4319
7483 2 2 200 11 3956 4755 952
7484 2 2 200 11 4223 4555 4394
7485 2 2 200 11 4569 4599 3070
7486 2 2 200 11 1229 4522 3027
7487 2 2 200 11 1919 4530 2192
7488 2 2 200 11 1660 4685 930
7489 2 2 200 11 932 4551 1577
7490 2 2 200 11 4263 4553 4407
7491 2 2 200 11 2551 4650 2552
7492 2 2 200 11 4519 4563 2897
7493 2 2 200 11 3069 4549 4492
7494 2 2 200 11 3198 4410 2765
7495 2 2 200 11 2315 3281 2013
7496 2 2 200 11 3034 4535 4439
7497 2 2 200 11 4412 4593 964
7498 2 2 200 11 1408 4741 4149
7499 2 2 200 11 2897 4563 2899
7500 2 2 200 11 938 939 937
7501 2 2 200 11 1605 4556 1508
7502 2 2 200 11 4536 4583 1032
7503 2 2 200 11 4347 4554 3119
7504 2 2 200 11 4358 4543 2202
7505 2 2 200 11 1242 4526 1241
7506 2 2 200 11 2091 2785 1907
7507 2 2 200 11 1185 1188 1187
7508 2 2 200 11 3152 4831 4820
7509 2 2 200 11 4498 4581 1718
7510 2 2 200 11 1577 2765 934
7511 2 2 200 11 4470 4565 4353
7512 2 2 200 11 2086 3293 3292
7513 2 2 200 11 2740 4581 2738
7514 2 2 200 11 1661 1662 1660
7515 2 2 200 11 2903 4614 3065
7516 2 2 200 11 3134 4595 4504
7517 2 2 200 11 2610 4617 2582
7518 2 2 200 11 2439 4592 3306
7519 2 2 200 11 3120 4577 4464
7520 2 2 200 11 3785 4618 3786
7521 2 2 200 11 2965 4696 2402
7522 2 2 200 11 2013 4589 1973
7523 2 2 200 11 4244 4745 4729
7524 2 2 200 11 3841 4560 4383
7525 2 2 200 11 4054 4662 1498
7526 2 2 200 11 4452 4559 1390
7527 2 2 200 11 1741 1947 1742
7528 2 2 200 11 4419 4547 3054
7529 2 2 200 11 2109 4592 2110
7530 2 2 200 11 1516 4562 1636
7531 2 2 200 11 2434 3881 2432
7532 2 2 200 11 1708 4627 1995
7533 2 2 200 11 3835 3895 1166
7534 2 2 200 11 2738 4581 4498
7535 2 2 200 11 4048 4622 3762
7536 2 2 200 11 1900 3830 1899
7537 2 2 200 11 3075 4588 1632
7538 2 2 200 11 2955 4566 1915
7539 2 2 200 11 4244 4729 1648
7540 2 2 200 11 937 4465 936
7541 2 2 200 11 4469 4584 1237
7542 2 2 200 11 1726 4530 1725
7543 2 2 200 11 2211 2955 1915
7544 2 2 200 11 929 932 931
7545 2 2 200 11 4319 4619 1376
7546 2 2 200 11 1718 4581 4314
7547 2 2 200 11 1787 2419 2035
7548 2 2 200 11 1497 4564 1877
7549 2 2 200 11 1394 4633 4452
7550 2 2 200 11 1765 4575 2826
7551 2 2 200 11 2410 2416 2412
7552 2 2 200 11 2657 4572 3043
7553 2 2 200 11 3042 4576 3850
7554 2 2 200 11 4549 4613 1964
7555 2 2 200 11 2129 2143 2131
7556 2 2 200 11 1253 4565 1251
7557 2 2 200 11 3293 3327 3292
7558 2 2 200 11 1500 4568 1881
7559 2 2 200 11 2754 4573 4301
7560 2 2 200 11 2404 4696 2407
7561 2 2 200 11 1885 1886 1658
7562 2 2 200 11 4260 4675 2663
7563 2 2 200 11 1208 1209 1207
7564 2 2 200 11 3492 4658 3149
7565 2 2 200 11 1064 4579 1062
7566 2 2 200 11 3829 4810 1511
7567 2 2 200 11 1499 4569 3070
7568 2 2 200 11 1889 2737 2124
7569 2 2 200 11 2486 4580 2484
7570 2 2 200 11 3786 4547 4419
7571 2 2 200 11 4019 4763 1488
7572 2 2 200 11 2939 4659 2072
7573 2 2 200 11 2737 3346 2124
7574 2 2 200 11 2433 2434 2432
7575 2 2 200 11 1947 2128 1948
7576 2 2 200 11 4141 4710 4144
7577 2 2 200 11 1774 4566 1776
7578 2 2 200 11 1229 3026 1230
7579 2 2 200 11 3274 4543 4358
7580 2 2 200 11 1215 1217 1216
7581 2 2 200 11 1508 4556 4377
7582 2 2 200 11 4339 4604 4516
7583 2 2 200 11 1889 2124 1888
7584 2 2 200 11 4483 4608 2786
7585 2 2 200 11 4542 4592 2109
7586 2 2 200 11 4516 4604 2762
7587 2 2 200 11 1758 4556 1605
7588 2 2 200 11 935 937 936
7589 2 2 200 11 2205 5607 3615
7590 2 2 200 11 1444 4577 4355
7591 2 2 200 11 1241 4526 3067
7592 2 2 200 11 4018 4745 2793
7593 2 2 200 11 2086 2920 1978
7594 2 2 200 11 1651 4645 1271
7595 2 2 200 11 4472 4588 3075
7596 2 2 200 11 2937 4739 4723
7597 2 2 200 11 4151 4844 1524
7598 2 2 200 11 1653 4534 1726
7599 2 2 200 11 4577 4630 2767
7600 2 2 200 11 2238 2239 2194
7601 2 2 200 11 1173 4654 1176
7602 2 2 200 11 460 4722 811
7603 2 2 200 11 1066 4653 1650
7604 2 2 200 11 4371 4619 2778
7605 2 2 200 11 3119 4608 2724
7606 2 2 200 11 2756 4597 4573
7607 2 2 200 11 1538 4653 1068
7608 2 2 200 11 4366 4586 3878
7609 2 2 200 11 3929 4629 1599
7610 2 2 200 11 4296 4595 3134
7611 2 2 200 11 1275 4590 1273
7612 2 2 200 11 1559 1569 1174
7613 2 2 200 11 3281 4589 2013
7614 2 2 200 11 1046 4591 1044
7615 2 2 200 11 2075 4709 2790
7616 2 2 200 11 3076 4610 4594
7617 2 2 200 11 2663 4675 2664
7618 2 2 200 11 3999 4748 1521
7619 2 2 200 11 1725 4530 1919
7620 2 2 200 11 935 936 933
7621 2 2 200 11 4222 4663 4619
7622 2 2 200 11 4457 4578 976
7623 2 2 200 11 3998 4769 4756
7624 2 2 200 11 1233 1885 1658
7625 2 2 200 11 2189 3191 2948
7626 2 2 200 11 2488 4656 2537
7627 2 2 200 11 3157 4853 4846
7628 2 2 200 11 2190 4540 1782
7629 2 2 200 11 1498 4662 1108
7630 2 2 200 11 4169 4731 4170
7631 2 2 200 11 2741 4642 2740
7632 2 2 200 11 926 3184 928
7633 2 2 200 11 1232 1234 1233
7634 2 2 200 11 4594 4610 2764
7635 2 2 200 11 1873 4570 1656
7636 2 2 200 11 2767 4630 4349
7637 2 2 200 11 4346 4616 4548
7638 2 2 200 11 482 650 6
7639 2 2 200 11 7 651 470
7640 2 2 200 11 476 649 477
7641 2 2 200 11 4222 4619 4319
7642 2 2 200 11 3239 3240 2912
7643 2 2 200 11 3916 4623 4618
7644 2 2 200 11 1189 1192 1191
7645 2 2 200 11 4552 4629 3929
7646 2 2 200 11 472 759 473
7647 2 2 200 11 3148 4627 4604
7648 2 2 200 11 1627 4534 1653
7649 2 2 200 11 2144 2158 2146
7650 2 2 200 11 3813 4495 3811
7651 2 2 200 11 2536 4664 2492
7652 2 2 200 11 4568 4603 3142
7653 2 2 200 11 1930 2189 2188
7654 2 2 200 11 3132 4596 3133
7655 2 2 200 11 4564 4601 3143
7656 2 2 200 11 3158 4873 4864
7657 2 2 200 11 474 853 475
7658 2 2 200 11 3963 4593 4412
7659 2 2 200 11 964 4593 4313
7660 2 2 200 11 591 5155 3558
7661 2 2 200 11 1794 2081 1793
7662 2 2 200 11 1404 4622 4048
7663 2 2 200 11 4131 4861 1527
7664 2 2 200 11 1887 1889 1888
7665 2 2 200 11 939 4521 937
7666 2 2 200 11 980 4672 4457
7667 2 2 200 11 3306 3320 2441
7668 2 2 200 11 1709 1930 1929
7669 2 2 200 11 3776 4925 1522
7670 2 2 200 11 1193 1196 1195
7671 2 2 200 11 2788 4702 1909
7672 2 2 200 11 894 3965 18
7673 2 2 200 11 3878 4602 3879
7674 2 2 200 11 4562 4596 1735
7675 2 2 200 11 4130 4881 1526
7676 2 2 200 11 2580 4600 2578
7677 2 2 200 11 2439 3306 2441
7678 2 2 200 11 3076 4594 1638
7679 2 2 200 11 2126 4695 2735
7680 2 2 200 11 479 758 480
7681 2 2 200 11 1212 1213 1211
7682 2 2 200 11 1510 4597 3074
7683 2 2 200 11 2082 2195 2081
7684 2 2 200 11 2159 2168 2161
7685 2 2 200 11 4476 4534 1627
7686 2 2 200 11 4603 4640 3142
7687 2 2 200 11 3952 4605 3085
7688 2 2 200 11 1855 4601 3129
7689 2 2 200 11 1764 1766 1662
7690 2 2 200 11 1887 1888 1886
7691 2 2 200 11 4017 4701 1568
7692 2 2 200 11 3070 4625 3932
7693 2 2 200 11 932 934 933
7694 2 2 200 11 1860 4603 3130
7695 2 2 200 11 3826 4654 1172
7696 2 2 200 11 2871 4606 3900
7697 2 2 200 11 2238 3246 2239
7698 2 2 200 11 1201 1204 1203
7699 2 2 200 11 1485 1517 1486
7700 2 2 200 11 1765 2083 1978
7701 2 2 200 11 1197 1200 1199
7702 2 2 200 11 1973 4589 2313
7703 2 2 200 11 1632 4588 4488
7704 2 2 200 11 4630 4659 4349
7705 2 2 200 11 4501 4608 3119
7706 2 2 200 11 1040 4686 1038
7707 2 2 200 11 4452 4633 3056
7708 2 2 200 11 2238 3385 3246
7709 2 2 200 11 4021 4623 3916
7710 2 2 200 11 1179 4624 1182
7711 2 2 200 11 1536 4643 4565
7712 2 2 200 11 1230 1231 1227
7713 2 2 200 11 1675 3168 1178
7714 2 2 200 11 937 4521 4465
7715 2 2 200 11 3065 4680 2905
7716 2 2 200 11 3120 4630 4577
7717 2 2 200 11 2068 4607 2766
7718 2 2 200 11 3067 4641 3936
7719 2 2 200 11 1678 1694 1693
7720 2 2 200 11 2450 2451 2434
7721 2 2 200 11 2764 4610 1969
7722 2 2 200 11 2584 4687 2610
7723 2 2 200 11 911 3824 908
7724 2 2 200 11 4168 4621 4167
7725 2 2 200 11 3095 4736 3097
7726 2 2 200 11 1170 3834 1167
7727 2 2 200 11 1755 1894 1665
7728 2 2 200 11 3011 4466 2408
7729 2 2 200 11 4586 4602 3878
7730 2 2 200 11 2089 4599 4318
7731 2 2 200 11 3148 4658 4627
7732 2 2 200 11 2000 2001 1894
7733 2 2 200 11 4386 4594 2764
7734 2 2 200 11 1398 4684 4312
7735 2 2 200 11 2137 3363 3362
7736 2 2 200 11 4020 4796 4776
7737 2 2 200 11 2017 4640 1862
7738 2 2 200 11 2108 4546 1738
7739 2 2 200 11 2420 2423 2422
7740 2 2 200 11 1044 4612 1041
7741 2 2 200 11 1104 4694 1521
7742 2 2 200 11 471 3740 472
7743 2 2 200 11 1258 4715 1257
7744 2 2 200 11 942 4521 939
7745 2 2 200 11 2086 3292 2920
7746 2 2 200 11 779 5575 3434
7747 2 2 200 11 1885 1887 1886
7748 2 2 200 11 1230 1232 1231
7749 2 2 200 11 2069 4604 4339
7750 2 2 200 11 4304 4717 2667
7751 2 2 200 11 934 935 933
7752 2 2 200 11 4591 4612 1044
7753 2 2 200 11 2609 4699 2588
7754 2 2 200 11 2791 4616 4346
7755 2 2 200 11 2900 4614 2903
7756 2 2 200 11 2929 4674 4588
7757 2 2 200 11 2193 4538 2238
7758 2 2 200 11 1659 1661 1660
7759 2 2 200 11 1661 1765 1764
7760 2 2 200 11 2667 4717 2668
7761 2 2 200 11 2207 2208 2001
7762 2 2 200 11 1220 4487 1217
7763 2 2 200 11 1232 1233 1231
7764 2 2 200 11 2791 4660 4616
7765 2 2 200 11 3026 4503 1230
7766 2 2 200 11 932 933 931
7767 2 2 200 11 4111 4746 4114
7768 2 2 200 11 2095 4625 4599
7769 2 2 200 11 1401 4622 1404
7770 2 2 200 11 2292 2293 2291
7771 2 2 200 11 2582 4617 2580
7772 2 2 200 11 2313 4589 4482
7773 2 2 200 11 1230 4503 1232
7774 2 2 200 11 2188 2944 1929
7775 2 2 200 11 1070 4706 1538
7776 2 2 200 11 4314 4609 3370
7777 2 2 200 11 2766 4613 4340
7778 2 2 200 11 1225 1229 1227
7779 2 2 200 11 1463 4637 1465
7780 2 2 200 11 3019 4652 4620
7781 2 2 200 11 2744 4642 2741
7782 2 2 200 11 1107 4750 1109
7783 2 2 200 11 3130 4603 4568
7784 2 2 200 11 2580 4617 4600
7785 2 2 200 11 3129 4601 4564
7786 2 2 200 11 3958 4742 956
7787 2 2 200 11 2494 4711 2536
7788 2 2 200 11 1222 1678 1669
7789 2 2 200 11 1531 4705 1263
7790 2 2 200 11 4570 4641 3067
7791 2 2 200 11 3133 4596 4562
7792 2 2 200 11 2760 4628 3066
7793 2 2 200 11 1694 1900 1899
7794 2 2 200 11 2940 3226 2300
7795 2 2 200 11 2426 2429 2428
7796 2 2 200 11 4300 4713 960
7797 2 2 200 11 1959 2029 1960
7798 2 2 200 11 3916 4618 3785
7799 2 2 200 11 960 4713 957
7800 2 2 200 11 4643 4673 2773
7801 2 2 200 11 2724 4608 4483
7802 2 2 200 11 2168 2980 2169
7803 2 2 200 11 3019 4620 2707
7804 2 2 200 11 1232 4503 1235
7805 2 2 200 11 470 3806 471
7806 2 2 200 11 920 1670 922
7807 2 2 200 11 3209 4692 2017
7808 2 2 200 11 4608 4702 2786
7809 2 2 200 11 4573 4597 1510
7810 2 2 200 11 2083 2086 1978
7811 2 2 200 11 1512 4814 4682
7812 2 2 200 11 1219 1221 1220
7813 2 2 200 11 4340 4613 4549
7814 2 2 200 11 4634 4718 1867
7815 2 2 200 11 4171 4632 4172
7816 2 2 200 11 2762 4627 1708
7817 2 2 200 11 4457 4672 4272
7818 2 2 200 11 3209 4714 4692
7819 2 2 200 11 1738 2319 1566
7820 2 2 200 11 4002 4728 4694
7821 2 2 200 11 984 4720 4461
7822 2 2 200 11 4315 4616 2070
7823 2 2 200 11 2071 4630 3120
7824 2 2 200 11 1217 4487 1216
7825 2 2 200 11 2949 4571 2315
7826 2 2 200 11 2787 4660 2791
7827 2 2 200 11 4609 4642 3408
7828 2 2 200 11 2792 4747 4738
7829 2 2 200 11 2980 3217 3216
7830 2 2 200 11 1599 4635 1455
7831 2 2 200 11 4511 4634 1867
7832 2 2 200 11 3048 4636 4240
7833 2 2 200 11 2535 4719 2498
7834 2 2 200 11 3159 4686 4628
7835 2 2 200 11 1267 4721 1265
7836 2 2 200 11 1229 1230 1227
7837 2 2 200 11 4565 4643 4353
7838 2 2 200 11 1376 4619 4371
7839 2 2 200 11 4312 4684 3141
7840 2 2 200 11 4616 4660 2070
7841 2 2 200 11 4493 4869 3213
7842 2 2 200 11 2671 4717 3146
7843 2 2 200 11 2937 4723 1956
7844 2 2 200 11 4708 4726 1226
7845 2 2 200 11 3471 4964 3470
7846 2 2 200 11 1205 1208 1207
7847 2 2 200 11 1545 4725 1074
7848 2 2 200 11 3750 5608 5061
7849 2 2 200 11 4503 4611 1604
7850 2 2 200 11 1709 1741 1667
7851 2 2 200 11 2000 2314 2207
7852 2 2 200 11 1178 4624 1179
7853 2 2 200 11 1176 1675 1178
7854 2 2 200 11 1568 4701 1699
7855 2 2 200 11 3749 4814 3748
7856 2 2 200 11 2768 3763 3453
7857 2 2 200 11 1561 4582 1183
7858 2 2 200 11 4312 4633 1394
7859 2 2 200 11 3191 3340 2948
7860 2 2 200 11 2430 2433 2432
7861 2 2 200 11 2423 3007 2424
7862 2 2 200 11 1237 4584 1234
7863 2 2 200 11 1176 4654 1675
7864 2 2 200 11 4136 4758 4139
7865 2 2 200 11 3145 4769 3997
7866 2 2 200 11 1648 4729 1327
7867 2 2 200 11 1224 4651 4523
7868 2 2 200 11 1666 1667 1561
7869 2 2 200 11 1325 4729 1488
7870 2 2 200 11 4597 4634 3074
7871 2 2 200 11 1271 4645 1268
7872 2 2 200 11 2792 4738 2074
7873 2 2 200 11 1765 1978 1764
7874 2 2 200 11 1218 1219 1217
7875 2 2 200 11 1947 2378 2128
7876 2 2 200 11 2189 2948 2188
7877 2 2 200 11 2740 4642 4609
7878 2 2 200 11 2193 2238 2194
7879 2 2 200 11 3855 4629 2779
7880 2 2 200 11 1747 2836 2090
7881 2 2 200 11 2768 2769 2453
7882 2 2 200 11 1182 1666 1561
7883 2 2 200 11 2590 4734 2609
7884 2 2 200 11 1224 4522 1225
7885 2 2 200 11 2925 2926 2008
7886 2 2 200 11 4604 4627 2762
7887 2 2 200 11 2552 4650 2562
7888 2 2 200 11 2071 4659 4630
7889 2 2 200 11 1218 3171 1677
7890 2 2 200 11 935 4587 938
7891 2 2 200 11 2378 3336 2128
7892 2 2 200 11 1172 4654 1173
7893 2 2 200 11 4127 4796 4128
7894 2 2 200 11 1068 4653 1066
7895 2 2 200 11 4154 4649 4155
7896 2 2 200 11 1402 4733 4311
7897 2 2 200 11 1661 1764 1662
7898 2 2 200 11 3136 4743 2565
7899 2 2 200 11 3142 4640 4431
7900 2 2 200 11 4097 4766 4100
7901 2 2 200 11 1234 4584 1233
7902 2 2 200 11 1212 1664 1663
7903 2 2 200 11 2193 2194 2032
7904 2 2 200 11 931 1659 930
7905 2 2 200 11 1126 4778 3973
7906 2 2 200 11 1930 2188 1929
7907 2 2 200 11 2608 4740 2594
7908 2 2 200 11 545 4956 720
7909 2 2 200 11 929 4551 932
7910 2 2 200 11 4304 4741 4717
7911 2 2 200 11 1943 4641 4570
7912 2 2 200 11 4327 4718 4634
7913 2 2 200 11 4599 4625 3070
7914 2 2 200 11 2315 4571 3281
7915 2 2 200 11 2407 4696 3373
7916 2 2 200 11 1209 1212 1211
7917 2 2 200 11 2875 4661 3856
7918 2 2 200 11 2765 4587 934
7919 2 2 200 11 3171 4818 4789
7920 2 2 200 11 1225 1226 1223
7921 2 2 200 11 3101 4768 3103
7922 2 2 200 11 652 5547 4782
7923 2 2 200 11 2000 2207 2001
7924 2 2 200 11 929 931 930
7925 2 2 200 11 4709 4723 2790
7926 2 2 200 11 2490 4656 2488
7927 2 2 200 11 4813 4819 4068
7928 2 2 200 11 1225 4522 1229
7929 2 2 200 11 2207 2966 2208
7930 2 2 200 11 1470 3812 3811
7931 2 2 200 11 2137 4626 3363
7932 2 2 200 11 4353 4643 2770
7933 2 2 200 11 1108 4662 1106
7934 2 2 200 11 3970 4815 3971
7935 2 2 200 11 3074 4634 4511
7936 2 2 200 11 1182 4624 1666
7937 2 2 200 11 2804 4789 2001
7938 2 2 200 11 4501 4702 4608
7939 2 2 200 11 1215 1218 1217
7940 2 2 200 11 929 930 927
7941 2 2 200 11 4461 4720 3147
7942 2 2 200 11 1709 1929 1741
7943 2 2 200 11 1233 4584 1885
7944 2 2 200 11 4295 4721 4661
7945 2 2 200 11 956 4742 953
7946 2 2 200 11 2378 3343 3336
7947 2 2 200 11 2106 4663 4222
7948 2 2 200 11 2238 4538 3385
7949 2 2 200 11 1520 4865 4750
7950 2 2 200 11 2158 4638 2159
7951 2 2 200 11 1221 1224 1223
7952 2 2 200 11 2208 4585 3195
7953 2 2 200 11 1183 4582 1185
7954 2 2 200 11 1418 4813 4068
7955 2 2 200 11 1521 4748 1102
7956 2 2 200 11 1664 1689 1665
7957 2 2 200 11 1212 1663 1213
7958 2 2 200 11 4588 4674 4488
7959 2 2 200 11 3149 4658 3148
7960 2 2 200 11 2072 4659 2071
7961 2 2 200 11 928 4551 929
7962 2 2 200 11 2168 3199 2980
7963 2 2 200 11 1224 1225 1223
7964 2 2 200 11 2788 4716 4702
7965 2 2 200 11 3492 4676 4658
7966 2 2 200 11 2492 4664 2490
7967 2 2 200 11 1755 2000 1894
7968 2 2 200 11 2500 4752 2535
7969 2 2 200 11 2081 2892 1793
7970 2 2 200 11 1076 4751 1545
7971 2 2 200 11 1689 1793 1755
7972 2 2 200 11 2939 4690 4659
7973 2 2 200 11 2716 4767 4730
7974 2 2 200 11 934 4587 935
7975 2 2 200 11 4311 4733 3036
7976 2 2 200 11 4587 4693 1657
7977 2 2 200 11 1666 1709 1667
7978 2 2 200 11 1414 4800 4066
7979 2 2 200 11 3166 4767 1989
7980 2 2 200 11 3899 4668 3089
7981 2 2 200 11 2070 4660 4422
7982 2 2 200 11 18 3965 19
7983 2 2 200 11 4715 4837 1257
7984 2 2 200 11 1572 4797 3966
7985 2 2 200 11 4628 4686 1040
7986 2 2 200 11 2534 4754 2504
7987 2 2 200 11 3889 4611 3026
7988 2 2 200 11 2159 4638 2168
7989 2 2 200 11 2490 4664 4656
7990 2 2 200 11 2780 4665 4663
7991 2 2 200 11 1098 4756 1528
7992 2 2 200 11 4164 4681 4163
7993 2 2 200 11 2041 3286 3155
7994 2 2 200 11 1185 4582 1188
7995 2 2 200 11 1410 4785 3979
7996 2 2 200 11 1406 4771 4291
7997 2 2 200 11 1658 4615 1231
7998 2 2 200 11 3477 4779 2413
7999 2 2 200 11 1689 1755 1665
8000 2 2 200 11 2041 4631 3286
8001 2 2 200 11 952 4755 949
8002 2 2 200 11 2596 4760 2608
8003 2 2 200 11 2778 4665 2067
8004 2 2 200 11 2017 4692 4640
8005 2 2 200 11 1549 4761 1080
8006 2 2 200 11 1664 1665 1663
8007 2 2 200 11 1479 4765 1478
8008 2 2 200 11 1208 4567 1209
8009 2 2 200 11 1407 4771 1406
8010 2 2 200 11 1221 1222 1220
8011 2 2 200 11 1512 4682 1320
8012 2 2 200 11 2768 3453 2769
8013 2 2 200 11 2607 4762 2600
8014 2 2 200 11 2433 2450 2434
8015 2 2 200 11 1488 4763 1323
8016 2 2 200 11 2664 4675 2667
8017 2 2 200 11 4461 4672 980
8018 2 2 200 11 1670 1704 1676
8019 2 2 200 11 2772 4647 4475
8020 2 2 200 11 2905 4680 2907
8021 2 2 200 11 4610 4735 2321
8022 2 2 200 11 2879 4683 4295
8023 2 2 200 11 3168 4624 1178
8024 2 2 200 11 3972 4834 4073
8025 2 2 200 11 4662 4694 1106
8026 2 2 200 11 3286 3315 3155
8027 2 2 200 11 1558 4655 3799
8028 2 2 200 11 2586 4687 2584
8029 2 2 200 11 2031 2032 1921
8030 2 2 200 11 2158 4639 4638
8031 2 2 200 11 2041 3153 2040
8032 2 2 200 11 3581 4865 3580
8033 2 2 200 11 2402 4696 2404
8034 2 2 200 11 4615 4708 1226
8035 2 2 200 11 2965 4697 4696
8036 2 2 200 11 2266 4835 3338
8037 2 2 200 11 4311 4684 1398
8038 2 2 200 11 3107 4802 3109
8039 2 2 200 11 3166 4783 4775
8040 2 2 200 11 2714 4775 2715
8041 2 2 200 11 1536 4673 4643
8042 2 2 200 11 4735 4792 2321
8043 2 2 200 11 2811 4772 2508
8044 2 2 200 11 2506 4772 2534
8045 2 2 200 11 4475 4647 3321
8046 2 2 200 11 3024 4695 2126
8047 2 2 200 11 1106 4694 1104
8048 2 2 200 11 1995 4676 4432
8049 2 2 200 11 2451 2768 2453
8050 2 2 200 11 2433 3174 2450
8051 2 2 200 11 1038 4686 1542
8052 2 2 200 11 3968 4815 3969
8053 2 2 200 11 1225 1227 1226
8054 2 2 200 11 1319 4776 1511
8055 2 2 200 11 2429 4667 2430
8056 2 2 200 11 1411 4785 1410
8057 2 2 200 11 4462 4673 1536
8058 2 2 200 11 1887 4727 2803
8059 2 2 200 11 4692 4714 2973
8060 2 2 200 11 3026 4611 4503
8061 2 2 200 11 4723 4739 2790
8062 2 2 200 11 2588 4699 2586
8063 2 2 200 11 1218 1677 1219
8064 2 2 200 11 4665 4698 2067
8065 2 2 200 11 3834 4932 4923
8066 2 2 200 11 1227 4615 1226
8067 2 2 200 11 2423 3757 3007
8068 2 2 200 11 3748 4780 2604
8069 2 2 200 11 2602 4780 2607
8070 2 2 200 11 2067 4698 3132
8071 2 2 200 11 4730 4767 3163
8072 2 2 200 11 1566 4655 1558
8073 2 2 200 11 1709 4777 1930
8074 2 2 200 11 4488 4674 3144
8075 2 2 200 11 2966 4585 2208
8076 2 2 200 11 4349 4690 2033
8077 2 2 200 11 2787 4709 4660
8078 2 2 200 11 4682 4814 3749
8079 2 2 200 11 1741 4646 1947
8080 2 2 200 11 2041 3155 3153
8081 2 2 200 11 2123 5611 3537
8082 2 2 200 11 1082 4781 1549
8083 2 2 200 11 4431 4692 2973
8084 2 2 200 11 4074 4834 4075
8085 2 2 200 11 2031 2193 2032
8086 2 2 200 11 2586 4699 4687
8087 2 2 200 11 4180 4744 4182
8088 2 2 200 11 1920 2992 2031
8089 2 2 200 11 4640 4692 4431
8090 2 2 200 11 1570 1700 1569
8091 2 2 200 11 5060 5086 2195
8092 2 2 200 11 2907 4704 2909
8093 2 2 200 11 4680 4704 2907
8094 2 2 200 11 1263 4705 1261
8095 2 2 200 11 1072 4706 1070
8096 2 2 200 11 4142 4710 4141
8097 2 2 200 11 4661 4721 1267
8098 2 2 200 11 2784 4718 4327
8099 2 2 200 11 1699 4701 2042
8100 2 2 200 11 4532 4773 3126
8101 2 2 200 11 3164 4794 4724
8102 2 2 200 11 2407 3373 3011
8103 2 2 200 11 1209 4567 1212
8104 2 2 200 11 2812 4791 2512
8105 2 2 200 11 2510 4791 2811
8106 2 2 200 11 3144 4735 3076
8107 2 2 200 11 1415 4800 1414
8108 2 2 200 11 2496 4711 2494
8109 2 2 200 11 869 5311 3344
8110 2 2 200 11 2813 4819 2827
8111 2 2 200 11 2419 4737 2420
8112 2 2 200 11 2314 4670 4669
8113 2 2 200 11 2430 4667 2433
8114 2 2 200 11 4596 4724 1950
8115 2 2 200 11 3111 4817 3113
8116 2 2 200 11 2073 4738 4700
8117 2 2 200 11 326 3964 327
8118 2 2 200 11 2944 4646 1929
8119 2 2 200 11 2768 4703 3763
8120 2 2 200 11 3174 3751 2450
8121 2 2 200 11 4773 4803 3126
8122 2 2 200 11 2716 4730 4553
8123 2 2 200 11 1231 4615 1227
8124 2 2 200 11 923 926 925
8125 2 2 200 11 1649 4795 1086
8126 2 2 200 11 4410 4693 2765
8127 2 2 200 11 957 4713 956
8128 2 2 200 11 459 4722 460
8129 2 2 200 11 2029 2196 2030
8130 2 2 200 11 928 929 927
8131 2 2 200 11 3260 4749 2784
8132 2 2 200 11 931 4688 1659
8133 2 2 200 11 1517 1550 1518
8134 2 2 200 11 933 4688 931
8135 2 2 200 11 1221 1223 1222
8136 2 2 200 11 1261 4715 1258
8137 2 2 200 11 4660 4709 4422
8138 2 2 200 11 1659 4688 4575
8139 2 2 200 11 4422 4709 2075
8140 2 2 200 11 936 4688 933
8141 2 2 200 11 1550 1711 1551
8142 2 2 200 11 4658 4676 1995
8143 2 2 200 11 1704 1910 1705
8144 2 2 200 11 4659 4690 4349
8145 2 2 200 11 2786 4716 1946
8146 2 2 200 11 1929 4646 1741
8147 2 2 200 11 2765 4693 4587
8148 2 2 200 11 3171 4845 1677
8149 2 2 200 11 1920 4790 2992
8150 2 2 200 11 926 4732 3184
8151 2 2 200 11 2498 4719 2496
8152 2 2 200 11 4698 4724 3132
8153 2 2 200 11 2514 4804 2812
8154 2 2 200 11 4705 4715 1261
8155 2 2 200 11 2973 4714 3290
8156 2 2 200 11 4724 4794 1950
8157 2 2 200 11 2168 4638 3199
8158 2 2 200 11 806 5399 3444
8159 2 2 200 11 2668 4717 2671
8160 2 2 200 11 4377 4700 4230
8161 2 2 200 11 2496 4719 4711
8162 2 2 200 11 4001 4728 4002
8163 2 2 200 11 1909 4702 4501
8164 2 2 200 11 1419 4813 1418
8165 2 2 200 11 4469 4727 4584
8166 2 2 200 11 4531 4735 3144
8167 2 2 200 11 1072 4725 4706
8168 2 2 200 11 4182 4744 4451
8169 2 2 200 11 4309 4720 984
8170 2 2 200 11 1956 4723 2787
8171 2 2 200 11 1074 4725 1072
8172 2 2 200 11 2533 4806 2518
8173 2 2 200 11 2798 4831 2796
8174 2 2 200 11 1265 4721 1531
8175 2 2 200 11 1867 4718 4423
8176 2 2 200 11 2188 4657 2944
8177 2 2 200 11 1088 4808 1649
8178 2 2 200 11 1544 4808 1090
8179 2 2 200 11 703 4980 3688
8180 2 2 200 11 1511 4810 1317
8181 2 2 200 11 503 4974 504
8182 2 2 200 11 3487 5165 3486
8183 2 2 200 11 2073 4700 4556
8184 2 2 200 11 3455 5003 3478
8185 2 2 200 11 1212 4567 1664
8186 2 2 200 11 1327 4729 1325
8187 2 2 200 11 1728 1902 1737
8188 2 2 200 11 3936 4807 4793
8189 2 2 200 11 1947 4646 2378
8190 2 2 200 11 2417 3263 2935
8191 2 2 200 11 3936 4793 1539
8192 2 2 200 11 1641 4813 1422
8193 2 2 200 11 4309 4730 4720
8194 2 2 200 11 4556 4700 4377
8195 2 2 200 11 4584 4727 1885
8196 2 2 200 11 1745 1924 1700
8197 2 2 200 11 1920 1921 1705
8198 2 2 200 11 3181 4830 4807
8199 2 2 200 11 4663 4665 2778
8200 2 2 200 11 3128 4736 3095
8201 2 2 200 11 4476 4757 4534
8202 2 2 200 11 1738 4546 2319
8203 2 2 200 11 2592 4734 2590
8204 2 2 200 11 5189 5193 2915
8205 2 2 200 11 4162 4731 4169
8206 2 2 200 11 1313 4820 1524
8207 2 2 200 11 3126 4803 3127
8208 2 2 200 11 2172 4833 2792
8209 2 2 200 11 4702 4716 2786
8210 2 2 200 11 4310 4733 1402
8211 2 2 200 11 926 928 927
8212 2 2 200 11 2520 4824 2533
8213 2 2 200 11 4738 4747 3156
8214 2 2 200 11 2294 2295 2293
8215 2 2 200 11 2532 4825 2527
8216 2 2 200 11 1476 1532 1474
8217 2 2 200 11 2195 4678 4677
8218 2 2 200 11 4531 4792 4735
8219 2 2 200 11 1092 4827 1544
8220 2 2 200 11 2787 4723 4709
8221 2 2 200 11 2314 4669 2207
8222 2 2 200 11 1924 2041 2040
8223 2 2 200 11 2594 4740 2592
8224 2 2 200 11 3188 5029 3189
8225 2 2 200 11 925 4480 924
8226 2 2 200 11 2565 4743 3821
8227 2 2 200 11 1920 2031 1921
8228 2 2 200 11 2213 3462 2933
8229 2 2 200 11 2948 4657 2188
8230 2 2 200 11 1670 1676 922
8231 2 2 200 11 2074 4738 2073
8232 2 2 200 11 3513 5572 4981
8233 2 2 200 11 2793 4745 4244
8234 2 2 200 11 2784 4749 4718
8235 2 2 200 11 4542 4707 4592
8236 2 2 200 11 2592 4740 4734
8237 2 2 200 11 1213 4689 1215
8238 2 2 200 11 1663 4689 1213
8239 2 2 200 11 2084 3175 2093
8240 2 2 200 11 1528 4838 1096
8241 2 2 200 11 2790 4739 3232
8242 2 2 200 11 4669 4671 2966
8243 2 2 200 11 4112 4746 4111
8244 2 2 200 11 953 4742 952
8245 2 2 200 11 2000 4666 2314
8246 2 2 200 11 2848 3187 3186
8247 2 2 200 11 3875 4842 1188
8248 2 2 200 11 3580 4841 2531
8249 2 2 200 11 2036 4832 2213
8250 2 2 200 11 2529 4841 2532
8251 2 2 200 11 4149 4741 4304
8252 2 2 200 11 3539 3541 3540
8253 2 2 200 11 2409 4779 2406
8254 2 2 200 11 2084 2093 1900
8255 2 2 200 11 2207 4669 2966
8256 2 2 200 11 3156 4747 1647
8257 2 2 200 11 4803 4811 3127
8258 2 2 200 11 2904 4847 2902
8259 2 2 200 11 1219 4651 1221
8260 2 2 200 11 4933 4943 3293
8261 2 2 200 11 4553 4730 4309
8262 2 2 200 11 1793 4666 1755
8263 2 2 200 11 4451 4744 3136
8264 2 2 200 11 2450 4703 2451
8265 2 2 200 11 2892 4666 1793
8266 2 2 200 11 2451 4703 2768
8267 2 2 200 11 2008 4631 1924
8268 2 2 200 11 923 924 921
8269 2 2 200 11 1885 4727 1887
8270 2 2 200 11 2807 4853 2805
8271 2 2 200 11 1520 4750 1107
8272 2 2 200 11 1102 4748 1100
8273 2 2 200 11 2638 4843 3238
8274 2 2 200 11 2433 4667 3174
8275 2 2 200 11 4677 4679 2892
8276 2 2 200 11 923 925 924
8277 2 2 200 11 3132 4724 4596
8278 2 2 200 11 3159 4773 4686
8279 2 2 200 11 1218 4689 3171
8280 2 2 200 11 1524 4844 1311
8281 2 2 200 11 1755 4666 2000
8282 2 2 200 11 1078 4751 1076
8283 2 2 200 11 926 927 925
8284 2 2 200 11 2502 4752 2500
8285 2 2 200 11 4696 4697 3373
8286 2 2 200 11 3331 3436 3330
8287 2 2 200 11 4434 4843 2636
8288 2 2 200 11 2195 4677 2081
8289 2 2 200 11 4592 4707 3306
8290 2 2 200 11 3801 4837 4715
8291 2 2 200 11 4259 4998 2763
8292 2 2 200 11 4718 4749 4423
8293 2 2 200 11 2395 5044 4206
8294 2 2 200 11 4423 4749 2919
8295 2 2 200 11 4750 4865 3581
8296 2 2 200 11 3175 3176 2093
8297 2 2 200 11 2504 4754 2502
8298 2 2 200 11 3954 4858 3955
8299 2 2 200 11 2295 2298 2297
8300 2 2 200 11 1307 4846 1527
8301 2 2 200 11 4727 4793 2803
8302 2 2 200 11 3003 4500 3006
8303 2 2 200 11 1694 2084 1900
8304 2 2 200 11 949 4755 948
8305 2 2 200 11 2502 4754 4752
8306 2 2 200 11 3076 4735 4610
8307 2 2 200 11 4748 4756 1100
8308 2 2 200 11 1100 4756 1098
8309 2 2 200 11 2081 4677 2892
8310 2 2 200 11 1910 1920 1705
8311 2 2 200 11 2420 4737 2423
8312 2 2 200 11 1215 4689 1218
8313 2 2 200 11 4137 4758 4136
8314 2 2 200 11 2321 4792 3282
8315 2 2 200 11 3814 4863 3902
8316 2 2 200 11 3154 4856 2040
8317 2 2 200 11 1670 4774 3839
8318 2 2 200 11 1671 1673 1672
8319 2 2 200 11 3493 5319 710
8320 2 2 200 11 2598 4760 2596
8321 2 2 200 11 1078 4761 4751
8322 2 2 200 11 1924 2040 1700
8323 2 2 200 11 1784 2946 1987
8324 2 2 200 11 1080 4761 1078
8325 2 2 200 11 4792 4798 3282
8326 2 2 200 11 2319 4655 1566
8327 2 2 200 11 4755 4757 948
8328 2 2 200 11 1704 1705 1676
8329 2 2 200 11 1677 4651 1219
8330 2 2 200 11 2090 2848 2091
8331 2 2 200 11 2600 4762 2598
8332 2 2 200 11 4686 4773 1542
8333 2 2 200 11 1323 4763 1321
8334 2 2 200 11 3189 4759 4321
8335 2 2 200 11 843 5252 5224
8336 2 2 200 11 948 4757 4476
8337 2 2 200 11 2598 4762 4760
8338 2 2 200 11 4098 4766 4097
8339 2 2 200 11 2816 4873 2814
8340 2 2 200 11 3997 4769 3998
8341 2 2 200 11 1188 4842 1189
8342 2 2 200 11 3135 4768 3101
8343 2 2 200 11 3165 4794 3164
8344 2 2 200 11 2255 2256 2254
8345 2 2 200 11 1484 1681 1482
8346 2 2 200 11 1989 4767 2716
8347 2 2 200 11 4789 4845 3171
8348 2 2 200 11 2830 4868 3954
8349 2 2 200 11 1527 4861 1305
8350 2 2 200 11 2848 3186 2091
8351 2 2 200 11 2892 4805 4666
8352 2 2 200 11 1221 4651 1224
8353 2 2 200 11 2956 4922 2830
8354 2 2 200 11 3179 4870 1994
8355 2 2 200 11 2239 5000 4991
8356 2 2 200 11 2956 4929 4922
8357 2 2 200 11 508 4770 509
8358 2 2 200 11 2508 4772 2506
8359 2 2 200 11 1663 4818 4689
8360 2 2 200 11 1410 4771 1407
8361 2 2 200 11 1474 4848 1472
8362 2 2 200 11 4140 4778 1126
8363 2 2 200 11 3166 4775 4767
8364 2 2 200 11 4763 4776 1321
8365 2 2 200 11 3751 4703 2450
8366 2 2 200 11 1889 4830 2737
8367 2 2 200 11 936 4812 4688
8368 2 2 200 11 3006 3457 3456
8369 2 2 200 11 3163 4775 2714
8370 2 2 200 11 3582 4801 3165
8371 2 2 200 11 1321 4776 1319
8372 2 2 200 11 1226 4726 1223
8373 2 2 200 11 3165 4801 4794
8374 2 2 200 11 1301 4864 1526
8375 2 2 200 11 1673 1727 1674
8376 2 2 200 11 1924 4631 2041
8377 2 2 200 11 3954 4868 4858
8378 2 2 200 11 4666 4805 2314
8379 2 2 200 11 922 923 921
8380 2 2 200 11 2944 4784 4646
8381 2 2 200 11 889 5531 4707
8382 2 2 200 11 2423 4737 3757
8383 2 2 200 11 4835 4836 775
8384 2 2 200 11 691 4852 4851
8385 2 2 200 11 2703 4874 2704
8386 2 2 200 11 1780 2845 2036
8387 2 2 200 11 3443 5557 839
8388 2 2 200 11 927 4685 925
8389 2 2 200 11 925 4685 4480
8390 2 2 200 11 3159 4803 4773
8391 2 2 200 11 2604 4780 2602
8392 2 2 200 11 1894 4818 1665
8393 2 2 200 11 4646 4784 2378
8394 2 2 200 11 4866 5361 4867
8395 2 2 200 11 4101 4814 1512
8396 2 2 200 11 3776 4921 2823
8397 2 2 200 11 2821 4921 3160
8398 2 2 200 11 4469 4793 4727
8399 2 2 200 11 1084 4781 1082
8400 2 2 200 11 1682 1684 1683
8401 2 2 200 11 2196 2198 2197
8402 2 2 200 11 3204 3237 2166
8403 2 2 200 11 1542 4773 4532
8404 2 2 200 11 864 4849 39
8405 2 2 200 11 4757 4858 4534
8406 2 2 200 11 2348 2349 2346
8407 2 2 200 11 2750 4862 3414
8408 2 2 200 11 3535 3538 738
8409 2 2 200 11 4128 4796 4020
8410 2 2 200 11 306 4851 886
8411 2 2 200 11 3072 4822 1641
8412 2 2 200 11 930 4685 927
8413 2 2 200 11 1414 4785 1411
8414 2 2 200 11 2090 2091 1907
8415 2 2 200 11 2512 4791 2510
8416 2 2 200 11 3337 4783 3166
8417 2 2 200 11 1526 4881 1299
8418 2 2 200 11 3535 3539 3538
8419 2 2 200 11 3450 5394 774
8420 2 2 200 11 2285 2289 2288
8421 2 2 200 11 1747 4829 2836
8422 2 2 200 11 3974 4797 1572
8423 2 2 200 11 1222 4726 1678
8424 2 2 200 11 338 5014 339
8425 2 2 200 11 1084 4795 4781
8426 2 2 200 11 1086 4795 1084
8427 2 2 200 11 2280 2281 2279
8428 2 2 200 11 1747 2090 1907
8429 2 2 200 11 2828 4930 3776
8430 2 2 200 11 3873 5033 2317
8431 2 2 200 11 1295 4919 1522
8432 2 2 200 11 4637 4863 3814
8433 2 2 200 11 4688 4812 4575
8434 2 2 200 11 920 922 921
8435 2 2 200 11 1223 4726 1222
8436 2 2 200 11 3230 4798 4792
8437 2 2 200 11 1950 4794 2839
8438 2 2 200 11 4453 4870 4822
8439 2 2 200 11 1727 4691 1728
8440 2 2 200 11 4708 4799 4726
8441 2 2 200 11 4453 4822 3072
8442 2 2 200 11 2567 4807 3936
8443 2 2 200 11 1930 4938 2189
8444 2 2 200 11 3137 4802 3107
8445 2 2 200 11 1688 1754 1753
8446 2 2 200 11 881 4788 4786
8447 2 2 200 11 1418 4800 1415
8448 2 2 200 11 3236 4798 3230
8449 2 2 200 11 4793 4807 2803
8450 2 2 200 11 4794 4801 2839
8451 2 2 200 11 2761 4803 3159
8452 2 2 200 11 4689 4818 3171
8453 2 2 200 11 1666 4777 1709
8454 2 2 200 11 2516 4804 2514
8455 2 2 200 11 1190 4821 3810
8456 2 2 200 11 2926 4631 2008
8457 2 2 200 11 2839 4801 3355
8458 2 2 200 11 917 920 919
8459 2 2 200 11 4951 4986 4551
8460 2 2 200 11 3230 4792 4531
8461 2 2 200 11 3869 4934 1192
8462 2 2 200 11 321 3939 322
8463 2 2 200 11 1291 4925 1655
8464 2 2 200 11 1522 4925 1293
8465 2 2 200 11 3981 4936 3980
8466 2 2 200 11 2860 4936 4122
8467 2 2 200 11 2332 2333 2328
8468 2 2 200 11 1539 4793 4469
8469 2 2 200 11 2001 4789 1894
8470 2 2 200 11 3382 4809 3201
8471 2 2 200 11 4465 4812 936
8472 2 2 200 11 2518 4806 2516
8473 2 2 200 11 2314 4805 4670
8474 2 2 200 11 1782 4920 1654
8475 2 2 200 11 3241 3242 3240
8476 2 2 200 11 2516 4806 4804
8477 2 2 200 11 2912 4816 2353
8478 2 2 200 11 2378 4784 3343
8479 2 2 200 11 3913 4966 3912
8480 2 2 200 11 4859 5567 5148
8481 2 2 200 11 2341 2343 2342
8482 2 2 200 11 1090 4808 1088
8483 2 2 200 11 2761 4811 4803
8484 2 2 200 11 1747 1907 1727
8485 2 2 200 11 1673 1747 1727
8486 2 2 200 11 1907 4691 1727
8487 2 2 200 11 1317 4810 1315
8488 2 2 200 11 3196 4931 4845
8489 2 2 200 11 3969 4815 3970
8490 2 2 200 11 2416 4782 2417
8491 2 2 200 11 4879 4880 865
8492 2 2 200 11 3907 4835 2266
8493 2 2 200 11 914 3824 911
8494 2 2 200 11 1208 4869 4493
8495 2 2 200 11 4410 5000 3188
8496 2 2 200 11 1921 4940 4876
8497 2 2 200 11 1422 4813 1419
8498 2 2 200 11 2803 4830 1889
8499 2 2 200 11 3781 4817 3111
8500 2 2 200 11 4068 4819 2813
8501 2 2 200 11 4380 4811 2761
8502 2 2 200 11 3839 5058 2092
8503 2 2 200 11 4819 4822 2827
8504 2 2 200 11 4871 4920 3170
8505 2 2 200 11 2317 5045 2316
8506 2 2 200 11 919 1671 918
8507 2 2 200 11 920 921 919
8508 2 2 200 11 4810 4820 1315
8509 2 2 200 11 1315 4820 1313
8510 2 2 200 11 923 4732 926
8511 2 2 200 11 4039 5181 794
8512 2 2 200 11 2334 2351 2350
8513 2 2 200 11 3427 3428 3004
8514 2 2 200 11 1569 4856 4490
8515 2 2 200 11 1205 4869 1208
8516 2 2 200 11 2856 4980 4380
8517 2 2 200 11 4822 4870 2827
8518 2 2 200 11 3683 5183 4360
8519 2 2 200 11 4624 4777 1666
8520 2 2 200 11 2522 4824 2520
8521 2 2 200 11 917 918 915
8522 2 2 200 11 2995 5168 2993
8523 2 2 200 11 2527 4825 2522
8524 2 2 200 11 1676 4732 922
8525 2 2 200 11 922 4732 923
8526 2 2 200 11 2085 5309 5078
8527 2 2 200 11 1094 4827 1092
8528 2 2 200 11 2333 4598 2328
8529 2 2 200 11 2025 4941 1857
8530 2 2 200 11 2522 4825 4824
8531 2 2 200 11 2796 4831 3152
8532 2 2 200 11 3955 4858 4757
8533 2 2 200 11 2216 2950 2215
8534 2 2 200 11 4073 4834 4074
8535 2 2 200 11 2837 4940 2032
8536 2 2 200 11 3804 4833 2172
8537 2 2 200 11 2830 4922 4868
8538 2 2 200 11 1096 4838 1094
8539 2 2 200 11 2424 4928 2426
8540 2 2 200 11 1094 4838 4827
8541 2 2 200 11 2272 3788 2273
8542 2 2 200 11 4767 4775 3163
8543 2 2 200 11 1678 4799 1694
8544 2 2 200 11 4679 4805 2892
8545 2 2 200 11 3168 4777 4624
8546 2 2 200 11 1910 4790 1920
8547 2 2 200 11 2531 4841 2529
8548 2 2 200 11 5001 5015 3191
8549 2 2 200 11 2316 5051 2949
8550 2 2 200 11 2257 2258 2256
8551 2 2 200 11 4726 4799 1678
8552 2 2 200 11 1694 4799 2084
8553 2 2 200 11 4540 4933 3170
8554 2 2 200 11 1257 4837 4462
8555 2 2 200 11 3170 4933 2083
8556 2 2 200 11 3792 5623 3347
8557 2 2 200 11 4462 4837 3151
8558 2 2 200 11 4075 4865 1520
8559 2 2 200 11 3151 4878 2777
8560 2 2 200 11 2636 4843 2638
8561 2 2 200 11 1665 4818 1663
8562 2 2 200 11 1712 1749 1714
8563 2 2 200 11 4575 4812 2826
8564 2 2 200 11 3154 4932 4856
8565 2 2 200 11 4467 4782 2416
8566 2 2 200 11 1192 4934 1193
8567 2 2 200 11 2351 2359 2358
8568 2 2 200 11 2795 3788 3439
8569 2 2 200 11 2201 5068 2199
8570 2 2 200 11 1311 4844 1309
8571 2 2 200 11 2298 2302 2301
8572 2 2 200 11 917 919 918
8573 2 2 200 11 4878 4882 2777
8574 2 2 200 11 2078 2079 1750
8575 2 2 200 11 2711 5177 5030
8576 2 2 200 11 2166 4790 1910
8577 2 2 200 11 2086 4933 3293
8578 2 2 200 11 175 4857 654
8579 2 2 200 11 4194 4955 3279
8580 2 2 200 11 713 4866 170
8581 2 2 200 11 868 4857 174
8582 2 2 200 11 5033 5045 2317
8583 2 2 200 11 2214 2215 2037
8584 2 2 200 11 3179 4874 4870
8585 2 2 200 11 173 4859 868
8586 2 2 200 11 762 4859 2
8587 2 2 200 11 4037 5295 4917
8588 2 2 200 11 172 4867 762
8589 2 2 200 11 4923 4932 3154
8590 2 2 200 11 1733 1931 1739
8591 2 2 200 11 2804 4845 4789
8592 2 2 200 11 2969 3477 2413
8593 2 2 200 11 2751 4862 2750
8594 2 2 200 11 3255 4952 4193
8595 2 2 200 11 4844 4846 1309
8596 2 2 200 11 2777 4882 2932
8597 2 2 200 11 3500 5582 3807
8598 2 2 200 11 1309 4846 1307
8599 2 2 200 11 2902 4847 3559
8600 2 2 200 11 1189 4842 1192
8601 2 2 200 11 2343 2345 2344
8602 2 2 200 11 3263 3313 3264
8603 2 2 200 11 2826 4871 3170
8604 2 2 200 11 2273 2275 2274
8605 2 2 200 11 4982 5555 3318
8606 2 2 200 11 1728 4691 1902
8607 2 2 200 11 2213 4832 3462
8608 2 2 200 11 4837 4878 3151
8609 2 2 200 11 3203 5117 3204
8610 2 2 200 11 1931 2137 2107
8611 2 2 200 11 2417 4782 3263
8612 2 2 200 11 2968 4952 3416
8613 2 2 200 11 3389 4943 2190
8614 2 2 200 11 2805 4853 3157
8615 2 2 200 11 2137 3311 2107
8616 2 2 200 11 3801 4878 4837
8617 2 2 200 11 2734 4920 4871
8618 2 2 200 11 1700 4856 1569
8619 2 2 200 11 539 5241 3476
8620 2 2 200 11 1528 4946 4838
8621 2 2 200 11 2944 4854 4784
8622 2 2 200 11 1641 4822 4819
8623 2 2 200 11 1786 4995 2108
8624 2 2 200 11 3621 5134 3620
8625 2 2 200 11 1739 2843 1680
8626 2 2 200 11 921 4764 919
8627 2 2 200 11 924 4764 921
8628 2 2 200 11 910 1679 912
8629 2 2 200 11 913 914 911
8630 2 2 200 11 4262 4993 874
8631 2 2 200 11 2383 2384 2381
8632 2 2 200 11 832 5397 3498
8633 2 2 200 11 3539 3540 3538
8634 2 2 200 11 39 4849 40
8635 2 2 200 11 3252 5027 3331
8636 2 2 200 11 305 4851 306
8637 2 2 200 11 1791 2123 1912
8638 2 2 200 11 2137 3362 3311
8639 2 2 200 11 1679 1733 1680
8640 2 2 200 11 1679 4957 1733
8641 2 2 200 11 2926 4823 4631
8642 2 2 200 11 1507 4863 4637
8643 2 2 200 11 3462 3558 2933
8644 2 2 200 11 3868 4973 1196
8645 2 2 200 11 1931 2107 1739
8646 2 2 200 11 1305 4861 1303
8647 2 2 200 11 40 4849 692
8648 2 2 200 11 1754 2116 2115
8649 2 2 200 11 691 4851 305
8650 2 2 200 11 3145 4946 4769
8651 2 2 200 11 913 916 915
8652 2 2 200 11 1170 4932 3834
8653 2 2 200 11 4807 4830 2803
8654 2 2 200 11 2356 3250 3249
8655 2 2 200 11 1921 4876 1705
8656 2 2 200 11 174 4857 175
8657 2 2 200 11 3650 5511 5013
8658 2 2 200 11 3221 4982 2891
8659 2 2 200 11 2 4859 173
8660 2 2 200 11 5008 5053 2848
8661 2 2 200 11 170 4866 171
8662 2 2 200 11 171 4867 172
8663 2 2 200 11 4858 4868 1726
8664 2 2 200 11 3237 4790 2166
8665 2 2 200 11 4465 4871 4812
8666 2 2 200 11 919 4764 1671
8667 2 2 200 11 3583 5186 2267
8668 2 2 200 11 4939 4950 3175
8669 2 2 200 11 2080 2961 2960
8670 2 2 200 11 233 4875 234
8671 2 2 200 11 4876 4940 3184
8672 2 2 200 11 4861 4864 1303
8673 2 2 200 11 4534 4858 1726
8674 2 2 200 11 1303 4864 1301
8675 2 2 200 11 4540 4943 4933
8676 2 2 200 11 916 917 915
8677 2 2 200 11 666 4875 233
8678 2 2 200 11 4631 4823 3286
8679 2 2 200 11 3428 4500 3004
8680 2 2 200 11 4657 4854 2944
8681 2 2 200 11 2214 2216 2215
8682 2 2 200 11 4480 4998 4968
8683 2 2 200 11 867 4877 182
8684 2 2 200 11 163 4879 865
8685 2 2 200 11 3313 4855 3264
8686 2 2 200 11 905 1514 907
8687 2 2 200 11 5045 5051 2316
8688 2 2 200 11 2040 4856 1700
8689 2 2 200 11 2814 4873 3158
8690 2 2 200 11 1888 4950 1886
8691 2 2 200 11 728 4872 502
8692 2 2 200 11 3532 4961 3537
8693 2 2 200 11 2827 4874 2703
8694 2 2 200 11 1655 4954 4438
8695 2 2 200 11 1682 1683 1681
8696 2 2 200 11 2198 2200 2199
8697 2 2 200 11 2345 2348 2346
8698 2 2 200 11 3114 4972 3172
8699 2 2 200 11 3468 5170 1485
8700 2 2 200 11 1994 4870 4453
8701 2 2 200 11 2884 4878 3801
8702 2 2 200 11 682 5451 3508
8703 2 2 200 11 4860 4957 1679
8704 2 2 200 11 2209 2210 2153
8705 2 2 200 11 1204 4869 1205
8706 2 2 200 11 2975 4969 3145
8707 2 2 200 11 1726 4868 4530
8708 2 2 200 11 1685 5085 1687
8709 2 2 200 11 182 4877 183
8710 2 2 200 11 162 4879 163
8711 2 2 200 11 2884 4882 4878
8712 2 2 200 11 4812 4871 2826
8713 2 2 200 11 4601 4941 3143
8714 2 2 200 11 1299 4881 1297
8715 2 2 200 11 4923 4942 2436
8716 2 2 200 11 3867 4999 1200
8717 2 2 200 11 1577 4986 3198
8718 2 2 200 11 2734 4871 4465
8719 2 2 200 11 913 915 914
8720 2 2 200 11 2282 2284 2281
8721 2 2 200 11 183 4877 694
8722 2 2 200 11 693 4879 162
8723 2 2 200 11 155 4904 156
8724 2 2 200 11 1684 1780 1683
8725 2 2 200 11 4732 4876 3184
8726 2 2 200 11 2975 4972 4969
8727 2 2 200 11 2882 4882 2884
8728 2 2 200 11 3145 4969 4946
8729 2 2 200 11 189 4900 190
8730 2 2 200 11 153 4905 154
8731 2 2 200 11 295 4897 296
8732 2 2 200 11 188 4901 189
8733 2 2 200 11 152 4906 153
8734 2 2 200 11 191 4902 192
8735 2 2 200 11 134 4883 135
8736 2 2 200 11 288 4886 289
8737 2 2 200 11 275 4887 276
8738 2 2 200 11 789 4904 155
8739 2 2 200 11 279 4917 280
8740 2 2 200 11 260 4884 261
8741 2 2 200 11 269 4892 270
8742 2 2 200 11 267 4896 268
8743 2 2 200 11 77 4898 78
8744 2 2 200 11 49 4903 50
8745 2 2 200 11 88 4893 89
8746 2 2 200 11 204 4894 205
8747 2 2 200 11 202 4895 203
8748 2 2 200 11 215 4899 216
8749 2 2 200 11 225 4885 226
8750 2 2 200 11 93 4888 94
8751 2 2 200 11 145 4889 146
8752 2 2 200 11 80 4891 81
8753 2 2 200 11 264 4890 265
8754 2 2 200 11 199 4914 200
8755 2 2 200 11 41 4915 42
8756 2 2 200 11 277 4916 278
8757 2 2 200 11 251 4912 252
8758 2 2 200 11 266 4913 267
8759 2 2 200 11 87 4911 88
8760 2 2 200 11 85 4910 86
8761 2 2 200 11 220 4909 221
8762 2 2 200 11 158 4908 159
8763 2 2 200 11 160 4907 161
8764 2 2 200 11 184 4918 185
8765 2 2 200 11 3216 5077 2169
8766 2 2 200 11 2890 3239 2912
8767 2 2 200 11 4881 4919 1297
8768 2 2 200 11 1733 1739 1680
8769 2 2 200 11 2940 3446 3226
8770 2 2 200 11 1297 4919 1295
8771 2 2 200 11 190 4900 784
8772 2 2 200 11 154 4905 789
8773 2 2 200 11 783 4897 295
8774 2 2 200 11 4856 4932 4490
8775 2 2 200 11 674 4901 188
8776 2 2 200 11 671 4906 152
8777 2 2 200 11 928 4951 4551
8778 2 2 200 11 784 4902 191
8779 2 2 200 11 135 4883 763
8780 2 2 200 11 777 4886 288
8781 2 2 200 11 769 4887 275
8782 2 2 200 11 873 4883 134
8783 2 2 200 11 289 4886 874
8784 2 2 200 11 276 4887 872
8785 2 2 200 11 261 4884 765
8786 2 2 200 11 793 4892 269
8787 2 2 200 11 268 4896 793
8788 2 2 200 11 779 4898 77
8789 2 2 200 11 50 4903 792
8790 2 2 200 11 89 4893 795
8791 2 2 200 11 879 4885 225
8792 2 2 200 11 94 4888 871
8793 2 2 200 11 146 4889 877
8794 2 2 200 11 875 4914 199
8795 2 2 200 11 42 4915 876
8796 2 2 200 11 872 4916 277
8797 2 2 200 11 81 4891 884
8798 2 2 200 11 888 4890 264
8799 2 2 200 11 880 4912 251
8800 2 2 200 11 796 4894 204
8801 2 2 200 11 203 4895 796
8802 2 2 200 11 216 4899 787
8803 2 2 200 11 687 4917 279
8804 2 2 200 11 159 4908 890
8805 2 2 200 11 890 4907 160
8806 2 2 200 11 185 4918 889
8807 2 2 200 11 226 4885 680
8808 2 2 200 11 684 4888 93
8809 2 2 200 11 675 4889 145
8810 2 2 200 11 686 4891 80
8811 2 2 200 11 265 4890 685
8812 2 2 200 11 200 4914 676
8813 2 2 200 11 692 4915 41
8814 2 2 200 11 278 4916 687
8815 2 2 200 11 252 4912 683
8816 2 2 200 11 685 4913 266
8817 2 2 200 11 661 4911 87
8818 2 2 200 11 86 4910 661
8819 2 2 200 11 901 1692 903
8820 2 2 200 11 668 4909 220
8821 2 2 200 11 673 4908 158
8822 2 2 200 11 161 4907 693
8823 2 2 200 11 694 4918 184
8824 2 2 200 11 3320 5026 2441
8825 2 2 200 11 130 4924 131
8826 2 2 200 11 1196 4973 1197
8827 2 2 200 11 3004 4500 3003
8828 2 2 200 11 4972 4975 3172
8829 2 2 200 11 2823 4921 2821
8830 2 2 200 11 1654 4920 2734
8831 2 2 200 11 811 5448 3435
8832 2 2 200 11 1676 4876 4732
8833 2 2 200 11 1671 4829 1673
8834 2 2 200 11 3000 5162 5151
8835 2 2 200 11 1673 4829 1747
8836 2 2 200 11 4922 4929 2192
8837 2 2 200 11 3153 4942 3154
8838 2 2 200 11 131 4924 677
8839 2 2 200 11 1293 4925 1291
8840 2 2 200 11 731 5163 3643
8841 2 2 200 11 4480 4968 924
8842 2 2 200 11 1705 4876 1676
8843 2 2 200 11 4530 4922 2192
8844 2 2 200 11 3937 5016 1756
8845 2 2 200 11 1532 4848 1474
8846 2 2 200 11 2833 4950 4939
8847 2 2 200 11 2337 5011 2333
8848 2 2 200 11 3834 4923 3835
8849 2 2 200 11 2834 4930 2828
8850 2 2 200 11 4868 4922 4530
8851 2 2 200 11 3002 3003 3001
8852 2 2 200 11 2426 4928 2429
8853 2 2 200 11 2998 2999 2997
8854 2 2 200 11 3250 3252 3251
8855 2 2 200 11 4838 4946 3774
8856 2 2 200 11 2192 4929 3304
8857 2 2 200 11 2213 2933 2214
8858 2 2 200 11 1986 3561 1767
8859 2 2 200 11 2036 2213 2037
8860 2 2 200 11 2213 2214 2037
8861 2 2 200 11 2084 4939 3175
8862 2 2 200 11 2285 2288 2284
8863 2 2 200 11 3252 3330 3253
8864 2 2 200 11 1206 5043 3751
8865 2 2 200 11 2834 4959 4954
8866 2 2 200 11 2306 4648 3422
8867 2 2 200 11 3470 5367 3267
8868 2 2 200 11 2269 2270 2268
8869 2 2 200 11 359 5049 715
8870 2 2 200 11 365 5048 366
8871 2 2 200 11 4870 4874 2827
8872 2 2 200 11 2275 2277 2276
8873 2 2 200 11 2189 5001 3191
8874 2 2 200 11 714 5052 579
8875 2 2 200 11 1484 5003 1682
8876 2 2 200 11 4764 4829 1671
8877 2 2 200 11 382 5050 383
8878 2 2 200 11 3980 4936 2860
8879 2 2 200 11 2841 4959 2834
8880 2 2 200 11 3931 5010 1851
8881 2 2 200 11 3444 3445 3303
8882 2 2 200 11 2239 4991 2194
8883 2 2 200 11 4799 4939 2084
8884 2 2 200 11 2931 5092 3185
8885 2 2 200 11 70 4944 767
8886 2 2 200 11 883 4944 69
8887 2 2 200 11 1679 1680 912
8888 2 2 200 11 2336 2337 2333
8889 2 2 200 11 2306 3422 3312
8890 2 2 200 11 1688 1753 1686
8891 2 2 200 11 402 4935 403
8892 2 2 200 11 32 4963 33
8893 2 2 200 11 4866 4867 171
8894 2 2 200 11 2837 4986 4951
8895 2 2 200 11 3009 4962 2841
8896 2 2 200 11 2841 4962 4959
8897 2 2 200 11 4571 5498 3281
8898 2 2 200 11 737 5470 4823
8899 2 2 200 11 3656 5297 2825
8900 2 2 200 11 3388 4970 3009
8901 2 2 200 11 906 909 904
8902 2 2 200 11 792 4948 51
8903 2 2 200 11 3759 5122 665
8904 2 2 200 11 1193 4934 1196
8905 2 2 200 11 2083 4933 2086
8906 2 2 200 11 3358 5125 3848
8907 2 2 200 11 2259 2268 2258
8908 2 2 200 11 4777 4938 1930
8909 2 2 200 11 1739 4850 2843
8910 2 2 200 11 4708 4939 4799
8911 2 2 200 11 2107 4850 1739
8912 2 2 200 11 2328 4598 2326
8913 2 2 200 11 1200 4999 1201
8914 2 2 200 11 766 5343 3893
8915 2 2 200 11 899 900 898
8916 2 2 200 11 4490 4932 1170
8917 2 2 200 11 2758 5010 3259
8918 2 2 200 11 1851 5010 2755
8919 2 2 200 11 2330 5036 3739
8920 2 2 200 11 9 801 625
8921 2 2 200 11 638 802 13
8922 2 2 200 11 3009 4970 4962
8923 2 2 200 11 4651 4931 4523
8924 2 2 200 11 2036 2037 1781
8925 2 2 200 11 3002 3004 3003
8926 2 2 200 11 3245 5340 5222
8927 2 2 200 11 4644 4938 3168
8928 2 2 200 11 2298 2301 2297
8929 2 2 200 11 2273 2274 2271
8930 2 2 200 11 755 5338 5251
8931 2 2 200 11 1780 1781 1683
8932 2 2 200 11 3389 4947 4943
8933 2 2 200 11 4454 5013 4356
8934 2 2 200 11 1857 4941 4601
8935 2 2 200 11 11 647 631
8936 2 2 200 11 644 648 15
8937 2 2 200 11 2032 4940 1921
8938 2 2 200 11 4014 5450 4015
8939 2 2 200 11 1780 2036 1781
8940 2 2 200 11 2441 5015 2440
8941 2 2 200 11 1677 4931 4651
8942 2 2 200 11 69 4944 70
8943 2 2 200 11 2953 2954 2355
8944 2 2 200 11 2354 2363 2349
8945 2 2 200 11 3239 3241 3240
8946 2 2 200 11 1517 1552 1550
8947 2 2 200 11 465 5142 808
8948 2 2 200 11 2362 3398 3301
8949 2 2 200 11 4930 4954 1655
8950 2 2 200 11 3002 3426 3004
8951 2 2 200 11 630 815 629
8952 2 2 200 11 646 816 645
8953 2 2 200 11 4774 5025 3839
8954 2 2 200 11 2280 4976 2286
8955 2 2 200 11 912 913 911
8956 2 2 200 11 3330 3390 3253
8957 2 2 200 11 33 4963 760
8958 2 2 200 11 2833 4939 4708
8959 2 2 200 11 189 4901 4900
8960 2 2 200 11 153 4906 4905
8961 2 2 200 11 3302 3303 2115
8962 2 2 200 11 57 4983 774
8963 2 2 200 11 870 4983 56
8964 2 2 200 11 4427 5219 3626
8965 2 2 200 11 2079 2209 2153
8966 2 2 200 11 267 4913 4896
8967 2 2 200 11 88 4911 4893
8968 2 2 200 11 2190 4943 4540
8969 2 2 200 11 3460 5264 3732
8970 2 2 200 11 3503 5439 885
8971 2 2 200 11 2200 2913 2201
8972 2 2 200 11 51 4948 52
8973 2 2 200 11 3168 4938 4777
8974 2 2 200 11 3426 3427 3004
8975 2 2 200 11 2295 2297 2296
8976 2 2 200 11 910 912 911
8977 2 2 200 11 3154 4942 4923
8978 2 2 200 11 4991 5000 3198
8979 2 2 200 11 4887 5398 4056
8980 2 2 200 11 2711 5030 2235
8981 2 2 200 11 4135 5579 117
8982 2 2 200 11 3293 4947 3327
8983 2 2 200 11 2332 2336 2333
8984 2 2 200 11 15 2963 643
8985 2 2 200 11 4845 4931 1677
8986 2 2 200 11 2234 5030 3423
8987 2 2 200 11 2308 3276 2310
8988 2 2 200 11 4938 5001 2189
8989 2 2 200 11 2352 2353 2335
8990 2 2 200 11 4193 4952 2968
8991 2 2 200 11 3155 4945 3153
8992 2 2 200 11 3372 5016 2923
8993 2 2 200 11 1886 4950 2833
8994 2 2 200 11 910 911 908
8995 2 2 200 11 907 910 908
8996 2 2 200 11 2961 3314 2960
8997 2 2 200 11 3426 5035 3427
8998 2 2 200 11 4946 4969 3774
8999 2 2 200 11 876 5211 4204
9000 2 2 200 11 2837 4951 4940
9001 2 2 200 11 3395 4997 3397
9002 2 2 200 11 2304 4648 2302
9003 2 2 200 11 1749 2078 1750
9004 2 2 200 11 2299 2308 2307
9005 2 2 200 11 2116 3302 2115
9006 2 2 200 11 627 800 626
9007 2 2 200 11 637 799 636
9008 2 2 200 11 2362 4712 3398
9009 2 2 200 11 2351 2358 2350
9010 2 2 200 11 4928 4966 2429
9011 2 2 200 11 2245 5040 2797
9012 2 2 200 11 2920 5590 3606
9013 2 2 200 11 311 5114 761
9014 2 2 200 11 3266 5328 5210
9015 2 2 200 11 1684 4926 1780
9016 2 2 200 11 4267 5044 2390
9017 2 2 200 11 3639 4980 703
9018 2 2 200 11 3252 3253 3251
9019 2 2 200 11 2392 5044 2395
9020 2 2 200 11 874 4993 290
9021 2 2 200 11 2090 5008 2848
9022 2 2 200 11 291 4993 689
9023 2 2 200 11 2299 2300 2296
9024 2 2 200 11 3399 5079 3181
9025 2 2 200 11 3437 5040 2244
9026 2 2 200 11 3208 4955 4194
9027 2 2 200 11 4954 4959 3077
9028 2 2 200 11 2289 2305 2288
9029 2 2 200 11 2326 5100 2324
9030 2 2 200 11 544 4956 545
9031 2 2 200 11 2306 3211 2301
9032 2 2 200 11 3241 3461 3242
9033 2 2 200 11 3673 5509 2866
9034 2 2 200 11 4438 4954 3077
9035 2 2 200 11 1754 2115 1753
9036 2 2 200 11 3789 5072 3207
9037 2 2 200 11 99 4997 663
9038 2 2 200 11 2327 2330 2329
9039 2 2 200 11 2307 2940 2300
9040 2 2 200 11 3302 3444 3303
9041 2 2 200 11 5006 5069 3213
9042 2 2 200 11 2357 2890 2353
9043 2 2 200 11 3155 4953 4945
9044 2 2 200 11 3769 5126 3421
9045 2 2 200 11 2850 3326 3325
9046 2 2 200 11 3250 3251 3249
9047 2 2 200 11 1686 4926 1684
9048 2 2 200 11 3077 4959 1761
9049 2 2 200 11 4769 4946 1528
9050 2 2 200 11 2834 4954 4930
9051 2 2 200 11 3315 4953 3155
9052 2 2 200 11 2976 5122 2910
9053 2 2 200 11 3276 3310 2310
9054 2 2 200 11 907 908 906
9055 2 2 200 11 3184 4951 928
9056 2 2 200 11 2385 2386 2384
9057 2 2 200 11 3324 3433 3323
9058 2 2 200 11 4859 5148 868
9059 2 2 200 11 2998 4840 2999
9060 2 2 200 11 625 2959 624
9061 2 2 200 11 4959 4962 1761
9062 2 2 200 11 3536 4965 3535
9063 2 2 200 11 2302 2306 2301
9064 2 2 200 11 2340 2341 2337
9065 2 2 200 11 2843 4937 1680
9066 2 2 200 11 2940 3447 3446
9067 2 2 200 11 4025 5293 228
9068 2 2 200 11 1761 4962 4446
9069 2 2 200 11 2286 5112 3463
9070 2 2 200 11 2854 4712 2359
9071 2 2 200 11 635 819 12
9072 2 2 200 11 10 820 628
9073 2 2 200 11 2846 5054 4212
9074 2 2 200 11 3659 4990 700
9075 2 2 200 11 2279 2283 2277
9076 2 2 200 11 2996 2997 2386
9077 2 2 200 11 913 4937 916
9078 2 2 200 11 2891 4982 3318
9079 2 2 200 11 4986 4991 3198
9080 2 2 200 11 3774 4969 3115
9081 2 2 200 11 772 5009 45
9082 2 2 200 11 3758 5253 3442
9083 2 2 200 11 1712 4978 1749
9084 2 2 200 11 624 817 623
9085 2 2 200 11 640 818 639
9086 2 2 200 11 3976 5604 688
9087 2 2 200 11 4969 4972 3115
9088 2 2 200 11 4259 5008 4998
9089 2 2 200 11 3153 4945 4942
9090 2 2 200 11 748 5095 560
9091 2 2 200 11 561 5095 3722
9092 2 2 200 11 4962 4970 4446
9093 2 2 200 11 2275 2276 2274
9094 2 2 200 11 4446 4970 2885
9095 2 2 200 11 3919 5065 3438
9096 2 2 200 11 3115 4972 3114
9097 2 2 200 11 504 4974 743
9098 2 2 200 11 1957 3219 1959
9099 2 2 200 11 657 5197 3412
9100 2 2 200 11 4976 5090 2286
9101 2 2 200 11 2356 3249 2985
9102 2 2 200 11 633 814 632
9103 2 2 200 11 643 813 642
9104 2 2 200 11 3912 4966 4928
9105 2 2 200 11 3913 5007 4966
9106 2 2 200 11 3457 4957 4860
9107 2 2 200 11 2295 2296 2293
9108 2 2 200 11 3277 5063 4197
9109 2 2 200 11 4968 4998 2836
9110 2 2 200 11 2340 2361 2355
9111 2 2 200 11 2429 4966 4667
9112 2 2 200 11 2974 4975 2975
9113 2 2 200 11 13 2368 637
9114 2 2 200 11 609 5061 610
9115 2 2 200 11 4829 4968 2836
9116 2 2 200 11 2080 2960 2911
9117 2 2 200 11 900 1503 898
9118 2 2 200 11 1197 4973 1200
9119 2 2 200 11 4006 5063 4009
9120 2 2 200 11 3588 5075 2753
9121 2 2 200 11 531 5101 841
9122 2 2 200 11 702 5101 530
9123 2 2 200 11 2359 2362 2358
9124 2 2 200 11 2999 3002 3001
9125 2 2 200 11 905 907 906
9126 2 2 200 11 3609 5252 843
9127 2 2 200 11 631 897 630
9128 2 2 200 11 661 4955 4911
9129 2 2 200 11 2352 2367 2357
9130 2 2 200 11 5243 5438 4849
9131 2 2 200 11 2975 4975 4972
9132 2 2 200 11 2276 2443 2274
9133 2 2 200 11 2844 5015 5001
9134 2 2 200 11 2983 5062 3403
9135 2 2 200 11 2367 3347 2862
9136 2 2 200 11 4869 5006 3213
9137 2 2 200 11 468 5064 469
9138 2 2 200 11 4090 5065 2914
9139 2 2 200 11 37 5019 38
9140 2 2 200 11 2890 3505 3239
9141 2 2 200 11 583 5104 3720
9142 2 2 200 11 3499 5397 3556
9143 2 2 200 11 747 5104 582
9144 2 2 200 11 313 5035 314
9145 2 2 200 11 660 5024 74
9146 2 2 200 11 56 4983 57
9147 2 2 200 11 3572 5122 3759
9148 2 2 200 11 2348 2354 2349
9149 2 2 200 11 2954 4988 2355
9150 2 2 200 11 1888 4977 4950
9151 2 2 200 11 2348 2356 2354
9152 2 2 200 11 3508 5543 682
9153 2 2 200 11 317 5047 318
9154 2 2 200 11 1711 4978 1712
9155 2 2 200 11 2953 3435 2954
9156 2 2 200 11 3744 5203 807
9157 2 2 200 11 3866 5069 5006
9158 2 2 200 11 2999 4840 3002
9159 2 2 200 11 2343 2347 2345
9160 2 2 200 11 679 5579 4134
9161 2 2 200 11 1681 5012 4765
9162 2 2 200 11 2082 5060 2195
9163 2 2 200 11 2284 2287 2281
9164 2 2 200 11 1680 4937 912
9165 2 2 200 11 2330 2334 2331
9166 2 2 200 11 4259 5053 5008
9167 2 2 200 11 3535 4965 3539
9168 2 2 200 11 2193 5057 4538
9169 2 2 200 11 656 5031 48
9170 2 2 200 11 2305 3273 2288
9171 2 2 200 11 632 2849 11
9172 2 2 200 11 2334 2350 2335
9173 2 2 200 11 4995 5582 3500
9174 2 2 200 11 2362 3296 2358
9175 2 2 200 11 2306 3312 3211
9176 2 2 200 11 4943 4947 3293
9177 2 2 200 11 2299 2307 2300
9178 2 2 200 11 299 5034 300
9179 2 2 200 11 2444 3793 2443
9180 2 2 200 11 3752 5468 2366
9181 2 2 200 11 2308 2310 2307
9182 2 2 200 11 2952 5070 2684
9183 2 2 200 11 641 828 14
9184 2 2 200 11 8 827 634
9185 2 2 200 11 4326 5012 1781
9186 2 2 200 11 3485 5559 902
9187 2 2 200 11 2785 5042 4691
9188 2 2 200 11 642 2931 641
9189 2 2 200 11 3562 5106 790
9190 2 2 200 11 629 2370 10
9191 2 2 200 11 4676 5062 4432
9192 2 2 200 11 308 5096 653
9193 2 2 200 11 912 4937 913
9194 2 2 200 11 2992 5057 2031
9195 2 2 200 11 2361 3371 2953
9196 2 2 200 11 2080 2911 2078
9197 2 2 200 11 12 2323 646
9198 2 2 200 11 1749 2080 2078
9199 2 2 200 11 2356 4987 3250
9200 2 2 200 11 2297 2299 2296
9201 2 2 200 11 113 5041 114
9202 2 2 200 11 4551 4986 1577
9203 2 2 200 11 924 4968 4764
9204 2 2 200 11 235 5039 776
9205 2 2 200 11 4764 4968 4829
9206 2 2 200 11 3240 5133 2912
9207 2 2 200 11 2085 5078 4202
9208 2 2 200 11 2123 4960 1912
9209 2 2 200 11 3175 4977 3176
9210 2 2 200 11 2352 2357 2353
9211 2 2 200 11 2566 5078 4038
9212 2 2 200 11 2078 4967 2079
9213 2 2 200 11 3300 5584 5521
9214 2 2 200 11 2026 5080 2085
9215 2 2 200 11 2276 2444 2443
9216 2 2 200 11 3410 5080 2176
9217 2 2 200 11 2996 2998 2997
9218 2 2 200 11 2305 3341 3273
9219 2 2 200 11 2356 2985 2354
9220 2 2 200 11 1682 5003 1685
9221 2 2 200 11 2252 2371 2250
9222 2 2 200 11 2277 4985 2276
9223 2 2 200 11 2960 3233 2911
9224 2 2 200 11 1753 4926 1686
9225 2 2 200 11 825 5017 3514
9226 2 2 200 11 1749 4978 2080
9227 2 2 200 11 2340 2355 2341
9228 2 2 200 11 2441 5026 5015
9229 2 2 200 11 2336 2340 2337
9230 2 2 200 11 1683 5012 1681
9231 2 2 200 11 3452 5093 4217
9232 2 2 200 11 3216 5086 5060
9233 2 2 200 11 3537 5611 3534
9234 2 2 200 11 740 5126 390
9235 2 2 200 11 391 5126 3769
9236 2 2 200 11 2332 2338 2336
9237 2 2 200 11 2194 4991 2837
9238 2 2 200 11 4940 4951 3184
9239 2 2 200 11 2210 3366 2241
9240 2 2 200 11 3425 5248 717
9241 2 2 200 11 5030 5177 3425
9242 2 2 200 11 2367 2862 2357
9243 2 2 200 11 2361 2953 2355
9244 2 2 200 11 290 4993 291
9245 2 2 200 11 2302 4648 2306
9246 2 2 200 11 2034 4995 1786
9247 2 2 200 11 3751 5043 4703
9248 2 2 200 11 905 906 904
9249 2 2 200 11 788 5055 223
9250 2 2 200 11 224 5055 879
9251 2 2 200 11 4500 5021 3006
9252 2 2 200 11 3002 4840 3426
9253 2 2 200 11 702 5475 5101
9254 2 2 200 11 2350 2352 2335
9255 2 2 200 11 4644 5001 4938
9256 2 2 200 11 3892 5268 766
9257 2 2 200 11 3288 5512 4348
9258 2 2 200 11 2859 5084 2858
9259 2 2 200 11 3183 5341 4884
9260 2 2 200 11 816 2322 645
9261 2 2 200 11 2329 2332 2328
9262 2 2 200 11 98 4997 99
9263 2 2 200 11 2377 4839 3243
9264 2 2 200 11 662 5059 259
9265 2 2 200 11 2327 2328 2326
9266 2 2 200 11 2797 5089 2799
9267 2 2 200 11 3628 5495 4783
9268 2 2 200 11 2885 5088 3299
9269 2 2 200 11 2366 5468 2364
9270 2 2 200 11 649 5490 3466
9271 2 2 200 11 2248 5165 3594
9272 2 2 200 11 4109 5097 4108
9273 2 2 200 11 2334 2335 2331
9274 2 2 200 11 2986 5097 3382
9275 2 2 200 11 3211 5066 4958
9276 2 2 200 11 795 5072 4809
9277 2 2 200 11 1912 4960 1957
9278 2 2 200 11 2079 4967 2209
9279 2 2 200 11 5025 5058 3839
9280 2 2 200 11 2374 2376 2375
9281 2 2 200 11 2325 5036 2327
9282 2 2 200 11 339 5014 823
9283 2 2 200 11 3198 5000 4410
9284 2 2 200 11 886 5096 307
9285 2 2 200 11 5000 5029 3188
9286 2 2 200 11 4809 5072 3201
9287 2 2 200 11 899 901 900
9288 2 2 200 11 424 5138 425
9289 2 2 200 11 2365 3334 2864
9290 2 2 200 11 3843 5093 3845
9291 2 2 200 11 2327 2329 2328
9292 2 2 200 11 800 2324 626
9293 2 2 200 11 2330 2331 2329
9294 2 2 200 11 1201 4999 1204
9295 2 2 200 11 4247 5099 4248
9296 2 2 200 11 4966 5007 4667
9297 2 2 200 11 2763 4998 4480
9298 2 2 200 11 4255 5102 3039
9299 2 2 200 11 3196 5033 4931
9300 2 2 200 11 4839 5018 3243
9301 2 2 200 11 476 5128 649
9302 2 2 200 11 1733 4957 1932
9303 2 2 200 11 2359 4712 2362
9304 2 2 200 11 2362 3301 3296
9305 2 2 200 11 853 5128 475
9306 2 2 200 11 2029 2318 2196
9307 2 2 200 11 4206 5179 5009
9308 2 2 200 11 3719 5204 586
9309 2 2 200 11 3235 5099 4402
9310 2 2 200 11 2942 5108 2943
9311 2 2 200 11 49 5031 4903
9312 2 2 200 11 623 2379 8
9313 2 2 200 11 3300 5521 4415
9314 2 2 200 11 4908 5574 4482
9315 2 2 200 11 903 905 904
9316 2 2 200 11 782 5192 3559
9317 2 2 200 11 2844 5001 4644
9318 2 2 200 11 2383 2385 2384
9319 2 2 200 11 14 2373 640
9320 2 2 200 11 2380 2382 2381
9321 2 2 200 11 866 5577 4679
9322 2 2 200 11 45 5009 46
9323 2 2 200 11 372 5248 3630
9324 2 2 200 11 3439 5127 2369
9325 2 2 200 11 4875 5039 234
9326 2 2 200 11 206 5073 670
9327 2 2 200 11 4072 5116 3816
9328 2 2 200 11 4926 5004 2845
9329 2 2 200 11 4958 5066 2308
9330 2 2 200 11 2132 5107 3399
9331 2 2 200 11 2755 5010 2758
9332 2 2 200 11 3174 5005 3751
9333 2 2 200 11 3322 5107 2127
9334 2 2 200 11 2374 2377 2376
9335 2 2 200 11 423 5146 424
9336 2 2 200 11 245 5076 664
9337 2 2 200 11 4416 5113 2941
9338 2 2 200 11 4999 5006 1204
9339 2 2 200 11 3753 5336 856
9340 2 2 200 11 652 5019 37
9341 2 2 200 11 903 904 902
9342 2 2 200 11 3268 5121 4070
9343 2 2 200 11 4356 5013 2952
9344 2 2 200 11 3681 5119 3680
9345 2 2 200 11 2080 4978 2961
9346 2 2 200 11 2836 5008 2090
9347 2 2 200 11 314 5035 822
9348 2 2 200 11 2030 5046 2206
9349 2 2 200 11 3467 5371 3466
9350 2 2 200 11 2923 5016 3937
9351 2 2 200 11 4064 5144 2476
9352 2 2 200 11 590 5155 591
9353 2 2 200 11 901 903 902
9354 2 2 200 11 799 2369 636
9355 2 2 200 11 4950 4977 3175
9356 2 2 200 11 4931 5033 4523
9357 2 2 200 11 901 902 900
9358 2 2 200 11 3138 5121 3434
9359 2 2 200 11 96 5082 780
9360 2 2 200 11 871 5082 95
9361 2 2 200 11 2440 5015 2844
9362 2 2 200 11 3174 5007 5005
9363 2 2 200 11 5202 5299 2361
9364 2 2 200 11 2301 4958 2297
9365 2 2 200 11 818 2372 639
9366 2 2 200 11 4937 5025 916
9367 2 2 200 11 2258 2981 2256
9368 2 2 200 11 3725 5153 3724
9369 2 2 200 11 4558 5082 871
9370 2 2 200 11 4667 5007 3174
9371 2 2 200 11 2325 2327 2326
9372 2 2 200 11 2843 5025 4937
9373 2 2 200 11 3303 5094 5004
9374 2 2 200 11 3211 4958 2301
9375 2 2 200 11 4031 5324 231
9376 2 2 200 11 2572 5125 3358
9377 2 2 200 11 2476 5125 2477
9378 2 2 200 11 3992 5129 3993
9379 2 2 200 11 4084 5129 2982
9380 2 2 200 11 4894 5291 3049
9381 2 2 200 11 2382 3317 3305
9382 2 2 200 11 3755 5560 4989
9383 2 2 200 11 3848 5144 3846
9384 2 2 200 11 3598 5155 735
9385 2 2 200 11 3339 5156 3798
9386 2 2 200 11 4960 4961 3219
9387 2 2 200 11 2325 2326 2324
9388 2 2 200 11 3934 5102 3465
9389 2 2 200 11 2283 4985 2277
9390 2 2 200 11 260 5059 4884
9391 2 2 200 11 836 5134 3717
9392 2 2 200 11 3323 5386 2959
9393 2 2 200 11 3457 5021 4957
9394 2 2 200 11 1957 4960 3219
9395 2 2 200 11 2837 4991 4986
9396 2 2 200 11 2276 4985 2444
9397 2 2 200 11 2209 4949 2210
9398 2 2 200 11 2200 3178 2913
9399 2 2 200 11 61 5098 62
9400 2 2 200 11 286 5370 3941
9401 2 2 200 11 2993 5168 5068
9402 2 2 200 11 4123 5139 4124
9403 2 2 200 11 4027 5603 791
9404 2 2 200 11 1984 5131 2133
9405 2 2 200 11 2299 4958 2308
9406 2 2 200 11 2863 5137 3918
9407 2 2 200 11 2946 5085 3455
9408 2 2 200 11 74 5024 75
9409 2 2 200 11 2940 4979 3447
9410 2 2 200 11 3617 5280 3616
9411 2 2 200 11 3795 5519 2363
9412 2 2 200 11 2385 2996 2386
9413 2 2 200 11 1784 5085 2946
9414 2 2 200 11 4122 5139 4121
9415 2 2 200 11 2339 5036 2325
9416 2 2 200 11 2271 5067 2270
9417 2 2 200 11 765 5103 262
9418 2 2 200 11 263 5103 888
9419 2 2 200 11 842 5161 510
9420 2 2 200 11 816 3192 2322
9421 2 2 200 11 633 3254 814
9422 2 2 200 11 2307 4979 2940
9423 2 2 200 11 1204 5006 4869
9424 2 2 200 11 2385 3392 2996
9425 2 2 200 11 3006 5021 3457
9426 2 2 200 11 5004 5094 2845
9427 2 2 200 11 2382 2383 2381
9428 2 2 200 11 2911 4967 2078
9429 2 2 200 11 2959 5386 3205
9430 2 2 200 11 3496 5166 2421
9431 2 2 200 11 3633 5421 835
9432 2 2 200 11 3629 5177 5176
9433 2 2 200 11 916 5025 4774
9434 2 2 200 11 4133 5507 679
9435 2 2 200 11 1766 5053 4259
9436 2 2 200 11 299 5150 5034
9437 2 2 200 11 3303 5004 2115
9438 2 2 200 11 2235 5030 2234
9439 2 2 200 11 790 5106 243
9440 2 2 200 11 2300 4984 2296
9441 2 2 200 11 4008 5182 4014
9442 2 2 200 11 3191 5026 3340
9443 2 2 200 11 782 5109 210
9444 2 2 200 11 211 5109 885
9445 2 2 200 11 48 5031 49
9446 2 2 200 11 2297 4958 2299
9447 2 2 200 11 68 5111 883
9448 2 2 200 11 688 5111 67
9449 2 2 200 11 2377 3243 2958
9450 2 2 200 11 336 5308 826
9451 2 2 200 11 820 3225 628
9452 2 2 200 11 4894 5073 205
9453 2 2 200 11 3246 5029 2239
9454 2 2 200 11 3659 5334 5307
9455 2 2 200 11 2795 3439 2369
9456 2 2 200 11 739 5260 593
9457 2 2 200 11 2293 4984 2291
9458 2 2 200 11 2341 4988 2343
9459 2 2 200 11 3768 5193 5189
9460 2 2 200 11 2358 4971 2350
9461 2 2 200 11 2108 5458 3556
9462 2 2 200 11 4523 5033 3873
9463 2 2 200 11 55 5118 870
9464 2 2 200 11 690 5118 54
9465 2 2 200 11 3846 5144 3844
9466 2 2 200 11 3296 5081 4971
9467 2 2 200 11 710 5281 3491
9468 2 2 200 11 3384 5098 3383
9469 2 2 200 11 300 5034 781
9470 2 2 200 11 318 5047 891
9471 2 2 200 11 800 2339 2325
9472 2 2 200 11 2376 2915 2375
9473 2 2 200 11 4994 5133 2338
9474 2 2 200 11 2355 4988 2341
9475 2 2 200 11 4956 5318 3356
9476 2 2 200 11 2345 4987 2348
9477 2 2 200 11 681 5269 4788
9478 2 2 200 11 4816 4994 2331
9479 2 2 200 11 3636 5364 4348
9480 2 2 200 11 3196 5045 5033
9481 2 2 200 11 4971 5081 2367
9482 2 2 200 11 5038 5152 2984
9483 2 2 200 11 234 5039 235
9484 2 2 200 11 2244 5040 2245
9485 2 2 200 11 1781 5012 1683
9486 2 2 200 11 2352 4971 2367
9487 2 2 200 11 366 5180 367
9488 2 2 200 11 889 5124 186
9489 2 2 200 11 187 5124 674
9490 2 2 200 11 665 5041 113
9491 2 2 200 11 3524 5203 3523
9492 2 2 200 11 3296 4971 2358
9493 2 2 200 11 2281 4992 2279
9494 2 2 200 11 2310 4979 2307
9495 2 2 200 11 4213 5576 4214
9496 2 2 200 11 2390 5044 2392
9497 2 2 200 11 1532 5198 3588
9498 2 2 200 11 2957 5331 3637
9499 2 2 200 11 2350 4971 2352
9500 2 2 200 11 800 2325 2324
9501 2 2 200 11 2737 5079 3883
9502 2 2 200 11 2333 5011 4598
9503 2 2 200 11 857 5175 3770
9504 2 2 200 11 3195 5045 3196
9505 2 2 200 11 2348 4987 2356
9506 2 2 200 11 4500 5083 5021
9507 2 2 200 11 4691 5042 1902
9508 2 2 200 11 2421 5166 2035
9509 2 2 200 11 4703 5043 3763
9510 2 2 200 11 5501 5622 5130
9511 2 2 200 11 16 5135 17
9512 2 2 200 11 328 5136 329
9513 2 2 200 11 2296 4984 2293
9514 2 2 200 11 831 5380 3831
9515 2 2 200 11 799 2795 2369
9516 2 2 200 11 705 5314 3488
9517 2 2 200 11 3509 5480 3510
9518 2 2 200 11 2288 4989 2284
9519 2 2 200 11 4783 5412 3628
9520 2 2 200 11 3586 5056 821
9521 2 2 200 11 2279 4992 2283
9522 2 2 200 11 2196 4996 2198
9523 2 2 200 11 3250 5027 3252
9524 2 2 200 11 4088 5262 2977
9525 2 2 200 11 2943 5387 4072
9526 2 2 200 11 2925 5149 2926
9527 2 2 200 11 3233 5227 5056
9528 2 2 200 11 5137 5483 3918
9529 2 2 200 11 3022 5167 3917
9530 2 2 200 11 2343 4988 2347
9531 2 2 200 11 4134 5612 4132
9532 2 2 200 11 678 5140 214
9533 2 2 200 11 2832 5612 4134
9534 2 2 200 11 3658 5368 3659
9535 2 2 200 11 709 5048 365
9536 2 2 200 11 4998 5008 2836
9537 2 2 200 11 1959 5002 2029
9538 2 2 200 11 5074 5154 2305
9539 2 2 200 11 2210 4949 3366
9540 2 2 200 11 733 5147 180
9541 2 2 200 11 5015 5026 3191
9542 2 2 200 11 5060 5077 3216
9543 2 2 200 11 4639 5148 4638
9544 2 2 200 11 2347 4987 2345
9545 2 2 200 11 3226 5074 4984
9546 2 2 200 11 358 5049 359
9547 2 2 200 11 4830 5079 2737
9548 2 2 200 11 2289 5074 2305
9549 2 2 200 11 2239 5029 5000
9550 2 2 200 11 719 5050 382
9551 2 2 200 11 3649 5416 3492
9552 2 2 200 11 3195 5051 5045
9553 2 2 200 11 3614 5249 3615
9554 2 2 200 11 579 5052 580
9555 2 2 200 11 4924 5558 677
9556 2 2 200 11 3578 5169 2143
9557 2 2 200 11 3977 5167 3023
9558 2 2 200 11 181 5147 867
9559 2 2 200 11 3854 5054 2846
9560 2 2 200 11 3280 5381 4910
9561 2 2 200 11 3379 5220 798
9562 2 2 200 11 223 5055 224
9563 2 2 200 11 2748 5160 2746
9564 2 2 200 11 3529 5022 2854
9565 2 2 200 11 3671 5345 3672
9566 2 2 200 11 3317 3432 3305
9567 2 2 200 11 2170 5069 3866
9568 2 2 200 11 713 5374 4678
9569 2 2 200 11 2284 4989 2287
9570 2 2 200 11 4009 5433 4902
9571 2 2 200 11 79 5145 686
9572 2 2 200 11 5343 5481 3893
9573 2 2 200 11 3659 5307 4990
9574 2 2 200 11 3273 4989 2288
9575 2 2 200 11 3615 5607 3616
9576 2 2 200 11 4585 5051 3195
9577 2 2 200 11 2107 5117 4850
9578 2 2 200 11 4850 5117 3203
9579 2 2 200 11 587 5204 834
9580 2 2 200 11 2848 5053 3187
9581 2 2 200 11 812 5344 3446
9582 2 2 200 11 3207 5369 3208
9583 2 2 200 11 2115 5004 1753
9584 2 2 200 11 2287 4992 2281
9585 2 2 200 11 1753 5004 4926
9586 2 2 200 11 3307 5392 2963
9587 2 2 200 11 655 5150 298
9588 2 2 200 11 3366 5018 2241
9589 2 2 200 11 259 5059 260
9590 2 2 200 11 5091 5298 3666
9591 2 2 200 11 2031 5057 2193
9592 2 2 200 11 2332 4994 2338
9593 2 2 200 11 2143 5169 2144
9594 2 2 200 11 228 5620 4025
9595 2 2 200 11 2715 5176 2712
9596 2 2 200 11 3223 5123 4326
9597 2 2 200 11 3649 5281 572
9598 2 2 200 11 610 5061 895
9599 2 2 200 11 2329 4994 2332
9600 2 2 200 11 2854 5022 4712
9601 2 2 200 11 3704 5496 2883
9602 2 2 200 11 718 5542 3651
9603 2 2 200 11 3582 5315 720
9604 2 2 200 11 458 5223 854
9605 2 2 200 11 892 5426 3576
9606 2 2 200 11 3219 5002 1959
9607 2 2 200 11 3615 5249 3930
9608 2 2 200 11 2169 5077 2170
9609 2 2 200 11 5271 5523 3186
9610 2 2 200 11 4197 5063 4006
9611 2 2 200 11 3267 5037 2984
9612 2 2 200 11 3212 5060 2082
9613 2 2 200 11 896 5064 468
9614 2 2 200 11 2327 5036 2330
9615 2 2 200 11 2963 5392 3244
9616 2 2 200 11 383 5208 384
9617 2 2 200 11 2158 5169 4639
9618 2 2 200 11 4432 5062 2983
9619 2 2 200 11 3709 5289 3169
9620 2 2 200 11 443 5209 444
9621 2 2 200 11 3201 5072 3789
9622 2 2 200 11 2910 5122 3572
9623 2 2 200 11 2170 5077 5069
9624 2 2 200 11 704 5194 3610
9625 2 2 200 11 2331 4994 2329
9626 2 2 200 11 2382 3305 2383
9627 2 2 200 11 4854 5147 733
9628 2 2 200 11 2443 5067 2274
9629 2 2 200 11 194 5158 195
9630 2 2 200 11 1476 5164 1532
9631 2 2 200 11 5027 5157 3331
9632 2 2 200 11 2914 5065 3919
9633 2 2 200 11 215 5140 4899
9634 2 2 200 11 2377 2958 2376
9635 2 2 200 11 140 5594 3440
9636 2 2 200 11 3502 5262 3503
9637 2 2 200 11 4816 5133 4994
9638 2 2 200 11 3269 5513 3268
9639 2 2 200 11 3656 5321 3655
9640 2 2 200 11 512 5222 726
9641 2 2 200 11 4409 5185 3431
9642 2 2 200 11 179 5178 733
9643 2 2 200 11 3526 5071 3527
9644 2 2 200 11 869 5178 178
9645 2 2 200 11 2843 5058 5025
9646 2 2 200 11 681 5322 5269
9647 2 2 200 11 854 5605 3436
9648 2 2 200 11 5148 5567 3199
9649 2 2 200 11 3346 5312 2124
9650 2 2 200 11 3213 5069 3212
9651 2 2 200 11 3269 5145 4898
9652 2 2 200 11 760 5257 34
9653 2 2 200 11 5056 5227 821
9654 2 2 200 11 5034 5150 4321
9655 2 2 200 11 2993 5068 2994
9656 2 2 200 11 2684 5070 3274
9657 2 2 200 11 4187 5482 770
9658 2 2 200 11 478 5221 479
9659 2 2 200 11 4898 5145 78
9660 2 2 200 11 3217 5086 3216
9661 2 2 200 11 3740 5274 759
9662 2 2 200 11 2240 5411 2153
9663 2 2 200 11 2989 5290 3723
9664 2 2 200 11 595 5399 806
9665 2 2 200 11 4124 5199 4909
9666 2 2 200 11 781 5174 301
9667 2 2 200 11 302 5174 887
9668 2 2 200 11 818 5037 2372
9669 2 2 200 11 312 5191 313
9670 2 2 200 11 3496 5274 5166
9671 2 2 200 11 3759 5240 3760
9672 2 2 200 11 3419 5501 3420
9673 2 2 200 11 2320 5195 3190
9674 2 2 200 11 3700 5320 3699
9675 2 2 200 11 4957 5021 1932
9676 2 2 200 11 2274 5067 2271
9677 2 2 200 11 3662 5491 3663
9678 2 2 200 11 4256 5624 4255
9679 2 2 200 11 3443 5194 2937
9680 2 2 200 11 3647 5548 729
9681 2 2 200 11 3703 5496 3704
9682 2 2 200 11 3708 5580 3106
9683 2 2 200 11 4850 5058 2843
9684 2 2 200 11 47 5179 656
9685 2 2 200 11 2029 5002 2318
9686 2 2 200 11 2916 5201 3805
9687 2 2 200 11 3015 5223 457
9688 2 2 200 11 2198 5028 2200
9689 2 2 200 11 205 5073 206
9690 2 2 200 11 2318 4996 2196
9691 2 2 200 11 783 5486 4248
9692 2 2 200 11 794 5181 282
9693 2 2 200 11 5069 5077 3212
9694 2 2 200 11 2753 5075 2852
9695 2 2 200 11 3258 5481 4184
9696 2 2 200 11 886 5214 5096
9697 2 2 200 11 4898 5513 3269
9698 2 2 200 11 143 5184 144
9699 2 2 200 11 770 5446 4187
9700 2 2 200 11 2957 5205 2956
9701 2 2 200 11 2918 5159 3209
9702 2 2 200 11 244 5076 245
9703 2 2 200 11 4204 5211 4203
9704 2 2 200 11 3292 5590 2920
9705 2 2 200 11 538 5241 539
9706 2 2 200 11 3388 5088 4970
9707 2 2 200 11 4202 5078 2566
9708 2 2 200 11 3140 5238 3618
9709 2 2 200 11 2965 5211 4697
9710 2 2 200 11 1932 5083 4626
9711 2 2 200 11 2176 5080 2026
9712 2 2 200 11 4855 5257 760
9713 2 2 200 11 2845 5094 4832
9714 2 2 200 11 22 5354 830
9715 2 2 200 11 2997 5151 2386
9716 2 2 200 11 3645 5159 2971
9717 2 2 200 11 891 5434 319
9718 2 2 200 11 320 5434 860
9719 2 2 200 11 668 5255 4909
9720 2 2 200 11 2308 5066 3276
9721 2 2 200 11 3688 5213 3687
9722 2 2 200 11 3557 5202 2338
9723 2 2 200 11 810 5469 334
9724 2 2 200 11 776 5190 236
9725 2 2 200 11 237 5190 882
9726 2 2 200 11 2104 5219 2105
9727 2 2 200 11 3285 5598 3235
9728 2 2 200 11 95 5082 96
9729 2 2 200 11 3670 5358 369
9730 2 2 200 11 1687 5085 1784
9731 2 2 200 11 717 5248 371
9732 2 2 200 11 3096 5217 3094
9733 2 2 200 11 3233 5056 2911
9734 2 2 200 11 5021 5083 1932
9735 2 2 200 11 209 5192 782
9736 2 2 200 11 4909 5255 4124
9737 2 2 200 11 3738 5617 2989
9738 2 2 200 11 2781 5219 4427
9739 2 2 200 11 2913 5023 5022
9740 2 2 200 11 3180 5090 3161
9741 2 2 200 11 3697 5320 3698
9742 2 2 200 11 3548 5110 3549
9743 2 2 200 11 4090 5235 5065
9744 2 2 200 11 812 5339 618
9745 2 2 200 11 4897 5598 3285
9746 2 2 200 11 355 5254 356
9747 2 2 200 11 801 5100 3324
9748 2 2 200 11 3490 5130 3489
9749 2 2 200 11 4204 5437 876
9750 2 2 200 11 4185 5225 3406
9751 2 2 200 11 683 5196 253
9752 2 2 200 11 284 5197 657
9753 2 2 200 11 3428 5083 4500
9754 2 2 200 11 2858 5084 3337
9755 2 2 200 11 3664 5091 3665
9756 2 2 200 11 4466 5243 4467
9757 2 2 200 11 667 5568 3989
9758 2 2 200 11 3729 5385 492
9759 2 2 200 11 420 5261 421
9760 2 2 200 11 222 5199 788
9761 2 2 200 11 3710 5421 3262
9762 2 2 200 11 2291 5074 2289
9763 2 2 200 11 2772 5091 4647
9764 2 2 200 11 4135 5285 2832
9765 2 2 200 11 3494 5132 3493
9766 2 2 200 11 665 5240 3759
9767 2 2 200 11 3082 5228 3080
9768 2 2 200 11 4903 5325 792
9769 2 2 200 11 4783 5495 2715
9770 2 2 200 11 2799 5089 2802
9771 2 2 200 11 2948 5212 4657
9772 2 2 200 11 5101 5475 3474
9773 2 2 200 11 2704 5256 3262
9774 2 2 200 11 4935 5400 723
9775 2 2 200 11 3597 5489 3596
9776 2 2 200 11 3531 5162 3000
9777 2 2 200 11 4445 5228 2921
9778 2 2 200 11 746 5254 4947
9779 2 2 200 11 3181 5079 4830
9780 2 2 200 11 4249 5233 2991
9781 2 2 200 11 3798 5234 2967
9782 2 2 200 11 2990 5233 3270
9783 2 2 200 11 4134 5579 4135
9784 2 2 200 11 31 5227 32
9785 2 2 200 11 151 5206 671
9786 2 2 200 11 2195 5086 4678
9787 2 2 200 11 3722 5413 708
9788 2 2 200 11 2263 5232 3421
9789 2 2 200 11 2138 5232 1908
9790 2 2 200 11 4217 5093 3843
9791 2 2 200 11 3612 5430 3613
9792 2 2 200 11 3473 5300 3475
9793 2 2 200 11 891 5618 5434
9794 2 2 200 11 3616 5280 695
9795 2 2 200 11 5135 5550 894
9796 2 2 200 11 560 5095 561
9797 2 2 200 11 388 5275 3648
9798 2 2 200 11 705 5275 387
9799 2 2 200 11 3431 5185 4974
9800 2 2 200 11 4108 5097 2986
9801 2 2 200 11 763 5210 136
9802 2 2 200 11 482 5264 650
9803 2 2 200 11 3139 5238 3140
9804 2 2 200 11 2972 5236 1982
9805 2 2 200 11 2060 5236 3287
9806 2 2 200 11 3607 5292 2920
9807 2 2 200 11 4984 5074 2291
9808 2 2 200 11 658 5098 61
9809 2 2 200 11 3604 5544 3607
9810 2 2 200 11 2776 5239 2774
9811 2 2 200 11 217 5218 218
9812 2 2 200 11 676 5215 201
9813 2 2 200 11 5012 5123 4765
9814 2 2 200 11 4326 5123 5012
9815 2 2 200 11 256 5220 257
9816 2 2 200 11 3627 5412 707
9817 2 2 200 11 3675 5131 3676
9818 2 2 200 11 307 5096 308
9819 2 2 200 11 2964 5242 3991
9820 2 2 200 11 573 5281 710
9821 2 2 200 11 442 5280 443
9822 2 2 200 11 715 5205 3728
9823 2 2 200 11 4402 5099 4247
9824 2 2 200 11 3479 5172 2260
9825 2 2 200 11 732 5231 166
9826 2 2 200 11 167 5231 866
9827 2 2 200 11 732 5432 4671
9828 2 2 200 11 3520 5246 3519
9829 2 2 200 11 1485 5170 1517
9830 2 2 200 11 3039 5102 3934
9831 2 2 200 11 530 5101 531
9832 2 2 200 11 3247 5244 2759
9833 2 2 200 11 2133 5238 4607
9834 2 2 200 11 262 5103 263
9835 2 2 200 11 2200 5028 3178
9836 2 2 200 11 4124 5255 2831
9837 2 2 200 11 725 5289 3709
9838 2 2 200 11 3768 5263 861
9839 2 2 200 11 810 5589 5469
9840 2 2 200 11 688 5363 3976
9841 2 2 200 11 3223 5164 5123
9842 2 2 200 11 3429 5214 3204
9843 2 2 200 11 3692 5409 3693
9844 2 2 200 11 3278 5540 3277
9845 2 2 200 11 582 5104 583
9846 2 2 200 11 3445 5094 3303
9847 2 2 200 11 4083 5259 4084
9848 2 2 200 11 3391 5259 3202
9849 2 2 200 11 4896 5108 793
9850 2 2 200 11 3678 5554 3290
9851 2 2 200 11 804 5388 20
9852 2 2 200 11 619 5339 857
9853 2 2 200 11 4980 5213 3688
9854 2 2 200 11 4909 5199 221
9855 2 2 200 11 659 5229 272
9856 2 2 200 11 3794 5377 3796
9857 2 2 200 11 2383 5032 2385
9858 2 2 200 11 3910 5108 2942
9859 2 2 200 11 2367 5081 3347
9860 2 2 200 11 3601 5200 2862
9861 2 2 200 11 3238 5251 2974
9862 2 2 200 11 3505 5528 3745
9863 2 2 200 11 243 5106 244
9864 2 2 200 11 2127 5107 2132
9865 2 2 200 11 244 5106 5076
9866 2 2 200 11 210 5109 211
9867 2 2 200 11 354 5305 355
9868 2 2 200 11 4996 5028 2198
9869 2 2 200 11 716 5306 568
9870 2 2 200 11 4539 5462 887
9871 2 2 200 11 3214 5383 3778
9872 2 2 200 11 751 5273 3670
9873 2 2 200 11 3653 5321 3654
9874 2 2 200 11 3475 5447 5427
9875 2 2 200 11 67 5111 68
9876 2 2 200 11 142 5235 143
9877 2 2 200 11 4788 5269 4786
9878 2 2 200 11 3685 5539 4444
9879 2 2 200 11 2941 5113 3544
9880 2 2 200 11 2989 5617 3291
9881 2 2 200 11 659 5403 3573
9882 2 2 200 11 4212 5576 4213
9883 2 2 200 11 4880 5304 865
9884 2 2 200 11 112 5240 665
9885 2 2 200 11 1902 5250 1737
9886 2 2 200 11 848 5314 385
9887 2 2 200 11 386 5314 705
9888 2 2 200 11 3475 5427 841
9889 2 2 200 11 547 5315 3652
9890 2 2 200 11 720 5315 546
9891 2 2 200 11 4786 5269 3851
9892 2 2 200 11 844 5317 3619
9893 2 2 200 11 3684 5119 3681
9894 2 2 200 11 3816 5116 3905
9895 2 2 200 11 3310 5175 2310
9896 2 2 200 11 839 5318 543
9897 2 2 200 11 575 5319 850
9898 2 2 200 11 710 5319 574
9899 2 2 200 11 3226 5154 5074
9900 2 2 200 11 3309 5504 3758
9901 2 2 200 11 2385 5032 3392
9902 2 2 200 11 202 5215 4895
9903 2 2 200 11 54 5118 55
9904 2 2 200 11 5164 5198 1532
9905 2 2 200 11 2883 5272 2882
9906 2 2 200 11 668 5346 5255
9907 2 2 200 11 2978 5273 4458
9908 2 2 200 11 3420 5501 5130
9909 2 2 200 11 819 5127 3256
9910 2 2 200 11 310 5114 311
9911 2 2 200 11 3281 5267 4589
9912 2 2 200 11 3193 5353 3924
9913 2 2 200 11 72 5253 73
9914 2 2 200 11 2384 5143 2381
9915 2 2 200 11 4322 5429 655
9916 2 2 200 11 5009 5179 46
9917 2 2 200 11 3272 5593 3619
9918 2 2 200 11 4408 5365 3654
9919 2 2 200 11 3654 5365 742
9920 2 2 200 11 4070 5121 3138
9921 2 2 200 11 4970 5088 2885
9922 2 2 200 11 4832 5230 3462
9923 2 2 200 11 3049 5291 2893
9924 2 2 200 11 5098 5419 62
9925 2 2 200 11 5037 5038 2984
9926 2 2 200 11 2924 5286 1905
9927 2 2 200 11 157 5258 673
9928 2 2 200 11 2938 5290 2989
9929 2 2 200 11 816 5087 3192
9930 2 2 200 11 2832 5285 4115
9931 2 2 200 11 759 5553 5362
9932 2 2 200 11 3311 5117 2107
9933 2 2 200 11 186 5124 187
9934 2 2 200 11 3271 5534 3608
9935 2 2 200 11 4843 5138 3238
9936 2 2 200 11 805 5226 4961
9937 2 2 200 11 2825 5297 2824
9938 2 2 200 11 2829 5297 3008
9939 2 2 200 11 2920 5292 1978
9940 2 2 200 11 2477 5125 2572
9941 2 2 200 11 4425 5279 3693
9942 2 2 200 11 2774 5298 2771
9943 2 2 200 11 2217 5300 3473
9944 2 2 200 11 2951 5300 2094
9945 2 2 200 11 370 5358 717
9946 2 2 200 11 475 5128 476
9947 2 2 200 11 3000 5151 2997
9948 2 2 200 11 390 5126 391
9949 2 2 200 11 766 5268 84
9950 2 2 200 11 3305 5032 2383
9951 2 2 200 11 2982 5129 3992
9952 2 2 200 11 581 5366 747
9953 2 2 200 11 2911 5056 4967
9954 2 2 200 11 1764 5292 1766
9955 2 2 200 11 3210 5400 4935
9956 2 2 200 11 3199 5284 2980
9957 2 2 200 11 5348 5619 730
9958 2 2 200 11 17 5135 894
9959 2 2 200 11 893 5136 328
9960 2 2 200 11 2979 5307 2808
9961 2 2 200 11 4839 5485 3185
9962 2 2 200 11 2256 5171 2254
9963 2 2 200 11 195 5276 196
9964 2 2 200 11 653 5355 309
9965 2 2 200 11 3620 5134 836
9966 2 2 200 11 2183 5131 1984
9967 2 2 200 11 493 5385 741
9968 2 2 200 11 669 5483 5137
9969 2 2 200 11 3557 5299 5202
9970 2 2 200 11 2890 5200 3505
9971 2 2 200 11 3464 5583 663
9972 2 2 200 11 477 5371 478
9973 2 2 200 11 4415 5521 3698
9974 2 2 200 11 780 5278 97
9975 2 2 200 11 3063 5322 4256
9976 2 2 200 11 759 5362 473
9977 2 2 200 11 474 5362 853
9978 2 2 200 11 2387 5325 3218
9979 2 2 200 11 297 5283 655
9980 2 2 200 11 3337 5412 4783
9981 2 2 200 11 3440 5137 2863
9982 2 2 200 11 3290 5554 2972
9983 2 2 200 11 2966 5304 4585
9984 2 2 200 11 727 5138 4843
9985 2 2 200 11 2199 5168 2197
9986 2 2 200 11 2152 5186 3583
9987 2 2 200 11 2340 5202 2361
9988 2 2 200 11 3173 5332 4056
9989 2 2 200 11 228 5293 229
9990 2 2 200 11 4558 5350 4110
9991 2 2 200 11 3666 5522 696
9992 2 2 200 11 5274 5553 759
9993 2 2 200 11 3654 5347 4408
9994 2 2 200 11 4121 5139 4123
9995 2 2 200 11 425 5138 727
9996 2 2 200 11 103 5296 104
9997 2 2 200 11 281 5295 794
9998 2 2 200 11 4095 5346 4096
9999 2 2 200 11 2922 5341 3183
10000 2 2 200 11 871 5350 4558
10001 2 2 200 11 2815 5334 2820
10002 2 2 200 11 4283 5331 2651
10003 2 2 200 11 2653 5331 2957
10004 2 2 200 11 3285 5283 4897
10005 2 2 200 11 2225 5337 2233
10006 2 2 200 11 4329 5337 2223
10007 2 2 200 11 4904 5258 156
10008 2 2 200 11 2381 5143 827
10009 2 2 200 11 214 5140 215
10010 2 2 200 11 874 5454 4262
10011 2 2 200 11 654 5311 176
10012 2 2 200 11 177 5311 869
10013 2 2 200 11 3844 5144 4064
10014 2 2 200 11 2984 5152 2304
10015 2 2 200 11 5076 5234 664
10016 2 2 200 11 3318 5555 3460
10017 2 2 200 11 3698 5440 4415
10018 2 2 200 11 867 5212 4877
10019 2 2 200 11 3906 5441 4043
10020 2 2 200 11 5096 5214 3429
10021 2 2 200 11 4879 5216 4880
10022 2 2 200 11 2822 5347 2825
10023 2 2 200 11 4408 5347 2819
10024 2 2 200 11 2746 5349 2743
10025 2 2 200 11 841 5427 532
10026 2 2 200 11 533 5427 3727
10027 2 2 200 11 3434 5575 5024
10028 2 2 200 11 3212 5077 5060
10029 2 2 200 11 85 5268 4910
10030 2 2 200 11 4541 5207 4542
10031 2 2 200 11 3501 5287 59
10032 2 2 200 11 3651 5542 5070
10033 2 2 200 11 3331 5265 3436
10034 2 2 200 11 3727 5183 722
10035 2 2 200 11 3720 5173 3721
10036 2 2 200 11 2862 5200 2357
10037 2 2 200 11 3642 5348 730
10038 2 2 200 11 2138 5493 5232
10039 2 2 200 11 4348 5364 2647
10040 2 2 200 11 102 5313 778
10041 2 2 200 11 544 5318 4956
10042 2 2 200 11 4765 5123 1478
10043 2 2 200 11 3903 5394 3450
10044 2 2 200 11 4835 5357 4836
10045 2 2 200 11 3334 5141 2864
10046 2 2 200 11 3546 5245 3545
10047 2 2 200 11 781 5503 5174
10048 2 2 200 11 3941 5460 777
10049 2 2 200 11 3624 5599 5286
10050 2 2 200 11 2945 5378 3179
10051 2 2 200 11 231 5324 232
10052 2 2 200 11 4283 5364 3635
10053 2 2 200 11 3124 5382 3125
10054 2 2 200 11 5157 5265 3331
10055 2 2 200 11 2949 5216 4571
10056 2 2 200 11 4421 5584 3300
10057 2 2 200 11 5 5474 609
10058 2 2 200 11 2698 5379 4352
10059 2 2 200 11 608 5474 5
10060 2 2 200 11 138 5328 669
10061 2 2 200 11 3698 5521 838
10062 2 2 200 11 3721 5561 712
10063 2 2 200 11 5065 5235 773
10064 2 2 200 11 4190 5404 3989
10065 2 2 200 11 469 5477 4
10066 2 2 200 11 4 5477 330
10067 2 2 200 11 3501 5394 3220
10068 2 2 200 11 78 5145 79
10069 2 2 200 11 3661 5491 3660
10070 2 2 200 11 4897 5283 296
10071 2 2 200 11 4997 5278 3397
10072 2 2 200 11 4965 5250 1902
10073 2 2 200 11 3702 5496 3701
10074 2 2 200 11 5240 5372 3760
10075 2 2 200 11 3359 5149 2925
10076 2 2 200 11 53 5335 690
10077 2 2 200 11 3466 5490 3780
10078 2 2 200 11 4089 5406 4090
10079 2 2 200 11 464 5142 465
10080 2 2 200 11 2971 5159 2918
10081 2 2 200 11 4188 5404 4189
10082 2 2 200 11 3559 5192 3560
10083 2 2 200 11 755 5146 423
10084 2 2 200 11 4882 5272 2932
10085 2 2 200 11 3941 5370 3411
10086 2 2 200 11 697 5554 3678
10087 2 2 200 11 3257 5415 3986
10088 2 2 200 11 3988 5415 3987
10089 2 2 200 11 882 5342 238
10090 2 2 200 11 3907 5357 4835
10091 2 2 200 11 239 5342 682
10092 2 2 200 11 2921 5400 3210
10093 2 2 200 11 83 5343 766
10094 2 2 200 11 884 5343 82
10095 2 2 200 11 4961 5226 3219
10096 2 2 200 11 758 5383 3732
10097 2 2 200 11 4917 5295 280
10098 2 2 200 11 709 5512 5048
10099 2 2 200 11 3179 5256 4874
10100 2 2 200 11 180 5147 181
10101 2 2 200 11 1 5487 456
10102 2 2 200 11 622 5488 3
10103 2 2 200 11 2856 5213 4980
10104 2 2 200 11 2386 5151 5120
10105 2 2 200 11 3724 5153 3766
10106 2 2 200 11 329 5487 1
10107 2 2 200 11 3 5488 16
10108 2 2 200 11 5279 5601 3695
10109 2 2 200 11 5013 5511 2952
10110 2 2 200 11 35 5402 36
10111 2 2 200 11 3599 5165 2248
10112 2 2 200 11 298 5150 299
10113 2 2 200 11 3446 5154 3226
10114 2 2 200 11 65 5363 66
10115 2 2 200 11 2338 5202 2336
10116 2 2 200 11 3441 5425 4076
10117 2 2 200 11 3347 5623 2862
10118 2 2 200 11 3354 5282 4062
10119 2 2 200 11 3508 5451 4201
10120 2 2 200 11 4638 5148 3199
10121 2 2 200 11 657 5370 285
10122 2 2 200 11 3822 5506 3413
10123 2 2 200 11 768 5372 110
10124 2 2 200 11 2932 5534 3271
10125 2 2 200 11 2912 5133 4816
10126 2 2 200 11 71 5376 72
10127 2 2 200 11 4955 5381 3279
10128 2 2 200 11 3741 5206 150
10129 2 2 200 11 4429 5428 2924
10130 2 2 200 11 4990 5307 2979
10131 2 2 200 11 3224 5451 3391
10132 2 2 200 11 4234 5460 3222
10133 2 2 200 11 3081 5440 3082
10134 2 2 200 11 4415 5440 3084
10135 2 2 200 11 4246 5453 4245
10136 2 2 200 11 4262 5454 3297
10137 2 2 200 11 2852 5489 4862
10138 2 2 200 11 3345 5497 3248
10139 2 2 200 11 3940 5460 3941
10140 2 2 200 11 670 5389 207
10141 2 2 200 11 3275 5467 4133
10142 2 2 200 11 3986 5467 3985
10143 2 2 200 11 3316 5163 2955
10144 2 2 200 11 2865 5456 2866
10145 2 2 200 11 5123 5164 1478
10146 2 2 200 11 3231 5483 3266
10147 2 2 200 11 673 5574 4908
10148 2 2 200 11 2093 5459 2861
10149 2 2 200 11 5159 5351 3209
10150 2 2 200 11 664 5401 246
10151 2 2 200 11 4192 5482 4191
10152 2 2 200 11 861 5263 3563
10153 2 2 200 11 4186 5482 4187
10154 2 2 200 11 4416 5602 3661
10155 2 2 200 11 3232 5461 3476
10156 2 2 200 11 4196 5499 3375
10157 2 2 200 11 735 5155 590
10158 2 2 200 11 271 5403 659
10159 2 2 200 11 2951 5447 5300
10160 2 2 200 11 3180 5112 5090
10161 2 2 200 11 3304 5472 2191
10162 2 2 200 11 654 5546 5311
10163 2 2 200 11 4029 5603 4027
10164 2 2 200 11 165 5432 732
10165 2 2 200 11 2363 5524 3795
10166 2 2 200 11 3329 5604 3976
10167 2 2 200 11 3386 5156 3339
10168 2 2 200 11 691 5327 4852
10169 2 2 200 11 3732 5383 3215
10170 2 2 200 11 4132 5612 2595
10171 2 2 200 11 4975 5338 3172
10172 2 2 200 11 865 5432 164
10173 2 2 200 11 92 5417 684
10174 2 2 200 11 3717 5310 3716
10175 2 2 200 11 667 5418 126
10176 2 2 200 11 2597 5612 2832
10177 2 2 200 11 4096 5526 2987
10178 2 2 200 11 4105 5536 4199
10179 2 2 200 11 63 5419 797
10180 2 2 200 11 4077 5562 4078
10181 2 2 200 11 3608 5534 837
10182 2 2 200 11 729 5548 3706
10183 2 2 200 11 2794 5558 4192
10184 2 2 200 11 98 5278 4997
10185 2 2 200 11 3737 5356 1711
10186 2 2 200 11 672 5158 194
10187 2 2 200 11 122 5431 771
10188 2 2 200 11 878 5431 121
10189 2 2 200 11 2233 5602 2227
10190 2 2 200 11 3140 5607 2117
10191 2 2 200 11 2229 5602 4416
10192 2 2 200 11 117 5585 4135
10193 2 2 200 11 745 5159 3645
10194 2 2 200 11 4566 5502 2183
10195 2 2 200 11 3374 5529 3118
10196 2 2 200 11 193 5433 672
10197 2 2 200 11 5296 5624 4256
10198 2 2 200 11 3731 5163 731
10199 2 2 200 11 218 5435 219
10200 2 2 200 11 3106 5580 3104
10201 2 2 200 11 4647 5626 3321
10202 2 2 200 11 255 5436 798
10203 2 2 200 11 44 5437 772
10204 2 2 200 11 876 5437 43
10205 2 2 200 11 885 5439 212
10206 2 2 200 11 213 5439 678
10207 2 2 200 11 4481 5574 4336
10208 2 2 200 11 128 5446 770
10209 2 2 200 11 3206 5160 2748
10210 2 2 200 11 510 5161 511
10211 2 2 200 11 5118 5282 870
10212 2 2 200 11 257 5457 258
10213 2 2 200 11 4948 5335 52
10214 2 2 200 11 887 5462 303
10215 2 2 200 11 304 5462 691
10216 2 2 200 11 3384 5419 5098
10217 2 2 200 11 4524 5557 3443
10218 2 2 200 11 3204 5214 3237
10219 2 2 200 11 2035 5166 2034
10220 2 2 200 11 3556 5397 3359
10221 2 2 200 11 2091 5523 2785
10222 2 2 200 11 5075 5105 2852
10223 2 2 200 11 808 5465 3505
10224 2 2 200 11 3291 5541 4690
10225 2 2 200 11 3420 5533 4716
10226 2 2 200 11 5325 5616 792
10227 2 2 200 11 3023 5167 3022
10228 2 2 200 11 4823 5470 3286
10229 2 2 200 11 104 5479 105
10230 2 2 200 11 294 5486 783
10231 2 2 200 11 4839 5494 2241
10232 2 2 200 11 1478 5164 1476
10233 2 2 200 11 4707 5531 3306
10234 2 2 200 11 123 5505 124
10235 2 2 200 11 227 5620 228
10236 2 2 200 11 4862 5489 3597
10237 2 2 200 11 4892 5403 270
10238 2 2 200 11 120 5507 878
10239 2 2 200 11 679 5507 119
10240 2 2 200 11 661 5381 4955
10241 2 2 200 11 2144 5169 2158
10242 2 2 200 11 274 5614 769
10243 2 2 200 11 247 5518 248
10244 2 2 200 11 5188 5423 3197
10245 2 2 200 11 4192 5558 4924
10246 2 2 200 11 3570 5193 3768
10247 2 2 200 11 770 5520 129
10248 2 2 200 11 64 5527 65
10249 2 2 200 11 3563 5326 892
10250 2 2 200 11 3353 5282 3354
10251 2 2 200 11 669 5594 139
10252 2 2 200 11 117 5579 118
10253 2 2 200 11 682 5543 240
10254 2 2 200 11 124 5568 125
10255 2 2 200 11 2377 5485 4839
10256 2 2 200 11 301 5174 302
10257 2 2 200 11 785 5585 116
10258 2 2 200 11 899 5471 901
10259 2 2 200 11 663 5583 100
10260 2 2 200 11 76 5575 779
10261 2 2 200 11 5111 5562 883
10262 2 2 200 11 3276 5549 3310
10263 2 2 200 11 2347 5157 5027
10264 2 2 200 11 2305 5154 3341
10265 2 2 200 11 2712 5176 2711
10266 2 2 200 11 4854 5596 4784
10267 2 2 200 11 3274 5542 4543
10268 2 2 200 11 3352 5188 3197
10269 2 2 200 11 2152 5411 5186
10270 2 2 200 11 2260 5329 2253
10271 2 2 200 11 3476 5241 3333
10272 2 2 200 11 46 5179 47
10273 2 2 200 11 3365 5206 3741
10274 2 2 200 11 4902 5433 192
10275 2 2 200 11 178 5178 179
10276 2 2 200 11 5158 5540 3278
10277 2 2 200 11 5052 5366 580
10278 2 2 200 11 3313 5257 4855
10279 2 2 200 11 752 5279 3695
10280 2 2 200 11 1789 5443 1791
10281 2 2 200 11 3371 5303 2953
10282 2 2 200 11 367 5180 751
10283 2 2 200 11 3167 5234 5076
10284 2 2 200 11 4015 5207 4541
10285 2 2 200 11 2954 5157 4988
10286 2 2 200 11 704 5461 5194
10287 2 2 200 11 282 5181 283
10288 2 2 200 11 5161 5222 511
10289 2 2 200 11 4007 5182 4008
10290 2 2 200 11 4988 5157 2347
10291 2 2 200 11 733 5596 4854
10292 2 2 200 11 4360 5183 2951
10293 2 2 200 11 1517 5170 1552
10294 2 2 200 11 893 5237 5136
10295 2 2 200 11 644 5330 648
10296 2 2 200 11 5385 5626 741
10297 2 2 200 11 761 5191 312
10298 2 2 200 11 5207 5552 4542
10299 2 2 200 11 3964 5270 893
10300 2 2 200 11 807 5203 3756
10301 2 2 200 11 2958 5189 2376
10302 2 2 200 11 144 5184 675
10303 2 2 200 11 4963 5390 760
10304 2 2 200 11 130 5520 4924
10305 2 2 200 11 4924 5520 4192
10306 2 2 200 11 904 5610 902
10307 2 2 200 11 4390 5185 4409
10308 2 2 200 11 4679 5577 4805
10309 2 2 200 11 2868 5509 2988
10310 2 2 200 11 5146 5251 3238
10311 2 2 200 11 5213 5391 3687
10312 2 2 200 11 2287 5266 4992
10313 2 2 200 11 4852 5463 4851
10314 2 2 200 11 3416 5229 3415
10315 2 2 200 11 5346 5435 4096
10316 2 2 200 11 2977 5262 3502
10317 2 2 200 11 5530 5558 3358
10318 2 2 200 11 3436 5605 3330
10319 2 2 200 11 5090 5112 2286
10320 2 2 200 11 3624 5286 3622
10321 2 2 200 11 4849 5438 692
10322 2 2 200 11 3403 5306 3402
10323 2 2 200 11 236 5190 237
10324 2 2 200 11 5286 5599 2104
10325 2 2 200 11 627 5359 800
10326 2 2 200 11 2981 5171 2256
10327 2 2 200 11 208 5192 209
10328 2 2 200 11 2772 5298 5091
10329 2 2 200 11 2960 5390 3233
10330 2 2 200 11 3530 5566 3256
10331 2 2 200 11 4974 5185 743
10332 2 2 200 11 686 5242 4891
10333 2 2 200 11 4977 5312 3176
10334 2 2 200 11 3341 5344 3567
10335 2 2 200 11 893 5270 5237
10336 2 2 200 11 3315 5405 4953
10337 2 2 200 11 4826 5484 2268
10338 2 2 200 11 3282 5195 2320
10339 2 2 200 11 253 5196 254
10340 2 2 200 11 283 5197 284
10341 2 2 200 11 2937 5194 4739
10342 2 2 200 11 3262 5421 3261
10343 2 2 200 11 5181 5197 283
10344 2 2 200 11 3233 5390 4963
10345 2 2 200 11 2950 5198 3223
10346 2 2 200 11 5176 5177 2711
10347 2 2 200 11 221 5199 222
10348 2 2 200 11 59 5287 60
10349 2 2 200 11 3223 5198 5164
10350 2 2 200 11 3444 5572 806
10351 2 2 200 11 3298 5201 2916
10352 2 2 200 11 2954 5265 5157
10353 2 2 200 11 5120 5151 3073
10354 2 2 200 11 796 5291 4894
10355 2 2 200 11 2253 5329 2255
10356 2 2 200 11 586 5204 587
10357 2 2 200 11 828 5485 2374
10358 2 2 200 11 5330 5423 5188
10359 2 2 200 11 150 5206 151
10360 2 2 200 11 2310 5175 4979
10361 2 2 200 11 3545 5245 5089
10362 2 2 200 11 3190 5601 5279
10363 2 2 200 11 2861 5459 5110
10364 2 2 200 11 3527 5220 3379
10365 2 2 200 11 4905 5201 789
10366 2 2 200 11 3543 5271 833
10367 2 2 200 11 4454 5478 5013
10368 2 2 200 11 4947 5254 3327
10369 2 2 200 11 3392 5316 2996
10370 2 2 200 11 3505 5465 3239
10371 2 2 200 11 898 5464 897
10372 2 2 200 11 384 5208 848
10373 2 2 200 11 3756 5560 3755
10374 2 2 200 11 444 5209 753
10375 2 2 200 11 4203 5211 2965
10376 2 2 200 11 4249 5486 293
10377 2 2 200 11 821 5227 31
10378 2 2 200 11 5189 5263 3768
10379 2 2 200 11 1946 5533 3490
10380 2 2 200 11 136 5210 137
10381 2 2 200 11 3529 5277 2201
10382 2 2 200 11 5174 5503 3385
10383 2 2 200 11 4056 5398 3255
10384 2 2 200 11 2357 5200 2890
10385 2 2 200 11 5160 5561 3721
10386 2 2 200 11 2257 5566 2259
10387 2 2 200 11 5242 5597 3991
10388 2 2 200 11 2376 5189 2915
10389 2 2 200 11 833 5271 3603
10390 2 2 200 11 5020 5444 3225
10391 2 2 200 11 310 5355 5114
10392 2 2 200 11 3399 5619 5348
10393 2 2 200 11 3340 5212 2948
10394 2 2 200 11 201 5215 202
10395 2 2 200 11 4400 5213 2856
10396 2 2 200 11 5024 5575 75
10397 2 2 200 11 3185 5485 828
10398 2 2 200 11 3117 5217 3096
10399 2 2 200 11 787 5218 217
10400 2 2 200 11 2105 5219 2781
10401 2 2 200 11 798 5220 256
10402 2 2 200 11 3351 5562 5111
10403 2 2 200 11 5206 5453 671
10404 2 2 200 11 5108 5473 793
10405 2 2 200 11 2985 5524 2354
10406 2 2 200 11 4062 5282 5118
10407 2 2 200 11 2956 5205 4929
10408 2 2 200 11 2336 5202 2340
10409 2 2 200 11 897 5464 3013
10410 2 2 200 11 3693 5279 752
10411 2 2 200 11 802 5360 4964
10412 2 2 200 11 5299 5395 3371
10413 2 2 200 11 880 5393 4912
10414 2 2 200 11 3221 5380 4982
10415 2 2 200 11 1766 5247 5053
10416 2 2 200 11 2033 5541 3494
10417 2 2 200 11 511 5222 512
10418 2 2 200 11 3718 5310 4543
10419 2 2 200 11 479 5221 758
10420 2 2 200 11 745 5351 5159
10421 2 2 200 11 3567 5344 812
10422 2 2 200 11 2363 5519 2365
10423 2 2 200 11 826 5517 5023
10424 2 2 200 11 674 5207 4901
10425 2 2 200 11 2268 5484 2258
10426 2 2 200 11 457 5223 458
10427 2 2 200 11 5185 5302 743
10428 2 2 200 11 3246 5503 4759
10429 2 2 200 11 3180 5410 3472
10430 2 2 200 11 5212 5573 4657
10431 2 2 200 11 3182 5225 4185
10432 2 2 200 11 2802 5224 4420
10433 2 2 200 11 2201 5277 5068
10434 2 2 200 11 4722 5448 811
10435 2 2 200 11 5132 5541 3291
10436 2 2 200 11 5192 5389 3560
10437 2 2 200 11 3080 5228 4445
10438 2 2 200 11 693 5216 4879
10439 2 2 200 11 5130 5533 3420
10440 2 2 200 11 60 5287 658
10441 2 2 200 11 4214 5576 875
10442 2 2 200 11 803 5323 3964
10443 2 2 200 11 272 5229 273
10444 2 2 200 11 4677 5374 4679
10445 2 2 200 11 5137 5594 669
10446 2 2 200 11 768 5499 5372
10447 2 2 200 11 166 5231 167
10448 2 2 200 11 4852 5327 2992
10449 2 2 200 11 872 5332 4916
10450 2 2 200 11 3910 5473 5108
10451 2 2 200 11 711 5590 5305
10452 2 2 200 11 2025 5586 4941
10453 2 2 200 11 1908 5232 2263
10454 2 2 200 11 5241 5466 3333
10455 2 2 200 11 2991 5233 2990
10456 2 2 200 11 3315 5470 3644
10457 2 2 200 11 2967 5234 3167
10458 2 2 200 11 4090 5406 5184
10459 2 2 200 11 3687 5391 750
10460 2 2 200 11 5156 5401 664
10461 2 2 200 11 4679 5374 4828
10462 2 2 200 11 3547 5609 5110
10463 2 2 200 11 5023 5517 5022
10464 2 2 200 11 5022 5517 4712
10465 2 2 200 11 2926 5508 4823
10466 2 2 200 11 855 5395 3461
10467 2 2 200 11 715 5578 5205
10468 2 2 200 11 4390 5302 5185
10469 2 2 200 11 773 5235 142
10470 2 2 200 11 1982 5236 2060
10471 2 2 200 11 3723 5290 714
10472 2 2 200 11 3205 5468 3752
10473 2 2 200 11 3312 5452 3211
10474 2 2 200 11 5013 5478 748
10475 2 2 200 11 674 5552 5207
10476 2 2 200 11 5426 5537 3576
10477 2 2 200 11 5163 5502 2955
10478 2 2 200 11 3271 5239 2776
10479 2 2 200 11 2802 5245 5224
10480 2 2 200 11 3242 5395 5299
10481 2 2 200 11 5224 5252 4420
10482 2 2 200 11 4884 5341 765
10483 2 2 200 11 4823 5508 3575
10484 2 2 200 11 5438 5628 692
10485 2 2 200 11 749 5241 538
10486 2 2 200 11 111 5240 112
10487 2 2 200 11 4607 5238 3139
10488 2 2 200 11 3536 5250 4965
10489 2 2 200 11 5239 5522 3666
10490 2 2 200 11 846 5249 3614
10491 2 2 200 11 5216 5516 4880
10492 2 2 200 11 4320 5429 4322
10493 2 2 200 11 3633 5379 4406
10494 2 2 200 11 1711 5356 4978
10495 2 2 200 11 3644 5470 737
10496 2 2 200 11 4982 5380 3497
10497 2 2 200 11 3908 5532 4895
10498 2 2 200 11 900 5559 1503
10499 2 2 200 11 4184 5242 2964
10500 2 2 200 11 3187 5544 3603
10501 2 2 200 11 2759 5244 3260
10502 2 2 200 11 3320 5531 4918
10503 2 2 200 11 3930 5249 3259
10504 2 2 200 11 371 5248 372
10505 2 2 200 11 3492 5416 4676
10506 2 2 200 11 3011 5243 4466
10507 2 2 200 11 3390 5237 3253
10508 2 2 200 11 3291 5617 5132
10509 2 2 200 11 660 5504 5024
10510 2 2 200 11 3731 5502 5163
10511 2 2 200 11 677 5530 3847
10512 2 2 200 11 5179 5352 656
10513 2 2 200 11 1737 5250 1789
10514 2 2 200 11 3242 5299 3557
10515 2 2 200 11 356 5254 746
10516 2 2 200 11 5232 5493 3726
10517 2 2 200 11 73 5253 660
10518 2 2 200 11 4420 5252 2979
10519 2 2 200 11 2831 5255 4094
10520 2 2 200 11 5068 5168 2199
10521 2 2 200 11 3510 5480 5226
10522 2 2 200 11 4874 5256 2704
10523 2 2 200 11 5218 5526 4096
10524 2 2 200 11 3964 5323 5270
10525 2 2 200 11 5026 5422 3340
10526 2 2 200 11 34 5257 35
10527 2 2 200 11 4267 5352 5044
10528 2 2 200 11 3523 5246 3520
10529 2 2 200 11 3202 5259 4083
10530 2 2 200 11 156 5258 157
10531 2 2 200 11 699 5261 420
10532 2 2 200 11 481 5264 482
10533 2 2 200 11 5322 5479 4256
10534 2 2 200 11 796 5532 5291
10535 2 2 200 11 3177 5500 3652
10536 2 2 200 11 593 5260 594
10537 2 2 200 11 5393 5571 4912
10538 2 2 200 11 3482 5288 3485
10539 2 2 200 11 5223 5605 854
10540 2 2 200 11 3606 5590 711
10541 2 2 200 11 3270 5564 4262
10542 2 2 200 11 5152 5384 2304
10543 2 2 200 11 421 5455 422
10544 2 2 200 11 3589 5333 3484
10545 2 2 200 11 84 5268 85
10546 2 2 200 11 3706 5548 5244
10547 2 2 200 11 4918 5531 889
10548 2 2 200 11 4589 5267 4482
10549 2 2 200 11 3851 5269 3064
10550 2 2 200 11 4888 5565 5350
10551 2 2 200 11 3219 5226 5002
10552 2 2 200 11 3831 5380 3221
10553 2 2 200 11 4525 5629 5493
10554 2 2 200 11 3976 5363 3977
10555 2 2 200 11 5263 5326 3563
10556 2 2 200 11 3716 5310 3718
10557 2 2 200 11 3013 5333 3589
10558 2 2 200 11 4893 5369 795
10559 2 2 200 11 3474 5475 4329
10560 2 2 200 11 5210 5328 137
10561 2 2 200 11 3807 5274 3740
10562 2 2 200 11 4915 5628 4697
10563 2 2 200 11 3691 5289 725
10564 2 2 200 11 387 5275 388
10565 2 2 200 11 4904 5476 4334
10566 2 2 200 11 4533 5273 2978
10567 2 2 200 11 688 5604 5111
10568 2 2 200 11 5261 5529 3374
10569 2 2 200 11 208 5389 5192
10570 2 2 200 11 5336 5588 856
10571 2 2 200 11 196 5276 786
10572 2 2 200 11 4676 5416 5062
10573 2 2 200 11 3621 5428 5134
10574 2 2 200 11 5309 5442 4039
10575 2 2 200 11 3549 5459 3176
10576 2 2 200 11 5260 5399 594
10577 2 2 200 11 5024 5504 3308
10578 2 2 200 11 2915 5193 5152
10579 2 2 200 11 3699 5320 3697
10580 2 2 200 11 5193 5384 5152
10581 2 2 200 11 2974 5251 4975
10582 2 2 200 11 3883 5348 3642
10583 2 2 200 11 97 5278 98
10584 2 2 200 11 4400 5391 5213
10585 2 2 200 11 5264 5555 650
10586 2 2 200 11 2124 5312 4977
10587 2 2 200 11 5166 5582 2034
10588 2 2 200 11 3190 5279 4425
10589 2 2 200 11 5237 5270 3253
10590 2 2 200 11 695 5280 442
10591 2 2 200 11 4248 5486 4249
10592 2 2 200 11 572 5281 573
10593 2 2 200 11 3435 5265 2954
10594 2 2 200 11 296 5283 297
10595 2 2 200 11 4782 5547 3263
10596 2 2 200 11 4361 5586 3684
10597 2 2 200 11 5201 5476 789
10598 2 2 200 11 4888 5350 871
10599 2 2 200 11 743 5302 3671
10600 2 2 200 11 839 5557 5318
10601 2 2 200 11 3400 5287 3501
10602 2 2 200 11 2980 5284 3217
10603 2 2 200 11 1905 5286 2104
10604 2 2 200 11 3496 5553 5274
10605 2 2 200 11 5362 5553 3361
10606 2 2 200 11 4678 5374 4677
10607 2 2 200 11 3367 5290 2938
10608 2 2 200 11 2882 5272 4882
10609 2 2 200 11 4585 5516 5051
10610 2 2 200 11 2992 5327 5057
10611 2 2 200 11 2893 5291 3319
10612 2 2 200 11 5194 5461 4739
10613 2 2 200 11 3209 5351 4714
10614 2 2 200 11 229 5293 791
10615 2 2 200 11 3253 5270 3251
10616 2 2 200 11 3298 5476 5201
10617 2 2 200 11 5285 5585 785
10618 2 2 200 11 3977 5527 5167
10619 2 2 200 11 1978 5292 1764
10620 2 2 200 11 3796 5373 803
10621 2 2 200 11 5269 5322 3064
10622 2 2 200 11 5255 5346 4094
10623 2 2 200 11 5196 5436 254
10624 2 2 200 11 3200 5294 3294
10625 2 2 200 11 280 5295 281
10626 2 2 200 11 5493 5629 3725
10627 2 2 200 11 778 5296 103
10628 2 2 200 11 2824 5297 2829
10629 2 2 200 11 5094 5230 4832
10630 2 2 200 11 2216 5538 5105
10631 2 2 200 11 2771 5298 2772
10632 2 2 200 11 2094 5300 2217
10633 2 2 200 11 3008 5340 3245
10634 2 2 200 11 2861 5609 3831
10635 2 2 200 11 3255 5398 4952
10636 2 2 200 11 3416 5614 5229
10637 2 2 200 11 4639 5551 5148
10638 2 2 200 11 749 5466 5241
10639 2 2 200 11 5311 5546 3344
10640 2 2 200 11 3229 5525 3236
10641 2 2 200 11 3296 5589 5081
10642 2 2 200 11 2988 5302 4390
10643 2 2 200 11 5119 5586 2025
10644 2 2 200 11 5391 5539 750
10645 2 2 200 11 711 5305 354
10646 2 2 200 11 5351 5535 4714
10647 2 2 200 11 683 5571 3783
10648 2 2 200 11 5053 5247 3187
10649 2 2 200 11 111 5372 5240
10650 2 2 200 11 5341 5625 765
10651 2 2 200 11 568 5306 569
10652 2 2 200 11 3675 5595 5556
10653 2 2 200 11 2339 5444 4574
10654 2 2 200 11 5080 5309 2085
10655 2 2 200 11 4671 5304 2966
10656 2 2 200 11 4953 5405 3316
10657 2 2 200 11 5434 5618 3432
10658 2 2 200 11 3755 5336 3753
10659 2 2 200 11 2958 5326 5263
10660 2 2 200 11 3282 5569 5195
10661 2 2 200 11 5142 5465 808
10662 2 2 200 11 2808 5307 2810
10663 2 2 200 11 5233 5564 3270
10664 2 2 200 11 4262 5564 4993
10665 2 2 200 11 335 5308 336
10666 2 2 200 11 4857 5301 654
10667 2 2 200 11 3445 5230 5094
10668 2 2 200 11 3305 5618 5032
10669 2 2 200 11 3632 5379 3633
10670 2 2 200 11 4543 5310 2202
10671 2 2 200 11 5209 5595 753
10672 2 2 200 11 2744 5349 5173
10673 2 2 200 11 176 5311 177
10674 2 2 200 11 5173 5349 3721
10675 2 2 200 11 5066 5514 3276
10676 2 2 200 11 3708 5317 844
10677 2 2 200 11 101 5313 102
10678 2 2 200 11 385 5314 386
10679 2 2 200 11 546 5315 547
10680 2 2 200 11 5326 5426 892
10681 2 2 200 11 3497 5380 831
10682 2 2 200 11 3260 5548 3647
10683 2 2 200 11 5231 5577 866
10684 2 2 200 11 5350 5565 4109
10685 2 2 200 11 2361 5299 3371
10686 2 2 200 11 3399 5348 5079
10687 2 2 200 11 5089 5245 2802
10688 2 2 200 11 422 5455 755
10689 2 2 200 11 780 5506 5278
10690 2 2 200 11 5086 5361 4678
10691 2 2 200 11 5396 5568 124
10692 2 2 200 11 543 5318 544
10693 2 2 200 11 574 5319 575
10694 2 2 200 11 5307 5334 2810
10695 2 2 200 11 3677 5351 745
10696 2 2 200 11 2953 5303 3435
10697 2 2 200 11 3655 5321 3653
10698 2 2 200 11 795 5369 5072
10699 2 2 200 11 3064 5322 3063
10700 2 2 200 11 335 5469 5308
10701 2 2 200 11 3011 5438 5243
10702 2 2 200 11 232 5324 666
10703 2 2 200 11 3350 5325 2387
10704 2 2 200 11 137 5328 138
10705 2 2 200 11 3672 5345 3673
10706 2 2 200 11 726 5340 3656
10707 2 2 200 11 3635 5364 3636
10708 2 2 200 11 5300 5447 3475
10709 2 2 200 11 3247 5515 3705
10710 2 2 200 11 848 5525 4417
10711 2 2 200 11 4952 5398 769
10712 2 2 200 11 5214 5463 3237
10713 2 2 200 11 4321 5429 4320
10714 2 2 200 11 3924 5332 3173
10715 2 2 200 11 4427 5500 3177
10716 2 2 200 11 2651 5331 2653
10717 2 2 200 11 3795 5377 3794
10718 2 2 200 11 52 5335 53
10719 2 2 200 11 2810 5334 2815
10720 2 2 200 11 5466 5615 4441
10721 2 2 200 11 5270 5323 3251
10722 2 2 200 11 2223 5337 2225
10723 2 2 200 11 670 5536 5389
10724 2 2 200 11 2949 5516 5216
10725 2 2 200 11 3172 5338 3374
10726 2 2 200 11 3694 5409 3692
10727 2 2 200 11 5365 5368 3657
10728 2 2 200 11 5068 5277 2994
10729 2 2 200 11 618 5339 619
10730 2 2 200 11 4042 5341 2922
10731 2 2 200 11 5072 5369 3207
10732 2 2 200 11 238 5342 239
10733 2 2 200 11 124 5505 5396
10734 2 2 200 11 82 5343 83
10735 2 2 200 11 3279 5381 3280
10736 2 2 200 11 755 5251 5146
10737 2 2 200 11 3499 5458 3500
10738 2 2 200 11 3365 5453 5206
10739 2 2 200 11 5062 5416 744
10740 2 2 200 11 4094 5346 4095
10741 2 2 200 11 5128 5490 649
10742 2 2 200 11 2819 5347 2822
10743 2 2 200 11 5290 5591 714
10744 2 2 200 11 2743 5349 2744
10745 2 2 200 11 4110 5350 4109
10746 2 2 200 11 5111 5604 3351
10747 2 2 200 11 5049 5578 715
10748 2 2 200 11 2996 5316 2998
10749 2 2 200 11 5229 5614 273
10750 2 2 200 11 3965 5514 804
10751 2 2 200 11 3194 5353 3193
10752 2 2 200 11 21 5354 22
10753 2 2 200 11 3353 5587 5282
10754 2 2 200 11 309 5355 310
10755 2 2 200 11 3283 5357 3907
10756 2 2 200 11 5205 5578 4929
10757 2 2 200 11 369 5358 370
10758 2 2 200 11 3657 5368 3658
10759 2 2 200 11 4267 5613 5352
10760 2 2 200 11 3302 5572 3444
10761 2 2 200 11 21 5388 5354
10762 2 2 200 11 473 5362 474
10763 2 2 200 11 792 5616 4948
10764 2 2 200 11 3251 5323 3249
10765 2 2 200 11 2153 5411 2152
10766 2 2 200 11 742 5365 3657
10767 2 2 200 11 66 5363 688
10768 2 2 200 11 3450 5587 3353
10769 2 2 200 11 3677 5535 5351
10770 2 2 200 11 2647 5364 4283
10771 2 2 200 11 830 5510 3570
10772 2 2 200 11 580 5366 581
10773 2 2 200 11 2958 5263 5189
10774 2 2 200 11 3619 5593 699
10775 2 2 200 11 2988 5509 5345
10776 2 2 200 11 5079 5348 3883
10777 2 2 200 11 285 5370 286
10778 2 2 200 11 4234 5454 4886
10779 2 2 200 11 3225 5444 5359
10780 2 2 200 11 692 5628 4915
10781 2 2 200 11 3498 5397 3499
10782 2 2 200 11 110 5372 111
10783 2 2 200 11 3215 5383 3214
10784 2 2 200 11 3603 5544 3604
10785 2 2 200 11 649 5371 477
10786 2 2 200 11 3377 5408 815
10787 2 2 200 11 867 5573 5212
10788 2 2 200 11 767 5376 71
10789 2 2 200 11 4948 5616 4233
10790 2 2 200 11 4944 5425 767
10791 2 2 200 11 3283 5393 5357
10792 2 2 200 11 685 5387 4913
10793 2 2 200 11 3680 5615 5466
10794 2 2 200 11 875 5576 5054
10795 2 2 200 11 4072 5387 5116
10796 2 2 200 11 4525 5493 2138
10797 2 2 200 11 3402 5378 2945
10798 2 2 200 11 2859 5409 5084
10799 2 2 200 11 4406 5379 2698
10800 2 2 200 11 3127 5382 3124
10801 2 2 200 11 3719 5561 3206
10802 2 2 200 11 5149 5508 2926
10803 2 2 200 11 492 5385 493
10804 2 2 200 11 3325 5407 2849
10805 2 2 200 11 686 5597 5242
10806 2 2 200 11 3727 5447 5183
10807 2 2 200 11 2368 5410 3180
10808 2 2 200 11 5291 5532 3319
10809 2 2 200 11 2364 5468 3565
10810 2 2 200 11 647 5407 899
10811 2 2 200 11 36 5402 652
10812 2 2 200 11 20 5388 21
10813 2 2 200 11 4077 5425 4944
10814 2 2 200 11 3243 5326 2958
10815 2 2 200 11 3256 5375 3200
10816 2 2 200 11 2370 5408 2995
10817 2 2 200 11 5356 5414 2961
10818 2 2 200 11 3651 5511 3650
10819 2 2 200 11 207 5389 208
10820 2 2 200 11 3636 5512 709
10821 2 2 200 11 4206 5352 5179
10822 2 2 200 11 800 5359 2339
10823 2 2 200 11 3376 5391 4400
10824 2 2 200 11 4828 5374 713
10825 2 2 200 11 3628 5412 3627
10826 2 2 200 11 3290 5535 3678
10827 2 2 200 11 3648 5622 5501
10828 2 2 200 11 3284 5393 3283
10829 2 2 200 11 3333 5466 4441
10830 2 2 200 11 750 5539 3685
10831 2 2 200 11 3220 5394 3903
10832 2 2 200 11 708 5413 3632
10833 2 2 200 11 3989 5396 3988
10834 2 2 200 11 3367 5591 5290
10835 2 2 200 11 594 5399 595
10836 2 2 200 11 3197 5423 3771
10837 2 2 200 11 5471 5581 1692
10838 2 2 200 11 3320 5422 5026
10839 2 2 200 11 4417 5525 3229
10840 2 2 200 11 5323 5373 3249
10841 2 2 200 11 5248 5570 3630
10842 2 2 200 11 3608 5522 3271
10843 2 2 200 11 723 5400 3700
10844 2 2 200 11 246 5401 247
10845 2 2 200 11 3500 5458 4995
10846 2 2 200 11 5178 5596 733
10847 2 2 200 11 5182 5450 4014
10848 2 2 200 11 5265 5448 3436
10849 2 2 200 11 3405 5406 4089
10850 2 2 200 11 4189 5404 4190
10851 2 2 200 11 803 5373 5323
10852 2 2 200 11 270 5403 271
10853 2 2 200 11 4910 5381 661
10854 2 2 200 11 3461 5395 3242
10855 2 2 200 11 2304 5384 4648
10856 2 2 200 11 2259 5566 3530
10857 2 2 200 11 638 5360 802
10858 2 2 200 11 3228 5478 4454
10859 2 2 200 11 3987 5415 3257
10860 2 2 200 11 5110 5609 2861
10861 2 2 200 11 3705 5515 846
10862 2 2 200 11 1503 5559 5288
10863 2 2 200 11 4983 5587 3450
10864 2 2 200 11 3412 5309 5080
10865 2 2 200 11 3249 5373 2985
10866 2 2 200 11 5469 5589 3301
10867 2 2 200 11 5377 5524 2985
10868 2 2 200 11 3440 5594 5137
10869 2 2 200 11 3322 5626 5385
10870 2 2 200 11 3991 5597 3269
10871 2 2 200 11 3607 5544 5247
10872 2 2 200 11 2379 5420 3381
10873 2 2 200 11 3752 5420 817
10874 2 2 200 11 3387 5424 813
10875 2 2 200 11 4892 5473 3234
10876 2 2 200 11 744 5416 3649
10877 2 2 200 11 3848 5530 3358
10878 2 2 200 11 3314 5390 2960
10879 2 2 200 11 91 5417 92
10880 2 2 200 11 3847 5530 3848
10881 2 2 200 11 126 5418 127
10882 2 2 200 11 5057 5327 4539
10883 2 2 200 11 769 5398 4887
10884 2 2 200 11 4989 5560 2287
10885 2 2 200 11 2375 5445 2373
10886 2 2 200 11 3350 5616 5325
10887 2 2 200 11 62 5419 63
10888 2 2 200 11 835 5421 3710
10889 2 2 200 11 4978 5356 2961
10890 2 2 200 11 3295 5627 4899
10891 2 2 200 11 4886 5454 874
10892 2 2 200 11 4900 5450 784
10893 2 2 200 11 319 5434 320
10894 2 2 200 11 696 5522 3608
10895 2 2 200 11 4076 5425 4077
10896 2 2 200 11 699 5593 5529
10897 2 2 200 11 846 5515 5249
10898 2 2 200 11 532 5427 533
10899 2 2 200 11 1503 5464 898
10900 2 2 200 11 609 5474 5061
10901 2 2 200 11 840 5430 3612
10902 2 2 200 11 5275 5622 3648
10903 2 2 200 11 2947 5428 4429
10904 2 2 200 11 5051 5516 2949
10905 2 2 200 11 5514 5549 3276
10906 2 2 200 11 5521 5584 3611
10907 2 2 200 11 4042 5625 5341
10908 2 2 200 11 121 5431 122
10909 2 2 200 11 101 5583 5313
10910 2 2 200 11 5064 5477 469
10911 2 2 200 11 748 5478 5095
10912 2 2 200 11 5183 5447 2951
10913 2 2 200 11 5044 5352 4206
10914 2 2 200 11 164 5432 165
10915 2 2 200 11 192 5433 193
10916 2 2 200 11 4995 5458 2108
10917 2 2 200 11 2961 5414 3314
10918 2 2 200 11 787 5627 5526
10919 2 2 200 11 3436 5448 4722
10920 2 2 200 11 254 5436 255
10921 2 2 200 11 219 5435 668
10922 2 2 200 11 886 5463 5214
10923 2 2 200 11 3678 5535 3677
10924 2 2 200 11 43 5437 44
10925 2 2 200 11 783 5598 4897
10926 2 2 200 11 4964 5367 3470
10927 2 2 200 11 5375 5566 2257
10928 2 2 200 11 3281 5498 5267
10929 2 2 200 11 3905 5441 3906
10930 2 2 200 11 212 5439 213
10931 2 2 200 11 5249 5515 3259
10932 2 2 200 11 3084 5440 3081
10933 2 2 200 11 4895 5532 796
10934 2 2 200 11 4657 5573 4854
10935 2 2 200 11 901 5471 1692
10936 2 2 200 11 3663 5475 702
10937 2 2 200 11 127 5446 128
10938 2 2 200 11 5148 5551 868
10939 2 2 200 11 4912 5571 683
10940 2 2 200 11 3373 5438 3011
10941 2 2 200 11 3217 5361 5086
10942 2 2 200 11 655 5429 5150
10943 2 2 200 11 714 5591 5052
10944 2 2 200 11 4201 5451 3224
10945 2 2 200 11 5181 5442 5197
10946 2 2 200 11 5115 5492 761
10947 2 2 200 11 4245 5453 3365
10948 2 2 200 11 3297 5454 4234
10949 2 2 200 11 2715 5495 5176
10950 2 2 200 11 5418 5446 127
10951 2 2 200 11 3376 5539 5391
10952 2 2 200 11 3299 5456 2865
10953 2 2 200 11 668 5435 5346
10954 2 2 200 11 258 5457 662
10955 2 2 200 11 3680 5466 749
10956 2 2 200 11 3222 5460 3940
10957 2 2 200 11 3652 5500 757
10958 2 2 200 11 3648 5501 740
10959 2 2 200 11 3611 5584 701
10960 2 2 200 11 334 5469 335
10961 2 2 200 11 3284 5571 5393
10962 2 2 200 11 303 5462 304
10963 2 2 200 11 3127 5592 5382
10964 2 2 200 11 3985 5467 3275
10965 2 2 200 11 3176 5459 2093
10966 2 2 200 11 3591 5606 3601
10967 2 2 200 11 5352 5613 656
10968 2 2 200 11 3750 5474 608
10969 2 2 200 11 3780 5490 3360
10970 2 2 200 11 5167 5527 797
10971 2 2 200 11 3684 5586 5119
10972 2 2 200 11 3234 5473 3910
10973 2 2 200 11 3185 5494 4839
10974 2 2 200 11 5406 5563 675
10975 2 2 200 11 330 5477 3590
10976 2 2 200 11 3566 5600 855
10977 2 2 200 11 2191 5472 3389
10978 2 2 200 11 4739 5461 3232
10979 2 2 200 11 1791 5443 2123
10980 2 2 200 11 3427 5492 3428
10981 2 2 200 11 4857 5551 5301
10982 2 2 200 11 3286 5470 3315
10983 2 2 200 11 5266 5560 3756
10984 2 2 200 11 2255 5329 5294
10985 2 2 200 11 4334 5476 3298
10986 2 2 200 11 3304 5578 5049
10987 2 2 200 11 5226 5480 5002
10988 2 2 200 11 3534 5611 3536
10989 2 2 200 11 3405 5563 5406
10990 2 2 200 11 4851 5463 886
10991 2 2 200 11 3918 5483 3231
10992 2 2 200 11 3660 5491 3662
10993 2 2 200 11 3218 5613 4267
10994 2 2 200 11 16 5488 5135
10995 2 2 200 11 5136 5487 329
10996 2 2 200 11 105 5479 681
10997 2 2 200 11 4191 5482 4186
10998 2 2 200 11 3248 5497 3854
10999 2 2 200 11 456 5487 3015
11000 2 2 200 11 3014 5488 622
11001 2 2 200 11 5316 5545 2998
11002 2 2 200 11 4862 5621 3414
11003 2 2 200 11 3701 5496 3703
11004 2 2 200 11 3397 5506 3822
11005 2 2 200 11 293 5486 294
11006 2 2 200 11 3575 5508 3551
11007 2 2 200 11 793 5473 4892
11008 2 2 200 11 3263 5547 3313
11009 2 2 200 11 2866 5509 2868
11010 2 2 200 11 3629 5495 3628
11011 2 2 200 11 3601 5606 896
11012 2 2 200 11 3726 5493 3725
11013 2 2 200 11 5116 5387 685
11014 2 2 200 11 765 5625 5103
11015 2 2 200 11 3390 5605 5223
11016 2 2 200 11 3386 5401 5156
11017 2 2 200 11 3760 5499 4196
11018 2 2 200 11 5070 5511 3651
11019 2 2 200 11 3591 5623 859
11020 2 2 200 11 3268 5513 5121
11021 2 2 200 11 3243 5426 5326
11022 2 2 200 11 3308 5504 3309
11023 2 2 200 11 3725 5629 5153
11024 2 2 200 11 789 5476 4904
11025 2 2 200 11 3199 5567 5284
11026 2 2 200 11 3446 5344 5154
11027 2 2 200 11 730 5619 3729
11028 2 2 200 11 771 5505 123
11029 2 2 200 11 648 5330 5188
11030 2 2 200 11 5150 5429 4321
11031 2 2 200 11 2955 5502 4566
11032 2 2 200 11 119 5507 120
11033 2 2 200 11 2374 5485 2377
11034 2 2 200 11 3385 5503 3246
11035 2 2 200 11 3596 5538 3598
11036 2 2 200 11 5084 5409 3694
11037 2 2 200 11 2952 5511 5070
11038 2 2 200 11 3597 5621 4862
11039 2 2 200 11 5134 5428 2947
11040 2 2 200 11 3259 5515 3247
11041 2 2 200 11 3241 5465 5142
11042 2 2 200 11 4714 5535 3290
11043 2 2 200 11 3239 5465 3241
11044 2 2 200 11 3373 5628 5438
11045 2 2 200 11 248 5518 775
11046 2 2 200 11 3236 5525 5208
11047 2 2 200 11 2133 5556 5238
11048 2 2 200 11 779 5513 4898
11049 2 2 200 11 3613 5554 697
11050 2 2 200 11 838 5521 3611
11051 2 2 200 11 129 5520 130
11052 2 2 200 11 4542 5552 4707
11053 2 2 200 11 3319 5532 3908
11054 2 2 200 11 2987 5526 3978
11055 2 2 200 11 797 5527 64
11056 2 2 200 11 3695 5601 3696
11057 2 2 200 11 5018 5426 3243
11058 2 2 200 11 3570 5510 5384
11059 2 2 200 11 5384 5510 4648
11060 2 2 200 11 837 5534 3702
11061 2 2 200 11 3118 5529 4405
11062 2 2 200 11 3560 5536 4105
11063 2 2 200 11 3277 5540 5063
11064 2 2 200 11 890 5498 4907
11065 2 2 200 11 5154 5344 3341
11066 2 2 200 11 834 5621 3597
11067 2 2 200 11 3186 5523 2091
11068 2 2 200 11 3306 5531 3320
11069 2 2 200 11 2104 5599 5219
11070 2 2 200 11 3360 5490 5128
11071 2 2 200 11 2931 5424 5092
11072 2 2 200 11 4648 5510 3422
11073 2 2 200 11 4899 5627 787
11074 2 2 200 11 4444 5539 3376
11075 2 2 200 11 5372 5499 3760
11076 2 2 200 11 240 5543 241
11077 2 2 200 11 4716 5533 1946
11078 2 2 200 11 5195 5601 3190
11079 2 2 200 11 3494 5541 5132
11080 2 2 200 11 894 5549 3965
11081 2 2 200 11 4109 5565 5097
11082 2 2 200 11 5526 5627 3978
11083 2 2 200 11 5038 5445 2375
11084 2 2 200 11 5095 5478 3228
11085 2 2 200 11 3490 5533 5130
11086 2 2 200 11 5529 5593 4405
11087 2 2 200 11 3358 5558 2794
11088 2 2 200 11 4690 5541 2033
11089 2 2 200 11 3406 5563 3405
11090 2 2 200 11 712 5561 3719
11091 2 2 200 11 4078 5562 3351
11092 2 2 200 11 3356 5557 4524
11093 2 2 200 11 5054 5576 4212
11094 2 2 200 11 3626 5599 3624
11095 2 2 200 11 2258 5484 2981
11096 2 2 200 11 5061 5474 3750
11097 2 2 200 11 5200 5528 3505
11098 2 2 200 11 3783 5571 3284
11099 2 2 200 11 125 5568 667
11100 2 2 200 11 5246 5608 3519
11101 2 2 200 11 75 5575 76
11102 2 2 200 11 3211 5452 5066
11103 2 2 200 11 4482 5574 4481
11104 2 2 200 11 118 5579 679
11105 2 2 200 11 100 5583 101
11106 2 2 200 11 3104 5580 3169
11107 2 2 200 11 116 5585 117
11108 2 2 200 11 3235 5598 5099
11109 2 2 200 11 3371 5600 5303
11110 2 2 200 11 5099 5598 783
11111 2 2 200 11 3590 5477 5064
11112 2 2 200 11 3369 5591 3367
11113 2 2 200 11 753 5595 3675
11114 2 2 200 11 4712 5517 3398
11115 2 2 200 11 5119 5615 3680
11116 2 2 200 11 4255 5624 5102
11117 2 2 200 11 139 5594 140
11118 2 2 200 11 909 5610 904
11119 2 2 200 11 4441 5615 2025
11120 2 2 200 11 4405 5593 3272
11121 2 2 200 11 4031 5603 4029
11122 2 2 200 11 3351 5604 3329
11123 2 2 200 11 5107 5619 3399
11124 2 2 200 11 2227 5602 2229
11125 2 2 200 11 4889 5563 3406
11126 2 2 200 11 3125 5629 4525
11127 2 2 200 11 2117 5607 2205
11128 2 2 200 11 2595 5612 2597
11129 2 2 200 11 868 5551 4857
11130 2 2 200 11 3978 5627 3295
11131 2 2 200 11 5124 5552 674
11132 2 2 200 11 4670 5577 5231
11133 2 2 200 11 4233 5616 3350
11134 2 2 200 11 5282 5587 870
11135 2 2 200 11 850 5617 3738
11136 2 2 200 11 5360 5367 4964
11137 2 2 200 11 273 5614 274
11138 2 2 200 11 4043 5625 4042
11139 2 2 200 11 3551 5508 5149
11140 2 2 200 11 5147 5573 867
11141 2 2 200 11 680 5620 227
11142 2 2 200 11 761 5492 5191
11143 2 2 200 11 4798 5569 3282
11144 2 2 200 11 3321 5626 3322
11145 2 2 200 11 4805 5577 4670
11146 2 2 200 11 5031 5613 3218
11147 2 2 200 11 762 5567 4859
11148 2 2 200 11 4697 5628 3373
11149 2 2 200 11 689 5564 5233
11150 2 2 200 11 4811 5592 3127
11151 2 2 200 11 2354 5524 2363
11152 2 2 200 11 4784 5596 3343
11153 2 2 200 11 4993 5564 689
11154 2 2 200 11 684 5565 4888
11155 2 2 200 11 675 5563 4889
11156 2 2 200 11 5145 5597 686
11157 2 2 200 11 2365 5519 3334
11158 2 2 200 11 3570 5384 5193
11159 2 2 200 11 3460 5555 5264
11160 2 2 200 11 870 5587 4983
11161 2 2 200 11 2998 5545 4840
11162 2 2 200 11 4929 5578 3304
11163 2 2 200 11 3269 5597 5145
11164 2 2 200 11 3428 5492 5115
11165 2 2 200 11 5002 5480 2318
11166 2 2 200 11 5052 5591 3369
11167 2 2 200 11 656 5613 5031
11168 2 2 200 11 681 5479 5322
11169 2 2 200 11 3330 5605 3390
11170 2 2 200 11 902 5559 900
11171 2 2 200 11 3343 5596 5178
11172 2 2 200 11 5110 5459 3549
11173 2 2 200 11 4941 5586 4361
11174 2 2 200 11 4854 5573 5147
11175 2 2 200 11 4981 5572 3302
11176 2 2 200 11 5103 5625 4043
11177 2 2 200 11 5184 5406 675
11178 2 2 200 11 5294 5329 3294
11179 2 2 200 11 784 5450 5182
11180 2 2 200 11 3341 5588 3273
11181 2 2 200 11 3301 5589 3296
11182 2 2 200 11 2034 5582 4995
11183 2 2 200 11 5135 5488 3014
11184 2 2 200 11 3015 5487 5136
11185 2 2 200 11 5278 5506 3397
11186 2 2 200 11 3200 5375 5294
11187 2 2 200 11 5105 5489 2852
11188 2 2 200 11 5063 5540 672
11189 2 2 200 11 787 5526 5218
11190 2 2 200 11 5121 5513 779
11191 2 2 200 11 5092 5494 3185
11192 2 2 200 11 3729 5619 5107
11193 2 2 200 11 3366 5537 5018
11194 2 2 200 11 3206 5561 5160
11195 2 2 200 11 755 5455 5338
11196 2 2 200 11 5070 5542 3274
11197 2 2 200 11 3432 5618 3305
11198 2 2 200 11 4039 5442 5181
11199 2 2 200 11 5197 5442 3412
11200 2 2 200 11 5395 5600 3371
11201 2 2 200 11 3435 5448 5265
11202 2 2 200 11 5061 5608 895
11203 2 2 200 11 5318 5557 3356
11204 2 2 200 11 5191 5492 3427
11205 2 2 200 11 4707 5552 5124
11206 2 2 200 11 896 5606 5064
11207 2 2 200 11 5176 5495 3629
11208 2 2 200 11 699 5529 5261
11209 2 2 200 11 5097 5565 684
11210 2 2 200 11 5177 5570 3425
11211 2 2 200 11 3014 5550 5135
11212 2 2 200 11 5288 5559 3485
11213 2 2 200 11 5102 5624 778
11214 2 2 200 11 5018 5537 5426
11215 2 2 200 11 2025 5615 5119
11216 2 2 200 11 3578 5546 5301
11217 2 2 200 11 672 5540 5158
11218 2 2 200 11 5301 5546 654
11219 2 2 200 11 5389 5536 3560
11220 2 2 200 11 3601 5528 5200
11221 2 2 200 11 2372 5367 5360
11222 2 2 200 11 5130 5622 3489
11223 2 2 200 11 3412 5442 5309
11224 2 2 200 11 2322 5423 5330
11225 2 2 200 11 5153 5629 3125
11226 2 2 200 11 4135 5585 5285
11227 2 2 200 11 5267 5498 890
11228 2 2 200 11 855 5600 5395
11229 2 2 200 11 5208 5525 848
11230 2 2 200 11 3696 5601 5195
11231 2 2 200 11 804 5514 5452
11232 2 2 200 11 3965 5549 5514
11233 2 2 200 11 5333 5464 1503
11234 2 2 200 11 5556 5595 3618
11235 2 2 200 11 3271 5522 5239
11236 2 2 200 11 5338 5455 3374
11237 2 2 200 11 3013 5464 5333
11238 2 2 200 11 5219 5599 3626
11239 2 2 200 11 5359 5444 2339
11240 2 2 200 11 3489 5622 5275
11241 2 2 200 11 3425 5570 5248
11242 2 2 200 11 5238 5556 3618
11243 2 2 200 11 5244 5548 3260
11244 2 2 200 11 5247 5544 3187
11245 2 2 200 11 2287 5560 5266
11246 2 2 200 11 3313 5547 5402
11247 2 2 200 11 5303 5600 3566
11248 2 2 200 11 5345 5509 3673
11249 2 2 200 11 5396 5505 3988
11250 2 2 200 11 5284 5567 762
11251 2 2 200 11 895 5608 5246
11252 2 2 200 11 3795 5524 5377
11253 2 2 200 11 3989 5568 5396
11254 2 2 200 11 3273 5588 5336
11255 2 2 200 11 5452 5514 5066
11256 2 2 200 11 3536 5611 5443
11257 2 2 200 11 778 5624 5296
11258 2 2 200 11 3256 5566 5375
11259 2 2 200 11 5402 5547 652
11260 2 2 200 11 5443 5611 2123
$EndElements
