$MeshFormat
2.2 0 8
$EndMeshFormat
$Nodes
5642
1 1 0 0
2 0 -1 0
3 -1 0 0
4 0.85 0 0
5 0 -0.85 0
6 -0.85 0 0
7 0.9450000000000001 -0.1 0
8 0.925 -0.08 0
9 0.905 -0.1 0
10 0.925 -0.12 0
11 -0.905 -0.1 0
12 -0.925 -0.08 0
13 -0.9450000000000001 -0.1 0
14 -0.925 -0.12 0
15 -0.9999505812211366 -0.009941585160892233 0
16 -0.9998023297689784 -0.01988218771974043 0
17 -0.9995552602963369 -0.0298208251717179 0
18 -0.9992093972229613 -0.03975651520601764 0
19 -0.998764774733128 -0.04968827580309102 0
20 -0.9982214367721974 -0.05961512533283606 0
21 -0.9975794370423777 -0.0695360826493177 0
22 -0.9968388389975092 -0.0794501671873498 0
23 -0.995999715836573 -0.08935639906277518 0
24 -0.9950621504963902 -0.09925379916909641 0
25 -0.9940262356430868 -0.1091413892766372 0
26 -0.9928920736640127 -0.1190181921185864 0
27 -0.9916597766571241 -0.128883231494026 0
28 -0.9903294664196459 -0.1387355323663676 0
29 -0.9889012744360937 -0.1485741209587653 0
30 -0.9873753418647614 -0.1583980248533599 0
31 -0.985751819526781 -0.1682062730686362 0
32 -0.9840308678870537 -0.1779978961826569 0
33 -0.9822126570381638 -0.1877719264267968 0
34 -0.9802973666902598 -0.1975273977455845 0
35 -0.9782851861447281 -0.2072633459388676 0
36 -0.9761763142812269 -0.2169788087263808 0
37 -0.9739709595348206 -0.2266728258588155 0
38 -0.9716693398760898 -0.2363444392084652 0
39 -0.9692716827934188 -0.245992692848414 0
40 -0.9667782252654176 -0.255616633168989 0
41 -0.9641892137372895 -0.2652153089711592 0
42 -0.9615049041022572 -0.2747877715388901 0
43 -0.9587255616714789 -0.2843330747516144 0
44 -0.9558514611469919 -0.2938502751796579 0
45 -0.9528828865975516 -0.3033384321669734 0
46 -0.9498201314272857 -0.3127966079346988 0
47 -0.9466634983559328 -0.3222238676456273 0
48 -0.9434132993797874 -0.3316192795260006 0
49 -0.9400698557389453 -0.3409819149617155 0
50 -0.9366334978883984 -0.350310848580719 0
51 -0.9331045654657122 -0.3596051583432089 0
52 -0.9294834072646283 -0.3688639256144968 0
53 -0.9257703811951318 -0.3780862352715585 0
54 -0.9219658542437975 -0.3872711758038606 0
55 -0.9180702024442184 -0.3964178393867155 0
56 -0.9140838108240461 -0.4055253220076269 0
57 -0.9100070733966716 -0.4145927234865858 0
58 -0.9058403930891211 -0.4236191476410698 0
59 -0.9015841817293491 -0.432603702313584 0
60 -0.8972388599935766 -0.4415454994872298 0
61 -0.8928048573537571 -0.45044365539492 0
62 -0.8882826120641533 -0.4592972905477289 0
63 -0.883672571092432 -0.4681055298742909 0
64 -0.8789751900845854 -0.4768675027885284 0
65 -0.8741909333181153 -0.4855823432790802 0
66 -0.869320273655858 -0.4942491899951928 0
67 -0.8643636924975164 -0.5028671863345817 0
68 -0.8593216797331571 -0.511435480525731 0
69 -0.8541947337170409 -0.5199532256752271 0
70 -0.8489833611796488 -0.5284195799174233 0
71 -0.843688077195584 -0.5368337064659952 0
72 -0.838309405144034 -0.5451947736791467 0
73 -0.8328478766468079 -0.5535019551590612 0
74 -0.8273040314970066 -0.5617544298613051 0
75 -0.8216784176321343 -0.5699513821349605 0
76 -0.815971591081685 -0.5780920018021555 0
77 -0.8101841158901105 -0.5861754842701629 0
78 -0.8043165640847705 -0.5942010305770845 0
79 -0.798369515585777 -0.6021678475170621 0
80 -0.7923435582011861 -0.6100751476474711 0
81 -0.7862392875147793 -0.6179221494397592 0
82 -0.7800573068491122 -0.625708077326248 0
83 -0.7737982272354358 -0.6334321617405425 0
84 -0.7674626672819524 -0.641093639282493 0
85 -0.7610512531935274 -0.6486917526934973 0
86 -0.7545646186660289 -0.6562257509861911 0
87 -0.748003404810073 -0.6636948895332389 0
88 -0.7413682601129865 -0.6710984301106978 0
89 -0.7346598403932119 -0.6784356409516089 0
90 -0.7278788086979794 -0.6857057968607312 0
91 -0.7210258352468102 -0.6929081792753206 0
92 -0.714101597359308 -0.7000420763417615 0
93 -0.707106779420814 -0.707106782952281 0
94 -0.7000420727929081 -0.7141016008382902 0
95 -0.6929081757273606 -0.7210258386564112 0
96 -0.6857057933185567 -0.7278788120349217 0
97 -0.6784356374366523 -0.7346598436391657 0
98 -0.67109842661006 -0.7413682632818199 0
99 -0.6636948860579589 -0.7480034078936492 0
100 -0.6562257475377676 -0.7545646216650355 0
101 -0.6486917492592812 -0.7610512561207253 0
102 -0.6410936358570185 -0.7674626701433944 0
103 -0.6334321583473745 -0.7737982300130872 0
104 -0.6257080739492596 -0.780057309557899 0
105 -0.6179221460838286 -0.7862392901522764 0
106 -0.6100751443142758 -0.7923435607676228 0
107 -0.6021678442178764 -0.798369518074178 0
108 -0.594201027304695 -0.8043165665022977 0
109 -0.5861754810120506 -0.8101841182473839 0
110 -0.5780919985672895 -0.8159715933734929 0
111 -0.5699513789118473 -0.8216784198678239 0
112 -0.5617544266452184 -0.8273040336807878 0
113 -0.5535019519735245 -0.8328478787638822 0
114 -0.5451947705103425 -0.8383094072048667 0
115 -0.5368337033311938 -0.8436880791902395 0
116 -0.52841957682331 -0.8489833631054697 0
117 -0.5199532226077349 -0.854194735584241 0
118 -0.5114354775060749 -0.8593216815303413 0
119 -0.5028671833656404 -0.8643636942247791 0
120 -0.4942491870586138 -0.8693202753254403 0
121 -0.4855823403752207 -0.8741909349311072 0
122 -0.4768674999173914 -0.8789751916422537 0
123 -0.4681055270309076 -0.88367257259865 0
124 -0.4592972877351264 -0.8882826135184435 0
125 -0.4504436526228862 -0.8928048587523214 0
126 -0.4415454967554298 -0.8972388613379387 0
127 -0.4326036996190551 -0.9015841830222546 0
128 -0.4236191450058061 -0.9058403943215106 0
129 -0.4145927208925351 -0.9100070745785027 0
130 -0.4055253194467806 -0.9140838119601432 0
131 -0.3964178368862346 -0.9180702035239128 0
132 -0.387271173347381 -0.9219658552756402 0
133 -0.3780862328737326 -0.9257703821744081 0
134 -0.3688639232818604 -0.9294834081903312 0
135 -0.359605156082045 -0.9331045663371325 0
136 -0.350310846377288 -0.936633498712505 0
137 -0.3409819127977409 -0.9400698565238617 0
138 -0.3316192774187702 -0.9434133001205001 0
139 -0.3222238655894955 -0.9466634990557958 0
140 -0.3127966059457379 -0.9498201320822942 0
141 -0.303338430249782 -0.9528828872078657 0
142 -0.293850273313708 -0.955851461720627 0
143 -0.2843330729367547 -0.9587255622097192 0
144 -0.2747877697747868 -0.9615049046064189 0
145 -0.2652153072760465 -0.9641892142035567 0
146 -0.2556166315475332 -0.9667782256941313 0
147 -0.2459926912920778 -0.9692716831884033 0
148 -0.2363444377179809 -0.9716693402386284 0
149 -0.2266728244192231 -0.9739709598698577 0
150 -0.2169788073381563 -0.9761763145897934 0
151 -0.2072633446112538 -0.9782851864260016 0
152 -0.1975273964872958 -0.9802973669438018 0
153 -0.1877719252383045 -0.9822126572653707 0
154 -0.1779978950695694 -0.9840308680883961 0
155 -0.168206272021534 -0.9857518197054559 0
156 -0.1583980238536585 -0.9873753420251368 0
157 -0.1485741200253455 -0.9889012745763321 0
158 -0.1387355315050921 -0.9903294665403022 0
159 -0.1288832307037134 -0.9916597767598389 0
160 -0.1190181913975402 -0.9928920737504446 0
161 -0.1091413886231332 -0.9940262357148397 0
162 -0.0992537985650828 -0.9950621505566384 0
163 -0.0893563984969344 -0.9959997158873375 0
164 -0.07945016668370315 -0.9968388390376509 0
165 -0.06953608221023377 -0.997579437072984 0
166 -0.0596151249601606 -0.9982214367944542 0
167 -0.04968827549698132 -0.9987647747483569 0
168 -0.03975651496078298 -0.9992093972327187 0
169 -0.02982082497406131 -0.9995552603022339 0
170 -0.01988218758597899 -0.9998023297716384 0
171 -0.00994158509370268 -0.9999505812218045 0
172 0.009941585160892233 -0.9999505812211366 0
173 0.01988218771974043 -0.9998023297689784 0
174 0.0298208251717179 -0.9995552602963369 0
175 0.03975651520601764 -0.9992093972229613 0
176 0.04968827580309102 -0.998764774733128 0
177 0.05961512533283606 -0.9982214367721974 0
178 0.0695360826493177 -0.9975794370423777 0
179 0.0794501671873498 -0.9968388389975092 0
180 0.08935639906277518 -0.995999715836573 0
181 0.09925379916909641 -0.9950621504963902 0
182 0.1091413892766372 -0.9940262356430868 0
183 0.1190181921185864 -0.9928920736640127 0
184 0.128883231494026 -0.9916597766571241 0
185 0.1387355323663676 -0.9903294664196459 0
186 0.1485741209587653 -0.9889012744360937 0
187 0.1583980248533599 -0.9873753418647614 0
188 0.1682062730686362 -0.985751819526781 0
189 0.1779978961826569 -0.9840308678870537 0
190 0.1877719264267968 -0.9822126570381638 0
191 0.1975273977455845 -0.9802973666902598 0
192 0.2072633459388676 -0.9782851861447281 0
193 0.2169788087263808 -0.9761763142812269 0
194 0.2266728258588155 -0.9739709595348206 0
195 0.2363444392084652 -0.9716693398760898 0
196 0.245992692848414 -0.9692716827934188 0
197 0.255616633168989 -0.9667782252654176 0
198 0.2652153089711592 -0.9641892137372895 0
199 0.2747877715388901 -0.9615049041022572 0
200 0.2843330747516144 -0.9587255616714789 0
201 0.2938502751796579 -0.9558514611469919 0
202 0.3033384321669734 -0.9528828865975516 0
203 0.3127966079346988 -0.9498201314272857 0
204 0.3222238676456273 -0.9466634983559328 0
205 0.3316192795260006 -0.9434132993797874 0
206 0.3409819149617155 -0.9400698557389453 0
207 0.350310848580719 -0.9366334978883984 0
208 0.3596051583432089 -0.9331045654657122 0
209 0.3688639256144968 -0.9294834072646283 0
210 0.3780862352715585 -0.9257703811951318 0
211 0.3872711758038606 -0.9219658542437975 0
212 0.3964178393867155 -0.9180702024442184 0
213 0.4055253220076269 -0.9140838108240461 0
214 0.4145927234865858 -0.9100070733966716 0
215 0.4236191476410698 -0.9058403930891211 0
216 0.432603702313584 -0.9015841817293491 0
217 0.4415454994872298 -0.8972388599935766 0
218 0.45044365539492 -0.8928048573537571 0
219 0.4592972905477289 -0.8882826120641533 0
220 0.4681055298742909 -0.883672571092432 0
221 0.4768675027885284 -0.8789751900845854 0
222 0.4855823432790802 -0.8741909333181153 0
223 0.4942491899951928 -0.869320273655858 0
224 0.5028671863345817 -0.8643636924975164 0
225 0.511435480525731 -0.8593216797331571 0
226 0.5199532256752271 -0.8541947337170409 0
227 0.5284195799174233 -0.8489833611796488 0
228 0.5368337064659952 -0.843688077195584 0
229 0.5451947736791467 -0.838309405144034 0
230 0.5535019551590612 -0.8328478766468079 0
231 0.5617544298613051 -0.8273040314970066 0
232 0.5699513821349605 -0.8216784176321343 0
233 0.5780920018021555 -0.815971591081685 0
234 0.5861754842701629 -0.8101841158901105 0
235 0.5942010305770845 -0.8043165640847705 0
236 0.6021678475170621 -0.798369515585777 0
237 0.6100751476474711 -0.7923435582011861 0
238 0.6179221494397592 -0.7862392875147793 0
239 0.625708077326248 -0.7800573068491122 0
240 0.6334321617405425 -0.7737982272354358 0
241 0.641093639282493 -0.7674626672819524 0
242 0.6486917526934973 -0.7610512531935274 0
243 0.6562257509861911 -0.7545646186660289 0
244 0.6636948895332389 -0.748003404810073 0
245 0.6710984301106978 -0.7413682601129865 0
246 0.6784356409516089 -0.7346598403932119 0
247 0.6857057968607312 -0.7278788086979794 0
248 0.6929081792753206 -0.7210258352468102 0
249 0.7000420763417615 -0.714101597359308 0
250 0.707106782952281 -0.707106779420814 0
251 0.7141016008382902 -0.7000420727929081 0
252 0.7210258386564112 -0.6929081757273606 0
253 0.7278788120349217 -0.6857057933185567 0
254 0.7346598436391657 -0.6784356374366523 0
255 0.7413682632818199 -0.67109842661006 0
256 0.7480034078936492 -0.6636948860579589 0
257 0.7545646216650355 -0.6562257475377676 0
258 0.7610512561207253 -0.6486917492592812 0
259 0.7674626701433944 -0.6410936358570185 0
260 0.7737982300130872 -0.6334321583473745 0
261 0.780057309557899 -0.6257080739492596 0
262 0.7862392901522764 -0.6179221460838286 0
263 0.7923435607676228 -0.6100751443142758 0
264 0.798369518074178 -0.6021678442178764 0
265 0.8043165665022977 -0.594201027304695 0
266 0.8101841182473839 -0.5861754810120506 0
267 0.8159715933734929 -0.5780919985672895 0
268 0.8216784198678239 -0.5699513789118473 0
269 0.8273040336807878 -0.5617544266452184 0
270 0.8328478787638822 -0.5535019519735245 0
271 0.8383094072048667 -0.5451947705103425 0
272 0.8436880791902395 -0.5368337033311938 0
273 0.8489833631054697 -0.52841957682331 0
274 0.854194735584241 -0.5199532226077349 0
275 0.8593216815303413 -0.5114354775060749 0
276 0.8643636942247791 -0.5028671833656404 0
277 0.8693202753254403 -0.4942491870586138 0
278 0.8741909349311072 -0.4855823403752207 0
279 0.8789751916422537 -0.4768674999173914 0
280 0.88367257259865 -0.4681055270309076 0
281 0.8882826135184435 -0.4592972877351264 0
282 0.8928048587523214 -0.4504436526228862 0
283 0.8972388613379387 -0.4415454967554298 0
284 0.9015841830222546 -0.4326036996190551 0
285 0.9058403943215106 -0.4236191450058061 0
286 0.9100070745785027 -0.4145927208925351 0
287 0.9140838119601432 -0.4055253194467806 0
288 0.9180702035239128 -0.3964178368862346 0
289 0.9219658552756402 -0.387271173347381 0
290 0.9257703821744081 -0.3780862328737326 0
291 0.9294834081903312 -0.3688639232818604 0
292 0.9331045663371325 -0.359605156082045 0
293 0.936633498712505 -0.350310846377288 0
294 0.9400698565238617 -0.3409819127977409 0
295 0.9434133001205001 -0.3316192774187702 0
296 0.9466634990557958 -0.3222238655894955 0
297 0.9498201320822942 -0.3127966059457379 0
298 0.9528828872078657 -0.303338430249782 0
299 0.955851461720627 -0.293850273313708 0
300 0.9587255622097192 -0.2843330729367547 0
301 0.9615049046064189 -0.2747877697747868 0
302 0.9641892142035567 -0.2652153072760465 0
303 0.9667782256941313 -0.2556166315475332 0
304 0.9692716831884033 -0.2459926912920778 0
305 0.9716693402386284 -0.2363444377179809 0
306 0.9739709598698577 -0.2266728244192231 0
307 0.9761763145897934 -0.2169788073381563 0
308 0.9782851864260016 -0.2072633446112538 0
309 0.9802973669438018 -0.1975273964872958 0
310 0.9822126572653707 -0.1877719252383045 0
311 0.9840308680883961 -0.1779978950695694 0
312 0.9857518197054559 -0.168206272021534 0
313 0.9873753420251368 -0.1583980238536585 0
314 0.9889012745763321 -0.1485741200253455 0
315 0.9903294665403022 -0.1387355315050921 0
316 0.9916597767598389 -0.1288832307037134 0
317 0.9928920737504446 -0.1190181913975402 0
318 0.9940262357148397 -0.1091413886231332 0
319 0.9950621505566384 -0.0992537985650828 0
320 0.9959997158873375 -0.0893563984969344 0
321 0.9968388390376509 -0.07945016668370315 0
322 0.997579437072984 -0.06953608221023377 0
323 0.9982214367944542 -0.0596151249601606 0
324 0.9987647747483569 -0.04968827549698132 0
325 0.9992093972327187 -0.03975651496078298 0
326 0.9995552603022339 -0.02982082497406131 0
327 0.9998023297716384 -0.01988218758597899 0
328 0.9999505812218045 -0.00994158509370268 0
329 0.8499415998293026 -0.009963778379989121 0
330 0.8497664073421021 -0.01992618761571281 0
331 0.8494744466120038 -0.02988585875008402 0
332 0.8490657577580178 -0.03984142320252734 0
333 0.8485403969388816 -0.04979151295959275 0
334 0.847898436345601 -0.05973476075690583 0
335 0.8471399641916694 -0.06966980026766981 0
336 0.8462650847003504 -0.07959526629837169 0
337 0.8452739180902556 -0.08950979497433656 0
338 0.8441666005593025 -0.09941202392141026 0
339 0.8429432842663214 -0.1093005924517695 0
340 0.8416041373105605 -0.1191741417495722 0
341 0.8401493437071597 -0.1290313150689745 0
342 0.8385791033606866 -0.1388707579254426 0
343 0.8368936320449194 -0.1486911182373144 0
344 0.835093161361546 -0.1584910465836446 0
345 0.8331779387180438 -0.1682691963300226 0
346 0.831148227289097 -0.1780242238410031 0
347 0.8290043059826335 -0.1877547886533179 0
348 0.826746469396847 -0.1974595536808695 0
349 0.8243750277861219 -0.2071371853690946 0
350 0.8218903070170896 -0.2167863538863879 0
351 0.8192926485219759 -0.2264057333148745 0
352 0.8165824092461649 -0.2359940018511673 0
353 0.8137599616170964 -0.2455498419240821 0
354 0.810825693465079 -0.2550719404734155 0
355 0.8077800079948544 -0.2645589890437158 0
356 0.8046233237240978 -0.274009683987967 0
357 0.8013560744231274 -0.2834227266560588 0
358 0.7979787090494914 -0.2927968235888277 0
359 0.7944916916899848 -0.3021306866830745 0
360 0.7908955015053579 -0.3114230333462641 0
361 0.7871906326593876 -0.3206725866882187 0
362 0.7833775942412775 -0.3298780757200276 0
363 0.7794569102114511 -0.3390382354891816 0
364 0.7754291193196613 -0.3481518072782827 0
365 0.7712947750330461 -0.3572175387725563 0
366 0.7670544454613452 -0.3662341842291464 0
367 0.7627087132746279 -0.3752005046571254 0
368 0.7582581756276401 -0.3841152679780419 0
369 0.753703444084279 -0.3929772491830743 0
370 0.7490451445217685 -0.4017852305254174 0
371 0.7442839170431464 -0.4105380016891381 0
372 0.7394204159013011 -0.4192343599328981 0
373 0.734455309397402 -0.4278731102768277 0
374 0.7293892797878212 -0.4364530656675509 0
375 0.7242230232146428 -0.4449730471004316 0
376 0.7189572495861448 -0.453431883823277 0
377 0.713592682486798 -0.4618284134841596 0
378 0.7081300590794172 -0.4701614822889909 0
379 0.7025701299892833 -0.4784299451819896 0
380 0.6969136592124876 -0.4866326659843754 0
381 0.691161424017801 -0.4947685175409663 0
382 0.6853142148313742 -0.5028363818878434 0
383 0.6793728351265814 -0.510835150407713 0
384 0.6733381013428386 -0.5187637239437828 0
385 0.6672108427053071 -0.5266210130411376 0
386 0.6609919011969838 -0.534405937983474 0
387 0.6546821313489793 -0.5421174290615989 0
388 0.6482824002102909 -0.5497544266102677 0
389 0.6417935871839342 -0.557315881210627 0
390 0.6352165839053187 -0.5648007538341793 0
391 0.6285522941220136 -0.5722080159819098 0
392 0.6218016336110758 -0.5795366497803202 0
393 0.6149655299996832 -0.5867856481818626 0
394 0.6080449226463338 -0.5939540150920893 0
395 0.6010407625330259 -0.6010407654841049 0
396 0.5939540121367664 -0.6080449255331698 0
397 0.5867856452416988 -0.6149655328051183 0
398 0.5795366468656767 -0.6218016363276055 0
399 0.5722080130850148 -0.6285522967592271 0
400 0.5648007509713412 -0.6352165864508018 0
401 0.5573158783717229 -0.6417935896491604 0
402 0.5497544237848335 -0.6482824026063068 0
403 0.5421174262547674 -0.6546821336732099 0
404 0.5344059351912996 -0.6609919034544314 0
405 0.5266210102492811 -0.6672108449088837 0
406 0.5187637211861985 -0.6733381034673799 0
407 0.5108351476804688 -0.6793728371772554 0
408 0.5028363791916964 -0.6853142168096211 0
409 0.4947685148721526 -0.6911614259282737 0
410 0.4866326633263038 -0.6969136610685345 0
411 0.4784299425169133 -0.7025701318041232 0
412 0.4701614796472054 -0.7081300608334251 0
413 0.4618284108602786 -0.7135926841849415 0
414 0.4534318812409867 -0.7189572512147434 0
415 0.4449730445538576 -0.7242230247792946 0
416 0.4364530631682268 -0.7293892812833705 0
417 0.4278731078275536 -0.7344553108242806 0
418 0.4192343575208746 -0.739420417268863 0
419 0.4105379993064586 -0.7442839183574035 0
420 0.4017852281718511 -0.7490451457842134 0
421 0.3929772468479962 -0.7537034453017772 0
422 0.3841152656734881 -0.7582581767950712 0
423 0.3752005023959435 -0.7627087143869745 0
424 0.3662341820155453 -0.7670544465182406 0
425 0.3572175366148432 -0.7712947760323695 0
426 0.3481518051500178 -0.7754291202752087 0
427 0.339038233406905 -0.7794569111171733 0
428 0.3298780736826025 -0.7833775950992314 0
429 0.3206725846952701 -0.7871906334712417 0
430 0.3114230314139344 -0.7908955022662322 0
431 0.3021306848105651 -0.794491692402066 0
432 0.2927968217506188 -0.7979787097239728 0
433 0.2834227248629763 -0.8013560750573029 0
434 0.2740096822500922 -0.8046233243159208 0
435 0.2645589873747062 -0.8077800085414778 0
436 0.2550719388687002 -0.8108256939698951 0
437 0.2455498403709309 -0.8137599620857556 0
438 0.2359940003409247 -0.8165824096826282 0
439 0.2264057318791865 -0.8192926489187181 0
440 0.2167863525193481 -0.8218903073776676 0
441 0.2071371840661653 -0.8243750281135035 0
442 0.197459552440935 -0.8267464696929921 0
443 0.1877547874608684 -0.8290043062527023 0
444 0.178024222708637 -0.8311482275316392 0
445 0.1682691952685895 -0.8331779389324115 0
446 0.158491045595721 -0.8350931615490425 0
447 0.1486911173232453 -0.8368936322073223 0
448 0.1388707570663052 -0.8385791035029618 0
449 0.1290313142762262 -0.8401493438289109 0
450 0.1191741410276464 -0.8416041374127878 0
451 0.1093005917999341 -0.8429432843508419 0
452 0.09941202333795517 -0.8441666006280122 0
453 0.08950979444966027 -0.8452739181458159 0
454 0.07959526581923183 -0.8462650847454158 0
455 0.06966979983665969 -0.8471399642271161 0
456 0.05973476038881406 -0.8478984363715332 0
457 0.0497915126559839 -0.848540396956697 0
458 0.03984142296443726 -0.84906575776919 0
459 0.02988585856275172 -0.8494744466185944 0
460 0.01992618748099834 -0.849766407345261 0
461 0.009963778312553561 -0.8499415998300932 0
462 -0.009963778379989121 -0.8499415998293026 0
463 -0.01992618761571281 -0.8497664073421021 0
464 -0.02988585875008402 -0.8494744466120038 0
465 -0.03984142320252734 -0.8490657577580178 0
466 -0.04979151295959275 -0.8485403969388816 0
467 -0.05973476075690583 -0.847898436345601 0
468 -0.06966980026766981 -0.8471399641916694 0
469 -0.07959526629837169 -0.8462650847003504 0
470 -0.08950979497433656 -0.8452739180902556 0
471 -0.09941202392141026 -0.8441666005593025 0
472 -0.1093005924517695 -0.8429432842663214 0
473 -0.1191741417495722 -0.8416041373105605 0
474 -0.1290313150689745 -0.8401493437071597 0
475 -0.1388707579254426 -0.8385791033606866 0
476 -0.1486911182373144 -0.8368936320449194 0
477 -0.1584910465836446 -0.835093161361546 0
478 -0.1682691963300226 -0.8331779387180438 0
479 -0.1780242238410031 -0.831148227289097 0
480 -0.1877547886533179 -0.8290043059826335 0
481 -0.1974595536808695 -0.826746469396847 0
482 -0.2071371853690946 -0.8243750277861219 0
483 -0.2167863538863879 -0.8218903070170896 0
484 -0.2264057333148745 -0.8192926485219759 0
485 -0.2359940018511673 -0.8165824092461649 0
486 -0.2455498419240821 -0.8137599616170964 0
487 -0.2550719404734155 -0.810825693465079 0
488 -0.2645589890437158 -0.8077800079948544 0
489 -0.274009683987967 -0.8046233237240978 0
490 -0.2834227266560588 -0.8013560744231274 0
491 -0.2927968235888277 -0.7979787090494914 0
492 -0.3021306866830745 -0.7944916916899848 0
493 -0.3114230333462641 -0.7908955015053579 0
494 -0.3206725866882187 -0.7871906326593876 0
495 -0.3298780757200276 -0.7833775942412775 0
496 -0.3390382354891816 -0.7794569102114511 0
497 -0.3481518072782827 -0.7754291193196613 0
498 -0.3572175387725563 -0.7712947750330461 0
499 -0.3662341842291464 -0.7670544454613452 0
500 -0.3752005046571254 -0.7627087132746279 0
501 -0.3841152679780419 -0.7582581756276401 0
502 -0.3929772491830743 -0.753703444084279 0
503 -0.4017852305254174 -0.7490451445217685 0
504 -0.4105380016891381 -0.7442839170431464 0
505 -0.4192343599328981 -0.7394204159013011 0
506 -0.4278731102768277 -0.734455309397402 0
507 -0.4364530656675509 -0.7293892797878212 0
508 -0.4449730471004316 -0.7242230232146428 0
509 -0.453431883823277 -0.7189572495861448 0
510 -0.4618284134841596 -0.713592682486798 0
511 -0.4701614822889909 -0.7081300590794172 0
512 -0.4784299451819896 -0.7025701299892833 0
513 -0.4866326659843754 -0.6969136592124876 0
514 -0.4947685175409663 -0.691161424017801 0
515 -0.5028363818878434 -0.6853142148313742 0
516 -0.510835150407713 -0.6793728351265814 0
517 -0.5187637239437828 -0.6733381013428386 0
518 -0.5266210130411376 -0.6672108427053071 0
519 -0.534405937983474 -0.6609919011969838 0
520 -0.5421174290615989 -0.6546821313489793 0
521 -0.5497544266102677 -0.6482824002102909 0
522 -0.557315881210627 -0.6417935871839342 0
523 -0.5648007538341793 -0.6352165839053187 0
524 -0.5722080159819098 -0.6285522941220136 0
525 -0.5795366497803202 -0.6218016336110758 0
526 -0.5867856481818626 -0.6149655299996832 0
527 -0.5939540150920893 -0.6080449226463338 0
528 -0.6010407654841049 -0.6010407625330259 0
529 -0.6080449255331698 -0.5939540121367664 0
530 -0.6149655328051183 -0.5867856452416988 0
531 -0.6218016363276055 -0.5795366468656767 0
532 -0.6285522967592271 -0.5722080130850148 0
533 -0.6352165864508018 -0.5648007509713412 0
534 -0.6417935896491604 -0.5573158783717229 0
535 -0.6482824026063068 -0.5497544237848335 0
536 -0.6546821336732099 -0.5421174262547674 0
537 -0.6609919034544314 -0.5344059351912996 0
538 -0.6672108449088837 -0.5266210102492811 0
539 -0.6733381034673799 -0.5187637211861985 0
540 -0.6793728371772554 -0.5108351476804688 0
541 -0.6853142168096211 -0.5028363791916964 0
542 -0.6911614259282737 -0.4947685148721526 0
543 -0.6969136610685345 -0.4866326633263038 0
544 -0.7025701318041232 -0.4784299425169133 0
545 -0.7081300608334251 -0.4701614796472054 0
546 -0.7135926841849415 -0.4618284108602786 0
547 -0.7189572512147434 -0.4534318812409867 0
548 -0.7242230247792946 -0.4449730445538576 0
549 -0.7293892812833705 -0.4364530631682268 0
550 -0.7344553108242806 -0.4278731078275536 0
551 -0.739420417268863 -0.4192343575208746 0
552 -0.7442839183574035 -0.4105379993064586 0
553 -0.7490451457842134 -0.4017852281718511 0
554 -0.7537034453017772 -0.3929772468479962 0
555 -0.7582581767950712 -0.3841152656734881 0
556 -0.7627087143869745 -0.3752005023959435 0
557 -0.7670544465182406 -0.3662341820155453 0
558 -0.7712947760323695 -0.3572175366148432 0
559 -0.7754291202752087 -0.3481518051500178 0
560 -0.7794569111171733 -0.339038233406905 0
561 -0.7833775950992314 -0.3298780736826025 0
562 -0.7871906334712417 -0.3206725846952701 0
563 -0.7908955022662322 -0.3114230314139344 0
564 -0.794491692402066 -0.3021306848105651 0
565 -0.7979787097239728 -0.2927968217506188 0
566 -0.8013560750573029 -0.2834227248629763 0
567 -0.8046233243159208 -0.2740096822500922 0
568 -0.8077800085414778 -0.2645589873747062 0
569 -0.8108256939698951 -0.2550719388687002 0
570 -0.8137599620857556 -0.2455498403709309 0
571 -0.8165824096826282 -0.2359940003409247 0
572 -0.8192926489187181 -0.2264057318791865 0
573 -0.8218903073776676 -0.2167863525193481 0
574 -0.8243750281135035 -0.2071371840661653 0
575 -0.8267464696929921 -0.197459552440935 0
576 -0.8290043062527023 -0.1877547874608684 0
577 -0.8311482275316392 -0.178024222708637 0
578 -0.8331779389324115 -0.1682691952685895 0
579 -0.8350931615490425 -0.158491045595721 0
580 -0.8368936322073223 -0.1486911173232453 0
581 -0.8385791035029618 -0.1388707570663052 0
582 -0.8401493438289109 -0.1290313142762262 0
583 -0.8416041374127878 -0.1191741410276464 0
584 -0.8429432843508419 -0.1093005917999341 0
585 -0.8441666006280122 -0.09941202333795517 0
586 -0.8452739181458159 -0.08950979444966027 0
587 -0.8462650847454158 -0.07959526581923183 0
588 -0.8471399642271161 -0.06966979983665969 0
589 -0.8478984363715332 -0.05973476038881406 0
590 -0.848540396956697 -0.0497915126559839 0
591 -0.84906575776919 -0.03984142296443726 0
592 -0.8494744466185944 -0.02988585856275172 0
593 -0.849766407345261 -0.01992618748099834 0
594 -0.8499415998300932 -0.009963778312553561 0
595 0.9900000000000578 0 0
596 0.9800000000000492 0 0
597 0.970000000000052 0 0
598 0.9600000000000362 0 0
599 0.9500000000000144 0 0
600 0.9400000000000173 0 0
601 0.9300000000000144 0 0
602 0.9199999999999363 0 0
603 0.9099999999998959 0 0
604 0.8999999999998988 0 0
605 0.8899999999998771 0 0
606 0.8799999999998612 0 0
607 0.8699999999998642 0 0
608 0.8599999999999421 0 0
609 -0.8599999999999162 0 0
610 -0.8699999999998989 0 0
611 -0.8799999999998136 0 0
612 -0.8899999999997298 0 0
613 -0.8999999999996821 0 0
614 -0.9099999999996532 0 0
615 -0.9199999999995867 0 0
616 -0.9299999999995954 0 0
617 -0.9399999999996532 0 0
618 -0.9499999999997111 0 0
619 -0.9599999999997688 0 0
620 -0.9699999999998267 0 0
621 -0.9799999999998844 0 0
622 -0.9899999999999423 0 0
623 0.9434775906483455 -0.09234633134815862 0
624 0.9391421356247736 -0.08585786437731159 0
625 0.9326536687462603 -0.08152240939076422 0
626 0.9173463312484061 -0.08152240939297348 0
627 0.9108578643201253 -0.08585786443241288 0
628 0.9065224093327052 -0.09234633139390655 0
629 0.9065224093516546 -0.1076536686518414 0
630 0.9108578643752265 -0.1141421356226884 0
631 0.9173463312537398 -0.1184775906092358 0
632 0.9326536687515939 -0.1184775906070265 0
633 0.9391421356798748 -0.1141421355675871 0
634 0.9434775906672949 -0.1076536686060935 0
635 -0.9065224093516546 -0.09234633134815862 0
636 -0.9108578643752265 -0.08585786437731159 0
637 -0.9173463312537398 -0.08152240939076422 0
638 -0.9326536687515939 -0.08152240939297348 0
639 -0.9391421356798748 -0.08585786443241288 0
640 -0.9434775906672949 -0.09234633139390655 0
641 -0.9434775906483455 -0.1076536686518414 0
642 -0.9391421356247736 -0.1141421356226884 0
643 -0.9326536687462603 -0.1184775906092358 0
644 -0.9173463312484061 -0.1184775906070265 0
645 -0.9108578643201253 -0.1141421355675871 0
646 -0.9065224093327052 -0.1076536686060935 0
647 0.9183143268177008 -0.1258110865613949 0
648 -0.9204972553260431 -0.1264671421045163 0
649 0.8395254617267187 -0.1835162735546865 0
650 -0.8384553452577768 -0.184735600110348 0
651 -0.3796827252381739 -0.9158780505327639 0
652 0.916521035995332 -0.3792595435415227 0
653 -0.9153224257509703 -0.3793597559728976 0
654 0.3813737275812048 -0.9159060552984621 0
655 -0.0640196155171901 -0.9893086359254375 0
656 -0.7453687656323464 -0.6546713611334609 0
657 0.6551750492846995 -0.7444551338757777 0
658 -0.6558440791959685 -0.7442439857601767 0
659 0.7461234637391493 -0.6543840294804666 0
660 0.0643747539650283 -0.9893798319009902 0
661 -0.4936342532918626 -0.85804927897066 0
662 0.8593177826030384 -0.492810274091585 0
663 -0.2580014842340939 -0.9584533083702791 0
664 0.9570079015289759 -0.2580566710284146 0
665 0.2593730212730543 -0.956959725683083 0
666 -0.9557982777290711 -0.2578764696018537 0
667 0.4942656629673519 -0.8593785793196753 0
668 -0.8590371697960415 -0.4942469659299755 0
669 -0.190643304121513 -0.9727972867214301 0
670 0.5528926251944805 -0.8228341106089352 0
671 -0.8218791912584112 -0.5526669307935772 0
672 -0.5535714945629597 -0.8227757333448951 0
673 0.8229291035125603 -0.5528270786327664 0
674 0.1912172916177499 -0.9721295443528736 0
675 -0.6012031334547223 -0.7889315999345115 0
676 0.788181545800712 -0.6007590286273776 0
677 -0.1327185516499566 -0.9829052291990874 0
678 0.1332444595922652 -0.9824001188561002 0
679 0.6008281854107111 -0.788206652369148 0
680 -0.7890126783422211 -0.6011737785168272 0
681 -0.3145818875480431 -0.9398463625743647 0
682 0.939121486596239 -0.3159707229053997 0
683 0.4431774283199534 -0.8876383468614009 0
684 -0.8871785606628307 -0.4413969416159418 0
685 -0.442062949412003 -0.8874316263536463 0
686 0.8882199033257687 -0.442757395064429 0
687 0.3135780969969022 -0.9400098874876252 0
688 -0.9405063290221323 -0.3149453207730688 0
689 -0.004586895078105327 -0.9912806193745463 0
690 -0.6978838903026523 -0.7049402694015319 0
691 0.7040863172210948 -0.6995767760942537 0
692 0.4540687148448571 -0.72894404171877 0
693 -0.7300979527001719 -0.4542294171150681 0
694 -0.1937664348466767 -0.836542784627162 0
695 0.1948127525991459 -0.8358101079459958 0
696 0.7286170065514599 -0.4535370943415561 0
697 -0.4534051480137249 -0.7284639905480012 0
698 0.6642616860078856 -0.5439639900638957 0
699 -0.543693490211878 -0.664580776907614 0
700 0.08541090558851312 -0.8543557351004204 0
701 -0.08541090609993984 -0.8543557350938422 0
702 0.5435638569956598 -0.6642208373012328 0
703 -0.6648667510860837 -0.5438371777235745 0
704 -0.7812131018870907 -0.3562651180159972 0
705 0.3563649021478531 -0.7813323349887533 0
706 0.8042834433655972 -0.3004180725284736 0
707 -0.300399270814376 -0.804092837266754 0
708 0.3005312454714295 -0.8043124814073743 0
709 -0.8052138884004348 -0.3000762388272252 0
710 0.7812126655583445 -0.35633833747869 0
711 -0.3560189288102998 -0.7817368327198739 0
712 0.5890686953955697 -0.6244079946123837 0
713 -0.6238594362161776 -0.5894448599842408 0
714 0.02490487068320376 -0.8580666243323389 0
715 -0.02437982202776698 -0.8566082043477858 0
716 0.6247443232873215 -0.5905885616621868 0
717 -0.5885432871644758 -0.6254004931222665 0
718 0.7606272784372659 -0.4015561770573338 0
719 -0.4014154456138176 -0.7590022299015523 0
720 0.2533065400171727 -0.8201329763794717 0
721 -0.8201216408147856 -0.2527181783608728 0
722 0.820163353851828 -0.2526995348349073 0
723 -0.2539363752933087 -0.8199913788426529 0
724 -0.758971268696735 -0.4010452574467639 0
725 0.4016098484848521 -0.7588010096753433 0
726 0.5039479013215682 -0.6949962156361933 0
727 -0.694906106468364 -0.5040083040003848 0
728 -0.13500856185149 -0.8477918874398414 0
729 0.1350121720739079 -0.8478959514920634 0
730 0.6959550367843773 -0.5030392941786801 0
731 -0.5035685393754187 -0.6956826443544708 0
732 0.9669691531257101 -0.2200261670842705 0
733 -0.9664861594660669 -0.2196559485214655 0
734 -0.8314894933472392 -0.2140771202977275 0
735 0.8314346116669952 -0.2139275934578686 0
736 0.4793677651230204 -0.7125592928440124 0
737 -0.7123632658317007 -0.4807200045733136 0
738 -0.1663568684739428 -0.8424147206539596 0
739 0.6450008219224321 -0.5666374270848477 0
740 -0.5664832952677543 -0.645095421157405 0
741 0.1650867375502955 -0.8426054444435025 0
742 -0.05611308392123466 -0.8562636361130691 0
743 0.5664506287528612 -0.6450477071879601 0
744 -0.6449806945422207 -0.5662895486656807 0
745 0.054684576708738 -0.8564456408248788 0
746 0.7930823668099294 -0.3286594375769285 0
747 -0.3283429117490462 -0.7927780505555 0
748 0.3290574258757901 -0.793354639072531 0
749 -0.7927913424399051 -0.3282017470956672 0
750 -0.2238456818477564 -0.8289221047232435 0
751 0.7444520223030191 -0.4278185701278599 0
752 -0.42785364346931 -0.7444192399034064 0
753 0.4280194597680691 -0.7441692623415599 0
754 -0.7437536087980334 -0.4273872209376155 0
755 0.2237039254324683 -0.8288497806472038 0
756 0.7119518659854147 -0.4784304658523313 0
757 -0.4787197368635941 -0.7121028454217467 0
758 0.8441151733295869 -0.1559758356840219 0
759 -0.8439130977615116 -0.1552395123492227 0
760 -0.9752724146977532 -0.1807846631293015 0
761 0.9750568239621075 -0.1814803787293446 0
762 0.02463753800592372 -0.9910716825203085 0
763 -0.6315766185201558 -0.7644203262383228 0
764 0.7646501966777766 -0.6318116412119161 0
765 -0.7263470717185193 -0.6774029620323274 0
766 0.6763400299680635 -0.7252508387924019 0
767 -0.9262137734879966 -0.352060204168321 0
768 0.3519018583376902 -0.9268199233173953 0
769 -0.8442569695971647 -0.5196732217903591 0
770 0.5192650188928981 -0.8446206127876731 0
771 -0.576861225358958 -0.8054785141790336 0
772 0.8046118881704688 -0.5782336302079615 0
773 -0.5280407896864113 -0.8390488738413712 0
774 0.8398607312635009 -0.5277699513828038 0
775 -0.7640540316681665 -0.6306683022322748 0
776 0.631549688136229 -0.7653033437552488 0
777 -0.2866775136123861 -0.9488067101092713 0
778 0.949183739931202 -0.2868913201494099 0
779 -0.9041928420832679 -0.4065284645704411 0
780 0.4053203800108582 -0.9047293486374812 0
781 -0.2292444398556863 -0.9646736041720839 0
782 -0.4064676751021863 -0.9033115475137523 0
783 0.9046731451370591 -0.4056801937785067 0
784 -0.09343096189073787 -0.9864592933083608 0
785 -0.3521309440425756 -0.9273372965083669 0
786 0.9268427655413226 -0.3525053344893095 0
787 -0.8058914036696283 -0.5770170101522317 0
788 0.5772204927056608 -0.8057349318294764 0
789 -0.1616349238907469 -0.9785609299688141 0
790 0.2853218470755825 -0.9500132507322947 0
791 -0.9490662176871929 -0.2869490725547295 0
792 0.1626641741680735 -0.9791354756676829 0
793 0.093377954001945 -0.9874412097385581 0
794 0.2295153714401807 -0.9644442868526553 0
795 -0.4660914196684339 -0.8740106002276826 0
796 0.8745536403129925 -0.4682838942399384 0
797 -0.03372075360321479 -0.9897171540634848 0
798 -0.8739613624561242 -0.4690812588047562 0
799 0.4692580823693738 -0.8733578718494646 0
800 -0.6755950657229531 -0.7257763843248629 0
801 0.7247687005022992 -0.6763265986808155 0
802 -0.9103474836591693 -0.07807095973563143 0
803 0.9103474835834546 -0.07807095972164971 0
804 0.9310831834779434 -0.07416891308996854 0
805 -0.9292628884521346 -0.07380856621757458 0
806 0.9905406215276638 -0.04437896614268992 0
807 -0.9906484235243214 -0.04527871464445019 0
808 0.9036988152268406 -0.1160540644067877 0
809 -0.9030709596096094 -0.1146525162405964 0
810 -0.8952566938991053 -0.008495210075750173 0
811 0.894942202380002 -0.007862445361112129 0
812 -0.8569588425751204 -0.04465224590282955 0
813 0.856875366230654 -0.04536307100789452 0
814 0.9449021220120075 -0.008150495995793667 0
815 -0.9450960675222921 -0.008083487499262305 0
816 -0.9385331884249595 -0.1229797284765468 0
817 0.9391648040390921 -0.1219180862335701 0
818 0.9462788795556409 -0.08394285673296095 0
819 -0.9466226327368465 -0.08622168812389033 0
820 -0.8987969282936992 -0.09572824369388502 0
821 0.8991329332213283 -0.09485472053987154 0
822 0.8479220124372949 -0.1260258796394088 0
823 -0.8492191978370585 -0.1243307618316806 0
824 -0.9798242158789489 -0.1518972407912417 0
825 0.9797624286293686 -0.1522552484994416 0
826 -0.8555697307806495 -0.07589070933280243 0
827 0.8552982301729972 -0.07539020114775259 0
828 0.9512131534532011 -0.104277794905851 0
829 -0.9510597822206854 -0.105183206885377 0
830 0.988341024390748 -0.07348663248177406 0
831 -0.9892369867179041 -0.07421824577713181 0
832 -0.8534309126754543 -0.09564838282408361 0
833 0.8532083104547136 -0.09616910045497516 0
834 -0.8266278660256301 -0.2332443583639135 0
835 0.5279500022462812 -0.6775649232448716 0
836 -0.6763891100779925 -0.5289934636515298 0
837 -0.1056296248177739 -0.8519568453884026 0
838 0.6770790839745465 -0.5279987301182069 0
839 -0.5283046144533109 -0.6765724640719185 0
840 0.1050026022957553 -0.8530926292420811 0
841 0.2816437356539009 -0.8111127950183581 0
842 -0.81022002817473 -0.2827491774012454 0
843 -0.7719635618284415 -0.3741291195417463 0
844 0.3745342960638703 -0.7725723483153144 0
845 0.7726765573872467 -0.3742277786215588 0
846 -0.3744808589140288 -0.7726466406353406 0
847 0.8111908776885476 -0.2815590840618374 0
848 -0.2817159989163231 -0.8110072317154083 0
849 0.6052912071917719 -0.6105155415722141 0
850 -0.6103135309007023 -0.6032187249129739 0
851 0.00575309126355706 -0.8583131584325159 0
852 0.8259061704399884 -0.2338701762413582 0
853 0.9644396426864614 -0.007953000692418565 0
854 0.9249999999999761 -0.008660254037863142 0
855 -0.9241557967029178 -0.008252807659593972 0
856 -0.9649505492357016 -0.008631511322139272 0
857 -0.8582095702285171 -0.0251578448094093 0
858 0.858352835451596 -0.02566967574806286 0
859 0.9878463158193155 -0.09471177803843725 0
860 -0.9873385711748706 -0.09341168419500426 0
861 -0.9812151923508955 -0.1316017780905101 0
862 0.9827056495811074 -0.1322648049844122 0
863 0.971295293382874 -0.2007421798002989 0
864 -0.9695881762796216 -0.199880610841105 0
865 0.04466756465998697 -0.9894341502846793 0
866 -0.6164613577833651 -0.7764054885407273 0
867 0.7767816763020385 -0.615779494031382 0
868 -0.711391481046825 -0.6912371757054008 0
869 0.6902305857685925 -0.7114582095363837 0
870 -0.7756450190062252 -0.6162229337166235 0
871 0.6169198256882812 -0.7762470924834806 0
872 -0.9336216288846606 -0.3326166242749117 0
873 0.3335237534098873 -0.9339645115392119 0
874 0.1127094521415907 -0.9855204202819356 0
875 0.2096274304655386 -0.9685081750938809 0
876 -0.5114792189839974 -0.8491363656277486 0
877 0.8494922099899371 -0.511320377919086 0
878 0.9622326787583312 -0.2398193190415688 0
879 -0.4243575308684343 -0.8948454316394983 0
880 0.8954107991676958 -0.4248446005149603 0
881 -0.9626637365178035 -0.2383714715799305 0
882 -0.3334910713514119 -0.9338704920699514 0
883 0.9331458289527731 -0.3333425476490138 0
884 0.5364307670673616 -0.8339867481331843 0
885 -0.8344720876469651 -0.5368224632000884 0
886 -0.2105590549909602 -0.96962215539778 0
887 -0.113976440261128 -0.9844632913883824 0
888 -0.8955392172245826 -0.4247755160357755 0
889 0.425254008648596 -0.8962098482617266 0
890 0.9859194235236139 -0.1133803094245194 0
891 -0.9855555307696907 -0.1126701588142405 0
892 0.9913667999032656 -0.02505766265090221 0
893 -0.991229713469553 -0.02630010778271927 0
894 -0.8744274206095618 -0.008039785742784512 0
895 0.8753723454804583 -0.00940334652907567 0
896 0.9100931120913925 -0.1223063878344305 0
897 0.9124404699604732 -0.130321387424448 0
898 0.9191883008973747 -0.1344683050650866 0
899 0.9128821587005667 -0.1386392795054868 0
900 0.9200215149538467 -0.1428233172297386 0
901 0.9130742352538217 -0.1470881365400399 0
902 0.9206970588434397 -0.1510828923490438 0
903 0.9133284443757865 -0.1556572625632397 0
904 0.9211961444942951 -0.1597648286769562 0
905 0.9135990026378713 -0.1645073902667087 0
906 0.9060309247499849 -0.1430959780287493 0
907 0.921647469711846 -0.1687036450077504 0
908 0.9140045723078567 -0.1736054557138743 0
909 0.9058625785123073 -0.1693030564455911 0
910 0.9062444071422379 -0.1785454835905938 0
911 0.9144197286613951 -0.1828300489306207 0
912 0.9066271501768832 -0.187841461016557 0
913 0.914896491827212 -0.1922044141822319 0
914 0.9069469855727033 -0.197287583611327 0
915 0.9154129833114685 -0.2016659304692905 0
916 0.9073623232638939 -0.2068252135051726 0
917 0.8988582321080358 -0.2023791360968059 0
918 0.8992540693566659 -0.2119855152866003 0
919 0.9078017838401991 -0.216442573922399 0
920 0.8996490749959825 -0.2216432702348456 0
921 0.9082494368831837 -0.2261195042903967 0
922 0.9000506702591402 -0.2313528960826843 0
923 0.8914230413685141 -0.2268403820313707 0
924 0.8918158264535122 -0.2365888526662309 0
925 0.9004823569209345 -0.2411137932070979 0
926 0.8922203048391406 -0.2463792799183693 0
927 0.9009221182597527 -0.2509102741965073 0
928 0.8926348664113656 -0.2561942189507117 0
929 0.8839169826500025 -0.2516425898795958 0
930 0.8843283122375353 -0.2614790935667409 0
931 0.8930658573850554 -0.2660362689692243 0
932 0.8847447807023725 -0.2713368623828292 0
933 0.8935021461175326 -0.2758969260966804 0
934 0.8851676023522697 -0.2812078355191336 0
935 0.8764018617515191 -0.2766368339213777 0
936 0.8768227492736587 -0.2865192038876667 0
937 0.8855990227650659 -0.2910944543596222 0
938 0.877245541073172 -0.2964142414360439 0
939 0.8980876603810515 -0.174211092734211 0
940 0.8860328590149193 -0.3009918252316291 0
941 0.8776707238933087 -0.3063178688274897 0
942 0.8688757142830632 -0.3017271849645126 0
943 0.8693008400148696 -0.3116442197409105 0
944 0.8781024783825514 -0.3162299481171146 0
945 0.8697310231492059 -0.3215633996150795 0
946 0.8609233760900864 -0.3169733890764108 0
947 0.8613517748413121 -0.3268964045917045 0
948 0.8701628372463409 -0.3314863833637675 0
949 0.8617812916674936 -0.3368220352729495 0
950 0.8705934282499521 -0.3414117756076527 0
951 0.8622110336932065 -0.3467499719222458 0
952 0.8533995521316442 -0.3421599104694331 0
953 0.8538289568468518 -0.3520886883165685 0
954 0.8626427131867281 -0.3566804753920914 0
955 0.8542584866632313 -0.3620212207196885 0
956 0.8454439376578191 -0.357430338364029 0
957 0.8458710268381623 -0.3673618873410478 0
958 0.8546921089464108 -0.3719559709718601 0
959 0.8463027980654878 -0.377296907210757 0
960 0.8374811048158005 -0.3727025194416783 0
961 0.8379128863425302 -0.382639426837542 0
962 0.8467355086777433 -0.3872336385686096 0
963 0.8383454558441219 -0.3925769773423811 0
964 0.847168151741162 -0.3971707068478151 0
965 0.8387783611934977 -0.4025146093247627 0
966 0.8299550644437401 -0.3979208863619789 0
967 0.8303878882290767 -0.4078601193528746 0
968 0.8215631833796071 -0.4032652190724557 0
969 0.821996209506466 -0.4132053020057769 0
970 0.8308213884644858 -0.4178001538864472 0
971 0.8224298338190925 -0.4231456237907213 0
972 0.8312551017952994 -0.4277397828969808 0
973 0.8228636798593517 -0.4330857271358058 0
974 0.8140381249163642 -0.428491496338253 0
975 0.8144717913041865 -0.4384323225079567 0
976 0.8232977727364148 -0.4430257866517831 0
977 0.8149062427043945 -0.4483736014584871 0
978 0.8060797192755732 -0.4437789258995226 0
979 0.8065141133538012 -0.453721118118702 0
980 0.7976863139005848 -0.4491260223857814 0
981 0.7981211913016146 -0.4590684143707471 0
982 0.8069489722781105 -0.463665691557216 0
983 0.7985563241196787 -0.4690107499055975 0
984 0.7897292906934128 -0.4644163836654398 0
985 0.7901638987865442 -0.4743589252355082 0
986 0.7989910698899423 -0.478954034905712 0
987 0.7905991896824531 -0.4843018550986 0
988 0.7817713585278006 -0.4797075438277322 0
989 0.7822069806031623 -0.4896502690238888 0
990 0.7910350314689111 -0.4942440290440235 0
991 0.7826430323855895 -0.4995932121049284 0
992 0.7738143133992589 -0.4949992859074469 0
993 0.7742506762557815 -0.5049427234399679 0
994 0.7654212586391563 -0.5003487731685097 0
995 0.7658581144837965 -0.5102920692283723 0
996 0.7746869674429419 -0.5148857202494774 0
997 0.7662949073054175 -0.5202351670395786 0
998 0.7574657281869458 -0.5156422787882902 0
999 0.7579029031098883 -0.5255851754738137 0
1000 0.766731275585568 -0.5301810384988708 0
1001 0.7583401762326973 -0.5355300142247992 0
1002 0.7495108973408581 -0.5309356365041517 0
1003 0.7499484922163224 -0.5408785956369451 0
1004 0.7411183646604853 -0.5362860759660615 0
1005 0.7415563465824024 -0.5462294164345947 0
1006 0.7503859930766469 -0.5508215775828582 0
1007 0.741994199642976 -0.5561728652267648 0
1008 0.7331642732830272 -0.551580474681338 0
1009 0.7336023579315062 -0.5615242022340393 0
1010 0.7247722256788738 -0.5569317638580993 0
1011 0.7252106925205344 -0.5668752899980556 0
1012 0.7340405786922469 -0.5714673432908808 0
1013 0.7256491416208531 -0.576818852280077 0
1014 0.7168188789474412 -0.5722268991289086 0
1015 0.7172575714342284 -0.5821706776553449 0
1016 0.7084269218240171 -0.5775787831025172 0
1017 0.7088661100532221 -0.5875223840331749 0
1018 0.7176963745275227 -0.5921138239501896 0
1019 0.7093055825846079 -0.5974650476919204 0
1020 0.7004748914499398 -0.5928745627054304 0
1021 0.700915240626597 -0.6028165586488512 0
1022 0.6920834369124704 -0.5982265814987739 0
1023 0.6925237222490497 -0.60816943566113 0
1024 0.6836915039225516 -0.6035792258629066 0
1025 0.6841314734222449 -0.6135228487923026 0
1026 0.6929648079196037 -0.6181114368146257 0
1027 0.6845712210526682 -0.6234661057013107 0
1028 0.6757399575726544 -0.618875669708411 0
1029 0.6761796753059747 -0.6288193795758216 0
1030 0.6673485788360003 -0.6242289204478271 0
1031 0.6677890249519263 -0.634172501505546 0
1032 0.6766189364011266 -0.6387663282117291 0
1033 0.668229079453655 -0.644116185689218 0
1034 0.6593988469168121 -0.6395267462737825 0
1035 0.6598389877991799 -0.6494691766938668 0
1036 0.6510082474600445 -0.644880092583983 0
1037 0.6514483567221265 -0.6548226760264452 0
1038 0.6426176407960773 -0.6502340711112921 0
1039 0.6430575450583922 -0.6601763913705748 0
1040 0.6342232776013207 -0.6555945081329991 0
1041 0.6346667047390054 -0.6655312545250819 0
1042 0.6434980545279976 -0.6701197500092017 0
1043 0.6351075204963517 -0.6754738301376177 0
1044 0.6262760456490808 -0.6708838938621645 0
1045 0.6267171465639143 -0.6808275544757093 0
1046 0.6178867433837064 -0.6762398166734098 0
1047 0.6183268691872243 -0.6861815769027513 0
1048 0.6094949493865889 -0.6815920430011673 0
1049 0.6099360301497476 -0.691535487390756 0
1050 0.6011039204195788 -0.6869457927270947 0
1051 0.6015452521239717 -0.6968896416014998 0
1052 0.5927128461489213 -0.6923000172852855 0
1053 0.5931545553738872 -0.702243987934517 0
1054 0.6019864042807239 -0.7068331066846847 0
1055 0.5935961122895194 -0.7121873358223496 0
1056 0.5847642470258175 -0.7075984658879215 0
1057 0.5852060335652707 -0.7175416970913471 0
1058 0.5763741913522946 -0.7129529147288602 0
1059 0.5768158335663155 -0.722896387380876 0
1060 0.5679841499795463 -0.7183078936927193 0
1061 0.5684259096765526 -0.7282508537311262 0
1062 0.5595938415583561 -0.7236624460108871 0
1063 0.5600353268176897 -0.7336055995895314 0
1064 0.5512034582687059 -0.7290173625975483 0
1065 0.5516447246259544 -0.7389608074675909 0
1066 0.5428131394490451 -0.7343726443806587 0
1067 0.5432542706474077 -0.7443154046546178 0
1068 0.534422129329801 -0.7397267639107505 0
1069 0.534863477453791 -0.7496705007677434 0
1070 0.5260318132473023 -0.7450824322419703 0
1071 0.5264727649728378 -0.7550251494580219 0
1072 0.5176413447735788 -0.7504378255147796 0
1073 0.5180820029693588 -0.760380112958095 0
1074 0.5092498694429345 -0.7557916863671555 0
1075 0.5096911844498062 -0.765734796109482 0
1076 0.5008596656410459 -0.7611477303690318 0
1077 0.5013002371036898 -0.7710899788924335 0
1078 0.4924691056923833 -0.7665033113150349 0
1079 0.4929093571237862 -0.7764450795297494 0
1080 0.4840772878699904 -0.771856856576552 0
1081 0.4845183648753753 -0.781799554895221 0
1082 0.4756872734438987 -0.7772132416836628 0
1083 0.4761277918452809 -0.7871547223883074 0
1084 0.4672968224417084 -0.7825688553816025 0
1085 0.4677374038814894 -0.7925099717351493 0
1086 0.4589048039211225 -0.787922035560551 0
1087 0.4593456264058742 -0.7978643064424484 0
1088 0.4505150581630089 -0.7932786746776662 0
1089 0.4509547880559675 -0.8032191628492613 0
1090 0.4421246987706948 -0.7986342110472974 0
1091 0.4425648204377252 -0.8085744530965187 0
1092 0.4337326821852223 -0.8039869854679718 0
1093 0.4341733066259741 -0.8139287233347176 0
1094 0.425343351577225 -0.8093437974739564 0
1095 0.4257836158609284 -0.8192839101735747 0
1096 0.4169534245160174 -0.8146992951924477 0
1097 0.4173932498863154 -0.8246387329146995 0
1098 0.4085613598477274 -0.8200515065615773 0
1099 0.4090017691716966 -0.8299925675603396 0
1100 0.4001725411564949 -0.8254083714014486 0
1101 0.4006124944697203 -0.8353475944331905 0
1102 0.3917817158574846 -0.8307616071203061 0
1103 0.3922218508497505 -0.8407018144129921 0
1104 0.3833903758221842 -0.8361140480384349 0
1105 0.383831425238078 -0.8460555715023983 0
1106 0.375001340003013 -0.8414695053171219 0
1107 0.3754416350171597 -0.851409690308196 0
1108 0.366611462924038 -0.8468232847055304 0
1109 0.3670483870261252 -0.8567579091796934 0
1110 0.358221077951131 -0.852175920628863 0
1111 0.3586581992873015 -0.8621105624970351 0
1112 0.349831776933065 -0.857529664886193 0
1113 0.3502726294943285 -0.8674699712422287 0
1114 0.3414429145734583 -0.8628836654790144 0
1115 0.4765696058851489 -0.7970980748084634 0
1116 0.5101346523353575 -0.7756748335587289 0
1117 0.341884438075192 -0.8728244453944514 0
1118 0.3330547352920926 -0.8682381765035803 0
1119 0.4513977804829187 -0.8131624734687668 0
1120 0.3410078592030799 -0.8529418160158881 0
1121 0.5353045107860592 -0.7596143922152148 0
1122 0.4262259260057429 -0.8292264969870182 0
1123 0.560476597696136 -0.7435495783879675 0
1124 0.6271578717998042 -0.6907708470795699 0
1125 0.3334956533524637 -0.8781782633536602 0
1126 0.3246657411176388 -0.8735910005101367 0
1127 0.3251075679814828 -0.8835313595112547 0
1128 0.3162769353983271 -0.878943630809736 0
1129 0.3158365593668705 -0.8690022684235525 0
1130 0.3074460462872155 -0.874355916923764 0
1131 0.3078898225905544 -0.8842974456873918 0
1132 0.2990572345455245 -0.8797099881633945 0
1133 0.2986141795126279 -0.86976802854539 0
1134 0.2902251764828231 -0.8751229213718743 0
1135 0.2906681411997326 -0.8850647706350636 0
1136 0.2818363413895949 -0.8804780756586458 0
1137 0.2822792242430389 -0.8904198967832699 0
1138 0.2734476309640668 -0.8858328291455504 0
1139 0.2738906552509496 -0.8957746404841131 0
1140 0.2650588762466715 -0.891187886769664 0
1141 0.2646157125754702 -0.8812453004676387 0
1142 0.256226988501394 -0.8866007813222228 0
1143 0.256670378100561 -0.8965431240604211 0
1144 0.2478385625680514 -0.8919563451610314 0
1145 0.2482822357283655 -0.9018983542695619 0
1146 0.2394500452467557 -0.8973120334503273 0
1147 0.2390062585808594 -0.8873693069915751 0
1148 0.230617770205476 -0.892725429299462 0
1149 0.2310617844478702 -0.9026678542719707 0
1150 0.2222296059588175 -0.8980815933355841 0
1151 0.2226738969292497 -0.9080236457708899 0
1152 0.2138413635630196 -0.9034378382845456 0
1153 0.2133969526110573 -0.8934950933793968 0
1154 0.2050087723855735 -0.8988517807483851 0
1155 0.20545340799598 -0.9087941938974946 0
1156 0.1966209388559119 -0.9042084915970059 0
1157 0.1970662974611183 -0.9141503981918373 0
1158 0.1882335659897107 -0.9095651285243359 0
1159 0.18778814805837 -0.8996230328088785 0
1160 0.1794001618667721 -0.904979754153991 0
1161 0.1798473895225761 -0.9149222042919207 0
1162 0.1710128001138537 -0.9103369581581076 0
1163 0.1705667360133793 -0.9003940582648591 0
1164 0.1621789224428455 -0.9057520251792314 0
1165 0.162625052672402 -0.9156944210510491 0
1166 0.153791501839988 -0.9111099377926869 0
1167 0.1542376225558938 -0.9210521027946295 0
1168 0.1454040342750018 -0.9164678743640954 0
1169 0.1449577545978522 -0.9065251044151628 0
1170 0.1365733048203366 -0.9118878521009229 0
1171 0.1370174475721084 -0.9218265497756912 0
1172 0.1281870329191817 -0.9172470411903256 0
1173 0.1286315397093944 -0.9271845607154579 0
1174 0.1197981002115814 -0.9226010240413869 0
1175 0.1193601374333704 -0.9126610513107845 0
1176 0.1109652614104287 -0.9180170452318703 0
1177 0.1114133243971186 -0.9279585825854524 0
1178 0.1025790802861141 -0.923375436271921 0
1179 0.1021321469540089 -0.9134365036470503 0
1180 0.09374367367202954 -0.9187925843532518 0
1181 0.09419533611341147 -0.9287342353639927 0
1182 0.08535754874848146 -0.9241513202167659 0
1183 0.08491060726662711 -0.9142121895933984 0
1184 0.07652269576092655 -0.9195692074495475 0
1185 0.07697435828579943 -0.9295120341698295 0
1186 0.06813685262027677 -0.9249286950362131 0
1187 0.06768919237575105 -0.9149888033093345 0
1188 0.05930176487053673 -0.9203468650038445 0
1189 0.05975890763773146 -0.930292069567046 0
1190 0.05092106142175803 -0.9257092465038428 0
1191 0.05046835213692138 -0.915767007999219 0
1192 0.04208011782049852 -0.9211249803515046 0
1193 0.04254064423062552 -0.931069093906139 0
1194 0.03369661670043703 -0.9264862335887837 0
1195 0.03324577557788436 -0.9165454968833254 0
1196 0.02485976109972894 -0.9219053686954483 0
1197 0.02530786570767583 -0.9318477370089475 0
1198 0.01647371529061131 -0.927266723511742 0
1199 0.01602393986299727 -0.9173254144730558 0
1200 0.007638444554615681 -0.922686166775196 0
1201 0.008088624336067007 -0.9326282170784514 0
1202 -0.0007465648724954016 -0.9280477603959905 0
1203 -0.001197495617968166 -0.9181060042739301 0
1204 -0.009582235353639985 -0.9234674597002135 0
1205 -0.009130866562304874 -0.9334094483961235 0
1206 -0.01796618087978471 -0.928829841591613 0
1207 -0.01841825227422418 -0.918887510390437 0
1208 -0.02680243544722143 -0.9242503422215504 0
1209 -0.02725487433630864 -0.9143073519092784 0
1210 -0.03563940418713273 -0.9196705926049673 0
1211 -0.03518738883043412 -0.9296130408843345 0
1212 -0.04402408731083136 -0.9250337833037694 0
1213 -0.04447631976872639 -0.915091328831209 0
1214 -0.05286053885956286 -0.9204547080544128 0
1215 -0.05240809257773444 -0.9303967909928762 0
1216 -0.06124491136215474 -0.9258184417537119 0
1217 -0.06169752700280713 -0.9158757699429042 0
1218 -0.07008205925282261 -0.9212398936581838 0
1219 -0.07053493897680933 -0.9112967028129294 0
1220 -0.07891905539368575 -0.9166609294716029 0
1221 -0.07846648206066048 -0.9266037466366509 0
1222 -0.08730309736814415 -0.9220252074974665 0
1223 -0.08775642456405822 -0.9120827663764027 0
1224 -0.09614000050483328 -0.917447152248591 0
1225 -0.09568630960708843 -0.9273891452098121 0
1226 -0.1045234895149255 -0.9228116310973161 0
1227 -0.1049773992457148 -0.9128693488677586 0
1228 -0.1133610434846292 -0.9182341581263147 0
1229 -0.1138152442824733 -0.9082914615630275 0
1230 -0.122198495433913 -0.9136566623004153 0
1231 -0.1217441225361787 -0.9235987779803065 0
1232 -0.1305808570360532 -0.9190216261980321 0
1233 -0.1310362636659089 -0.9090796449648656 0
1234 -0.1394185446986209 -0.9144449010668475 0
1235 -0.1398742465957361 -0.9045023006919363 0
1236 -0.1482573323330311 -0.9098679145919132 0
1237 -0.1487126541306266 -0.8999247338830071 0
1238 -0.157095901285092 -0.905290625338103 0
1239 -0.1566405368884325 -0.9152333090063636 0
1240 -0.1654789915518415 -0.9106563540795145 0
1241 -0.165934433077604 -0.9007135783103212 0
1242 -0.1743175740685564 -0.9060796579219158 0
1243 -0.174773337448081 -0.8961366945290675 0
1244 -0.183156177018058 -0.9015031860883359 0
1245 -0.1827003343379277 -0.9114454743472369 0
1246 -0.1915391714041655 -0.9068697653930136 0
1247 -0.1919948926607239 -0.8969271469084629 0
1248 -0.200377917010388 -0.9022938550004166 0
1249 -0.2008337557307876 -0.8923507961064394 0
1250 -0.2092162800868944 -0.8977174651586458 0
1251 -0.2096727392283426 -0.887774322058099 0
1252 -0.2180553950798883 -0.8931413367912937 0
1253 -0.2175988174575621 -0.9030837252417141 0
1254 -0.2264377880744404 -0.8985078822481702 0
1255 -0.2268945194231068 -0.888565588296838 0
1256 -0.2352768128808864 -0.8939323299601011 0
1257 -0.2357336037682586 -0.8839898221317757 0
1258 -0.244115894091667 -0.8893569827987733 0
1259 -0.2445728736421375 -0.8794141256916589 0
1260 -0.2529550781151085 -0.8847815625184725 0
1261 -0.252497993919046 -0.8947238188284279 0
1262 -0.2613370429329461 -0.8901486917317203 0
1263 -0.2617942704361846 -0.8802063228362831 0
1264 -0.2701761596642521 -0.8855737392173629 0
1265 -0.2706338157530364 -0.8756316936947154 0
1266 -0.2790155999179331 -0.8809988476155219 0
1267 -0.2794732789511732 -0.8710565791698972 0
1268 -0.2878552270094432 -0.8764238071767686 0
1269 -0.2883127148802808 -0.8664809056848835 0
1270 -0.296694705177021 -0.8718486666603951 0
1271 -0.2971524934810933 -0.8619055839607479 0
1272 -0.3055346699875084 -0.867273393708845 0
1273 -0.3059925384836495 -0.857330055719789 0
1274 -0.3143749043396851 -0.8626982380631685 0
1275 -0.3139168577351545 -0.8726409156432179 0
1276 -0.3227566635242795 -0.8680660557098349 0
1277 -0.3232147105478697 -0.8581236155336687 0
1278 -0.331596304441149 -0.863491496422331 0
1279 -0.332054376656625 -0.8535490998779171 0
1280 -0.3404360821794786 -0.8589169654844158 0
1281 -0.3408944597598216 -0.8489748769585193 0
1282 -0.3492760357679066 -0.8543424422279389 0
1283 -0.3497345005443672 -0.8444004421659606 0
1284 -0.3581159439125038 -0.8497679097365137 0
1285 -0.3585745903605487 -0.8398257493064114 0
1286 -0.3669562214728515 -0.8451931367232477 0
1287 -0.3674150179777168 -0.8352513982386993 0
1288 -0.3757965255872305 -0.8406184220790174 0
1289 -0.3762549245831059 -0.8306759476469754 0
1290 -0.3846367980825592 -0.8360434956725556 0
1291 -0.3850956956830339 -0.8261018128717388 0
1292 -0.39347724605256 -0.8314687280160209 0
1293 -0.3939364029735109 -0.8215274753578155 0
1294 -0.4023177432337109 -0.8268939262968288 0
1295 -0.402776273829421 -0.816951504209301 0
1296 -0.4111581285625447 -0.8223188330173274 0
1297 -0.4116173811979096 -0.8123776854080101 0
1298 -0.4199985573089325 -0.8177441244535589 0
1299 -0.4204581935825504 -0.8078033754284309 0
1300 -0.4288389333254776 -0.813169377068384 0
1301 -0.4292979205830706 -0.8032269529711994 0
1302 -0.4376793824393053 -0.8085939414522736 0
1303 -0.4381391837516915 -0.7986534867952348 0
1304 -0.4465198475990252 -0.8040189667426245 0
1305 -0.4469799838173989 -0.7940792006017837 0
1306 -0.4553603402865549 -0.7994445432419145 0
1307 -0.455819474922187 -0.7895024840408679 0
1308 -0.4642006558607087 -0.794869061618074 0
1309 -0.464660783520001 -0.7849294166165226 0
1310 -0.4730410254859219 -0.7902946860645397 0
1311 -0.4735014522870329 -0.7803553534645925 0
1312 -0.4818813250927566 -0.7857200217388037 0
1313 -0.4823405558724456 -0.775778317459104 0
1314 -0.4907213183195427 -0.781144638111497 0
1315 -0.4911817674262876 -0.7712057222534698 0
1316 -0.4995613829990311 -0.7765696276488645 0
1317 -0.5000221621686282 -0.7666317235359237 0
1318 -0.5084013530913172 -0.7719960553577727 0
1319 -0.5088607790743935 -0.7620546156936079 0
1320 -0.5172411904788818 -0.767420655078366 0
1321 -0.5177017741208879 -0.7574825050999504 0
1322 -0.5260808794292176 -0.7628464245341471 0
1323 -0.5265409250626916 -0.7529072169913074 0
1324 -0.534920275270398 -0.7582718139288107 0
1325 -0.5353792418641009 -0.748330545990621 0
1326 -0.5437512113242173 -0.7537118951294812 0
1327 -0.5442178719263232 -0.7437602868784002 0
1328 -0.552590487651057 -0.7491324520739326 0
1329 -0.5530564171036585 -0.7391850737602181 0
1330 -0.5614145982858008 -0.7445710778667937 0
1331 -0.5618927428984574 -0.7346130307052117 0
1332 -0.5702681640984864 -0.7399717730502722 0
1333 -0.570732370928522 -0.7300331870125654 0
1334 -0.4283803346121225 -0.8231117669421988 0
1335 -0.5791092369816632 -0.7353925558239963 0
1336 -0.5795713897883378 -0.7254575746942488 0
1337 -0.4548959951868604 -0.8093872741823308 0
1338 -0.3664954217958213 -0.8551356217220263 0
1339 -0.4018589807083573 -0.8368364420744078 0
1340 -0.5879506141374959 -0.7308244144954759 0
1341 -0.5884097339158092 -0.7208843393016068 0
1342 -0.5800304301464678 -0.7155171966590588 0
1343 -0.5888694178569891 -0.7109434796973676 0
1344 -0.5972492147015858 -0.716310550195519 0
1345 -0.5977086934275884 -0.7063698072414436 0
1346 -0.606089000570416 -0.7117370258099687 0
1347 -0.6065475404213014 -0.7017963968605021 0
1348 -0.614927356111621 -0.7071643122171292 0
1349 -0.6153862340407013 -0.697223130002252 0
1350 -0.6070060200378493 -0.6918548822009036 0
1351 -0.6158455880300355 -0.6872818587268215 0
1352 -0.6242256982302512 -0.6926503072964301 0
1353 -0.62468511747574 -0.682709050453997 0
1354 -0.6330647197843294 -0.6880771020474864 0
1355 -0.6335240987728261 -0.6781360203688858 0
1356 -0.4902619907735569 -0.7910878945413331 0
1357 -0.6419035971526039 -0.6835041607137452 0
1358 -0.6423633982998418 -0.6735631020823873 0
1359 -0.6339832915464434 -0.6681944522523899 0
1360 -0.6428229626712589 -0.6636218005108828 0
1361 -0.6512027264309114 -0.6689905120442989 0
1362 -0.6516625391789741 -0.6590494517330019 0
1363 -0.6600418661153455 -0.6644182359135159 0
1364 -0.6605022611420944 -0.6544770849186688 0
1365 -0.6521223735296668 -0.6491078399339316 0
1366 -0.6609624545066355 -0.6445357163225381 0
1367 -0.6693419673036619 -0.6499050073904514 0
1368 -0.6698024102597602 -0.6399638987926554 0
1369 -0.678181456917178 -0.6453332414194231 0
1370 -0.6786424723268043 -0.6353920577999386 0
1371 -0.6702628913248986 -0.630022262995068 0
1372 -0.679103303574683 -0.6254507018514956 0
1373 -0.6874824794160548 -0.630820522464949 0
1374 -0.6879435586424687 -0.6208794605904655 0
1375 -0.2785567935704754 -0.89094077102326 0
1376 -0.6963221239806812 -0.6262494853506108 0
1377 -0.6967835208651346 -0.6163083258095639 0
1378 -0.6884050222244487 -0.610938212672001 0
1379 -0.6972453428171403 -0.6063668828333417 0
1380 -0.7056240617545966 -0.6117374883461588 0
1381 -0.7060862489784729 -0.6017959579976282 0
1382 -0.6977072620609935 -0.5964251894084504 0
1383 -0.7065483491652267 -0.5918544280584911 0
1384 -0.7149270367269344 -0.5972253630284419 0
1385 -0.71538940684909 -0.5872841098194163 0
1386 -0.7237672173772266 -0.5926554684586196 0
1387 -0.7242300105460766 -0.582714311430772 0
1388 -0.7158522442724592 -0.5773426614432713 0
1389 -0.72469308122951 -0.5727725878216336 0
1390 -0.7330701652085019 -0.5781468652259074 0
1391 -0.7335339866160316 -0.568204506175493 0
1392 -0.7251570366115041 -0.5628311441453915 0
1393 -0.7339978796806677 -0.5582611297203945 0
1394 -0.7423752230820381 -0.5636349692101601 0
1395 -0.7428394536890606 -0.5536921382115696 0
1396 -0.3399775031273449 -0.8688595128821509 0
1397 -0.7344613388368673 -0.5483192163899959 0
1398 -0.7433036576156222 -0.5437502371923053 0
1399 -0.7516814794617437 -0.5491227999063375 0
1400 -0.752145787887287 -0.5391814810312378 0
1401 -0.7605227090885595 -0.5445547114919682 0
1402 -0.760987347766853 -0.5346136727935704 0
1403 -0.7526104718183847 -0.529240166965938 0
1404 -0.7614521611128429 -0.5246717683732993 0
1405 -0.7698285324424403 -0.5300463366526436 0
1406 -0.7702942865897723 -0.5201037963966216 0
1407 -0.7619171364521866 -0.5147302207957731 0
1408 -0.7707598141706229 -0.5101619163573514 0
1409 -0.7623820580552148 -0.5047881142611248 0
1410 -0.771225053883554 -0.5002201212135586 0
1411 -0.7796024038322507 -0.5055938620849361 0
1412 -0.7800679082215972 -0.4956524332605737 0
1413 -0.7884442538661737 -0.5010265728342285 0
1414 -0.7889101054047705 -0.4910853969963181 0
1415 -0.7805337210685583 -0.4857111849677194 0
1416 -0.7893762205413384 -0.4811439567337859 0
1417 -0.7977522747247248 -0.4865182120784105 0
1418 -0.7982187059071834 -0.4765770118812942 0
1419 -0.789842295148149 -0.4712023612551582 0
1420 -0.7986853417790758 -0.4666353914998593 0
1421 -0.7903085974554194 -0.4612601879598005 0
1422 -0.7991521737294091 -0.4566934607584248 0
1423 -0.807532100521232 -0.4620664017221723 0
1424 -0.8079962058534236 -0.4521264936709709 0
1425 -0.7996193390896245 -0.4467515115973195 0
1426 -0.8084629997169723 -0.4421849855012722 0
1427 -0.8168418424533561 -0.4475587767936654 0
1428 -0.8173069565891649 -0.4376187327910606 0
1429 -0.8089329440778086 -0.4322407887099026 0
1430 -0.8177752155192552 -0.4276772350480611 0
1431 -0.8261517048958829 -0.4330521865638751 0
1432 -0.8266186699318889 -0.4231115968238597 0
1433 -0.8182437541715504 -0.4177357450990193 0
1434 -0.8270870004250886 -0.4131700863642296 0
1435 -0.8187107898204631 -0.4077936330546721 0
1436 -0.8275551057737377 -0.4032285276542141 0
1437 -0.8359306928137005 -0.4086047971170697 0
1438 -0.8363989679452426 -0.3986638548453675 0
1439 -0.8280236853327774 -0.3932866527705386 0
1440 -0.8368679361083428 -0.3887220291270282 0
1441 -0.8284924909385415 -0.383344247850827 0
1442 -0.8373374646377156 -0.3787795122152334 0
1443 -0.8457119177393185 -0.3841609881020471 0
1444 -0.8461820728771019 -0.3742179938971538 0
1445 -0.8378070982060166 -0.3688380041727578 0
1446 -0.8466519446745916 -0.3642738291026867 0
1447 -0.8550250617277788 -0.3696556462650928 0
1448 -0.8554965792399317 -0.3597099069479279 0
1449 -0.847121812773407 -0.3543316335371142 0
1450 -0.8559670745964414 -0.3497674379929208 0
1451 -0.8475919527233082 -0.3443892312785657 0
1452 -0.8564373167727091 -0.3398257409057532 0
1453 -0.8648118498979699 -0.3452035255537044 0
1454 -0.86528231543126 -0.3352622833094621 0
1455 -0.8569081161068626 -0.3298840913872501 0
1456 -0.865753179115053 -0.3253206706225651 0
1457 -0.8573786813201051 -0.3199420894993128 0
1458 -0.8662240907914024 -0.3153787035144363 0
1459 -0.8578493701905449 -0.3099999049926232 0
1460 -0.8666951010205116 -0.3054366955849356 0
1461 -0.8750692058426344 -0.3108145478000109 0
1462 -0.8755403957753811 -0.3008732897969192 0
1463 -0.8671661778509545 -0.2954946205905696 0
1464 -0.8760119408943023 -0.290931789437843 0
1465 -0.8676384988010858 -0.2855494041497172 0
1466 -0.8764840232704928 -0.2809887265388161 0
1467 -0.884857113345034 -0.2863688281902771 0
1468 -0.8853288835874876 -0.27642796464265 0
1469 -0.8769564856537998 -0.2710476728862246 0
1470 -0.8858002318856002 -0.2664876261930695 0
1471 -0.8774288493338382 -0.2611086763530177 0
1472 -0.8862676819893349 -0.256548296586688 0
1473 -0.8779031978614695 -0.2511698078288416 0
1474 -0.8867310692502599 -0.2466031172559157 0
1475 -0.8946288781334114 -0.2618749939410627 0
1476 -0.8783760349991324 -0.241237277409539 0
1477 -0.887194221292688 -0.2366757793036936 0
1478 -0.8788356579000844 -0.231320089414843 0
1479 -0.8876470178502156 -0.2267843896135711 0
1480 -0.8959860083354085 -0.2321233120802552 0
1481 -0.8964561356524503 -0.2222551314110955 0
1482 -0.8880930883174433 -0.2169479997329466 0
1483 -0.8970637628345077 -0.2124446941851184 0
1484 -0.8886410179955979 -0.2072089539434149 0
1485 -0.8974615435682948 -0.2027561610059837 0
1486 -0.8891921084327581 -0.1975946271011794 0
1487 -0.8976975204887349 -0.1932508670548481 0
1488 -0.9064498620789965 -0.1983779708401485 0
1489 -0.9060396291372653 -0.1888507884432676 0
1490 -0.8981387396438417 -0.183878586971379 0
1491 -0.9064113451341648 -0.1796095892829495 0
1492 -0.8986119591076029 -0.1746354027530187 0
1493 -0.9145565484464742 -0.1844685886305693 0
1494 -0.9146598528427248 -0.1753721040892666 0
1495 -0.9047982294200401 -0.2275511141791737 0
1496 -0.5167821735276394 -0.7773632504678358 0
1497 -0.2259839674808623 -0.908449778979542 0
1498 -0.5446699292208333 -0.7338268623415174 0
1499 0.7181356442226654 -0.6020561235779974 0
1500 0.289782680465378 -0.8651795972525342 0
1501 0.3661812885852792 -0.8368790041930609 0
1502 0.5856476749376452 -0.7274845644502332 0
1503 -0.6074644517808562 -0.6819134348041287 0
1504 -0.1301262689669512 -0.9289633947665601 0
1505 0.668669181572391 -0.6540613266811754 0
1506 -0.5804881565118147 -0.7055756974428078 0
1507 0.4010541061151169 -0.8452896224503599 0
1508 -0.1910826753071336 -0.9168114414148916 0
1509 -0.9223049671072284 -0.1802672768876009 0
1510 -0.9227150248118045 -0.1711741006500412 0
1511 0.9292886456324019 -0.1637488020356719 0
1512 -0.5432827549711998 -0.7636705859301822 0
1513 -0.5181682822884078 -0.7475528025487922 0
1514 -0.8736560133304265 -0.3406398895171013 0
1515 0.3758986384474502 -0.8613463118547957 0
1516 0.3913469742392353 -0.8208322778291693 0
1517 0.6090496574855646 -0.6716554651929423 0
1518 -0.332515394982011 -0.8436050939635222 0
1519 0.2827218772835406 -0.900361638903988 0
1520 -0.4916684371532408 -0.7612518918411469 0
1521 0.6421722801316462 -0.6402958658617937 0
1522 0.5423652480197956 -0.7244335080775388 0
1523 -0.5697783649030137 -0.749942110136091 0
1524 -0.6144688522048585 -0.7171040577400291 0
1525 0.5675395093128354 -0.7083659217274518 0
1526 0.9233839810186213 -0.1965585928312694 0
1527 0.6832512579454875 -0.5936354460717416 0
1528 -0.1403296609315686 -0.8945585321069736 0
1529 0.416487386727376 -0.8047741701745457 0
1530 -0.6414457688317086 -0.693443927599259 0
1531 -0.2799324578595545 -0.8611131030803485 0
1532 -0.8690579350449895 -0.2557304456121414 0
1533 0.5171900923124542 -0.740501532636288 0
1534 -0.8804993799574385 -0.2019326093806375 0
1535 -0.2012894609924904 -0.8824069713534528 0
1536 -0.3590400702998965 -0.8298802137083223 0
1537 -0.4651433635173114 -0.7749774085036597 0
1538 0.3507148810152675 -0.8774126011809622 0
1539 -0.8490033821392082 -0.3145626831665906 0
1540 0.4416626411930754 -0.78870636770144 0
1541 -0.2361900715070515 -0.874046401677824 0
1542 -0.9304055026949858 -0.1760518000489943 0
1543 -0.9308037820512198 -0.1669843960528033 0
1544 -0.9304169060978325 -0.1849323928255761 0
1545 0.4920143770750655 -0.7565698198296151 0
1546 0.466838439048882 -0.7726381861094397 0
1547 -0.4386175998234408 -0.7887031765663132 0
1548 -0.3855655500743286 -0.8161547947783375 0
1549 -0.4120915343153322 -0.8024290583753709 0
1550 -0.9150781737201324 -0.166326041696224 0
1551 -0.8700283548811567 -0.2358649179020497 0
1552 -0.8810716034412609 -0.1923195910714107 0
1553 -0.8936999283795425 -0.281808924687607 0
1554 -0.4725762108511223 -0.800237066460086 0
1555 -0.5874631345428375 -0.7407737450104698 0
1556 -0.8932298075663329 -0.2917468068701919 0
1557 -0.9020712857023458 -0.2871873685864832 0
1558 -0.9016020781432603 -0.2971232580553419 0
1559 0.4933530008472109 -0.786384259213128 0
1560 -0.384175640244604 -0.8459859593146284 0
1561 0.9091860769089677 -0.2456403174777305 0
1562 -0.1822450743293689 -0.9213866408301614 0
1563 -0.1906262162258602 -0.9267517935905853 0
1564 -0.1817902939633331 -0.9313265009753202 0
1565 -0.2962379469228376 -0.8817914702327563 0
1566 0.7265256172920754 -0.596704879437543 0
1567 0.7269649035991272 -0.6066455899805653 0
1568 0.7353534905320043 -0.6012954470342968 0
1569 -0.8731857068492217 -0.3505802264154758 0
1570 -0.8820284478849545 -0.3460174166014115 0
1571 -0.8815583258510034 -0.3559562614373629 0
1572 -0.1212902353503231 -0.93353984403762 0
1573 -0.1296707393666426 -0.9389036532791315 0
1574 -0.1208362649304588 -0.943479538018867 0
1575 -0.7879791095901396 -0.5109667220329135 0
1576 -0.6595813268320653 -0.6743591738519111 0
1577 -0.6777208508098043 -0.6552741987081128 0
1578 -0.6958604381426793 -0.6361903029247505 0
1579 -0.7233051241811094 -0.6025955006211894 0
1580 0.8943869284217649 -0.2956702661130635 0
1581 0.1630707147738543 -0.9256367194682552 0
1582 0.1374632318591234 -0.93176749139839 0
1583 -0.7600587214927554 -0.5544944922562216 0
1584 0.257113334693869 -0.9064846071541812 0
1585 0.2315060284211196 -0.9126096867215284 0
1586 0.2058976659412617 -0.9187356967987077 0
1587 0.8396459539088129 -0.4223947072898016 0
1588 -0.7628470401635458 -0.4948455417117738 0
1589 -0.7540030088103682 -0.4994141457016061 0
1590 -0.7544678789187262 -0.4894695854181473 0
1591 0.8555577057845867 -0.3918274106983345 0
1592 -0.7968195897765575 -0.5064003115595161 0
1593 -0.7963546118148737 -0.5163389216210107 0
1594 -0.7349254625725112 -0.5383766002084651 0
1595 -0.7688986779109321 -0.5499271791914705 0
1596 -0.7684347365247234 -0.5598657165565106 0
1597 0.8131703184280648 -0.4086099127196258 0
1598 0.81273708089418 -0.3986685972253559 0
1599 0.8043425686645193 -0.4040140751727009 0
1600 0.1290785368755425 -0.9371244639775227 0
1601 0.1379093581938944 -0.9417074060619414 0
1602 0.136135787995891 -0.901948478679835 0
1603 -0.7321439996841477 -0.5980265070451969 0
1604 -0.6981691906994933 -0.5864824894780406 0
1605 0.1975119581878245 -0.9240912500569201 0
1606 -0.7046992476661035 -0.63161925428134 0
1607 -0.6707240561172937 -0.6200811282866021 0
1608 0.204564240050167 -0.8889092186485543 0
1609 -0.3222987816576927 -0.8780077356566874 0
1610 -0.6344426407249067 -0.6582524577996607 0
1611 0.6024270074989758 -0.7167761300808499 0
1612 0.2557833429985195 -0.8766576639707289 0
1613 0.8559903437664937 -0.4017637685621849 0
1614 0.8400797460134997 -0.4323332388472577 0
1615 0.8484696392076729 -0.4269887768776985 0
1616 0.6439379975716671 -0.6800634529521506 0
1617 -0.2608793139839916 -0.9000902027538329 0
1618 0.8789752859978741 -0.3360750143745227 0
1619 0.6934018426161405 -0.6280567684623987 0
1620 0.8525412580204909 -0.3223062961084207 0
1621 0.7508238506499796 -0.5607642705593902 0
1622 0.7592143499300519 -0.5554140726124537 0
1623 0.7596523189616381 -0.5653547702769058 0
1624 0.7680416324101054 -0.5600059763737241 0
1625 0.852113899303155 -0.312376102398351 0
1626 0.8437274261085964 -0.3177129583128301 0
1627 -0.8447741541588497 -0.4040402165191481 0
1628 -0.8443055617311277 -0.4139802196071398 0
1629 -0.8531475579972758 -0.4094166589190545 0
1630 -0.8526792435535079 -0.4193550379397837 0
1631 -0.06079148265487947 -0.9357601431045737 0
1632 -0.05195621763425684 -0.9403379439036629 0
1633 -0.06033764884431423 -0.9457001087233747 0
1634 -0.05150399642058016 -0.9502776494312535 0
1635 0.7914712917568213 -0.5041857188379614 0
1636 0.7998624950304651 -0.4988373196734883 0
1637 0.8002983840626423 -0.5087779570411227 0
1638 -0.01751394903192395 -0.9387712339770504 0
1639 -0.008679555595828744 -0.9433504626606957 0
1640 -0.01706435268875397 -0.9487111870707454 0
1641 0.1617328977950525 -0.8958084047747328 0
1642 -0.8065972689854131 -0.4819465061434416 0
1643 -0.6525823890270719 -0.6391657781986165 0
1644 0.2301734723379749 -0.8827822068589828 0
1645 0.8794067710777396 -0.3460015138535546 0
1646 0.8237313547035412 -0.4529694307585536 0
1647 0.6748586812146014 -0.598987504581699 0
1648 -0.1491680546434444 -0.889980143336029 0
1649 -0.8494733306055255 -0.3046200152157055 0
1650 0.707987647262556 -0.5676347651344249 0
1651 -0.8196472419367169 -0.3879092212057912 0
1652 -0.820115887647345 -0.3779656950212203 0
1653 0.2981721881620941 -0.859824096680714 0
1654 0.2893392540779821 -0.8552346695413306 0
1655 0.297730816304056 -0.8498785057018644 0
1656 0.7243334093144209 -0.5469878131395385 0
1657 0.1701218274497519 -0.8904500284843282 0
1658 0.1612863678280635 -0.8858634303665026 0
1659 -0.6893269004386093 -0.5910539995520495 0
1660 -0.6897890028529338 -0.5811094599772926 0
1661 -0.7260818821427845 -0.5429463937676027 0
1662 -0.7265461404002502 -0.5330018903361029 0
1663 -0.8098696658987914 -0.4123578978692604 0
1664 -0.8387460082656324 -0.3489534464812269 0
1665 -0.1054311800336331 -0.9029259735103699 0
1666 -0.7814646174068419 -0.4658276050761228 0
1667 -0.7819312619950574 -0.4558839426855619 0
1668 -0.7730856908710614 -0.4604523428605041 0
1669 -0.01886914568874428 -0.9089443480760726 0
1670 -0.02770737432551027 -0.9043633591047502 0
1671 -0.01932012964712765 -0.898999579716893 0
1672 -0.06215006578930017 -0.9059321617407314 0
1673 -0.07098868934783828 -0.9013524709766926 0
1674 0.7406806923198525 -0.5263428451256088 0
1675 0.7649850723621421 -0.4904045123592782 0
1676 0.7565906345789752 -0.4957551823186797 0
1677 -0.5623509157002136 -0.7246734832939251 0
1678 -0.2976095678548503 -0.8519613468490863 0
1679 0.5922710399921436 -0.6823552386333858 0
1680 -0.2450301452067039 -0.8694697452475311 0
1681 0.7972518333453348 -0.4391830072730685 0
1682 0.7888573476117378 -0.4445308721803357 0
1683 0.7884228360729262 -0.4345859868302174 0
1684 0.8755911719090941 -0.2569122208165109 0
1685 0.8680484168119902 -0.281936717337666 0
1686 0.8948249615667427 -0.3055703651711752 0
1687 0.8831518293982451 -0.2320487551076304 0
1688 0.9018228470000557 -0.2705938939458374 0
1689 0.8827619427869315 -0.2222819390680735 0
1690 0.8744782157575661 -0.2274948190083608 0
1691 0.8740734420987382 -0.2176993955218233 0
1692 0.9163964984196431 -0.2208890801826831 0
1693 -0.6809449099190564 -0.5856823936830413 0
1694 -0.7316820532522539 -0.607965022166852 0
1695 0.1696769184697288 -0.8805044114371363 0
1696 0.3339371106534508 -0.8881190065603881 0
1697 0.3255501084756048 -0.8934712784290284 0
1698 0.84330058402504 -0.3077762626794298 0
1699 0.92770610537828 -0.1469071507516246 0
1700 0.2063419673816162 -0.9286759143977418 0
1701 0.7561545212815302 -0.4858090545124166 0
1702 0.8643790939760737 -0.3964206260043702 0
1703 0.8086881623691686 -0.503430240462507 0
1704 -0.717701051603669 -0.5375729635046852 0
1705 0.9031862189213804 -0.300246736402348 0
1706 0.8877824347250012 -0.3406637336550571 0
1707 -0.02815932586094839 -0.8944189394324745 0
1708 -0.008228953781906218 -0.9532898867838446 0
1709 -0.06260257649275432 -0.8959873997580104 0
1710 0.1979574677150435 -0.9340307127612015 0
1711 -0.7772735812839919 -0.5552985414685186 0
1712 0.8882199110510307 -0.3505917878806792 0
1713 -0.7042377436779612 -0.6415588235707959 0
1714 -0.9383830434353333 -0.1719120089538146 0
1715 -0.9388035073299339 -0.1628156646000804 0
1716 0.8489033474994182 -0.4369262527302563 0
1717 -0.8051938068637714 -0.5117731822487261 0
1718 -0.07144190799044894 -0.8914079764908421 0
1719 -0.8112693074674252 -0.382531408718243 0
1720 -0.9312647280373731 -0.1580030359974214 0
1721 -0.9391902500751456 -0.1538812948925083 0
1722 -0.9104438368802852 -0.2925260085141961 0
1723 -0.9108841057386194 -0.2825476883432213 0
1724 0.9036214551005444 -0.3101522032101995 0
1725 -0.7405196568052356 -0.6033967023238903 0
1726 0.1295257879765803 -0.9470635884193827 0
1727 0.7800268907365134 -0.4399352443537005 0
1728 0.8039090121432926 -0.3940705683555601 0
1729 -0.7735526328106934 -0.4505068392740869 0
1730 0.7477585465713915 -0.4911609642647614 0
1731 -0.8117386513143893 -0.3725875502280596 0
1732 0.8648123958541902 -0.4063576748319098 0
1733 -0.7130754308450371 -0.6369887657453497 0
1734 -0.1407839513547451 -0.8846132013152319 0
1735 -0.1496240783038258 -0.8800342384768781 0
1736 0.6744183491501828 -0.5890424585954515 0
1737 0.6660244099268247 -0.5943956808175765 0
1738 0.1608397028238277 -0.8759171896843387 0
1739 -0.1901700475663662 -0.9366908573764837 0
1740 -0.1990047421576139 -0.9321161202979511 0
1741 -0.1813356273025894 -0.9412651573237657 0
1742 -0.9099726040271225 -0.3024930981303983 0
1743 -0.7456240407234103 -0.49403938164082 0
1744 -0.8724608090338055 -0.1966639336852019 0
1745 -0.8729806691057007 -0.1870055353305924 0
1746 -0.8406261593921986 -0.3091833917077532 0
1747 -0.8410964825202916 -0.2992388927711027 0
1748 -0.2366458077174403 -0.864101282010307 0
1749 -0.2454878338695125 -0.8595239541016403 0
1750 0.7684788408051888 -0.5699453614036553 0
1751 -0.9467538214223359 -0.1586512569089023 0
1752 -0.9470896223981971 -0.1496986315721767 0
1753 -0.01661279553924136 -0.9586498652427167 0
1754 0.7600907907179019 -0.5752940860795939 0
1755 -0.7768132910003258 -0.5652361532259275 0
1756 -0.7679716036547292 -0.5698036254976502 0
1757 0.865779920388927 -0.2229388788086209 0
1758 0.8653988991173522 -0.2131303412449686 0
1759 0.7955143338367681 -0.3994169095724935 0
1760 0.80912382507573 -0.5133694639163279 0
1761 0.8007349333144025 -0.5187164701781083 0
1762 -0.8904020995321902 -0.3513892865365483 0
1763 -0.8908751066204078 -0.3414456732575752 0
1764 0.7357918883311557 -0.6112351055170872 0
1765 0.7274045096597487 -0.6165848909331979 0
1766 -0.8615202377765504 -0.4147915099498192 0
1767 -0.8619887555450922 -0.4048538338683323 0
1768 0.2888954885763316 -0.8452887087274619 0
1769 0.2805053492208563 -0.8506457731347792 0
1770 0.2972882211973311 -0.8399318545831418 0
1771 0.3061237566900001 -0.8445223926701558 0
1772 -0.6814070854717511 -0.5757365938980037 0
1773 -0.6902518428624768 -0.5711639369739001 0
1774 -0.8047289313464365 -0.5217109675145891 0
1775 -0.7647071874753733 -0.4550759240896134 0
1776 0.1383557624771519 -0.9516462023552306 0
1777 -0.01977217594473055 -0.8890533378203168 0
1778 -0.01093244126540086 -0.8936355657471335 0
1779 0.7441838703958961 -0.6058853438186177 0
1780 -0.1292162524273536 -0.9488424729453324 0
1781 -0.1380501901107472 -0.9442671175736201 0
1782 0.7795923869318093 -0.4299884947869171 0
1783 -0.05988478161354182 -0.9556390678294258 0
1784 -0.06871790499497789 -0.9510621027984945 0
1785 0.8349110027721318 -0.3131152576328657 0
1786 0.8353381811477874 -0.3230528527064465 0
1787 -0.7460877991069969 -0.4840937765467571 0
1788 -0.05105210806950879 -0.9602158384238365 0
1789 0.305442152113201 -0.8350357390280525 0
1790 -0.8610517916685275 -0.4247287135537616 0
1791 -0.8899299863651293 -0.3613309384730639 0
1792 -0.7181651714716786 -0.5276273430019014 0
1793 -0.7270109111480266 -0.5230563439734847 0
1794 0.3343783882341156 -0.8980579496431625 0
1795 0.325992543473325 -0.9034098476658042 0
1796 0.7768672612512568 -0.564596893137876 0
1797 -0.1203827205789131 -0.9534176777462362 0
1798 0.7362305802785016 -0.6211737682553233 0
1799 0.727843950585447 -0.6265233021182119 0
1800 0.8572923201690423 -0.4315823589500907 0
1801 0.826517215239174 -0.3184542164843697 0
1802 0.8269456351593801 -0.3283941228078064 0
1803 0.7473221448733094 -0.4812136522722492 0
1804 0.7557188544900949 -0.4758620783358976 0
1805 0.2800595653286092 -0.8406986901061293 0
1806 0.2716682273900465 -0.846055940560134 0
1807 0.8095598529457035 -0.5233078459322547 0
1808 0.8011694816005456 -0.5286585614225794 0
1809 -0.7093192856156376 -0.5321984594843765 0
1810 -0.7088563425892793 -0.542144276969919 0
1811 0.8736962301503212 -0.2078932937007074 0
1812 0.8650394933412683 -0.2033484764306069 0
1813 0.8732674545208989 -0.198129922532729 0
1814 0.8344842582336069 -0.3031791878865538 0
1815 -0.9043188616078155 -0.2374479162497664 0
1816 -0.9131175885056031 -0.2328704190190869 0
1817 -0.9126495407553652 -0.2427750864712043 0
1818 -0.9214395237032127 -0.2382154488528192 0
1819 -0.9220156399456356 -0.2282565771430489 0
1820 -0.9209860259882245 -0.2481112309997946 0
1821 -0.9297850037966302 -0.2435465716357761 0
1822 -0.9293333838448001 -0.2534503862928222 0
1823 -0.137595780851047 -0.9542045520506115 0
1824 -0.1464286909429983 -0.9496299935617663 0
1825 -0.870490874993499 -0.22596809877295 0
1826 -0.8617057876840932 -0.2305063299178384 0
1827 -0.8621841115056246 -0.2206380448649468 0
1828 0.817512746442787 -0.5080225638585411 0
1829 0.8170774714835339 -0.4980841791075563 0
1830 0.6108167265854545 -0.7114225542488255 0
1831 0.6112573719539411 -0.7213640004577857 0
1832 0.6196456627369968 -0.7160116621712742 0
1833 0.6200869736639121 -0.7259509085186912 0
1834 0.628473662081217 -0.7205997689073095 0
1835 0.6116992691113109 -0.7313034818830457 0
1836 0.6523279824376589 -0.6747096006876196 0
1837 0.6527687511494905 -0.6846508499925592 0
1838 0.6611568122597318 -0.6792989591898573 0
1839 0.6615974797981883 -0.6892386939451053 0
1840 0.6699842808382279 -0.6838876895658381 0
1841 0.6532098664757837 -0.694591078639527 0
1842 -0.7958901658788051 -0.5262768281405792 0
1843 0.1467390035352161 -0.9462903898753893 0
1844 -0.2520418488673353 -0.9046649912553053 0
1845 -0.2604216496421871 -0.9100305913433979 0
1846 -0.2515859049291993 -0.9146049296385808 0
1847 -0.2599649061599796 -0.9199695071622711 0
1848 -0.2688000010120262 -0.9153961246654905 0
1849 -0.2511297840394515 -0.9245431585856699 0
1850 -0.8522117790766175 -0.4292924670626882 0
1851 -0.8605835690107302 -0.4346660209135261 0
1852 -0.851744451966843 -0.4392294157617994 0
1853 0.7764302138933181 -0.554658320232807 0
1854 -0.1120015574916871 -0.9480554562929391 0
1855 -0.8810890972903236 -0.3658936647206338 0
1856 -0.8894598572220916 -0.3712685079839222 0
1857 -0.8806199496501486 -0.3758306335802412 0
1858 -0.1729544070590061 -0.9359016795456904 0
1859 -0.1725013921809936 -0.945839676607402 0
1860 -0.6233057726571971 -0.7125317521501024 0
1861 -0.6228468072120612 -0.7224709190180294 0
1862 -0.6316885379001568 -0.7178955955356816 0
1863 -0.6140091805416226 -0.7270425191461791 0
1864 -0.6223886935064563 -0.7324094665519626 0
1865 -0.6135519007160064 -0.736980799192913 0
1866 -0.9011316415226044 -0.3070590272218888 0
1867 -0.9095018233300287 -0.3124346049155876 0
1868 0.8428743385304307 -0.2978408805590915 0
1869 -0.3064508205951323 -0.8473852423107733 0
1870 -0.2980666329716333 -0.8420160270259971 0
1871 -0.3069093420979846 -0.8374391366240175 0
1872 0.5838788280390194 -0.6877102223582057 0
1873 0.5834372030171668 -0.6777641350505975 0
1874 0.5750435769594924 -0.6831199934692387 0
1875 -0.8392161953646922 -0.3390099730956513 0
1876 -0.8303691564034353 -0.3435748880407207 0
1877 0.6995946220207041 -0.5729870309572915 0
1878 0.6991553483322189 -0.5630415980526222 0
1879 0.8290898293116811 -0.3780447159694644 0
1880 0.8286585496026746 -0.3681055439839785 0
1881 -0.114270233457235 -0.8983474992482503 0
1882 -0.1058849577162114 -0.892981464771464 0
1883 0.1524485153944901 -0.8812773404567207 0
1884 -0.6256019278194398 -0.6628256774884022 0
1885 -0.6260609879932375 -0.6528821955612008 0
1886 -0.6172193276800911 -0.65745630056982 0
1887 -0.6176786539718518 -0.6475112254133426 0
1888 -0.608836360557562 -0.6520860087250836 0
1889 -0.626521769445371 -0.6429366832948367 0
1890 -0.6181380940833313 -0.6375649356542303 0
1891 -0.6269818544243648 -0.6329898436741008 0
1892 -0.5986242260179681 -0.6864867155199401 0
1893 -0.2101290523293547 -0.8778308515596863 0
1894 -0.2017445957728078 -0.8724628102234849 0
1895 -0.1929051636152214 -0.8770397953086497 0
1896 -0.193359922310542 -0.867093605788998 0
1897 -0.1845190197963775 -0.87167132841551 0
1898 -0.2022002337756399 -0.8625177569899849 0
1899 0.2067867785731066 -0.9386150513733678 0
1900 0.2151709930185055 -0.933260691647108 0
1901 -0.8308397925132986 -0.3336308263572021 0
1902 0.6907621660048374 -0.5683946122479786 0
1903 -0.1147248077381111 -0.8884030711919101 0
1904 -0.106339172894179 -0.8830356340287103 0
1905 -0.1155237580060776 -0.8784700713321021 0
1906 0.3144780013003045 -0.8392425471597389 0
1907 0.312964098883474 -0.828432411011369 0
1908 0.3227205760506967 -0.8336908777491856 0
1909 0.8202657878243822 -0.3734482782049421 0
1910 0.8198343841992303 -0.363507134945824 0
1911 0.811440337179524 -0.3688494142173678 0
1912 0.8110077781306693 -0.3589076030915052 0
1913 -0.5990829822278041 -0.6765430780543611 0
1914 -0.5902408675891222 -0.681117775989623 0
1915 -0.5906993029859675 -0.6711731163042143 0
1916 -0.5818566227488882 -0.6757480269696943 0
1917 -0.6725622452422005 -0.5803093520164866 0
1918 -0.6721006775013476 -0.5902558776721896 0
1919 0.785255640523407 -0.5592488930110847 0
1920 0.8646678796026693 -0.1936048250255734 0
1921 0.8729562045471706 -0.1884510959715721 0
1922 0.8643094939280348 -0.1839264925130923 0
1923 0.872631780796475 -0.1788249963458882 0
1924 0.8661600403769012 -0.232744537731192 0
1925 0.8574469965776241 -0.22818781698896 0
1926 0.8578301607740142 -0.2380305379721325 0
1927 0.8732014764269216 -0.4010157875305442 0
1928 0.8727674580379646 -0.3910786090123003 0
1929 -0.06826529445080989 -0.9609997258211297 0
1930 -0.07709761111357558 -0.9564234515531447 0
1931 0.3224691834782147 -0.8238612054275326 0
1932 0.331274246167334 -0.828432409754432 0
1933 -0.7400577908909591 -0.613334426273947 0
1934 -0.7126143211271055 -0.6469260405181765 0
1935 -0.7037723817047664 -0.6515012149001721 0
1936 0.8977215495778847 -0.1649455886005699 0
1937 0.9297467253082071 -0.1728829016819516 0
1938 0.9374919427121037 -0.1678058231928881 0
1939 0.93797643719777 -0.1770321212837179 0
1940 0.9457120781537935 -0.1720307000004263 0
1941 0.9451916326588298 -0.1627562408631287 0
1942 0.9462333482725116 -0.1813175981769063 0
1943 0.6903221973051216 -0.5584477713479318 0
1944 0.6807597743995045 -0.5635486814082209 0
1945 0.6987166415270689 -0.553095381629211 0
1946 0.8965860276075608 -0.3452481294971046 0
1947 0.1692310993614508 -0.8705573749132599 0
1948 0.1780686539981678 -0.8751453485403424 0
1949 0.1777398096908042 -0.8653800562146072 0
1950 0.1864791367512986 -0.8698161980160306 0
1951 0.8577260260375924 -0.4415192924571233 0
1952 0.8493374146006705 -0.4468631369489452 0
1953 0.9017853304102963 -0.1232146695546757 0
1954 0.8952793411120032 -0.1186068659991319 0
1955 0.8939119729869873 -0.1262791908559798 0
1956 0.887163633846154 -0.1211133158944516 0
1957 0.8858996348607502 -0.129249157331788 0
1958 0.8792795278059513 -0.1236649758218275 0
1959 0.8777783516377742 -0.1322268829444784 0
1960 0.8805701580852079 -0.1153859979319508 0
1961 0.8845514502252612 -0.1378456022481984 0
1962 0.8762561596766556 -0.1409835884663095 0
1963 0.911986639959752 -0.304823251980112 0
1964 0.9115457079193892 -0.2949208380179902 0
1965 0.6289149551123708 -0.7305376121791463 0
1966 0.637300561762132 -0.7251872447428328 0
1967 -0.8703603278845675 -0.4102279506433616 0
1968 -0.8219912986831133 -0.338195355274487 0
1969 -0.8221498453063854 -0.3282383937090512 0
1970 -0.8135672344463556 -0.5171446790472068 0
1971 -0.8140325539544572 -0.5072081554265991 0
1972 0.8970332567095687 -0.355181199332584 0
1973 0.8886521522157969 -0.3605213277261951 0
1974 -0.9317387791887045 -0.1491865031517868 0
1975 -0.06305553640625407 -0.8860413191061745 0
1976 -0.07200837469564053 -0.881683522195307 0
1977 -0.8028903568894953 -0.3771532098536882 0
1978 -0.8024216081863808 -0.3870995505515347 0
1979 0.198402882505737 -0.94396884175894 0
1980 0.1895737826134334 -0.9393854894111411 0
1981 -0.2683431106199791 -0.9253343641591932 0
1982 -0.2769300469353796 -0.9212429399983653 0
1983 0.9534506794478117 -0.1669649671948077 0
1984 0.9529597843800702 -0.1576338782422613 0
1985 -0.0286096950768676 -0.8844740007583992 0
1986 -0.9187949388607906 -0.2978538923730807 0
1987 -0.01138388110330347 -0.8836881093188406 0
1988 -0.002542593550292305 -0.8882710624211342 0
1989 -0.007777965683373766 -0.9632281690911136 0
1990 0.0006029357160404954 -0.9578685134413859 0
1991 0.5746018872045793 -0.6731724185718215 0
1992 0.5829965499572263 -0.6678164427756493 0
1993 -0.1115495231116942 -0.95799307338186 0
1994 -0.6637170857609261 -0.5848826704365502 0
1995 -0.6632552908321588 -0.5948299119813301 0
1996 -0.6548714158389277 -0.5894563343913828 0
1997 -0.6544095918560896 -0.5994041210066179 0
1998 -0.8889902098400909 -0.3812050541232342 0
1999 0.6620374110946803 -0.6991776537791521 0
2000 -0.7186292110319799 -0.5176808686782828 0
2001 -0.1985491687938454 -0.9420539491772886 0
2002 -0.2073830311095448 -0.9374801300424617 0
2003 -0.01615847558118447 -0.9685871967554942 0
2004 -0.7856495469637939 -0.5606678308754489 0
2005 0.5663374133627586 -0.6787324707480946 0
2006 0.7689165339011805 -0.5798840662154576 0
2007 -0.7488942059756432 -0.6087661137415394 0
2008 -0.7493568051929984 -0.5988291186888681 0
2009 0.912421335105695 -0.314737307421925 0
2010 -0.8990984550916563 -0.3567857236776 0
2011 0.001053842316949512 -0.9678057770720292 0
2012 0.009433667509976212 -0.9624470729044536 0
2013 0.152001926258177 -0.8713297658266171 0
2014 0.1436174166848607 -0.8766896361482691 0
2015 -0.8042637465362017 -0.5316476718338008 0
2016 0.7713317002244452 -0.4353325118242384 0
2017 0.7716549899096928 -0.445281178640088 0
2018 -0.7763500121452772 -0.5751731597250425 0
2019 -0.2371027710998295 -0.8541547397232776 0
2020 -0.2459459424393332 -0.8495771844331192 0
2021 0.8639798077503131 -0.1743060733057606 0
2022 0.8721389204878933 -0.16921190739282 0
2023 -0.1849736284673378 -0.861724592882628 0
2024 -0.1761304548138437 -0.8663033386207827 0
2025 -0.6818691895293912 -0.5657901030723699 0
2026 0.9203507463924354 -0.299494332912233 0
2027 0.9199105854211638 -0.2895876890686546 0
2028 0.7952158171631823 -0.3896842770933729 0
2029 0.7867073292307596 -0.3948521306302778 0
2030 -0.8322478403077997 -0.3038037856132979 0
2031 0.7389253553487573 -0.4865654216411402 0
2032 0.739362445378539 -0.4965134440677423 0
2033 -0.7653438074960418 -0.4451375581651035 0
2034 -0.7740486029040945 -0.4405617698284096 0
2035 0.8725310971302669 -0.1180064190961349 0
2036 0.8741489899227185 -0.1092841970427235 0
2037 -0.7571641096404051 -0.4496686842077668 0
2038 0.1299729453984884 -0.9570014627861801 0
2039 0.1211431907063208 -0.9524197928716182 0
2040 -0.1412785433636316 -0.8747449335726891 0
2041 -0.1501274378255956 -0.8701785419957075 0
2042 0.6655847272427821 -0.5844487037179156 0
2043 0.6571892581742951 -0.5898033440650741 0
2044 0.6576307004333629 -0.5997502022193989 0
2045 0.8342665122109361 -0.2932351741286146 0
2046 0.8424821870741497 -0.2879097161189046 0
2047 0.8344330273114228 -0.2832780757440084 0
2048 0.8421592164330122 -0.277974869046635 0
2049 -0.8643939707291127 -0.1914221252399905 0
2050 -0.864935742300824 -0.1817672035283118 0
2051 -0.8734782945481838 -0.1773761413168617 0
2052 -0.865484010484651 -0.1721713933700405 0
2053 -0.874151285699166 -0.1679053248585802 0
2054 -0.860115556256275 -0.4446025198124007 0
2055 -0.8512768534531167 -0.449165990225174 0
2056 0.8736351790329036 -0.4109548726432952 0
2057 -0.7214504776122768 -0.6423570683525097 0
2058 0.3310384832231585 -0.8187831485838554 0
2059 0.3397242895167955 -0.8231381653651756 0
2060 0.3393832855337605 -0.8133436147071036 0
2061 0.3481200945106452 -0.8177776391759144 0
2062 0.3479459323031389 -0.8082489177983749 0
2063 0.3565428676386272 -0.8124635663153402 0
2064 -0.8660442775567267 -0.1626688307817832 0
2065 -0.874470593584791 -0.1583836665943645 0
2066 -0.8666010396963069 -0.1532671930054998 0
2067 -0.8749484800105762 -0.1491162318893069 0
2068 -0.8830620854324001 -0.1544636975917656 0
2069 -0.8832201594684495 -0.1450960780795569 0
2070 -0.8758083859878418 -0.1403020707206022 0
2071 -0.8909670773644809 -0.1502695298381544 0
2072 -0.8912421494378681 -0.1411127036566992 0
2073 -0.8987501449014521 -0.1462391291698277 0
2074 -0.8991236625942506 -0.137361052039153 0
2075 -0.8921982966226887 -0.1329203753995884 0
2076 -0.9063997963421693 -0.1421458009382636 0
2077 -0.8035056463796099 -0.3672169807896256 0
2078 -0.2985594008575707 -0.8321377047856142 0
2079 -0.2897277229987775 -0.8367248608854699 0
2080 -0.3073734452421524 -0.8275033226420117 0
2081 -0.7372460790012234 -0.4886621330992573 0
2082 -0.9547262267179644 -0.1544466144318604 0
2083 -0.9550042329893009 -0.145461735418769 0
2084 -0.9544028934088616 -0.163534307720322 0
2085 -0.07664930548526233 -0.9663614430348516 0
2086 -0.832718759723756 -0.2938572180791528 0
2087 -0.8415679600732046 -0.2892925191484119 0
2088 -0.8331901669871248 -0.2839102557108952 0
2089 -0.8420398663891258 -0.2793451216236588 0
2090 0.7709197568387582 -0.4253836549253561 0
2091 -0.9205325512605642 -0.2580152346800567 0
2092 -0.9288875721367017 -0.2633602338928928 0
2093 -0.08549271363465727 -0.9617856483726224 0
2094 0.6536519108579446 -0.7045285310339138 0
2095 0.881588994245188 -0.3956733642656801 0
2096 -0.870829025053281 -0.4002914993077432 0
2097 -0.9006613310307415 -0.3169963447245088 0
2098 -0.9090314606487377 -0.3223715719772072 0
2099 0.7848187372475524 -0.5493109396491813 0
2100 0.7936456074597605 -0.5538970137425657 0
2101 -0.7675069378270674 -0.579742716024457 0
2102 0.7605291394580582 -0.585232475568024 0
2103 -0.7954239126276734 -0.5362162085440976 0
2104 -0.02499920794311092 -0.9640098470933867 0
2105 -0.7312206807608327 -0.6179027692370418 0
2106 -0.7395952343311789 -0.6232714249153163 0
2107 -0.2078413028598107 -0.9275422718732342 0
2108 -0.2162176943490385 -0.9329073487030827 0
2109 -0.08594302436509495 -0.9518468394363879 0
2110 0.7190172763604205 -0.621934736654447 0
2111 0.7194571175732195 -0.6318730836698591 0
2112 -0.1468838899171555 -0.9396923003007924 0
2113 0.8811546660302564 -0.3857360397626448 0
2114 -0.7377090491618783 -0.4787163658349447 0
2115 0.2641730775835245 -0.8713015708721414 0
2116 0.2553404156902274 -0.8667140123320789 0
2117 -0.254331128601225 -0.8549467949706713 0
2118 -0.2549292444768634 -0.8452696049290959 0
2119 -0.8215217662437456 -0.3481400447210088 0
2120 -0.09749930913028955 -0.8876152598589464 0
2121 -0.7642418639557074 -0.4650201744172634 0
2122 -0.05421612579885805 -0.8906221610807875 0
2123 -0.2282597321461794 -0.8587326898703438 0
2124 -0.7451618510691601 -0.5039820470150437 0
2125 0.7959493550703503 -0.4093589636554296 0
2126 -0.6907154052379126 -0.5612192522685786 0
2127 0.9040561736339244 -0.32006689540384 0
2128 0.8194109176500057 -0.3535730176634485 0
2129 0.8108750517760061 -0.3490323335915969 0
2130 -0.09795200433970681 -0.8776683985759067 0
2131 -0.8131423076708724 -0.3427612742321162 0
2132 0.1471855292735723 -0.9562279369642851 0
2133 0.1555722078710739 -0.9508716521514995 0
2134 0.8571695630322036 -0.208899339081742 0
2135 0.8832636720151754 -0.1465398227314451 0
2136 -0.5824119130676108 -0.6659876298440996 0
2137 -0.5735839359298703 -0.6705947481102552 0
2138 -0.5730323151496102 -0.6803596974533389 0
2139 0.8259015223882911 -0.5026762202461788 0
2140 0.8254662511381152 -0.4927390168396175 0
2141 0.8899707908704189 -0.390325946251708 0
2142 0.5645012043291664 -0.6698490664018318 0
2143 -0.2157608034941574 -0.9428437019839315 0
2144 -0.2245986703118301 -0.9382701925049021 0
2145 -0.8536862058367987 -0.2251687738722551 0
2146 -0.8529521855808089 -0.235045524242505 0
2147 -0.8538670506816004 -0.2152762168548723 0
2148 0.3348337810513504 -0.9079974211067572 0
2149 0.3432660454356864 -0.9026263937534873 0
2150 -0.7658437258623985 -0.4351920492964424 0
2151 -0.7745262701788131 -0.4306150417791746 0
2152 -0.7004738745649237 -0.5367686823998479 0
2153 -0.6185976797245989 -0.627617726968577 0
2154 -0.6274427490850006 -0.6230424215264325 0
2155 0.8181207339204628 -0.3237950077063487 0
2156 0.3241643820186847 -0.8135360013644181 0
2157 0.2156157504557214 -0.9431983551740029 0
2158 0.2240016014860493 -0.9378440916305039 0
2159 0.7468856433710049 -0.4712658085969626 0
2160 0.7552829435574373 -0.4659141731047929 0
2161 0.6491310375160609 -0.5953765314078885 0
2162 0.6492913873610258 -0.6051427377234162 0
2163 -0.05466755683570523 -0.8806750968615088 0
2164 0.1861548508678007 -0.8600553976336538 0
2165 0.1948738161096073 -0.8644705847796816 0
2166 -0.7661463795914338 -0.4252366208110204 0
2167 -0.7749680334611613 -0.4206662352238345 0
2168 -0.7833444680630742 -0.426044460299895 0
2169 -0.7838070409083873 -0.4160971306770471 0
2170 -0.879199559215635 -0.4056659715835296 0
2171 0.1900163547345641 -0.9493278517180418 0
2172 0.1811892650776074 -0.9447412699670259 0
2173 0.1816286359897246 -0.9546812348846037 0
2174 -0.8336619542269634 -0.2739627519176938 0
2175 -0.842512227947026 -0.2693982342170565 0
2176 0.7366699884514565 -0.6311111698245619 0
2177 0.3264365517264105 -0.9133476067732562 0
2178 0.3176080741671848 -0.9087616587169874 0
2179 -0.7209894444734882 -0.6522928521216536 0
2180 -0.1459734654130341 -0.9595666781875256 0
2181 0.7634870135499146 -0.4405758994419278 0
2182 0.2714824082910307 -0.8365141324820106 0
2183 0.2631375744415776 -0.8419383226193192 0
2184 0.9128557325896076 -0.3246556692316306 0
2185 0.296585135169275 -0.830707834930054 0
2186 0.7305282215314267 -0.4919178061438798 0
2187 0.7309659845703124 -0.5018651629508402 0
2188 0.7221307580907187 -0.4972706591919017 0
2189 0.7225708533945248 -0.5072167168487693 0
2190 -0.5652549981191344 -0.6750239235631843 0
2191 -0.5642772170697287 -0.6849182457820284 0
2192 0.8656791595946389 -0.1121596118957085 0
2193 0.8693785674892929 -0.1353224454158936 0
2194 0.8680734261906735 -0.1437835141390239 0
2195 0.1215905632353864 -0.9623568635418971 0
2196 0.1127612116775303 -0.9577759035319444 0
2197 0.6898831078000335 -0.5484997334090224 0
2198 0.6982782556597533 -0.5431465727741696 0
2199 0.8339158328079215 -0.2733525943563617 0
2200 0.8418822182273336 -0.2681144624192852 0
2201 0.8974683544721209 -0.3651122045511445 0
2202 -0.7011691154354307 -0.5272723267902297 0
2203 0.00988408929231056 -0.9723834400194337 0
2204 0.01826396798002526 -0.9670251670715018 0
2205 0.01781550715678978 -0.9570886094984206 0
2206 0.02664464865055686 -0.9616670483118774 0
2207 -0.1808800478860638 -0.9512022780455298 0
2208 -0.1720428692956525 -0.9557771372206947 0
2209 0.7856919575320689 -0.5691872723960076 0
2210 0.8833934386513167 -0.1064528675360075 0
2211 0.8771226648047528 -0.100243779445226 0
2212 -0.6219301419644342 -0.7423465447555735 0
2213 -0.6130411003510092 -0.7469604011684561 0
2214 -0.6307640746192369 -0.7377749275187875 0
2215 -0.7577331812713484 -0.6041947939679511 0
2216 -0.8037983058081897 -0.5415846241158866 0
2217 -0.9475425047301502 -0.1410393817285066 0
2218 -0.9554736213086765 -0.1368976724235876 0
2219 0.8025357838406083 -0.3652340072613012 0
2220 0.8099955173658249 -0.5332459298790859 0
2221 0.8636288347718885 -0.1647754531753056 0
2222 0.8342892986725242 -0.4973307375599098 0
2223 0.8338542621153883 -0.4873939474936186 0
2224 0.8250309800775978 -0.4828020198322114 0
2225 0.8334214714231472 -0.4774512324295116 0
2226 -0.8224049784242797 -0.5125796665435305 0
2227 -0.8228747929263371 -0.5026368317191936 0
2228 0.7693543135259009 -0.5898217436199678 0
2229 0.8581594768851208 -0.4514558668173129 0
2230 0.849771761087893 -0.4567995237965755 0
2231 0.8422461374865742 -0.4820371599774105 0
2232 -0.8988622799282104 -0.1556728713865926 0
2233 -0.1199283333113332 -0.9633544515313641 0
2234 -0.6641788186783497 -0.5749352655459137 0
2235 -0.869422630316819 -0.4301029309893028 0
2236 -0.247216659126222 -0.8401138391294971 0
2237 0.8492823615589666 -0.2334475550236556 0
2238 0.8497103285947774 -0.2433263801529354 0
2239 -0.7940414523238079 -0.3817203297865742 0
2240 -0.7935728731133326 -0.3916676714770264 0
2241 -0.9637082162482082 -0.1412589962686512 0
2242 -0.9637844213785161 -0.1322895002661406 0
2243 0.9058521899802364 -0.3597721641318894 0
2244 0.9615339708014217 -0.1617079552111284 0
2245 0.9606958256405733 -0.1525818186138781 0
2246 0.9524910958264015 -0.1484007399307504 0
2247 0.9595992202448773 -0.1434595483605688 0
2248 0.9519301179365728 -0.1393366531928456 0
2249 0.9593768813190714 -0.1344535981723971 0
2250 0.8554537318860591 -0.1698013577870605 0
2251 -0.6822976923247119 -0.5557821816401619 0
2252 -0.9178710003659731 -0.3178112407841491 0
2253 0.8661140700829583 -0.436175619232107 0
2254 -0.6097552002601494 -0.6321933441526584 0
2255 0.9287163683194666 -0.2941607257835299 0
2256 0.9282783370641386 -0.284251211582718 0
2257 0.356105133907517 -0.8025218791417897 0
2258 0.3649030176633843 -0.8070518288682332 0
2259 -0.5557098895160103 -0.6779855770545685 0
2260 -0.5553351553321226 -0.689233862895452 0
2261 0.3180498910889336 -0.9186987410240616 0
2262 0.3092230344729621 -0.9141135854172859 0
2263 -0.6460334673522443 -0.5940306285203513 0
2264 -0.6455735884997276 -0.6039787274340715 0
2265 -0.9239569563652896 -0.1537348035422175 0
2266 -0.9252478833849709 -0.1456220234136986 0
2267 -0.9381288175102429 -0.2488825359055981 0
2268 -0.9385790388422552 -0.2389791949557474 0
2269 0.8817020104169766 -0.19314528969136 0
2270 -0.9555246512700878 -0.1274914335995559 0
2271 -0.964077956628891 -0.1230770190411045 0
2272 0.02709370956378788 -0.9716035623525976 0
2273 0.03547434092640889 -0.9662457121064035 0
2274 0.03502503377392488 -0.9563090971767544 0
2275 0.04386523862149075 -0.9608867961878073 0
2276 -0.8569550500158868 -0.1766368185169026 0
2277 0.8245420849206158 -0.2981499285910342 0
2278 -0.9324873453933009 -0.1416452871384538 0
2279 -0.003094020277871477 -0.878514520555132 0
2280 0.005730602628012543 -0.8831298285959117 0
2281 0.006279657220836576 -0.8928916980898728 0
2282 0.01466573927097496 -0.8875330573251665 0
2283 0.01472772408393273 -0.8764873448174756 0
2284 0.02307797806848071 -0.8821245155902915 0
2285 0.02352581228381688 -0.8920802606123091 0
2286 0.03191853469610008 -0.8867098018547654 0
2287 0.03168296366848299 -0.8770960177768324 0
2288 0.04034479453021533 -0.881400656984481 0
2289 0.04076549707710984 -0.8913021108157884 0
2290 0.04915631605238738 -0.885939875539565 0
2291 0.03990040074724892 -0.871460588016857 0
2292 -0.5663567701151121 -0.6651709128326395 0
2293 -0.9070536631715851 -0.1203166007339267 0
2294 -0.8988446310643248 -0.1053163010337844 0
2295 -0.89214034131602 -0.09999999998614648 0
2296 -0.8913223796756837 -0.09180441331718325 0
2297 -0.884526356528393 -0.09648852024411465 0
2298 -0.8838431208483771 -0.08808608440856794 0
2299 -0.8850344085591925 -0.1046363618653306 0
2300 -0.8905409743009468 -0.08338733682920885 0
2301 -0.88307709204711 -0.07959201381724629 0
2302 -0.8899420702304019 -0.07466354721583679 0
2303 -0.8823229906380718 -0.07093317187231796 0
2304 -0.8894839954150426 -0.06586004599907137 0
2305 -0.8815956154684659 -0.06211965925359736 0
2306 -0.8889453646210408 -0.05713371508685947 0
2307 -0.8969665432018761 -0.06106105701130592 0
2308 -0.8963468686825365 -0.05221621343605433 0
2309 -0.9042435076814384 -0.05621416305331328 0
2310 -0.9036937055584824 -0.04726362040056364 0
2311 -0.9116726144103728 -0.05114434971216869 0
2312 -0.8883549032050368 -0.04779328981836227 0
2313 -0.9110539895439864 -0.04225359553716912 0
2314 -0.919096653917447 -0.04615971246504475 0
2315 -0.9029924732531188 -0.03830385520185097 0
2316 -0.9187219756545146 -0.03760534944623212 0
2317 -0.9265616253291836 -0.04123393995683953 0
2318 -0.92705996215176 -0.04992564499525984 0
2319 -0.9343848950613833 -0.04485856629690609 0
2320 -0.9339863401629535 -0.0360899636752303 0
2321 -0.9420836604265805 -0.04015081243182026 0
2322 -0.9418267323902813 -0.05031676068329421 0
2323 -0.9500803964319365 -0.04447201323002739 0
2324 -0.9506992741076637 -0.05338553336322795 0
2325 -0.9583037465555568 -0.04842862862208228 0
2326 -0.9587698240567541 -0.05747195629647573 0
2327 -0.9578513699709802 -0.03928038406688773 0
2328 -0.8774261373967331 -0.1012354557232027 0
2329 -0.8782049531538545 -0.1099076613384726 0
2330 -0.9515101569805975 -0.06236029148857054 0
2331 -0.9592288683447656 -0.06634822544132007 0
2332 -0.9666685655558417 -0.06158915446947317 0
2333 -0.9670859140400172 -0.07044231327601677 0
2334 -0.8764784658925031 -0.08439434983854316 0
2335 -0.9661136290624168 -0.04344055700994191 0
2336 -0.9656340024197233 -0.03415744569051112 0
2337 -0.9571040334800497 -0.03042777564339196 0
2338 -0.9132934784036579 -0.06041213817814206 0
2339 -0.8699485523475496 -0.1059062655949946 0
2340 -0.8708471930735265 -0.1151161082081393 0
2341 -0.8861361231088424 -0.1135392812576765 0
2342 -0.8742665241049976 -0.06720546181899664 0
2343 -0.8734756827356387 -0.05818906865350201 0
2344 0.9170829842268757 -0.07418724850250867 0
2345 0.9097002968109927 -0.07008093729231504 0
2346 0.9164973316490506 -0.06568402188033529 0
2347 0.9090354450158802 -0.06183120159517773 0
2348 0.9159891833022056 -0.05715698818529477 0
2349 0.9019972944701857 -0.06673047323396485 0
2350 0.9013717581078344 -0.05807512810392094 0
2351 0.8942193725443 -0.06303770122042836 0
2352 0.8935371343227978 -0.05422195359007285 0
2353 0.9008805908919578 -0.04928839467432847 0
2354 0.8928646252653257 -0.0453209984813332 0
2355 0.9002892422869153 -0.04029080936276436 0
2356 0.8862414124638516 -0.05922382613144794 0
2357 0.8869950361028064 -0.06814703808267067 0
2358 0.8921822400265468 -0.03626193586892399 0
2359 0.8846437870423114 -0.04137790012115049 0
2360 0.8788322517386506 -0.06434502519909367 0
2361 0.8796794188800678 -0.07331528641698615 0
2362 0.8998123121447851 -0.03117761062258112 0
2363 0.9079328959275689 -0.03525689128896148 0
2364 0.907497635169195 -0.0260771087493667 0
2365 0.9156702282358431 -0.03000861535363956 0
2366 0.8838948773897509 -0.03215599812061042 0
2367 0.8876016586984572 -0.07672558071323264 0
2368 0.9233976561761024 -0.06114367115616793 0
2369 0.9230696062861474 -0.05252894093736409 0
2370 0.9305852547806636 -0.05655351018741417 0
2371 0.9302483208657188 -0.04776124746835855 0
2372 0.9380598189349441 -0.05167732409600569 0
2373 0.9375164193170932 -0.04277920571933293 0
2374 0.9454600397556711 -0.04682038933470462 0
2375 0.9459664354045462 -0.05569233722722215 0
2376 0.9534290317849511 -0.05084247301487552 0
2377 0.9538747313236812 -0.05976153614316475 0
2378 0.9527827083107578 -0.04174405981397549 0
2379 0.9613671869192171 -0.05492412941327712 0
2380 0.9618265242981382 -0.06390828559550148 0
2381 0.969399429751252 -0.05900996559929542 0
2382 0.9690005309094434 -0.0499000011124084 0
2383 0.9463868582239195 -0.0645302301880418 0
2384 0.9699862638472661 -0.06789377824312953 0
2385 0.9624454630213611 -0.07248973721142155 0
2386 0.9704735048197792 -0.0768481662839407 0
2387 0.876187182371947 -0.0373928633177356 0
2388 0.9626674818136839 -0.08234386838043457 0
2389 0.8802371702500662 -0.08182696453427009 0
2390 0.9001128367266026 -0.08766637586420375 0
2391 -0.9422920736084561 -0.07923897857371417 0
2392 -0.9508962150315308 -0.0946228125217559 0
2393 -0.9579020510445571 -0.1000000000138325 0
2394 -0.958615709678741 -0.09164223641254762 0
2395 -0.9655561780071235 -0.09644422502972051 0
2396 -0.965116304580485 -0.104701360735176 0
2397 -0.8126356770075172 -0.53701860251529 0
2398 0.6397274573055429 -0.5997428234754251 0
2399 0.6407355181522331 -0.6103408291991822 0
2400 0.6320012669523735 -0.6058701897148211 0
2401 0.6324242597997852 -0.6157993042697298 0
2402 0.9514943790744318 -0.09612784351562149 0
2403 0.9579050261223507 -0.09999999998616627 0
2404 0.9587332817913254 -0.1082825974722908 0
2405 0.9659674347099039 -0.1031672960649052 0
2406 0.9663169869156708 -0.1121170138112295 0
2407 0.8505278740497688 -0.2727258889020625 0
2408 0.6624789157220341 -0.7091146835432469 0
2409 0.6708636326335677 -0.7037648220446182 0
2410 0.3644663127854462 -0.7971110720390435 0
2411 0.3732694915868623 -0.8017053664928387 0
2412 0.9194616735008927 -0.2796877828345925 0
2413 0.9278374017511155 -0.2743467680340157 0
2414 0.9189760564896137 -0.2698157921805797 0
2415 0.9273551462019896 -0.2644677094046163 0
2416 0.9361893464583734 -0.2690199830125229 0
2417 0.9351615199665734 -0.2591470772014444 0
2418 0.9267813948133747 -0.2546067598175512 0
2419 0.9345924566779513 -0.2492704989183767 0
2420 0.926288383540567 -0.2447661468099523 0
2421 0.9345652607446203 -0.2393640633691716 0
2422 0.6540894085048364 -0.7144687539969828 0
2423 0.6452570524900347 -0.709888116591042 0
2424 0.7609652571460971 -0.5951727903546208 0
2425 0.7521355542365549 -0.590589606577306 0
2426 0.3653381672053584 -0.8169901400678885 0
2427 -0.04267160521100337 -0.9548552961209653 0
2428 -0.04221989451558657 -0.9647927583898178 0
2429 -0.05059947200291141 -0.970152598033994 0
2430 0.3401417837937979 -0.8330465749287037 0
2431 0.669545406204891 -0.6739470052996457 0
2432 0.6783717537271644 -0.678536840387179 0
2433 0.6280354742439108 -0.7106576599613829 0
2434 -0.2427512212903665 -0.9191789988654745 0
2435 -0.2422940470148364 -0.9291174131204591 0
2436 -0.2506728595493153 -0.9344804444630826 0
2437 -0.2418319523651349 -0.9390554445453156 0
2438 0.8723302975362841 -0.3811411247201691 0
2439 -0.3134600700963424 -0.8825823808140765 0
2440 -0.3218406104637672 -0.8879484393986968 0
2441 -0.3130039069662033 -0.8925224142532058 0
2442 -0.3213830151317917 -0.8978876269295295 0
2443 -0.3302188489392829 -0.8933151255964936 0
2444 -0.3125427562439155 -0.9024625147733718 0
2445 -0.3297611798789502 -0.9032526269689912 0
2446 -0.33859589130895 -0.8986806664681772 0
2447 -0.3381378565166178 -0.908617299706671 0
2448 -0.3469716610460381 -0.9040457162568298 0
2449 -0.3474299135672275 -0.8941090535248369 0
2450 -0.3558059015759195 -0.8994741022548851 0
2451 -0.3562644365212356 -0.8895379438969264 0
2452 -0.3646406529189102 -0.8949023548664288 0
2453 -0.3650988841188883 -0.8849663134516146 0
2454 -0.3734751771331647 -0.8903307142955189 0
2455 -0.3739336539124019 -0.8803951590087374 0
2456 -0.3823113303650184 -0.8857608515693194 0
2457 -0.3827685160242443 -0.8758237784945414 0
2458 -0.3911471385469841 -0.8811904078521089 0
2459 -0.3916037029998869 -0.8712528396343044 0
2460 -0.399980431050859 -0.8766173496954864 0
2461 -0.4004382656316001 -0.8666809155984191 0
2462 -0.4088136707411684 -0.8720439134432152 0
2463 -0.4092730539588111 -0.8621093098840903 0
2464 -0.4176491696140984 -0.8674724451589624 0
2465 -0.4181072724632682 -0.8575362303234134 0
2466 -0.426483692359211 -0.8629002138111321 0
2467 -0.4269428079826829 -0.8529655107497782 0
2468 -0.4353186441844858 -0.8583284473807353 0
2469 -0.4357781839691426 -0.8483944959696244 0
2470 -0.4441534904910419 -0.8537567894741837 0
2471 -0.4446122045976146 -0.8438209335027917 0
2472 -0.4529881243519047 -0.8491844228768854 0
2473 -0.45344795905011 -0.8392506553841393 0
2474 -0.4618230723373137 -0.8446129811574666 0
2475 -0.4622832784180296 -0.8346796289264425 0
2476 -0.4706580275125996 -0.8400412918648149 0
2477 -0.4711182372625558 -0.830107932035745 0
2478 -0.4794930444229238 -0.8354693478856898 0
2479 -0.4799533405457844 -0.8255365475762577 0
2480 -0.4883280536165989 -0.8308974523952122 0
2481 -0.4887881958936733 -0.8209648116323842 0
2482 -0.4971624943886304 -0.8263257940566031 0
2483 -0.4976230988507815 -0.8163935420593031 0
2484 -0.5059971026739768 -0.8217540896268933 0
2485 -0.5064562834339045 -0.8118189962689527 0
2486 -0.5148313876301803 -0.8171818632606503 0
2487 -0.5152920824350262 -0.8072499010194205 0
2488 -0.5236659826014303 -0.8126104889124179 0
2489 -0.5241270322195533 -0.8026793434281594 0
2490 -0.5322805691476655 -0.808028912225192 0
2491 -0.5329276741726536 -0.7981118748695477 0
2492 -0.5423122921939124 -0.80465006247435 0
2493 -0.5419529978537321 -0.7937344206755249 0
2494 -0.5501683410640568 -0.798894759874529 0
2495 -0.5506560937020661 -0.7889984999852928 0
2496 -0.4701993436519932 -0.8499771944317139 0
2497 -0.4436947967757739 -0.8636928817135028 0
2498 -0.3293043626496151 -0.9131891416745201 0
2499 -0.5320418759789701 -0.8179739822932411 0
2500 -0.5590068918478296 -0.7943298542933391 0
2501 -0.5594689560307763 -0.7844009766633808 0
2502 -0.567837862812 -0.789755188611575 0
2503 -0.5682956049338723 -0.7798189209496302 0
2504 -0.5766699789757432 -0.7851815115008713 0
2505 -0.5771273609448376 -0.775245019285255 0
2506 -0.4260259314273106 -0.8728366197622944 0
2507 -0.4083590108235036 -0.881981591776925 0
2508 -0.3817808969556896 -0.8955599680949635 0
2509 -0.5687518085143894 -0.7698803850123184 0
2510 -0.5423243506117079 -0.7836206009511362 0
2511 -0.5157856604131569 -0.7972988439256425 0
2512 -0.4539297427283765 -0.8293043245051781 0
2513 -0.4274195522369131 -0.8430215575469284 0
2514 -0.3655631195219985 -0.875026586787835 0
2515 0.7777408531217862 -0.584473997062978 0
2516 0.6788111675051505 -0.6884751326852843 0
2517 0.6871976285224751 -0.6831250412089432 0
2518 0.6867579940206269 -0.6731877978030961 0
2519 0.695583490857307 -0.6777754049736606 0
2520 0.6951439074131085 -0.6678388271514821 0
2521 0.7039684678320187 -0.6724272584469386 0
2522 0.7035293292551468 -0.6624907026126543 0
2523 0.6947044178807867 -0.6579019730813572 0
2524 0.7030960379572272 -0.6525456478994573 0
2525 0.7119242223001478 -0.6571370047103846 0
2526 -0.2250655811071716 -0.9283317538399973 0
2527 -0.8508891624050401 -0.2747798341060785 0
2528 0.7344789258467738 -0.5814101362283383 0
2529 0.2487265211088078 -0.9118393403136813 0
2530 0.2575563722669237 -0.9164248315090031 0
2531 0.2491712071784044 -0.92177869115285 0
2532 0.2580000660359092 -0.9263638957604642 0
2533 0.2663848373410549 -0.9210106322900766 0
2534 0.2496155394212042 -0.9317166642827038 0
2535 0.2668283823807621 -0.9309482216446417 0
2536 0.2752157604551514 -0.9255945543775261 0
2537 -0.6684199083782028 -0.669787161861269 0
2538 -0.6679593160862077 -0.6797266724928386 0
2539 -0.6767965353636909 -0.6751554520420648 0
2540 -0.6763368660972572 -0.6850931091945469 0
2541 -0.6675005555072696 -0.6896646236751256 0
2542 -0.6851720764012358 -0.6805227213843367 0
2543 -0.6758765960663766 -0.6950301383421974 0
2544 -0.6670424384267997 -0.6996005341652745 0
2545 -0.2775950588970668 -0.9109033725830857 0
2546 -0.2859642616129939 -0.9162828155173331 0
2547 -0.2852577681382806 -0.9267031344592989 0
2548 -0.2943308492624555 -0.9216658658785042 0
2549 -0.2938711840802736 -0.9316046270770132 0
2550 -0.2948289732312119 -0.911651743695004 0
2551 -0.3032229335379802 -0.9170023794837565 0
2552 -0.5637326421697532 -0.694807891435937 0
2553 -0.5548715445633611 -0.6993790132684248 0
2554 -0.5464877857398589 -0.6940170587023284 0
2555 -0.54602432076547 -0.7039896396119283 0
2556 -0.5376377943116728 -0.6986247818956711 0
2557 -0.5371787009929646 -0.7085781557665383 0
2558 -0.5287923244666903 -0.7032090682958266 0
2559 -0.5283340091952751 -0.7131587732167384 0
2560 -0.5199476127159797 -0.7077882092800498 0
2561 -0.5194895021735277 -0.7177369031522081 0
2562 -0.5111360119463333 -0.7124300940169859 0
2563 -0.510650355992469 -0.722325518487689 0
2564 -0.5022975551732807 -0.7170202136488812 0
2565 -0.501814602871702 -0.7268964743746049 0
2566 -0.5278752777196914 -0.7231077452530441 0
2567 -0.7777381485838527 -0.5453604372990288 0
2568 -0.6539519865545136 -0.6093501432601032 0
2569 -0.7591271648564725 -0.5743785450381333 0
2570 -0.7135393163343551 -0.6270477519627491 0
2571 0.6496740313290105 -0.6150562715791908 0
2572 -0.02589924447812629 -0.944132916146287 0
2573 -0.304155935481227 -0.8971007726559811 0
2574 -0.8624575732441089 -0.3949165462267998 0
2575 -0.6856324587371265 -0.670585782457173 0
2576 -0.6940073968398994 -0.6759525341222381 0
2577 0.240785973077319 -0.927132537879181 0
2578 0.241226606195653 -0.9370708068689535 0
2579 0.7923407492193218 -0.5240729068297624 0
2580 0.1123124309993456 -0.9478383749204082 0
2581 0.103931127545692 -0.9531951443832378 0
2582 0.1043799100773237 -0.963132131219806 0
2583 0.09554985790418093 -0.9585516535727998 0
2584 0.8245966151086861 -0.4728639355029902 0
2585 0.8329862925663999 -0.4675148000265411 0
2586 0.04959748375793482 -0.8958815174935251 0
2587 0.05799048457625805 -0.8905158624067321 0
2588 0.057540808677792 -0.8805675164163073 0
2589 0.06638047065709352 -0.8851507355536747 0
2590 0.06589395235058224 -0.8752720946238681 0
2591 0.07476449577151328 -0.8797984108713459 0
2592 0.0752193722282028 -0.8897366558030364 0
2593 0.08360918858426743 -0.8843739013765999 0
2594 0.08405316403493797 -0.8943229179905108 0
2595 0.09244963343932851 -0.8889563629508045 0
2596 0.09200071606644661 -0.8790088722425722 0
2597 0.1008407534946431 -0.8835937957218511 0
2598 0.1002625744663458 -0.8738940454116544 0
2599 0.1090808953758612 -0.8785210791191791 0
2600 0.1096554048665917 -0.8882271717366248 0
2601 0.1180381694596153 -0.882879159553247 0
2602 0.1169994028589762 -0.871449810197538 0
2603 0.1807444576088764 -0.9348027595085671 0
2604 0.1723601880443003 -0.9401572527529114 0
2605 -0.8429056138233282 -0.4437932554701409 0
2606 -0.842438206738335 -0.4537294060907405 0
2607 -0.8508094674971939 -0.4591023025315254 0
2608 -0.8419711963253997 -0.4636656992026018 0
2609 -0.8503424583190202 -0.469037678355228 0
2610 -0.84150449710867 -0.4736013672511926 0
2611 -0.8331330058192191 -0.4682293123313493 0
2612 -0.8326660963058107 -0.4781654740540653 0
2613 -0.8410335182841548 -0.4835440019280584 0
2614 0.3149535305928535 -0.8491252930551794 0
2615 0.09510141778970534 -0.9486142681776621 0
2616 0.08671963673579472 -0.9539710006305949 0
2617 0.08716793067821668 -0.9639081509819198 0
2618 0.07833817764493731 -0.9593278399672186 0
2619 0.07878668113299155 -0.969264237985109 0
2620 0.0699471692820441 -0.9646850760150716 0
2621 0.06950682635134348 -0.9547477149739887 0
2622 0.3087808277983248 -0.9041764128149187 0
2623 0.3003960097587415 -0.9095283122691316 0
2624 0.300838459686477 -0.9194654988759875 0
2625 0.2920096031074999 -0.9148814414160352 0
2626 0.2924471914749127 -0.9248198697578809 0
2627 0.04343693854002294 -0.9509475525905409 0
2628 -0.6990964579469348 -0.5665927773271476 0
2629 0.7641151664382125 -0.4705117312924436 0
2630 -0.6358257789788361 -0.6284170527414674 0
2631 -0.8513597319778656 -0.2648342945793564 0
2632 -0.8429855433442311 -0.2594536574451182 0
2633 -0.8242947550341369 -0.4727946963090464 0
2634 -0.823824336534422 -0.4827351148777544 0
2635 0.7322872758333376 -0.5316930347399194 0
2636 -0.1663901270690663 -0.8907705324862848 0
2637 0.6942670475295847 -0.6479627119553512 0
2638 0.7026582701924597 -0.6426061735837878 0
2639 0.238562618063018 -0.8774256045457696 0
2640 0.229728955559117 -0.8728376510142943 0
2641 0.2129527765039992 -0.8835517254176526 0
2642 -0.3157533142662505 -0.8328627296983326 0
2643 -0.3162126204317506 -0.8229167160864616 0
2644 -0.3245967345976509 -0.8282860487639466 0
2645 -0.3249538263629027 -0.8187018970454591 0
2646 -0.3334248335020032 -0.8237693524190594 0
2647 -0.3330467804004724 -0.8126264361460732 0
2648 0.5666717663556569 -0.6885099973019708 0
2649 0.5579682251521603 -0.6841288387402427 0
2650 0.5582852621262613 -0.6938794500228926 0
2651 0.5496896696099394 -0.6896677997582241 0
2652 0.5499107150414339 -0.6992699228947092 0
2653 0.5411762428570249 -0.694839427544849 0
2654 -0.6733737594910467 -0.5604006366188208 0
2655 -0.2631974980621817 -0.8504145514778929 0
2656 -0.2638001523536784 -0.8407444634230475 0
2657 0.238119754131411 -0.8674803645288032 0
2658 0.2292836944664016 -0.8628916015751955 0
2659 0.2376757702274374 -0.8575333556662921 0
2660 0.2288393955775299 -0.8529439848969904 0
2661 0.2372329413003115 -0.847585347963014 0
2662 0.2204461417048026 -0.8583029468815537 0
2663 0.2200017327304608 -0.8483542544928822 0
2664 -0.763312567224412 -0.4849027527117168 0
2665 -0.0365441464374829 -0.8997844682818319 0
2666 -0.3421396374362594 -0.818952586451332 0
2667 -0.3427449924947703 -0.8091834826640329 0
2668 -0.3511049587015307 -0.8145245340328255 0
2669 -0.3515077777956335 -0.8024688885852687 0
2670 -0.3599579769104168 -0.8096159698473927 0
2671 -0.3613388261569677 -0.7990532729642708 0
2672 -0.07982757925924486 -0.8967740214782998 0
2673 -0.8205860034125425 -0.3680223460837815 0
2674 0.5415004071677594 -0.7046003354681329 0
2675 0.5329520181341024 -0.7004637548324635 0
2676 0.5331313735124957 -0.7099978003803225 0
2677 0.5244767478731795 -0.7056952190265744 0
2678 0.5247264192179177 -0.7153425682252893 0
2679 0.5160666661783258 -0.7110296515687391 0
2680 -0.7465532288498307 -0.4741473765900265 0
2681 0.7398015491079238 -0.5064589805383022 0
2682 0.7968179759096669 -0.429240532580921 0
2683 -0.7274747502157526 -0.5131111287760299 0
2684 -0.7190935621349624 -0.5077338792614767 0
2685 0.1869046584195515 -0.8797395523584666 0
2686 -0.6716411824013433 -0.6002005912908964 0
2687 0.7791843150623962 -0.4200411334136147 0
2688 -0.591174308240499 -0.6612594288463329 0
2689 -0.3689659983741521 -0.8051770475394636 0
2690 -0.3698414602182423 -0.7952694803147804 0
2691 -0.3777810842693671 -0.8007550538723986 0
2692 -0.5716476354205646 -0.7101530977918531 0
2693 0.5163284413603078 -0.7206918835772008 0
2694 0.5074893617665618 -0.7161012251494212 0
2695 0.5079024430568981 -0.7260004523193105 0
2696 0.498711284270393 -0.7214052483115849 0
2697 0.4994370082232794 -0.7313432733202707 0
2698 0.4901678571759943 -0.72689145812056 0
2699 -0.6618819261519394 -0.6246574863985048 0
2700 0.8357666680025375 -0.3329894964622754 0
2701 -0.3832361889837185 -0.8658825953710139 0
2702 -0.1584712426802969 -0.8754727817781189 0
2703 -0.7921841412038254 -0.4214752105415009 0
2704 -0.851864547211584 -0.2548932259800206 0
2705 -0.8434779192393316 -0.2495129936904128 0
2706 0.4910069778348088 -0.7367169273947101 0
2707 0.4822577169376148 -0.7321029270108526 0
2708 0.4826867458445473 -0.7420529037065522 0
2709 0.4734463697047976 -0.7375495521886564 0
2710 0.4742329681558489 -0.7474247596020804 0
2711 0.4648713388474885 -0.7431182364498264 0
2712 0.8676726672192812 -0.2720803970749049 0
2713 -0.7358555836373619 -0.5184885736416786 0
2714 -0.2720457806254626 -0.8458568190503823 0
2715 0.2460652092210198 -0.8521779661060688 0
2716 0.4657999120540326 -0.752816357607299 0
2717 0.4570717148748411 -0.7481759385862423 0
2718 0.4574975850331536 -0.7581296724211604 0
2719 0.4481246850460047 -0.753600777781287 0
2720 0.4490238623020276 -0.7634947155260254 0
2721 0.4391669337999707 -0.7587647033897498 0
2722 -0.1589284493066532 -0.8655278258883056 0
2723 0.2116080154078267 -0.8537139315231123 0
2724 -0.4009094205405059 -0.8567381581842928 0
2725 -0.7926502757326701 -0.411536819827229 0
2726 0.8512744788058146 -0.2925161399687085 0
2727 0.4405240725248403 -0.7688170568199714 0
2728 0.4312094784458563 -0.7640175756637175 0
2729 0.4321844006844893 -0.7741512846144857 0
2730 0.4238327506206524 -0.7695387593428001 0
2731 0.4239659553607736 -0.7795363842701064 0
2732 0.4150375657580215 -0.773744180255829 0
2733 -0.2725062001965162 -0.8359101735211821 0
2734 -0.5455661488788126 -0.7139461524668025 0
2735 0.4155362319038085 -0.7847016498717052 0
2736 0.406940548918432 -0.7804743710156471 0
2737 0.4071851342892508 -0.7902557881482519 0
2738 0.3986068983845572 -0.7856906482073601 0
2739 0.3988051893650167 -0.7956271298616262 0
2740 0.2456231658201575 -0.8422275933444588 0
2741 0.2120582185705075 -0.8636630188678401 0
2742 -0.7845428935994005 -0.4061715035293569 0
2743 -0.5589217880111175 -0.8040088248769042 0
2744 0.8873522099424863 -0.33073633947209 0
2745 -0.4716032320753652 -0.8201597489537564 0
2746 0.1185036589053425 -0.8927823626144911 0
2747 0.1268772390827621 -0.8874289116645933 0
2748 -0.5775892565699554 -0.765315044855257 0
2749 -0.5859625237358961 -0.7706747372576379 0
2750 -0.5864244021792786 -0.7607451031228718 0
2751 -0.5947969085502425 -0.7661040861592957 0
2752 -0.5952857015499814 -0.7561584912378373 0
2753 -0.6036387831812311 -0.7615376671534438 0
2754 -0.4892764865563239 -0.8110150847187977 0
2755 -0.8624073710950468 -0.1109434181264726 0
2756 0.04431962913995287 -0.970798179547535 0
2757 -0.6756195759709505 -0.7050936773645763 0
2758 -0.6670843107467778 -0.7096975243234493 0
2759 -0.658292199740832 -0.7041981139606702 0
2760 -0.6581118463480334 -0.7141500466330132 0
2761 -0.6494468792252174 -0.7087555873593262 0
2762 -0.6489886848134843 -0.718687357939902 0
2763 -0.6576279670880086 -0.724062899184136 0
2764 -0.8786876017531996 -0.4156010448174368 0
2765 0.3903355490408843 -0.7911709930731217 0
2766 0.3904855329172619 -0.8010093618433323 0
2767 0.923913149861636 -0.2060647799401391 0
2768 0.931998974434778 -0.2009014846844009 0
2769 0.9324684333944895 -0.210484769476181 0
2770 0.9405723186178507 -0.205252716023703 0
2771 0.9410562911148386 -0.2149159564509431 0
2772 0.9492158886727077 -0.2096600399357895 0
2773 0.948519807297602 -0.1999536449846975 0
2774 0.9710675076775506 -0.08513379536027085 0
2775 0.8183831686393541 -0.5278992361194118 0
2776 0.8582553722842718 -0.2479294714473786 0
2777 0.8486854496515928 -0.2237626092578647 0
2778 -0.228716619236292 -0.8487849793931586 0
2779 -0.2198745378989991 -0.8533635309158416 0
2780 -0.3782667555241308 -0.7908896986398339 0
2781 -0.3865537473650463 -0.7962365737384294 0
2782 -0.3870207716414076 -0.7863664001193958 0
2783 -0.395368198801143 -0.791677950855707 0
2784 -0.3958653123337038 -0.7818106383007726 0
2785 -0.4042080732362474 -0.7871072879709515 0
2786 0.5243823187810428 -0.6955895550622294 0
2787 -0.9659857497927381 -0.08787337936409714 0
2788 0.1431646419914716 -0.866741830364513 0
2789 0.1514148141201097 -0.8620238754499105 0
2790 -0.01185293741678899 -0.8737713932422073 0
2791 0.9591405265251848 -0.117004109504812 0
2792 0.9669292156802152 -0.1212893188009821 0
2793 -0.7758863405343999 -0.5851101628307739 0
2794 -0.7847278392548743 -0.5805404284161499 0
2795 0.932975315285425 -0.2200523333024729 0
2796 0.7450555728597333 -0.6257626694790895 0
2797 0.7465949645878213 -0.4612480159942908 0
2798 -0.4047090034104754 -0.7772371453977256 0
2799 -0.4130554008179134 -0.7825317272983666 0
2800 -0.4135268366460036 -0.7726078322163966 0
2801 -0.4218922133907208 -0.7779458676843325 0
2802 -0.4223896587615546 -0.768066116637065 0
2803 -0.4307388184693098 -0.7733729984039487 0
2804 -0.4312030891712572 -0.7634381474739361 0
2805 -0.4395828657090924 -0.7687880308577419 0
2806 -0.4400124775990767 -0.7588318549570704 0
2807 -0.4484169566614307 -0.7642044459626705 0
2808 -0.4488481064313304 -0.754235727680878 0
2809 -0.4572584617501381 -0.7596229288366826 0
2810 -0.457602219328269 -0.7498594922938584 0
2811 -0.466092303648183 -0.7550785503954988 0
2812 -0.4662547877569146 -0.7437356082065228 0
2813 -0.4748977524883407 -0.7502488403110693 0
2814 -0.4754186760231805 -0.7405234547196072 0
2815 -0.483788974533479 -0.7458570466145038 0
2816 -0.4842632329459814 -0.7359463775164149 0
2817 -0.4926493288929175 -0.7413173747610641 0
2818 0.9315962487761611 -0.1258314590401895 0
2819 0.9375737609783377 -0.1303557438880832 0
2820 -0.9624703893034194 -0.159277985796203 0
2821 -0.5829620884696562 -0.6557475978257244 0
2822 -0.591651967577835 -0.6512695090285957 0
2823 0.8985644469482426 -0.1037827757997225 0
2824 0.2796171864579825 -0.830749752352089 0
2825 0.3464349185037157 -0.7975443861380872 0
2826 0.9496454995340557 -0.2190486378928609 0
2827 -0.15047780305334 -0.8603900037109928 0
2828 0.7300912296133776 -0.4819688466849553 0
2829 -0.9415237534470251 -0.03103820497388164 0
2830 -0.9333244033633976 -0.02692333628557785 0
2831 0.8755310240063885 -0.027696832942702 0
2832 -0.4967025920995592 -0.8362587967917122 0
2833 0.8263363146838598 -0.5126141736157405 0
2834 0.6236015505587384 -0.6112227723616199 0
2835 0.6240418534402054 -0.6211718820305102 0
2836 0.8780214427980169 -0.05535420349837081 0
2837 0.8704753187682235 -0.06052889742155169 0
2838 0.6377062602906193 -0.7350689424842267 0
2839 0.6293509573908526 -0.740465205822282 0
2840 0.6460931208665728 -0.7297017037658067 0
2841 -0.9197710611365977 -0.07392640952814669 0
2842 -0.9250960366251271 -0.06684861956488784 0
2843 -0.9333934105750327 -0.06651929723394948 0
2844 -0.648474268871515 -0.7285341934201635 0
2845 0.7455469971009855 -0.6355978818870037 0
2846 -0.4768182060071897 -0.7312396722538506 0
2847 -0.8238683405428349 -0.2984226449126318 0
2848 -0.8233984291449464 -0.3083689279345412 0
2849 -0.5832242787413239 -0.6452065203958969 0
2850 0.3731968485819365 -0.7919950165923064 0
2851 0.2699606849919398 -0.8259134749226773 0
2852 -0.02454121784448011 -0.9739463919194833 0
2853 0.9212299711077786 -0.3193202423331474 0
2854 0.860790123675408 -0.13844453683063 0
2855 -0.3641371243736339 -0.9047516780950651 0
2856 -0.3167883033337122 -0.8139993463196129 0
2857 -0.6102661166056544 -0.622348534201259 0
2858 0.9440989254477063 -0.2452788656445049 0
2859 -0.5204053785596785 -0.6978399336305954 0
2860 -0.6934093610636635 -0.6856230194854287 0
2861 0.2104549132725111 -0.8422362630786957 0
2862 -0.1371072873504432 -0.9640766349140867 0
2863 -0.146359230413161 -0.9708440528248039 0
2864 0.6488402389350492 -0.5862080773532049 0
2865 -0.06785531851638858 -0.9708700306089854 0
2866 -0.07624532125547615 -0.9762220700921123 0
2867 0.8841647784351185 -0.09777792136459784 0
2868 -0.9480032002495105 -0.1134795308634935 0
2869 0.07400939873427335 -0.8703371430461609 0
2870 0.6874285796811417 -0.6927337404030269 0
2871 0.8178437525469571 -0.3138858022414724 0
2872 0.8079032451625747 -0.3186309207148914 0
2873 0.8093220270446011 -0.3298552271201123 0
2874 -0.9619299359218874 -0.1684887368539706 0
2875 -0.9539041414442259 -0.1727655117850321 0
2876 -0.8694982303946103 -0.09716889879622324 0
2877 -0.8438966664335503 -0.2288844768566699 0
2878 0.8899109336035231 -0.1698358066084901 0
2879 0.9430757672095543 -0.1438955162917883 0
2880 -0.7572684325511642 -0.6141339211171407 0
2881 0.8830233503615671 -0.02303924106757856 0
2882 0.6381957003408718 -0.7452650372691118 0
2883 -0.917213763608257 -0.3277379019086414 0
2884 -0.9085304079347383 -0.3323055590361613 0
2885 0.497798062928425 -0.7114709250819597 0
2886 0.1943575366729908 -0.8546634784168505 0
2887 0.1858846780069885 -0.8503868295163236 0
2888 -0.8311542643803369 -0.5078422631121289 0
2889 0.1988499880234416 -0.9542216540292459 0
2890 -0.9591952283920493 -0.0830025259941055 0
2891 0.3993906258922696 -0.7767714177019076 0
2892 -0.2986231940629156 -0.8225052108409852 0
2893 0.1681675269958416 -0.8598762654746257 0
2894 0.8723093592204819 -0.07848826394798045 0
2895 0.8549889556716741 -0.1897046472488746 0
2896 -0.7847915124009234 -0.3867462020887308 0
2897 -0.9724660971772042 -0.101271147724107 0
2898 -0.5143095048743869 -0.8269960261456806 0
2899 -0.9739308671356501 -0.0383997421906203 0
2900 -0.9740635966787283 -0.02965297919906518 0
2901 -0.974175182777432 -0.04755924190217581 0
2902 0.7137327766414041 -0.5026232329238216 0
2903 0.7141772256369089 -0.5125683310121066 0
2904 -0.8659821359023967 -0.06341403842292857 0
2905 -0.5921824124246462 -0.6414085478555354 0
2906 0.1559747924602148 -0.9607470649561183 0
2907 0.1475847110155344 -0.9660916910927601 0
2908 -0.1109921778941303 -0.9677290163683125 0
2909 0.9398908811657565 -0.07758095439760854 0
2910 -0.821839060833615 -0.5225094082871091 0
2911 -0.8978293407068946 -0.3766435820251251 0
2912 -0.8973596868505879 -0.3865786129643651 0
2913 0.7384563187730493 -0.4659571162998435 0
2914 0.8720883717679604 -0.1585213933615709 0
2915 0.9302216995027601 -0.03875614205859088 0
2916 0.9370369796352583 -0.03377924910213392 0
2917 0.9765978240449972 -0.05390599335690482 0
2918 0.4720968180741867 -0.7279336447054134 0
2919 0.7697536118392496 -0.5996990422276518 0
2920 0.7613640611096233 -0.6050433072991777 0
2921 -0.176630194858161 -0.8564348502370059 0
2922 -0.9301373884328507 -0.1264031935682486 0
2923 0.7706091477740469 -0.4154298592918721 0
2924 0.7608608943755339 -0.4199084594623531 0
2925 -0.1854364186484052 -0.8517910504178522 0
2926 -0.8821345233444728 -0.1731824330823117 0
2927 0.4230482781892425 -0.7596568325573896 0
2928 -0.6465855673973281 -0.5842702037519105 0
2929 -0.7090749380501712 -0.5126157349874951 0
2930 -0.7105331012993723 -0.5020149738244769 0
2931 -0.7195278112133108 -0.4977297283037978 0
2932 -0.9744323896418813 -0.06513383183236449 0
2933 -0.04162014920171948 -0.9744569220775015 0
2934 0.4465801749142799 -0.7440008963710927 0
2935 0.7371096100711861 -0.6410474321595965 0
2936 -0.7385050478194746 -0.4687842186428691 0
2937 -0.7285368946652421 -0.4723714905272581 0
2938 -0.8634830660611396 -0.2010591885100998 0
2939 -0.8544438146235384 -0.1960513972268221 0
2940 0.2243574601216197 -0.94764644679332 0
2941 0.8594373115585954 -0.1480322436674182 0
2942 -0.4937427351357777 -0.7215439751277133 0
2943 0.2499742393456519 -0.9417363751666447 0
2944 0.2415657917657686 -0.9470294810835183 0
2945 0.9523186760551645 -0.1300858763044316 0
2946 0.8582954514038859 -0.4614048069122137 0
2947 0.3011694273435042 -0.9292294140260366 0
2948 -0.8867963784873499 -0.411028632282743 0
2949 0.8907312395814388 -0.2074992690255491 0
2950 -0.8710285474069146 -0.2161090759551327 0
2951 0.2756176912321335 -0.9354725924139188 0
2952 0.2671846264941391 -0.9410300745985337 0
2953 0.7869519980528735 -0.3858414328878316 0
2954 0.7785606545654088 -0.3916046666976257 0
2955 -0.9848950032689414 -0.008267255003177355 0
2956 0.9844588172441712 -0.009103449430353409 0
2957 -0.1543502368431721 -0.9649285566828436 0
2958 -0.9162615594087123 -0.3376499301015208 0
2959 -0.9200776140186085 -0.2679281665943017 0
2960 -0.9284419705386726 -0.2732778712302746 0
2961 -0.9372554257744554 -0.268704235907804 0
2962 -0.4482837780470053 -0.7433580155221055 0
2963 0.9169351745833896 -0.2305786731947982 0
2964 -0.9038744986935945 -0.2473457656389849 0
2965 0.05269166549531153 -0.9654650151137305 0
2966 0.05286882813739265 -0.9749212335127245 0
2967 -0.8317024157518516 -0.4980355627868728 0
2968 -0.8399746742416921 -0.5032426104498283 0
2969 -0.0499240081444459 -0.9807473178396033 0
2970 0.9096569513884996 -0.2554506017579478 0
2971 0.9617823611205417 -0.1712162529608643 0
2972 -0.9079755047829026 -0.3422363132648018 0
2973 0.8501566386929138 -0.4667375238498973 0
2974 0.8588836541922324 -0.4715444615502733 0
2975 -0.8877195732060863 -0.4010835546370571 0
2976 -0.1027007692505845 -0.9625352519209542 0
2977 0.9022773454431063 -0.2804634256388659 0
2978 0.1643960718714642 -0.9554554267505853 0
2979 0.8016083879638303 -0.5385919075079248 0
2980 -0.1636541747877349 -0.9504164524789602 0
2981 0.1101168762130849 -0.8981336341918156 0
2982 -0.8801463410731478 -0.3857756203501082 0
2983 -0.8717744064242823 -0.3804019723565465 0
2984 -0.7670453616897949 -0.5896760791429545 0
2985 -0.79496154668714 -0.5461501860327452 0
2986 -0.8033335853442291 -0.5515200652799346 0
2987 -0.6944677808845772 -0.6660163080858644 0
2988 -0.7028422964065613 -0.6713827866336841 0
2989 0.07565543811447883 -0.8996862284043293 0
2990 -0.7307554653457116 -0.6278439683254616 0
2991 -0.7391329113059275 -0.6332081724544842 0
2992 0.7106259753297707 -0.6272907929659532 0
2993 -0.6046788413007846 -0.7415860760206459 0
2994 0.08626818318024457 -0.9440342501249788 0
2995 -0.834065491106573 -0.4483597240036439 0
2996 0.8656807095782688 -0.4262385762012115 0
2997 0.8743993435383417 -0.4306709814884034 0
2998 0.0411981914966261 -0.9012446760716984 0
2999 0.2747795425371253 -0.9156543154956007 0
3000 -0.2171424378353534 -0.9130267087438375 0
3001 0.2235624083585064 -0.9279043772283315 0
3002 0.1551328657142547 -0.9409316910422023 0
3003 -0.7870466633877818 -0.5308487856693047 0
3004 -0.6321486616033235 -0.7079563062355245 0
3005 -0.8145042835092476 -0.4972606229485662 0
3006 0.775993637836455 -0.5447200666951054 0
3007 0.7843820239768666 -0.5393723776051853 0
3008 0.8564244883829668 -0.41170408619576 0
3009 -0.6502819563281217 -0.6888724642625006 0
3010 -0.8922902926471037 -0.3116216304388441 0
3011 -0.8918194437270075 -0.3215601714136943 0
3012 -0.6865593267144676 -0.6507027908484602 0
3013 0.2999517469240586 -0.899590506951631 0
3014 0.7428698571134968 -0.576059002579942 0
3015 -0.8349967125074425 -0.4284845197499926 0
3016 0.8409470352695481 -0.452212479022186 0
3017 -0.7917160166413261 -0.4314228198415929 0
3018 -0.1040700695339001 -0.9327529995705093 0
3019 -0.09523304550767797 -0.9373299488802951 0
3020 -0.8638704215295212 -0.3650873418423202 0
3021 -0.1650240855131879 -0.920597959602441 0
3022 -0.1561817403811073 -0.9251756350309767 0
3023 -0.3478907466795342 -0.8841704083074899 0
3024 0.710187936780646 -0.6173467791569646 0
3025 0.8890859689858345 -0.3704510207040009 0
3026 0.8802718367827482 -0.3658608863220956 0
3027 0.897840660872197 -0.3750445856372696 0
3028 -0.2622533943703439 -0.870263000830764 0
3029 -0.8597359218565355 -0.2702193948759903 0
3030 -0.8587914134605771 -0.2901155157872566 0
3031 0.6669078930882872 -0.6142851253779993 0
3032 0.8162078402093753 -0.4782071149583227 0
3033 0.3992503610655231 -0.8055712602691238 0
3034 -0.4744696651875745 -0.7604120161399154 0
3035 0.424414094306659 -0.7894500463363798 0
3036 -0.3417931443039148 -0.8290629117471725 0
3037 0.1445152587628518 -0.8965866533387474 0
3038 0.5503232557286276 -0.7091568009034943 0
3039 -0.4479574224467147 -0.7741587355918574 0
3040 -0.6437421994356975 -0.6437373924000034 0
3041 0.4495605228741497 -0.7734317896386609 0
3042 -0.3683712045246602 -0.8152574953282038 0
3043 -0.8103340164541795 -0.4024162478752373 0
3044 -0.4214272864392313 -0.787888978135235 0
3045 0.5251179213249637 -0.7252128576356787 0
3046 -0.3948894901677324 -0.8016268249716717 0
3047 0.7159405947563112 -0.5523394130594321 0
3048 0.7155037373494049 -0.5423937839785002 0
3049 0.4747393237620308 -0.757357785485124 0
3050 0.4999280389427956 -0.741282445410113 0
3051 0.7318489845538739 -0.5217507621191583 0
3052 0.7234591349925417 -0.5271012550478774 0
3053 0.2041204742027781 -0.8789666920690697 0
3054 0.6328793525985774 -0.6257630142058966 0
3055 0.6244850685287906 -0.6311239440660494 0
3056 0.6156485350623377 -0.6265312775857056 0
3057 0.6160897284081628 -0.6364811869099863 0
3058 0.6072765972266562 -0.6318885199403057 0
3059 0.6076984410993376 -0.6418378385674952 0
3060 0.6165310229829269 -0.6464305475858901 0
3061 0.6081379235403319 -0.6517837568279724 0
3062 0.5993004015059147 -0.6471939778288728 0
3063 0.5997533034426621 -0.6571353000354047 0
3064 0.590916352760265 -0.6525467664886526 0
3065 0.5905617528560899 -0.6427536778267311 0
3066 0.03459408077521775 -0.9463692259943655 0
3067 -0.1752276378256366 -0.8861941214077659 0
3068 -0.8396874403101524 -0.3290666766599573 0
3069 0.691202654666925 -0.578340108231073 0
3070 -0.1231091770033395 -0.8937702391280091 0
3071 -0.5897835505198725 -0.6910616458269422 0
3072 -0.6167610827979854 -0.6674000321194417 0
3073 -0.8247596908475039 -0.4628625012954186 0
3074 0.8206980607607497 -0.3833870742125943 0
3075 0.2637279750714983 -0.8613589741058024 0
3076 0.2725617793108751 -0.8659474299220805 0
3077 0.6169858188248215 -0.6563690488588239 0
3078 0.6858825418999254 -0.6533101239360879 0
3079 -0.2194212979799919 -0.8633111335236469 0
3080 0.6741466210785042 -0.5793594247196366 0
3081 0.665175646159287 -0.5750409157074828 0
3082 -0.1324539881827164 -0.8793538691669279 0
3083 -0.1328506691070602 -0.869298781770992 0
3084 -0.8126737799561277 -0.3527061692140754 0
3085 -0.8042931098945842 -0.3473261308683833 0
3086 -0.08911252838295225 -0.8822490379976593 0
3087 -0.0895598168208919 -0.8717954834394935 0
3088 -0.04582861139048193 -0.8852569854731978 0
3089 -0.04628050643247202 -0.8753082520876048 0
3090 -0.5102269174907162 -0.7322576689539485 0
3091 0.8036355788392747 -0.3843777767078541 0
3092 -0.6995593952203594 -0.5566480217784322 0
3093 -0.7079392662129319 -0.5620239858414471 0
3094 0.05842414088071303 -0.9004653047402275 0
3095 -0.747090832169883 -0.4642335336316304 0
3096 0.7636804167083781 -0.4605632584038457 0
3097 0.7725118119921889 -0.4651614402124931 0
3098 0.778775636709693 -0.4100974124366 0
3099 0.09287597590027682 -0.8989112294135715 0
3100 0.9044932169109028 -0.3299849819654862 0
3101 0.9137597238287715 -0.3346204622950609 0
3102 -0.6451109243344344 -0.6139220971747199 0
3103 -0.6369780694814882 -0.6090132469617315 0
3104 0.8273759830099329 -0.3383345737851148 0
3105 0.8361999180993214 -0.3429259142287773 0
3106 -0.2240877333746825 -0.9480977955778501 0
3107 0.134877740067319 -0.8722519220833084 0
3108 0.9662801473325418 -0.1393326379701007 0
3109 -0.09912343411490304 -0.868563329214653 0
3110 -0.9117284543151025 -0.262579529850015 0
3111 0.8901799084679923 -0.1791612906086157 0
3112 -0.8635243311699257 -0.120057019338644 0
3113 -0.8716981359928775 -0.1249324607192448 0
3114 -0.8625862466826684 -0.1291920269177043 0
3115 0.849944285732619 -0.2531804552246141 0
3116 0.840198024413686 -0.2486885183650935 0
3117 0.8752374587055446 -0.2470871227804586 0
3118 0.9491627913719833 -0.07647198201664795 0
3119 0.9157464734079754 -0.04854101175510123 0
3120 -0.215090459706036 -0.9523636902764012 0
3121 0.8643474097505691 -0.120978998164255 0
3122 -0.1019896674126369 -0.9719780090559621 0
3123 -0.3375890320045089 -0.9183767389527575 0
3124 0.8586480040853939 -0.2576918907688164 0
3125 -0.3422265321727449 -0.7991351324965432 0
3126 0.3354008540711929 -0.917458367238539 0
3127 -0.01577982390248914 -0.9784098926823545 0
3128 0.2157166412570136 -0.9525978031745426 0
3129 0.9304186796781475 -0.1820244625151413 0
3130 -0.6301665945636505 -0.7474424207719523 0
3131 0.9696658914556202 -0.1663174041855135 0
3132 -0.9555564441647225 -0.1128555619554822 0
3133 -0.729534076473729 -0.6477082674497544 0
3134 -0.7295958035819227 -0.6576629664437248 0
3135 0.8895741122922445 -0.1602853765296791 0
3136 0.8978911255301757 -0.1560001602373671 0
3137 0.9764723944894347 -0.04478103280963476 0
3138 0.9684178310201292 -0.04058382457248013 0
3139 0.9758527246764221 -0.03538438346516949 0
3140 0.9677760650327385 -0.03109194018387501 0
3141 0.9754979824789762 -0.02584356412826319 0
3142 0.6895913673647259 -0.5387823603821899 0
3143 0.6978649842576266 -0.5332345585604614 0
3144 0.6810466566251407 -0.5439055345993815 0
3145 -0.9466291860564378 -0.2442982934655085 0
3146 -0.9469933309811719 -0.234399505507479 0
3147 -0.9389882939531433 -0.2290731824780251 0
3148 -0.9477170478996584 -0.2245534117346826 0
3149 -0.9395057799127616 -0.2192377213504009 0
3150 -0.9481859016636337 -0.2147582579448901 0
3151 -0.9397682468912116 -0.2098263318574098 0
3152 -0.9470270967745489 -0.2053071013575979 0
3153 -0.9313241981710579 -0.2139981492918571 0
3154 -0.9315685318284102 -0.2046879132022311 0
3155 -0.9232243598701044 -0.2087849613680984 0
3156 -0.9233659761810065 -0.1990830990129878 0
3157 -0.7477849601997686 -0.6282813153141624 0
3158 -0.7475068200244351 -0.6385743478151937 0
3159 -0.9698045937419106 -0.1648126912435322 0
3160 0.8335999182877509 -0.26412759720708 0
3161 0.8248244090074782 -0.2699757345834347 0
3162 0.9150690234719414 -0.02092554117098543 0
3163 0.9245390964869665 -0.02472631081970539 0
3164 0.865913550819865 -0.4562266882394592 0
3165 -0.4944633606364786 -0.7115445184330216 0
3166 0.9426862315570055 -0.2341543489057651 0
3167 -0.974144139511663 -0.07459591553025229 0
3168 -0.7208798164714143 -0.6621699911506169 0
3169 0.1302172094552596 -0.9666211724327773 0
3170 0.07009704019990634 -0.9742279437373732 0
3171 0.07889155944195206 -0.9795626847886105 0
3172 0.8102514260164854 -0.542898700389026 0
3173 0.09152076743710522 -0.8693562198829301 0
3174 0.2369930245037871 -0.837956824396168 0
3175 -0.1802866536617012 -0.9608739938373608 0
3176 -0.1890996072281138 -0.9562560872346865 0
3177 -0.2203089606257847 -0.8438074764629875 0
3178 -0.2114856575463602 -0.8480595713477387 0
3179 -0.765453535702966 -0.4157222865844422 0
3180 -0.7571756594232968 -0.4208614452937274 0
3181 0.5488989597956855 -0.6796240516816008 0
3182 0.8899683071427211 -0.4002887285853865 0
3183 0.8913060799754839 -0.1428872173517678 0
3184 0.7046047414260355 -0.6819577298118336 0
3185 -0.1717548358486707 -0.9656439817798531 0
3186 -0.8998367767980709 -0.121483266431404 0
3187 -0.4228075987477601 -0.7580379313085501 0
3188 0.5820665482263513 -0.6479594241839564 0
3189 -0.9042825902979008 -0.08279989160994669 0
3190 -0.9032100717823313 -0.07441044256488839 0
3191 -0.9374822051140209 -0.1301634876407527 0
3192 0.2932241334279945 -0.9349886841322597 0
3193 -0.9718469595917812 -0.1101196336657522 0
3194 0.1219852173019782 -0.9719683050609322 0
3195 0.8936648214956243 -0.08986757957926714 0
3196 -0.5381345779027236 -0.6890034035005622 0
3197 -0.6923161938829754 -0.5316927731785365 0
3198 -0.6932848948437357 -0.5215491974360476 0
3199 -0.6916258383359135 -0.5413438464143479 0
3200 0.928802216112966 -0.3039953057849308 0
3201 0.9367254846611065 -0.2994944049998854 0
3202 0.9457519993760052 -0.117242357680361 0
3203 -0.6391001985378357 -0.7434543353285328 0
3204 0.8729358239730263 -0.08715129626341206 0
3205 -0.2645411776586861 -0.8310828317737285 0
3206 -0.2725734953309331 -0.8255695880015583 0
3207 0.8574987280232481 -0.1139554062914591 0
3208 -0.8588298472637861 -0.4644453203010399 0
3209 -0.8586979319824386 -0.4742374325161636 0
3210 0.662424240072037 -0.7190735450555819 0
3211 0.001115983556446847 -0.9772475243003689 0
3212 0.009858613621381226 -0.9828188952007165 0
3213 -0.2505212013208546 -0.9442190991968271 0
3214 -0.2594647848741771 -0.9383644143055113 0
3215 -0.2413320019836777 -0.9489548073899698 0
3216 -0.7751382008865204 -0.5951469950910853 0
3217 -0.9365794995232181 -0.2781803609453412 0
3218 -0.9279738307352909 -0.2831291335967695 0
3219 -0.9454263324883979 -0.273263496231769 0
3220 -0.6025155381001526 -0.771067539342187 0
3221 0.8403382088660011 -0.22885712181304 0
3222 0.9068309172787157 -0.01668331554571782 0
3223 0.1345724490645266 -0.8631482094300807 0
3224 -0.9615321781124042 -0.1778212003263062 0
3225 -0.9534425540290618 -0.182187535888453 0
3226 -0.961136717612649 -0.1872784410172035 0
3227 -0.9381589512780717 -0.288174722430159 0
3228 -0.9069241603164704 -0.1340693716976593 0
3229 -0.9131601425620621 -0.1378789528683707 0
3230 -0.9129602386652066 -0.145269039649505 0
3231 -0.3962723842245245 -0.7717700742855678 0
3232 -0.9568154308318125 -0.2102258975540862 0
3233 -0.8047623765899533 -0.3373795377283396 0
3234 -0.79615715051072 -0.3423569841261687 0
3235 -0.7960556019586013 -0.3520113736419213 0
3236 -0.3707108241234862 -0.7849951678472364 0
3237 0.8698662022008775 -0.05181388730484535 0
3238 0.8623247980318045 -0.05765722408740918 0
3239 -0.9531267093730915 -0.1913550332667451 0
3240 -0.9453754496939457 -0.1860675887001497 0
3241 0.8999973101397926 -0.131005808612164 0
3242 0.8993014961460157 -0.3963377510340525 0
3243 -0.2124875086321467 -0.8389993180992619 0
3244 -0.1191346744874338 -0.9741528752745042 0
3245 0.8634264660270735 -0.08365025319963999 0
3246 0.8658522771672246 -0.09300643269796274 0
3247 -0.8584602721348946 -0.1574994658026204 0
3248 -0.8591370090250137 -0.1480558714725149 0
3249 0.9554247799933846 -0.2045584067738613 0
3250 0.9568613419975052 -0.1946579671559707 0
3251 -0.05463762835559356 -0.8708953141481103 0
3252 0.6295017836587438 -0.7499757789130103 0
3253 0.6209222325138626 -0.7457508786024861 0
3254 0.6210590880511353 -0.7552087243722385 0
3255 0.6125218156311867 -0.7510714300076083 0
3256 0.6127745912819502 -0.7607097548608085 0
3257 0.6041521969244457 -0.756441985346291 0
3258 0.6044100635551923 -0.7660892598936205 0
3259 0.595773420504458 -0.7618010264478152 0
3260 0.5953804030075592 -0.7519401563833944 0
3261 0.5869867098679616 -0.7572797444798005 0
3262 0.5874291284268625 -0.7672160736068674 0
3263 0.5786085821832614 -0.7626401885667378 0
3264 0.5790531186303578 -0.7725802895609377 0
3265 0.5702258422907355 -0.7679947117034042 0
3266 0.5706687060287636 -0.7779343790313655 0
3267 0.561841843718992 -0.7733483786160785 0
3268 0.5622843344781843 -0.7832882123138409 0
3269 0.5534574242338068 -0.7787014883814263 0
3270 0.5538989097131615 -0.7886384137421634 0
3271 0.5450714909656235 -0.7840517970375109 0
3272 0.5455130865364383 -0.7939891647161066 0
3273 0.536686982910514 -0.7894049562500756 0
3274 0.5371279098671999 -0.799341197152495 0
3275 0.5283021572690498 -0.7947576021982409 0
3276 0.5287427611179321 -0.8046929392818316 0
3277 0.5199170074039298 -0.8001097072583324 0
3278 0.5203575603448429 -0.8100449633470606 0
3279 0.5115320749810679 -0.8054622138279327 0
3280 0.5119731597714783 -0.8153972507479275 0
3281 0.5031470362567769 -0.8108143946153565 0
3282 0.5035893242503455 -0.8207497742138909 0
3283 0.4947623166561284 -0.8161669252786548 0
3284 0.495201805699156 -0.8261005952297374 0
3285 0.48637548080662 -0.8215168244001797 0
3286 0.4868164726367705 -0.8314528891456502 0
3287 0.4779914694361587 -0.8268707611222915 0
3288 0.4784314702420642 -0.8368052342884079 0
3289 0.4696069026163728 -0.8322236647368364 0
3290 0.4700467280742608 -0.8421573032167418 0
3291 0.4612203860806964 -0.8375732747433741 0
3292 0.4616616591681011 -0.8475087484218544 0
3293 0.4528368412349205 -0.8429273578783918 0
3294 0.4532763161347956 -0.852860360821491 0
3295 0.4444524304314211 -0.8482800269246451 0
3296 0.4448922548892552 -0.8582127711189431 0
3297 0.4360659732580832 -0.8536292528187397 0
3298 0.4365071408181627 -0.8635641478934307 0
3299 0.4276829115413708 -0.8589834514218866 0
3300 0.4281226837841076 -0.8689161292446981 0
3301 0.4192989510559058 -0.8643360378362629 0
3302 0.5543394769984412 -0.7985773739022287 0
3303 0.4956443304570031 -0.836038764909081 0
3304 0.5794963866349978 -0.7825270632509007 0
3305 0.4197382792250923 -0.8742678810921303 0
3306 0.4109125665758687 -0.8696846481046566 0
3307 0.4113535772046317 -0.8796188564143832 0
3308 0.4025300973760659 -0.8750388281984696 0
3309 0.470488277457902 -0.8520935808759278 0
3310 0.4453356338774073 -0.8681463122845485 0
3311 0.4029621306838173 -0.8849592100777476 0
3312 0.3941453200082975 -0.8803891717517536 0
3313 0.3945767381357995 -0.8903084280058795 0
3314 0.3857610926883457 -0.8857399826419013 0
3315 0.3861998811345884 -0.8956706649816907 0
3316 0.3773747639977946 -0.8910871986409992 0
3317 0.5208009357065915 -0.8199818729641489 0
3318 0.3936520984109103 -0.870479559028412 0
3319 0.4188175956360226 -0.8544218912459134 0
3320 0.4439764640915059 -0.8383631081484624 0
3321 0.4691363973081979 -0.8223038383205357 0
3322 0.5278425046510955 -0.7848307659770566 0
3323 0.5530025120913714 -0.7687717970724108 0
3324 0.5781583660057265 -0.7527094800055881 0
3325 0.5110691564162687 -0.7955374078747398 0
3326 0.4942958801127025 -0.8062439295217009 0
3327 0.3769279737843514 -0.8811717386245046 0
3328 0.3685505502545011 -0.8865114460339877 0
3329 0.3689907542830256 -0.8964407611667028 0
3330 0.3601654340804947 -0.89185788178579 0
3331 0.3605874818972306 -0.9018013615864834 0
3332 0.5375695898876035 -0.8092781227667645 0
3333 0.3680396756205134 -0.8766112119561763 0
3334 0.4284529490534933 -0.8786777660866495 0
3335 0.4117950052023571 -0.8895546307753801 0
3336 -0.951654531916133 -0.07044497775132143 0
3337 -0.7861792288221936 -0.3765193129377594 0
3338 0.97353896214553 -0.1071706108038603 0
3339 0.9730019823928344 -0.09892245409111525 0
3340 -0.9410895662129186 -0.02216322537973137 0
3341 -0.1596538248315011 -0.8562001001955279 0
3342 0.05733016864983037 -0.8711624885606435 0
3343 -0.8349795431429161 -0.2544514761997256 0
3344 -0.8249270647446663 -0.2783807345749381 0
3345 -0.8251530566997769 -0.2684374073608527 0
3346 0.2448797500601045 -0.8326729034844818 0
3347 0.9785740176278767 -0.08086725106297632 0
3348 -0.6839006942274578 -0.7001232437745755 0
3349 -0.6837823331649332 -0.7100353290863949 0
3350 0.944999010443804 -0.2622338753032236 0
3351 0.302490106635767 -0.9387785583612048 0
3352 0.713514026071987 -0.4927894034133627 0
3353 0.3692551869470764 -0.9065640073419043 0
3354 0.3610222921032596 -0.9126135808247757 0
3355 -0.8359901437556152 -0.2445695963080043 0
3356 0.9318936990231388 -0.1347334506259645 0
3357 0.852570528502775 -0.1416288453627594 0
3358 -0.9253521564626809 -0.132140582301495 0
3359 0.9448815564161468 -0.2733170108487826 0
3360 -0.7112835372195958 -0.4921662307416687 0
3361 0.1650385772377239 -0.9648498179105586 0
3362 -0.04620475840346529 -0.8660843058423434 0
3363 -0.03789956359907379 -0.8702477481062643 0
3364 -0.1521729660837648 -0.8517005522659754 0
3365 -0.2851509131326299 -0.9364649244027974 0
3366 0.9674462603704426 -0.02198714559489415 0
3367 0.959299311109441 -0.0268968459347728 0
3368 -0.9267033807708195 -0.3234745341906081 0
3369 -0.9262833857748931 -0.3130058260673901 0
3370 0.5836961367730809 -0.63852769977234 0
3371 -0.9709911072812901 -0.1279022436325558 0
3372 -0.5844453483781407 -0.6356716096409035 0
3373 0.8672530616016181 -0.03146994879961196 0
3374 0.9384214538414201 -0.06896319680958188 0
3375 0.8743078672039615 -0.440547624145419 0
3376 -0.1762068049957716 -0.8470852642785907 0
3377 -0.8662619722186473 -0.0727955583409399 0
3378 -0.9822244877349863 -0.03313155092007511 0
3379 -0.6382223379574586 -0.5884142051593779 0
3380 -0.00392614018579085 -0.8690461783699447 0
3381 -0.01253538719006106 -0.8647921386244721 0
3382 -0.638680551739383 -0.7530743813331977 0
3383 -0.02049416328791356 -0.8700112460529984 0
3384 -0.9461443817850752 -0.2638727617496017 0
3385 0.1002348556180929 -0.8631018591697126 0
3386 -0.9436641760921612 -0.06687469255591055 0
3387 -0.02448133413665832 -0.9837315124646074 0
3388 0.6231641227584407 -0.6012759534686701 0
3389 -0.7661036807202344 -0.609566648875542 0
3390 -0.7201566423106731 -0.4877590200980904 0
3391 0.687566782711666 -0.5283291569760524 0
3392 0.697183582987642 -0.5232397507561132 0
3393 0.7062025472127715 -0.5278565145391405 0
3394 0.9753935030815306 -0.0163316046704145 0
3395 0.3952586743511983 -0.9001722346849328 0
3396 0.3866437204395671 -0.9056072352372158 0
3397 -0.2636673481670024 -0.821977047666009 0
3398 -0.5997783993701725 -0.626356691037827 0
3399 0.8629142813620235 -0.06647368762675468 0
3400 -0.9124408845487059 -0.06967961348006833 0
3401 0.8588407890758872 -0.1057170712279855 0
3402 0.9586183075533456 -0.09163827111109639 0
3403 0.8548537203188005 -0.158463298314387 0
3404 -0.8664844367202948 -0.05461168406682124 0
3405 -0.8728426864097425 -0.04895967414089172 0
3406 -0.7655021178417412 -0.6196815859608464 0
3407 0.7141611741021827 -0.6767611862681664 0
3408 0.6885711986655387 -0.5182486587603636 0
3409 -0.9334131964188487 -0.01842819612272959 0
3410 -0.9244371296957566 -0.02370690329319314 0
3411 -0.3287289959555059 -0.9228948496899944 0
3412 -0.3204516133489551 -0.9177227997896453 0
3413 -0.3198093127274296 -0.9282612660125302 0
3414 0.6154557839249435 -0.6061094628827178 0
3415 0.638058012431274 -0.7563121730912121 0
3416 -0.9456783047478264 -0.1276192870870975 0
3417 -0.6019051908411889 -0.6166826915828475 0
3418 0.7703093169420479 -0.4058774103815015 0
3419 -0.2289676722671103 -0.8375023050491228 0
3420 0.6064096731714713 -0.6217496093122719 0
3421 -0.6737454210399334 -0.550109727968088 0
3422 -0.6650995724395167 -0.5550415982887086 0
3423 -0.6745863019251765 -0.539914279962197 0
3424 -0.6383348403783022 -0.5789449461721909 0
3425 0.9592528083861511 -0.01675906261023828 0
3426 0.950516935307077 -0.02257544946515317 0
3427 -0.7755549654645266 -0.6055680474290146 0
3428 -0.9150090036328755 -0.2035360249989349 0
3429 -0.9147347150772734 -0.2130836676088663 0
3430 -0.1807042361374516 -0.9697897469784609 0
3431 -0.9165421677038151 -0.3477066721948112 0
3432 -0.9555018340882802 -0.231123310531381 0
3433 0.7055433494934571 -0.4978813561766814 0
3434 0.9807762201174361 -0.1016535362939183 0
3435 -0.6563745367161322 -0.7339938973556818 0
3436 -0.665237846045664 -0.7295294740279898 0
3437 0.846670113778091 -0.1663725484779721 0
3438 0.8472434499660421 -0.1750253170424148 0
3439 -0.8554807208999388 -0.1167770594889275 0
3440 -0.8524406980915525 -0.1068170427043544 0
3441 0.2762961356046467 -0.945127292061979 0
3442 0.2679259633247416 -0.9503106984201541 0
3443 0.2344515985593432 -0.8275814270270656 0
3444 -0.9283594755484157 -0.05857548052031249 0
3445 -0.9370442239276671 -0.05888994536284402 0
3446 -0.03875709340577484 -0.8606714190923106 0
3447 0.9148186383168202 -0.01042709007750095 0
3448 -0.7390677226242011 -0.4593745344974898 0
3449 -0.5764915111134787 -0.795173076004978 0
3450 -0.5849544822657539 -0.7903650787148786 0
3451 -0.9045447473575196 -0.06540608745994844 0
3452 -0.8903182226670909 -0.1787878964402462 0
3453 -0.8150174593604896 -0.3029889395031721 0
3454 -0.8145466454061705 -0.3129378480861458 0
3455 -0.815327779869002 -0.2928659365214286 0
3456 0.8800343878762367 -0.16402049479118 0
3457 -0.9610005559019706 -0.19684127129454 0
3458 -0.8950117063407084 -0.113318435799296 0
3459 -0.01523685701136546 -0.9897355283619644 0
3460 0.8809706786254934 -0.1738607956705646 0
3461 -0.7865268474744165 -0.3474187218322999 0
3462 -0.6128331281751239 -0.7677810190069461 0
3463 -0.2030976245928253 -0.8427962649824454 0
3464 0.9516767138784973 -0.0322100421814181 0
3465 -0.8562893639339865 -0.06585655582486191 0
3466 -0.862961321541545 -0.08201317955253679 0
3467 0.8537401277272052 -0.08589642636998177 0
3468 0.9448258511269484 -0.1531847988367204 0
3469 0.935830175925046 -0.1501726734679135 0
3470 0.8903615126032972 -0.1978550324279562 0
3471 0.8914053912747697 -0.0993183970504159 0
3472 0.891607947939943 -0.1070373975437972 0
3473 0.9381374578809885 -0.1375187267156486 0
3474 0.9540092097828934 -0.2684424774249257 0
3475 0.9485681796531074 -0.2535301146334508 0
3476 0.9544940661334756 -0.2474658303987471 0
3477 0.9382755319943119 -0.06054941938295352 0
3478 0.9368722116194683 -0.1587787621633007 0
3479 -0.2951140816783089 -0.9411592892234899 0
3480 -0.2772958536704111 -0.9435451416594322 0
3481 -0.3034028242504744 -0.9362233226178927 0
3482 -0.2753784601753766 -0.9326824580665969 0
3483 -0.9203178038101509 -0.05445157982634408 0
3484 -0.932678184790894 -0.194857923845141 0
3485 0.2209474883078895 -0.8380437872392018 0
3486 -0.8908709184236372 -0.1694059537417537 0
3487 -0.8990101465912645 -0.1654176079357415 0
3488 -0.8829431446862747 -0.163940498414006 0
3489 -0.8577450997440753 -0.03509193686423378 0
3490 -0.8665455051585316 -0.03043837872903727 0
3491 -0.8674350354515538 -0.02126987023483371 0
3492 -0.8753523528016762 -0.02591128191197641 0
3493 -0.8751892325151621 -0.03512242268266278 0
3494 -0.8834725395704899 -0.0308858576925164 0
3495 -0.8839035174051505 -0.02093236454881892 0
3496 -0.8912479166914233 -0.02653268723533041 0
3497 -0.8915883855615484 -0.03591195728292135 0
3498 -0.8668259535165832 -0.04059939314857505 0
3499 -0.944075290387291 -0.1953492797329182 0
3500 -0.847885431074529 -0.1353109036825147 0
3501 -0.8454398839147874 -0.1455437370379902 0
3502 0.03061850651145719 -0.86664694578929 0
3503 0.03970254350155931 -0.8611050638617833 0
3504 -0.8421459059254148 -0.1649898862667334 0
3505 -0.8406117286955938 -0.1750543375690801 0
3506 -0.8479442992107704 -0.180830192063532 0
3507 -0.8459137205262217 -0.1911115550040363 0
3508 0.9256168101533621 -0.2349755026952184 0
3509 -0.881615475957219 -0.1828106351432468 0
3510 -0.9867527868329089 -0.1029783566620639 0
3511 0.9155781813770361 -0.03930313173128714 0
3512 -0.1846890691982015 -0.8427015279941436 0
3513 0.953653002789743 -0.06898589258441623 0
3514 -0.9232213848205824 -0.1622643081673301 0
3515 -0.9157471887584384 -0.1579189133796191 0
3516 -0.9072327769704469 -0.1613978080501507 0
3517 -0.9082433163690121 -0.1514154091476657 0
3518 0.9350006846785788 -0.008502046187362179 0
3519 0.941304653236836 -0.01768241013982063 0
3520 0.9302672772587972 -0.01702564166423965 0
3521 0.9879631005525069 -0.08373997946424155 0
3522 0.9784112654133544 -0.07111346671988433 0
3523 0.985640257941365 -0.06448803071232651 0
3524 -0.9882751561474112 -0.08406449746002342 0
3525 -0.9799983167506449 -0.08836018898051687 0
3526 -0.9146235790656637 -0.1938436179344588 0
3527 -0.984272923297919 -0.1218280216648684 0
3528 0.9839818255153215 -0.1228229440895566 0
3529 0.9758989025211513 -0.1159557898726607 0
3530 0.9749633648583018 -0.126109465011822 0
3531 0.8364352950849749 -0.1942682427913631 0
3532 0.8457648457097119 -0.1914474974776627 0
3533 0.8432936355401626 -0.2009770831854528 0
3534 -0.883966766400373 -0.1363594287192327 0
3535 -0.8852893854438009 -0.1275148729781173 0
3536 -0.6669454253702518 -0.71973724844138 0
3537 0.7550654651021899 -0.6308079702571314 0
3538 0.7534412567224503 -0.6204158923903782 0
3539 0.7536992678571917 -0.6411381009038397 0
3540 0.8948236335512189 -0.07174947270075518 0
3541 -0.9395685721829703 -0.1452114768307576 0
3542 -0.9810416526925489 -0.1422634751088943 0
3543 -0.9719906261349323 -0.1461496031864514 0
3544 0.9814030654285767 -0.1421246716696672 0
3545 0.9517728628807818 -0.2378115650689199 0
3546 0.95762240468703 -0.2315564292231494 0
3547 -0.9550148688991498 -0.008504821094839379 0
3548 -0.96005193700403 -0.01655895319292221 0
3549 -0.9699485565642455 -0.0163873094376377 0
3550 -0.9495778815589926 -0.01698485248881918 0
3551 0.8596886481706406 -0.01507743539016895 0
3552 0.8677241784642341 -0.02221220403983691 0
3553 -0.974965322724644 -0.008435114073999238 0
3554 -0.9798585211508053 -0.01591208853449526 0
3555 0.8301650343811966 -0.2246982501014391 0
3556 -0.8288361957657799 -0.2231361070470745 0
3557 -0.8385866679122115 -0.2210857651708097 0
3558 -0.8404974799729463 -0.2118631367606382 0
3559 0.8338910027880169 -0.2041832418283615 0
3560 0.8410085942916465 -0.2098099445857113 0
3561 0.8233972433463395 -0.243163576374807 0
3562 0.8326252932510472 -0.2412861927875934 0
3563 0.8293600307071204 -0.2503360419080442 0
3564 -0.8224218143153977 -0.2428627642335385 0
3565 0.3517082962954539 -0.8972491502172889 0
3566 -0.09551841156337951 -0.853107939647332 0
3567 0.6721196623991548 -0.536944940467348 0
3568 -0.536041689632601 -0.6705768908099556 0
3569 -0.545477051602683 -0.6742548485439828 0
3570 -0.5525909177202353 -0.6674246629123864 0
3571 -0.5510938441837986 -0.6577410227989452 0
3572 -0.558768954338409 -0.6512362305168805 0
3573 -0.5667027064758419 -0.6552063239133057 0
3574 0.09532492711348715 -0.8533643396347755 0
3575 0.1108859529562969 -0.8618498898967818 0
3576 0.1164601648509671 -0.8513912888527245 0
3577 0.1205447919162168 -0.8613083060167678 0
3578 0.1258610686564325 -0.8532177260516296 0
3579 0.5356448981201235 -0.6705795748133473 0
3580 0.5374231787091049 -0.681016151624292 0
3581 0.5286381660002454 -0.6866491807515209 0
3582 0.5193850838740445 -0.6856009745302689 0
3583 0.7770100440374087 -0.3653438933675558 0
3584 0.7866305964810125 -0.3643050558657914 0
3585 0.7909363660898459 -0.3552006433752634 0
3586 0.782596024684315 -0.3726528173890218 0
3587 0.7933390947512146 -0.3711245849519465 0
3588 0.785351103348703 -0.3472277109187945 0
3589 0.7953824621663224 -0.3464055556136841 0
3590 0.7894665089642714 -0.3381372845060999 0
3591 0.8003539158595684 -0.3361918338543017 0
3592 0.2911223897513088 -0.807755779355453 0
3593 0.2987094964253774 -0.8137872632412112 0
3594 0.3080943798231472 -0.8107610063022427 0
3595 0.3065210682934248 -0.8204824849678989 0
3596 0.2891698649493705 -0.8169652619931267 0
3597 0.8078074219849665 -0.2909995902334875 0
3598 0.8175665763559463 -0.28961692054812 0
3599 0.8204959350270578 -0.2800216779139983 0
3600 0.8144119537413321 -0.2986216505236205 0
3601 0.8145606684610509 -0.2719488091329132 0
3602 -0.2909940637434723 -0.8075283473805041 0
3603 -0.2900763174884478 -0.8169300900337875 0
3604 0.3653302956745812 -0.7770787044826621 0
3605 -0.7763555460773258 -0.3650715843888329 0
3606 -0.7861238012814675 -0.3657770175363318 0
3607 0.5966776690121953 -0.6178299539568826 0
3608 -0.6176837535114132 -0.5964765704778424 0
3609 -0.6203613226909606 -0.6063852382424966 0
3610 -0.6270041015920502 -0.5986173377388384 0
3611 0.01519967078068862 -0.8585374237181749 0
3612 0.0199734549054038 -0.8668728987874958 0
3613 0.01063371976090701 -0.8666708044986923 0
3614 0.3193516748398171 -0.7968924211028368 0
3615 0.3263553546629384 -0.8032231300930179 0
3616 0.3357401511654962 -0.8000215108201134 0
3617 0.3379944378195719 -0.7897058321287722 0
3618 -0.7967140328139798 -0.3191750658748795 0
3619 -0.8033296912075608 -0.3274808619298384 0
3620 -0.8002095736704172 -0.3096401172275635 0
3621 -0.3381553617774739 -0.7897178052086762 0
3622 -0.3474092119793643 -0.7851123403525719 0
3623 -0.3552505479241796 -0.7911959063884062 0
3624 0.7970534152501657 -0.3192563205555385 0
3625 0.8008014996663253 -0.3099752168990703 0
3626 -0.3194497626175957 -0.7966772357217184 0
3627 -0.3276054843761759 -0.802868196357801 0
3628 -0.3100398324122371 -0.800069660556354 0
3629 0.5590919890124783 -0.6514591544207675 0
3630 0.5687067102861505 -0.6547567771216639 0
3631 0.5513807528697123 -0.6579084040086508 0
3632 0.553051350768224 -0.6684410930694392 0
3633 -0.6510093190564539 -0.5586991544912654 0
3634 -0.6551528167138775 -0.5684350014624964 0
3635 0.0651481982308742 -0.8566812910295727 0
3636 0.07579985343195057 -0.8552161168541701 0
3637 -0.2334644913586184 -0.8263242947119477 0
3638 -0.242953888752571 -0.8236022572867525 0
3639 -0.2505622177427694 -0.8303086748673165 0
3640 0.6380833326254796 -0.5742765848120481 0
3641 0.6312354657240085 -0.5820974126486715 0
3642 0.6344383417552398 -0.59133907918324 0
3643 0.4874299502596489 -0.706845661016032 0
3644 0.4891423679671085 -0.7170276067519193 0
3645 0.4960913434758923 -0.7016621235697498 0
3646 0.6515743014860076 -0.559143729249045 0
3647 0.656183301880629 -0.5692476921047326 0
3648 0.6613620450646345 -0.5611061982672021 0
3649 0.6580246353038539 -0.5516133611300664 0
3650 0.6675018625337155 -0.5536932984474201 0
3651 0.6711443509497541 -0.5630555543610641 0
3652 -0.06534267665699853 -0.8561284185855882 0
3653 -0.07528788420744534 -0.8553321545748749 0
3654 -0.07055124941247011 -0.8645500457190558 0
3655 -0.0807012368465332 -0.8654753445395317 0
3656 0.7393917712547662 -0.4364855647144193 0
3657 0.7490319688206478 -0.4364597219673638 0
3658 0.744452441908985 -0.4451092170644788 0
3659 0.7540330497226855 -0.4282278394228974 0
3660 -0.4367924690732848 -0.7393696767483364 0
3661 -0.4451891883753748 -0.7340502388133294 0
3662 -0.4403166132226101 -0.7487677870207503 0
3663 -0.7179063111848794 -0.4710943453132206 0
3664 -0.7234797539434643 -0.4627400171361475 0
3665 0.4200072052167241 -0.7491442166257849 0
3666 0.4120652572327507 -0.7557299138496522 0
3667 0.4093062090804841 -0.7656195006719339 0
3668 0.4367724287985664 -0.7392502811644635 0
3669 0.4375083989971637 -0.7489603119743882 0
3670 -0.7392452802732717 -0.4364562903878234 0
3671 -0.7493484484765682 -0.4354307595456913 0
3672 -0.7435603100353024 -0.4444399123048142 0
3673 -0.7343094032384494 -0.4446078631033331 0
3674 0.7179031531297064 -0.4704005535042655 0
3675 0.7231561257686906 -0.4619695580710471 0
3676 0.7288421881081864 -0.4709845707394085 0
3677 -0.4699682514124711 -0.7177651262204141 0
3678 -0.4615944239554342 -0.7234693090111508 0
3679 -0.4616419306894871 -0.7337515804551408 0
3680 0.1551982661685159 -0.8442545320875166 0
3681 0.1617081173603643 -0.851359591011926 0
3682 0.1710800956747803 -0.8497061661006076 0
3683 0.1453604472768278 -0.8461642017510207 0
3684 -0.5204382864309312 -0.6823599324796318 0
3685 -0.5131211455286699 -0.6904952581824945 0
3686 -0.1153653832369114 -0.8508055268173877 0
3687 -0.1116374460819431 -0.8593142217801559 0
3688 -0.1211322137998595 -0.858450111327775 0
3689 -0.1160047806636517 -0.8679531484470084 0
3690 0.7677272045790754 -0.38291078268387 0
3691 0.7635995343893962 -0.3914901489258641 0
3692 -0.3834466023241002 -0.7683008666660952 0
3693 0.3832444904743106 -0.7680425552353239 0
3694 0.3824557469708854 -0.7773431890189679 0
3695 0.3923321132588532 -0.7632546259688797 0
3696 -0.7678883508448126 -0.3834305116873749 0
3697 -0.7635658072673119 -0.3924753074764334 0
3698 -0.7688865046669728 -0.4008180016155203 0
3699 -0.7749311725708321 -0.391834351436925 0
3700 0.2720799675159393 -0.8146450551490904 0
3701 0.2625369413644828 -0.8177704254773908 0
3702 0.2597840466426562 -0.8272610401446603 0
3703 -0.8155518121466521 -0.2733999203535256 0
3704 0.1848061813538522 -0.8399672068304339 0
3705 0.2041234921820027 -0.8335473287696253 0
3706 0.4624412268998498 -0.7234728966776163 0
3707 0.7341846718603053 -0.4451871658178813 0
3708 0.7387451335115062 -0.4550587795833692 0
3709 -0.7553924972607802 -0.4108834983759316 0
3710 0.7545679288300216 -0.4105949991871947 0
3711 -0.4102228721739198 -0.7543439097356108 0
3712 -0.1252263510731765 -0.8493297158562239 0
3713 -0.1318597166219891 -0.8588182402785567 0
3714 -0.4948592415205322 -0.7014373741338169 0
3715 -0.7019057004218959 -0.4959594491620019 0
3716 -0.8363230875768886 -0.1943860046024356 0
3717 -0.8445994418957556 -0.201982361102336 0
3718 -0.8545492691751653 -0.2060121395836808 0
3719 -0.8340104792558301 -0.2043283564252429 0
3720 0.9307117633535765 -0.06540799993494199 0
3721 -0.8674433787018594 -0.1442596603610416 0
3722 -0.8610761941479013 -0.1386411972144152 0
3723 -0.9061731628053009 -0.2079521259775585 0
3724 -0.9054253037033109 -0.2176939429094213 0
3725 -0.9138132958700116 -0.2229577845194297 0
3726 -0.9113077189234124 -0.2725519184652171 0
3727 -0.884447459183184 -0.01018259779130744 0
3728 0.8853341671492303 -0.008166123482253238 0
3729 0.8578829679891562 -0.03541751446267537 0
3730 -0.8832565153649108 -0.04030022263959372 0
3731 0.9179309526888149 -0.2501613048208988 0
3732 0.6212786303874486 -0.7652330315642196 0
3733 -0.9308131504849665 -0.2237501230498304 0
3734 -0.859701918163595 -0.01516026314064902 0
3735 -0.9148272586898558 -0.008540612686027842 0
3736 -0.9050270523666166 -0.008543297720226524 0
3737 -0.9097162984653281 -0.01695031618322589 0
3738 -0.9007812696828125 -0.01663972732236919 0
3739 -0.9054575412312025 -0.02454989389049611 0
3740 -0.9146790039849676 -0.02427047551079529 0
3741 -0.8792912660647147 -0.22146336162728 0
3742 0.8814997020220042 -0.1835064245061002 0
3743 0.8820137381640107 -0.2028309049926152 0
3744 0.859276606961592 -0.2773578084607509 0
3745 -0.9302701084543071 -0.2336368496858745 0
3746 -0.6126553795533123 -0.757087576819752 0
3747 -0.6220288300817329 -0.7614048575497036 0
3748 0.258697966416196 -0.9465686174099885 0
3749 -0.9060323429607898 -0.3823806253912272 0
3750 -0.9071986810956348 -0.3727291206207269 0
3751 -0.91873782734817 -0.3689433967430268 0
3752 -0.9044114952441726 -0.3905497996293794 0
3753 -0.9087789352871773 -0.3624716048321384 0
3754 -0.9176406499320986 -0.3580329315555379 0
3755 0.905577349300328 -0.1601786051920137 0
3756 0.7496030380292844 -0.4193870383037235 0
3757 0.1743001270933608 -0.8406590229442044 0
3758 0.3098510264268514 -0.8005560104248997 0
3759 -0.9068576493508238 -0.1704654018825612 0
3760 -0.5868790335743137 -0.7508009735523287 0
3761 -0.1425152029098403 -0.8549376855880434 0
3762 -0.5692348404164993 -0.7599461415838703 0
3763 -0.5603740965902113 -0.764515141895086 0
3764 -0.6892444655294716 -0.5119852443562973 0
3765 -0.6987551604918629 -0.5125802352471731 0
3766 0.9106292969823301 -0.2751479520964468 0
3767 0.9732634096477534 -0.1911007835022423 0
3768 0.9650088948963871 -0.1858761548272475 0
3769 0.5138506103217442 -0.6945432362610192 0
3770 -0.973475966019173 -0.1901698355703498 0
3771 0.06112169124028584 -0.9601050411414281 0
3772 0.06067624920472164 -0.9501691433482434 0
3773 0.06905356131331619 -0.9448132016999742 0
3774 -0.4921577493283554 -0.7512776977847022 0
3775 -0.5010160042286167 -0.7467089383979555 0
3776 -0.9898451028968254 -0.06410313713766344 0
3777 -0.9902044949849722 -0.05453815320730335 0
3778 -0.9822175611049304 -0.05995016792576115 0
3779 -0.9770493581644316 -0.1710482582710942 0
3780 0.7110674925169406 -0.637226736371499 0
3781 0.719892860937697 -0.6418325768858978 0
3782 -0.8784133284791606 -0.1183094195280459 0
3783 -0.840539211169018 -0.4934528813952036 0
3784 -0.8488884402182229 -0.4987226857981488 0
3785 -0.8487038504536529 -0.5095658221632311 0
3786 0.8823978056600601 -0.2125583865838644 0
3787 -0.6395601485362702 -0.7331456839303008 0
3788 0.6544378853775283 -0.7244007652351808 0
3789 0.6627887405241251 -0.7289907896500124 0
3790 -0.2339113753097605 -0.9237550766896323 0
3791 -0.8154455451590322 -0.4773736548150204 0
3792 0.1732643165516932 -0.9599457089966196 0
3793 0.1734637442179013 -0.9691722994063221 0
3794 -0.8979903168701174 -0.3974165172531213 0
3795 -0.3116403823958583 -0.9223336991509987 0
3796 -0.2329704809136937 -0.9436344546660183 0
3797 -0.2326475354140837 -0.9551908493822928 0
3798 -0.2425088409991853 -0.9590763494832819 0
3799 -0.9077765803008722 -0.352218604796016 0
3800 -0.09383238476095337 -0.967047079226691 0
3801 0.6938313162866796 -0.6380170180125276 0
3802 0.8020078623872116 -0.5484935630619834 0
3803 0.8123233578174242 -0.5531526936642016 0
3804 0.8506052884688788 -0.4767170513582502 0
3805 0.8593005741171853 -0.4815929807036864 0
3806 -0.09431998449178028 -0.9571859750756136 0
3807 -0.085039585167758 -0.9716998106751576 0
3808 -0.08461906940844166 -0.9812555170454287 0
3809 -0.07524303914901792 -0.9870408309998575 0
3810 0.284062550247561 -0.930145026200925 0
3811 -0.899696843575391 -0.3368693793049256 0
3812 -0.8713005217235976 -0.3903492654169974 0
3813 -0.8629278162043256 -0.3849759002925844 0
3814 -0.7581965551002036 -0.5942580873469557 0
3815 -0.7498203374913803 -0.58889118230288 0
3816 -0.1552688007811535 -0.9450545215340393 0
3817 0.6545516988416891 -0.734350715350543 0
3818 0.2836162300388234 -0.9202322137269039 0
3819 -0.03291528656776922 -0.9793056220170764 0
3820 -0.7944961666289915 -0.5560869557671506 0
3821 -0.8027379041583118 -0.561202413568786 0
3822 -0.8116778880486069 -0.5568417113533324 0
3823 -0.8111833835413994 -0.5678371091985434 0
3824 0.6456730098552821 -0.7198160849323233 0
3825 0.8241617827691288 -0.4629241643010192 0
3826 0.7437436974023153 -0.5959444744511883 0
3827 -0.7379061517770134 -0.6429099835683283 0
3828 0.8516886067539119 -0.3024404433447307 0
3829 0.8600847558828081 -0.2971330137715789 0
3830 0.7114979374948105 -0.6471829403121161 0
3831 0.7203174053122947 -0.6517959475368991 0
3832 0.7205441238080317 -0.6614301457217757 0
3833 0.7289695463871413 -0.6564791613158942 0
3834 0.7297270892592628 -0.6674542113009447 0
3835 0.7284960554840252 -0.6464571960362858 0
3836 -0.927885778855901 -0.2931238460909979 0
3837 -0.9361795698410119 -0.298992487174885 0
3838 0.2328032750458581 -0.9424070658171232 0
3839 0.2331845584940675 -0.9541495130816752 0
3840 0.2425916707141558 -0.9573117813846381 0
3841 -0.03383806901549036 -0.9594326479967465 0
3842 -0.7033068984391782 -0.6614427464565154 0
3843 -0.7115883720797386 -0.6664951950507657 0
3844 -0.7105764816243927 -0.6761144130947925 0
3845 -0.8440855639817276 -0.2395758446372809 0
3846 -0.8524321634425853 -0.2449521732973995 0
3847 -0.7223792202649958 -0.6224761170977603 0
3848 0.8740513665428372 -0.4208679551447341 0
3849 0.8844257658109395 -0.4254590117672452 0
3850 0.8824562765211856 -0.4155544912061016 0
3851 -0.03429122398524673 -0.9494955628553815 0
3852 -0.3036914067554313 -0.907049225253021 0
3853 -0.2953042338605581 -0.9016803536381353 0
3854 0.8983602174172386 -0.3849867252284563 0
3855 0.9074604244923679 -0.390462097231978 0
3856 0.1719142748547448 -0.9302192168543019 0
3857 0.2323977163779458 -0.9324866848526647 0
3858 0.6253830986022704 -0.6510119987083188 0
3859 -0.2957755192887486 -0.8917340188207765 0
3860 0.1819629549125357 -0.9650196931362494 0
3861 0.190448031695982 -0.9592895247319539 0
3862 0.1998304083570449 -0.9643291751213244 0
3863 -0.2334453511704045 -0.9336940558943874 0
3864 -0.6400823913876108 -0.7232478183363225 0
3865 -0.2343689764608817 -0.9138151220111574 0
3866 0.9397215046476283 -0.195611899010103 0
3867 0.6333296789306684 -0.6357098549247258 0
3868 0.8652439458015981 -0.4162946932253283 0
3869 -0.7301152684092238 -0.6377414413518276 0
3870 -0.1036153774294371 -0.9426931711097036 0
3871 -0.2255246470100112 -0.9183918375905901 0
3872 -0.164568272343337 -0.930538705074637 0
3873 0.8325520368433705 -0.4575744949947968 0
3874 -0.869556956254478 -0.2457905580322657 0
3875 0.9912259635342671 -0.03483089215525907 0
3876 0.679155788400108 -0.6982636923154451 0
3877 0.7022278186289664 -0.6326553839225512 0
3878 -0.7666286575221046 -0.5997351086422504 0
3879 -0.1280498352322323 -0.9684640570432652 0
3880 -0.7568069343324263 -0.6240679334473508 0
3881 -0.5963315769223878 -0.7361929934082847 0
3882 -0.5957913924953954 -0.7461915046953318 0
3883 -0.605165043594404 -0.7316133854458504 0
3884 -0.05901646936364147 -0.9752107235602245 0
3885 0.1728024544204985 -0.9500818565049922 0
3886 0.1639659797774918 -0.9455118282523191 0
3887 -0.7586631169069049 -0.5843169181639503 0
3888 -0.7502840987448425 -0.5789528569788519 0
3889 0.7017945020034704 -0.6227030178730701 0
3890 0.2743364081149955 -0.9057150491481214 0
3891 0.05228460540196918 -0.9555257555996008 0
3892 0.05183744559836871 -0.9455916150441133 0
3893 0.06142876781500323 -0.9698668468482854 0
3894 -0.8592654817202201 -0.280161892342319 0
3895 -0.1557273332108015 -0.9351154114135479 0
3896 -0.1473434389923415 -0.9297518034626615 0
3897 -0.1478004179158682 -0.9198099937195519 0
3898 0.2231187768823014 -0.9179646677678057 0
3899 -0.7507519307712839 -0.5690074453303554 0
3900 0.726087262560305 -0.5867620923795339 0
3901 -0.864341395184972 -0.3551445863214056 0
3902 -0.3050759255213262 -0.8772166852081009 0
3903 -0.1129074569379577 -0.9281757321099531 0
3904 0.6704082933783205 -0.6938012807225737 0
3905 0.6804524605838054 -0.7079841205099964 0
3906 0.6721105570998286 -0.7153204728994578 0
3907 0.7424324495245078 -0.5661153712600463 0
3908 -0.8504163075665456 -0.284728627017635 0
3909 -0.8540854096705356 -0.3895417448711626 0
3910 -0.7938836872928574 -0.5657320225794416 0
3911 -0.7851692578022816 -0.5705509547929533 0
3912 -0.795153228352395 -0.5763131935517979 0
3913 -0.7920349252621888 -0.5852797691509609 0
3914 -0.7845906509652415 -0.5916975875041921 0
3915 0.1546860031379263 -0.9309925386840382 0
3916 -0.8354628280091567 -0.4185450695330775 0
3917 -0.4814155865379102 -0.7956621949826724 0
3918 -0.4898036256103271 -0.8010291179391724 0
3919 -0.4986286776835961 -0.7964659460475494 0
3920 -0.4990930497042148 -0.7865150486511899 0
3921 -0.5079343656849349 -0.7819384129280853 0
3922 -0.5163246277981002 -0.7873046072702322 0
3923 -0.5251468229400901 -0.7827421247327536 0
3924 0.3423594501830501 -0.8827572221403416 0
3925 -0.4637347235268885 -0.8048119442219287 0
3926 -0.4720862273351907 -0.8101978879238343 0
3927 0.4849626564111645 -0.7917383670927427 0
3928 0.4854016929239756 -0.8016857917662807 0
3929 0.4770263121231719 -0.8070348825493433 0
3930 0.4681847562693143 -0.8024473310930531 0
3931 0.4597917589941052 -0.8078022523858965 0
3932 0.460228690592964 -0.8177514876835434 0
3933 0.4518553956599208 -0.8230985597011291 0
3934 0.5017444235056239 -0.7810285236678528 0
3935 0.5021827410760905 -0.7909764870014484 0
3936 -0.5677744341245795 -0.7998049263971556 0
3937 -0.5675427484551845 -0.8116360628118795 0
3938 -0.5574268838415829 -0.8135392416218908 0
3939 -0.547809520737262 -0.8138783374609535 0
3940 -0.5417077513610773 -0.822176436696908 0
3941 -0.5055262046939694 -0.831666332785968 0
3942 -0.5139140015998971 -0.8370532543089885 0
3943 -0.523133636403244 -0.8224037297667763 0
3944 -0.5317774723304631 -0.8286630286400111 0
3945 0.4200357177359396 -0.8839766363865726 0
3946 0.1012723010175574 -0.8935556878355515 0
3947 0.4367423315418582 -0.8731710932759988 0
3948 0.7525678989277271 -0.6005367292485523 0
3949 0.7530066534164638 -0.6104579492904059 0
3950 0.7613725343382152 -0.6142972206949331 0
3951 0.7433079483071048 -0.5860000834954603 0
3952 -0.7018612568211524 -0.6804124222775078 0
3953 -0.8941643431282764 -0.2718350992399478 0
3954 -0.3930153168226369 -0.8414111643977478 0
3955 -0.4014003584810881 -0.8467785949706249 0
3956 -0.4102322620788417 -0.8422093320084466 0
3957 0.5291846836573799 -0.8146298516482642 0
3958 0.5380110961810219 -0.8192144129069581 0
3959 0.5470090144261937 -0.814263997388271 0
3960 0.5460563354789052 -0.8039941151716865 0
3961 0.5551040875045463 -0.8081967518233346 0
3962 0.5628954076849477 -0.8026054827893111 0
3963 0.5637598585371284 -0.8127543417108535 0
3964 0.562680361485122 -0.7931352256513959 0
3965 0.5715501653537174 -0.7978186733074768 0
3966 0.5711027138158951 -0.787862775532596 0
3967 0.5801910580751173 -0.7928175578295275 0
3968 0.589661436058968 -0.7860906728987969 0
3969 0.5880068702203768 -0.7768451616166702 0
3970 0.5296280348338673 -0.8245658576613381 0
3971 0.5211055824147347 -0.8295897672525994 0
3972 0.5123947673575252 -0.8252795949767799 0
3973 0.5133977248570598 -0.8361805089268312 0
3974 0.5041163118436547 -0.8308292683127749 0
3975 0.5044699184408383 -0.8406263716203297 0
3976 0.4965117098764527 -0.8480587559669905 0
3977 0.5059450204583731 -0.850481464424066 0
3978 -0.4348602026564292 -0.8682645428433549 0
3979 -0.4434935724448587 -0.8731347955315285 0
3980 -0.4518559817268262 -0.8684790833727221 0
3981 -0.4525294401419929 -0.8780212403980371 0
3982 -0.4355484104845703 -0.8792920769678222 0
3983 -0.4254798043413958 -0.8832056657805475 0
3984 -0.4171774456115722 -0.8774807457834078 0
3985 -0.4165504774499837 -0.8877087143921026 0
3986 -0.407691605032435 -0.8922121287898805 0
3987 -0.4329026152150774 -0.8902210514217443 0
3988 -0.3994913510404576 -0.8866046460261009 0
3989 -0.3984588603186826 -0.8966386210266379 0
3990 -0.397272016749019 -0.9071214178490536 0
3991 -0.3904969951968139 -0.8909986086077373 0
3992 0.1458502563500349 -0.9264096440674501 0
3993 -0.7791369085527264 -0.5155347958785382 0
3994 -0.3753348426361254 -0.8505608411058221 0
3995 -0.3837034417545505 -0.8559350636836152 0
3996 -0.7861121404818274 -0.5507319579725335 0
3997 -0.7865789322897063 -0.5407913672878195 0
3998 0.6960753259181811 -0.6869618891824031 0
3999 -0.8123885468800252 -0.5470035414510315 0
4000 -0.8207278425006139 -0.5420187116043815 0
4001 -0.8207657237387549 -0.5323574802064479 0
4002 -0.7786704646812849 -0.5254770831505188 0
4003 0.06681971904113769 -0.895102216878379 0
4004 -0.3729526078223728 -0.9001428507999926 0
4005 -0.3808411178662894 -0.9056300784594469 0
4006 0.596141284818001 -0.7715318111385835 0
4007 0.6050914654190394 -0.7763975908571406 0
4008 -0.5190415336902744 -0.7276820690139847 0
4009 -0.5274366275482512 -0.7330437698271537 0
4010 -0.5362725484809698 -0.7284695857918133 0
4011 -0.5367240472055217 -0.7185236972256767 0
4012 0.04299702760912789 -0.9410097067698091 0
4013 -0.5632637620456493 -0.7047753028953695 0
4014 0.8153404329018952 -0.4583199343881785 0
4015 -0.287395608036465 -0.8863661846938475 0
4016 -0.6870217291970084 -0.6407613560564469 0
4017 0.7783685065997626 -0.5946939524618562 0
4018 0.7865644910976047 -0.5890635115052202 0
4019 0.7782475781915619 -0.60471088681628 0
4020 0.7861280416136787 -0.5791255074513252 0
4021 0.7948426985251189 -0.5833612110029258 0
4022 0.2142853618473598 -0.9133795802242992 0
4023 -0.5721061237864009 -0.7002020561849509 0
4024 -0.830234828385902 -0.5173818093683351 0
4025 0.2398932406452061 -0.9072544868771502 0
4026 -0.6688822126990538 -0.6598456795962362 0
4027 0.8480355419731308 -0.417049283906825 0
4028 -0.8689795331725401 -0.4400557134493378 0
4029 -0.8685177807036053 -0.4500704383655127 0
4030 -0.8777922431441713 -0.4354769298877268 0
4031 -0.8782112090869078 -0.4255378640853001 0
4032 -0.8865629289001415 -0.430418068696312 0
4033 -0.877239383248219 -0.4456669603557034 0
4034 -0.8772450670144811 -0.4550761889552467 0
4035 -0.8698883457082363 -0.4201641883478344 0
4036 -0.8595721875190971 -0.454548717240095 0
4037 0.6412586461460857 -0.6203858050435003 0
4038 0.6501160161071305 -0.6249959483329388 0
4039 0.8186083288004906 -0.537505154663166 0
4040 0.8263730115221581 -0.5324543047474988 0
4041 0.8274371774830879 -0.5435135756467268 0
4042 0.8260358111566695 -0.522572358403619 0
4043 0.03236495853362438 -0.8966613314371117 0
4044 0.02397283628892893 -0.9020226744278959 0
4045 0.01512859794283284 -0.8974528515224797 0
4046 0.006739181383903806 -0.9028102614588606 0
4047 -0.002097136465248947 -0.898226089400018 0
4048 -0.08685003999828686 -0.9319668536349841 0
4049 -0.07801196878625094 -0.9365453524708294 0
4050 -0.06962935469949119 -0.9311827624407706 0
4051 -0.3463119704852788 -0.9135926908099599 0
4052 -0.3551950197364367 -0.9091156814369019 0
4053 -0.3629814202548959 -0.9142014011308996 0
4054 -0.7828766477241633 -0.4359927171525947 0
4055 0.7940466356086511 -0.5637851594834418 0
4056 0.8026722625670667 -0.5584165933352651 0
4057 0.8113079850949573 -0.5630602041597925 0
4058 0.7946705580807303 -0.5736339510735444 0
4059 -0.04357287042117065 -0.9349760799840295 0
4060 -0.0002958863447808348 -0.9379890958004189 0
4061 0.0085374535878347 -0.942569309811925 0
4062 0.01692125703051216 -0.9372086952301576 0
4063 0.3428345472267481 -0.8926855583916682 0
4064 0.3521784076608011 -0.9073165284906356 0
4065 0.3438375784511889 -0.912328948589083 0
4066 -0.650742138233274 -0.6789318119262535 0
4067 -0.03335563751469277 -0.9693240315823354 0
4068 -0.6214727016520503 -0.751879653201363 0
4069 0.8343532855200853 -0.5072836292457977 0
4070 0.8438941244529908 -0.5025585142742496 0
4071 0.8349169167332186 -0.5184741867023094 0
4072 -0.5256118418797529 -0.7727902435984715 0
4073 -0.5344494826469762 -0.7682189944409705 0
4074 -0.5427916572031923 -0.7736360527626527 0
4075 0.4430126799544943 -0.8185108707689716 0
4076 0.4346197095732277 -0.8238657060287133 0
4077 0.4350563590704761 -0.8338151794626922 0
4078 0.4266858815119429 -0.8391614401429959 0
4079 0.4178416802812112 -0.8345739912867135 0
4080 0.4094485177301247 -0.8399285389837977 0
4081 0.4098846236742284 -0.8498781972950631 0
4082 0.4014958737522176 -0.8552308233727498 0
4083 0.3926599704318139 -0.8506376990338096 0
4084 0.3842714100786163 -0.8559898708296458 0
4085 0.3847617156549266 -0.8659233796707021 0
4086 0.265501970383951 -0.9011294484165844 0
4087 0.8662648425745629 -0.4461050389765278 0
4088 0.8744604764833349 -0.4515945117799889 0
4089 -0.7512171682499622 -0.5590641321429045 0
4090 0.7587770764576157 -0.5454733782709424 0
4091 -0.7144654745501822 -0.6071661403236382 0
4092 -0.7140022672620928 -0.6171066497375017 0
4093 0.7994261271233887 -0.4888965178577361 0
4094 -0.7972856338365096 -0.4964595641107078 0
4095 -0.3311371400571094 -0.8734334186219838 0
4096 -0.2087609001983828 -0.9076601764432551 0
4097 -0.208300886913287 -0.9176027039934894 0
4098 -0.1999204547642613 -0.9122357525447852 0
4099 -0.8843856481138855 -0.2963097767818201 0
4100 0.5940371745726989 -0.7221301400753589 0
4101 0.594479408474347 -0.7320708042330299 0
4102 0.5860935045341384 -0.737423590549684 0
4103 0.6028681754797663 -0.7267172903243211 0
4104 0.6033138332884859 -0.7366549521190807 0
4105 0.6518892629754229 -0.664765741689234 0
4106 0.6602788493256351 -0.6594130341003306 0
4107 0.6691068547227756 -0.6640073535862613 0
4108 -0.6627986529523821 -0.604773674281238 0
4109 -0.2436596355513811 -0.8992989499793199 0
4110 0.01869446567845714 -0.9767150805073409 0
4111 0.02829643493084724 -0.982163170675811 0
4112 0.03628842089869774 -0.9758646451172469 0
4113 -0.3306782763756794 -0.8833746811386565 0
4114 -0.1738624954100793 -0.9160213684183982 0
4115 -0.4656195118968552 -0.7650159047041893 0
4116 0.4076428830590247 -0.8001987040781569 0
4117 -0.6326057452857814 -0.6980172240233796 0
4118 -0.6410040107247167 -0.7033827908687591 0
4119 -0.08639476770412614 -0.9419074346030005 0
4120 0.2911107333682639 -0.8950071734321094 0
4121 0.4327849270653813 -0.7841119022609797 0
4122 0.6103761896986748 -0.7014795590082934 0
4123 0.618766916445889 -0.6961252693750293 0
4124 0.6275971177035354 -0.7007142686792003 0
4125 0.6359892369197058 -0.6953592581591149 0
4126 0.6364275076077741 -0.7053020869620147 0
4127 0.635547835890008 -0.6854171614851509 0
4128 -0.593718436656784 -0.7758084112074897 0
4129 0.1202462863131811 -0.9325415039585804 0
4130 0.4620409747264156 -0.857346352796005 0
4131 0.4709302363510913 -0.8620296117298052 0
4132 0.4791006929964539 -0.8569300746567055 0
4133 0.4536457184376133 -0.8626813573162286 0
4134 0.4531421461989372 -0.8732243422433705 0
4135 0.3591041105732895 -0.872059152276404 0
4136 -0.4125873869482066 -0.7924615128193048 0
4137 0.6249348471239384 -0.6410681045612987 0
4138 -0.4391224591155812 -0.7787291935834189 0
4139 0.457955829137668 -0.7680742070673154 0
4140 0.4831418571040088 -0.7520012394577423 0
4141 -0.5544153610675351 -0.7093570195711691 0
4142 -0.5539603828237565 -0.7193107875765713 0
4143 0.1133154744877083 -0.9674364082560875 0
4144 0.1053769293445211 -0.972223314907376 0
4145 0.0961280031803496 -0.9682743757666483 0
4146 0.0876056301442151 -0.9734249995656821 0
4147 -0.8498774389711965 -0.4789485739385865 0
4148 -0.849608714879509 -0.4888797429394377 0
4149 -0.8587402614874007 -0.4833630204862395 0
4150 -0.2068917062634189 -0.9473474581122667 0
4151 -0.2063114821904145 -0.9570415280382663 0
4152 -0.1980348307679345 -0.9518756332700292 0
4153 -0.1970083637514527 -0.9624270962972117 0
4154 -0.4790339762199557 -0.8454053651340195 0
4155 -0.4782975880234782 -0.8548045775442455 0
4156 -0.4699963265976217 -0.8593520286069719 0
4157 -0.4791501185673897 -0.8651662867875038 0
4158 -0.4872309264851675 -0.8506902432417026 0
4159 -0.4878390384409382 -0.8408196575047838 0
4160 -0.4962456378014241 -0.8461967395803669 0
4161 -0.7326065632759381 -0.5880875325908044 0
4162 0.3095362154393561 -0.9238486202837004 0
4163 0.3184083904674472 -0.9292246801630644 0
4164 0.3268725949359719 -0.9225233752989799 0
4165 -0.2697177433379051 -0.8955153888132138 0
4166 -0.2780884435501317 -0.9008962963406276 0
4167 -0.3860635457456665 -0.8061896454426818 0
4168 -0.4372157476892005 -0.8185370282398529 0
4169 -0.4367522759898662 -0.828485643906685 0
4170 -0.4279231276917199 -0.8330533019196295 0
4171 -0.4460546778625077 -0.8139618313931929 0
4172 -0.454409600188265 -0.8193454634001901 0
4173 0.5083276504683677 -0.7359281680011712 0
4174 0.5335129321864257 -0.7198552282816102 0
4175 -0.007433139475283406 -0.9730114306966446 0
4176 -0.3595174245730499 -0.819925293202261 0
4177 -0.0104833747070492 -0.9035827010989039 0
4178 0.5185255527253545 -0.7703197694772774 0
4179 0.5189650473924871 -0.7802662989535913 0
4180 0.5269162865714343 -0.7649649206838662 0
4181 0.5357543399026528 -0.7695529271263943 0
4182 0.5441355494931849 -0.7642033976219935 0
4183 0.5436971496572907 -0.7542573998013036 0
4184 0.5520886053789564 -0.7489015318238772 0
4185 0.560924759454233 -0.7534892223177218 0
4186 0.5693077709271743 -0.7481377334354848 0
4187 0.5688685559587188 -0.7381929619152868 0
4188 0.5772600646895218 -0.7328369168357918 0
4189 0.5587179737051651 -0.7038023852833288 0
4190 -0.3329695476190472 -0.8336653985896826 0
4191 0.1387605807882227 -0.9615180631772531 0
4192 0.138428108514749 -0.9728062810310354 0
4193 0.1477928627114489 -0.9767842138170755 0
4194 -0.3576556367719358 -0.859710205639774 0
4195 -0.3660273137549822 -0.8650821401910732 0
4196 -0.3488156066841249 -0.8642847333285811 0
4197 -0.3483519006650652 -0.8742288125912095 0
4198 0.1886810417526984 -0.9195069996767309 0
4199 0.2071744935372423 -0.9485151282644544 0
4200 0.2076749204084342 -0.9584890640766275 0
4201 0.356943678143543 -0.8223526727248467 0
4202 0.3657682799774961 -0.8269191631554992 0
4203 0.3741542780269117 -0.8215696847160852 0
4204 0.3485403693791254 -0.827692695162475 0
4205 0.3489725059405769 -0.8376375448543276 0
4206 0.3405741194702306 -0.8429956775155226 0
4207 0.3317502946173553 -0.8384001628534868 0
4208 0.3233122728687478 -0.8437523457619045 0
4209 0.3237808746294749 -0.8537064648038277 0
4210 0.8426613816750246 -0.4918600319939078 0
4211 0.851064152683547 -0.4866415079917888 0
4212 -0.4195362913552725 -0.8276868630048717 0
4213 -0.4106934431750472 -0.8322628592833985 0
4214 0.2583834700156438 -0.9363939748104961 0
4215 -0.4524932323281788 -0.859025159445258 0
4216 -0.4614622605619124 -0.8647393706674924 0
4217 -0.4614937266381541 -0.8544818595309647 0
4218 -0.684711089126987 -0.6904610433018734 0
4219 0.6585135029631133 -0.6196407173452204 0
4220 -0.8745980867936428 -0.3207564372214385 0
4221 0.7755564633639974 -0.5347810298044618 0
4222 0.7839480825028989 -0.5294264870997765 0
4223 -0.6534933501983636 -0.6192944836397525 0
4224 -0.9182676029846981 -0.3078188581965551 0
4225 -0.9270051811282729 -0.3031210791975938 0
4226 -0.8321879039608883 -0.4880999841594256 0
4227 -0.1287277998343536 -0.9587418636432319 0
4228 -0.5851569945840728 -0.7805311938024451 0
4229 0.3775424783193371 -0.9006715688673455 0
4230 -0.8163814814313375 -0.4574950005646366 0
4231 0.4788369898088881 -0.8467843688171796 0
4232 0.4874262330973734 -0.8518701439510405 0
4233 -0.1896782215908188 -0.9465573270712971 0
4234 -0.8741269788314234 -0.3306986488838417 0
4235 -0.882971306754639 -0.3261362561274233 0
4236 0.3737110113175771 -0.8116458386904921 0
4237 -0.6591221945487833 -0.6842984978616959 0
4238 -0.8825017972159649 -0.336072002681469 0
4239 -0.2594034856909605 -0.9294335793073674 0
4240 -0.8061279540166387 -0.4918909341787062 0
4241 -0.8149718239282751 -0.4873203591064358 0
4242 -0.8070610112050954 -0.4720104066698925 0
4243 0.3065643376617481 -0.8544701762717072 0
4244 0.3167212861716933 -0.8888845730378026 0
4245 -0.8256889104177351 -0.4429895687193027 0
4246 -0.7782044561016102 -0.5354187991524508 0
4247 -0.8987158759614307 -0.366871579602096 0
4248 0.8568577741854466 -0.4216429625594857 0
4249 0.6443799703609205 -0.6900041823912928 0
4250 -0.6953966284470889 -0.6461324284062206 0
4251 0.09465247956071784 -0.9386756470712625 0
4252 -0.2627164239503925 -0.8603247725353773 0
4253 0.8316895009405244 -0.4376789968558796 0
4254 -0.3028810968107347 -0.9267429924019051 0
4255 0.7751220930577795 -0.52483141294393 0
4256 -0.7484012597135232 -0.6186425224682426 0
4257 0.83921166018879 -0.4124544610817588 0
4258 -0.1548108903807 -0.9549919915704757 0
4259 -0.163337531427949 -0.960172361704398 0
4260 0.7282449305171719 -0.6364741267824021 0
4261 0.1785117577571338 -0.8850929791068621 0
4262 -0.6804844216862707 -0.5956263681365452 0
4263 -0.8796192449419529 -0.3957177570403918 0
4264 0.1189397327964585 -0.9027178879553619 0
4265 0.7835148621458536 -0.519479034971415 0
4266 0.7830792426453084 -0.5095352048021001 0
4267 -0.03473736959709915 -0.9395543544006977 0
4268 0.8639466658712306 -0.3864850357705819 0
4269 0.8635110759154349 -0.376549021301504 0
4270 -0.02635109471076494 -0.9341919548702555 0
4271 -0.05944557400280032 -0.965514664046266 0
4272 -0.8129667289848134 -0.5270648015674073 0
4273 -0.8233442594351701 -0.492681412599708 0
4274 -0.7121918723826151 -0.6568046733663166 0
4275 0.7481964351639436 -0.5011062580800079 0
4276 0.06859171361852009 -0.9348722515216082 0
4277 0.7932055661840289 -0.543948580065628 0
4278 -0.7824048339751066 -0.4459398512745654 0
4279 0.08581448489776063 -0.9340947224078985 0
4280 -0.02545268695471541 -0.9540720639506858 0
4281 0.8819494371297624 -0.4056173505776132 0
4282 0.890225013990588 -0.4100731081425958 0
4283 0.8551243105434823 -0.3818913307536078 0
4284 0.8630755287180875 -0.3666130334249801 0
4285 0.7512621629284393 -0.5707050995276923 0
4286 -0.8633982238972423 -0.3750330848793549 0
4287 0.1118629511286462 -0.937899313147065 0
4288 0.7645493971811728 -0.4804594870121843 0
4289 -0.1641153134001989 -0.940477575258603 0
4290 0.8178252864906839 -0.5179642736409824 0
4291 0.7349161569900963 -0.5913528521710599 0
4292 -0.7353901765134554 -0.5284332115980352 0
4293 0.8082523947756238 -0.4934908208245147 0
4294 -0.09477956482316725 -0.9472658590428474 0
4295 0.4872778676864253 -0.8418350261797248 0
4296 0.7773039147041932 -0.5745355162778832 0
4297 0.0001531776803888783 -0.9479296414949491 0
4298 -0.6986321525044464 -0.576538801276215 0
4299 -0.8885204493799692 -0.3911406309469156 0
4300 -0.7051611096370319 -0.6216783610992148 0
4301 0.03414740416027716 -0.9364288561485705 0
4302 0.7446183036673668 -0.6158217881251502 0
4303 0.8073828245040767 -0.473610397129187 0
4304 -0.8438381992252464 -0.4239189278439224 0
4305 0.1714602060972835 -0.9202788275962488 0
4306 -0.112453493612294 -0.9381161235232653 0
4307 -0.7218858631352667 -0.6324091854726096 0
4308 0.7927757152412487 -0.5340118034218093 0
4309 -0.1734074381030521 -0.9259621424077746 0
4310 -0.8602253308611388 -0.2602802645942602 0
4311 0.2208941695726009 -0.868250108574568 0
4312 -0.6312217755269653 -0.7278240684818473 0
4313 -0.8727167389967462 -0.3605190791760844 0
4314 -0.6772572387754129 -0.6652181507969012 0
4315 -0.6237665779881458 -0.7025905053208029 0
4316 0.2403422996742848 -0.9171946070234179 0
4317 -0.2348224040894362 -0.9038740527585208 0
4318 -0.315293306160076 -0.8428094107547272 0
4319 -0.3209227559051537 -0.9078187162346559 0
4320 0.5754906266002781 -0.6930708958255023 0
4321 0.6607170185361143 -0.6693582374284606 0
4322 -0.2278060614687508 -0.8686787641685055 0
4323 0.755058189314887 -0.4562244264145192 0
4324 -0.06917166173267549 -0.9411235890729565 0
4325 0.3153939870219269 -0.8590616512921685 0
4326 0.6368606327884815 -0.71524579350396 0
4327 -0.3046199973593621 -0.8871577476438381 0
4328 -0.8342661042358046 -0.2642326868845655 0
4329 0.6192063479024101 -0.7060684955740009 0
4330 0.01736926753678592 -0.9471496410746125 0
4331 0.8282344367236494 -0.3581750509624855 0
4332 -0.8839149374064248 -0.3062487804326782 0
4333 0.8509037551869035 -0.2826185621283501 0
4334 0.8476014245410068 -0.4071094859865177 0
4335 -0.8000880047322345 -0.4368069361812923 0
4336 0.6205200100328986 -0.7358745944355674 0
4337 0.2319522004652461 -0.922548760245488 0
4338 -0.7172402313801858 -0.547515677476891 0
4339 0.0933049245777663 -0.9088583114082428 0
4340 -0.7530758290141077 -0.5192984315006377 0
4341 0.8321220396339198 -0.4476219508361126 0
4342 0.6770577175802434 -0.6487156030461245 0
4343 0.1105348861664618 -0.908079675889254 0
4344 -0.2692503684038847 -0.9054719960832749 0
4345 0.6779322835195317 -0.6685992591437379 0
4346 -0.3148331218201585 -0.8527550867578318 0
4347 -0.1994627130379944 -0.9221766806191561 0
4348 0.5843222466972824 -0.6976555750982001 0
4349 0.7804623127863535 -0.4498808797901132 0
4350 -0.5814029837630195 -0.6856979156305558 0
4351 -0.7726212514428132 -0.4703948145377819 0
4352 0.2659454108896532 -0.9110698140022611 0
4353 -0.312078641364549 -0.9123982224475748 0
4354 0.3070045496687471 -0.8644136896895493 0
4355 0.2147295289049251 -0.9233201546773322 0
4356 -0.7693633119823745 -0.5399868560968553 0
4357 -0.05376540348815008 -0.9005679405378412 0
4358 0.751699242126926 -0.580646725638003 0
4359 -0.2185118609204224 -0.8831988627724712 0
4360 -0.7228424700452445 -0.6125353665306639 0
4361 -0.09704727860032966 -0.8975607688055522 0
4362 -0.6083784710591422 -0.6620305246616737 0
4363 0.658956454835109 -0.629583823827166 0
4364 -0.8299003661854557 -0.3535175736192356 0
4365 0.1462967864650749 -0.9363498601882352 0
4366 -0.07755615644945016 -0.9464847949891355 0
4367 0.791906577190725 -0.5141278821100782 0
4368 0.2995004345474032 -0.8896504566878416 0
4369 -0.759593554258321 -0.5644356594702958 0
4370 -0.8317788131195307 -0.3137478519512061 0
4371 -0.6949313973439561 -0.656075866914168 0
4372 -0.1836118950742627 -0.8915607771500214 0
4373 -0.774200240180124 -0.4097008305980989 0
4374 -0.7279406481698067 -0.5031623085935487 0
4375 0.6850088081623579 -0.6334118153941697 0
4376 -0.8005603489893943 -0.4268558849090506 0
4377 0.700035030927279 -0.582931074538377 0
4378 -0.8056606369928636 -0.5018321284121369 0
4379 -0.7875129873176017 -0.5209071894154775 0
4380 0.8047776079984177 -0.4139551880702197 0
4381 -0.7716906330823647 -0.4902783037802242 0
4382 -0.1031611294330584 -0.9526214644706529 0
4383 -0.848062521640544 -0.3344471090300329 0
4384 0.9054057318358635 -0.3498365352218398 0
4385 0.9159319016770966 -0.3540442992944124 0
4386 0.9143201007410133 -0.3645719449397271 0
4387 0.07788756478725753 -0.9493924758162193 0
4388 -0.1226533424269597 -0.9037138975961089 0
4389 -0.9001820694650924 -0.326932859692993 0
4390 -0.8335999449603669 -0.4582953762290985 0
4391 -0.7437684692331558 -0.5338086186109002 0
4392 0.8405131806595968 -0.4422726758734395 0
4393 -0.8289618975799309 -0.3734017374219758 0
4394 0.5918276044809407 -0.6724147933770355 0
4395 -0.8834434356584332 -0.3161895735170292 0
4396 -0.07937261878854918 -0.9067178399810041 0
4397 0.1206948639999361 -0.9424811728824294 0
4398 -0.04312329015676739 -0.9449166426610898 0
4399 -0.2892366224423842 -0.8466063413152565 0
4400 0.8798387723159019 -0.3559301882498165 0
4401 -0.7409821745897346 -0.593459287432603 0
4402 -0.8433727981172283 -0.4338564026127592 0
4403 0.76760407148764 -0.5500669355741882 0
4404 -0.7070111270512686 -0.5819126998353139 0
4405 0.1533459058821292 -0.9011674717617484 0
4406 -0.6795650549707312 -0.6155100867248245 0
4407 -0.0360917638753179 -0.9097277774589578 0
4408 0.1891280965613902 -0.9294470890847554 0
4409 -0.8722448062980439 -0.3704609627591968 0
4410 0.1961763340171604 -0.8942668363217431 0
4411 -0.6614233166506802 -0.6345942843597652 0
4412 0.8136043139169639 -0.4185507186857834 0
4413 0.2473948718141059 -0.8820132375729657 0
4414 0.2217852949801036 -0.8881384734971399 0
4415 0.7879925844140205 -0.4246429727608543 0
4416 -0.6860943611533761 -0.6606466820023291 0
4417 -0.643282366402119 -0.6536799485508362 0
4418 0.7570283069540131 -0.5056986953810834 0
4419 -0.7907767949285389 -0.4513174774734411 0
4420 -0.7549330093143182 -0.4795257055361194 0
4421 0.8295225589356591 -0.3879827779463615 0
4422 0.6863199710047994 -0.6632504168758392 0
4423 -0.6251438493747079 -0.6727677098951621 0
4424 -0.598166837523231 -0.6964287088989403 0
4425 0.2730044556113508 -0.8758906903087408 0
4426 -0.8927606464011104 -0.3016838642614458 0
4427 0.3171652052938371 -0.8988239742004224 0
4428 -0.2432056401190711 -0.9092397205479955 0
4429 -0.571191602884683 -0.7200943197278598 0
4430 -0.2534125219263089 -0.8748381877953566 0
4431 -0.8583202705453267 -0.3000577046441658 0
4432 0.1789552025882515 -0.895036883461195 0
4433 0.5989997573618092 -0.6374229751935473 0
4434 -0.6888660558370866 -0.600996227468105 0
4435 -0.5599374590107361 -0.774461021704982 0
4436 0.6151129331990295 -0.616321239262368 0
4437 0.6752998124731603 -0.6089318697779034 0
4438 0.9058693312503259 -0.3693971581443001 0
4439 0.2831772838590311 -0.9102980493068948 0
4440 -0.1575511910323396 -0.8953474036568376 0
4441 -0.7256202876837372 -0.5528887645636535 0
4442 -0.819178881617965 -0.3978513886191274 0
4443 0.7163797611080731 -0.5622832369003803 0
4444 0.7892929818437636 -0.4544736492566013 0
4445 0.7327257611015072 -0.5416368670941347 0
4446 -0.8382767744001456 -0.358895387364115 0
4447 -0.7809994433587349 -0.4757694123631325 0
4448 -0.0965938811414757 -0.9075045065929684 0
4449 -0.05331330091521973 -0.9105119240936852 0
4450 0.7490737805479954 -0.5209930280849846 0
4451 0.1440729884987841 -0.8866409295344645 0
4452 0.7733784839259443 -0.4850558974880353 0
4453 0.7097460306836898 -0.6074056261885105 0
4454 0.8184891406961299 -0.3338464596852773 0
4455 0.7053342229640553 -0.5079772937021381 0
4456 0.8785420160239221 -0.3261509163476225 0
4457 0.886911927899048 -0.3208128861338261 0
4458 -0.3075021550729495 -0.818179072381585 0
4459 0.5073878725577764 -0.7046015432422169 0
4460 0.8056452591878234 -0.4338374664918307 0
4461 -0.1389613167538393 -0.9243865186401867 0
4462 0.8166418560133675 -0.4881459092565613 0
4463 0.6121377108347998 -0.7412279814509122 0
4464 -0.3390546399960924 -0.888741886239274 0
4465 -0.7579472805834181 -0.4303300679368925 0
4466 -0.7098589280291632 -0.5228280438642452 0
4467 -0.02019548101058308 -0.879254936721064 0
4468 0.8370534893732798 -0.3627707910663011 0
4469 0.8710249546282707 -0.3513399822323122 0
4470 -0.06425183077707779 -0.8744675370196464 0
4471 -0.6728991790052365 -0.5703551637833928 0
4472 0.6006604169630451 -0.6770062677803598 0
4473 -0.7947659556766447 -0.3717098491651206 0
4474 -0.2887702053763553 -0.856537891384224 0
4475 0.160032255745913 -0.8664072920794457 0
4476 0.718576896839401 -0.6119959957186032 0
4477 0.5741606510995194 -0.6632246703057466 0
4478 0.738420480014614 -0.4763259027057599 0
4479 -0.5115611165569414 -0.7024180022584828 0
4480 0.3558759992063053 -0.7917031122319963 0
4481 -0.1385059740179462 -0.934327464670492 0
4482 -0.1070383746765734 -0.8736038886403993 0
4483 -0.8134352393543178 -0.3328130968115839 0
4484 -0.8132347894898064 -0.3228385772142031 0
4485 -0.6192586510363352 -0.6175710937663462 0
4486 -0.5293875374936529 -0.6935425240748665 0
4487 -0.8247852597838625 -0.2884432830581796 0
4488 -0.6092975798433833 -0.6421403170996787 0
4489 -0.8536158276316265 -0.3994783631402945 0
4490 0.6567788723819452 -0.5799126088218929 0
4491 0.2288654985565158 -0.8433091218421948 0
4492 0.04875360447285293 -0.8760935935096976 0
4493 0.2883597539225529 -0.8355471363053457 0
4494 0.08310271506166719 -0.8745586456794698 0
4495 0.6815743159029145 -0.5528986833267446 0
4496 -0.0100329725668183 -0.9135255655537495 0
4497 -0.8452421249608655 -0.3941011934350589 0
4498 -0.3236736868269763 -0.8481798991666567 0
4499 -0.2376943447523779 -0.8441299786939186 0
4500 0.5759310163489122 -0.7030106836770822 0
4501 0.008985334864635998 -0.9525087980376244 0
4502 0.8441557308856211 -0.3276467493359553 0
4503 -0.6553398929566687 -0.5795403219041395 0
4504 -0.6649556250001614 -0.5647596560756077 0
4505 -0.716316711931561 -0.56740011801367 0
4506 -0.2273509115278599 -0.8786230004745765 0
4507 0.7221810233635014 -0.4880481608057877 0
4508 -0.1938153513769035 -0.8571520852681501 0
4509 -0.1924505416636049 -0.8869840387667998 0
4510 0.1419878707789211 -0.8562024328331495 0
4511 -0.8913444760780896 -0.3315002688763793 0
4512 0.9143631021323693 -0.3440395098366576 0
4513 -0.6353631052555302 -0.6383631837312542 0
4514 -0.6056291841047088 -0.7216763780128371 0
4515 -0.7535400657463411 -0.5093562270703939 0
4516 0.8604981876401561 -0.3070507408266847 0
4517 -0.8019575273620809 -0.3970397988951523 0
4518 0.9904640997130265 -0.05560735424118135 0
4519 0.781337864275065 -0.4697632235707783 0
4520 0.07608305379834991 -0.9096333952604044 0
4521 0.291563337440034 -0.9049442255585258 0
4522 0.05885947724536815 -0.910410057940179 0
4523 -0.2538719079874144 -0.86489440924689 0
4524 0.8012821904932197 -0.3545831460922717 0
4525 -0.339515034483471 -0.878801453296794 0
4526 0.6664660033667101 -0.604340410020737 0
4527 0.7066724874770303 -0.5377983733282884 0
4528 0.6916429916553017 -0.5882834470691097 0
4529 0.1635267745734967 -0.935574000616459 0
4530 -0.8499439613511061 -0.2946768790980855 0
4531 -0.1580082781655899 -0.8854059590294103 0
4532 0.3083348872209786 -0.8942372282300013 0
4533 -0.8485330643692306 -0.3245045515727569 0
4534 -0.2864522554435525 -0.9062871291780313 0
4535 -0.1314917527879831 -0.8991362044738391 0
4536 0.04163635844978038 -0.9111877961634023 0
4537 -0.644203771680715 -0.6337967152061292 0
4538 0.1802959110662616 -0.9248628495020874 0
4539 -0.7414456726702656 -0.5835199276332892 0
4540 0.04933488669290699 -0.8651926791436872 0
4541 0.8413853620490115 -0.4621434063268237 0
4542 0.007188917206747469 -0.9127468164343597 0
4543 0.02441329764905081 -0.9119662332950655 0
4544 0.2633334613221192 -0.8514930123467366 0
4545 0.701355373377176 -0.6127588090571919 0
4546 -0.6586789497228283 -0.6942402141807724 0
4547 0.1529003223602285 -0.8912240383721526 0
4548 0.807817018752629 -0.483550799155339 0
4549 -0.1756786696664847 -0.8762487458941991 0
4550 0.2213407101413151 -0.8781949669799273 0
4551 0.2469514601727934 -0.8720697234464666 0
4552 -0.6349016638742057 -0.6483102008821298 0
4553 -0.8993040983172367 -0.3468241634729111 0
4554 -0.7419101795154939 -0.5735777617590094 0
4555 -0.5893275663436087 -0.7010025601495123 0
4556 0.1034822331290096 -0.9432567682084187 0
4557 -0.8108014305041247 -0.3924746026441809 0
4558 -0.616304276248699 -0.6773409571310621 0
4559 0.7238963619105352 -0.5370443564186587 0
4560 0.281393771308811 -0.8705349272495871 0
4561 0.7075485431265296 -0.5576901417074308 0
4562 0.8418059843699383 -0.4720941437480665 0
4563 0.6448192574520273 -0.6999455422961508 0
4564 -0.8294313651577405 -0.3634593507636955 0
4565 -0.7721560002181491 -0.4803363386757066 0
4566 -0.08821039622382593 -0.9021393770381287 0
4567 -0.04492880370348645 -0.905147978622608 0
4568 0.7123523555501349 -0.6670821444696861 0
4569 0.7671671168273289 -0.5401254105113945 0
4570 -0.2869288089583218 -0.8963174589491129 0
4571 -0.5967877331464717 -0.7262511242464431 0
4572 -0.6498343537851642 -0.6988070511593677 0
4573 -0.3241330085310126 -0.8382338440030851 0
4574 0.5671060257415181 -0.6984398889730381 0
4575 -0.7442335068822459 -0.5238655675775611 0
4576 -0.791246260604152 -0.441373035580565 0
4577 0.6580805864235849 -0.6097025773776604 0
4578 0.7486361252220922 -0.5110503067693841 0
4579 -0.7074746599866002 -0.5719685072895109 0
4580 0.08187892540785525 -0.8638340260157461 0
4581 0.6037462555155173 -0.746567177487609 0
4582 0.1873447031825272 -0.8896809972075773 0
4583 0.8052114170715126 -0.4238959568228943 0
4584 -0.6800254287221004 -0.6055689857157042 0
4585 -0.8685860174925369 -0.2656652870668006 0
4586 0.821131699954561 -0.3933267392844707 0
4587 0.7729440137233974 -0.4751098872339444 0
4588 0.2465081063095394 -0.8621251322792426 0
4589 -0.1840654879402646 -0.8816164678238243 0
4590 -0.271093880028927 -0.8656881544965215 0
4591 -0.216682091679112 -0.9229671041240386 0
4592 0.8260926693523822 -0.3085173856275223 0
4593 0.02619851116515468 -0.9517302189522031 0
4594 -0.86811158220492 -0.2756052680791693 0
4595 -0.3567264563079405 -0.8795971823202609 0
4596 -0.6825867780638415 -0.5455185452247182 0
4597 -0.8950822114786418 -0.2519292074194155 0
4598 0.7071100433160163 -0.5477439444128386 0
4599 0.9027358253512598 -0.2903497205161869 0
4600 0.9221626757569765 -0.3292287865298756 0
4601 0.930462260464209 -0.3230822931007001 0
4602 0.9233887883629615 -0.3387708047777507 0
4603 0.8714574293063087 -0.361270051607375 0
4604 -0.6079218373570976 -0.6719721978259344 0
4605 0.2809512704677032 -0.8605910885150656 0
4606 -0.580945029449604 -0.6956348918794395 0
4607 -0.001647146794405556 -0.9081662397033036 0
4608 -0.8401569809712237 -0.3191259281429518 0
4609 0.6828391854901642 -0.5837348657547428 0
4610 -0.1319552284059163 -0.889210124553858 0
4611 0.812331060704684 -0.3887702477180467 0
4612 0.5949271769070245 -0.7420029224733415 0
4613 -0.8345302051446982 -0.4384226095199524 0
4614 0.8529696073401575 -0.332233248691852 0
4615 0.1030309007691696 -0.9333166637746853 0
4616 0.3242244679123421 -0.8636499558888642 0
4617 -0.2189670053790307 -0.8732555025834445 0
4618 -0.8545550836860503 -0.3795975597178992 0
4619 -0.7446982115046952 -0.5139234457526202 0
4620 -0.3413503183563856 -0.8390284139498123 0
4621 0.2125072031031007 -0.8736089443924482 0
4622 -0.2715572427082157 -0.855747735884322 0
4623 0.5591538221686905 -0.7137288733274857 0
4624 0.7402424922504672 -0.5164008937200858 0
4625 -0.6405598609424181 -0.7133209093792525 0
4626 0.1957334059635178 -0.8843230018171515 0
4627 -0.6711834366233611 -0.6101416661036033 0
4628 -0.3571900056176745 -0.8696549434764554 0
4629 0.8157730779618786 -0.4682652063061522 0
4630 0.2721246771305164 -0.8560153697640996 0
4631 -0.7637769428943457 -0.4749606496675781 0
4632 -0.572582718564686 -0.6902701163943751 0
4633 -0.04537983566704012 -0.8952037587705411 0
4634 -0.08866267747901796 -0.892195289548589 0
4635 -0.8210540619134569 -0.3580822070394434 0
4636 -0.1236778430545819 -0.8839420600380257 0
4637 -0.5995429649179144 -0.6666067014634305 0
4638 0.6823732384445848 -0.5737483098414445 0
4639 -0.8312576648989248 -0.3236866200818597 0
4640 0.8718917783506237 -0.3712055437962242 0
4641 -0.166846109993338 -0.8808292268687637 0
4642 0.8119032150300374 -0.3788368794677396 0
4643 0.02575639772927058 -0.941789062401476 0
4644 0.8864659850666828 -0.3108974285672646 0
4645 0.7314069206115403 -0.5118073023534793 0
4646 -0.3501924281078222 -0.8344500016922518 0
4647 0.1952929538499226 -0.8743804782492136 0
4648 -0.7167801154476574 -0.5574576227494595 0
4649 0.3326146059997495 -0.8582952417687435 0
4650 0.5507587957891167 -0.7190812022962065 0
4651 0.8684658446928017 -0.2918292552387916 0
4652 0.8807091121582659 -0.3757953064659319 0
4653 -0.2105836167937603 -0.8678868414496528 0
4654 -0.03699501851647174 -0.8898395478986811 0
4655 0.796383618745242 -0.4192991606789027 0
4656 -0.809403311109853 -0.4222994286016474 0
4657 0.6505650261631486 -0.6349395984063602 0
4658 -0.08029735190488652 -0.8868652919313096 0
4659 0.7809035534834103 -0.4598207783430426 0
4660 -0.8122309736866955 -0.3626470847625264 0
4661 -0.7554106313600828 -0.4695888510983813 0
4662 -0.9377060212391084 -0.258747650575241 0
4663 0.8760210109521591 -0.2667726353377476 0
4664 0.8895202360557019 -0.3803899373416686 0
4665 -0.6623389014329755 -0.6147164303283005 0
4666 -0.3506312772370789 -0.8244659234723608 0
4667 -0.3743990893023478 -0.8704523408739556 0
4668 0.920732300879203 -0.3093934038987827 0
4669 0.577708909463761 -0.742773142987545 0
4670 0.541920019645352 -0.7145000995758823 0
4671 -0.2803992696406429 -0.8511812538367632 0
4672 -0.4152545270088038 -0.8989551375643512 0
4673 0.7230192431161415 -0.5171596162529027 0
4674 0.6774947583832776 -0.6586573472115377 0
4675 0.9385672777605318 -0.2886509447257746 0
4676 -0.736319579193459 -0.5085462564190754 0
4677 -0.7560331879311726 -0.4596678660316241 0
4678 -0.6000075088349162 -0.6566612583797753 0
4679 0.5865425116310284 -0.7473548394798921 0
4680 -0.8252228935361453 -0.452926824600961 0
4681 0.7150616375978014 -0.5324501047287351 0
4682 -0.8227276978942939 -0.3183030364961678 0
4683 0.01557779505574352 -0.9073873752686195 0
4684 -0.211036471166358 -0.8579524747706048 0
4685 -0.03744557137487689 -0.8799430112429614 0
4686 0.6417201666795427 -0.6303483477958691 0
4687 0.7875607792173114 -0.4147009294862857 0
4688 -0.08078556826783062 -0.8768185182815149 0
4689 -0.8040239093076935 -0.3572882614156776 0
4690 -0.8627649823351965 -0.2108543818820477 0
4691 -0.3748660497045909 -0.8605081004912509 0
4692 -0.9196622783449582 -0.2778695880187727 0
4693 -0.7367842154680342 -0.4986063615039802 0
4694 -0.7083993780594081 -0.552082678938456 0
4695 0.07743164434714972 -0.9394531559567514 0
4696 -0.8010249833303025 -0.4169172929715259 0
4697 0.2549044441280244 -0.8567821747797165 0
4698 0.3321767843880498 -0.8483513719212864 0
4699 -0.9025246728678897 -0.2772028286966562 0
4700 0.7720719207867384 -0.4552228826772924 0
4701 -0.3678860354976285 -0.8252885996994979 0
4702 0.5339710090981491 -0.7297911462963184 0
4703 0.5697764537201031 -0.7580650023458197 0
4704 0.9294807037335819 -0.3136503051194244 0
4705 -0.600482921629122 -0.6467228075192858 0
4706 -0.7000161865201313 -0.5467114505562629 0
4707 -0.02911828780714017 -0.8749352569565506 0
4708 -0.8014919655625505 -0.4069777213459634 0
4709 -0.2810558340082233 -0.831143044455299 0
4710 -0.2026506267523644 -0.8526146074152662 0
4711 0.7871329418651662 -0.4047637219980845 0
4712 0.2036809647125917 -0.8690271179271756 0
4713 0.6854443946433195 -0.6433639334259983 0
4714 -0.5628049433237337 -0.7147273351427913 0
4715 0.6337807128433177 -0.6456520275851431 0
4716 0.9110934057696902 -0.2850262346954561 0
4717 0.8445837889457488 -0.3375740479455181 0
4718 -0.3767275142414444 -0.8207082099466034 0
4719 0.5613906390973766 -0.7634174645124808 0
4720 0.5255857810482636 -0.735145557426272 0
4721 -0.6530431004852819 -0.6292299683439726 0
4722 -0.7284211626566846 -0.4932012682529644 0
4723 -0.1673019073273618 -0.870886135252769 0
4724 -0.3920723162128191 -0.8613072231349823 0
4725 0.7633965423203957 -0.4506511933680307 0
4726 0.8030527277158451 -0.3748710789741545 0
4727 -0.6911335492838117 -0.5512038829804169 0
4728 0.3493988102412685 -0.8475873830667383 0
4729 -0.8159165847818987 -0.4674327593413807 0
4730 0.8939448117418333 -0.2857804380405921 0
4731 -0.3772458162049364 -0.8107070411512813 0
4732 0.5167420549285425 -0.7305800752659868 0
4733 0.03280523633264916 -0.9066047013797498 0
4734 0.4443890814071084 -0.8780233115618377 0
4735 -0.3925428773666529 -0.8513537663382492 0
4736 0.06021788754566549 -0.9402330104655158 0
4737 -0.7288876203215926 -0.4832829932981284 0
4738 -0.1677805234974867 -0.8609873122029478 0
4739 -0.6009217005363896 -0.6367712040270465 0
4740 0.3577886423415533 -0.8422342472933222 0
4741 0.05137882900721284 -0.9356507903760776 0
4742 -0.1939092542358961 -0.8472663867841697 0
4743 0.2548745588533923 -0.8362049109883851 0
4744 0.5525395659597484 -0.7588339960481724 0
4745 0.8450171153759762 -0.3475017419802455 0
4746 0.8984831150709859 -0.1928300273903143 0
4747 -0.8799112482465836 -0.2116358122689089 0
4748 0.6258312034347984 -0.6609496199066633 0
4749 0.9366356516457189 -0.2789158411217135 0
4750 -0.3943997275116153 -0.8115940159403855 0
4751 0.5087935848571994 -0.7458593212540464 0
4752 -0.5535079976187226 -0.729248501422761 0
4753 -0.5048935731343177 -0.8418061784882115 0
4754 -0.280828571652001 -0.8412370821773921 0
4755 0.7785630654607391 -0.4005734809659345 0
4756 0.9101513173932605 -0.2652973320029007 0
4757 0.8835443942300956 -0.241836537041144 0
4758 -0.4097455038742496 -0.8521693650063998 0
4759 0.05003066732789064 -0.9058260600680417 0
4760 0.5446190583705353 -0.7741262015217535 0
4761 0.6174359046278626 -0.6663025619765841 0
4762 0.3573541973478887 -0.8322797210162609 0
4763 0.2546564022977151 -0.8468039966974473 0
4764 0.7146181151042705 -0.5225082699731542 0
4765 -0.9122036275198944 -0.2526724902512584 0
4766 -0.9464865463833757 -0.2542157497027271 0
4767 -0.4032439877295481 -0.8070140012041095 0
4768 0.5004061064371402 -0.7512132142371364 0
4769 0.5362315069143372 -0.7794770191678307 0
4770 -0.5451170582554304 -0.7238859329627425 0
4771 0.6085963229891159 -0.6617200677737101 0
4772 -0.4185781782224209 -0.8476002513849427 0
4773 -0.403724585815494 -0.7970421790718246 0
4774 0.2032331224396344 -0.8590729892048004 0
4775 0.4915469264255782 -0.7466257493345311 0
4776 0.8573412458200146 -0.2184403598680983 0
4777 0.5273666552000643 -0.7748935280475867 0
4778 0.3745713062919258 -0.8315305749073643 0
4779 -0.7931583032196899 -0.4016021094274905 0
4780 0.2027878451082101 -0.8491234719677085 0
4781 -0.4190572531115559 -0.8376317592985092 0
4782 -0.4209336162647494 -0.7978576530323703 0
4783 0.06725517024263311 -0.9050476677554755 0
4784 0.4836159952266808 -0.7619286346066818 0
4785 -0.7847342839481057 -0.3962191414902154 0
4786 0.5194645093080819 -0.7901840420011066 0
4787 0.3829602000749305 -0.8261772416476576 0
4788 0.6002105111316376 -0.6670704590097657 0
4789 0.5105865525476089 -0.7856005038116293 0
4790 0.895262669080404 -0.3154786351832719 0
4791 -0.429771374741172 -0.7932857223549792 0
4792 0.4752298759553232 -0.7672819469958259 0
4793 -0.5358349414742763 -0.738402644122275 0
4794 0.3825252709418539 -0.8162402502690993 0
4795 -0.8955311451097347 -0.2420208496580052 0
4796 -0.4362525317473585 -0.8384589648021185 0
4797 -0.4302530306125758 -0.783306028891663 0
4798 0.4663490646943806 -0.7627102401610255 0
4799 -0.6446604909725527 -0.6238639540788856 0
4800 0.8366299964972282 -0.352845614012689 0
4801 0.5026925482216373 -0.8008907540882313 0
4802 -0.5269916024233283 -0.7429744869098558 0
4803 -0.4450872540432306 -0.833885711473173 0
4804 -0.6363179645867005 -0.6185622774238786 0
4805 -0.4474555146485306 -0.7841382476625678 0
4806 0.4938054820899956 -0.7963077994850557 0
4807 0.4584400001167204 -0.7779977073024313 0
4808 -0.4455747522424662 -0.8239154872182803 0
4809 0.08448052728207281 -0.9042707120117428 0
4810 -0.6278897746678919 -0.613114892060035 0
4811 -0.4562956652592539 -0.7795621012855626 0
4812 -0.5186172260149493 -0.7376185327522942 0
4813 0.7057768451928468 -0.5179254949166631 0
4814 0.450063218189898 -0.7833506294932873 0
4815 0.4859238453538987 -0.8115986921981431 0
4816 -0.4567818969219506 -0.769590254147437 0
4817 0.9013756596396647 -0.2607470983038548 0
4818 0.4411299637553056 -0.7787615050881375 0
4819 -0.4627660101694633 -0.8247252693657329 0
4820 0.4775374026319487 -0.8169497558763019 0
4821 0.7542340669180287 -0.4453493894543704 0
4822 0.1017061851381927 -0.9034958403975808 0
4823 -0.4739752642265239 -0.7704148416621673 0
4824 -0.4632492980803389 -0.8147712646746289 0
4825 0.4332810681275261 -0.7940548208274838 0
4826 0.4686389121575929 -0.8123687527783067 0
4827 -0.4828177760275225 -0.7658369471951356 0
4828 0.4248756473126009 -0.799407133555506 0
4829 0.8957004618985113 -0.3253990841409201 0
4830 -0.8612372626386571 -0.2404160106334598 0
4831 -0.4804394706366857 -0.815579743992855 0
4832 -0.4833000591197521 -0.7558140733144121 0
4833 0.8278157770976524 -0.3482489232650841 0
4834 0.41602356293312 -0.7947979153607575 0
4835 0.4607667993919757 -0.8276589961620414 0
4836 0.4523799824687451 -0.8330092643664422 0
4837 -0.4809293414137771 -0.8056043831520998 0
4838 -0.5005043690454372 -0.7566864591477063 0
4839 0.4081066149380941 -0.8101302587692067 0
4840 0.4434663699217506 -0.8284290554453059 0
4841 -0.5093435778298103 -0.7521206716097628 0
4842 0.1277530594096155 -0.9073021287943039 0
4843 -0.4981063352292292 -0.8064583454852419 0
4844 0.3997219165937087 -0.8154894970142537 0
4845 0.1273175649035806 -0.8973666137185858 0
4846 0.9174463433662985 -0.240340888148954 0
4847 0.5913757614284973 -0.6624908598991421 0
4848 0.1356967613847954 -0.8920034860877362 0
4849 0.8961331690634899 -0.3353263829779486 0
4850 -0.5069402825891142 -0.8018849339074781 0
4851 0.4356101387663706 -0.8437183005867362 0
4852 0.4272234397472252 -0.849068172312325 0
4853 0.8189968226317855 -0.3436489894571746 0
4854 0.5828868193752488 -0.6582607908191882 0
4855 0.4182964326687751 -0.8444892608771204 0
4856 -0.5074436069893072 -0.7918818881726172 0
4857 -0.09319533303056356 -0.9763210277133063 0
4858 0.8910361956249321 -0.2171347937050506 0
4859 0.9051234952298263 -0.3398426669656829 0
4860 0.4104385234489162 -0.8597785113769476 0
4861 0.4020186260948349 -0.8651272223292877 0
4862 -0.5246116690709355 -0.7927451678557422 0
4863 -0.9565513455306677 -0.2204613246865864 0
4864 -0.9671975212149508 -0.2098335672930212 0
4865 -0.5334528396457889 -0.7881931739464552 0
4866 0.3931432824038865 -0.8605647590441011 0
4867 -0.8607481279888214 -0.2503365604087003 0
4868 -0.8176227520377504 -0.2623131710809339 0
4869 -0.533962832487918 -0.7782001984054066 0
4870 0.385281833398618 -0.8758346262930641 0
4871 0.8102025814007681 -0.3392315033230628 0
4872 0.3675020303606782 -0.8666843567690976 0
4873 0.9593311405674976 -0.1256212513690424 0
4874 0.3596801074691078 -0.8819569573268387 0
4875 -0.5511350222453395 -0.7790349947789182 0
4876 0.3512997239292871 -0.887311927595787 0
4877 0.1352639585102274 -0.8820845216027462 0
4878 0.1264416053428432 -0.8774922440981062 0
4879 -0.5608958917887095 -0.7545635980974341 0
4880 0.859675643056985 -0.2872319161509743 0
4881 0.4456268669837572 -0.7341841265158694 0
4882 -0.5780901473575655 -0.7553414630112011 0
4883 -0.5786215124039289 -0.7453252910949485 0
4884 -0.6041818664052855 -0.7515869528492445 0
4885 0.8568194884179174 -0.1998255221403936 0
4886 0.9590923280567129 -0.2128913911762867 0
4887 -0.8897095426366048 -0.1881922136180584 0
4888 -0.6364107700534609 -0.5989495089453593 0
4889 0.9694095439832118 -0.2103881235897003 0
4890 0.9087250098203189 -0.2358576787336102 0
4891 0.8748496741693567 -0.2372897420456138 0
4892 -0.8912406964970244 -0.1201359294621513 0
4893 0.7384322668992906 -0.6607063982097745 0
4894 0.9184753031625921 -0.2599665833307491 0
4895 -0.9640308603737315 -0.1136290039348456 0
4896 -0.546647439479706 -0.6840696990764236 0
4897 0.9158803628113891 -0.2112491812614372 0
4898 -0.8542165738450562 -0.08566994131898853 0
4899 0.7133696967605496 -0.6874062970585394 0
4900 -0.9226542265698414 -0.2184718771635218 0
4901 0.2799936266016755 -0.8209640488204296 0
4902 0.9783188062117594 -0.1621951086249123 0
4903 0.9696455788604548 -0.1556104495778258 0
4904 0.4033669894382722 -0.8948371979981181 0
4905 -0.5028117767224568 -0.85360585888292 0
4906 -0.9034181424118458 -0.2572591222086082 0
4907 0.4710601589928025 -0.7180832134853355 0
4908 -0.5098196212104453 -0.7421905446316182 0
4909 0.8984160387098983 -0.1834955615565455 0
4910 0.3908998317068983 -0.8109153789033231 0
4911 -0.431279105857916 -0.7535987177398105 0
4912 -0.5516019035156554 -0.7690786234408202 0
4913 -0.5520827243068417 -0.7591120494278227 0
4914 0.8558037444292641 -0.1794236157983754 0
4915 -0.9601098647901282 -0.2478378861947875 0
4916 -0.757826615845089 -0.639674128113058 0
4917 0.01479529071513825 -0.9916712098753464 0
4918 -0.7300469535654557 -0.668407201370084 0
4919 0.3607406498675676 -0.9231284038387484 0
4920 -0.8397214644013611 -0.5284586814489199 0
4921 0.5284024789314357 -0.84003885692574 0
4922 0.7709515727866197 -0.6245434935330079 0
4923 -0.9005983601456524 -0.4153915431500078 0
4924 0.4146820093651071 -0.8989291668825292 0
4925 0.1031169576683259 -0.9866691791076538 0
4926 0.05536576969689307 -0.9897358073800795 0
4927 0.03414827247641275 -0.9908677773721577 0
4928 0.6829579349260568 -0.7181530476138382 0
4929 0.1228341082503378 -0.9822471481633636 0
4930 0.2203687784508721 -0.9668000738583664 0
4931 -0.9369943437358702 -0.3241388557989924 0
4932 0.3241388557989924 -0.9369943437358702 0
4933 -0.9306352470491293 -0.3419946028905342 0
4934 0.3428744349688753 -0.930836262617837 0
4935 -0.2201249543287134 -0.9671523552391998 0
4936 -0.3429259388473298 -0.9308478993935544 0
4937 -0.1043470255125769 -0.9860266722424187 0
4938 0.4344024315628529 -0.8918133494753042 0
4939 -0.3241388537533242 -0.9369943445029215 0
4940 0.8545067848508345 -0.5028345182933567 0
4941 0.8989909850483944 -0.4146070420004982 0
4942 0.8915978238416532 -0.4336113875227257 0
4943 -0.1522305235653181 -0.9799333985712938 0
4944 -0.1722346502726167 -0.9758648260114137 0
4945 -0.04462114006835028 -0.9902441132947347 0
4946 0.8682028994059064 -0.4766502683975276 0
4947 -0.8680353057550163 -0.4779350095956469 0
4948 -0.9458543976926064 -0.2961104230018346 0
4949 -0.9433105208388218 -0.3056858060556858 0
4950 0.3708760829284477 -0.9174464830856014 0
4951 0.0741984907349815 -0.9889505432676382 0
4952 0.005011455189878704 -0.991851953001188 0
4953 0.4857456615492644 -0.8643353228488851 0
4954 -0.05418651142002574 -0.9899940505494613 0
4955 0.5447835261051422 -0.82875362692614 0
4956 -0.2678561104797308 -0.9555078654468052 0
4957 -0.7041112784472443 -0.6981348346704404 0
4958 0.6975208991067685 -0.7048608318982565 0
4959 -0.6089173926253265 -0.7827600329990804 0
4960 -0.1231707269073748 -0.9838148793136104 0
4961 -0.142517520098223 -0.9811006229655265 0
4962 -0.7384355362093631 -0.6615074464577333 0
4963 0.3820851902901865 -0.8063175501136378 0
4964 -0.5014335289302164 -0.7368160766409273 0
4965 0.3818345535604531 -0.7965854183700083 0
4966 0.3764019778777563 -0.8712619375280566 0
4967 -0.5751090834886033 -0.6382383141961435 0
4968 -0.4930947211514611 -0.7314345175639634 0
4969 -0.9029703633539252 -0.2671988194242497 0
4970 -0.4855289706237274 -0.7261801218065865 0
4971 0.8678071110376548 -0.1019032332185895 0
4972 -0.5853460523634465 -0.8000735189943082 0
4973 -0.6932577903056045 -0.6958821025248254 0
4974 -0.8578371864676815 -0.1669769558815223 0
4975 -0.9726015885411512 -0.1368776378884015 0
4976 0.4638249925078493 -0.7334012236820563 0
4977 -0.2711742752228192 -0.8150604519284326 0
4978 0.8665503472195177 -0.2425688800475478 0
4979 0.8959342902598477 -0.08119944420299936 0
4980 0.9311024479510933 -0.1913584703363303 0
4981 -0.9260553111817155 -0.03267035515101827 0
4982 0.3524861372678639 -0.9172151701628626 0
4983 -0.9662434474468562 -0.05254464726179629 0
4984 0.3648930049481336 -0.7869069207017262 0
4985 -0.9192741282359741 -0.2878416928228397 0
4986 0.08387637646872628 -0.9883912071558758 0
4987 -0.8688916211809972 -0.460814559749773 0
4988 0.8669630152504095 -0.2523487354243732 0
4989 0.9285983903154884 -0.1550758515740851 0
4990 0.9030061056605728 -0.07502460077341283 0
4991 0.9538004147597199 -0.175957760093025 0
4992 0.5981728271191107 -0.6278111283511888 0
4993 0.9244081459705427 -0.2156625091542065 0
4994 0.8589505936121193 -0.2675560838860506 0
4995 0.867366570087896 -0.2621999288425823 0
4996 0.9728472431893072 -0.1452230354940343 0
4997 -0.8563827983472896 -0.1861498803937644 0
4998 -0.7181294298769336 -0.6829733238086061 0
4999 -0.9710391947398397 -0.1190451160635296 0
5000 0.9221229895312963 -0.1778588800642381 0
5001 0.8854652554258559 -0.05033159144517742 0
5002 0.04464298093422506 -0.9796015151191889 0
5003 -0.8617984751814567 -0.09136231593561624 0
5004 0.9415092201533111 -0.2244041471435512 0
5005 -0.9630577933921738 -0.1502477980806937 0
5006 -0.7477026860968167 -0.453201820556502 0
5007 0.954996923755425 -0.1844383447554963 0
5008 -0.9464162067604901 -0.1676504606255889 0
5009 -0.3885490942101409 -0.9122806810158567 0
5010 0.8714178696789625 -0.06966300240564151 0
5011 0.875041281459237 -0.1493577184398636 0
5012 -0.949597161657442 -0.03522643467709069 0
5013 0.6970759296421467 -0.5134701822702845 0
5014 -0.3648348790052138 -0.7776434117683279 0
5015 0.9547579330434394 -0.007935844746054101 0
5016 0.96090501509455 -0.04593532750856794 0
5017 0.06076985487667878 -0.9804751307887974 0
5018 0.8992311944582126 -0.02198809553777811 0
5019 0.8913546125149209 -0.02682846773888829 0
5020 -0.6833931678813321 -0.5357999065391104 0
5021 0.8901942072396902 -0.1885089047250244 0
5022 0.8503030633424546 -0.2629321892550031 0
5023 -0.8358807555472956 -0.2355432057884557 0
5024 -0.8811813618741724 -0.05349467295476734 0
5025 0.8417498358322627 -0.2588973999536706 0
5026 -0.9340720695337681 -0.00927922679166431 0
5027 0.9084745078513508 -0.05327807580284177 0
5028 -0.8867344514712138 -0.4208786954881492 0
5029 -0.8615873732976116 -0.1013077206636241 0
5030 0.8794256682322025 -0.4600800561500787 0
5031 0.8709774887789774 -0.1266546398584941 0
5032 0.9544295659850663 -0.08209659322468203 0
5033 -0.2010967188127258 -0.9712523562505897 0
5034 0.8446061047692874 -0.5197586107114704 0
5035 -0.9664034082224526 -0.07911688862022773 0
5036 0.9249891586542283 -0.2252588867363342 0
5037 -0.4189540553845106 -0.7491258759975246 0
5038 -0.8716913388401797 -0.2063758336136714 0
5039 -0.6828802631052715 -0.5198970096463891 0
5040 -0.9709976403347472 -0.1555770560070947 0
5041 0.5857739614289876 -0.8010852347637716 0
5042 0.9779721114516646 -0.09116047019769527 0
5043 -0.9459113991575859 -0.1770739214334396 0
5044 -0.8753719143741255 -0.0759090748072682 0
5045 0.960306916917436 -0.03634993727355396 0
5046 -0.8909526087377113 -0.1598616931513356 0
5047 0.8924135988367016 -0.1343985397746406 0
5048 0.944908100903791 -0.1343681813750962 0
5049 -0.8773285104686943 -0.1317593282133663 0
5050 0.4774180244496853 -0.8690631142395631 0
5051 -0.9104294160224256 -0.03337985629195574 0
5052 0.8171884280559424 -0.2623470200792842 0
5053 0.8636433361009227 -0.1561282507956694 0
5054 0.9057735594565429 -0.151587559667963 0
5055 0.8031604821709417 -0.5680536442286688 0
5056 0.9227240531112942 -0.187139144809972 0
5057 -0.3791523609750306 -0.7809394183716458 0
5058 -0.5202946909911275 -0.8439616806440877 0
5059 0.9350653175123371 -0.02484781450903185 0
5060 0.6465100851211005 -0.7400187464980431 0
5061 -0.954805821248264 -0.2680419167831025 0
5062 0.9076845499457814 -0.3797514571028044 0
5063 -0.86521545213895 -0.007428903035942143 0
5064 0.9234178248323266 -0.3617211470182233 0
5065 0.8654016838016476 -0.008134270911837356 0
5066 0.2850392073462716 -0.9403920881467973 0
5067 0.7695884789469669 -0.6093885463883679 0
5068 -0.5029144590021056 -0.7073783990263928 0
5069 -0.1356050164778692 -0.9740201235416601 0
5070 -0.2389185938454065 -0.8342884912919046 0
5071 0.3738025847961221 -0.782207319347288 0
5072 0.1571840333123283 -0.9715311296771719 0
5073 -0.9379844985234185 -0.1808116226369951 0
5074 0.8818625780631852 -0.1551872658531564 0
5075 -0.09218804470092881 -0.8622704518667559 0
5076 0.9080846106839555 -0.04433935401833601 0
5077 -0.8768855066719562 -0.09276881067694656 0
5078 -0.2897276126552805 -0.8266263381215643 0
5079 -0.0672207050981036 -0.9804101583470698 0
5080 -0.4137744689914692 -0.7631017015610735 0
5081 0.0654967830745857 -0.866546702875244 0
5082 -0.751648058001163 -0.6471552097756407 0
5083 0.976972832259698 -0.1719081444573516 0
5084 -0.8965952672521447 -0.04429778722795052 0
5085 0.09730462801356722 -0.978509441473257 0
5086 0.250375594698812 -0.9516385871159493 0
5087 0.9669109318633389 -0.130194205082472 0
5088 0.8104010838390281 -0.3079330001901425 0
5089 0.9462259304782676 -0.2962020855591802 0
5090 0.8772202741810575 -0.04641123165234279 0
5091 -0.4057733955860175 -0.7684333162466355 0
5092 0.6474465727814093 -0.5768196624415085 0
5093 -0.3883514862997533 -0.7778374795486954 0
5094 -0.1419364579056297 -0.8651896170254968 0
5095 -0.965307087409609 -0.02458570358807117 0
5096 -0.004625494994506903 -0.8591433571094319 0
5097 0.6471987125598568 -0.7505615754257625 0
5098 -0.1682150013233727 -0.8517224831946373 0
5099 -0.3916453898647117 -0.762206958113027 0
5100 0.9447797245382226 -0.03788311026332538 0
5101 0.1807234384526969 -0.9751282564784535 0
5102 -0.990760182838488 -0.03617902328197967 0
5103 -0.9589391212305666 -0.07465153133931678 0
5104 0.8642965881043286 -0.07482685382148249 0
5105 0.923962153147258 -0.07009864242732039 0
5106 -0.37206117123959 -0.9099635312716698 0
5107 -0.6478380934738236 -0.7390959651555185 0
5108 -0.2500814621886724 -0.9537913536207752 0
5109 -0.2684799677688411 -0.940177918025893 0
5110 -0.3611700535138966 -0.9237105661050173 0
5111 0.2956943421723628 -0.9463207022294234 0
5112 -0.5933937238820192 -0.7948554782284367 0
5113 -0.829817255272232 -0.5278990581684014 0
5114 0.7957632334919432 -0.5926874974188709 0
5115 -0.8980800973775478 -0.08748761218034873 0
5116 -0.9524637596519074 -0.1201006371986093 0
5117 -0.9377410008241126 -0.07273700979681899 0
5118 -0.1243000989913305 -0.8744449848553466 0
5119 0.9337236660913253 -0.2297015470254189 0
5120 0.8668819702936845 -0.04250413011336481 0
5121 0.2139505429859173 -0.8308558785487017 0
5122 -0.8580342939471769 -0.05504942801066044 0
5123 0.5927703559284749 -0.7950624535924579 0
5124 -0.8493821288167599 -0.1710607858770611 0
5125 -0.9905928318523989 -0.01586147320598668 0
5126 0.9918786373435771 -0.01531759942515054 0
5127 0.688393079261565 -0.7019247567036395 0
5128 0.8627289912300076 -0.1297648640141777 0
5129 0.7457919079661057 -0.6451687566244422 0
5130 0.9387480847994685 -0.1862529296863832 0
5131 0.9434346795626563 -0.3059975946649745 0
5132 -0.9489397561880802 -0.02598941771653518 0
5133 0.890754153213503 -0.01682157022633772 0
5134 -0.6109868938142868 -0.6126246995260616 0
5135 0.4617208853325502 -0.8676527893190916 0
5136 -0.8969514530677869 -0.06961001355867891 0
5137 -0.310463100746508 -0.9306815285515384 0
5138 0.9433967206847047 -0.02816301261014717 0
5139 0.8904394742342376 -0.151400843024964 0
5140 0.5618154430608751 -0.6609398608880166 0
5141 -0.2227576031315267 -0.9579074555060272 0
5142 -0.6755507636276611 -0.7149178263862039 0
5143 -0.6236733611428353 -0.7706445384844477 0
5144 0.9522585907704356 -0.1127380146605992 0
5145 0.977266081256266 -0.06235336279374849 0
5146 -0.007224607932623195 -0.9824451511532395 0
5147 -0.2044218287720473 -0.8333402329388733 0
5148 0.9046835501087436 -0.007973418160738393 0
5149 0.7631818001293811 -0.4307054465020984 0
5150 -0.5221362967295482 -0.832398828624324 0
5151 -0.2806960206762532 -0.820694161766212 0
5152 0.9470360910496612 -0.1901730267961009 0
5153 0.8983760514630599 -0.1473493367597928 0
5154 -0.9644738958356213 -0.228771553397774 0
5155 -0.7958552483632936 -0.3618722440867448 0
5156 0.3963867503914202 -0.9093941838914411 0
5157 -0.6477300699573433 -0.7492474242271976 0
5158 0.706273489133841 -0.4876973278425512 0
5159 -0.7486018428372507 -0.4186609828798262 0
5160 -0.2772855780094762 -0.9526874141400281 0
5161 -0.9822142741364659 -0.0421375980060943 0
5162 0.9230472307398461 -0.04336755615583431 0
5163 -0.9784671615852634 -0.1616565907058265 0
5164 -0.3895664968827726 -0.9013715625089491 0
5165 -0.8970153023454028 -0.0788594562837099 0
5166 0.4806821140451212 -0.7224330238196821 0
5167 0.1938139523639253 -0.8452500348543651 0
5168 -0.9137127906749081 -0.1303204562104175 0
5169 0.2230318402340804 -0.9577385624695041 0
5170 -0.9001405883418571 -0.1298529854490165 0
5171 0.2442144796335621 -0.8229842592383368 0
5172 0.1268228260242426 -0.8675822505342128 0
5173 0.8396830536206628 -0.2193779217297915 0
5174 0.9836460353712244 -0.02031588361657585 0
5175 0.9667428359601904 -0.09319516502738338 0
5176 -0.4609854116833589 -0.8790864946258918 0
5177 0.3171567892241117 -0.8073620690841155 0
5178 0.8545293398134991 -0.132627800569167 0
5179 -0.7578191789915505 -0.4398001653671431 0
5180 -0.06106012084915037 -0.8644125379817674 0
5181 -0.3706888300618707 -0.9198399323761993 0
5182 0.3821030731312016 -0.7867202855215855 0
5183 -0.9189317346612179 -0.01626508564491788 0
5184 -0.9229910269481831 -0.1895754831893889 0
5185 0.8806454530641817 -0.09059697079239365 0
5186 0.3476856463074622 -0.7848396961925371 0
5187 0.9087178162518997 -0.3988846396755105 0
5188 -0.9727376122771473 -0.09252109769671513 0
5189 0.5959458483854192 -0.7798143777760679 0
5190 -0.8062322675621285 -0.2904635112080899 0
5191 0.590604570546963 -0.6335677170917415 0
5192 -0.5402056985172135 -0.830808439104218 0
5193 -0.9511613896161145 -0.07912555395261237 0
5194 -0.4866906030993449 -0.7065551944317052 0
5195 -0.2988294334157354 -0.8130779991807753 0
5196 -0.8920368993538786 -0.01743832143407349 0
5197 0.3437395458721636 -0.9217718967675621 0
5198 -0.261013124443347 -0.9486289193839903 0
5199 -0.924549506490715 -0.3340199436737139 0
5200 -0.7775608815045079 -0.3808108573528708 0
5201 0.7374871417578164 -0.6507071623044098 0
5202 0.4603869597091807 -0.8788738382061003 0
5203 0.2881086272254112 -0.8262111309815081 0
5204 -0.5376581565032543 -0.6798523055232252 0
5205 0.8822769324008708 -0.4363682153860206 0
5206 -0.6572128500129438 -0.550738097955024 0
5207 -0.8389030327185467 -0.5126433901699586 0
5208 -0.8950112726406806 -0.4079765502117601 0
5209 -0.9404548409617544 -0.1365597680731163 0
5210 0.8410093694870961 -0.2381080449198179 0
5211 -0.8266713336900972 -0.2586759138896894 0
5212 0.8991508909009014 -0.1389072918668398 0
5213 0.9834987893380083 -0.03019372480415276 0
5214 -0.1634121814117639 -0.9692760504935609 0
5215 0.9523116512514087 -0.277955789768586 0
5216 0.9454289260269244 -0.1258550701630908 0
5217 -0.7887997396792334 -0.3371441669362089 0
5218 0.6628079043135974 -0.7386194045447184 0
5219 0.8490859801030881 -0.2141995352741482 0
5220 -0.8506201220764469 -0.1613558053622802 0
5221 0.3090364473765953 -0.9322182320643263 0
5222 -0.8293127201802828 -0.5450589298090823 0
5223 -0.02885626936964392 -0.8644280086043986 0
5224 -0.9184261648250706 -0.06581821571420318 0
5225 0.8265714686804851 -0.287145772915863 0
5226 -0.5745092946998214 -0.6615481855963805 0
5227 0.8346727869970612 -0.5359480453927867 0
5228 0.974383276792949 -0.007673715524389985 0
5229 -0.6468427335799983 -0.574925815403979 0
5230 0.9208242065070639 -0.3707362240219857 0
5231 -0.4873930620686058 -0.8646983152733551 0
5232 -0.8991681612109095 -0.03088607414360721 0
5233 0.923370128354376 -0.03361201481887263 0
5234 0.004635404018596026 -0.8735018462060939 0
5235 0.952608984406629 -0.1212950076994111 0
5236 -0.5931742295747648 -0.6331217091367157 0
5237 0.177902586802025 -0.8558930089873796 0
5238 0.4553406338288455 -0.7386374105539761 0
5239 -0.9449489126996742 -0.05836544469076946 0
5240 -0.6842892936570026 -0.7184429318153713 0
5241 0.4005976530160608 -0.7681973016202182 0
5242 -0.5392304018837774 -0.8133415462301289 0
5243 -0.4571870024997563 -0.7413325232938537 0
5244 0.1413550168287192 -0.9822442709119902 0
5245 0.7782271552413565 -0.3822088667836734 0
5246 -0.1088983901396217 -0.9771222112548984 0
5247 0.1519264109868566 -0.8527709383987401 0
5248 -0.5748317911905001 -0.6501737271808092 0
5249 -0.5930322791159122 -0.7853766641402464 0
5250 0.884101541113002 -0.4515799363625196 0
5251 0.5750849379907336 -0.6390853603363678 0
5252 -0.9343778170697821 -0.308896522754723 0
5253 0.7212631208404345 -0.479066580109715 0
5254 0.6162657878364157 -0.5960678435904079 0
5255 -0.8762434482053115 -0.01717712795706597 0
5256 -0.9796874614989803 -0.09746981213493427 0
5257 -0.8695999032525102 -0.0880528613497667 0
5258 -0.04739605547255987 -0.8573969679257011 0
5259 0.8755362219078877 -0.01885520080024869 0
5260 -0.7213376966976203 -0.479002750902158 0
5261 -0.6301706454395521 -0.5825812749788387 0
5262 0.5581511513833153 -0.6758704865872989 0
5263 -0.3539335508112377 -0.9182627304727631 0
5264 -0.973936057229676 -0.05650854082837836 0
5265 0.8510544094330993 -0.1498022907824665 0
5266 -0.02462839146225577 -0.9925083569927857 0
5267 -0.9132862525870312 -0.3876656440500452 0
5268 -0.8552606900135552 -0.1317300030374142 0
5269 -0.3361839940468809 -0.8040543088995196 0
5270 0.9834032300638947 -0.03972996280874674 0
5271 0.3151771825631692 -0.8182865073647194 0
5272 0.1143475634629922 -0.9763169112053848 0
5273 -0.07303410095607943 -0.8728424295857897 0
5274 -0.7945141193645942 -0.5941464783789716 0
5275 0.4289922327902499 -0.7533372607454749 0
5276 0.04667098850472509 -0.8560699077112472 0
5277 0.7633949132717832 -0.4106733810760511 0
5278 0.7954623566544126 -0.3808038112387181 0
5279 -0.8011888516872481 -0.584922676944048 0
5280 0.3905160087719555 -0.7817642468963136 0
5281 0.6731499828739433 -0.5472054061667936 0
5282 0.6101673547210524 -0.783886836285147 0
5283 -0.8060835204540313 -0.3166228311549439 0
5284 -0.8845500960686883 -0.4503762073739082 0
5285 -0.1554922911680799 -0.8434405869834067 0
5286 -0.3047832303718406 -0.9447256167338984 0
5287 -0.7835843616462554 -0.6092609458778582 0
5288 0.8543854453492619 -0.06522647125054069 0
5289 -0.8187445823955116 -0.5618103126683437 0
5290 0.2507899225406851 -0.9603920004485013 0
5291 0.9492393891167054 -0.2280549479888492 0
5292 -0.1018973432199751 -0.8601909230235526 0
5293 0.8486652915006823 -0.1838234702244028 0
5294 0.4517716553554955 -0.8834746767074519 0
5295 0.9658168102357536 -0.2297737675412279 0
5296 -0.145458483029322 -0.8455572412804788 0
5297 0.8503358264147186 -0.1051951723614089 0
5298 0.7624169802554466 -0.6231337101674299 0
5299 0.8506203146391236 -0.4951983246664698 0
5300 -0.9525629381595417 -0.2779681725884351 0
5301 0.6400708003431099 -0.5841935388086064 0
5302 -0.7775275628983848 -0.400859367608039 0
5303 0.6814807106150469 -0.5351921445086357 0
5304 0.6955701620289745 -0.6962479455587295 0
5305 0.8015429940253679 -0.3265187479643545 0
5306 0.9662135856485398 -0.1953607873627391 0
5307 -0.7019015703085058 -0.6893283947351633 0
5308 0.1076401393050552 -0.8697664628801214 0
5309 0.968471302044614 -0.1757202662042638 0
5310 0.9741850670421954 -0.1358748033687514 0
5311 -0.8017272021661314 -0.5696924552587672 0
5312 0.9385481943762807 -0.3250812642948241 0
5313 -0.869323475330307 -0.1348477906910624 0
5314 0.9064431251047462 -0.1348643793521492 0
5315 0.9835066027297296 -0.04935204191501799 0
5316 0.8875194167537421 -0.08535212627174291 0
5317 -0.3088050400351172 -0.8091069187845401 0
5318 -0.2145734735101974 -0.8304823294353367 0
5319 -0.486581019695029 -0.7163051493952193 0
5320 0.8444486134214375 -0.1449606643191047 0
5321 -0.8560629665397181 -0.5033676281503336 0
5322 0.3896186427205537 -0.9141887062230269 0
5323 0.9219979513915388 -0.01631989740043076 0
5324 -0.7372424204534699 -0.6522444797901404 0
5325 0.8391943281755746 -0.1735504306235091 0
5326 -0.9687584005920432 -0.1740392526560883 0
5327 -0.1875484329800465 -0.96442884221383 0
5328 0.8656277427308052 -0.46606214554637 0
5329 -0.6917311688644617 -0.7117983147684223 0
5330 -0.6303829390585967 -0.7564573678516731 0
5331 -0.9818187237275003 -0.0697038682762761 0
5332 0.09095809290000142 -0.860721416966954 0
5333 -0.9789910408566065 -0.1066332426785887 0
5334 0.1719268173585412 -0.9782044770500588 0
5335 -0.2561687402643972 -0.8364226747310964 0
5336 -0.8466631572760001 -0.2193640493863932 0
5337 -0.04056026751709993 -0.9828942258584802 0
5338 0.6892578430100037 -0.5096859335009769 0
5339 -0.7053173594797773 -0.4863760569093982 0
5340 0.8259257727709833 -0.2595654486762599 0
5341 -0.7716807783624396 -0.6253183120546522 0
5342 0.6738281007910978 -0.5705245718986219 0
5343 0.8491918929071252 -0.1157335130922047 0
5344 0.8658885579147696 -0.4866185564498127 0
5345 0.8463664902071422 -0.1355242104808095 0
5346 0.2766335319150448 -0.95385660578526 0
5347 0.5822021068260275 -0.6300163763041927 0
5348 -0.6636253800438559 -0.7388695806883989 0
5349 0.5112183133912703 -0.8448427837660817 0
5350 -0.9381060658986762 -0.188403761548156 0
5351 -0.5297072699994901 -0.6852209774030181 0
5352 -0.9539748883499681 -0.2405623031904155 0
5353 -0.2132255504298643 -0.9614105777384571 0
5354 -0.9824852829701418 -0.02442211773355016 0
5355 0.8191085799947108 -0.5601491564027653 0
5356 0.9307773934518256 -0.3436144763680767 0
5357 -0.9822326656262996 -0.05099540275236052 0
5358 -0.8518260470837724 -0.1517460496391267 0
5359 0.5172328431424137 -0.7022918410321558 0
5360 0.747124766255544 -0.4529550596116587 0
5361 -0.7319374743505107 -0.4634999355837665 0
5362 0.8903017681077607 -0.4181076507262803 0
5363 0.9048407082602618 -0.08284928274864214 0
5364 0.3328511824545525 -0.8091046679399155 0
5365 0.803481347989459 -0.3447046661742851 0
5366 0.8181721418190645 -0.5460720771987572 0
5367 0.7705473494544557 -0.3972475310719514 0
5368 -0.7193674324993562 -0.6713318753888992 0
5369 -0.6036400792264746 -0.6083223602402485 0
5370 -0.3449091487325844 -0.922347028716251 0
5371 -0.8655828379704679 -0.4696768950805267 0
5372 -0.08414021153744179 -0.9896927186305484 0
5373 -0.1757472882359579 -0.838585807913988 0
5374 0.9584438778529867 -0.2228951535857382 0
5375 0.6120949152663824 -0.7689353459318539 0
5376 0.5437164488777595 -0.6727763416979823 0
5377 -0.7030892042443393 -0.5055253568772557 0
5378 0.6701364883737222 -0.7324243198618279 0
5379 -0.973384231507741 -0.08378156360771542 0
5380 -0.9811429257271441 -0.07912071327198597 0
5381 -0.1252665781132268 -0.8658439224723403 0
5382 -0.477666205357034 -0.7220037358222529 0
5383 0.9447410517862702 -0.07117781266514436 0
5384 0.4360165631758409 -0.8821593227632978 0
5385 -0.8658647888024863 -0.487075305857227 0
5386 0.7315633545425784 -0.461501423807045 0
5387 0.8560363956936239 -0.1231810769617787 0
5388 0.3914227730640559 -0.7725622227402684 0
5389 -0.3183143878263532 -0.8054557436518958 0
5390 0.818658308880063 -0.3054215534347584 0
5391 0.7202531441070041 -0.683093409085344 0
5392 -0.908581979551853 -0.3984580961436428 0
5393 -0.9778549901124505 -0.1154653906814706 0
5394 0.811346073735537 -0.5714781712151119 0
5395 -0.1273154735251248 -0.9767001894925965 0
5396 -0.9339689251410618 -0.05232109097618866 0
5397 -0.9535957388725902 -0.08696622482273741 0
5398 0.9251991139162767 -0.1300689076352275 0
5399 -0.9129876483224484 -0.1228268610992917 0
5400 0.8972364060508087 -0.1115000571654629 0
5401 -0.9318788355015408 -0.1340240863800129 0
5402 0.8609354489306643 -0.0975719559488655 0
5403 0.720103126892866 -0.6698108244473212 0
5404 0.237577072058283 -0.963664345038699 0
5405 0.2971495296399598 -0.8225909821275483 0
5406 -0.9390234701344712 -0.2020057099990596 0
5407 0.8413877094395645 -0.5119165586867951 0
5408 0.5736227756071459 -0.6484751700183861 0
5409 0.1296506416409262 -0.9749724314180549 0
5410 0.7842755169104315 -0.6100967137267146 0
5411 0.3351978622036403 -0.9261103645486436 0
5412 0.2009969634171105 -0.8412428408369409 0
5413 -0.01508368343785054 -0.8566480725918819 0
5414 -0.7642161100235969 -0.4075712889484521 0
5415 0.229178408919116 -0.8349705320649113 0
5416 0.9501468903971022 -0.01462065259141197 0
5417 -0.8084007475191293 -0.3078698160459029 0
5418 -0.6013253977556933 -0.7800532822054834 0
5419 0.950859744563366 -0.08923037918650391 0
5420 0.2518488254719585 -0.8281957530167829 0
5421 -0.9447641177397955 -0.1196642638496871 0
5422 -0.3630612831213635 -0.7888504157318463 0
5423 0.7948910169393082 -0.3622345520890154 0
5424 0.01952333800107548 -0.9849201513526521 0
5425 -0.6856527259582614 -0.5275864700903226 0
5426 -0.9489347846036991 -0.1339215085823728 0
5427 -0.155984790330018 -0.9727269104625128 0
5428 0.9300466442983396 -0.03114430626166693 0
5429 -0.8938140178244529 -0.4343544596200336 0
5430 0.02391603131528487 -0.8741916564945198 0
5431 -0.5939940005046733 -0.6183784930389271 0
5432 0.5717026351306824 -0.8120160859568066 0
5433 0.6809693950659633 -0.5210475998148092 0
5434 -0.7552368649012902 -0.6318615168792487 0
5435 -0.05867040185457707 -0.9834442876239977 0
5436 0.9881109220277017 -0.1038962519014967 0
5437 0.5105308925443467 -0.6873182103333383 0
5438 0.8547185181402666 -0.05494220426114026 0
5439 0.03296863297837626 -0.8567951774490116 0
5440 -0.7891411892192216 -0.3567313493860764 0
5441 -0.9539467374721113 -0.2005774931610939 0
5442 0.9062086465954707 -0.1281237806617831 0
5443 -0.8937411487406884 -0.1263814859440555 0
5444 -0.8282897629654747 -0.248840928917539 0
5445 0.8023045809517492 -0.5865723618551314 0
5446 0.6306169845896996 -0.5979446298629907 0
5447 -0.5592317147370947 -0.6610882628685746 0
5448 -0.8570992191914604 -0.1242938819276493 0
5449 0.955781244329953 -0.07539160880248162 0
5450 -0.6688693122613798 -0.5343223119829774 0
5451 -0.2967527058452052 -0.9486851929990305 0
5452 -0.8914334420778176 -0.1073620759884468 0
5453 0.201128250632059 -0.9730170889725736 0
5454 0.9355129141333098 -0.3078216666949229 0
5455 0.9263294243967741 -0.1394687259645602 0
5456 -0.2501098790273576 -0.961668924495708 0
5457 0.06940245090312321 -0.982428433535534 0
5458 -0.3357604491226015 -0.926423487749197 0
5459 0.1549226432007952 -0.980745487092557 0
5460 -0.5511011203019567 -0.8066593613224368 0
5461 -0.8700347433107145 -0.0806181378902345 0
5462 0.7525295726906598 -0.6489510052114663 0
5463 -0.8573219480542937 -0.007355365171264673 0
5464 0.8573219480971425 -0.007355365232754541 0
5465 0.03763788395259084 -0.9836396092906834 0
5466 0.9608119793153375 -0.1786417557681794 0
5467 0.0002618165282305771 -0.9853223199443554 0
5468 -0.4695621017279272 -0.7273325960814293 0
5469 0.3062275246490455 -0.945669370233953 0
5470 0.9215764739407731 -0.3464496185757595 0
5471 0.8966069920124933 -0.4051914051631614 0
5472 0.427284003542963 -0.887130997591058 0
5473 -0.9584081157838991 -0.1066463279053546 0
5474 -0.9252410075433883 -0.3616629714536439 0
5475 -0.3241417564599233 -0.8107303239041684 0
5476 0.6087800825884977 -0.6016852487208803 0
5477 0.5562882452205244 -0.8157670522519676 0
5478 0.705043987068654 -0.6914319340512391 0
5479 -0.8534375425432598 -0.1418379603473293 0
5480 0.9926466459195306 -0.007301544425949505 0
5481 -0.9926466459304382 -0.007301544432348692 0
5482 -0.9226806970273839 -0.342866199851399 0
5483 -0.7393405703592855 -0.4510954510902087 0
5484 -0.9587062953870173 -0.1187813036866934 0
5485 0.5422254949380377 -0.6875805729031761 0
5486 0.8494790469346131 -0.2058227577905962 0
5487 0.6258402175776863 -0.7723248414779484 0
5488 0.07236700511343576 -0.8624516649769662 0
5489 0.2150482316407293 -0.9607932510564658 0
5490 0.7570875462558273 -0.4354702083126143 0
5491 0.8992884034878353 -0.01426576896633684 0
5492 -0.9676125863257872 -0.1834584117887403 0
5493 0.0879836883833542 -0.9815542503063669 0
5494 -0.8185448524240857 -0.2832085660447817 0
5495 -0.2703861268743612 -0.9481094517312297 0
5496 -0.9402168511937353 -0.01449434930946358 0
5497 0.3769679488941521 -0.908955221412369 0
5498 -0.9616546935985595 -0.2041482958637824 0
5499 0.8340088152850659 -0.2333639571726497 0
5500 -0.2574760186971577 -0.8270651111418424 0
5501 -0.977074681556479 -0.1231685100265869 0
5502 0.4073661320316448 -0.772783670817166 0
5503 0.9143404138466068 -0.3866324216219841 0
5504 -0.9329786852964832 -0.3173602479657066 0
5505 -0.3471757446918476 -0.7934150013665989 0
5506 -0.2665927858780895 -0.932772909946931 0
5507 0.8820040476225293 -0.01525709642109877 0
5508 0.9826949731370768 -0.05714135660383583 0
5509 -0.8759976613223017 -0.0423508686774229 0
5510 -0.5797784515268339 -0.6294175138218094 0
5511 0.416905891556026 -0.7648662089096867 0
5512 0.8887032216600499 -0.1135732664848223 0
5513 -0.5471287959881721 -0.828809755591331 0
5514 -0.2206615749205293 -0.8358225498296752 0
5515 0.263917416030481 -0.8338545201934884 0
5516 -0.9195054888360856 -0.1342266636782794 0
5517 0.9438837236302844 -0.2810757242627409 0
5518 0.9130438448879034 -0.372743265550068 0
5519 -0.5223521298117266 -0.6902651340124315 0
5520 0.8726145653916734 -0.09444635730572939 0
5521 -0.7811434223646198 -0.6002565982766966 0
5522 0.6421014352453247 -0.5917435005327322 0
5523 -0.9558492362382711 -0.0228874850108945 0
5524 -0.7975928307233435 -0.3346030012678019 0
5525 -0.8478968084425325 -0.1150573216553705 0
5526 0.6687749322440077 -0.7237694308980255 0
5527 -0.952330235527308 -0.2495108860046338 0
5528 0.3404254381232772 -0.8057206020709851 0
5529 0.0516629996610353 -0.982833567417094 0
5530 -0.5355470791729671 -0.8362999746911037 0
5531 -0.6312371085592651 -0.5923574281721001 0
5532 0.6986129525864491 -0.4939355131272264 0
5533 -0.9191547273127914 -0.1421611102336583 0
5534 -0.6390043820421408 -0.5712669334292046 0
5535 -0.8927701650516108 -0.4164105893771906 0
5536 -0.9437921862029907 -0.2812911459038775 0
5537 -0.702700251193153 -0.5195203173688241 0
5538 -0.9067759379375566 -0.1264782569369526 0
5539 0.1786021152451055 -0.8473422017881996 0
5540 0.8589687569178409 -0.09106394214481466 0
5541 -0.638372337794608 -0.7605225680154996 0
5542 -0.6590296036729411 -0.5593902707543145 0
5543 0.1585674528705034 -0.8586737645085469 0
5544 0.8395299221473207 -0.1644367041310368 0
5545 -0.9456930186984019 -0.0734391889492054 0
5546 0.132909893294518 -0.8557223211211296 0
5547 -0.4696835929459474 -0.7357661527257673 0
5548 0.5017811892465672 -0.8566956083615751 0
5549 -0.3350896720527939 -0.7967843073158785 0
5550 0.1065711061261994 -0.9798478533951214 0
5551 -0.9176782414438347 -0.1505679634256972 0
5552 0.3037323968198669 -0.8274498904129844 0
5553 -0.7515206904741791 -0.4440825711345844 0
5554 0.7690208559054277 -0.6169260429172126 0
5555 -0.8785322653394186 -0.4628030995012336 0
5556 -0.6297742493293409 -0.6057729585779101 0
5557 0.1660554692589136 -0.9725786399423589 0
5558 -0.9264009739866556 -0.01552095229470618 0
5559 0.5448012496829928 -0.821424861325103 0
5560 0.9642252259601842 -0.2040814115502895 0
5561 -0.9190780328964202 -0.03039322482536438 0
5562 0.8870331067542766 -0.09189621780829467 0
5563 0.5284882355027289 -0.8318380464369378 0
5564 0.8345715049897328 -0.2563411772509476 0
5565 -0.3269185078442685 -0.9302039176726736 0
5566 0.6746809122622519 -0.5566166921327202 0
5567 0.5368305863767766 -0.8265052292609076 0
5568 -0.7513610603470129 -0.4262270301726306 0
5569 -0.7796114625598439 -0.372205646424689 0
5570 0.5343157186123572 -0.6915180576303722 0
5571 -0.8266925852327118 -0.5374533635889016 0
5572 -0.2045097482315349 -0.9643762819730678 0
5573 0.00273877637415933 -0.865440716919433 0
5574 0.9655131361107298 -0.1475482837502039 0
5575 -0.5622776159230358 -0.8195942497097271 0
5576 0.8628887374804822 -0.04966039424844817 0
5577 0.8281246762569332 -0.2785728605694027 0
5578 -0.1002603295428536 -0.979486456968238 0
5579 0.05833575314192673 -0.8634499006259334 0
5580 -0.671196302359034 -0.7341086334439345 0
5581 0.6283925919262088 -0.7578576493559236 0
5582 0.8807108906845608 -0.4451628923279012 0
5583 0.41882581112801 -0.891325676019206 0
5584 -0.8842349895639883 -0.1209958803095927 0
5585 -0.6092929694126148 -0.7753454542933903 0
5586 0.5211230400387438 -0.8371600722392805 0
5587 0.6652237646575856 -0.5672468036405548 0
5588 -0.4587873193054108 -0.8719636356984966 0
5589 -0.4709013346273353 -0.8677475172955436 0
5590 -0.8482130130226261 -0.2108703418305061 0
5591 -0.8641384850621825 -0.04782794161179041 0
5592 -0.4521522966771055 -0.7359579199916411 0
5593 -0.03211797284001182 -0.8563367438240854 0
5594 -0.1819006741812901 -0.9774589013651813 0
5595 -0.8372169623234389 -0.5211576693587524 0
5596 0.5134064039368377 -0.8511530280815763 0
5597 -0.8981910623893586 -0.02363030040590152 0
5598 0.1281422057911873 -0.8601957626307641 0
5599 0.8693945504527885 -0.01431046311102408 0
5600 -0.7091819921962826 -0.6836395083411424 0
5601 -0.4493085255509542 -0.8856593154847132 0
5602 -0.86895801808312 -0.01387313691902638 0
5603 0.5613348402463331 -0.820093677526963 0
5604 -0.9258042390807611 -0.1384182602313508 0
5605 0.87199621571584 -0.460449459191167 0
5606 -0.1072870980409225 -0.8659327502440164 0
5607 -0.6903713399032961 -0.7041037132885043 0
5608 0.3270034701256768 -0.930438147915302 0
5609 0.9925841088035154 -0.06435901064205256 0
5610 -0.9217480840482484 -0.06086411924715771 0
5611 0.2686161095117444 -0.9579065022279613 0
5612 -0.8803266256352329 -0.04657974564620759 0
5613 0.8682084420873687 -0.1508488654596652 0
5614 0.5761505157362403 -0.6548185707104153 0
5615 0.9337333658037662 -0.142929187224844 0
5616 -0.1613220088426912 -0.8486936894792158 0
5617 -0.7443786420398394 -0.6471550803897415 0
5618 0.9410492913246638 -0.2539150830713058 0
5619 0.9622858855849711 -0.2494303964116893 0
5620 -0.2615296643133547 -0.8146478616232251 0
5621 -0.01922698261982633 -0.8621854418507952 0
5622 -0.05336941423747683 -0.8633758125201021 0
5623 -0.2368853422858919 -0.9643528251237454 0
5624 0.7717323796459385 -0.3890923992325969 0
5625 0.8497048731087572 -0.1974001950588136 0
5626 -0.9748596066591759 -0.02205074310358957 0
5627 0.7876092022740004 -0.378401845785854 0
5628 -0.1839743891416497 -0.8350001989120984 0
5629 0.8320141142908363 -0.527302015358366 0
5630 0.980233346718375 -0.1085586521429821 0
5631 0.1248368617392952 -0.8458509768059645 0
5632 -0.8786217376726382 -0.1252503523483262 0
5633 -0.9661388480568486 -0.1922666645315549 0
5634 -0.4443242956707154 -0.8806009674909115 0
5635 0.5696032729325614 -0.8057646715388784 0
5636 0.9683844969660533 -0.01454890921894533 0
5637 0.7607085534748796 -0.6384487285540483 0
5638 -0.4852114685739638 -0.8580964988100823 0
5639 0.7148084405978092 -0.4857819451618909 0
5640 -0.8348697905301279 -0.2280469344756925 0
5641 -0.8297010237311011 -0.2404026068648762 0
5642 -0.5598770955891711 -0.6697504242372908 0
$EndNodes
$Elements
11286
1 1 2 101 1 3 15
2 1 2 101 1 15 16
3 1 2 101 1 16 17
4 1 2 101 1 17 18
5 1 2 101 1 18 19
6 1 2 101 1 19 20
7 1 2 101 1 20 21
8 1 2 101 1 21 22
9 1 2 101 1 22 23
10 1 2 101 1 23 24
11 1 2 101 1 24 25
12 1 2 101 1 25 26
13 1 2 101 1 26 27
14 1 2 101 1 27 28
15 1 2 101 1 28 29
16 1 2 101 1 29 30
17 1 2 101 1 30 31
18 1 2 101 1 31 32
19 1 2 101 1 32 33
20 1 2 101 1 33 34
21 1 2 101 1 34 35
22 1 2 101 1 35 36
23 1 2 101 1 36 37
24 1 2 101 1 37 38
25 1 2 101 1 38 39
26 1 2 101 1 39 40
27 1 2 101 1 40 41
28 1 2 101 1 41 42
29 1 2 101 1 42 43
30 1 2 101 1 43 44
31 1 2 101 1 44 45
32 1 2 101 1 45 46
33 1 2 101 1 46 47
34 1 2 101 1 47 48
35 1 2 101 1 48 49
36 1 2 101 1 49 50
37 1 2 101 1 50 51
38 1 2 101 1 51 52
39 1 2 101 1 52 53
40 1 2 101 1 53 54
41 1 2 101 1 54 55
42 1 2 101 1 55 56
43 1 2 101 1 56 57
44 1 2 101 1 57 58
45 1 2 101 1 58 59
46 1 2 101 1 59 60
47 1 2 101 1 60 61
48 1 2 101 1 61 62
49 1 2 101 1 62 63
50 1 2 101 1 63 64
51 1 2 101 1 64 65
52 1 2 101 1 65 66
53 1 2 101 1 66 67
54 1 2 101 1 67 68
55 1 2 101 1 68 69
56 1 2 101 1 69 70
57 1 2 101 1 70 71
58 1 2 101 1 71 72
59 1 2 101 1 72 73
60 1 2 101 1 73 74
61 1 2 101 1 74 75
62 1 2 101 1 75 76
63 1 2 101 1 76 77
64 1 2 101 1 77 78
65 1 2 101 1 78 79
66 1 2 101 1 79 80
67 1 2 101 1 80 81
68 1 2 101 1 81 82
69 1 2 101 1 82 83
70 1 2 101 1 83 84
71 1 2 101 1 84 85
72 1 2 101 1 85 86
73 1 2 101 1 86 87
74 1 2 101 1 87 88
75 1 2 101 1 88 89
76 1 2 101 1 89 90
77 1 2 101 1 90 91
78 1 2 101 1 91 92
79 1 2 101 1 92 93
80 1 2 101 1 93 94
81 1 2 101 1 94 95
82 1 2 101 1 95 96
83 1 2 101 1 96 97
84 1 2 101 1 97 98
85 1 2 101 1 98 99
86 1 2 101 1 99 100
87 1 2 101 1 100 101
88 1 2 101 1 101 102
89 1 2 101 1 102 103
90 1 2 101 1 103 104
91 1 2 101 1 104 105
92 1 2 101 1 105 106
93 1 2 101 1 106 107
94 1 2 101 1 107 108
95 1 2 101 1 108 109
96 1 2 101 1 109 110
97 1 2 101 1 110 111
98 1 2 101 1 111 112
99 1 2 101 1 112 113
100 1 2 101 1 113 114
101 1 2 101 1 114 115
102 1 2 101 1 115 116
103 1 2 101 1 116 117
104 1 2 101 1 117 118
105 1 2 101 1 118 119
106 1 2 101 1 119 120
107 1 2 101 1 120 121
108 1 2 101 1 121 122
109 1 2 101 1 122 123
110 1 2 101 1 123 124
111 1 2 101 1 124 125
112 1 2 101 1 125 126
113 1 2 101 1 126 127
114 1 2 101 1 127 128
115 1 2 101 1 128 129
116 1 2 101 1 129 130
117 1 2 101 1 130 131
118 1 2 101 1 131 132
119 1 2 101 1 132 133
120 1 2 101 1 133 134
121 1 2 101 1 134 135
122 1 2 101 1 135 136
123 1 2 101 1 136 137
124 1 2 101 1 137 138
125 1 2 101 1 138 139
126 1 2 101 1 139 140
127 1 2 101 1 140 141
128 1 2 101 1 141 142
129 1 2 101 1 142 143
130 1 2 101 1 143 144
131 1 2 101 1 144 145
132 1 2 101 1 145 146
133 1 2 101 1 146 147
134 1 2 101 1 147 148
135 1 2 101 1 148 149
136 1 2 101 1 149 150
137 1 2 101 1 150 151
138 1 2 101 1 151 152
139 1 2 101 1 152 153
140 1 2 101 1 153 154
141 1 2 101 1 154 155
142 1 2 101 1 155 156
143 1 2 101 1 156 157
144 1 2 101 1 157 158
145 1 2 101 1 158 159
146 1 2 101 1 159 160
147 1 2 101 1 160 161
148 1 2 101 1 161 162
149 1 2 101 1 162 163
150 1 2 101 1 163 164
151 1 2 101 1 164 165
152 1 2 101 1 165 166
153 1 2 101 1 166 167
154 1 2 101 1 167 168
155 1 2 101 1 168 169
156 1 2 101 1 169 170
157 1 2 101 1 170 171
158 1 2 101 1 171 2
159 1 2 101 2 2 172
160 1 2 101 2 172 173
161 1 2 101 2 173 174
162 1 2 101 2 174 175
163 1 2 101 2 175 176
164 1 2 101 2 176 177
165 1 2 101 2 177 178
166 1 2 101 2 178 179
167 1 2 101 2 179 180
168 1 2 101 2 180 181
169 1 2 101 2 181 182
170 1 2 101 2 182 183
171 1 2 101 2 183 184
172 1 2 101 2 184 185
173 1 2 101 2 185 186
174 1 2 101 2 186 187
175 1 2 101 2 187 188
176 1 2 101 2 188 189
177 1 2 101 2 189 190
178 1 2 101 2 190 191
179 1 2 101 2 191 192
180 1 2 101 2 192 193
181 1 2 101 2 193 194
182 1 2 101 2 194 195
183 1 2 101 2 195 196
184 1 2 101 2 196 197
185 1 2 101 2 197 198
186 1 2 101 2 198 199
187 1 2 101 2 199 200
188 1 2 101 2 200 201
189 1 2 101 2 201 202
190 1 2 101 2 202 203
191 1 2 101 2 203 204
192 1 2 101 2 204 205
193 1 2 101 2 205 206
194 1 2 101 2 206 207
195 1 2 101 2 207 208
196 1 2 101 2 208 209
197 1 2 101 2 209 210
198 1 2 101 2 210 211
199 1 2 101 2 211 212
200 1 2 101 2 212 213
201 1 2 101 2 213 214
202 1 2 101 2 214 215
203 1 2 101 2 215 216
204 1 2 101 2 216 217
205 1 2 101 2 217 218
206 1 2 101 2 218 219
207 1 2 101 2 219 220
208 1 2 101 2 220 221
209 1 2 101 2 221 222
210 1 2 101 2 222 223
211 1 2 101 2 223 224
212 1 2 101 2 224 225
213 1 2 101 2 225 226
214 1 2 101 2 226 227
215 1 2 101 2 227 228
216 1 2 101 2 228 229
217 1 2 101 2 229 230
218 1 2 101 2 230 231
219 1 2 101 2 231 232
220 1 2 101 2 232 233
221 1 2 101 2 233 234
222 1 2 101 2 234 235
223 1 2 101 2 235 236
224 1 2 101 2 236 237
225 1 2 101 2 237 238
226 1 2 101 2 238 239
227 1 2 101 2 239 240
228 1 2 101 2 240 241
229 1 2 101 2 241 242
230 1 2 101 2 242 243
231 1 2 101 2 243 244
232 1 2 101 2 244 245
233 1 2 101 2 245 246
234 1 2 101 2 246 247
235 1 2 101 2 247 248
236 1 2 101 2 248 249
237 1 2 101 2 249 250
238 1 2 101 2 250 251
239 1 2 101 2 251 252
240 1 2 101 2 252 253
241 1 2 101 2 253 254
242 1 2 101 2 254 255
243 1 2 101 2 255 256
244 1 2 101 2 256 257
245 1 2 101 2 257 258
246 1 2 101 2 258 259
247 1 2 101 2 259 260
248 1 2 101 2 260 261
249 1 2 101 2 261 262
250 1 2 101 2 262 263
251 1 2 101 2 263 264
252 1 2 101 2 264 265
253 1 2 101 2 265 266
254 1 2 101 2 266 267
255 1 2 101 2 267 268
256 1 2 101 2 268 269
257 1 2 101 2 269 270
258 1 2 101 2 270 271
259 1 2 101 2 271 272
260 1 2 101 2 272 273
261 1 2 101 2 273 274
262 1 2 101 2 274 275
263 1 2 101 2 275 276
264 1 2 101 2 276 277
265 1 2 101 2 277 278
266 1 2 101 2 278 279
267 1 2 101 2 279 280
268 1 2 101 2 280 281
269 1 2 101 2 281 282
270 1 2 101 2 282 283
271 1 2 101 2 283 284
272 1 2 101 2 284 285
273 1 2 101 2 285 286
274 1 2 101 2 286 287
275 1 2 101 2 287 288
276 1 2 101 2 288 289
277 1 2 101 2 289 290
278 1 2 101 2 290 291
279 1 2 101 2 291 292
280 1 2 101 2 292 293
281 1 2 101 2 293 294
282 1 2 101 2 294 295
283 1 2 101 2 295 296
284 1 2 101 2 296 297
285 1 2 101 2 297 298
286 1 2 101 2 298 299
287 1 2 101 2 299 300
288 1 2 101 2 300 301
289 1 2 101 2 301 302
290 1 2 101 2 302 303
291 1 2 101 2 303 304
292 1 2 101 2 304 305
293 1 2 101 2 305 306
294 1 2 101 2 306 307
295 1 2 101 2 307 308
296 1 2 101 2 308 309
297 1 2 101 2 309 310
298 1 2 101 2 310 311
299 1 2 101 2 311 312
300 1 2 101 2 312 313
301 1 2 101 2 313 314
302 1 2 101 2 314 315
303 1 2 101 2 315 316
304 1 2 101 2 316 317
305 1 2 101 2 317 318
306 1 2 101 2 318 319
307 1 2 101 2 319 320
308 1 2 101 2 320 321
309 1 2 101 2 321 322
310 1 2 101 2 322 323
311 1 2 101 2 323 324
312 1 2 101 2 324 325
313 1 2 101 2 325 326
314 1 2 101 2 326 327
315 1 2 101 2 327 328
316 1 2 101 2 328 1
317 1 2 102 4 4 329
318 1 2 102 4 329 330
319 1 2 102 4 330 331
320 1 2 102 4 331 332
321 1 2 102 4 332 333
322 1 2 102 4 333 334
323 1 2 102 4 334 335
324 1 2 102 4 335 336
325 1 2 102 4 336 337
326 1 2 102 4 337 338
327 1 2 102 4 338 339
328 1 2 102 4 339 340
329 1 2 102 4 340 341
330 1 2 102 4 341 342
331 1 2 102 4 342 343
332 1 2 102 4 343 344
333 1 2 102 4 344 345
334 1 2 102 4 345 346
335 1 2 102 4 346 347
336 1 2 102 4 347 348
337 1 2 102 4 348 349
338 1 2 102 4 349 350
339 1 2 102 4 350 351
340 1 2 102 4 351 352
341 1 2 102 4 352 353
342 1 2 102 4 353 354
343 1 2 102 4 354 355
344 1 2 102 4 355 356
345 1 2 102 4 356 357
346 1 2 102 4 357 358
347 1 2 102 4 358 359
348 1 2 102 4 359 360
349 1 2 102 4 360 361
350 1 2 102 4 361 362
351 1 2 102 4 362 363
352 1 2 102 4 363 364
353 1 2 102 4 364 365
354 1 2 102 4 365 366
355 1 2 102 4 366 367
356 1 2 102 4 367 368
357 1 2 102 4 368 369
358 1 2 102 4 369 370
359 1 2 102 4 370 371
360 1 2 102 4 371 372
361 1 2 102 4 372 373
362 1 2 102 4 373 374
363 1 2 102 4 374 375
364 1 2 102 4 375 376
365 1 2 102 4 376 377
366 1 2 102 4 377 378
367 1 2 102 4 378 379
368 1 2 102 4 379 380
369 1 2 102 4 380 381
370 1 2 102 4 381 382
371 1 2 102 4 382 383
372 1 2 102 4 383 384
373 1 2 102 4 384 385
374 1 2 102 4 385 386
375 1 2 102 4 386 387
376 1 2 102 4 387 388
377 1 2 102 4 388 389
378 1 2 102 4 389 390
379 1 2 102 4 390 391
380 1 2 102 4 391 392
381 1 2 102 4 392 393
382 1 2 102 4 393 394
383 1 2 102 4 394 395
384 1 2 102 4 395 396
385 1 2 102 4 396 397
386 1 2 102 4 397 398
387 1 2 102 4 398 399
388 1 2 102 4 399 400
389 1 2 102 4 400 401
390 1 2 102 4 401 402
391 1 2 102 4 402 403
392 1 2 102 4 403 404
393 1 2 102 4 404 405
394 1 2 102 4 405 406
395 1 2 102 4 406 407
396 1 2 102 4 407 408
397 1 2 102 4 408 409
398 1 2 102 4 409 410
399 1 2 102 4 410 411
400 1 2 102 4 411 412
401 1 2 102 4 412 413
402 1 2 102 4 413 414
403 1 2 102 4 414 415
404 1 2 102 4 415 416
405 1 2 102 4 416 417
406 1 2 102 4 417 418
407 1 2 102 4 418 419
408 1 2 102 4 419 420
409 1 2 102 4 420 421
410 1 2 102 4 421 422
411 1 2 102 4 422 423
412 1 2 102 4 423 424
413 1 2 102 4 424 425
414 1 2 102 4 425 426
415 1 2 102 4 426 427
416 1 2 102 4 427 428
417 1 2 102 4 428 429
418 1 2 102 4 429 430
419 1 2 102 4 430 431
420 1 2 102 4 431 432
421 1 2 102 4 432 433
422 1 2 102 4 433 434
423 1 2 102 4 434 435
424 1 2 102 4 435 436
425 1 2 102 4 436 437
426 1 2 102 4 437 438
427 1 2 102 4 438 439
428 1 2 102 4 439 440
429 1 2 102 4 440 441
430 1 2 102 4 441 442
431 1 2 102 4 442 443
432 1 2 102 4 443 444
433 1 2 102 4 444 445
434 1 2 102 4 445 446
435 1 2 102 4 446 447
436 1 2 102 4 447 448
437 1 2 102 4 448 449
438 1 2 102 4 449 450
439 1 2 102 4 450 451
440 1 2 102 4 451 452
441 1 2 102 4 452 453
442 1 2 102 4 453 454
443 1 2 102 4 454 455
444 1 2 102 4 455 456
445 1 2 102 4 456 457
446 1 2 102 4 457 458
447 1 2 102 4 458 459
448 1 2 102 4 459 460
449 1 2 102 4 460 461
450 1 2 102 4 461 5
451 1 2 102 5 5 462
452 1 2 102 5 462 463
453 1 2 102 5 463 464
454 1 2 102 5 464 465
455 1 2 102 5 465 466
456 1 2 102 5 466 467
457 1 2 102 5 467 468
458 1 2 102 5 468 469
459 1 2 102 5 469 470
460 1 2 102 5 470 471
461 1 2 102 5 471 472
462 1 2 102 5 472 473
463 1 2 102 5 473 474
464 1 2 102 5 474 475
465 1 2 102 5 475 476
466 1 2 102 5 476 477
467 1 2 102 5 477 478
468 1 2 102 5 478 479
469 1 2 102 5 479 480
470 1 2 102 5 480 481
471 1 2 102 5 481 482
472 1 2 102 5 482 483
473 1 2 102 5 483 484
474 1 2 102 5 484 485
475 1 2 102 5 485 486
476 1 2 102 5 486 487
477 1 2 102 5 487 488
478 1 2 102 5 488 489
479 1 2 102 5 489 490
480 1 2 102 5 490 491
481 1 2 102 5 491 492
482 1 2 102 5 492 493
483 1 2 102 5 493 494
484 1 2 102 5 494 495
485 1 2 102 5 495 496
486 1 2 102 5 496 497
487 1 2 102 5 497 498
488 1 2 102 5 498 499
489 1 2 102 5 499 500
490 1 2 102 5 500 501
491 1 2 102 5 501 502
492 1 2 102 5 502 503
493 1 2 102 5 503 504
494 1 2 102 5 504 505
495 1 2 102 5 505 506
496 1 2 102 5 506 507
497 1 2 102 5 507 508
498 1 2 102 5 508 509
499 1 2 102 5 509 510
500 1 2 102 5 510 511
501 1 2 102 5 511 512
502 1 2 102 5 512 513
503 1 2 102 5 513 514
504 1 2 102 5 514 515
505 1 2 102 5 515 516
506 1 2 102 5 516 517
507 1 2 102 5 517 518
508 1 2 102 5 518 519
509 1 2 102 5 519 520
510 1 2 102 5 520 521
511 1 2 102 5 521 522
512 1 2 102 5 522 523
513 1 2 102 5 523 524
514 1 2 102 5 524 525
515 1 2 102 5 525 526
516 1 2 102 5 526 527
517 1 2 102 5 527 528
518 1 2 102 5 528 529
519 1 2 102 5 529 530
520 1 2 102 5 530 531
521 1 2 102 5 531 532
522 1 2 102 5 532 533
523 1 2 102 5 533 534
524 1 2 102 5 534 535
525 1 2 102 5 535 536
526 1 2 102 5 536 537
527 1 2 102 5 537 538
528 1 2 102 5 538 539
529 1 2 102 5 539 540
530 1 2 102 5 540 541
531 1 2 102 5 541 542
532 1 2 102 5 542 543
533 1 2 102 5 543 544
534 1 2 102 5 544 545
535 1 2 102 5 545 546
536 1 2 102 5 546 547
537 1 2 102 5 547 548
538 1 2 102 5 548 549
539 1 2 102 5 549 550
540 1 2 102 5 550 551
541 1 2 102 5 551 552
542 1 2 102 5 552 553
543 1 2 102 5 553 554
544 1 2 102 5 554 555
545 1 2 102 5 555 556
546 1 2 102 5 556 557
547 1 2 102 5 557 558
548 1 2 102 5 558 559
549 1 2 102 5 559 560
550 1 2 102 5 560 561
551 1 2 102 5 561 562
552 1 2 102 5 562 563
553 1 2 102 5 563 564
554 1 2 102 5 564 565
555 1 2 102 5 565 566
556 1 2 102 5 566 567
557 1 2 102 5 567 568
558 1 2 102 5 568 569
559 1 2 102 5 569 570
560 1 2 102 5 570 571
561 1 2 102 5 571 572
562 1 2 102 5 572 573
563 1 2 102 5 573 574
564 1 2 102 5 574 575
565 1 2 102 5 575 576
566 1 2 102 5 576 577
567 1 2 102 5 577 578
568 1 2 102 5 578 579
569 1 2 102 5 579 580
570 1 2 102 5 580 581
571 1 2 102 5 581 582
572 1 2 102 5 582 583
573 1 2 102 5 583 584
574 1 2 102 5 584 585
575 1 2 102 5 585 586
576 1 2 102 5 586 587
577 1 2 102 5 587 588
578 1 2 102 5 588 589
579 1 2 102 5 589 590
580 1 2 102 5 590 591
581 1 2 102 5 591 592
582 1 2 102 5 592 593
583 1 2 102 5 593 594
584 1 2 102 5 594 6
585 1 2 104 31 1 595
586 1 2 104 31 595 596
587 1 2 104 31 596 597
588 1 2 104 31 597 598
589 1 2 104 31 598 599
590 1 2 104 31 599 600
591 1 2 104 31 600 601
592 1 2 104 31 601 602
593 1 2 104 31 602 603
594 1 2 104 31 603 604
595 1 2 104 31 604 605
596 1 2 104 31 605 606
597 1 2 104 31 606 607
598 1 2 104 31 607 608
599 1 2 104 31 608 4
600 1 2 103 61 6 609
601 1 2 103 61 609 610
602 1 2 103 61 610 611
603 1 2 103 61 611 612
604 1 2 103 61 612 613
605 1 2 103 61 613 614
606 1 2 103 61 614 615
607 1 2 103 61 615 616
608 1 2 103 61 616 617
609 1 2 103 61 617 618
610 1 2 103 61 618 619
611 1 2 103 61 619 620
612 1 2 103 61 620 621
613 1 2 103 61 621 622
614 1 2 103 61 622 3
615 1 2 1040 201 7 623
616 1 2 1040 201 623 624
617 1 2 1040 201 624 625
618 1 2 1040 201 625 8
619 1 2 1040 202 8 626
620 1 2 1040 202 626 627
621 1 2 1040 202 627 628
622 1 2 1040 202 628 9
623 1 2 1040 203 9 629
624 1 2 1040 203 629 630
625 1 2 1040 203 630 631
626 1 2 1040 203 631 10
627 1 2 1040 204 10 632
628 1 2 1040 204 632 633
629 1 2 1040 204 633 634
630 1 2 1040 204 634 7
631 1 2 1030 301 11 635
632 1 2 1030 301 635 636
633 1 2 1030 301 636 637
634 1 2 1030 301 637 12
635 1 2 1030 302 12 638
636 1 2 1030 302 638 639
637 1 2 1030 302 639 640
638 1 2 1030 302 640 13
639 1 2 1030 303 13 641
640 1 2 1030 303 641 642
641 1 2 1030 303 642 643
642 1 2 1030 303 643 14
643 1 2 1030 304 14 644
644 1 2 1030 304 644 645
645 1 2 1030 304 645 646
646 1 2 1030 304 646 11
647 2 2 200 11 4157 122 5589
648 2 2 200 11 858 3373 3552
649 2 2 200 11 121 122 4157
650 2 2 200 11 3377 826 3465
651 2 2 200 11 254 255 3834
652 2 2 200 11 3860 674 3861
653 2 2 200 11 2719 2934 3669
654 2 2 200 11 3232 733 4863
655 2 2 200 11 52 53 3751
656 2 2 200 11 733 3232 4864
657 2 2 200 11 3353 3354 4950
658 2 2 200 11 1982 2547 3482
659 2 2 200 11 3192 5066 5111
660 2 2 200 11 3350 664 3475
661 2 2 200 11 3861 674 3862
662 2 2 200 11 2941 3403 5053
663 2 2 200 11 3403 2941 5265
664 2 2 200 11 3623 2669 5505
665 2 2 200 11 3654 4470 5180
666 2 2 200 11 2671 2669 3623
667 2 2 200 11 3965 788 3967
668 2 2 200 11 3967 788 5041
669 2 2 200 11 664 3350 3474
670 2 2 200 11 2388 3402 5175
671 2 2 200 11 439 755 3443
672 2 2 200 11 835 406 3582
673 2 2 200 11 3655 3087 4688
674 2 2 200 11 3386 2843 3445
675 2 2 200 11 2924 3710 3756
676 2 2 200 11 2927 3666 5511
677 2 2 200 11 4470 3654 5273
678 2 2 200 11 2934 3668 3669
679 2 2 200 11 2962 3660 3661
680 2 2 200 11 711 5014 5422
681 2 2 200 11 3245 827 3467
682 2 2 200 11 3250 3768 5007
683 2 2 200 11 2312 3497 5084
684 2 2 200 11 2927 3665 3666
685 2 2 200 11 3487 2232 3516
686 2 2 200 11 3705 2861 5121
687 2 2 200 11 3575 2602 3577
688 2 2 200 11 5057 3692 5093
689 2 2 200 11 846 3692 5057
690 2 2 200 11 4477 3630 5140
691 2 2 200 11 5177 3594 5271
692 2 2 200 11 3471 2210 3472
693 2 2 200 11 3660 2962 3662
694 2 2 200 11 3373 2831 3552
695 2 2 200 11 3353 4950 5497
696 2 2 200 11 3083 3713 5094
697 2 2 200 11 719 3231 5099
698 2 2 200 11 3231 719 5091
699 2 2 200 11 3906 766 4928
700 2 2 200 11 3638 3639 5070
701 2 2 200 11 2142 4477 5140
702 2 2 200 11 3967 5041 5123
703 2 2 200 11 3968 3967 5123
704 2 2 200 11 3227 791 4948
705 2 2 200 11 3497 2312 3730
706 2 2 200 11 3360 737 3390
707 2 2 200 11 2241 2242 4975
708 2 2 200 11 3769 726 4459
709 2 2 200 11 3203 5107 5157
710 2 2 200 11 5014 3236 5422
711 2 2 200 11 585 832 3440
712 2 2 200 11 3729 813 5120
713 2 2 200 11 846 3236 5014
714 2 2 200 11 428 748 3617
715 2 2 200 11 2344 8 5105
716 2 2 200 11 3236 846 5057
717 2 2 200 11 251 4899 5478
718 2 2 200 11 165 655 3809
719 2 2 200 11 4601 682 4704
720 2 2 200 11 3685 2859 4479
721 2 2 200 11 3347 830 3522
722 2 2 200 11 3189 635 5115
723 2 2 200 11 4021 772 4058
724 2 2 200 11 3414 849 4436
725 2 2 200 11 602 603 3447
726 2 2 200 11 880 3849 4942
727 2 2 200 11 3983 879 3985
728 2 2 200 11 3976 667 5548
729 2 2 200 11 2391 638 5117
730 2 2 200 11 3335 4904 4924
731 2 2 200 11 2825 4480 5186
732 2 2 200 11 830 3347 3521
733 2 2 200 11 3453 709 3455
734 2 2 200 11 667 3976 4232
735 2 2 200 11 3168 4918 5368
736 2 2 200 11 5108 3213 5198
737 2 2 200 11 3624 2872 3625
738 2 2 200 11 2904 3465 5122
739 2 2 200 11 3168 3134 4918
740 2 2 200 11 682 4601 5312
741 2 2 200 11 170 171 3459
742 2 2 200 11 2867 2210 3471
743 2 2 200 11 3699 2896 4785
744 2 2 200 11 849 3420 4436
745 2 2 200 11 661 4158 4160
746 2 2 200 11 3431 3754 3799
747 2 2 200 11 3365 777 3480
748 2 2 200 11 3768 3250 5306
749 2 2 200 11 2156 5177 5271
750 2 2 200 11 3419 750 3637
751 2 2 200 11 2904 3377 3465
752 2 2 200 11 634 3202 5144
753 2 2 200 11 887 3244 4960
754 2 2 200 11 3727 3495 5255
755 2 2 200 11 3113 5049 5313
756 2 2 200 11 2728 2721 5275
757 2 2 200 11 681 3413 4939
758 2 2 200 11 3655 4688 5273
759 2 2 200 11 2403 2405 5175
760 2 2 200 11 584 585 3440
761 2 2 200 11 3339 5042 5175
762 2 2 200 11 122 795 5589
763 2 2 200 11 3507 2939 3717
764 2 2 200 11 752 4911 5037
765 2 2 200 11 3101 4512 4602
766 2 2 200 11 5042 2774 5175
767 2 2 200 11 4996 3544 5310
768 2 2 200 11 2858 3475 3476
769 2 2 200 11 4911 3187 5037
770 2 2 200 11 827 3245 5104
771 2 2 200 11 662 3805 4211
772 2 2 200 11 3413 681 5137
773 2 2 200 11 3404 2904 5122
774 2 2 200 11 3554 5125 5354
775 2 2 200 11 241 242 3415
776 2 2 200 11 2858 3476 3545
777 2 2 200 11 801 254 3834
778 2 2 200 11 3769 4459 5359
779 2 2 200 11 3455 709 5190
780 2 2 200 11 3179 3180 3709
781 2 2 200 11 164 165 3809
782 2 2 200 11 866 3462 5143
783 2 2 200 11 719 3711 5080
784 2 2 200 11 719 5080 5091
785 2 2 200 11 661 4160 4905
786 2 2 200 11 438 439 3443
787 2 2 200 11 406 407 3582
788 2 2 200 11 3385 840 3574
789 2 2 200 11 3617 2825 5186
790 2 2 200 11 840 3385 3575
791 2 2 200 11 4904 780 4924
792 2 2 200 11 2499 3940 3944
793 2 2 200 11 5066 790 5111
794 2 2 200 11 2821 5226 5248
795 2 2 200 11 2709 2918 4976
796 2 2 200 11 737 3360 5339
797 2 2 200 11 2073 2076 3517
798 2 2 200 11 4149 3209 4947
799 2 2 200 11 3114 3113 5313
800 2 2 200 11 2602 3575 5308
801 2 2 200 11 879 3983 3987
802 2 2 200 11 2774 2388 5175
803 2 2 200 11 667 4232 4953
804 2 2 200 11 3231 3692 5099
805 2 2 200 11 3717 2939 3718
806 2 2 200 11 786 4385 5064
807 2 2 200 11 2873 3591 4871
808 2 2 200 11 3692 3231 5093
809 2 2 200 11 4863 733 5154
810 2 2 200 11 69 769 3785
811 2 2 200 11 752 3660 3662
812 2 2 200 11 2863 4943 4961
813 2 2 200 11 3179 3709 5414
814 2 2 200 11 1981 1982 3482
815 2 2 200 11 776 241 3415
816 2 2 200 11 5173 2777 5219
817 2 2 200 11 399 5251 5347
818 2 2 200 11 883 4600 4602
819 2 2 200 11 5125 893 5354
820 2 2 200 11 251 252 4899
821 2 2 200 11 671 3822 3999
822 2 2 200 11 4017 676 4018
823 2 2 200 11 731 3685 4479
824 2 2 200 11 4232 4132 4953
825 2 2 200 11 4998 3844 5368
826 2 2 200 11 5251 3370 5347
827 2 2 200 11 3438 649 5293
828 2 2 200 11 752 3662 4911
829 2 2 200 11 3905 3906 4928
830 2 2 200 11 647 896 897
831 2 2 200 11 3244 887 5246
832 2 2 200 11 3419 3637 5070
833 2 2 200 11 777 3365 3479
834 2 2 200 11 797 3387 3819
835 2 2 200 11 3371 861 4975
836 2 2 200 11 666 3384 4766
837 2 2 200 11 2918 3706 4976
838 2 2 200 11 648 2922 3358
839 2 2 200 11 3462 3747 5143
840 2 2 200 11 805 2841 2842
841 2 2 200 11 649 3438 5325
842 2 2 200 11 3516 2232 3517
843 2 2 200 11 2861 3485 5121
844 2 2 200 11 804 2909 3374
845 2 2 200 11 2956 3394 5174
846 2 2 200 11 3402 2388 5032
847 2 2 200 11 2841 802 3400
848 2 2 200 11 2068 2071 5046
849 2 2 200 11 476 5285 5296
850 2 2 200 11 3187 3711 5037
851 2 2 200 11 2922 816 3191
852 2 2 200 11 3754 3753 3799
853 2 2 200 11 3543 2241 4975
854 2 2 200 11 3426 3519 5138
855 2 2 200 11 3108 4996 5310
856 2 2 200 11 5107 658 5157
857 2 2 200 11 3432 4863 5154
858 2 2 200 11 861 3371 5501
859 2 2 200 11 896 808 1953
860 2 2 200 11 3982 685 3987
861 2 2 200 11 3339 3434 5042
862 2 2 200 11 53 653 3751
863 2 2 200 11 3639 2236 5070
864 2 2 200 11 110 111 3937
865 2 2 200 11 2909 818 3118
866 2 2 200 11 765 4998 5368
867 2 2 200 11 3711 3187 5080
868 2 2 200 11 5058 3942 5150
869 2 2 200 11 854 602 3447
870 2 2 200 11 5116 3416 5421
871 2 2 200 11 820 2294 2295
872 2 2 200 11 3591 2873 5305
873 2 2 200 11 817 2818 2819
874 2 2 200 11 68 69 3785
875 2 2 200 11 2819 5048 5216
876 2 2 200 11 663 5108 5198
877 2 2 200 11 2294 809 3458
878 2 2 200 11 3373 3729 5120
879 2 2 200 11 3354 4919 4950
880 2 2 200 11 826 3377 3466
881 2 2 200 11 3839 794 5404
882 2 2 200 11 3378 5102 5161
883 2 2 200 11 2885 3643 3644
884 2 2 200 11 2937 3663 3664
885 2 2 200 11 2219 3587 4726
886 2 2 200 11 5102 807 5161
887 2 2 200 11 5285 3364 5296
888 2 2 200 11 773 5058 5150
889 2 2 200 11 626 8 2344
890 2 2 200 11 3431 767 3754
891 2 2 200 11 76 787 3823
892 2 2 200 11 3625 2872 5088
893 2 2 200 11 636 635 3189
894 2 2 200 11 3351 687 5221
895 2 2 200 11 3713 3761 5094
896 2 2 200 11 2896 3699 5200
897 2 2 200 11 3434 859 5042
898 2 2 200 11 3849 880 5362
899 2 2 200 11 687 3351 5469
900 2 2 200 11 171 689 3459
901 2 2 200 11 5267 55 5392
902 2 2 200 11 639 638 2391
903 2 2 200 11 2868 829 3132
904 2 2 200 11 870 3389 3427
905 2 2 200 11 5226 3573 5248
906 2 2 200 11 829 2392 2393
907 2 2 200 11 5075 3566 5292
908 2 2 200 11 2277 3598 3600
909 2 2 200 11 2402 828 2403
910 2 2 200 11 673 270 4041
911 2 2 200 11 3389 870 3406
912 2 2 200 11 3912 787 5279
913 2 2 200 11 3752 5267 5392
914 2 2 200 11 427 428 3617
915 2 2 200 11 2721 2719 3669
916 2 2 200 11 2270 3416 5116
917 2 2 200 11 634 633 3202
918 2 2 200 11 872 3368 4931
919 2 2 200 11 3188 3370 5251
920 2 2 200 11 3188 5251 5408
921 2 2 200 11 778 4675 5089
922 2 2 200 11 3345 3344 3703
923 2 2 200 11 4149 4947 5385
924 2 2 200 11 2913 2797 3708
925 2 2 200 11 2823 821 3471
926 2 2 200 11 5011 2914 5074
927 2 2 200 11 3495 3727 5196
928 2 2 200 11 2851 3700 3701
929 2 2 200 11 3499 3484 5350
930 2 2 200 11 3805 662 5344
931 2 2 200 11 4953 4132 5050
932 2 2 200 11 2696 2885 3644
933 2 2 200 11 648 14 2922
934 2 2 200 11 3400 3190 3451
935 2 2 200 11 805 12 2841
936 2 2 200 11 3710 2924 5277
937 2 2 200 11 52 3751 5474
938 2 2 200 11 5533 2266 5551
939 2 2 200 11 804 625 2909
940 2 2 200 11 130 131 3990
941 2 2 200 11 2547 3365 3482
942 2 2 200 11 3718 2938 4690
943 2 2 200 11 4600 3101 4602
944 2 2 200 11 3144 3567 5281
945 2 2 200 11 35 36 4864
946 2 2 200 11 637 802 2841
947 2 2 200 11 647 631 896
948 2 2 200 11 2721 3669 5275
949 2 2 200 11 643 816 2922
950 2 2 200 11 681 3481 5137
951 2 2 200 11 630 808 896
952 2 2 200 11 4132 4131 5050
953 2 2 200 11 624 818 2909
954 2 2 200 11 3567 3144 5303
955 2 2 200 11 779 3794 5392
956 2 2 200 11 4600 883 4601
957 2 2 200 11 9 821 2823
958 2 2 200 11 3373 858 3729
959 2 2 200 11 646 809 2294
960 2 2 200 11 3484 3156 5184
961 2 2 200 11 772 4021 5445
962 2 2 200 11 691 251 5478
963 2 2 200 11 3840 196 5290
964 2 2 200 11 817 632 2818
965 2 2 200 11 802 3190 3400
966 2 2 200 11 270 271 4041
967 2 2 200 11 820 11 2294
968 2 2 200 11 3834 255 4893
969 2 2 200 11 809 3186 3458
970 2 2 200 11 3191 3416 5209
971 2 2 200 11 196 3840 5404
972 2 2 200 11 2259 3569 3570
973 2 2 200 11 4192 678 5244
974 2 2 200 11 3484 3499 5406
975 2 2 200 11 3230 5533 5551
976 2 2 200 11 450 451 3576
977 2 2 200 11 3402 2403 5175
978 2 2 200 11 4926 660 5017
979 2 2 200 11 641 829 2868
980 2 2 200 11 288 3855 5187
981 2 2 200 11 2211 2867 5185
982 2 2 200 11 3186 2293 5538
983 2 2 200 11 2010 3753 4247
984 2 2 200 11 3242 783 5187
985 2 2 200 11 669 4153 5033
986 2 2 200 11 2843 3386 5117
987 2 2 200 11 3481 681 5286
988 2 2 200 11 3477 2370 3720
989 2 2 200 11 640 819 2392
990 2 2 200 11 3986 782 3989
991 2 2 200 11 3837 3227 4948
992 2 2 200 11 5170 3186 5538
993 2 2 200 11 3081 3647 4490
994 2 2 200 11 75 76 3823
995 2 2 200 11 3560 5173 5219
996 2 2 200 11 2878 3135 3456
997 2 2 200 11 829 13 2392
998 2 2 200 11 679 4007 5189
999 2 2 200 11 3386 3445 5239
1000 2 2 200 11 7 828 2402
1001 2 2 200 11 101 3382 5157
1002 2 2 200 11 3855 288 5503
1003 2 2 200 11 4385 786 5470
1004 2 2 200 11 3406 775 3880
1005 2 2 200 11 3479 3481 5286
1006 2 2 200 11 3659 2924 3756
1007 2 2 200 11 3942 876 4753
1008 2 2 200 11 2283 3612 3613
1009 2 2 200 11 3985 879 4672
1010 2 2 200 11 4950 654 5497
1011 2 2 200 11 3479 5286 5451
1012 2 2 200 11 5241 3695 5388
1013 2 2 200 11 3587 2219 5423
1014 2 2 200 11 186 4193 5244
1015 2 2 200 11 3632 2142 5140
1016 2 2 200 11 4007 679 5282
1017 2 2 200 11 1969 4484 4682
1018 2 2 200 11 3445 2322 5239
1019 2 2 200 11 791 3227 5536
1020 2 2 200 11 5078 4709 5151
1021 2 2 200 11 748 3616 3617
1022 2 2 200 11 3374 2383 3477
1023 2 2 200 11 1488 1489 3526
1024 2 2 200 11 126 127 3987
1025 2 2 200 11 3581 835 3582
1026 2 2 200 11 799 5135 5202
1027 2 2 200 11 2338 3400 3451
1028 2 2 200 11 726 3645 4459
1029 2 2 200 11 4193 186 5459
1030 2 2 200 11 671 3999 4000
1031 2 2 200 11 5103 2890 5193
1032 2 2 200 11 2878 3456 3460
1033 2 2 200 11 783 3242 5471
1034 2 2 200 11 3382 101 5541
1035 2 2 200 11 5306 3250 5560
1036 2 2 200 11 3207 5343 5387
1037 2 2 200 11 4160 4753 4905
1038 2 2 200 11 3338 2406 3529
1039 2 2 200 11 4753 876 4905
1040 2 2 200 11 704 559 3461
1041 2 2 200 11 5060 2882 5097
1042 2 2 200 11 821 3195 3471
1043 2 2 200 11 3677 5382 5468
1044 2 2 200 11 678 4192 5409
1045 2 2 200 11 5209 3416 5426
1046 2 2 200 11 876 3942 5058
1047 2 2 200 11 679 3968 5123
1048 2 2 200 11 5135 4134 5202
1049 2 2 200 11 4153 669 5327
1050 2 2 200 11 2242 3371 4975
1051 2 2 200 11 2939 3507 4997
1052 2 2 200 11 8 804 5105
1053 2 2 200 11 3384 666 5061
1054 2 2 200 11 3447 603 5148
1055 2 2 200 11 5343 822 5387
1056 2 2 200 11 3378 893 5102
1057 2 2 200 11 3250 3249 5560
1058 2 2 200 11 4926 5017 5529
1059 2 2 200 11 3862 875 4200
1060 2 2 200 11 794 3839 5169
1061 2 2 200 11 3968 679 5189
1062 2 2 200 11 718 3418 5367
1063 2 2 200 11 2891 5241 5388
1064 2 2 200 11 692 4881 5238
1065 2 2 200 11 2322 3445 5396
1066 2 2 200 11 738 3376 5098
1067 2 2 200 11 5092 3640 5301
1068 2 2 200 11 638 805 5117
1069 2 2 200 11 3428 1488 3526
1070 2 2 200 11 3668 2934 4881
1071 2 2 200 11 676 4017 4019
1072 2 2 200 11 731 4479 5068
1073 2 2 200 11 628 627 5363
1074 2 2 200 11 2339 2755 5029
1075 2 2 200 11 3118 3513 5383
1076 2 2 200 11 635 820 5115
1077 2 2 200 11 5382 2846 5468
1078 2 2 200 11 2492 3939 5242
1079 2 2 200 11 684 4030 4032
1080 2 2 200 11 2913 3708 5386
1081 2 2 200 11 2889 3862 4200
1082 2 2 200 11 3368 872 5199
1083 2 2 200 11 3666 3667 5511
1084 2 2 200 11 703 3421 3422
1085 2 2 200 11 3703 3344 5494
1086 2 2 200 11 3521 3347 5042
1087 2 2 200 11 3420 849 3607
1088 2 2 200 11 893 3378 5354
1089 2 2 200 11 5051 2315 5232
1090 2 2 200 11 3458 3186 4892
1091 2 2 200 11 2142 3632 5262
1092 2 2 200 11 2889 3861 3862
1093 2 2 200 11 78 5274 5279
1094 2 2 200 11 782 3986 4672
1095 2 2 200 11 2245 2244 4903
1096 2 2 200 11 758 3403 5265
1097 2 2 200 11 4918 765 5368
1098 2 2 200 11 817 2819 5216
1099 2 2 200 11 3398 717 5431
1100 2 2 200 11 2406 2792 3529
1101 2 2 200 11 2076 3230 3517
1102 2 2 200 11 3402 5032 5419
1103 2 2 200 11 833 3401 5402
1104 2 2 200 11 3403 758 3437
1105 2 2 200 11 3739 5051 5232
1106 2 2 200 11 3109 5075 5292
1107 2 2 200 11 668 3784 4148
1108 2 2 200 11 3609 4485 5134
1109 2 2 200 11 3497 2315 5084
1110 2 2 200 11 3939 2492 5460
1111 2 2 200 11 771 110 3937
1112 2 2 200 11 3520 3163 5059
1113 2 2 200 11 2318 3444 3483
1114 2 2 200 11 3337 3606 4473
1115 2 2 200 11 3396 654 5322
1116 2 2 200 11 653 3750 3751
1117 2 2 200 11 3167 5331 5380
1118 2 2 200 11 3374 3477 3720
1119 2 2 200 11 2211 5185 5520
1120 2 2 200 11 3676 2828 4478
1121 2 2 200 11 2913 3676 4478
1122 2 2 200 11 2763 2760 3536
1123 2 2 200 11 3449 771 3936
1124 2 2 200 11 2647 3627 5269
1125 2 2 200 11 3944 3940 5192
1126 2 2 200 11 3423 836 5020
1127 2 2 200 11 3555 3221 5173
1128 2 2 200 11 4945 2969 4954
1129 2 2 200 11 654 3396 5497
1130 2 2 200 11 3488 2068 5046
1131 2 2 200 11 828 634 5144
1132 2 2 200 11 3376 738 5373
1133 2 2 200 11 3515 3517 5551
1134 2 2 200 11 736 4907 5166
1135 2 2 200 11 787 3912 5311
1136 2 2 200 11 3372 717 5236
1137 2 2 200 11 645 644 5399
1138 2 2 200 11 4070 877 4940
1139 2 2 200 11 3683 729 4510
1140 2 2 200 11 867 4019 5067
1141 2 2 200 11 3643 2885 3645
1142 2 2 200 11 827 3399 5288
1143 2 2 200 11 3443 755 5415
1144 2 2 200 11 3207 3401 5297
1145 2 2 200 11 3399 827 5104
1146 2 2 200 11 2392 819 5397
1147 2 2 200 11 5026 3409 5558
1148 2 2 200 11 2851 3701 3702
1149 2 2 200 11 3387 797 5266
1150 2 2 200 11 3627 2647 5475
1151 2 2 200 11 717 3398 5236
1152 2 2 200 11 5331 831 5380
1153 2 2 200 11 3401 833 5297
1154 2 2 200 11 3936 771 3937
1155 2 2 200 11 3689 1905 4482
1156 2 2 200 11 2390 628 5363
1157 2 2 200 11 2914 3456 5074
1158 2 2 200 11 3395 780 4904
1159 2 2 200 11 3794 779 5208
1160 2 2 200 11 2232 2073 3517
1161 2 2 200 11 3471 3195 5562
1162 2 2 200 11 2244 3131 4903
1163 2 2 200 11 2939 2938 3718
1164 2 2 200 11 3519 3426 5416
1165 2 2 200 11 3517 3230 5551
1166 2 2 200 11 559 560 3461
1167 2 2 200 11 3207 5297 5343
1168 2 2 200 11 3394 2956 5228
1169 2 2 200 11 674 3860 5101
1170 2 2 200 11 717 3372 5510
1171 2 2 200 11 855 5026 5558
1172 2 2 200 11 2053 2065 3488
1173 2 2 200 11 1544 3484 5184
1174 2 2 200 11 4886 732 4889
1175 2 2 200 11 3714 731 5068
1176 2 2 200 11 894 3727 5255
1177 2 2 200 11 2315 3497 5232
1178 2 2 200 11 10 647 5398
1179 2 2 200 11 4057 268 5355
1180 2 2 200 11 4163 687 4932
1181 2 2 200 11 5009 4005 5164
1182 2 2 200 11 3421 703 3423
1183 2 2 200 11 808 629 5400
1184 2 2 200 11 3598 2277 5225
1185 2 2 200 11 5019 5018 5133
1186 2 2 200 11 268 4057 5394
1187 2 2 200 11 458 3503 5276
1188 2 2 200 11 3087 3655 5075
1189 2 2 200 11 3469 1699 4989
1190 2 2 200 11 3360 2930 3715
1191 2 2 200 11 859 3521 5042
1192 2 2 200 11 2872 3624 5305
1193 2 2 200 11 3438 3437 5325
1194 2 2 200 11 2974 4946 5328
1195 2 2 200 11 629 2823 5400
1196 2 2 200 11 842 3455 5190
1197 2 2 200 11 2309 2338 3451
1198 2 2 200 11 4483 3619 4484
1199 2 2 200 11 3983 3982 3987
1200 2 2 200 11 5317 3628 5389
1201 2 2 200 11 2818 10 5398
1202 2 2 200 11 3351 3192 5111
1203 2 2 200 11 5126 2956 5174
1204 2 2 200 11 4886 4889 5560
1205 2 2 200 11 775 3406 5341
1206 2 2 200 11 2698 2696 3644
1207 2 2 200 11 3233 3619 4483
1208 2 2 200 11 5485 3580 5570
1209 2 2 200 11 2293 645 5399
1210 2 2 200 11 4943 2863 5427
1211 2 2 200 11 3700 2851 4901
1212 2 2 200 11 3580 3581 5570
1213 2 2 200 11 2241 3543 5005
1214 2 2 200 11 2711 2709 4976
1215 2 2 200 11 3221 3555 5499
1216 2 2 200 11 2974 3805 4946
1217 2 2 200 11 3440 832 5029
1218 2 2 200 11 170 3459 5266
1219 2 2 200 11 836 3423 5450
1220 2 2 200 11 3809 655 5079
1221 2 2 200 11 2863 4961 5069
1222 2 2 200 11 3388 716 5254
1223 2 2 200 11 1483 1485 3723
1224 2 2 200 11 3503 458 5439
1225 2 2 200 11 864 35 4864
1226 2 2 200 11 4602 4512 5470
1227 2 2 200 11 3998 5304 5478
1228 2 2 200 11 782 130 3990
1229 2 2 200 11 4030 684 4033
1230 2 2 200 11 2879 3473 5615
1231 2 2 200 11 716 3388 5446
1232 2 2 200 11 3713 3083 5381
1233 2 2 200 11 4919 3354 4982
1234 2 2 200 11 700 3636 4580
1235 2 2 200 11 4058 772 5055
1236 2 2 200 11 3507 3506 4997
1237 2 2 200 11 3216 3427 3878
1238 2 2 200 11 128 129 4672
1239 2 2 200 11 673 3803 5355
1240 2 2 200 11 818 623 5419
1241 2 2 200 11 3511 5162 5233
1242 2 2 200 11 3433 730 4455
1243 2 2 200 11 816 642 5421
1244 2 2 200 11 3637 3638 5070
1245 2 2 200 11 4929 3194 5272
1246 2 2 200 11 3753 2010 3799
1247 2 2 200 11 2758 2757 5142
1248 2 2 200 11 5325 3437 5544
1249 2 2 200 11 3698 4373 5414
1250 2 2 200 11 780 3395 5156
1251 2 2 200 11 642 2868 5421
1252 2 2 200 11 5147 482 5318
1253 2 2 200 11 653 3749 3750
1254 2 2 200 11 36 733 4864
1255 2 2 200 11 4019 867 5410
1256 2 2 200 11 3634 2234 4503
1257 2 2 200 11 3990 5009 5164
1258 2 2 200 11 4485 3609 4810
1259 2 2 200 11 3706 2918 4907
1260 2 2 200 11 3691 718 5367
1261 2 2 200 11 3645 2885 4459
1262 2 2 200 11 4131 799 5050
1263 2 2 200 11 3116 3562 3563
1264 2 2 200 11 1489 1493 3526
1265 2 2 200 11 2937 3664 5361
1266 2 2 200 11 623 2402 5419
1267 2 2 200 11 302 664 3474
1268 2 2 200 11 3478 3469 4989
1269 2 2 200 11 3679 2812 5243
1270 2 2 200 11 2065 2068 3488
1271 2 2 200 11 3427 3389 3878
1272 2 2 200 11 2856 5317 5389
1273 2 2 200 11 766 3906 5526
1274 2 2 200 11 451 840 3576
1275 2 2 200 11 2071 2232 5046
1276 2 2 200 11 5274 3913 5279
1277 2 2 200 11 3455 842 5494
1278 2 2 200 11 4018 676 5114
1279 2 2 200 11 799 4131 5135
1280 2 2 200 11 2232 3487 5046
1281 2 2 200 11 3986 3985 4672
1282 2 2 200 11 3753 3750 4247
1283 2 2 200 11 3372 2849 4967
1284 2 2 200 11 3407 801 5403
1285 2 2 200 11 124 3981 5176
1286 2 2 200 11 3977 3976 5548
1287 2 2 200 11 3990 131 5009
1288 2 2 200 11 4484 3454 4682
1289 2 2 200 11 1969 4483 4484
1290 2 2 200 11 3469 2879 5615
1291 2 2 200 11 5129 2935 5201
1292 2 2 200 11 2864 5092 5301
1293 2 2 200 11 3681 2893 3682
1294 2 2 200 11 838 3391 5433
1295 2 2 200 11 2156 3615 5177
1296 2 2 200 11 3612 2283 5430
1297 2 2 200 11 5304 691 5478
1298 2 2 200 11 3603 5078 5151
1299 2 2 200 11 3569 2259 4896
1300 2 2 200 11 3599 3161 3601
1301 2 2 200 11 687 4163 5221
1302 2 2 200 11 2384 2386 3522
1303 2 2 200 11 5193 2890 5397
1304 2 2 200 11 3704 2887 5167
1305 2 2 200 11 127 879 3987
1306 2 2 200 11 685 126 3987
1307 2 2 200 11 1954 5400 5512
1308 2 2 200 11 4480 705 5186
1309 2 2 200 11 869 3905 4928
1310 2 2 200 11 4111 762 4927
1311 2 2 200 11 5162 2915 5233
1312 2 2 200 11 4675 778 5517
1313 2 2 200 11 3554 2955 5125
1314 2 2 200 11 4881 2934 5238
1315 2 2 200 11 800 3436 3536
1316 2 2 200 11 2386 3347 3522
1317 2 2 200 11 450 3576 5631
1318 2 2 200 11 4957 690 4973
1319 2 2 200 11 657 5060 5097
1320 2 2 200 11 301 302 3474
1321 2 2 200 11 3748 2952 4214
1322 2 2 200 11 801 3407 5391
1323 2 2 200 11 3632 3181 5262
1324 2 2 200 11 2147 3718 4690
1325 2 2 200 11 3803 673 5366
1326 2 2 200 11 2876 2339 5029
1327 2 2 200 11 1488 3428 3723
1328 2 2 200 11 665 3442 3748
1329 2 2 200 11 3604 4984 5071
1330 2 2 200 11 5400 3472 5512
1331 2 2 200 11 2842 2841 5224
1332 2 2 200 11 4675 3201 5089
1333 2 2 200 11 3345 3703 4868
1334 2 2 200 11 3206 3397 4977
1335 2 2 200 11 3195 2390 4979
1336 2 2 200 11 4918 3134 4962
1337 2 2 200 11 3519 5059 5138
1338 2 2 200 11 2841 3400 5224
1339 2 2 200 11 3654 3655 5273
1340 2 2 200 11 3111 2878 3460
1341 2 2 200 11 3483 3444 5610
1342 2 2 200 11 3408 383 5433
1343 2 2 200 11 3415 242 5097
1344 2 2 200 11 3535 4892 5443
1345 2 2 200 11 3181 3632 5376
1346 2 2 200 11 2383 3374 5383
1347 2 2 200 11 3840 3839 5404
1348 2 2 200 11 4034 62 5555
1349 2 2 200 11 2861 3705 5412
1350 2 2 200 11 383 3408 5338
1351 2 2 200 11 3606 3337 5569
1352 2 2 200 11 2812 3679 5547
1353 2 2 200 11 3194 4929 5409
1354 2 2 200 11 3436 2763 3536
1355 2 2 200 11 871 3732 5375
1356 2 2 200 11 2760 2758 3536
1357 2 2 200 11 3513 2383 5383
1358 2 2 200 11 3476 878 3545
1359 2 2 200 11 3822 671 5289
1360 2 2 200 11 3391 838 5303
1361 2 2 200 11 3615 2156 5364
1362 2 2 200 11 3937 111 5575
1363 2 2 200 11 5059 3163 5428
1364 2 2 200 11 694 3463 4742
1365 2 2 200 11 2773 3250 5152
1366 2 2 200 11 826 3466 4898
1367 2 2 200 11 3589 3585 4524
1368 2 2 200 11 62 4034 5284
1369 2 2 200 11 3382 3203 5157
1370 2 2 200 11 3981 124 5601
1371 2 2 200 11 5202 4134 5294
1372 2 2 200 11 4907 2918 5166
1373 2 2 200 11 2969 4945 5337
1374 2 2 200 11 3395 3396 5156
1375 2 2 200 11 2405 3339 5175
1376 2 2 200 11 3944 773 5150
1377 2 2 200 11 3616 3615 5364
1378 2 2 200 11 781 3797 5623
1379 2 2 200 11 1483 3723 3724
1380 2 2 200 11 3794 3752 5392
1381 2 2 200 11 3111 3460 3742
1382 2 2 200 11 668 4148 4149
1383 2 2 200 11 4071 774 5034
1384 2 2 200 11 3515 3516 3517
1385 2 2 200 11 3732 871 5487
1386 2 2 200 11 5268 3722 5479
1387 2 2 200 11 5224 2338 5610
1388 2 2 200 11 2345 2349 4990
1389 2 2 200 11 3500 5268 5479
1390 2 2 200 11 2669 3125 5505
1391 2 2 200 11 2234 3634 4504
1392 2 2 200 11 2823 3471 3472
1393 2 2 200 11 3717 3558 3719
1394 2 2 200 11 2370 2368 3720
1395 2 2 200 11 2307 2309 3451
1396 2 2 200 11 4967 2849 5248
1397 2 2 200 11 3206 4977 5151
1398 2 2 200 11 3577 2602 5172
1399 2 2 200 11 3399 3238 5288
1400 2 2 200 11 3913 3912 5279
1401 2 2 200 11 771 3449 4972
1402 2 2 200 11 2859 3685 5519
1403 2 2 200 11 4134 4734 5294
1404 2 2 200 11 849 3414 5476
1405 2 2 200 11 3580 3181 5376
1406 2 2 200 11 888 4032 5028
1407 2 2 200 11 850 3609 5134
1408 2 2 200 11 4385 4386 5064
1409 2 2 200 11 862 3528 3530
1410 2 2 200 11 705 4480 4984
1411 2 2 200 11 3425 853 5015
1412 2 2 200 11 3616 5364 5528
1413 2 2 200 11 795 4216 5589
1414 2 2 200 11 3785 769 5207
1415 2 2 200 11 31 3779 5163
1416 2 2 200 11 2755 3440 5029
1417 2 2 200 11 680 3914 5274
1418 2 2 200 11 4470 3251 5180
1419 2 2 200 11 1485 1488 3723
1420 2 2 200 11 3512 694 4742
1421 2 2 200 11 527 3417 5431
1422 2 2 200 11 3195 4979 5316
1423 2 2 200 11 4990 4979 5363
1424 2 2 200 11 2302 5136 5165
1425 2 2 200 11 3616 2825 3617
1426 2 2 200 11 3365 3480 3482
1427 2 2 200 11 3490 3493 3498
1428 2 2 200 11 3647 3081 5587
1429 2 2 200 11 685 3982 5634
1430 2 2 200 11 4979 2390 5363
1431 2 2 200 11 3512 3376 5373
1432 2 2 200 11 587 826 4898
1433 2 2 200 11 3464 2378 5045
1434 2 2 200 11 2926 2053 3488
1435 2 2 200 11 3213 3214 5198
1436 2 2 200 11 3667 2732 5511
1437 2 2 200 11 3418 718 5277
1438 2 2 200 11 746 3590 3591
1439 2 2 200 11 3536 2758 5142
1440 2 2 200 11 129 782 4672
1441 2 2 200 11 879 128 4672
1442 2 2 200 11 121 4157 5231
1443 2 2 200 11 3249 4886 5560
1444 2 2 200 11 2276 3506 5124
1445 2 2 200 11 3356 5455 5615
1446 2 2 200 11 5288 3238 5438
1447 2 2 200 11 2265 3514 3515
1448 2 2 200 11 4942 3849 5205
1449 2 2 200 11 3243 5147 5318
1450 2 2 200 11 409 410 3645
1451 2 2 200 11 5264 2901 5357
1452 2 2 200 11 4957 4973 5307
1453 2 2 200 11 2743 3936 3937
1454 2 2 200 11 3452 2926 3486
1455 2 2 200 11 3416 2270 5426
1456 2 2 200 11 134 5110 5181
1457 2 2 200 11 3417 527 5369
1458 2 2 200 11 2338 3483 5610
1459 2 2 200 11 5156 3396 5322
1460 2 2 200 11 5120 813 5576
1461 2 2 200 11 840 3575 3576
1462 2 2 200 11 3364 2827 3761
1463 2 2 200 11 3989 782 3990
1464 2 2 200 11 2368 2346 5105
1465 2 2 200 11 842 3703 5494
1466 2 2 200 11 2926 3452 3509
1467 2 2 200 11 3219 3384 5061
1468 2 2 200 11 2743 3937 3938
1469 2 2 200 11 532 3424 5261
1470 2 2 200 11 4580 3636 5488
1471 2 2 200 11 1923 1921 3742
1472 2 2 200 11 1511 1938 3478
1473 2 2 200 11 4373 3698 5302
1474 2 2 200 11 3420 3607 4992
1475 2 2 200 11 3246 4971 5520
1476 2 2 200 11 3723 3429 3724
1477 2 2 200 11 5398 898 5455
1478 2 2 200 11 4216 795 5588
1479 2 2 200 11 2927 2728 5275
1480 2 2 200 11 118 119 4905
1481 2 2 200 11 3185 4944 5214
1482 2 2 200 11 3181 3580 5485
1483 2 2 200 11 584 3440 5525
1484 2 2 200 11 2654 4471 4504
1485 2 2 200 11 3699 4785 5302
1486 2 2 200 11 4490 3647 5092
1487 2 2 200 11 3724 3429 3725
1488 2 2 200 11 3487 3516 3759
1489 2 2 200 11 2872 2871 5088
1490 2 2 200 11 3473 2879 5048
1491 2 2 200 11 3940 2499 5242
1492 2 2 200 11 3595 1907 5271
1493 2 2 200 11 3797 781 5141
1494 2 2 200 11 3715 2930 5377
1495 2 2 200 11 2421 3166 5119
1496 2 2 200 11 3533 3559 3560
1497 2 2 200 11 4111 4927 5465
1498 2 2 200 11 887 4937 5246
1499 2 2 200 11 3442 2952 3748
1500 2 2 200 11 2943 3748 4214
1501 2 2 200 11 3502 714 3612
1502 2 2 200 11 4524 3585 5423
1503 2 2 200 11 5048 2945 5216
1504 2 2 200 11 827 336 3467
1505 2 2 200 11 4984 2850 5071
1506 2 2 200 11 3473 3356 5615
1507 2 2 200 11 3506 3505 5124
1508 2 2 200 11 3456 2022 3460
1509 2 2 200 11 3512 5373 5628
1510 2 2 200 11 3523 4518 5508
1511 2 2 200 11 2881 5019 5133
1512 2 2 200 11 746 3591 5305
1513 2 2 200 11 803 2345 4990
1514 2 2 200 11 2879 2248 5048
1515 2 2 200 11 3460 1923 3742
1516 2 2 200 11 3511 2363 5076
1517 2 2 200 11 3823 787 5311
1518 2 2 200 11 3529 2792 3530
1519 2 2 200 11 3441 790 5066
1520 2 2 200 11 3198 3764 3765
1521 2 2 200 11 3905 869 5127
1522 2 2 200 11 3397 723 5620
1523 2 2 200 11 3689 4482 5606
1524 2 2 200 11 3367 3464 5045
1525 2 2 200 11 703 3422 5206
1526 2 2 200 11 4518 3523 5609
1527 2 2 200 11 2259 3570 5642
1528 2 2 200 11 3119 3511 5076
1529 2 2 200 11 3435 658 5107
1530 2 2 200 11 3657 3658 4821
1531 2 2 200 11 4946 796 5328
1532 2 2 200 11 3410 3740 5183
1533 2 2 200 11 3185 3430 4944
1534 2 2 200 11 2732 3667 5502
1535 2 2 200 11 5182 2765 5280
1536 2 2 200 11 2022 1923 3460
1537 2 2 200 11 3336 5103 5193
1538 2 2 200 11 3663 2937 5260
1539 2 2 200 11 3475 664 3476
1540 2 2 200 11 3171 4951 4986
1541 2 2 200 11 1941 3468 3478
1542 2 2 200 11 312 4902 5083
1543 2 2 200 11 4495 3144 5281
1544 2 2 200 11 1552 3509 4887
1545 2 2 200 11 95 5240 5329
1546 2 2 200 11 1819 3725 4900
1547 2 2 200 11 659 5129 5201
1548 2 2 200 11 855 616 5026
1549 2 2 200 11 3779 3159 5163
1550 2 2 200 11 4070 4940 5299
1551 2 2 200 11 5122 812 5591
1552 2 2 200 11 2882 3415 5097
1553 2 2 200 11 356 847 3601
1554 2 2 200 11 3658 3707 3708
1555 2 2 200 11 3688 3712 3713
1556 2 2 200 11 4373 3179 5414
1557 2 2 200 11 746 362 3590
1558 2 2 200 11 4455 730 5013
1559 2 2 200 11 3489 3490 3498
1560 2 2 200 11 3414 3388 5254
1561 2 2 200 11 797 3819 5337
1562 2 2 200 11 647 897 898
1563 2 2 200 11 759 580 3501
1564 2 2 200 11 5136 3190 5165
1565 2 2 200 11 2338 2311 3483
1566 2 2 200 11 3405 3498 5509
1567 2 2 200 11 4540 745 5276
1568 2 2 200 11 362 363 3590
1569 2 2 200 11 2887 3704 5539
1570 2 2 200 11 3508 2963 4846
1571 2 2 200 11 3784 668 5321
1572 2 2 200 11 1941 1984 3468
1573 2 2 200 11 3404 5122 5591
1574 2 2 200 11 1720 1543 3514
1575 2 2 200 11 3424 532 5534
1576 2 2 200 11 3131 4902 4903
1577 2 2 200 11 3551 3552 5599
1578 2 2 200 11 812 3489 3498
1579 2 2 200 11 3524 860 3525
1580 2 2 200 11 3232 3152 5441
1581 2 2 200 11 2950 4690 5038
1582 2 2 200 11 410 3643 3645
1583 2 2 200 11 726 409 3645
1584 2 2 200 11 3562 3116 5210
1585 2 2 200 11 4917 3212 4952
1586 2 2 200 11 2349 3540 4990
1587 2 2 200 11 2265 1720 3514
1588 2 2 200 11 4028 4030 4033
1589 2 2 200 11 4029 4028 4033
1590 2 2 200 11 3742 2269 5021
1591 2 2 200 11 3433 3352 5158
1592 2 2 200 11 871 4007 5282
1593 2 2 200 11 2251 4596 4727
1594 2 2 200 11 298 5089 5131
1595 2 2 200 11 1953 808 1954
1596 2 2 200 11 673 4041 5366
1597 2 2 200 11 820 2295 2296
1598 2 2 200 11 1938 1941 3478
1599 2 2 200 11 804 3374 3720
1600 2 2 200 11 3751 3750 3753
1601 2 2 200 11 5005 3543 5040
1602 2 2 200 11 438 3443 5171
1603 2 2 200 11 812 591 3489
1604 2 2 200 11 3513 3118 5449
1605 2 2 200 11 745 4540 5579
1606 2 2 200 11 2377 2383 3513
1607 2 2 200 11 3509 3452 4887
1608 2 2 200 11 1492 3487 3759
1609 2 2 200 11 3653 701 3655
1610 2 2 200 11 1907 3595 5552
1611 2 2 200 11 3797 3798 5623
1612 2 2 200 11 2372 2370 3477
1613 2 2 200 11 3528 3529 3530
1614 2 2 200 11 874 4929 5272
1615 2 2 200 11 1526 4980 5056
1616 2 2 200 11 2949 3743 3786
1617 2 2 200 11 2271 4895 4999
1618 2 2 200 11 3833 4893 5201
1619 2 2 200 11 2420 3508 4846
1620 2 2 200 11 3747 763 5143
1621 2 2 200 11 2819 2818 3356
1622 2 2 200 11 805 2842 2843
1623 2 2 200 11 1511 3478 4989
1624 2 2 200 11 774 4071 5629
1625 2 2 200 11 3738 3737 3739
1626 2 2 200 11 704 3461 5440
1627 2 2 200 11 814 3518 3519
1628 2 2 200 11 1819 3733 3745
1629 2 2 200 11 3596 841 4901
1630 2 2 200 11 2217 1752 3541
1631 2 2 200 11 3552 2831 5259
1632 2 2 200 11 4007 871 5375
1633 2 2 200 11 3161 3599 5577
1634 2 2 200 11 3470 2269 3743
1635 2 2 200 11 853 598 5015
1636 2 2 200 11 4282 4941 5471
1637 2 2 200 11 2792 2791 4873
1638 2 2 200 11 872 4933 5199
1639 2 2 200 11 3528 890 3529
1640 2 2 200 11 578 3504 3505
1641 2 2 200 11 4510 729 5546
1642 2 2 200 11 2270 5116 5484
1643 2 2 200 11 860 24 3510
1644 2 2 200 11 3798 147 5623
1645 2 2 200 11 881 3432 5154
1646 2 2 200 11 3533 3531 3559
1647 2 2 200 11 3733 1819 4900
1648 2 2 200 11 3833 3834 4893
1649 2 2 200 11 810 3736 3738
1650 2 2 200 11 3250 5007 5152
1651 2 2 200 11 723 3397 5500
1652 2 2 200 11 2269 3470 5021
1653 2 2 200 11 582 823 3500
1654 2 2 200 11 3736 3737 3738
1655 2 2 200 11 3191 816 3416
1656 2 2 200 11 3156 3526 5184
1657 2 2 200 11 4471 2234 4504
1658 2 2 200 11 2916 5100 5138
1659 2 2 200 11 4495 5281 5566
1660 2 2 200 11 3422 2654 4504
1661 2 2 200 11 4902 3131 5083
1662 2 2 200 11 23 860 3524
1663 2 2 200 11 847 3599 3601
1664 2 2 200 11 3444 2318 5396
1665 2 2 200 11 909 905 3755
1666 2 2 200 11 858 331 3729
1667 2 2 200 11 698 3649 3650
1668 2 2 200 11 891 26 3527
1669 2 2 200 11 770 3973 5349
1670 2 2 200 11 3468 3469 3478
1671 2 2 200 11 321 830 3521
1672 2 2 200 11 2826 5291 5374
1673 2 2 200 11 1484 1482 4747
1674 2 2 200 11 4709 3206 5151
1675 2 2 200 11 814 600 3518
1676 2 2 200 11 355 356 3601
1677 2 2 200 11 3506 2276 4997
1678 2 2 200 11 3837 4948 4949
1679 2 2 200 11 2418 2420 3731
1680 2 2 200 11 5246 4937 5578
1681 2 2 200 11 3603 2892 5078
1682 2 2 200 11 3542 824 3543
1683 2 2 200 11 875 3862 5453
1684 2 2 200 11 695 3704 5167
1685 2 2 200 11 773 3944 5530
1686 2 2 200 11 4892 3535 5584
1687 2 2 200 11 3725 3429 4900
1688 2 2 200 11 1921 2269 3742
1689 2 2 200 11 2949 3470 3743
1690 2 2 200 11 2402 2403 3402
1691 2 2 200 11 3442 665 5611
1692 2 2 200 11 862 316 3528
1693 2 2 200 11 3125 3621 5505
1694 2 2 200 11 3400 2338 5224
1695 2 2 200 11 815 3547 3550
1696 2 2 200 11 2248 2249 2945
1697 2 2 200 11 3561 722 3563
1698 2 2 200 11 876 118 4905
1699 2 2 200 11 119 661 4905
1700 2 2 200 11 3111 3742 5021
1701 2 2 200 11 2330 2331 3336
1702 2 2 200 11 2393 2392 2394
1703 2 2 200 11 701 3566 5075
1704 2 2 200 11 3731 2420 4846
1705 2 2 200 11 810 613 3736
1706 2 2 200 11 5065 3551 5599
1707 2 2 200 11 2271 2270 5484
1708 2 2 200 11 3658 3656 3707
1709 2 2 200 11 3611 851 3613
1710 2 2 200 11 3697 3696 3699
1711 2 2 200 11 3592 841 3596
1712 2 2 200 11 3688 3686 3712
1713 2 2 200 11 3608 713 3610
1714 2 2 200 11 3778 5264 5357
1715 2 2 200 11 3547 3548 3550
1716 2 2 200 11 5209 2278 5401
1717 2 2 200 11 2385 2380 3513
1718 2 2 200 11 363 3588 3590
1719 2 2 200 11 2403 828 2404
1720 2 2 200 11 2246 2247 2248
1721 2 2 200 11 2330 3336 3386
1722 2 2 200 11 822 341 5345
1723 2 2 200 11 905 903 3755
1724 2 2 200 11 369 718 3691
1725 2 2 200 11 372 751 3756
1726 2 2 200 11 445 741 3757
1727 2 2 200 11 564 709 3620
1728 2 2 200 11 547 693 3664
1729 2 2 200 11 403 702 3631
1730 2 2 200 11 508 697 3661
1731 2 2 200 11 497 711 3622
1732 2 2 200 11 448 729 3683
1733 2 2 200 11 392 716 3641
1734 2 2 200 11 469 701 3653
1735 2 2 200 11 431 708 3758
1736 2 2 200 11 420 725 3666
1737 2 2 200 11 486 723 3638
1738 2 2 200 11 436 720 3701
1739 2 2 200 11 3702 4743 5515
1740 2 2 200 11 3436 800 5580
1741 2 2 200 11 3716 3717 3719
1742 2 2 200 11 2329 2341 3782
1743 2 2 200 11 3232 5441 5498
1744 2 2 200 11 1816 1495 3725
1745 2 2 200 11 4032 888 5429
1746 2 2 200 11 861 28 3542
1747 2 2 200 11 315 862 3544
1748 2 2 200 11 3219 5061 5300
1749 2 2 200 11 1495 3724 3725
1750 2 2 200 11 763 3747 5330
1751 2 2 200 11 579 759 3504
1752 2 2 200 11 522 740 3572
1753 2 2 200 11 25 891 3510
1754 2 2 200 11 784 3808 4857
1755 2 2 200 11 2892 3603 5195
1756 2 2 200 11 3531 348 3559
1757 2 2 200 11 4088 3164 5605
1758 2 2 200 11 2377 2375 2383
1759 2 2 200 11 3558 734 3719
1760 2 2 200 11 2349 2351 3540
1761 2 2 200 11 815 618 3547
1762 2 2 200 11 1481 1483 3724
1763 2 2 200 11 2357 2367 3540
1764 2 2 200 11 825 3544 4996
1765 2 2 200 11 1552 1745 3509
1766 2 2 200 11 615 855 3735
1767 2 2 200 11 3518 854 3520
1768 2 2 200 11 2415 2418 4894
1769 2 2 200 11 3214 5109 5198
1770 2 2 200 11 2246 2248 2879
1771 2 2 200 11 3356 5398 5455
1772 2 2 200 11 859 320 3521
1773 2 2 200 11 3421 3423 4596
1774 2 2 200 11 2314 2318 3483
1775 2 2 200 11 2076 2074 3228
1776 2 2 200 11 831 22 3524
1777 2 2 200 11 317 890 3528
1778 2 2 200 11 2071 2069 2072
1779 2 2 200 11 2069 2070 3534
1780 2 2 200 11 2311 2314 3483
1781 2 2 200 11 5003 2876 5029
1782 2 2 200 11 3631 702 3632
1783 2 2 200 11 3641 716 3642
1784 2 2 200 11 3622 711 3623
1785 2 2 200 11 3666 725 3667
1786 2 2 200 11 3638 723 3639
1787 2 2 200 11 3701 720 3702
1788 2 2 200 11 3751 3754 5474
1789 2 2 200 11 1721 1720 1974
1790 2 2 200 11 3414 5254 5476
1791 2 2 200 11 669 3430 5327
1792 2 2 200 11 3522 830 3523
1793 2 2 200 11 2375 2372 3477
1794 2 2 200 11 3221 2777 5173
1795 2 2 200 11 3197 3199 5020
1796 2 2 200 11 768 4919 4982
1797 2 2 200 11 2277 3600 5390
1798 2 2 200 11 2075 3535 5443
1799 2 2 200 11 3486 2926 3488
1800 2 2 200 11 3646 3648 3649
1801 2 2 200 11 3670 3672 3673
1802 2 2 200 11 621 2955 3553
1803 2 2 200 11 877 4070 5407
1804 2 2 200 11 3545 878 3546
1805 2 2 200 11 2073 2072 2074
1806 2 2 200 11 27 861 3527
1807 2 2 200 11 3549 3553 3554
1808 2 2 200 11 2309 2311 2338
1809 2 2 200 11 3165 3714 5068
1810 2 2 200 11 2418 3731 4894
1811 2 2 200 11 3736 3735 3737
1812 2 2 200 11 4980 3129 5056
1813 2 2 200 11 3720 2368 5105
1814 2 2 200 11 1543 1510 3514
1815 2 2 200 11 3576 3578 5631
1816 2 2 200 11 21 831 3776
1817 2 2 200 11 337 833 3467
1818 2 2 200 11 650 3507 3716
1819 2 2 200 11 4029 4033 4034
1820 2 2 200 11 3572 740 3573
1821 2 2 200 11 3739 3737 3740
1822 2 2 200 11 730 3433 5532
1823 2 2 200 11 2383 2375 3477
1824 2 2 200 11 3553 2955 3554
1825 2 2 200 11 4596 3199 4727
1826 2 2 200 11 2068 2067 2069
1827 2 2 200 11 29 824 3542
1828 2 2 200 11 825 314 3544
1829 2 2 200 11 734 574 3719
1830 2 2 200 11 3623 711 5422
1831 2 2 200 11 1715 1543 1720
1832 2 2 200 11 3406 870 5341
1833 2 2 200 11 3390 737 5260
1834 2 2 200 11 751 3659 3756
1835 2 2 200 11 741 3682 3757
1836 2 2 200 11 708 3594 3758
1837 2 2 200 11 2251 3421 4596
1838 2 2 200 11 2324 2326 2330
1839 2 2 200 11 3449 3450 4972
1840 2 2 200 11 25 26 891
1841 2 2 200 11 317 318 890
1842 2 2 200 11 5030 4088 5605
1843 2 2 200 11 811 605 3728
1844 2 2 200 11 319 320 859
1845 2 2 200 11 23 24 860
1846 2 2 200 11 4690 2938 5038
1847 2 2 200 11 3924 4063 4876
1848 2 2 200 11 3456 3135 5074
1849 2 2 200 11 859 3434 5436
1850 2 2 200 11 2993 2213 4884
1851 2 2 200 11 2386 2385 2388
1852 2 2 200 11 2351 2357 3540
1853 2 2 200 11 3519 3518 3520
1854 2 2 200 11 2083 1752 2217
1855 2 2 200 11 1491 1492 3759
1856 2 2 200 11 684 4032 5429
1857 2 2 200 11 1974 2265 2266
1858 2 2 200 11 776 3415 5581
1859 2 2 200 11 1819 1816 3725
1860 2 2 200 11 3494 3496 3497
1861 2 2 200 11 807 19 3777
1862 2 2 200 11 735 350 3555
1863 2 2 200 11 1984 2245 2246
1864 2 2 200 11 2380 2377 3513
1865 2 2 200 11 2357 2361 2367
1866 2 2 200 11 826 588 3465
1867 2 2 200 11 2149 3565 4063
1868 2 2 200 11 834 572 3556
1869 2 2 200 11 1550 1494 3759
1870 2 2 200 11 1715 1720 1721
1871 2 2 200 11 3938 672 3939
1872 2 2 200 11 21 22 831
1873 2 2 200 11 321 322 830
1874 2 2 200 11 2065 2067 2068
1875 2 2 200 11 1986 1722 4985
1876 2 2 200 11 324 806 4518
1877 2 2 200 11 1534 1484 4747
1878 2 2 200 11 3747 3746 4068
1879 2 2 200 11 657 3817 5060
1880 2 2 200 11 3746 2213 4068
1881 2 2 200 11 3448 693 5483
1882 2 2 200 11 3597 706 3600
1883 2 2 200 11 2068 2069 2071
1884 2 2 200 11 1483 1484 1485
1885 2 2 200 11 3583 845 3586
1886 2 2 200 11 2808 2806 3662
1887 2 2 200 11 2962 2808 3662
1888 2 2 200 11 651 4005 5009
1889 2 2 200 11 571 834 3564
1890 2 2 200 11 2053 2064 2065
1891 2 2 200 11 1485 1486 1487
1892 2 2 200 11 2851 2824 4901
1893 2 2 200 11 1974 2278 3541
1894 2 2 200 11 3786 1689 4858
1895 2 2 200 11 45 46 4949
1896 2 2 200 11 353 722 3561
1897 2 2 200 11 3649 3648 3650
1898 2 2 200 11 3716 3507 3717
1899 2 2 200 11 2786 3581 3582
1900 2 2 200 11 3565 2149 4064
1901 2 2 200 11 3551 858 3552
1902 2 2 200 11 3665 2927 5275
1903 2 2 200 11 847 3597 3598
1904 2 2 200 11 3367 3426 3464
1905 2 2 200 11 363 364 3588
1906 2 2 200 11 710 3583 3584
1907 2 2 200 11 520 521 3571
1908 2 2 200 11 1482 3741 4747
1909 2 2 200 11 1974 2266 2278
1910 2 2 200 11 3675 3674 3676
1911 2 2 200 11 3568 699 3569
1912 2 2 200 11 848 3602 3603
1913 2 2 200 11 3579 835 3580
1914 2 2 200 11 3571 521 3572
1915 2 2 200 11 360 3624 3625
1916 2 2 200 11 29 30 824
1917 2 2 200 11 313 314 825
1918 2 2 200 11 27 28 861
1919 2 2 200 11 315 316 862
1920 2 2 200 11 337 338 833
1921 2 2 200 11 585 586 832
1922 2 2 200 11 3656 374 3707
1923 2 2 200 11 847 357 3597
1924 2 2 200 11 377 3674 3675
1925 2 2 200 11 455 3635 3636
1926 2 2 200 11 388 3646 3649
1927 2 2 200 11 549 3670 3673
1928 2 2 200 11 493 3626 3628
1929 2 2 200 11 3686 473 3712
1930 2 2 200 11 510 3677 3678
1931 2 2 200 11 840 452 3574
1932 2 2 200 11 405 835 3579
1933 2 2 200 11 844 424 3604
1934 2 2 200 11 843 557 3605
1935 2 2 200 11 848 490 3602
1936 2 2 200 11 461 851 3611
1937 2 2 200 11 433 841 3592
1938 2 2 200 11 555 3696 3697
1939 2 2 200 11 422 3693 3695
1940 2 2 200 11 516 3684 3685
1941 2 2 200 11 710 365 3583
1942 2 2 200 11 386 698 3567
1943 2 2 200 11 530 713 3608
1944 2 2 200 11 701 470 3566
1945 2 2 200 11 519 699 3568
1946 2 2 200 11 397 712 3607
1947 2 2 200 11 587 588 826
1948 2 2 200 11 335 336 827
1949 2 2 200 11 1330 1523 4879
1950 2 2 200 11 3490 3492 3493
1951 2 2 200 11 2757 3349 5142
1952 2 2 200 11 2071 2072 2073
1953 2 2 200 11 3118 818 5032
1954 2 2 200 11 3465 589 5122
1955 2 2 200 11 3576 3575 3577
1956 2 2 200 11 3491 3734 5602
1957 2 2 200 11 2074 2072 2075
1958 2 2 200 11 3459 689 5146
1959 2 2 200 11 336 337 3467
1960 2 2 200 11 5040 824 5163
1961 2 2 200 11 2211 2210 2867
1962 2 2 200 11 2242 2218 2270
1963 2 2 200 11 1905 3689 5118
1964 2 2 200 11 2065 2066 2067
1965 2 2 200 11 601 854 3518
1966 2 2 200 11 2073 2074 2076
1967 2 2 200 11 3446 465 5258
1968 2 2 200 11 4063 3565 4876
1969 2 2 200 11 3516 1550 3759
1970 2 2 200 11 1510 1494 1550
1971 2 2 200 11 2752 3760 3882
1972 2 2 200 11 3547 856 3548
1973 2 2 200 11 3760 1555 3882
1974 2 2 200 11 576 650 3716
1975 2 2 200 11 3514 1550 3515
1976 2 2 200 11 2051 2053 2926
1977 2 2 200 11 1984 2246 3468
1978 2 2 200 11 3657 4821 5490
1979 2 2 200 11 658 3435 5348
1980 2 2 200 11 2384 2380 2385
1981 2 2 200 11 3493 3492 3494
1982 2 2 200 11 2213 3746 4884
1983 2 2 200 11 3836 3837 4225
1984 2 2 200 11 2076 3228 3229
1985 2 2 200 11 3135 1936 3136
1986 2 2 200 11 1492 3486 3487
1987 2 2 200 11 581 3500 3501
1988 2 2 200 11 340 341 822
1989 2 2 200 11 582 583 823
1990 2 2 200 11 3733 3147 3745
1991 2 2 200 11 1482 1479 3741
1992 2 2 200 11 1495 1481 3724
1993 2 2 200 11 3703 568 4868
1994 2 2 200 11 3364 3761 5296
1995 2 2 200 11 1510 1550 3514
1996 2 2 200 11 614 3735 3736
1997 2 2 200 11 3480 777 5160
1998 2 2 200 11 1986 3836 4225
1999 2 2 200 11 1489 1490 1491
2000 2 2 200 11 2314 2317 2318
2001 2 2 200 11 2051 2052 2053
2002 2 2 200 11 332 333 813
2003 2 2 200 11 590 591 812
2004 2 2 200 11 2365 2363 3511
2005 2 2 200 11 3767 761 3768
2006 2 2 200 11 1936 909 3755
2007 2 2 200 11 894 611 3727
2008 2 2 200 11 5100 3464 5138
2009 2 2 200 11 521 522 3572
2010 2 2 200 11 2914 2022 3456
2011 2 2 200 11 2248 2247 2249
2012 2 2 200 11 18 19 807
2013 2 2 200 11 324 325 806
2014 2 2 200 11 3676 2913 5386
2015 2 2 200 11 3489 857 3490
2016 2 2 200 11 3491 857 3734
2017 2 2 200 11 588 589 3465
2018 2 2 200 11 1721 1974 3541
2019 2 2 200 11 580 581 3501
2020 2 2 200 11 3600 706 5088
2021 2 2 200 11 3493 3494 3730
2022 2 2 200 11 2221 2022 2914
2023 2 2 200 11 591 592 3489
2024 2 2 200 11 2283 3613 5234
2025 2 2 200 11 3166 5004 5119
2026 2 2 200 11 2949 3786 4858
2027 2 2 200 11 620 621 3553
2028 2 2 200 11 1523 3762 4879
2029 2 2 200 11 601 602 854
2030 2 2 200 11 599 600 814
2031 2 2 200 11 615 616 855
2032 2 2 200 11 617 618 815
2033 2 2 200 11 3743 1811 3786
2034 2 2 200 11 790 3441 5346
2035 2 2 200 11 2330 2326 2331
2036 2 2 200 11 371 372 3756
2037 2 2 200 11 368 369 3691
2038 2 2 200 11 563 564 3620
2039 2 2 200 11 546 547 3664
2040 2 2 200 11 402 403 3631
2041 2 2 200 11 496 497 3622
2042 2 2 200 11 507 508 3661
2043 2 2 200 11 468 469 3653
2044 2 2 200 11 391 392 3641
2045 2 2 200 11 447 448 3683
2046 2 2 200 11 419 420 3666
2047 2 2 200 11 485 486 3638
2048 2 2 200 11 430 431 3758
2049 2 2 200 11 444 445 3757
2050 2 2 200 11 435 436 3701
2051 2 2 200 11 1818 1819 3745
2052 2 2 200 11 4699 3953 4969
2053 2 2 200 11 4944 789 5214
2054 2 2 200 11 3559 735 3560
2055 2 2 200 11 32 33 760
2056 2 2 200 11 310 311 761
2057 2 2 200 11 310 761 3767
2058 2 2 200 11 760 33 3770
2059 2 2 200 11 5110 4053 5181
2060 2 2 200 11 581 582 3500
2061 2 2 200 11 3527 861 5501
2062 2 2 200 11 1491 1490 1492
2063 2 2 200 11 1493 1491 1494
2064 2 2 200 11 612 613 810
2065 2 2 200 11 604 605 811
2066 2 2 200 11 343 344 758
2067 2 2 200 11 579 580 759
2068 2 2 200 11 2246 2245 2247
2069 2 2 200 11 1488 1487 1489
2070 2 2 200 11 666 4766 5527
2071 2 2 200 11 3594 3595 5271
2072 2 2 200 11 1481 1482 1483
2073 2 2 200 11 1974 1720 2265
2074 2 2 200 11 614 615 3735
2075 2 2 200 11 3354 3331 4064
2076 2 2 200 11 2036 1960 2210
2077 2 2 200 11 3136 3755 5054
2078 2 2 200 11 619 856 3547
2079 2 2 200 11 1483 1482 1484
2080 2 2 200 11 2340 2329 3782
2081 2 2 200 11 4930 794 5169
2082 2 2 200 11 332 813 3729
2083 2 2 200 11 2412 2414 3766
2084 2 2 200 11 650 3505 3506
2085 2 2 200 11 3150 3149 3151
2086 2 2 200 11 3156 3428 3526
2087 2 2 200 11 806 325 3875
2088 2 2 200 11 3563 722 5340
2089 2 2 200 11 861 3542 4975
2090 2 2 200 11 3432 881 5352
2091 2 2 200 11 1485 1484 1486
2092 2 2 200 11 577 578 3505
2093 2 2 200 11 3154 3156 3484
2094 2 2 200 11 612 810 3727
2095 2 2 200 11 1479 1478 3741
2096 2 2 200 11 3751 3753 3754
2097 2 2 200 11 4465 3671 5568
2098 2 2 200 11 3726 1723 4699
2099 2 2 200 11 427 3617 5186
2100 2 2 200 11 3151 3153 3154
2101 2 2 200 11 3331 3565 4064
2102 2 2 200 11 2021 1923 2022
2103 2 2 200 11 3682 2893 5237
2104 2 2 200 11 3154 3155 3156
2105 2 2 200 11 1494 1491 3759
2106 2 2 200 11 3439 823 5525
2107 2 2 200 11 2083 2217 2218
2108 2 2 200 11 3766 2414 4756
2109 2 2 200 11 857 593 3734
2110 2 2 200 11 3777 3776 3778
2111 2 2 200 11 1515 4872 4966
2112 2 2 200 11 1723 3726 4692
2113 2 2 200 11 5245 3690 5624
2114 2 2 200 11 20 3776 3777
2115 2 2 200 11 3604 705 4984
2116 2 2 200 11 3644 736 5166
2117 2 2 200 11 1489 1487 1490
2118 2 2 200 11 650 577 3505
2119 2 2 200 11 3914 680 5521
2120 2 2 200 11 3744 2407 4333
2121 2 2 200 11 2705 3355 3845
2122 2 2 200 11 1745 2050 2051
2123 2 2 200 11 3148 3147 3149
2124 2 2 200 11 1752 1721 3541
2125 2 2 200 11 592 857 3489
2126 2 2 200 11 3494 3497 3730
2127 2 2 200 11 2307 2308 2309
2128 2 2 200 11 1509 1494 1510
2129 2 2 200 11 349 735 3559
2130 2 2 200 11 3707 696 3708
2131 2 2 200 11 3646 739 3647
2132 2 2 200 11 3670 754 3671
2133 2 2 200 11 3668 753 3669
2134 2 2 200 11 3626 747 3627
2135 2 2 200 11 3643 736 3644
2136 2 2 200 11 3693 844 3694
2137 2 2 200 11 3712 728 3713
2138 2 2 200 11 3690 368 3691
2139 2 2 200 11 3710 371 3756
2140 2 2 200 11 3618 563 3620
2141 2 2 200 11 3663 546 3664
2142 2 2 200 11 3704 444 3757
2143 2 2 200 11 3660 507 3661
2144 2 2 200 11 3629 402 3631
2145 2 2 200 11 3680 447 3683
2146 2 2 200 11 3621 496 3622
2147 2 2 200 11 3640 391 3641
2148 2 2 200 11 3665 419 3666
2149 2 2 200 11 3652 468 3653
2150 2 2 200 11 3637 485 3638
2151 2 2 200 11 3614 430 3758
2152 2 2 200 11 3700 435 3701
2153 2 2 200 11 1485 1487 1488
2154 2 2 200 11 2148 3126 4065
2155 2 2 200 11 330 858 3551
2156 2 2 200 11 3490 3491 3492
2157 2 2 200 11 1542 1510 1543
2158 2 2 200 11 2704 2705 3846
2159 2 2 200 11 147 3798 5456
2160 2 2 200 11 600 601 3518
2161 2 2 200 11 1714 1543 1715
2162 2 2 200 11 3136 1936 3755
2163 2 2 200 11 3494 3495 3496
2164 2 2 200 11 578 579 3504
2165 2 2 200 11 3544 862 5310
2166 2 2 200 11 4882 1523 4883
2167 2 2 200 11 606 895 3728
2168 2 2 200 11 3760 4882 4883
2169 2 2 200 11 24 25 3510
2170 2 2 200 11 4861 4082 4866
2171 2 2 200 11 3222 3447 5148
2172 2 2 200 11 2367 2361 2389
2173 2 2 200 11 3545 3546 5291
2174 2 2 200 11 3836 1986 4985
2175 2 2 200 11 1489 1491 1493
2176 2 2 200 11 22 23 3524
2177 2 2 200 11 613 614 3736
2178 2 2 200 11 331 332 3729
2179 2 2 200 11 3318 4861 4866
2180 2 2 200 11 3151 3149 3153
2181 2 2 200 11 2705 3845 3846
2182 2 2 200 11 4005 651 5106
2183 2 2 200 11 2053 2052 2064
2184 2 2 200 11 26 27 3527
2185 2 2 200 11 1920 1813 1921
2186 2 2 200 11 2069 2067 2070
2187 2 2 200 11 5133 5018 5491
2188 2 2 200 11 618 619 3547
2189 2 2 200 11 3959 670 5477
2190 2 2 200 11 3199 4596 5020
2191 2 2 200 11 3468 2879 3469
2192 2 2 200 11 3882 2993 4884
2193 2 2 200 11 1745 2051 3509
2194 2 2 200 11 3150 3151 3152
2195 2 2 200 11 347 348 3531
2196 2 2 200 11 1538 3924 4876
2197 2 2 200 11 1812 1811 1813
2198 2 2 200 11 3835 2935 4260
2199 2 2 200 11 320 321 3521
2200 2 2 200 11 2304 2306 2307
2201 2 2 200 11 4135 1538 4874
2202 2 2 200 11 5007 3768 5466
2203 2 2 200 11 3721 3248 3722
2204 2 2 200 11 346 347 649
2205 2 2 200 11 576 577 650
2206 2 2 200 11 3548 856 3549
2207 2 2 200 11 2867 3471 5562
2208 2 2 200 11 2322 2323 2324
2209 2 2 200 11 3385 3574 5332
2210 2 2 200 11 4874 1538 4876
2211 2 2 200 11 649 3531 3532
2212 2 2 200 11 2414 2415 4894
2213 2 2 200 11 2292 3573 5226
2214 2 2 200 11 4333 2726 4880
2215 2 2 200 11 1821 1818 3745
2216 2 2 200 11 605 606 3728
2217 2 2 200 11 1921 1813 2269
2218 2 2 200 11 2412 3766 4716
2219 2 2 200 11 3148 3149 3150
2220 2 2 200 11 597 598 853
2221 2 2 200 11 619 620 856
2222 2 2 200 11 308 309 863
2223 2 2 200 11 3699 3696 5200
2224 2 2 200 11 350 351 3555
2225 2 2 200 11 34 35 864
2226 2 2 200 11 863 309 3767
2227 2 2 200 11 316 317 3528
2228 2 2 200 11 786 5356 5470
2229 2 2 200 11 34 864 3770
2230 2 2 200 11 3781 3835 4260
2231 2 2 200 11 572 573 3556
2232 2 2 200 11 574 575 3719
2233 2 2 200 11 364 710 3588
2234 2 2 200 11 699 520 3571
2235 2 2 200 11 1922 1921 1923
2236 2 2 200 11 570 571 3564
2237 2 2 200 11 361 746 3624
2238 2 2 200 11 3170 2620 3893
2239 2 2 200 11 378 756 3674
2240 2 2 200 11 456 745 3635
2241 2 2 200 11 494 747 3626
2242 2 2 200 11 417 753 3668
2243 2 2 200 11 411 736 3643
2244 2 2 200 11 511 757 3677
2245 2 2 200 11 389 739 3646
2246 2 2 200 11 550 754 3670
2247 2 2 200 11 556 843 3696
2248 2 2 200 11 423 844 3693
2249 2 2 200 11 517 839 3684
2250 2 2 200 11 375 696 3707
2251 2 2 200 11 553 724 3709
2252 2 2 200 11 442 695 3705
2253 2 2 200 11 414 692 3706
2254 2 2 200 11 514 731 3714
2255 2 2 200 11 474 728 3712
2256 2 2 200 11 28 29 3542
2257 2 2 200 11 314 315 3544
2258 2 2 200 11 352 353 3561
2259 2 2 200 11 3558 3717 5590
2260 2 2 200 11 2627 2275 3891
2261 2 2 200 11 359 360 3625
2262 2 2 200 11 2627 3891 3892
2263 2 2 200 11 2051 2050 2052
2264 2 2 200 11 367 368 3690
2265 2 2 200 11 370 371 3710
2266 2 2 200 11 1326 1328 4913
2267 2 2 200 11 567 568 3703
2268 2 2 200 11 357 358 3597
2269 2 2 200 11 373 374 3656
2270 2 2 200 11 376 377 3675
2271 2 2 200 11 387 388 3649
2272 2 2 200 11 548 549 3673
2273 2 2 200 11 454 455 3636
2274 2 2 200 11 492 493 3628
2275 2 2 200 11 509 510 3678
2276 2 2 200 11 542 543 3715
2277 2 2 200 11 540 541 3764
2278 2 2 200 11 452 453 3574
2279 2 2 200 11 562 563 3618
2280 2 2 200 11 460 461 3611
2281 2 2 200 11 424 425 3604
2282 2 2 200 11 404 405 3579
2283 2 2 200 11 557 558 3605
2284 2 2 200 11 490 491 3602
2285 2 2 200 11 432 433 3592
2286 2 2 200 11 534 535 3633
2287 2 2 200 11 503 504 3711
2288 2 2 200 11 554 555 3697
2289 2 2 200 11 421 422 3695
2290 2 2 200 11 515 516 3685
2291 2 2 200 11 545 546 3663
2292 2 2 200 11 472 473 3686
2293 2 2 200 11 446 447 3680
2294 2 2 200 11 506 507 3660
2295 2 2 200 11 390 391 3640
2296 2 2 200 11 443 444 3704
2297 2 2 200 11 401 402 3629
2298 2 2 200 11 500 501 3692
2299 2 2 200 11 495 496 3621
2300 2 2 200 11 365 366 3583
2301 2 2 200 11 429 430 3614
2302 2 2 200 11 418 419 3665
2303 2 2 200 11 434 435 3700
2304 2 2 200 11 467 468 3652
2305 2 2 200 11 484 485 3637
2306 2 2 200 11 529 530 3608
2307 2 2 200 11 385 386 3567
2308 2 2 200 11 470 471 3566
2309 2 2 200 11 396 397 3607
2310 2 2 200 11 518 519 3568
2311 2 2 200 11 2021 2022 2221
2312 2 2 200 11 4081 3319 4855
2313 2 2 200 11 1825 1827 2950
2314 2 2 200 11 649 347 3531
2315 2 2 200 11 914 912 4746
2316 2 2 200 11 4384 4512 4859
2317 2 2 200 11 3714 3165 5194
2318 2 2 200 11 4902 825 4903
2319 2 2 200 11 2319 2321 2322
2320 2 2 200 11 3160 2200 5025
2321 2 2 200 11 3154 3153 3155
2322 2 2 200 11 1328 1330 4879
2323 2 2 200 11 2770 2773 3866
2324 2 2 200 11 3367 3425 3426
2325 2 2 200 11 2149 2148 4065
2326 2 2 200 11 4081 4082 4860
2327 2 2 200 11 3688 3713 5381
2328 2 2 200 11 4951 3171 5457
2329 2 2 200 11 3784 3783 4148
2330 2 2 200 11 2065 2064 2066
2331 2 2 200 11 4860 4082 4861
2332 2 2 200 11 3783 2613 4148
2333 2 2 200 11 4074 2510 4869
2334 2 2 200 11 2524 2525 3830
2335 2 2 200 11 1818 1816 1819
2336 2 2 200 11 2376 2375 2377
2337 2 2 200 11 4077 3320 4840
2338 2 2 200 11 847 3598 3599
2339 2 2 200 11 1490 1487 4887
2340 2 2 200 11 2027 2412 4716
2341 2 2 200 11 4135 3333 4872
2342 2 2 200 11 793 4925 5085
2343 2 2 200 11 2200 2407 5022
2344 2 2 200 11 4597 1474 4795
2345 2 2 200 11 3598 3597 3600
2346 2 2 200 11 3939 672 3940
2347 2 2 200 11 3781 3831 3835
2348 2 2 200 11 2242 2270 2271
2349 2 2 200 11 3066 4012 4301
2350 2 2 200 11 844 3604 5071
2351 2 2 200 11 3156 3155 3428
2352 2 2 200 11 4077 4078 4851
2353 2 2 200 11 3650 3648 3651
2354 2 2 200 11 2227 3005 4273
2355 2 2 200 11 3319 4852 4855
2356 2 2 200 11 3922 2511 4856
2357 2 2 200 11 3485 755 5121
2358 2 2 200 11 4064 2149 4065
2359 2 2 200 11 710 3584 3585
2360 2 2 200 11 3584 3583 3586
2361 2 2 200 11 3333 4135 4874
2362 2 2 200 11 3146 2268 3147
2363 2 2 200 11 32 760 3779
2364 2 2 200 11 2066 3248 3721
2365 2 2 200 11 3569 699 3570
2366 2 2 200 11 3580 835 3581
2367 2 2 200 11 1758 1691 1811
2368 2 2 200 11 4851 4078 4852
2369 2 2 200 11 2786 3582 3769
2370 2 2 200 11 46 688 4949
2371 2 2 200 11 3147 2268 3745
2372 2 2 200 11 3726 4699 4969
2373 2 2 200 11 2551 3795 4254
2374 2 2 200 11 323 324 4518
2375 2 2 200 11 4085 3318 4866
2376 2 2 200 11 1561 4846 4890
2377 2 2 200 11 1480 1479 1481
2378 2 2 200 11 3932 3321 4826
2379 2 2 200 11 3576 3577 3578
2380 2 2 200 11 2981 3946 4822
2381 2 2 200 11 3140 3366 3367
2382 2 2 200 11 5199 4933 5482
2383 2 2 200 11 1481 1479 1482
2384 2 2 200 11 3711 504 5037
2385 2 2 200 11 3922 3923 4862
2386 2 2 200 11 3166 3545 5291
2387 2 2 200 11 2510 4865 4869
2388 2 2 200 11 3877 2992 3889
2389 2 2 200 11 4862 3923 4865
2390 2 2 200 11 1555 3760 4883
2391 2 2 200 11 1812 1813 1920
2392 2 2 200 11 4310 2704 4867
2393 2 2 200 11 569 721 4868
2394 2 2 200 11 2878 1936 3135
2395 2 2 200 11 540 3764 5039
2396 2 2 200 11 3932 3933 4835
2397 2 2 200 11 3225 3239 3240
2398 2 2 200 11 3318 4085 4870
2399 2 2 200 11 3320 4836 4840
2400 2 2 200 11 2374 2372 2375
2401 2 2 200 11 575 576 3716
2402 2 2 200 11 1938 1940 1941
2403 2 2 200 11 2420 2421 3508
2404 2 2 200 11 3795 2551 4353
2405 2 2 200 11 2794 3912 3913
2406 2 2 200 11 3918 2754 4837
2407 2 2 200 11 4941 4282 5362
2408 2 2 200 11 2752 3882 4884
2409 2 2 200 11 3428 3429 3723
2410 2 2 200 11 3417 3398 5431
2411 2 2 200 11 3146 3147 3148
2412 2 2 200 11 1477 1478 1479
2413 2 2 200 11 416 3668 4881
2414 2 2 200 11 692 415 4881
2415 2 2 200 11 3694 5182 5280
2416 2 2 200 11 4835 3933 4836
2417 2 2 200 11 5016 3138 5045
2418 2 2 200 11 2437 3215 3796
2419 2 2 200 11 3112 2340 3113
2420 2 2 200 11 3781 3830 3831
2421 2 2 200 11 3805 3804 4211
2422 2 2 200 11 3099 2594 4809
2423 2 2 200 11 586 587 4898
2424 2 2 200 11 3830 2525 3831
2425 2 2 200 11 2964 4597 4795
2426 2 2 200 11 3804 2231 4211
2427 2 2 200 11 2010 1762 4553
2428 2 2 200 11 2889 2171 3861
2429 2 2 200 11 2551 3852 4353
2430 2 2 200 11 2225 2231 4562
2431 2 2 200 11 1478 1551 1825
2432 2 2 200 11 942 3829 4516
2433 2 2 200 11 1642 3791 4241
2434 2 2 200 11 3918 3919 4843
2435 2 2 200 11 20 21 3776
2436 2 2 200 11 3791 2634 4241
2437 2 2 200 11 3928 3326 4806
2438 2 2 200 11 1813 1811 3743
2439 2 2 200 11 3794 2975 4299
2440 2 2 200 11 3113 2340 3782
2441 2 2 200 11 2638 2524 3830
2442 2 2 200 11 3926 2745 4824
2443 2 2 200 11 2511 4850 4856
2444 2 2 200 11 3799 2010 4553
2445 2 2 200 11 3192 2626 3810
2446 2 2 200 11 3771 2965 3893
2447 2 2 200 11 650 3506 3507
2448 2 2 200 11 4137 3858 4715
2449 2 2 200 11 3762 1523 4882
2450 2 2 200 11 1825 1826 1827
2451 2 2 200 11 4148 4147 4149
2452 2 2 200 11 3774 1520 4832
2453 2 2 200 11 2231 3804 4562
2454 2 2 200 11 2844 3787 3864
2455 2 2 200 11 3780 2638 3830
2456 2 2 200 11 4843 3919 4850
2457 2 2 200 11 2965 3771 3891
2458 2 2 200 11 4116 1529 4834
2459 2 2 200 11 4147 3209 4149
2460 2 2 200 11 4264 2981 4343
2461 2 2 200 11 1175 4264 4343
2462 2 2 200 11 2627 3892 4012
2463 2 2 200 11 3319 4081 4860
2464 2 2 200 11 3744 4333 4880
2465 2 2 200 11 1691 1689 3786
2466 2 2 200 11 3159 5040 5163
2467 2 2 200 11 3852 2444 4353
2468 2 2 200 11 2275 2965 3891
2469 2 2 200 11 3803 3802 4056
2470 2 2 200 11 3928 3929 4815
2471 2 2 200 11 4116 3033 4839
2472 2 2 200 11 3800 2093 3806
2473 2 2 200 11 3864 3787 4312
2474 2 2 200 11 2866 2085 3807
2475 2 2 200 11 2620 3771 3893
2476 2 2 200 11 3949 3538 3950
2477 2 2 200 11 2975 4263 4299
2478 2 2 200 11 2638 3780 3877
2479 2 2 200 11 3935 3325 4789
2480 2 2 200 11 3802 2100 4056
2481 2 2 200 11 3774 3775 4838
2482 2 2 200 11 2268 1821 3745
2483 2 2 200 11 3498 3493 5509
2484 2 2 200 11 2526 3790 3863
2485 2 2 200 11 2093 2109 3806
2486 2 2 200 11 3557 734 3558
2487 2 2 200 11 3321 4820 4826
2488 2 2 200 11 3816 2980 4258
2489 2 2 200 11 2200 5022 5025
2490 2 2 200 11 3829 3828 4516
2491 2 2 200 11 1941 1983 1984
2492 2 2 200 11 4263 2982 4299
2493 2 2 200 11 3812 2982 4263
2494 2 2 200 11 2704 3846 4867
2495 2 2 200 11 1492 3452 3486
2496 2 2 200 11 2773 3249 3250
2497 2 2 200 11 939 909 1936
2498 2 2 200 11 3149 3147 3733
2499 2 2 200 11 1758 1811 1812
2500 2 2 200 11 4172 2512 4808
2501 2 2 200 11 4815 3929 4820
2502 2 2 200 11 4852 4078 4855
2503 2 2 200 11 2422 2423 3824
2504 2 2 200 11 611 612 3727
2505 2 2 200 11 3515 1550 3516
2506 2 2 200 11 1811 1691 3786
2507 2 2 200 11 3066 2627 4012
2508 2 2 200 11 4838 3775 4841
2509 2 2 200 11 2754 4831 4837
2510 2 2 200 11 4839 3033 4844
2511 2 2 200 11 2418 2419 2420
2512 2 2 200 11 3005 4241 4273
2513 2 2 200 11 575 3716 3719
2514 2 2 200 11 2989 4003 4783
2515 2 2 200 11 1619 3877 3889
2516 2 2 200 11 1478 1825 3741
2517 2 2 200 11 2407 2048 4333
2518 2 2 200 11 3810 2626 3818
2519 2 2 200 11 3824 2423 4326
2520 2 2 200 11 3949 1779 4302
2521 2 2 200 11 3873 3016 4341
2522 2 2 200 11 3811 1763 4511
2523 2 2 200 11 2794 3911 3912
2524 2 2 200 11 4073 4074 4869
2525 2 2 200 11 4115 1537 4816
2526 2 2 200 11 3216 2793 3914
2527 2 2 200 11 1699 902 4989
2528 2 2 200 11 3430 669 5594
2529 2 2 200 11 2980 3816 4289
2530 2 2 200 11 4121 1540 4818
2531 2 2 200 11 3890 2999 4439
2532 2 2 200 11 2983 2982 3812
2533 2 2 200 11 2437 3796 3863
2534 2 2 200 11 1763 4238 4511
2535 2 2 200 11 2768 2770 3866
2536 2 2 200 11 1920 1921 1922
2537 2 2 200 11 4115 3034 4823
2538 2 2 200 11 2613 3783 4226
2539 2 2 200 11 3326 4801 4806
2540 2 2 200 11 2141 3854 4664
2541 2 2 200 11 4170 2513 4781
2542 2 2 200 11 2983 3812 3813
2543 2 2 200 11 19 20 3777
2544 2 2 200 11 4121 3035 4825
2545 2 2 200 11 1520 4827 4832
2546 2 2 200 11 3106 3796 3797
2547 2 2 200 11 3921 3922 4856
2548 2 2 200 11 610 611 894
2549 2 2 200 11 606 607 895
2550 2 2 200 11 3320 4077 4851
2551 2 2 200 11 2329 2299 2341
2552 2 2 200 11 3389 2215 3878
2553 2 2 200 11 2573 2444 3852
2554 2 2 200 11 1808 2579 4308
2555 2 2 200 11 4142 4141 4714
2556 2 2 200 11 2384 2385 2386
2557 2 2 200 11 4179 3322 4777
2558 2 2 200 11 1529 4828 4834
2559 2 2 200 11 4226 2967 4273
2560 2 2 200 11 2208 3185 4259
2561 2 2 200 11 3783 2967 4226
2562 2 2 200 11 2510 4074 4875
2563 2 2 200 11 2018 1755 3911
2564 2 2 200 11 1688 4756 4817
2565 2 2 200 11 2144 2526 3863
2566 2 2 200 11 3816 3895 4289
2567 2 2 200 11 3788 2840 3817
2568 2 2 200 11 4080 4081 4855
2569 2 2 200 11 2423 4126 4326
2570 2 2 200 11 2745 4819 4824
2571 2 2 200 11 2579 4222 4308
2572 2 2 200 11 3806 2109 4294
2573 2 2 200 11 3002 2133 3886
2574 2 2 200 11 2840 3788 3824
2575 2 2 200 11 3168 3843 4274
2576 2 2 200 11 3803 4056 4057
2577 2 2 200 11 4258 2980 4259
2578 2 2 200 11 3796 3215 3797
2579 2 2 200 11 1862 3864 4312
2580 2 2 200 11 1961 2135 3183
2581 2 2 200 11 2967 2227 4273
2582 2 2 200 11 4242 1423 4729
2583 2 2 200 11 3002 3886 4529
2584 2 2 200 11 2093 3800 3807
2585 2 2 200 11 4836 3933 4840
2586 2 2 200 11 3915 3002 4529
2587 2 2 200 11 4823 3034 4827
2588 2 2 200 11 2573 3852 3853
2589 2 2 200 11 3780 2992 3877
2590 2 2 200 11 1190 1193 4741
2591 2 2 200 11 2944 3838 3839
2592 2 2 200 11 3788 2422 3824
2593 2 2 200 11 2573 3853 3859
2594 2 2 200 11 4825 3035 4828
2595 2 2 200 11 2999 3818 4439
2596 2 2 200 11 3652 3653 3654
2597 2 2 200 11 1862 3004 4625
2598 2 2 200 11 3713 728 3761
2599 2 2 200 11 3646 3647 3648
2600 2 2 200 11 3670 3671 3672
2601 2 2 200 11 4076 4077 4840
2602 2 2 200 11 4865 3923 4869
2603 2 2 200 11 3931 3932 4826
2604 2 2 200 11 2944 2578 3838
2605 2 2 200 11 593 594 3734
2606 2 2 200 11 4138 1547 4797
2607 2 2 200 11 3094 2586 4759
2608 2 2 200 11 4139 1546 4798
2609 2 2 200 11 4182 3323 4744
2610 2 2 200 11 3790 2526 3871
2611 2 2 200 11 4286 3020 4409
2612 2 2 200 11 2424 2425 3948
2613 2 2 200 11 3325 4786 4789
2614 2 2 200 11 2866 3807 3808
2615 2 2 200 11 3843 3842 4274
2616 2 2 200 11 3917 3918 4837
2617 2 2 200 11 2425 3826 3948
2618 2 2 200 11 2420 2419 2421
2619 2 2 200 11 4138 3039 4805
2620 2 2 200 11 2085 2093 3807
2621 2 2 200 11 4139 3041 4807
2622 2 2 200 11 2512 4803 4808
2623 2 2 200 11 1537 4811 4816
2624 2 2 200 11 4170 4169 4796
2625 2 2 200 11 2852 2104 4067
2626 2 2 200 11 3842 1935 4274
2627 2 2 200 11 1486 1534 1552
2628 2 2 200 11 1540 4814 4818
2629 2 2 200 11 3321 3932 4835
2630 2 2 200 11 348 349 3559
2631 2 2 200 11 3000 3871 4591
2632 2 2 200 11 2944 3839 3840
2633 2 2 200 11 4222 2579 4265
2634 2 2 200 11 3792 2173 3885
2635 2 2 200 11 3858 1040 4715
2636 2 2 200 11 1619 3801 3877
2637 2 2 200 11 2999 2536 3818
2638 2 2 200 11 3490 857 3491
2639 2 2 200 11 2309 2310 2311
2640 2 2 200 11 330 331 858
2641 2 2 200 11 592 593 857
2642 2 2 200 11 2569 3887 3888
2643 2 2 200 11 2511 3922 4862
2644 2 2 200 11 3925 3926 4824
2645 2 2 200 11 2173 3792 3860
2646 2 2 200 11 2104 3841 4067
2647 2 2 200 11 2770 2772 2773
2648 2 2 200 11 1825 2950 3741
2649 2 2 200 11 4512 3101 4859
2650 2 2 200 11 4212 4170 4781
2651 2 2 200 11 5223 3383 5621
2652 2 2 200 11 1480 1481 1495
2653 2 2 200 11 3764 3198 5039
2654 2 2 200 11 1935 3842 4371
2655 2 2 200 11 1477 1476 1478
2656 2 2 200 11 1580 4599 4730
2657 2 2 200 11 2569 2101 3887
2658 2 2 200 11 1474 1476 1477
2659 2 2 200 11 1185 4276 4695
2660 2 2 200 11 1477 1479 1480
2661 2 2 200 11 3895 3872 4289
2662 2 2 200 11 4796 4169 4803
2663 2 2 200 11 4230 1427 4680
2664 2 2 200 11 2133 2978 3886
2665 2 2 200 11 2737 4116 4834
2666 2 2 200 11 3739 3740 5051
2667 2 2 200 11 3791 1642 4242
2668 2 2 200 11 4805 3039 4811
2669 2 2 200 11 736 412 4907
2670 2 2 200 11 2815 3774 4832
2671 2 2 200 11 1827 2147 4690
2672 2 2 200 11 413 3706 4907
2673 2 2 200 11 3955 2724 4735
2674 2 2 200 11 4807 3041 4814
2675 2 2 200 11 2990 2991 3869
2676 2 2 200 11 3538 3949 4302
2677 2 2 200 11 4375 1032 4713
2678 2 2 200 11 2171 2173 3861
2679 2 2 200 11 2980 2208 4259
2680 2 2 200 11 4971 2211 5520
2681 2 2 200 11 2978 3885 3886
2682 2 2 200 11 3304 3967 3968
2683 2 2 200 11 3854 3027 4664
2684 2 2 200 11 4012 1193 4301
2685 2 2 200 11 3838 2578 3857
2686 2 2 200 11 2415 2417 2418
2687 2 2 200 11 4182 4181 4760
2688 2 2 200 11 3864 1862 4625
2689 2 2 200 11 4250 1935 4371
2690 2 2 200 11 4136 1549 4773
2691 2 2 200 11 4241 2634 4273
2692 2 2 200 11 3801 1619 4375
2693 2 2 200 11 3322 4769 4777
2694 2 2 200 11 4140 1545 4775
2695 2 2 200 11 3796 2144 3863
2696 2 2 200 11 4820 3929 4826
2697 2 2 200 11 2998 4043 4733
2698 2 2 200 11 4171 4172 4808
2699 2 2 200 11 1646 3873 4341
2700 2 2 200 11 1825 1551 1826
2701 2 2 200 11 2536 3810 3818
2702 2 2 200 11 3556 734 3557
2703 2 2 200 11 3003 2103 3997
2704 2 2 200 11 3927 3928 4806
2705 2 2 200 11 3828 1625 4516
2706 2 2 200 11 3934 3935 4789
2707 2 2 200 11 4850 3919 4856
2708 2 2 200 11 2729 4121 4818
2709 2 2 200 11 3898 3001 4337
2710 2 2 200 11 2809 4115 4816
2711 2 2 200 11 4136 3044 4782
2712 2 2 200 11 2990 3869 4307
2713 2 2 200 11 4343 2981 4822
2714 2 2 200 11 4186 3324 4669
2715 2 2 200 11 2977 4599 4716
2716 2 2 200 11 4872 3333 4966
2717 2 2 200 11 4140 3049 4784
2718 2 2 200 11 3326 3928 4815
2719 2 2 200 11 2095 1927 4281
2720 2 2 200 11 2100 3802 4277
2721 2 2 200 11 856 620 3553
2722 2 2 200 11 1547 4791 4797
2723 2 2 200 11 4223 2568 4665
2724 2 2 200 11 2754 3918 4843
2725 2 2 200 11 1546 4792 4798
2726 2 2 200 11 3847 2990 4307
2727 2 2 200 11 3003 3997 4246
2728 2 2 200 11 4760 4181 4769
2729 2 2 200 11 2984 3814 3887
2730 2 2 200 11 3001 3857 4337
2731 2 2 200 11 4183 4182 4744
2732 2 2 200 11 2793 2794 3914
2733 2 2 200 11 3304 3966 3967
2734 2 2 200 11 2794 2018 3911
2735 2 2 200 11 2978 3792 3885
2736 2 2 200 11 2570 3847 4307
2737 2 2 200 11 2215 3814 3878
2738 2 2 200 11 3899 4089 4369
2739 2 2 200 11 4801 3935 4806
2740 2 2 200 11 3995 2701 4691
2741 2 2 200 11 3802 2979 4277
2742 2 2 200 11 1922 1923 2021
2743 2 2 200 11 3955 3956 4758
2744 2 2 200 11 1753 1640 4280
2745 2 2 200 11 4202 4201 4762
2746 2 2 200 11 4342 1505 4674
2747 2 2 200 11 4277 2979 4308
2748 2 2 200 11 2718 4139 4798
2749 2 2 200 11 1698 1625 3828
2750 2 2 200 11 3266 3268 3966
2751 2 2 200 11 2803 4138 4797
2752 2 2 200 11 2051 2926 3509
2753 2 2 200 11 4187 4186 4669
2754 2 2 200 11 3262 3264 3969
2755 2 2 200 11 2456 2458 3991
2756 2 2 200 11 4178 4179 4777
2757 2 2 200 11 2585 2225 4562
2758 2 2 200 11 595 596 2956
2759 2 2 200 11 621 622 2955
2760 2 2 200 11 1762 1763 4553
2761 2 2 200 11 3814 2984 3878
2762 2 2 200 11 4831 3926 4837
2763 2 2 200 11 2412 2413 2414
2764 2 2 200 11 4010 4011 4770
2765 2 2 200 11 3001 2158 3857
2766 2 2 200 11 4893 659 5201
2767 2 2 200 11 4118 1530 4572
2768 2 2 200 11 3826 2425 3951
2769 2 2 200 11 1444 1447 4618
2770 2 2 200 11 4014 982 4629
2771 2 2 200 11 3014 3951 4358
2772 2 2 200 11 2569 3888 3899
2773 2 2 200 11 2920 2424 3948
2774 2 2 200 11 4782 3044 4791
2775 2 2 200 11 1677 4142 4714
2776 2 2 200 11 3873 2585 4541
2777 2 2 200 11 2979 1808 4308
2778 2 2 200 11 4002 3003 4246
2779 2 2 200 11 3827 3133 3869
2780 2 2 200 11 3325 3935 4801
2781 2 2 200 11 4784 3049 4792
2782 2 2 200 11 2513 4772 4781
2783 2 2 200 11 2983 3813 4286
2784 2 2 200 11 852 3561 3562
2785 2 2 200 11 3948 1779 3949
2786 2 2 200 11 3584 3586 3587
2787 2 2 200 11 3820 2004 3996
2788 2 2 200 11 2745 3926 4831
2789 2 2 200 11 1646 3825 3873
2790 2 2 200 11 4846 2963 4890
2791 2 2 200 11 3825 1646 4014
2792 2 2 200 11 4206 4207 4698
2793 2 2 200 11 4167 1548 4731
2794 2 2 200 11 2983 4286 4409
2795 2 2 200 11 4173 1533 4732
2796 2 2 200 11 2933 3819 4067
2797 2 2 200 11 1520 3774 4838
2798 2 2 200 11 4758 3956 4772
2799 2 2 200 11 3766 2977 4716
2800 2 2 200 11 4013 2552 4023
2801 2 2 200 11 3182 4281 4282
2802 2 2 200 11 4126 2433 4326
2803 2 2 200 11 3954 3955 4735
2804 2 2 200 11 3304 3266 3966
2805 2 2 200 11 4541 2585 4562
2806 2 2 200 11 2708 4140 4775
2807 2 2 200 11 2508 2456 3991
2808 2 2 200 11 1755 2004 3911
2809 2 2 200 11 2785 4136 4773
2810 2 2 200 11 2991 3827 3869
2811 2 2 200 11 1529 4116 4839
2812 2 2 200 11 2004 3820 3910
2813 2 2 200 11 2418 2417 2419
2814 2 2 200 11 2101 2984 3887
2815 2 2 200 11 2056 3848 3850
2816 2 2 200 11 3011 4235 4395
2817 2 2 200 11 2200 2048 2407
2818 2 2 200 11 4339 3099 4809
2819 2 2 200 11 4167 3046 4750
2820 2 2 200 11 4599 2977 4730
2821 2 2 200 11 4245 1431 4613
2822 2 2 200 11 4786 4179 4789
2823 2 2 200 11 4827 3034 4832
2824 2 2 200 11 4173 3050 4751
2825 2 2 200 11 2333 3167 5035
2826 2 2 200 11 4819 4172 4824
2827 2 2 200 11 3847 2570 4092
2828 2 2 200 11 2692 4013 4023
2829 2 2 200 11 4124 2433 4126
2830 2 2 200 11 3851 2572 4267
2831 2 2 200 11 3871 2526 4591
2832 2 2 200 11 2985 3996 3997
2833 2 2 200 11 2158 3838 3857
2834 2 2 200 11 4828 3035 4834
2835 2 2 200 11 1026 1619 3889
2836 2 2 200 11 1549 4767 4773
2837 2 2 200 11 573 734 3556
2838 2 2 200 11 3819 2852 4067
2839 2 2 200 11 4044 4045 4683
2840 2 2 200 11 3841 2104 4280
2841 2 2 200 11 1545 4768 4775
2842 2 2 200 11 2109 4119 4294
2843 2 2 200 11 3022 3872 3895
2844 2 2 200 11 4186 4185 4703
2845 2 2 200 11 3016 3873 4541
2846 2 2 200 11 2985 3820 3996
2847 2 2 200 11 917 914 4746
2848 2 2 200 11 3859 1565 4327
2849 2 2 200 11 3994 3995 4691
2850 2 2 200 11 4898 3466 5003
2851 2 2 200 11 349 350 735
2852 2 2 200 11 573 574 734
2853 2 2 200 11 710 3585 3588
2854 2 2 200 11 1497 3865 3871
2855 2 2 200 11 4195 2514 4628
2856 2 2 200 11 3881 2993 3882
2857 2 2 200 11 4125 4126 4563
2858 2 2 200 11 3570 699 3571
2859 2 2 200 11 1501 4202 4762
2860 2 2 200 11 3848 2056 3868
2861 2 2 200 11 3573 2292 5447
2862 2 2 200 11 1763 3811 4553
2863 2 2 200 11 3322 4179 4786
2864 2 2 200 11 3791 4242 4729
2865 2 2 200 11 2512 4172 4819
2866 2 2 200 11 1863 1865 3883
2867 2 2 200 11 4756 2970 4817
2868 2 2 200 11 4238 4235 4511
2869 2 2 200 11 3562 3561 3563
2870 2 2 200 11 2761 4118 4572
2871 2 2 200 11 3268 3964 3966
2872 2 2 200 11 2103 2985 3997
2873 2 2 200 11 3831 2525 3832
2874 2 2 200 11 2695 4173 4732
2875 2 2 200 11 2458 3988 3991
2876 2 2 200 11 1827 2145 2147
2877 2 2 200 11 351 852 3555
2878 2 2 200 11 2724 4724 4735
2879 2 2 200 11 2691 4167 4731
2880 2 2 200 11 2626 2625 3818
2881 2 2 200 11 2414 2413 2415
2882 2 2 200 11 3532 3531 3533
2883 2 2 200 11 3054 3867 4686
2884 2 2 200 11 4251 1181 4279
2885 2 2 200 11 2794 3913 3914
2886 2 2 200 11 4064 4065 4982
2887 2 2 200 11 2571 4038 4219
2888 2 2 200 11 1498 4010 4770
2889 2 2 200 11 4803 4169 4808
2890 2 2 200 11 4301 1197 4643
2891 2 2 200 11 2849 2821 5248
2892 2 2 200 11 2431 4107 4321
2893 2 2 200 11 3951 2425 4358
2894 2 2 200 11 2162 2571 4577
2895 2 2 200 11 3022 3896 3897
2896 2 2 200 11 693 3448 5361
2897 2 2 200 11 2046 1868 2726
2898 2 2 200 11 2569 3899 4369
2899 2 2 200 11 2433 4124 4329
2900 2 2 200 11 1537 4115 4823
2901 2 2 200 11 4520 2989 4783
2902 2 2 200 11 4769 4181 4777
2903 2 2 200 11 3262 3969 4006
2904 2 2 200 11 3284 3303 3974
2905 2 2 200 11 4750 3046 4767
2906 2 2 200 11 3323 4719 4744
2907 2 2 200 11 3894 3030 3908
2908 2 2 200 11 2267 1821 2268
2909 2 2 200 11 2994 4251 4279
2910 2 2 200 11 4255 4222 4265
2911 2 2 200 11 3808 3807 4857
2912 2 2 200 11 4176 1536 4666
2913 2 2 200 11 4751 3050 4768
2914 2 2 200 11 5085 4925 5550
2915 2 2 200 11 3073 4230 4680
2916 2 2 200 11 4049 4119 4366
2917 2 2 200 11 2048 2046 4333
2918 2 2 200 11 1540 4121 4825
2919 2 2 200 11 4174 1522 4670
2920 2 2 200 11 1581 3856 4305
2921 2 2 200 11 4276 3773 4695
2922 2 2 200 11 1193 4012 4741
2923 2 2 200 11 4156 4216 4217
2924 2 2 200 11 3182 2095 4281
2925 2 2 200 11 4219 4038 4363
2926 2 2 200 11 4703 4185 4719
2927 2 2 200 11 4020 4021 4058
2928 2 2 200 11 1000 1001 4569
2929 2 2 200 11 3029 4310 4585
2930 2 2 200 11 3022 3895 3896
2931 2 2 200 11 4811 3039 4816
2932 2 2 200 11 1465 3030 3894
2933 2 2 200 11 4124 4123 4329
2934 2 2 200 11 2573 3859 4327
2935 2 2 200 11 1000 4221 4255
2936 2 2 200 11 4194 4195 4628
2937 2 2 200 11 4107 4106 4321
2938 2 2 200 11 3268 3270 3964
2939 2 2 200 11 329 330 3551
2940 2 2 200 11 3004 4118 4625
2941 2 2 200 11 2458 2460 3988
2942 2 2 200 11 2104 1753 4280
2943 2 2 200 11 1120 4206 4698
2944 2 2 200 11 1519 3890 4439
2945 2 2 200 11 3899 1394 4089
2946 2 2 200 11 4814 3041 4818
2947 2 2 200 11 3176 4152 4153
2948 2 2 200 11 3973 3974 3975
2949 2 2 200 11 1927 2056 4281
2950 2 2 200 11 1447 3020 4286
2951 2 2 200 11 3867 1521 4686
2952 2 2 200 11 1854 3870 4306
2953 2 2 200 11 3148 3150 4863
2954 2 2 200 11 1858 3872 4309
2955 2 2 200 11 4126 2423 4563
2956 2 2 200 11 2027 2256 2412
2957 2 2 200 11 3868 3008 4248
2958 2 2 200 11 16 17 893
2959 2 2 200 11 326 327 892
2960 2 2 200 11 2435 2437 3863
2961 2 2 200 11 2209 4020 4058
2962 2 2 200 11 523 524 4967
2963 2 2 200 11 4054 3017 4576
2964 2 2 200 11 4197 3023 4525
2965 2 2 200 11 4120 3013 4368
2966 2 2 200 11 2421 2858 3166
2967 2 2 200 11 2699 4223 4665
2968 2 2 200 11 2957 4258 4259
2969 2 2 200 11 3865 1497 4317
2970 2 2 200 11 4176 3042 4701
2971 2 2 200 11 1474 1473 1476
2972 2 2 200 11 3801 4375 4713
2973 2 2 200 11 2833 4042 4071
2974 2 2 200 11 2676 4174 4670
2975 2 2 200 11 3264 3304 3969
2976 2 2 200 11 4221 4222 4255
2977 2 2 200 11 2668 4176 4666
2978 2 2 200 11 4174 3045 4702
2979 2 2 200 11 4015 3859 4570
2980 2 2 200 11 2513 4170 4796
2981 2 2 200 11 1964 2027 4716
2982 2 2 200 11 4119 2109 4366
2983 2 2 200 11 2072 2069 3534
2984 2 2 200 11 4120 1519 4521
2985 2 2 200 11 2572 3851 4280
2986 2 2 200 11 3797 3215 3798
2987 2 2 200 11 3282 3284 3974
2988 2 2 200 11 1640 2572 4280
2989 2 2 200 11 3790 2435 3863
2990 2 2 200 11 1519 4439 4521
2991 2 2 200 11 4310 1532 4585
2992 2 2 200 11 3870 3018 4306
2993 2 2 200 11 1161 4305 4538
2994 2 2 200 11 4235 4220 4395
2995 2 2 200 11 1548 4718 4731
2996 2 2 200 11 3005 4240 4241
2997 2 2 200 11 944 4456 4457
2998 2 2 200 11 1472 1473 1474
2999 2 2 200 11 2631 2632 2704
3000 2 2 200 11 2408 3210 3906
3001 2 2 200 11 3008 4027 4248
3002 2 2 200 11 1533 4720 4732
3003 2 2 200 11 2378 3464 5100
3004 2 2 200 11 1391 1394 4554
3005 2 2 200 11 4203 4202 4778
3006 2 2 200 11 3004 4117 4118
3007 2 2 200 11 1732 3008 3868
3008 2 2 200 11 1429 4335 4376
3009 2 2 200 11 1837 1616 4249
3010 2 2 200 11 2199 2048 2200
3011 2 2 200 11 1868 1698 3828
3012 2 2 200 11 2704 2632 2705
3013 2 2 200 11 1581 3915 4529
3014 2 2 200 11 3323 4182 4760
3015 2 2 200 11 2113 2141 4664
3016 2 2 200 11 1473 1532 3874
3017 2 2 200 11 3654 3653 3655
3018 2 2 200 11 1023 1026 4545
3019 2 2 200 11 1865 2993 3883
3020 2 2 200 11 3974 3303 3975
3021 2 2 200 11 1178 1181 4615
3022 2 2 200 11 3000 1497 3871
3023 2 2 200 11 2552 2191 4632
3024 2 2 200 11 3825 4014 4629
3025 2 2 200 11 3858 3077 4748
3026 2 2 200 11 2866 3808 3809
3027 2 2 200 11 1517 4761 4771
3028 2 2 200 11 3078 4342 4674
3029 2 2 200 11 2047 2046 2048
3030 2 2 200 11 3859 3853 4570
3031 2 2 200 11 2995 4245 4613
3032 2 2 200 11 2701 4667 4691
3033 2 2 200 11 4232 3976 4295
3034 2 2 200 11 1344 4514 4571
3035 2 2 200 11 3806 4294 4382
3036 2 2 200 11 1026 3889 4545
3037 2 2 200 11 1396 4197 4525
3038 2 2 200 11 4097 2107 4347
3039 2 2 200 11 4267 2572 4270
3040 2 2 200 11 1547 4138 4805
3041 2 2 200 11 4522 3094 4759
3042 2 2 200 11 4294 3870 4382
3043 2 2 200 11 4158 4159 4160
3044 2 2 200 11 3867 4137 4715
3045 2 2 200 11 2999 3890 4352
3046 2 2 200 11 2056 1732 3868
3047 2 2 200 11 351 352 852
3048 2 2 200 11 571 572 834
3049 2 2 200 11 3876 2409 3905
3050 2 2 200 11 945 948 4456
3051 2 2 200 11 3302 3960 3961
3052 2 2 200 11 2507 3984 3985
3053 2 2 200 11 4787 1516 4794
3054 2 2 200 11 1546 4139 4807
3055 2 2 200 11 3872 3021 4309
3056 2 2 200 11 1447 4286 4618
3057 2 2 200 11 1806 4544 4630
3058 2 2 200 11 4335 3017 4376
3059 2 2 200 11 3865 3790 3871
3060 2 2 200 11 2650 4189 4574
3061 2 2 200 11 4094 4240 4378
3062 2 2 200 11 2644 4190 4573
3063 2 2 200 11 4269 958 4283
3064 2 2 200 11 3915 3992 4365
3065 2 2 200 11 1835 4104 4463
3066 2 2 200 11 958 4269 4284
3067 2 2 200 11 4791 3044 4797
3068 2 2 200 11 1835 4103 4104
3069 2 2 200 11 2726 3828 3829
3070 2 2 200 11 4020 2209 4296
3071 2 2 200 11 4042 2833 4290
3072 2 2 200 11 1577 3012 4416
3073 2 2 200 11 3898 4022 4355
3074 2 2 200 11 3001 3898 4355
3075 2 2 200 11 3890 4086 4352
3076 2 2 200 11 4235 3011 4511
3077 2 2 200 11 3302 3961 3962
3078 2 2 200 11 2578 2577 3857
3079 2 2 200 11 1578 1713 4250
3080 2 2 200 11 2507 3985 3986
3081 2 2 200 11 3066 4301 4643
3082 2 2 200 11 4002 3993 4379
3083 2 2 200 11 1101 1507 4080
3084 2 2 200 11 1095 1122 4076
3085 2 2 200 11 4092 2570 4300
3086 2 2 200 11 1576 2538 4237
3087 2 2 200 11 4046 4047 4607
3088 2 2 200 11 3012 4250 4371
3089 2 2 200 11 1318 1496 3921
3090 2 2 200 11 4190 1518 4573
3091 2 2 200 11 1089 1119 3931
3092 2 2 200 11 4792 3049 4798
3093 2 2 200 11 3801 2638 3877
3094 2 2 200 11 1131 4368 4532
3095 2 2 200 11 4189 1525 4574
3096 2 2 200 11 2056 3850 4281
3097 2 2 200 11 3097 2629 4587
3098 2 2 200 11 2628 3093 4579
3099 2 2 200 11 4325 4243 4354
3100 2 2 200 11 2045 1868 2046
3101 2 2 200 11 1123 1065 4184
3102 2 2 200 11 1405 4002 4246
3103 2 2 200 11 3002 3915 4365
3104 2 2 200 11 4009 4010 4793
3105 2 2 200 11 4166 2545 4344
3106 2 2 200 11 3302 3272 3960
3107 2 2 200 11 4303 986 4548
3108 2 2 200 11 3018 3903 4306
3109 2 2 200 11 2571 4219 4577
3110 2 2 200 11 2507 2462 3984
3111 2 2 200 11 3020 3901 4313
3112 2 2 200 11 1508 1246 4098
3113 2 2 200 11 2764 4031 4035
3114 2 2 200 11 3015 3916 4304
3115 2 2 200 11 3003 4002 4379
3116 2 2 200 11 1616 4127 4249
3117 2 2 200 11 852 352 3561
3118 2 2 200 11 4221 1000 4569
3119 2 2 200 11 4076 1122 4077
3120 2 2 200 11 4080 1507 4081
3121 2 2 200 11 1906 2614 4208
3122 2 2 200 11 3032 4303 4548
3123 2 2 200 11 2557 2734 4011
3124 2 2 200 11 1585 3898 4337
3125 2 2 200 11 4772 3956 4781
3126 2 2 200 11 3921 1496 3922
3127 2 2 200 11 1565 3859 4015
3128 2 2 200 11 3931 1119 3932
3129 2 2 200 11 4330 4061 4501
3130 2 2 200 11 4701 3042 4718
3131 2 2 200 11 3907 3014 4285
3132 2 2 200 11 3818 2625 4439
3133 2 2 200 11 1211 4267 4270
3134 2 2 200 11 4203 4778 4787
3135 2 2 200 11 3014 2528 3951
3136 2 2 200 11 4027 3008 4334
3137 2 2 200 11 1123 4184 4185
3138 2 2 200 11 2173 2172 3885
3139 2 2 200 11 4285 3014 4358
3140 2 2 200 11 4702 3045 4720
3141 2 2 200 11 1246 1248 4098
3142 2 2 200 11 4324 4049 4366
3143 2 2 200 11 2993 3881 3883
3144 2 2 200 11 4152 3176 4233
3145 2 2 200 11 2724 3955 4758
3146 2 2 200 11 2907 4192 4193
3147 2 2 200 11 2516 1840 3904
3148 2 2 200 11 3369 4224 4225
3149 2 2 200 11 2173 3860 3861
3150 2 2 200 11 2409 3876 3904
3151 2 2 200 11 1863 3883 4514
3152 2 2 200 11 1616 1043 4127
3153 2 2 200 11 3280 3282 3972
3154 2 2 200 11 1841 1837 4249
3155 2 2 200 11 2726 1868 3828
3156 2 2 200 11 2542 2860 4218
3157 2 2 200 11 1979 2889 4199
3158 2 2 200 11 3972 3282 3974
3159 2 2 200 11 2534 2943 4214
3160 2 2 200 11 2412 2256 2413
3161 2 2 200 11 2233 1797 4227
3162 2 2 200 11 4208 2614 4209
3163 2 2 200 11 4165 4166 4344
3164 2 2 200 11 2007 2880 4256
3165 2 2 200 11 4050 4049 4324
3166 2 2 200 11 2235 1790 4035
3167 2 2 200 11 4158 4154 4159
3168 2 2 200 11 4117 3004 4315
3169 2 2 200 11 1631 1216 4050
3170 2 2 200 11 1129 4325 4354
3171 2 2 200 11 2429 1788 4271
3172 2 2 200 11 4240 3005 4378
3173 2 2 200 11 2038 3169 4191
3174 2 2 200 11 4265 2579 4367
3175 2 2 200 11 4536 2998 4733
3176 2 2 200 11 4305 3856 4538
3177 2 2 200 11 3304 3968 3969
3178 2 2 200 11 4098 4097 4347
3179 2 2 200 11 2862 3879 4227
3180 2 2 200 11 2397 2015 4272
3181 2 2 200 11 4332 3010 4395
3182 2 2 200 11 4171 1337 4172
3183 2 2 200 11 4748 3077 4761
3184 2 2 200 11 1831 1611 4103
3185 2 2 200 11 1304 1337 4171
3186 2 2 200 11 4133 3310 4134
3187 2 2 200 11 3296 3310 4133
3188 2 2 200 11 2207 1741 4233
3189 2 2 200 11 2910 4001 4272
3190 2 2 200 11 2528 3900 4291
3191 2 2 200 11 2996 3848 3868
3192 2 2 200 11 4199 2889 4200
3193 2 2 200 11 2003 3127 4175
3194 2 2 200 11 4257 4027 4334
3195 2 2 200 11 3880 3157 4256
3196 2 2 200 11 2619 3171 4146
3197 2 2 200 11 1835 1831 4103
3198 2 2 200 11 1570 1514 4238
3199 2 2 200 11 2865 3884 4271
3200 2 2 200 11 4107 2431 4345
3201 2 2 200 11 4724 3995 4735
3202 2 2 200 11 1216 1218 4050
3203 2 2 200 11 3847 4092 4360
3204 2 2 200 11 2538 2541 4237
3205 2 2 200 11 4191 3169 4192
3206 2 2 200 11 1713 1935 4250
3207 2 2 200 11 3010 3011 4395
3208 2 2 200 11 4092 4091 4360
3209 2 2 200 11 3588 3585 3589
3210 2 2 200 11 4023 2552 4632
3211 2 2 200 11 954 955 4284
3212 2 2 200 11 2528 1013 3900
3213 2 2 200 11 1502 1059 4188
3214 2 2 200 11 3856 1581 4529
3215 2 2 200 11 2172 2604 3885
3216 2 2 200 11 4154 2478 4159
3217 2 2 200 11 1402 1405 4356
3218 2 2 200 11 3270 3302 3964
3219 2 2 200 11 3020 1448 3901
3220 2 2 200 11 3920 1316 3921
3221 2 2 200 11 2460 2507 3988
3222 2 2 200 11 4190 3036 4620
3223 2 2 200 11 4052 2855 4053
3224 2 2 200 11 3930 1087 3931
3225 2 2 200 11 3018 1226 3903
3226 2 2 200 11 1478 1476 1551
3227 2 2 200 11 4204 2430 4205
3228 2 2 200 11 1621 1007 3907
3229 2 2 200 11 2059 2430 4204
3230 2 2 200 11 4045 2281 4046
3231 2 2 200 11 1067 4183 4184
3232 2 2 200 11 1635 991 4266
3233 2 2 200 11 4189 3038 4623
3234 2 2 200 11 4025 1585 4316
3235 2 2 200 11 3128 4199 4200
3236 2 2 200 11 2907 4191 4192
3237 2 2 200 11 4026 1577 4314
3238 2 2 200 11 3015 1432 3916
3239 2 2 200 11 1275 2439 3902
3240 2 2 200 11 2450 2855 4052
3241 2 2 200 11 3015 4304 4402
3242 2 2 200 11 2595 3099 3946
3243 2 2 200 11 3829 942 4651
3244 2 2 200 11 3870 1854 4382
3245 2 2 200 11 2205 4330 4501
3246 2 2 200 11 4106 4105 4321
3247 2 2 200 11 1197 1198 4062
3248 2 2 200 11 4205 4206 4728
3249 2 2 200 11 721 570 3564
3250 2 2 200 11 2756 2273 4112
3251 2 2 200 11 2282 2281 4045
3252 2 2 200 11 4802 1513 4812
3253 2 2 200 11 4266 4265 4367
3254 2 2 200 11 4514 3883 4571
3255 2 2 200 11 1988 1778 4047
3256 2 2 200 11 2583 2617 4145
3257 2 2 200 11 3831 3832 3833
3258 2 2 200 11 3013 4120 4521
3259 2 2 200 11 2587 3094 4003
3260 2 2 200 11 4145 2617 4146
3261 2 2 200 11 36 37 733
3262 2 2 200 11 306 307 732
3263 2 2 200 11 1549 4136 4782
3264 2 2 200 11 955 958 4284
3265 2 2 200 11 4207 1908 4208
3266 2 2 200 11 1085 1087 3930
3267 2 2 200 11 3324 4186 4703
3268 2 2 200 11 2409 2408 3906
3269 2 2 200 11 4102 1502 4188
3270 2 2 200 11 1394 3899 4554
3271 2 2 200 11 2087 3908 4530
3272 2 2 200 11 1314 1316 3920
3273 2 2 200 11 1443 3909 4497
3274 2 2 200 11 3872 1858 4289
3275 2 2 200 11 4317 4109 4428
3276 2 2 200 11 2525 2522 4568
3277 2 2 200 11 1565 3902 4327
3278 2 2 200 11 3917 1356 3918
3279 2 2 200 11 1814 1698 1868
3280 2 2 200 11 4073 1512 4074
3281 2 2 200 11 4084 1515 4085
3282 2 2 200 11 3925 1554 3926
3283 2 2 200 11 3927 1115 3928
3284 2 2 200 11 2111 3781 4260
3285 2 2 200 11 3375 4087 4088
3286 2 2 200 11 3272 3274 3960
3287 2 2 200 11 3012 4371 4416
3288 2 2 200 11 4141 4013 4714
3289 2 2 200 11 2462 2464 3984
3290 2 2 200 11 1067 1069 4183
3291 2 2 200 11 4047 1778 4177
3292 2 2 200 11 977 979 4014
3293 2 2 200 11 4094 1417 4240
3294 2 2 200 11 4123 4122 4329
3295 2 2 200 11 2496 4156 4217
3296 2 2 200 11 3943 2499 3944
3297 2 2 200 11 4527 2198 4598
3298 2 2 200 11 3941 2898 3942
3299 2 2 200 11 1406 3993 4002
3300 2 2 200 11 3956 1339 4213
3301 2 2 200 11 4079 1099 4080
3302 2 2 200 11 1466 1465 4594
3303 2 2 200 11 3876 2516 3904
3304 2 2 200 11 1121 4180 4181
3305 2 2 200 11 3332 3957 3958
3306 2 2 200 11 1619 1027 4375
3307 2 2 200 11 3865 4317 4428
3308 2 2 200 11 1316 1318 3921
3309 2 2 200 11 2506 3978 3982
3310 2 2 200 11 2054 4029 4036
3311 2 2 200 11 3126 2177 4164
3312 2 2 200 11 1705 1963 1964
3313 2 2 200 11 1763 1570 4238
3314 2 2 200 11 3260 4581 4612
3315 2 2 200 11 1545 4140 4784
3316 2 2 200 11 4031 2235 4035
3317 2 2 200 11 1181 4251 4615
3318 2 2 200 11 2209 1796 4296
3319 2 2 200 11 2438 2113 4652
3320 2 2 200 11 959 962 4283
3321 2 2 200 11 1099 1101 4080
3322 2 2 200 11 3303 3286 4295
3323 2 2 200 11 1087 1089 3931
3324 2 2 200 11 1396 4196 4197
3325 2 2 200 11 3915 1167 3992
3326 2 2 200 11 4368 3013 4532
3327 2 2 200 11 4332 4099 4426
3328 2 2 200 11 2965 2966 3893
3329 2 2 200 11 2559 2557 4011
3330 2 2 200 11 3010 4332 4426
3331 2 2 200 11 1236 1239 3897
3332 2 2 200 11 4008 2566 4009
3333 2 2 200 11 4767 3046 4773
3334 2 2 200 11 944 945 4456
3335 2 2 200 11 4075 1093 4076
3336 2 2 200 11 1093 1095 4076
3337 2 2 200 11 2988 3844 3952
3338 2 2 200 11 2996 3868 4248
3339 2 2 200 11 1125 1696 3924
3340 2 2 200 11 3822 2986 3999
3341 2 2 200 11 3020 4313 4409
3342 2 2 200 11 1065 1067 4184
3343 2 2 200 11 1107 1515 4084
3344 2 2 200 11 1324 1512 4073
3345 2 2 200 11 3908 3030 4530
3346 2 2 200 11 4719 4185 4744
3347 2 2 200 11 1124 4123 4124
3348 2 2 200 11 1043 1045 4127
3349 2 2 200 11 1239 3022 3897
3350 2 2 200 11 4216 4215 4217
3351 2 2 200 11 2502 3449 3936
3352 2 2 200 11 1208 1211 4270
3353 2 2 200 11 3307 3335 3945
3354 2 2 200 11 1312 1356 3917
3355 2 2 200 11 3978 3979 3982
3356 2 2 200 11 1794 2149 4063
3357 2 2 200 11 1308 1554 3925
3358 2 2 200 11 1536 4646 4666
3359 2 2 200 11 1470 1475 3953
3360 2 2 200 11 3021 4114 4309
3361 2 2 200 11 2833 1828 4290
3362 2 2 200 11 3734 5063 5602
3363 2 2 200 11 2117 4252 4523
3364 2 2 200 11 1380 4092 4300
3365 2 2 200 11 3300 3334 3947
3366 2 2 200 11 2488 2499 3943
3367 2 2 200 11 2484 2898 3941
3368 2 2 200 11 4082 1507 4083
3369 2 2 200 11 1083 1115 3927
3370 2 2 200 11 2571 4037 4038
3371 2 2 200 11 3012 1369 4016
3372 2 2 200 11 1908 1906 4208
3373 2 2 200 11 3898 1151 4022
3374 2 2 200 11 1116 1077 3934
3375 2 2 200 11 4252 3028 4523
3376 2 2 200 11 4768 3050 4775
3377 2 2 200 11 2436 1849 4239
3378 2 2 200 11 1560 1290 3954
3379 2 2 200 11 2701 3995 4724
3380 2 2 200 11 2514 4595 4628
3381 2 2 200 11 1339 1294 4213
3382 2 2 200 11 1932 1908 4207
3383 2 2 200 11 2529 1145 4025
3384 2 2 200 11 2474 2496 4217
3385 2 2 200 11 1646 977 4014
3386 2 2 200 11 1530 3009 4572
3387 2 2 200 11 3924 1696 4063
3388 2 2 200 11 1121 1071 4180
3389 2 2 200 11 2537 1363 4026
3390 2 2 200 11 1505 4106 4107
3391 2 2 200 11 3832 2525 4568
3392 2 2 200 11 2617 2619 4146
3393 2 2 200 11 3923 1496 4072
3394 2 2 200 11 3976 3303 4295
3395 2 2 200 11 2792 4873 5087
3396 2 2 200 11 3332 3276 3957
3397 2 2 200 11 1497 1254 4317
3398 2 2 200 11 1522 4650 4670
3399 2 2 200 11 2506 2466 3978
3400 2 2 200 11 1338 1286 3994
3401 2 2 200 11 4267 4059 4398
3402 2 2 200 11 2911 1856 4247
3403 2 2 200 11 1989 2003 4175
3404 2 2 200 11 1396 1280 4196
3405 2 2 200 11 4043 2285 4044
3406 2 2 200 11 3879 2233 4227
3407 2 2 200 11 2517 2870 3998
3408 2 2 200 11 3009 1357 4066
3409 2 2 200 11 2561 2566 4008
3410 2 2 200 11 991 993 4266
3411 2 2 200 11 2855 2452 4004
3412 2 2 200 11 1097 1099 4079
3413 2 2 200 11 3017 4335 4576
3414 2 2 200 11 2443 2440 4113
3415 2 2 200 11 1611 4100 4103
3416 2 2 200 11 3890 1139 4086
3417 2 2 200 11 1933 2007 4256
3418 2 2 200 11 1776 2038 4191
3419 2 2 200 11 1788 1783 4271
3420 2 2 200 11 958 959 4283
3421 2 2 200 11 1201 4060 4061
3422 2 2 200 11 1790 1766 4035
3423 2 2 200 11 3851 4267 4398
3424 2 2 200 11 4009 4793 4802
3425 2 2 200 11 1221 4048 4049
3426 2 2 200 11 1375 1266 4015
3427 2 2 200 11 1124 1047 4123
3428 2 2 200 11 2920 3948 3949
3429 2 2 200 11 1741 1739 4233
3430 2 2 200 11 1696 1794 4063
3431 2 2 200 11 1899 1979 4199
3432 2 2 200 11 4097 3000 4591
3433 2 2 200 11 1135 4120 4368
3434 2 2 200 11 1272 1275 3902
3435 2 2 200 11 2168 3017 4054
3436 2 2 200 11 1380 4091 4092
3437 2 2 200 11 1797 1780 4227
3438 2 2 200 11 4066 1576 4237
3439 2 2 200 11 1514 4234 4238
3440 2 2 200 11 1440 1443 4497
3441 2 2 200 11 2571 2399 4037
3442 2 2 200 11 4543 4044 4683
3443 2 2 200 11 2540 2542 4218
3444 2 2 200 11 1467 1556 4099
3445 2 2 200 11 4016 1578 4250
3446 2 2 200 11 3375 2253 4087
3447 2 2 200 11 4231 4232 4295
3448 2 2 200 11 2532 2534 4214
3449 2 2 200 11 2880 3880 4256
3450 2 2 200 11 4096 3000 4097
3451 2 2 200 11 1253 3000 4096
3452 2 2 200 11 3951 2528 4291
3453 2 2 200 11 1505 1035 4106
3454 2 2 200 11 1042 1836 4105
3455 2 2 200 11 1006 1622 4090
3456 2 2 200 11 1261 1844 4109
3457 2 2 200 11 4001 2397 4272
3458 2 2 200 11 4129 4287 4397
3459 2 2 200 11 3214 2436 4239
3460 2 2 200 11 3750 2911 4247
3461 2 2 200 11 3884 2429 4271
3462 2 2 200 11 1054 1830 4122
3463 2 2 200 11 3176 2207 4233
3464 2 2 200 11 3962 3961 3963
3465 2 2 200 11 1609 1276 4095
3466 2 2 200 11 2261 4162 4163
3467 2 2 200 11 2272 4110 4111
3468 2 2 200 11 1611 1055 4100
3469 2 2 200 11 1840 1839 3904
3470 2 2 200 11 1091 1093 4075
3471 2 2 200 11 4220 1461 4395
3472 2 2 200 11 2252 1867 4224
3473 2 2 200 11 3897 3896 4461
3474 2 2 200 11 3258 3259 4006
3475 2 2 200 11 4287 2580 4397
3476 2 2 200 11 2015 1774 4272
3477 2 2 200 11 2553 4013 4141
3478 2 2 200 11 1995 2686 4108
3479 2 2 200 11 3369 2252 4224
3480 2 2 200 11 3867 3055 4137
3481 2 2 200 11 4143 2582 4144
3482 2 2 200 11 3970 3317 3971
3483 2 2 200 11 308 863 4889
3484 2 2 200 11 2613 4147 4148
3485 2 2 200 11 1405 4246 4356
3486 2 2 200 11 1621 3907 4285
3487 2 2 200 11 2589 2587 4003
3488 2 2 200 11 3259 3262 4006
3489 2 2 200 11 2440 1609 4113
3490 2 2 200 11 1617 1262 4165
3491 2 2 200 11 2597 2595 3946
3492 2 2 200 11 4117 1530 4118
3493 2 2 200 11 1334 4170 4212
3494 2 2 200 11 4017 2919 4019
3495 2 2 200 11 1234 3897 4461
3496 2 2 200 11 3980 2497 4215
3497 2 2 200 11 3975 3303 3976
3498 2 2 200 11 1432 1434 3916
3499 2 2 200 11 1406 1408 3993
3500 2 2 200 11 1609 4095 4113
3501 2 2 200 11 4178 1116 4179
3502 2 2 200 11 1448 1450 3901
3503 2 2 200 11 1165 1581 4305
3504 2 2 200 11 1226 1228 3903
3505 2 2 200 11 1013 1015 3900
3506 2 2 200 11 1671 1669 4177
3507 2 2 200 11 1007 1009 3907
3508 2 2 200 11 3258 4006 4007
3509 2 2 200 11 3309 4132 4231
3510 2 2 200 11 3450 2504 4228
3511 2 2 200 11 3396 3315 4229
3512 2 2 200 11 2174 3345 4328
3513 2 2 200 11 4194 1338 4195
3514 2 2 200 11 4028 2235 4030
3515 2 2 200 11 4152 4151 4153
3516 2 2 200 11 4055 2209 4058
3517 2 2 200 11 1414 1417 4094
3518 2 2 200 11 2286 2285 4043
3519 2 2 200 11 3857 2577 4337
3520 2 2 200 11 3021 1240 4114
3521 2 2 200 11 2231 4210 4211
3522 2 2 200 11 1514 1454 4234
3523 2 2 200 11 1352 4117 4315
3524 2 2 200 11 1201 1202 4060
3525 2 2 200 11 1221 1222 4048
3526 2 2 200 11 1211 1212 4059
3527 2 2 200 11 4316 1585 4337
3528 2 2 200 11 2272 2204 4110
3529 2 2 200 11 1394 1395 4089
3530 2 2 200 11 1778 1671 4177
3531 2 2 200 11 1380 1381 4091
3532 2 2 200 11 1167 1168 3992
3533 2 2 200 11 2055 2054 4036
3534 2 2 200 11 986 987 4093
3535 2 2 200 11 4069 2833 4071
3536 2 2 200 11 2212 3130 4068
3537 2 2 200 11 1174 1177 4129
3538 2 2 200 11 3980 4215 4216
3539 2 2 200 11 4314 1577 4416
3540 2 2 200 11 1369 1370 4016
3541 2 2 200 11 1151 1152 4022
3542 2 2 200 11 4667 4195 4691
3543 2 2 200 11 1145 1146 4025
3544 2 2 200 11 1363 1364 4026
3545 2 2 200 11 2196 2582 4143
3546 2 2 200 11 4150 4151 4152
3547 2 2 200 11 2613 2610 4147
3548 2 2 200 11 965 967 4257
3549 2 2 200 11 1964 2026 2027
3550 2 2 200 11 1357 1358 4066
3551 2 2 200 11 1139 1140 4086
3552 2 2 200 11 2811 3034 4115
3553 2 2 200 11 4150 3120 4151
3554 2 2 200 11 2739 3033 4116
3555 2 2 200 11 2731 3035 4121
3556 2 2 200 11 4081 1507 4082
3557 2 2 200 11 4549 1897 4589
3558 2 2 200 11 1387 1390 4161
3559 2 2 200 11 3814 3815 3887
3560 2 2 200 11 2527 3894 3908
3561 2 2 200 11 1354 1530 4117
3562 2 2 200 11 2805 3039 4138
3563 2 2 200 11 2799 3044 4136
3564 2 2 200 11 1137 1519 4120
3565 2 2 200 11 4077 1122 4078
3566 2 2 200 11 2261 2262 4162
3567 2 2 200 11 1507 1103 4083
3568 2 2 200 11 2720 3041 4139
3569 2 2 200 11 3957 3317 3970
3570 2 2 200 11 1234 1236 3897
3571 2 2 200 11 1113 1538 4135
3572 2 2 200 11 2710 3049 4140
3573 2 2 200 11 1496 1320 4072
3574 2 2 200 11 2089 2527 3908
3575 2 2 200 11 2228 2919 4017
3576 2 2 200 11 4231 4132 4232
3577 2 2 200 11 2751 3220 4128
3578 2 2 200 11 3922 1496 3923
3579 2 2 200 11 2781 3046 4167
3580 2 2 200 11 3833 3832 3834
3581 2 2 200 11 3294 3296 4133
3582 2 2 200 11 2697 3050 4173
3583 2 2 200 11 2253 1951 4087
3584 2 2 200 11 2678 3045 4174
3585 2 2 200 11 2670 3042 4176
3586 2 2 200 11 1298 1334 4212
3587 2 2 200 11 3905 2409 3906
3588 2 2 200 11 1075 1116 4178
3589 2 2 200 11 2179 3168 4274
3590 2 2 200 11 1851 2235 4028
3591 2 2 200 11 2231 2223 4210
3592 2 2 200 11 1468 1470 3953
3593 2 2 200 11 3932 1119 3933
3594 2 2 200 11 2646 3036 4190
3595 2 2 200 11 2652 3038 4189
3596 2 2 200 11 1919 2209 4055
3597 2 2 200 11 3009 4237 4546
3598 2 2 200 11 2497 2470 4215
3599 2 2 200 11 2504 2505 4228
3600 2 2 200 11 3315 3316 4229
3601 2 2 200 11 3290 3309 4231
3602 2 2 200 11 3009 4066 4237
3603 2 2 200 11 1464 1467 4099
3604 2 2 200 11 3012 4016 4250
3605 2 2 200 11 979 982 4014
3606 2 2 200 11 1123 4185 4186
3607 2 2 200 11 2631 2704 4310
3608 2 2 200 11 1302 1304 4171
3609 2 2 200 11 1284 1338 4194
3610 2 2 200 11 1158 1161 4198
3611 2 2 200 11 2986 2216 3999
3612 2 2 200 11 2226 2888 4024
3613 2 2 200 11 2220 3172 4039
3614 2 2 200 11 1051 1054 4122
3615 2 2 200 11 2061 2059 4204
3616 2 2 200 11 1059 1061 4188
3617 2 2 200 11 4249 4125 4563
3618 2 2 200 11 1245 1562 4114
3619 2 2 200 11 1039 1042 4105
3620 2 2 200 11 1258 1261 4109
3621 2 2 200 11 1618 1706 2744
3622 2 2 200 11 1123 4186 4187
3623 2 2 200 11 1705 1964 4599
3624 2 2 200 11 1248 4096 4098
3625 2 2 200 11 2139 2833 4069
3626 2 2 200 11 1470 1471 1472
3627 2 2 200 11 1458 1461 4220
3628 2 2 200 11 4205 2430 4206
3629 2 2 200 11 4049 4048 4119
3630 2 2 200 11 1250 1253 4096
3631 2 2 200 11 1211 4059 4267
3632 2 2 200 11 3060 3858 4137
3633 2 2 200 11 2143 3120 4150
3634 2 2 200 11 1465 3894 4594
3635 2 2 200 11 2527 2631 3029
3636 2 2 200 11 1566 1568 4291
3637 2 2 200 11 3975 3976 3977
3638 2 2 200 11 1934 2179 4274
3639 2 2 200 11 1472 1471 1473
3640 2 2 200 11 2920 3949 3950
3641 2 2 200 11 1443 1444 4618
3642 2 2 200 11 4224 1986 4225
3643 2 2 200 11 982 4303 4629
3644 2 2 200 11 2576 2988 3952
3645 2 2 200 11 2775 4042 4290
3646 2 2 200 11 4061 4060 4297
3647 2 2 200 11 4009 2566 4010
3648 2 2 200 11 4201 2061 4204
3649 2 2 200 11 1655 1653 4243
3650 2 2 200 11 3918 1356 3919
3651 2 2 200 11 1703 1829 4293
3652 2 2 200 11 1124 4124 4125
3653 2 2 200 11 4198 1161 4538
3654 2 2 200 11 1218 1221 4050
3655 2 2 200 11 2285 2282 4045
3656 2 2 200 11 2281 1988 4047
3657 2 2 200 11 1003 1006 4090
3658 2 2 200 11 1849 1847 4239
3659 2 2 200 11 1198 1201 4062
3660 2 2 200 11 4125 4124 4126
3661 2 2 200 11 2151 2168 4054
3662 2 2 200 11 1128 1131 4244
3663 2 2 200 11 3928 1115 3929
3664 2 2 200 11 4130 3294 4133
3665 2 2 200 11 1553 1468 3953
3666 2 2 200 11 751 3656 3657
3667 2 2 200 11 2448 2450 4052
3668 2 2 200 11 4740 1501 4762
3669 2 2 200 11 1121 4181 4182
3670 2 2 200 11 973 976 4253
3671 2 2 200 11 1061 4187 4188
3672 2 2 200 11 4319 3412 4353
3673 2 2 200 11 2506 3982 3983
3674 2 2 200 11 1467 1468 1553
3675 2 2 200 11 3317 3280 3972
3676 2 2 200 11 1117 1125 3924
3677 2 2 200 11 2515 4020 4296
3678 2 2 200 11 3958 3957 3970
3679 2 2 200 11 3332 3958 3959
3680 2 2 200 11 1617 4165 4344
3681 2 2 200 11 1708 1990 4297
3682 2 2 200 11 2734 4141 4142
3683 2 2 200 11 4234 4220 4235
3684 2 2 200 11 4544 3075 4630
3685 2 2 200 11 1556 1553 1557
3686 2 2 200 11 2570 1606 4300
3687 2 2 200 11 1584 2529 2530
3688 2 2 200 11 1807 2775 4290
3689 2 2 200 11 2912 3794 4299
3690 2 2 200 11 3594 3593 3595
3691 2 2 200 11 3885 2604 3886
3692 2 2 200 11 3687 3688 3689
3693 2 2 200 11 1836 1616 1837
3694 2 2 200 11 1564 1563 1739
3695 2 2 200 11 2426 4201 4202
3696 2 2 200 11 3022 3021 3872
3697 2 2 200 11 1794 1795 2148
3698 2 2 200 11 1846 1845 1847
3699 2 2 200 11 2148 2177 3126
3700 2 2 200 11 1844 1617 1845
3701 2 2 200 11 4103 4101 4104
3702 2 2 200 11 1586 1605 1700
3703 2 2 200 11 1578 1606 1713
3704 2 2 200 11 4168 1302 4171
3705 2 2 200 11 1830 1611 1831
3706 2 2 200 11 1555 3881 3882
3707 2 2 200 11 1838 1837 1839
3708 2 2 200 11 1696 1697 1794
3709 2 2 200 11 2441 2440 2442
3710 2 2 200 11 2439 1609 2440
3711 2 2 200 11 1700 1710 1899
3712 2 2 200 11 1832 1831 1833
3713 2 2 200 11 1571 1570 1762
3714 2 2 200 11 1713 1733 1934
3715 2 2 200 11 1791 1762 2010
3716 2 2 200 11 1562 1508 1563
3717 2 2 200 11 1934 2057 2179
3718 2 2 200 11 1568 1567 1764
3719 2 2 200 11 2530 2531 2532
3720 2 2 200 11 1582 1600 1601
3721 2 2 200 11 1569 1514 1570
3722 2 2 200 11 4129 1177 4287
3723 2 2 200 11 1524 1860 1861
3724 2 2 200 11 1566 1499 1567
3725 2 2 200 11 1576 2537 2538
3726 2 2 200 11 1579 1603 1694
3727 2 2 200 11 1694 1725 1933
3728 2 2 200 11 3130 3203 3382
3729 2 2 200 11 2527 2175 2631
3730 2 2 200 11 2179 3133 3134
3731 2 2 200 11 2538 2539 2540
3732 2 2 200 11 2212 2214 3130
3733 2 2 200 11 749 3618 3619
3734 2 2 200 11 3019 3018 3870
3735 2 2 200 11 1572 1504 1573
3736 2 2 200 11 1630 1629 1766
3737 2 2 200 11 4100 1502 4101
3738 2 2 200 11 1601 1726 1776
3739 2 2 200 11 743 3629 3630
3740 2 2 200 11 1834 1833 1965
3741 2 2 200 11 1574 1573 1780
3742 2 2 200 11 850 3608 3609
3743 2 2 200 11 3537 2845 3539
3744 2 2 200 11 2498 2447 3123
3745 2 2 200 11 714 3611 3612
3746 2 2 200 11 744 3633 3634
3747 2 2 200 11 4165 1375 4166
3748 2 2 200 11 2517 2516 2870
3749 2 2 200 11 748 3614 3615
3750 2 2 200 11 3185 3175 3430
3751 2 2 200 11 3994 1560 3995
3752 2 2 200 11 976 1646 4341
3753 2 2 200 11 1628 1627 1629
3754 2 2 200 11 2908 2233 3244
3755 2 2 200 11 2951 2952 3441
3756 2 2 200 11 2757 3348 3349
3757 2 2 200 11 837 3686 3687
3758 2 2 200 11 1966 1965 2838
3759 2 2 200 11 741 3680 3681
3760 2 2 200 11 2880 3389 3406
3761 2 2 200 11 1624 1623 1750
3762 2 2 200 11 724 3697 3698
3763 2 2 200 11 697 3678 3679
3764 2 2 200 11 3764 727 3765
3765 2 2 200 11 2437 2436 3213
3766 2 2 200 11 1634 1633 1783
3767 2 2 200 11 2796 2176 2845
3768 2 2 200 11 2208 2207 3175
3769 2 2 200 11 2764 2170 2948
3770 2 2 200 11 3365 2549 3479
3771 2 2 200 11 2912 2911 3749
3772 2 2 200 11 4581 4104 4612
3773 2 2 200 11 2862 2180 2863
3774 2 2 200 11 1596 1711 1755
3775 2 2 200 11 2947 3192 3351
3776 2 2 200 11 3954 1339 3955
3777 2 2 200 11 1583 1595 1596
3778 2 2 200 11 1622 1621 1623
3779 2 2 200 11 1989 1753 2003
3780 2 2 200 11 1708 1640 1753
3781 2 2 200 11 3605 704 3606
3782 2 2 200 11 3934 1559 3935
3783 2 2 200 11 2933 2429 2969
3784 2 2 200 11 2991 3157 3158
3785 2 2 200 11 708 3592 3593
3786 2 2 200 11 1632 1631 1633
3787 2 2 200 11 1334 4168 4169
3788 2 2 200 11 2865 2085 2866
3789 2 2 200 11 2515 2228 4017
3790 2 2 200 11 2796 3538 4302
3791 2 2 200 11 4051 2448 4052
3792 2 2 200 11 1593 1592 1717
3793 2 2 200 11 1774 1717 1970
3794 2 2 200 11 1639 1638 1640
3795 2 2 200 11 3309 4130 4131
3796 2 2 200 11 1105 1107 4084
3797 2 2 200 11 1575 1592 1593
3798 2 2 200 11 1593 1717 1774
3799 2 2 200 11 1636 1703 4293
3800 2 2 200 11 1575 1413 1592
3801 2 2 200 11 3127 2852 3387
3802 2 2 200 11 2548 2551 4254
3803 2 2 200 11 2496 4154 4155
3804 2 2 200 11 1322 1324 4073
3805 2 2 200 11 3979 3980 3981
3806 2 2 200 11 2500 2502 3936
3807 2 2 200 11 2006 2515 4296
3808 2 2 200 11 4004 2508 4005
3809 2 2 200 11 2216 2397 3999
3810 2 2 200 11 2910 2226 4024
3811 2 2 200 11 1755 1711 2004
3812 2 2 200 11 1596 1595 1711
3813 2 2 200 11 3999 2397 4000
3814 2 2 200 11 3821 3822 3823
3815 2 2 200 11 4156 4155 4157
3816 2 2 200 11 1856 1791 4247
3817 2 2 200 11 2089 2175 2527
3818 2 2 200 11 1998 2912 4299
3819 2 2 200 11 4040 4039 4041
3820 2 2 200 11 2883 2252 3368
3821 2 2 200 11 3305 3307 3945
3822 2 2 200 11 1606 1376 4300
3823 2 2 200 11 3978 2497 3979
3824 2 2 200 11 2311 2313 2314
3825 2 2 200 11 2004 1711 3996
3826 2 2 200 11 1639 1640 1708
3827 2 2 200 11 1708 1753 1989
3828 2 2 200 11 1601 1600 1726
3829 2 2 200 11 1634 1783 1788
3830 2 2 200 11 1583 1401 1595
3831 2 2 200 11 1470 1472 1475
3832 2 2 200 11 1828 1760 4290
3833 2 2 200 11 2203 3211 3212
3834 2 2 200 11 1582 1173 1600
3835 2 2 200 11 1694 1603 1725
3836 2 2 200 11 1632 1633 1634
3837 2 2 200 11 1933 1725 2007
3838 2 2 200 11 2087 2089 3908
3839 2 2 200 11 3127 3387 3459
3840 2 2 200 11 1776 1726 2038
3841 2 2 200 11 4159 2832 4160
3842 2 2 200 11 2775 2220 4039
3843 2 2 200 11 2586 2289 2998
3844 2 2 200 11 1628 1629 1630
3845 2 2 200 11 2442 2443 2445
3846 2 2 200 11 2594 2592 2989
3847 2 2 200 11 1630 1766 1790
3848 2 2 200 11 3169 2195 3194
3849 2 2 200 11 1703 1637 1760
3850 2 2 200 11 2445 2446 2447
3851 2 2 200 11 1275 1276 1609
3852 2 2 200 11 2428 2429 2933
3853 2 2 200 11 1695 1657 4261
3854 2 2 200 11 1798 2796 4302
3855 2 2 200 11 1579 1386 1603
3856 2 2 200 11 2054 4028 4029
3857 2 2 200 11 1639 1708 4297
3858 2 2 200 11 1054 1055 1611
3859 2 2 200 11 1742 1722 1986
3860 2 2 200 11 1581 1167 3915
3861 2 2 200 11 1693 1659 4262
3862 2 2 200 11 1636 1635 1637
3863 2 2 200 11 1171 1173 1582
3864 2 2 200 11 2609 3208 3209
3865 2 2 200 11 2168 2703 3017
3866 2 2 200 11 2880 2215 3389
3867 2 2 200 11 1558 1557 1722
3868 2 2 200 11 3298 3300 3947
3869 2 2 200 11 1622 1623 1624
3870 2 2 200 11 2838 2839 2882
3871 2 2 200 11 1143 1145 1584
3872 2 2 200 11 1624 1750 1796
3873 2 2 200 11 1676 1730 4275
3874 2 2 200 11 1700 1605 1710
3875 2 2 200 11 1367 1369 1577
3876 2 2 200 11 1574 1780 1797
3877 2 2 200 11 2882 3252 3415
3878 2 2 200 11 1713 1606 1733
3879 2 2 200 11 2007 2215 2880
3880 2 2 200 11 1572 1573 1574
3881 2 2 200 11 3060 3061 3077
3882 2 2 200 11 1373 1376 1578
3883 2 2 200 11 1149 1151 1585
3884 2 2 200 11 1979 2171 2889
3885 2 2 200 11 1384 1386 1579
3886 2 2 200 11 1165 1167 1581
3887 2 2 200 11 1899 1710 1979
3888 2 2 200 11 2912 3749 3752
3889 2 2 200 11 1155 1157 1586
3890 2 2 200 11 1636 1637 1703
3891 2 2 200 11 1796 1750 4296
3892 2 2 200 11 2044 2162 4577
3893 2 2 200 11 1361 1363 1576
3894 2 2 200 11 1934 1733 2057
3895 2 2 200 11 2553 2552 4013
3896 2 2 200 11 2746 2600 2981
3897 2 2 200 11 1703 1760 1828
3898 2 2 200 11 2179 2057 3133
3899 2 2 200 11 1346 1348 1524
3900 2 2 200 11 1859 1741 2207
3901 2 2 200 11 2530 2529 2531
3902 2 2 200 11 2428 1788 2429
3903 2 2 200 11 1399 1401 1583
3904 2 2 200 11 1993 1797 2233
3905 2 2 200 11 2775 4039 4040
3906 2 2 200 11 1352 1354 4117
3907 2 2 200 11 1411 1413 1575
3908 2 2 200 11 2177 2261 4164
3909 2 2 200 11 2988 3843 3844
3910 2 2 200 11 1354 1357 1530
3911 2 2 200 11 2542 2576 2860
3912 2 2 200 11 1135 1137 4120
3913 2 2 200 11 1839 1841 1999
3914 2 2 200 11 1851 1790 2235
3915 2 2 200 11 1137 1139 1519
3916 2 2 200 11 2054 1851 4028
3917 2 2 200 11 1578 1376 1606
3918 2 2 200 11 3054 3055 3867
3919 2 2 200 11 2534 2578 2943
3920 2 2 200 11 2038 2195 3169
3921 2 2 200 11 1569 1570 1571
3922 2 2 200 11 2432 1840 2516
3923 2 2 200 11 2435 1849 2436
3924 2 2 200 11 2515 4017 4018
3925 2 2 200 11 1970 2226 2910
3926 2 2 200 11 1998 1856 2911
3927 2 2 200 11 1568 1764 1779
3928 2 2 200 11 1566 1567 1568
3929 2 2 200 11 1847 1848 1981
3930 2 2 200 11 1125 1127 1696
3931 2 2 200 11 1335 1340 1555
3932 2 2 200 11 1571 1762 1791
3933 2 2 200 11 2739 2766 3033
3934 2 2 200 11 1586 1157 1605
3935 2 2 200 11 1111 1113 4135
3936 2 2 200 11 1919 1796 2209
3937 2 2 200 11 2540 2539 2542
3938 2 2 200 11 2815 2817 3774
3939 2 2 200 11 2737 2739 4116
3940 2 2 200 11 1999 2094 2408
3941 2 2 200 11 2426 4203 4236
3942 2 2 200 11 1993 2233 2908
3943 2 2 200 11 2408 2422 3210
3944 2 2 200 11 2538 2537 2539
3945 2 2 200 11 2203 2011 3211
3946 2 2 200 11 2609 2607 3208
3947 2 2 200 11 1113 1117 1538
3948 2 2 200 11 1042 1043 1616
3949 2 2 200 11 2514 4195 4667
3950 2 2 200 11 2811 2813 3034
3951 2 2 200 11 2624 2626 2947
3952 2 2 200 11 2809 2811 4115
3953 2 2 200 11 1998 2911 2912
3954 2 2 200 11 1577 1369 3012
3955 2 2 200 11 2486 2488 3943
3956 2 2 200 11 2216 2015 2397
3957 2 2 200 11 1107 1109 1515
3958 2 2 200 11 1564 1739 1741
3959 2 2 200 11 1261 1262 1617
3960 2 2 200 11 1205 1638 1639
3961 2 2 200 11 1584 1145 2529
3962 2 2 200 11 1103 1105 4083
3963 2 2 200 11 1330 1332 1523
3964 2 2 200 11 2796 2845 3537
3965 2 2 200 11 2521 2519 3184
3966 2 2 200 11 2751 2753 3220
3967 2 2 200 11 2100 4055 4056
3968 2 2 200 11 2731 2735 3035
3969 2 2 200 11 1564 1858 4309
3970 2 2 200 11 2729 2731 4121
3971 2 2 200 11 1310 1312 3917
3972 2 2 200 11 2532 2531 2534
3973 2 2 200 11 1320 1322 4072
3974 2 2 200 11 1562 1563 1564
3975 2 2 200 11 1585 1151 3898
3976 2 2 200 11 2619 3170 3171
3977 2 2 200 11 1324 1326 1512
3978 2 2 200 11 3210 3788 3789
3979 2 2 200 11 1101 1103 1507
3980 2 2 200 11 1437 1627 1628
3981 2 2 200 11 1863 1861 1864
3982 2 2 200 11 2208 3175 3185
3983 2 2 200 11 2100 1919 4055
3984 2 2 200 11 1771 1655 4243
3985 2 2 200 11 2273 2272 4112
3986 2 2 200 11 3821 2986 3822
3987 2 2 200 11 1620 1626 4502
3988 2 2 200 11 2482 2484 3941
3989 2 2 200 11 2003 2852 3127
3990 2 2 200 11 3329 3331 3353
3991 2 2 200 11 1631 4050 4324
3992 2 2 200 11 2213 2212 4068
3993 2 2 200 11 2793 2018 2794
3994 2 2 200 11 1865 1864 2212
3995 2 2 200 11 2547 2548 2549
3996 2 2 200 11 3313 3315 3395
3997 2 2 200 11 2968 3784 3785
3998 2 2 200 11 38 39 881
3999 2 2 200 11 304 305 878
4000 2 2 200 11 1095 1097 1122
4001 2 2 200 11 1308 1310 1554
4002 2 2 200 11 2749 2751 4128
4003 2 2 200 11 1576 1363 2537
4004 2 2 200 11 1318 1320 1496
4005 2 2 200 11 2805 2807 3039
4006 2 2 200 11 2502 2504 3449
4007 2 2 200 11 1215 1631 1632
4008 2 2 200 11 3292 3294 4130
4009 2 2 200 11 2803 2805 4138
4010 2 2 200 11 3307 3311 3335
4011 2 2 200 11 1779 1764 4302
4012 2 2 200 11 2860 2576 3952
4013 2 2 200 11 2720 2727 3041
4014 2 2 200 11 2718 2720 4139
4015 2 2 200 11 1225 3018 3019
4016 2 2 200 11 2991 2106 3157
4017 2 2 200 11 2494 2500 2743
4018 2 2 200 11 2906 2132 2907
4019 2 2 200 11 2799 2801 3044
4020 2 2 200 11 1312 1314 1356
4021 2 2 200 11 1997 1995 4108
4022 2 2 200 11 2785 2799 4136
4023 2 2 200 11 3441 2952 3442
4024 2 2 200 11 1867 1742 4224
4025 2 2 200 11 2943 2578 2944
4026 2 2 200 11 1231 1504 1572
4027 2 2 200 11 1967 2170 2764
4028 2 2 200 11 2399 2401 4037
4029 2 2 200 11 2710 2716 3049
4030 2 2 200 11 2488 2490 2499
4031 2 2 200 11 1012 2528 3014
4032 2 2 200 11 3300 3305 3334
4033 2 2 200 11 1253 1254 1497
4034 2 2 200 11 1306 1308 3925
4035 2 2 200 11 4240 1642 4241
4036 2 2 200 11 1006 1621 1622
4037 2 2 200 11 2708 2710 4140
4038 2 2 200 11 1079 1081 1559
4039 2 2 200 11 3826 3951 4291
4040 2 2 200 11 1948 1695 4261
4041 2 2 200 11 1929 2085 2865
4042 2 2 200 11 2484 2486 2898
4043 2 2 200 11 1089 1091 1119
4044 2 2 200 11 3787 2214 4312
4045 2 2 200 11 1667 1729 4278
4046 2 2 200 11 1859 2207 2208
4047 2 2 200 11 1739 1740 2001
4048 2 2 200 11 1453 1514 1569
4049 2 2 200 11 2940 2157 3128
4050 2 2 200 11 2480 2482 2832
4051 2 2 200 11 1083 1085 1115
4052 2 2 200 11 1918 1693 4262
4053 2 2 200 11 3290 3292 3309
4054 2 2 200 11 1861 1860 1862
4055 2 2 200 11 1530 1357 3009
4056 2 2 200 11 1018 1499 1566
4057 2 2 200 11 3055 3057 4137
4058 2 2 200 11 1304 1306 1337
4059 2 2 200 11 3296 3298 3310
4060 2 2 200 11 1519 1139 3890
4061 2 2 200 11 1239 3021 3022
4062 2 2 200 11 2447 2448 4051
4063 2 2 200 11 2222 4069 4070
4064 2 2 200 11 1587 4027 4257
4065 2 2 200 11 2063 2061 4201
4066 2 2 200 11 1587 1614 1615
4067 2 2 200 11 2568 1997 4108
4068 2 2 200 11 990 1635 1636
4069 2 2 200 11 2781 2783 3046
4070 2 2 200 11 2691 2781 4167
4071 2 2 200 11 2437 3213 3215
4072 2 2 200 11 2006 2228 2515
4073 2 2 200 11 2697 2706 3050
4074 2 2 200 11 2139 1828 2833
4075 2 2 200 11 1794 1697 1795
4076 2 2 200 11 2563 2561 4008
4077 2 2 200 11 2148 1795 2177
4078 2 2 200 11 1836 1837 1838
4079 2 2 200 11 1026 1027 1619
4080 2 2 200 11 2695 2697 4173
4081 2 2 200 11 2555 2553 4141
4082 2 2 200 11 1298 1300 1334
4083 2 2 200 11 1524 1348 1860
4084 2 2 200 11 2143 2144 3106
4085 2 2 200 11 1296 1298 4212
4086 2 2 200 11 1844 1845 1846
4087 2 2 200 11 1562 1564 4309
4088 2 2 200 11 2098 1867 2252
4089 2 2 200 11 2474 2476 2496
4090 2 2 200 11 2582 2583 4145
4091 2 2 200 11 3911 3910 3912
4092 2 2 200 11 1035 1037 4106
4093 2 2 200 11 1807 2220 2775
4094 2 2 200 11 1798 2176 2796
4095 2 2 200 11 1240 1242 4114
4096 2 2 200 11 1245 1508 1562
4097 2 2 200 11 1245 1246 1508
4098 2 2 200 11 1846 1847 1849
4099 2 2 200 11 1075 1077 1116
4100 2 2 200 11 2536 2535 2951
4101 2 2 200 11 1823 2180 2862
4102 2 2 200 11 3130 2214 3203
4103 2 2 200 11 1266 1268 4015
4104 2 2 200 11 4119 3019 4294
4105 2 2 200 11 2678 2693 3045
4106 2 2 200 11 3284 3286 3303
4107 2 2 200 11 2533 2532 2535
4108 2 2 200 11 1454 1456 4234
4109 2 2 200 11 1073 1075 4178
4110 2 2 200 11 1764 1765 1798
4111 2 2 200 11 2670 2689 3042
4112 2 2 200 11 2685 1948 4261
4113 2 2 200 11 3004 1860 4315
4114 2 2 200 11 2541 2540 2543
4115 2 2 200 11 2947 2626 3192
4116 2 2 200 11 1288 1290 1560
4117 2 2 200 11 2470 2472 4215
4118 2 2 200 11 2544 2543 2757
4119 2 2 200 11 1838 1839 1840
4120 2 2 200 11 1047 1049 4123
4121 2 2 200 11 2476 2478 4154
4122 2 2 200 11 1701 1675 4288
4123 2 2 200 11 2676 2678 4174
4124 2 2 200 11 2668 2670 4176
4125 2 2 200 11 3278 3280 3317
4126 2 2 200 11 1292 1294 1339
4127 2 2 200 11 2757 2543 3348
4128 2 2 200 11 2214 1864 4312
4129 2 2 200 11 3412 3795 4353
4130 2 2 200 11 2951 2535 2952
4131 2 2 200 11 1081 1083 3927
4132 2 2 200 11 1262 1264 4165
4133 2 2 200 11 2001 4150 4152
4134 2 2 200 11 1239 1240 3021
4135 2 2 200 11 1253 1497 3000
4136 2 2 200 11 2468 2470 2497
4137 2 2 200 11 751 3657 3659
4138 2 2 200 11 2686 1918 4262
4139 2 2 200 11 2844 2763 3435
4140 2 2 200 11 1069 1071 1121
4141 2 2 200 11 3060 3077 3858
4142 2 2 200 11 2435 2436 2437
4143 2 2 200 11 1462 1464 4099
4144 2 2 200 11 2521 3184 3407
4145 2 2 200 11 1730 2032 4275
4146 2 2 200 11 1055 1057 4100
4147 2 2 200 11 965 4257 4334
4148 2 2 200 11 1061 1063 4187
4149 2 2 200 11 1280 1282 4196
4150 2 2 200 11 1468 1469 1470
4151 2 2 200 11 3435 2763 3436
4152 2 2 200 11 3274 3276 3332
4153 2 2 200 11 1467 1553 1556
4154 2 2 200 11 1780 1781 1823
4155 2 2 200 11 1276 1278 4095
4156 2 2 200 11 1696 1127 1697
4157 2 2 200 11 1290 1292 3954
4158 2 2 200 11 2646 2666 3036
4159 2 2 200 11 2401 3054 4037
4160 2 2 200 11 3270 3272 3302
4161 2 2 200 11 1018 1019 1499
4162 2 2 200 11 2652 2674 3038
4163 2 2 200 11 1042 1616 1836
4164 2 2 200 11 1300 1302 4168
4165 2 2 200 11 2644 2646 4190
4166 2 2 200 11 2464 2466 2506
4167 2 2 200 11 4030 4031 4032
4168 2 2 200 11 1900 1899 2157
4169 2 2 200 11 2650 2652 4189
4170 2 2 200 11 2143 3106 3120
4171 2 2 200 11 1286 1288 3994
4172 2 2 200 11 1555 1340 3881
4173 2 2 200 11 1261 1617 1844
4174 2 2 200 11 2460 2462 2507
4175 2 2 200 11 1242 1245 4114
4176 2 2 200 11 1798 1799 2176
4177 2 2 200 11 967 970 4257
4178 2 2 200 11 2439 2440 2441
4179 2 2 200 11 1453 1454 1514
4180 2 2 200 11 1456 4220 4234
4181 2 2 200 11 1194 1197 4301
4182 2 2 200 11 2432 2516 2517
4183 2 2 200 11 1071 1073 4180
4184 2 2 200 11 1464 1466 1467
4185 2 2 200 11 1823 1824 2180
4186 2 2 200 11 2212 1864 2214
4187 2 2 200 11 1538 1117 3924
4188 2 2 200 11 1012 1013 2528
4189 2 2 200 11 1830 1831 1832
4190 2 2 200 11 3838 2940 3839
4191 2 2 200 11 1282 1284 4194
4192 2 2 200 11 360 361 3624
4193 2 2 200 11 1284 1286 1338
4194 2 2 200 11 2222 2139 4069
4195 2 2 200 11 1294 1296 4213
4196 2 2 200 11 2452 2454 4004
4197 2 2 200 11 2098 2252 2883
4198 2 2 200 11 1063 1065 1123
4199 2 2 200 11 1860 1348 4315
4200 2 2 200 11 1966 2838 2840
4201 2 2 200 11 2441 2442 2444
4202 2 2 200 11 1832 1833 1834
4203 2 2 200 11 3657 3656 3658
4204 2 2 200 11 2614 1771 4243
4205 2 2 200 11 3220 2753 3462
4206 2 2 200 11 2565 2563 3090
4207 2 2 200 11 2158 2157 2940
4208 2 2 200 11 1231 1232 1504
4209 2 2 200 11 2631 2175 2632
4210 2 2 200 11 3264 3266 3304
4211 2 2 200 11 1077 1079 3934
4212 2 2 200 11 3353 3331 3354
4213 2 2 200 11 2472 2474 4217
4214 2 2 200 11 4027 1615 4248
4215 2 2 200 11 1278 1280 1396
4216 2 2 200 11 3057 3060 4137
4217 2 2 200 11 1834 1965 1966
4218 2 2 200 11 1057 1059 1502
4219 2 2 200 11 2454 2456 2508
4220 2 2 200 11 4100 4101 4103
4221 2 2 200 11 1999 2408 2409
4222 2 2 200 11 3288 3290 4231
4223 2 2 200 11 1037 4105 4106
4224 2 2 200 11 1861 1862 4312
4225 2 2 200 11 4234 4235 4238
4226 2 2 200 11 1750 1754 2006
4227 2 2 200 11 1424 1427 4230
4228 2 2 200 11 2004 3910 3911
4229 2 2 200 11 1054 1611 1830
4230 2 2 200 11 1447 1448 3020
4231 2 2 200 11 2734 2555 4141
4232 2 2 200 11 2466 2468 3978
4233 2 2 200 11 2614 4243 4325
4234 2 2 200 11 1275 1609 2439
4235 2 2 200 11 2258 2063 2426
4236 2 2 200 11 2547 2549 3365
4237 2 2 200 11 2002 2143 4150
4238 2 2 200 11 2498 3123 3411
4239 2 2 200 11 2228 2424 2919
4240 2 2 200 11 2561 2559 2566
4241 2 2 200 11 1766 1767 1967
4242 2 2 200 11 1594 1662 4292
4243 2 2 200 11 3276 3278 3957
4244 2 2 200 11 1272 1274 1275
4245 2 2 200 11 2450 2452 2855
4246 2 2 200 11 1742 1986 4224
4247 2 2 200 11 3254 3256 3732
4248 2 2 200 11 1268 1270 1565
4249 2 2 200 11 970 972 1587
4250 2 2 200 11 1225 1226 3018
4251 2 2 200 11 1051 1053 1054
4252 2 2 200 11 1049 1051 4122
4253 2 2 200 11 2105 1933 2106
4254 2 2 200 11 4083 1105 4084
4255 2 2 200 11 2006 2102 2228
4256 2 2 200 11 706 359 3625
4257 2 2 200 11 2557 2555 2734
4258 2 2 200 11 1558 1722 1742
4259 2 2 200 11 1548 4167 4750
4260 2 2 200 11 1967 2096 2170
4261 2 2 200 11 2426 2063 4201
4262 2 2 200 11 944 4457 4644
4263 2 2 200 11 962 1591 4283
4264 2 2 200 11 3774 2817 3775
4265 2 2 200 11 3395 3315 3396
4266 2 2 200 11 4072 1322 4073
4267 2 2 200 11 2445 2447 2498
4268 2 2 200 11 1556 1557 1558
4269 2 2 200 11 1783 1784 1929
4270 2 2 200 11 2059 1932 2430
4271 2 2 200 11 1268 1565 4015
4272 2 2 200 11 1006 1007 1621
4273 2 2 200 11 1420 1423 4242
4274 2 2 200 11 3449 2504 3450
4275 2 2 200 11 1929 1930 2085
4276 2 2 200 11 1264 1375 4165
4277 2 2 200 11 1729 2034 4278
4278 2 2 200 11 3090 2563 4008
4279 2 2 200 11 1843 1776 2132
4280 2 2 200 11 3057 3059 3060
4281 2 2 200 11 2260 2191 2552
4282 2 2 200 11 1982 2546 2547
4283 2 2 200 11 1049 4122 4123
4284 2 2 200 11 2743 2500 3936
4285 2 2 200 11 2478 2480 4159
4286 2 2 200 11 1045 1047 1124
4287 2 2 200 11 1427 4245 4680
4288 2 2 200 11 2032 2681 4275
4289 2 2 200 11 2990 2106 2991
4290 2 2 200 11 1264 1266 1375
4291 2 2 200 11 2133 2132 2906
4292 2 2 200 11 1847 1981 4239
4293 2 2 200 11 1437 1438 1627
4294 2 2 200 11 3698 3697 3699
4295 2 2 200 11 2978 2906 3361
4296 2 2 200 11 3612 3611 3613
4297 2 2 200 11 3102 2568 4223
4298 2 2 200 11 2700 3104 3105
4299 2 2 200 11 3334 3305 3945
4300 2 2 200 11 1906 1771 2614
4301 2 2 200 11 2401 2835 3054
4302 2 2 200 11 1039 1041 1042
4303 2 2 200 11 3792 3361 3793
4304 2 2 200 11 1401 1402 4356
4305 2 2 200 11 2168 2169 2703
4306 2 2 200 11 1928 2095 2113
4307 2 2 200 11 1417 1642 4240
4308 2 2 200 11 1722 1557 1723
4309 2 2 200 11 1258 1260 1261
4310 2 2 200 11 1037 1039 4105
4311 2 2 200 11 1256 1258 4109
4312 2 2 200 11 3593 3592 3596
4313 2 2 200 11 1642 1418 4242
4314 2 2 200 11 2505 2749 4228
4315 2 2 200 11 1057 1502 4100
4316 2 2 200 11 4253 4341 4392
4317 2 2 200 11 2601 2600 2746
4318 2 2 200 11 1215 1216 1631
4319 2 2 200 11 2162 2399 2571
4320 2 2 200 11 3316 3329 4229
4321 2 2 200 11 2595 2594 3099
4322 2 2 200 11 4046 2281 4047
4323 2 2 200 11 2003 2104 2852
4324 2 2 200 11 1278 1396 4095
4325 2 2 200 11 983 986 4303
4326 2 2 200 11 3609 3608 3610
4327 2 2 200 11 3310 3298 3947
4328 2 2 200 11 1431 1432 3015
4329 2 2 200 11 1799 2111 4260
4330 2 2 200 11 3851 3841 4280
4331 2 2 200 11 3687 3686 3688
4332 2 2 200 11 1756 1755 2018
4333 2 2 200 11 1791 2010 4247
4334 2 2 200 11 3096 2629 3097
4335 2 2 200 11 1554 1310 3917
4336 2 2 200 11 2537 4026 4314
4337 2 2 200 11 1033 1035 1505
4338 2 2 200 11 4205 4728 4740
4339 2 2 200 11 1001 4090 4569
4340 2 2 200 11 748 3615 3616
4341 2 2 200 11 2898 2486 3943
4342 2 2 200 11 1428 1431 4245
4343 2 2 200 11 741 3681 3682
4344 2 2 200 11 1282 4194 4196
4345 2 2 200 11 708 3593 3594
4346 2 2 200 11 2445 2498 4319
4347 2 2 200 11 2529 4025 4316
4348 2 2 200 11 2261 4163 4164
4349 2 2 200 11 1499 4453 4476
4350 2 2 200 11 1456 1458 4220
4351 2 2 200 11 1804 1701 4288
4352 2 2 200 11 1248 1250 4096
4353 2 2 200 11 1063 1123 4187
4354 2 2 200 11 2001 2002 4150
4355 2 2 200 11 2498 3412 4319
4356 2 2 200 11 1250 1252 1253
4357 2 2 200 11 2593 2592 2594
4358 2 2 200 11 1604 1660 4298
4359 2 2 200 11 1587 972 1614
4360 2 2 200 11 1205 1206 1638
4361 2 2 200 11 2002 2108 2143
4362 2 2 200 11 1288 1560 3994
4363 2 2 200 11 2832 2482 3941
4364 2 2 200 11 2984 2793 3216
4365 2 2 200 11 1029 1031 1032
4366 2 2 200 11 3309 3292 4130
4367 2 2 200 11 2101 2018 2793
4368 2 2 200 11 4155 4154 4158
4369 2 2 200 11 4090 1622 4403
4370 2 2 200 11 2262 2624 4162
4371 2 2 200 11 1337 1306 3925
4372 2 2 200 11 2587 2586 3094
4373 2 2 200 11 1615 1716 1800
4374 2 2 200 11 3172 3802 3803
4375 2 2 200 11 845 367 3690
4376 2 2 200 11 1824 3816 4258
4377 2 2 200 11 2444 2442 4319
4378 2 2 200 11 1467 1466 1468
4379 2 2 200 11 1807 1808 2220
4380 2 2 200 11 1334 4169 4170
4381 2 2 200 11 1292 1339 3954
4382 2 2 200 11 1023 1025 1026
4383 2 2 200 11 1760 1761 1807
4384 2 2 200 11 1423 1424 4230
4385 2 2 200 11 2454 2508 4004
4386 2 2 200 11 2220 2979 3172
4387 2 2 200 11 1559 1081 3927
4388 2 2 200 11 1242 1244 1245
4389 2 2 200 11 1073 4178 4180
4390 2 2 200 11 1970 1971 2226
4391 2 2 200 11 3979 2497 3980
4392 2 2 200 11 2762 2760 2763
4393 2 2 200 11 3590 3589 3591
4394 2 2 200 11 1140 1143 4086
4395 2 2 200 11 2111 3780 3781
4396 2 2 200 11 2496 2476 4154
4397 2 2 200 11 2519 2517 3998
4398 2 2 200 11 3820 2986 3821
4399 2 2 200 11 1615 1614 1716
4400 2 2 200 11 1358 1361 4066
4401 2 2 200 11 1458 1460 1461
4402 2 2 200 11 2290 2289 2586
4403 2 2 200 11 1296 4212 4213
4404 2 2 200 11 1079 1559 3934
4405 2 2 200 11 3955 1339 3956
4406 2 2 200 11 1842 1774 2015
4407 2 2 200 11 488 489 4977
4408 2 2 200 11 1334 1300 4168
4409 2 2 200 11 1146 1149 4025
4410 2 2 200 11 1417 1418 1642
4411 2 2 200 11 2034 4054 4278
4412 2 2 200 11 2985 2216 2986
4413 2 2 200 11 2496 4155 4156
4414 2 2 200 11 2888 2967 2968
4415 2 2 200 11 1615 1800 4248
4416 2 2 200 11 1364 1367 4026
4417 2 2 200 11 1236 1238 1239
4418 2 2 200 11 2264 1997 2568
4419 2 2 200 11 2226 2227 2888
4420 2 2 200 11 2103 2015 2216
4421 2 2 200 11 4215 2472 4217
4422 2 2 200 11 1427 1428 4245
4423 2 2 200 11 1411 1412 1413
4424 2 2 200 11 2968 3783 3784
4425 2 2 200 11 1883 4451 4547
4426 2 2 200 11 1015 1017 1018
4427 2 2 200 11 4718 3042 4731
4428 2 2 200 11 1152 1155 4022
4429 2 2 200 11 2468 2497 3978
4430 2 2 200 11 3278 3317 3957
4431 2 2 200 11 2229 2946 3164
4432 2 2 200 11 4341 3016 4392
4433 2 2 200 11 1193 1194 4301
4434 2 2 200 11 1370 1373 4016
4435 2 2 200 11 1950 1948 2685
4436 2 2 200 11 1450 1452 1453
4437 2 2 200 11 1928 1927 2095
4438 2 2 200 11 1739 2001 4233
4439 2 2 200 11 1662 1793 4292
4440 2 2 200 11 1829 1828 2139
4441 2 2 200 11 1995 1918 2686
4442 2 2 200 11 2965 2756 2966
4443 2 2 200 11 1643 3040 4537
4444 2 2 200 11 3433 5158 5532
4445 2 2 200 11 1444 1446 1447
4446 2 2 200 11 990 991 1635
4447 2 2 200 11 1405 1406 4002
4448 2 2 200 11 1504 4461 4481
4449 2 2 200 11 3309 4131 4132
4450 2 2 200 11 1814 1868 2045
4451 2 2 200 11 1990 1989 2011
4452 2 2 200 11 2640 2658 4311
4453 2 2 200 11 1009 1011 1012
4454 2 2 200 11 1228 1230 1231
4455 2 2 200 11 842 567 3703
4456 2 2 200 11 997 1000 4255
4457 2 2 200 11 2012 2011 2203
4458 2 2 200 11 1222 1224 1225
4459 2 2 200 11 751 373 3656
4460 2 2 200 11 1381 1384 4091
4461 2 2 200 11 1533 4173 4751
4462 2 2 200 11 718 370 3710
4463 2 2 200 11 2032 2187 2681
4464 2 2 200 11 1800 1951 2253
4465 2 2 200 11 2140 2139 2222
4466 2 2 200 11 4101 1502 4102
4467 2 2 200 11 1186 1189 4276
4468 2 2 200 11 1440 1442 1443
4469 2 2 200 11 2746 2981 4264
4470 2 2 200 11 1001 1003 4090
4471 2 2 200 11 996 997 4255
4472 2 2 200 11 2480 2832 4159
4473 2 2 200 11 1356 1314 3920
4474 2 2 200 11 2038 2039 2195
4475 2 2 200 11 948 1618 4456
4476 2 2 200 11 3302 3962 3964
4477 2 2 200 11 2507 3986 3988
4478 2 2 200 11 1218 1220 1221
4479 2 2 200 11 749 562 3618
4480 2 2 200 11 358 706 3597
4481 2 2 200 11 3123 2447 4051
4482 2 2 200 11 1003 1005 1006
4483 2 2 200 11 2427 1788 2428
4484 2 2 200 11 1168 1171 3992
4485 2 2 200 11 744 534 3633
4486 2 2 200 11 2619 2620 3170
4487 2 2 200 11 1115 1085 3930
4488 2 2 200 11 4161 1390 4539
4489 2 2 200 11 737 545 3663
4490 2 2 200 11 1833 1831 1835
4491 2 2 200 11 741 446 3680
4492 2 2 200 11 752 506 3660
4493 2 2 200 11 739 390 3640
4494 2 2 200 11 2426 4202 4203
4495 2 2 200 11 743 401 3629
4496 2 2 200 11 747 495 3621
4497 2 2 200 11 2442 2440 2443
4498 2 2 200 11 2617 2618 2619
4499 2 2 200 11 748 429 3614
4500 2 2 200 11 993 996 4266
4501 2 2 200 11 753 418 3665
4502 2 2 200 11 1800 1716 1951
4503 2 2 200 11 742 467 3652
4504 2 2 200 11 1399 1400 1401
4505 2 2 200 11 750 484 3637
4506 2 2 200 11 970 1587 4257
4507 2 2 200 11 837 472 3686
4508 2 2 200 11 2007 2008 2215
4509 2 2 200 11 846 500 3692
4510 2 2 200 11 4752 1498 4770
4511 2 2 200 11 366 845 3583
4512 2 2 200 11 841 434 3700
4513 2 2 200 11 1434 1436 1437
4514 2 2 200 11 2838 1965 2839
4515 2 2 200 11 850 529 3608
4516 2 2 200 11 838 385 3567
4517 2 2 200 11 471 837 3566
4518 2 2 200 11 849 396 3607
4519 2 2 200 11 839 518 3568
4520 2 2 200 11 2096 3812 4263
4521 2 2 200 11 962 964 1591
4522 2 2 200 11 696 376 3675
4523 2 2 200 11 698 387 3649
4524 2 2 200 11 1182 1185 4279
4525 2 2 200 11 2445 2443 2446
4526 2 2 200 11 2447 2446 2448
4527 2 2 200 11 3048 4527 4598
4528 2 2 200 11 2411 2258 4236
4529 2 2 200 11 693 548 3673
4530 2 2 200 11 3274 3332 3960
4531 2 2 200 11 997 999 1000
4532 2 2 200 11 700 454 3636
4533 2 2 200 11 1069 1121 4183
4534 2 2 200 11 707 492 3628
4535 2 2 200 11 697 509 3678
4536 2 2 200 11 453 700 3574
4537 2 2 200 11 702 404 3579
4538 2 2 200 11 714 460 3611
4539 2 2 200 11 425 705 3604
4540 2 2 200 11 2464 2506 3984
4541 2 2 200 11 558 704 3605
4542 2 2 200 11 2882 2839 3252
4543 2 2 200 11 491 707 3602
4544 2 2 200 11 708 432 3592
4545 2 2 200 11 1212 1214 1215
4546 2 2 200 11 2599 2597 2600
4547 2 2 200 11 1850 1790 1851
4548 2 2 200 11 727 542 3715
4549 2 2 200 11 541 727 3764
4550 2 2 200 11 2566 2559 4011
4551 2 2 200 11 3853 4534 4570
4552 2 2 200 11 719 503 3711
4553 2 2 200 11 1568 3826 4291
4554 2 2 200 11 724 554 3697
4555 2 2 200 11 725 421 3695
4556 2 2 200 11 731 515 3685
4557 2 2 200 11 996 4255 4265
4558 2 2 200 11 2608 2607 2609
4559 2 2 200 11 695 443 3704
4560 2 2 200 11 2628 3092 3093
4561 2 2 200 11 1395 1399 4089
4562 2 2 200 11 2607 2055 4036
4563 2 2 200 11 1852 1851 2054
4564 2 2 200 11 1428 1430 1431
4565 2 2 200 11 2151 2167 2168
4566 2 2 200 11 4114 1562 4309
4567 2 2 200 11 2034 2151 4054
4568 2 2 200 11 2629 1804 4288
4569 2 2 200 11 1171 1172 1173
4570 2 2 200 11 982 983 4303
4571 2 2 200 11 1702 1927 1928
4572 2 2 200 11 3286 3288 4295
4573 2 2 200 11 1470 1469 1471
4574 2 2 200 11 1270 1272 3902
4575 2 2 200 11 1208 1210 1211
4576 2 2 200 11 4517 1978 4557
4577 2 2 200 11 2117 2655 4252
4578 2 2 200 11 1424 1426 1427
4579 2 2 200 11 1853 1796 1919
4580 2 2 200 11 2289 2286 4043
4581 2 2 200 11 1839 1837 1841
4582 2 2 200 11 1660 1773 4298
4583 2 2 200 11 1711 2567 3996
4584 2 2 200 11 1275 1274 1276
4585 2 2 200 11 4048 3019 4119
4586 2 2 200 11 1045 1124 4127
4587 2 2 200 11 1408 1411 3993
4588 2 2 200 11 3902 2439 4327
4589 2 2 200 11 1847 1845 1848
4590 2 2 200 11 1202 1204 1205
4591 2 2 200 11 3479 2549 3481
4592 2 2 200 11 2976 2908 3122
4593 2 2 200 11 2591 2589 2592
4594 2 2 200 11 2592 2589 4003
4595 2 2 200 11 1054 1053 1055
4596 2 2 200 11 1384 1385 1386
4597 2 2 200 11 1420 1422 1423
4598 2 2 200 11 2258 2426 4236
4599 2 2 200 11 1165 1166 1167
4600 2 2 200 11 2870 2516 3876
4601 2 2 200 11 1794 2148 2149
4602 2 2 200 11 4268 2438 4269
4603 2 2 200 11 2160 1804 2629
4604 2 2 200 11 1854 1797 1993
4605 2 2 200 11 2099 1919 2100
4606 2 2 200 11 1999 1841 2094
4607 2 2 200 11 993 995 996
4608 2 2 200 11 1979 1980 2171
4609 2 2 200 11 4020 4018 4021
4610 2 2 200 11 2288 2286 2289
4611 2 2 200 11 2408 2094 2422
4612 2 2 200 11 4044 2285 4045
4613 2 2 200 11 1198 1200 1201
4614 2 2 200 11 3210 2422 3788
4615 2 2 200 11 4108 2686 4627
4616 2 2 200 11 2171 2172 2173
4617 2 2 200 11 1565 1270 3902
4618 2 2 200 11 2749 4128 4228
4619 2 2 200 11 2011 1989 4175
4620 2 2 200 11 987 990 4093
4621 2 2 200 11 4030 2235 4031
4622 2 2 200 11 2284 2282 2285
4623 2 2 200 11 1431 3015 4613
4624 2 2 200 11 3329 3353 4229
4625 2 2 200 11 1800 2996 4248
4626 2 2 200 11 1981 1848 1982
4627 2 2 200 11 4105 1836 4321
4628 2 2 200 11 1414 1416 1417
4629 2 2 200 11 3789 3788 3817
4630 2 2 200 11 1524 1861 1863
4631 2 2 200 11 1748 1541 4322
4632 2 2 200 11 3213 2436 3214
4633 2 2 200 11 1855 1791 1856
4634 2 2 200 11 1857 1856 1998
4635 2 2 200 11 4720 3045 4732
4636 2 2 200 11 3093 4505 4579
4637 2 2 200 11 1190 1192 1193
4638 2 2 200 11 3900 1566 4291
4639 2 2 200 11 1194 1196 1197
4640 2 2 200 11 2430 1932 4207
4641 2 2 200 11 3826 1779 3948
4642 2 2 200 11 1202 1205 4060
4643 2 2 200 11 1863 1864 1865
4644 2 2 200 11 1865 2212 2213
4645 2 2 200 11 2128 1910 4331
4646 2 2 200 11 1408 1410 1411
4647 2 2 200 11 1793 2713 4292
4648 2 2 200 11 2996 2253 2997
4649 2 2 200 11 3060 3059 3061
4650 2 2 200 11 2542 2575 2576
4651 2 2 200 11 2547 2546 2548
4652 2 2 200 11 2260 2552 2553
4653 2 2 200 11 4087 3164 4088
4654 2 2 200 11 1186 1188 1189
4655 2 2 200 11 1373 1374 1376
4656 2 2 200 11 1042 1041 1043
4657 2 2 200 11 2600 2597 3946
4658 2 2 200 11 1591 1613 1702
4659 2 2 200 11 2275 2273 2756
4660 2 2 200 11 1739 1563 1740
4661 2 2 200 11 1793 2683 2713
4662 2 2 200 11 4542 4046 4607
4663 2 2 200 11 1261 1260 1262
4664 2 2 200 11 2534 2577 2578
4665 2 2 200 11 2206 2204 2272
4666 2 2 200 11 2280 1988 2281
4667 2 2 200 11 2988 3842 3843
4668 2 2 200 11 1155 1156 1157
4669 2 2 200 11 2113 2095 2141
4670 2 2 200 11 2576 2987 2988
4671 2 2 200 11 1858 1741 1859
4672 2 2 200 11 987 989 990
4673 2 2 200 11 3184 2519 3998
4674 2 2 200 11 3054 2835 3055
4675 2 2 200 11 1762 1570 1763
4676 2 2 200 11 1367 1368 1369
4677 2 2 200 11 1201 4061 4062
4678 2 2 200 11 2974 3804 3805
4679 2 2 200 11 4489 1627 4497
4680 2 2 200 11 3887 3815 3888
4681 2 2 200 11 2997 2253 3375
4682 2 2 200 11 1182 1184 1185
4683 2 2 200 11 1178 1180 1181
4684 2 2 200 11 1402 1404 1405
4685 2 2 200 11 1149 1150 1151
4686 2 2 200 11 1587 1615 4027
4687 2 2 200 11 2583 2616 2617
4688 2 2 200 11 4061 4297 4501
4689 2 2 200 11 1206 1208 4270
4690 2 2 200 11 3106 2144 3796
4691 2 2 200 11 1395 1398 1399
4692 2 2 200 11 2225 2223 2231
4693 2 2 200 11 1212 1215 4059
4694 2 2 200 11 2624 2947 4162
4695 2 2 200 11 2001 1740 2002
4696 2 2 200 11 1434 1437 3916
4697 2 2 200 11 428 429 748
4698 2 2 200 11 561 562 749
4699 2 2 200 11 361 362 746
4700 2 2 200 11 494 495 747
4701 2 2 200 11 400 401 743
4702 2 2 200 11 533 534 744
4703 2 2 200 11 456 457 745
4704 2 2 200 11 374 375 3707
4705 2 2 200 11 483 484 750
4706 2 2 200 11 389 390 739
4707 2 2 200 11 522 523 740
4708 2 2 200 11 466 467 742
4709 2 2 200 11 372 373 751
4710 2 2 200 11 505 506 752
4711 2 2 200 11 477 478 738
4712 2 2 200 11 417 418 753
4713 2 2 200 11 550 551 754
4714 2 2 200 11 439 440 755
4715 2 2 200 11 411 412 736
4716 2 2 200 11 544 545 737
4717 2 2 200 11 378 379 756
4718 2 2 200 11 511 512 757
4719 2 2 200 11 445 446 741
4720 2 2 200 11 2196 2581 2582
4721 2 2 200 11 2538 2540 2541
4722 2 2 200 11 1764 1567 1765
4723 2 2 200 11 2530 2532 2533
4724 2 2 200 11 377 378 3674
4725 2 2 200 11 3175 2207 3176
4726 2 2 200 11 1174 1176 1177
4727 2 2 200 11 2946 2973 2974
4728 2 2 200 11 1253 1252 1254
4729 2 2 200 11 1361 1362 1363
4730 2 2 200 11 1928 2438 4268
4731 2 2 200 11 1143 1584 4086
4732 2 2 200 11 2272 4111 4112
4733 2 2 200 11 455 456 3635
4734 2 2 200 11 2612 2610 2613
4735 2 2 200 11 416 417 3668
4736 2 2 200 11 493 494 3626
4737 2 2 200 11 410 411 3643
4738 2 2 200 11 1935 1934 4274
4739 2 2 200 11 510 511 3677
4740 2 2 200 11 979 981 982
4741 2 2 200 11 1254 1256 4317
4742 2 2 200 11 1143 1144 1145
4743 2 2 200 11 983 985 986
4744 2 2 200 11 384 385 838
4745 2 2 200 11 517 518 839
4746 2 2 200 11 471 472 837
4747 2 2 200 11 366 367 845
4748 2 2 200 11 499 500 846
4749 2 2 200 11 451 452 840
4750 2 2 200 11 356 357 847
4751 2 2 200 11 489 490 848
4752 2 2 200 11 405 406 835
4753 2 2 200 11 538 539 836
4754 2 2 200 11 423 424 844
4755 2 2 200 11 556 557 843
4756 2 2 200 11 433 434 841
4757 2 2 200 11 566 567 842
4758 2 2 200 11 395 396 849
4759 2 2 200 11 528 529 850
4760 2 2 200 11 461 5 851
4761 2 2 200 11 388 389 3646
4762 2 2 200 11 549 550 3670
4763 2 2 200 11 1391 1393 1394
4764 2 2 200 11 2606 2055 2607
4765 2 2 200 11 1774 1970 4272
4766 2 2 200 11 1032 1031 1033
4767 2 2 200 11 2845 2176 2935
4768 2 2 200 11 976 977 1646
4769 2 2 200 11 555 556 3696
4770 2 2 200 11 2884 2883 2958
4771 2 2 200 11 422 423 3693
4772 2 2 200 11 516 517 3684
4773 2 2 200 11 2863 2180 2957
4774 2 2 200 11 3368 2252 3369
4775 2 2 200 11 1361 1576 4066
4776 2 2 200 11 2536 2951 3810
4777 2 2 200 11 2533 2535 2536
4778 2 2 200 11 2658 2662 4311
4779 2 2 200 11 552 553 3709
4780 2 2 200 11 2544 2757 2758
4781 2 2 200 11 441 442 3705
4782 2 2 200 11 3988 3986 3989
4783 2 2 200 11 513 514 3714
4784 2 2 200 11 473 474 3712
4785 2 2 200 11 413 414 3706
4786 2 2 200 11 1910 1880 4331
4787 2 2 200 11 4268 4269 4283
4788 2 2 200 11 3964 3962 3965
4789 2 2 200 11 1387 1389 1390
4790 2 2 200 11 2143 2108 2144
4791 2 2 200 11 2972 2958 3431
4792 2 2 200 11 2541 2543 2544
4793 2 2 200 11 1780 1573 1781
4794 2 2 200 11 1700 1899 1900
4795 2 2 200 11 1149 1585 4025
4796 2 2 200 11 1713 1934 1935
4797 2 2 200 11 2179 3134 3168
4798 2 2 200 11 1222 1225 4048
4799 2 2 200 11 3848 2997 3849
4800 2 2 200 11 442 443 695
4801 2 2 200 11 414 415 692
4802 2 2 200 11 547 548 693
4803 2 2 200 11 480 481 694
4804 2 2 200 11 375 376 696
4805 2 2 200 11 508 509 697
4806 2 2 200 11 386 387 698
4807 2 2 200 11 519 520 699
4808 2 2 200 11 469 470 701
4809 2 2 200 11 453 454 700
4810 2 2 200 11 403 404 702
4811 2 2 200 11 536 537 703
4812 2 2 200 11 431 432 708
4813 2 2 200 11 564 565 709
4814 2 2 200 11 425 426 705
4815 2 2 200 11 558 559 704
4816 2 2 200 11 358 359 706
4817 2 2 200 11 491 492 707
4818 2 2 200 11 364 365 710
4819 2 2 200 11 497 498 711
4820 2 2 200 11 459 460 714
4821 2 2 200 11 397 398 712
4822 2 2 200 11 530 531 713
4823 2 2 200 11 1773 2126 2628
4824 2 2 200 11 392 393 716
4825 2 2 200 11 525 526 717
4826 2 2 200 11 463 464 715
4827 2 2 200 11 353 354 722
4828 2 2 200 11 486 487 723
4829 2 2 200 11 420 421 725
4830 2 2 200 11 553 554 724
4831 2 2 200 11 369 370 718
4832 2 2 200 11 502 503 719
4833 2 2 200 11 436 437 720
4834 2 2 200 11 569 570 721
4835 2 2 200 11 474 475 728
4836 2 2 200 11 381 382 730
4837 2 2 200 11 514 515 731
4838 2 2 200 11 448 449 729
4839 2 2 200 11 408 409 726
4840 2 2 200 11 541 542 727
4841 2 2 200 11 1367 1577 4026
4842 2 2 200 11 4519 3097 4587
4843 2 2 200 11 1354 1355 1357
4844 2 2 200 11 1137 1138 1139
4845 2 2 200 11 2132 1776 4191
4846 2 2 200 11 1026 1025 1027
4847 2 2 200 11 1168 1170 1171
4848 2 2 200 11 3831 3833 3835
4849 2 2 200 11 4451 3037 4547
4850 2 2 200 11 4281 3850 4282
4851 2 2 200 11 1798 1765 1799
4852 2 2 200 11 4620 3036 4646
4853 2 2 200 11 2624 2625 2626
4854 2 2 200 11 1783 1929 4271
4855 2 2 200 11 2106 1933 4256
4856 2 2 200 11 2434 1849 2435
4857 2 2 200 11 1381 1383 1384
4858 2 2 200 11 2518 2517 2519
4859 2 2 200 11 2177 2178 2261
4860 2 2 200 11 1155 1586 4022
4861 2 2 200 11 1135 1136 1137
4862 2 2 200 11 2762 2763 2844
4863 2 2 200 11 1352 1353 1354
4864 2 2 200 11 4279 1185 4695
4865 2 2 200 11 1009 1012 3907
4866 2 2 200 11 1245 1244 1246
4867 2 2 200 11 2001 4152 4233
4868 2 2 200 11 1228 1231 3903
4869 2 2 200 11 3244 2233 3879
4870 2 2 200 11 3781 3780 3830
4871 2 2 200 11 1750 1623 1754
4872 2 2 200 11 1373 1578 4016
4873 2 2 200 11 4144 2582 4145
4874 2 2 200 11 1823 1781 1824
4875 2 2 200 11 1914 3071 4350
4876 2 2 200 11 3749 2911 3750
4877 2 2 200 11 1450 1453 3901
4878 2 2 200 11 1766 1967 4035
4879 2 2 200 11 1162 1164 1165
4880 2 2 200 11 2520 2519 2521
4881 2 2 200 11 1591 964 1613
4882 2 2 200 11 1346 1347 1348
4883 2 2 200 11 4595 4197 4628
4884 2 2 200 11 1951 2229 4087
4885 2 2 200 11 2948 2170 2975
4886 2 2 200 11 2097 1867 2098
4887 2 2 200 11 2431 1840 2432
4888 2 2 200 11 2229 2230 2946
4889 2 2 200 11 1461 1460 1462
4890 2 2 200 11 1377 1379 1380
4891 2 2 200 11 4127 4125 4249
4892 2 2 200 11 1158 1160 1161
4893 2 2 200 11 1015 1018 3900
4894 2 2 200 11 1766 1629 1767
4895 2 2 200 11 2527 3029 3894
4896 2 2 200 11 1221 4049 4050
4897 2 2 200 11 3462 3746 3747
4898 2 2 200 11 2158 2940 3838
4899 2 2 200 11 1122 1097 4079
4900 2 2 200 11 1413 1414 4094
4901 2 2 200 11 1239 1238 1240
4902 2 2 200 11 1900 2157 2158
4903 2 2 200 11 1773 2628 4298
4904 2 2 200 11 3392 3143 3393
4905 2 2 200 11 1833 1835 4336
4906 2 2 200 11 1694 1933 2105
4907 2 2 200 11 2919 2424 2920
4908 2 2 200 11 2991 3158 3827
4909 2 2 200 11 1423 4230 4729
4910 2 2 200 11 3040 4513 4537
4911 2 2 200 11 1018 1017 1019
4912 2 2 200 11 2839 1965 4336
4913 2 2 200 11 2157 1899 4199
4914 2 2 200 11 2099 2100 4277
4915 2 2 200 11 2006 1754 2102
4916 2 2 200 11 2880 3406 3880
4917 2 2 200 11 1783 1633 1784
4918 2 2 200 11 1702 1732 1927
4919 2 2 200 11 2228 2102 2424
4920 2 2 200 11 1601 1776 1843
4921 2 2 200 11 1125 1126 1127
4922 2 2 200 11 1866 1742 1867
4923 2 2 200 11 1344 1345 1346
4924 2 2 200 11 1370 1372 1373
4925 2 2 200 11 1152 1154 1155
4926 2 2 200 11 1453 1452 1454
4927 2 2 200 11 1384 1579 4091
4928 2 2 200 11 1117 1118 1125
4929 2 2 200 11 1335 1336 1340
4930 2 2 200 11 2264 2568 3102
4931 2 2 200 11 2046 2726 4333
4932 2 2 200 11 1377 1380 4300
4933 2 2 200 11 1780 1823 4227
4934 2 2 200 11 1113 1114 1117
4935 2 2 200 11 4122 1830 4329
4936 2 2 200 11 1162 1165 4305
4937 2 2 200 11 2751 2752 2753
4938 2 2 200 11 3019 3870 4294
4939 2 2 200 11 2223 2222 4210
4940 2 2 200 11 1231 1230 1232
4941 2 2 200 11 1332 1333 1335
4942 2 2 200 11 1171 1582 3992
4943 2 2 200 11 2969 2429 3884
4944 2 2 200 11 1012 1011 1013
4945 2 2 200 11 1967 1767 2096
4946 2 2 200 11 1891 2154 2630
4947 2 2 200 11 2662 2723 2741
4948 2 2 200 11 1111 1112 1113
4949 2 2 200 11 1375 4015 4570
4950 2 2 200 11 1330 1331 1332
4951 2 2 200 11 1364 1366 1367
4952 2 2 200 11 1146 1148 1149
4953 2 2 200 11 4209 2614 4325
4954 2 2 200 11 2085 1930 2093
4955 2 2 200 11 1760 1807 4290
4956 2 2 200 11 1447 1446 1448
4957 2 2 200 11 2003 1753 2104
4958 2 2 200 11 3329 3330 3331
4959 2 2 200 11 1109 1110 1111
4960 2 2 200 11 2543 2540 4218
4961 2 2 200 11 1889 4513 4552
4962 2 2 200 11 1929 1784 1930
4963 2 2 200 11 2105 2106 2990
4964 2 2 200 11 2535 2532 4214
4965 2 2 200 11 1328 1329 1330
4966 2 2 200 11 3387 2852 3819
4967 2 2 200 11 1596 1755 1756
4968 2 2 200 11 2204 2203 4110
4969 2 2 200 11 4623 3038 4650
4970 2 2 200 11 2141 3242 3854
4971 2 2 200 11 2749 2750 2751
4972 2 2 200 11 1951 1952 2229
4973 2 2 200 11 1358 1360 1361
4974 2 2 200 11 1640 1638 2572
4975 2 2 200 11 1508 4098 4347
4976 2 2 200 11 4456 2744 4457
4977 2 2 200 11 3412 3411 3413
4978 2 2 200 11 1843 2132 2133
4979 2 2 200 11 1443 1442 1444
4980 2 2 200 11 2133 2906 2978
4981 2 2 200 11 2978 3361 3792
4982 2 2 200 11 1225 1224 1226
4983 2 2 200 11 1107 1108 1109
4984 2 2 200 11 1006 1005 1007
4985 2 2 200 11 970 971 972
4986 2 2 200 11 3792 3793 3860
4987 2 2 200 11 1326 1327 1328
4988 2 2 200 11 3208 2607 4036
4989 2 2 200 11 2123 1748 4322
4990 2 2 200 11 1399 1583 4089
4991 2 2 200 11 3313 3314 3315
4992 2 2 200 11 1221 1220 1222
4993 2 2 200 11 1140 1142 1143
4994 2 2 200 11 1105 1106 1107
4995 2 2 200 11 2502 2503 2504
4996 2 2 200 11 1324 1325 1326
4997 2 2 200 11 1185 1186 4276
4998 2 2 200 11 2500 2501 2502
4999 2 2 200 11 1760 1637 1761
5000 2 2 200 11 1103 1104 1105
5001 2 2 200 11 2703 2169 2725
5002 2 2 200 11 3311 3312 3313
5003 2 2 200 11 973 975 976
5004 2 2 200 11 1928 2113 2438
5005 2 2 200 11 2996 2997 3848
5006 2 2 200 11 1322 1323 1324
5007 2 2 200 11 3307 3308 3311
5008 2 2 200 11 1101 1102 1103
5009 2 2 200 11 2494 2495 2500
5010 2 2 200 11 3854 3242 3855
5011 2 2 200 11 1119 1091 4075
5012 2 2 200 11 3305 3306 3307
5013 2 2 200 11 2601 2746 2747
5014 2 2 200 11 1848 1845 4344
5015 2 2 200 11 1635 4266 4367
5016 2 2 200 11 2984 3216 3878
5017 2 2 200 11 1320 1321 1322
5018 2 2 200 11 1099 1100 1101
5019 2 2 200 11 2739 2765 2766
5020 2 2 200 11 1181 1182 4279
5021 2 2 200 11 1349 1351 1352
5022 2 2 200 11 1970 1717 1971
5023 2 2 200 11 3211 2011 4175
5024 2 2 200 11 2492 2493 2494
5025 2 2 200 11 2610 2609 4147
5026 2 2 200 11 2101 2793 2984
5027 2 2 200 11 2815 2816 2817
5028 2 2 200 11 2262 2623 2624
5029 2 2 200 11 1800 2253 2996
5030 2 2 200 11 3300 3301 3305
5031 2 2 200 11 1756 2018 2101
5032 2 2 200 11 1437 1436 1438
5033 2 2 200 11 2220 1808 2979
5034 2 2 200 11 3172 2979 3802
5035 2 2 200 11 1592 1413 4094
5036 2 2 200 11 1132 1134 1135
5037 2 2 200 11 1807 1761 1808
5038 2 2 200 11 2524 2522 2525
5039 2 2 200 11 1927 1732 2056
5040 2 2 200 11 2089 2174 2175
5041 2 2 200 11 1318 1319 1320
5042 2 2 200 11 1000 999 1001
5043 2 2 200 11 2195 2196 4143
5044 2 2 200 11 1593 1774 1842
5045 2 2 200 11 1097 1098 1099
5046 2 2 200 11 1215 1214 1216
5047 2 2 200 11 1475 1472 4597
5048 2 2 200 11 2737 2738 2739
5049 2 2 200 11 1173 1174 4129
5050 2 2 200 11 2087 2088 2089
5051 2 2 200 11 2998 2289 4043
5052 2 2 200 11 2490 2491 2492
5053 2 2 200 11 3253 2839 4336
5054 2 2 200 11 1411 1575 3993
5055 2 2 200 11 2813 2814 2815
5056 2 2 200 11 1703 1828 1829
5057 2 2 200 11 4109 1844 4428
5058 2 2 200 11 3298 3299 3300
5059 2 2 200 11 1316 1317 1318
5060 2 2 200 11 2593 2594 2595
5061 2 2 200 11 3971 3972 3973
5062 2 2 200 11 1128 1130 1131
5063 2 2 200 11 4000 2397 4001
5064 2 2 200 11 2735 2736 2737
5065 2 2 200 11 1095 1096 1097
5066 2 2 200 11 1750 2006 4296
5067 2 2 200 11 1702 1613 1732
5068 2 2 200 11 1211 1210 1212
5069 2 2 200 11 3984 3983 3985
5070 2 2 200 11 1431 1430 1432
5071 2 2 200 11 2811 2812 2813
5072 2 2 200 11 1626 1786 4502
5073 2 2 200 11 2779 2123 3079
5074 2 2 200 11 4096 4097 4098
5075 2 2 200 11 2599 2600 2601
5076 2 2 200 11 3296 3297 3298
5077 2 2 200 11 990 1636 4093
5078 2 2 200 11 2488 2489 2490
5079 2 2 200 11 3841 2428 4067
5080 2 2 200 11 1839 1999 3904
5081 2 2 200 11 1314 1315 1316
5082 2 2 200 11 2203 3212 4110
5083 2 2 200 11 1702 1928 4268
5084 2 2 200 11 1093 1094 1095
5085 2 2 200 11 2168 2167 2169
5086 2 2 200 11 1341 1343 1344
5087 2 2 200 11 1970 2910 4272
5088 2 2 200 11 1461 1462 4332
5089 2 2 200 11 1427 1426 1428
5090 2 2 200 11 3008 1613 4334
5091 2 2 200 11 3820 3821 3910
5092 2 2 200 11 2662 2741 4311
5093 2 2 200 11 2486 2487 2488
5094 2 2 200 11 2731 2732 2735
5095 2 2 200 11 3043 4517 4557
5096 2 2 200 11 2989 2592 4003
5097 2 2 200 11 1733 2570 4307
5098 2 2 200 11 2484 2485 2486
5099 2 2 200 11 1613 964 4334
5100 2 2 200 11 3294 3295 3296
5101 2 2 200 11 1312 1313 1314
5102 2 2 200 11 2222 4070 4210
5103 2 2 200 11 3946 3099 4822
5104 2 2 200 11 3960 3959 3961
5105 2 2 200 11 2809 2810 2811
5106 2 2 200 11 3848 3849 3850
5107 2 2 200 11 1829 2139 2140
5108 2 2 200 11 1091 1092 1093
5109 2 2 200 11 1310 1311 1312
5110 2 2 200 11 2482 2483 2484
5111 2 2 200 11 996 995 997
5112 2 2 200 11 3292 3293 3294
5113 2 2 200 11 1711 1595 2567
5114 2 2 200 11 2985 2986 3820
5115 2 2 200 11 1205 1204 1206
5116 2 2 200 11 1386 1387 4161
5117 2 2 200 11 3966 3965 3967
5118 2 2 200 11 2729 2730 2731
5119 2 2 200 11 1786 1802 2700
5120 2 2 200 11 3290 3291 3292
5121 2 2 200 11 2103 2216 2985
5122 2 2 200 11 2968 2967 3783
5123 2 2 200 11 1089 1090 1091
5124 2 2 200 11 2140 2222 2223
5125 2 2 200 11 1413 1412 1414
5126 2 2 200 11 2888 2227 2967
5127 2 2 200 11 2290 2586 2587
5128 2 2 200 11 1842 2015 2103
5129 2 2 200 11 2480 2481 2482
5130 2 2 200 11 1423 1422 1424
5131 2 2 200 11 2807 2808 2809
5132 2 2 200 11 1708 1989 1990
5133 2 2 200 11 1308 1309 1310
5134 2 2 200 11 3288 3289 3290
5135 2 2 200 11 2727 2728 2729
5136 2 2 200 11 2226 1971 2227
5137 2 2 200 11 3288 4231 4295
5138 2 2 200 11 1764 1798 4302
5139 2 2 200 11 2478 2479 2480
5140 2 2 200 11 1087 1088 1089
5141 2 2 200 11 3194 2195 4143
5142 2 2 200 11 2805 2806 2807
5143 2 2 200 11 1591 1702 4268
5144 2 2 200 11 3023 4464 4525
5145 2 2 200 11 1306 1307 1308
5146 2 2 200 11 1468 1466 1469
5147 2 2 200 11 2591 2592 2593
5148 2 2 200 11 2141 3182 3242
5149 2 2 200 11 2720 2721 2727
5150 2 2 200 11 2803 2804 2805
5151 2 2 200 11 1201 1200 1202
5152 2 2 200 11 3996 2567 3997
5153 2 2 200 11 1205 1639 4060
5154 2 2 200 11 2609 3209 4147
5155 2 2 200 11 4093 1636 4293
5156 2 2 200 11 3286 3287 3288
5157 2 2 200 11 1591 4268 4283
5158 2 2 200 11 2229 3164 4087
5159 2 2 200 11 2718 2719 2720
5160 2 2 200 11 2476 2477 2478
5161 2 2 200 11 4086 1584 4352
5162 2 2 200 11 2801 2802 2803
5163 2 2 200 11 1085 1086 1087
5164 2 2 200 11 1304 1305 1306
5165 2 2 200 11 2568 4108 4665
5166 2 2 200 11 1740 1563 4347
5167 2 2 200 11 2775 4040 4042
5168 2 2 200 11 1634 1788 2427
5169 2 2 200 11 2981 2600 3946
5170 2 2 200 11 3316 3328 3329
5171 2 2 200 11 4842 1602 4845
5172 2 2 200 11 1032 1033 4342
5173 2 2 200 11 1600 1173 4129
5174 2 2 200 11 1418 1420 4242
5175 2 2 200 11 2505 2748 2749
5176 2 2 200 11 3145 2268 3146
5177 2 2 200 11 1083 1084 1085
5178 2 2 200 11 2428 2933 4067
5179 2 2 200 11 2716 2717 2718
5180 2 2 200 11 2038 1726 2039
5181 2 2 200 11 1417 1416 1418
5182 2 2 200 11 1302 1303 1304
5183 2 2 200 11 2799 2800 2801
5184 2 2 200 11 3284 3285 3286
5185 2 2 200 11 1349 1352 4315
5186 2 2 200 11 1081 1082 1083
5187 2 2 200 11 2474 2475 2476
5188 2 2 200 11 2007 1725 2008
5189 2 2 200 11 4099 1556 4426
5190 2 2 200 11 1193 1192 1194
5191 2 2 200 11 1300 1301 1302
5192 2 2 200 11 2288 2289 2290
5193 2 2 200 11 2012 2203 2204
5194 2 2 200 11 3282 3283 3284
5195 2 2 200 11 1411 1410 1412
5196 2 2 200 11 1197 1196 1198
5197 2 2 200 11 2710 2711 2716
5198 2 2 200 11 967 969 970
5199 2 2 200 11 1603 1386 4161
5200 2 2 200 11 2160 2629 3096
5201 2 2 200 11 1215 1632 4059
5202 2 2 200 11 2472 2473 2474
5203 2 2 200 11 2275 2756 2965
5204 2 2 200 11 1630 1790 1850
5205 2 2 200 11 2785 2798 2799
5206 2 2 200 11 1079 1080 1081
5207 2 2 200 11 3280 3281 3282
5208 2 2 200 11 2470 2471 2472
5209 2 2 200 11 2284 2285 2286
5210 2 2 200 11 1298 1299 1300
5211 2 2 200 11 1990 2011 2012
5212 2 2 200 11 2545 1848 4344
5213 2 2 200 11 990 989 991
5214 2 2 200 11 3278 3279 3280
5215 2 2 200 11 1437 1628 3916
5216 2 2 200 11 2708 2709 2710
5217 2 2 200 11 1077 1078 1079
5218 2 2 200 11 2468 2469 2470
5219 2 2 200 11 2619 2618 2620
5220 2 2 200 11 3276 3277 3278
5221 2 2 200 11 2530 2533 4352
5222 2 2 200 11 1401 1400 1402
5223 2 2 200 11 1624 1796 1853
5224 2 2 200 11 1296 1297 1298
5225 2 2 200 11 2783 2784 2785
5226 2 2 200 11 4244 1131 4532
5227 2 2 200 11 2907 2132 4191
5228 2 2 200 11 1189 1188 1190
5229 2 2 200 11 1683 2682 4415
5230 2 2 200 11 2206 2272 2273
5231 2 2 200 11 1027 1029 4375
5232 2 2 200 11 1075 1076 1077
5233 2 2 200 11 2706 2707 2708
5234 2 2 200 11 3157 2106 4256
5235 2 2 200 11 2466 2467 2468
5236 2 2 200 11 3274 3275 3276
5237 2 2 200 11 1157 1158 4198
5238 2 2 200 11 1929 2865 4271
5239 2 2 200 11 2781 2782 2783
5240 2 2 200 11 1294 1295 1296
5241 2 2 200 11 2697 2698 2706
5242 2 2 200 11 2195 2039 2196
5243 2 2 200 11 2608 2609 2610
5244 2 2 200 11 1405 1404 1406
5245 2 2 200 11 2280 2281 2282
5246 2 2 200 11 2912 3752 3794
5247 2 2 200 11 1073 1074 1075
5248 2 2 200 11 2691 2780 2781
5249 2 2 200 11 2464 2465 2466
5250 2 2 200 11 2695 2696 2697
5251 2 2 200 11 1993 2908 2976
5252 2 2 200 11 986 985 987
5253 2 2 200 11 1292 1293 1294
5254 2 2 200 11 1967 2764 4035
5255 2 2 200 11 1864 1861 4312
5256 2 2 200 11 3133 2057 3869
5257 2 2 200 11 3272 3273 3274
5258 2 2 200 11 1185 1184 1186
5259 2 2 200 11 1574 1797 1854
5260 2 2 200 11 2617 2616 2618
5261 2 2 200 11 1071 1072 1073
5262 2 2 200 11 1225 3019 4048
5263 2 2 200 11 4022 1586 4355
5264 2 2 200 11 2515 4018 4020
5265 2 2 200 11 1733 1606 2570
5266 2 2 200 11 2427 2428 3841
5267 2 2 200 11 1979 1710 1980
5268 2 2 200 11 2693 2694 2695
5269 2 2 200 11 1181 1180 1182
5270 2 2 200 11 4453 3024 4476
5271 2 2 200 11 2689 2690 2691
5272 2 2 200 11 1290 1291 1292
5273 2 2 200 11 1173 1172 1174
5274 2 2 200 11 1605 1157 4198
5275 2 2 200 11 3270 3271 3272
5276 2 2 200 11 2462 2463 2464
5277 2 2 200 11 1871 2642 4318
5278 2 2 200 11 1069 1070 1071
5279 2 2 200 11 2582 2581 2583
5280 2 2 200 11 982 981 983
5281 2 2 200 11 1852 2054 2055
5282 2 2 200 11 2215 2008 3814
5283 2 2 200 11 2974 2973 3804
5284 2 2 200 11 1231 1572 3903
5285 2 2 200 11 2189 2903 4673
5286 2 2 200 11 1850 1851 1852
5287 2 2 200 11 2612 2613 4226
5288 2 2 200 11 1288 1289 1290
5289 2 2 200 11 2678 2679 2693
5290 2 2 200 11 1399 1398 1400
5291 2 2 200 11 1067 1068 1069
5292 2 2 200 11 2460 2461 2462
5293 2 2 200 11 3268 3269 3270
5294 2 2 200 11 2670 2671 2689
5295 2 2 200 11 1177 1176 1178
5296 2 2 200 11 2458 2459 2460
5297 2 2 200 11 1874 2648 4320
5298 2 2 200 11 2606 2607 2608
5299 2 2 200 11 1571 1791 1855
5300 2 2 200 11 1012 3014 3907
5301 2 2 200 11 3253 4336 4463
5302 2 2 200 11 1568 1779 3826
5303 2 2 200 11 3266 3267 3268
5304 2 2 200 11 4060 1639 4297
5305 2 2 200 11 1065 1066 1067
5306 2 2 200 11 2456 2457 2458
5307 2 2 200 11 1286 1287 1288
5308 2 2 200 11 3128 2157 4199
5309 2 2 200 11 2668 2669 2670
5310 2 2 200 11 1700 1900 4355
5311 2 2 200 11 3264 3265 3266
5312 2 2 200 11 4331 1880 4468
5313 2 2 200 11 1453 1569 3901
5314 2 2 200 11 2676 2677 2678
5315 2 2 200 11 2542 2539 2575
5316 2 2 200 11 4539 1390 4554
5317 2 2 200 11 2454 2455 2456
5318 2 2 200 11 1853 1919 2099
5319 2 2 200 11 1394 1393 1395
5320 2 2 200 11 1386 1385 1387
5321 2 2 200 11 2796 3537 3538
5322 2 2 200 11 2666 2667 2668
5323 2 2 200 11 1018 1566 3900
5324 2 2 200 11 3588 3589 3590
5325 2 2 200 11 1284 1285 1286
5326 2 2 200 11 1823 2862 4227
5327 2 2 200 11 2674 2675 2676
5328 2 2 200 11 1063 1064 1065
5329 2 2 200 11 3079 2123 4322
5330 2 2 200 11 1276 1277 1278
5331 2 2 200 11 2448 2449 2450
5332 2 2 200 11 2534 2531 2577
5333 2 2 200 11 2452 2453 2454
5334 2 2 200 11 1167 1166 1168
5335 2 2 200 11 3262 3263 3264
5336 2 2 200 11 2646 2647 2666
5337 2 2 200 11 1282 1283 1284
5338 2 2 200 11 1859 2208 2980
5339 2 2 200 11 1859 2980 4289
5340 2 2 200 11 3252 3253 3254
5341 2 2 200 11 1390 1389 1391
5342 2 2 200 11 4253 976 4341
5343 2 2 200 11 2644 2645 2646
5344 2 2 200 11 2652 2653 2674
5345 2 2 200 11 1280 1281 1282
5346 2 2 200 11 1055 1056 1057
5347 2 2 200 11 1061 1062 1063
5348 2 2 200 11 2634 4226 4273
5349 2 2 200 11 3023 4197 4595
5350 2 2 200 11 1171 1170 1172
5351 2 2 200 11 2628 2126 3092
5352 2 2 200 11 1564 1741 1858
5353 2 2 200 11 1256 4109 4317
5354 2 2 200 11 2946 2230 2973
5355 2 2 200 11 4464 4113 4525
5356 2 2 200 11 2450 2451 2452
5357 2 2 200 11 2650 2651 2652
5358 2 2 200 11 2171 1980 2172
5359 2 2 200 11 1059 1060 1061
5360 2 2 200 11 2976 3122 3800
5361 2 2 200 11 1278 1279 1280
5362 2 2 200 11 1869 4318 4346
5363 2 2 200 11 1464 1465 1466
5364 2 2 200 11 4513 3040 4552
5365 2 2 200 11 4206 2430 4207
5366 2 2 200 11 2642 2643 2644
5367 2 2 200 11 1057 1058 1059
5368 2 2 200 11 3348 2543 4218
5369 2 2 200 11 2107 1740 4347
5370 2 2 200 11 3067 4549 4589
5371 2 2 200 11 4091 1579 4360
5372 2 2 200 11 1857 1998 2982
5373 2 2 200 11 3256 3257 3258
5374 2 2 200 11 2952 2535 4214
5375 2 2 200 11 4461 3896 4481
5376 2 2 200 11 1384 1383 1385
5377 2 2 200 11 2442 2445 4319
5378 2 2 200 11 2982 1998 4299
5379 2 2 200 11 972 973 4253
5380 2 2 200 11 4736 1189 4741
5381 2 2 200 11 1855 1856 1857
5382 2 2 200 11 3254 3255 3256
5383 2 2 200 11 2648 2649 2650
5384 2 2 200 11 2098 2883 2884
5385 2 2 200 11 2564 2563 2565
5386 2 2 200 11 1165 1164 1166
5387 2 2 200 11 1505 4107 4674
5388 2 2 200 11 4078 1122 4079
5389 2 2 200 11 1021 1023 4545
5390 2 2 200 11 1390 1391 4554
5391 2 2 200 11 3971 3317 3972
5392 2 2 200 11 1376 1374 1377
5393 2 2 200 11 1380 1379 1381
5394 2 2 200 11 1161 1160 1162
5395 2 2 200 11 2548 2550 2551
5396 2 2 200 11 3992 1582 4365
5397 2 2 200 11 1862 1860 3004
5398 2 2 200 11 1376 1377 4300
5399 2 2 200 11 3061 3062 3063
5400 2 2 200 11 1272 1273 1274
5401 2 2 200 11 1124 4125 4127
5402 2 2 200 11 1872 4320 4348
5403 2 2 200 11 1951 1716 1952
5404 2 2 200 11 1157 1156 1158
5405 2 2 200 11 1694 2105 4360
5406 2 2 200 11 1982 2545 2546
5407 2 2 200 11 2562 2561 2563
5408 2 2 200 11 2410 2258 2411
5409 2 2 200 11 3916 1628 4304
5410 2 2 200 11 4276 1189 4736
5411 2 2 200 11 1043 1044 1045
5412 2 2 200 11 1051 1052 1053
5413 2 2 200 11 2229 1952 2230
5414 2 2 200 11 2988 2987 3842
5415 2 2 200 11 2576 2575 2987
5416 2 2 200 11 4010 2566 4011
5417 2 2 200 11 1262 1263 1264
5418 2 2 200 11 1369 1368 1370
5419 2 2 200 11 1270 1271 1272
5420 2 2 200 11 1049 1050 1051
5421 2 2 200 11 3203 2214 3787
5422 2 2 200 11 1151 1150 1152
5423 2 2 200 11 2257 2063 2258
5424 2 2 200 11 2177 1795 2178
5425 2 2 200 11 1614 972 4253
5426 2 2 200 11 2560 2559 2561
5427 2 2 200 11 2554 2553 2555
5428 2 2 200 11 3894 3029 4594
5429 2 2 200 11 2533 2999 4352
5430 2 2 200 11 1268 1269 1270
5431 2 2 200 11 1047 1048 1049
5432 2 2 200 11 2062 2061 2063
5433 2 2 200 11 3933 1119 4075
5434 2 2 200 11 2558 2557 2559
5435 2 2 200 11 1373 1372 1374
5436 2 2 200 11 2655 2656 2714
5437 2 2 200 11 1045 1046 1047
5438 2 2 200 11 1266 1267 1268
5439 2 2 200 11 1601 1843 4365
5440 2 2 200 11 2175 2174 4328
5441 2 2 200 11 3150 3232 4863
5442 2 2 200 11 1630 1850 4304
5443 2 2 200 11 2432 2517 2518
5444 2 2 200 11 1697 1127 4244
5445 2 2 200 11 2060 2059 2061
5446 2 2 200 11 1846 1849 2434
5447 2 2 200 11 3055 3056 3057
5448 2 2 200 11 1264 1265 1266
5449 2 2 200 11 1838 1840 2431
5450 2 2 200 11 1155 1154 1156
5451 2 2 200 11 1145 1144 1146
5452 2 2 200 11 2556 2555 2557
5453 2 2 200 11 996 4265 4266
5454 2 2 200 11 2058 1932 2059
5455 2 2 200 11 1161 1162 4305
5456 2 2 200 11 1363 1362 1364
5457 2 2 200 11 1931 1908 1932
5458 2 2 200 11 4095 1396 4525
5459 2 2 200 11 3462 2753 3746
5460 2 2 200 11 2549 2548 4254
5461 2 2 200 11 1858 1859 4289
5462 2 2 200 11 1558 1742 1866
5463 2 2 200 11 1367 1366 1368
5464 2 2 200 11 3883 3881 4571
5465 2 2 200 11 2141 2095 3182
5466 2 2 200 11 4089 1583 4369
5467 2 2 200 11 2117 2118 2655
5468 2 2 200 11 2884 2958 2972
5469 2 2 200 11 1254 1255 1256
5470 2 2 200 11 1127 1128 4244
5471 2 2 200 11 2972 3431 3799
5472 2 2 200 11 3029 2631 4310
5473 2 2 200 11 4534 4166 4570
5474 2 2 200 11 1149 1148 1150
5475 2 2 200 11 972 971 973
5476 2 2 200 11 2664 1590 4420
5477 2 2 200 11 3057 3058 3059
5478 2 2 200 11 1999 2409 3904
5479 2 2 200 11 1907 1906 1908
5480 2 2 200 11 1462 1463 1464
5481 2 2 200 11 3259 3261 3262
5482 2 2 200 11 1033 1034 1035
5483 2 2 200 11 2259 2191 2260
5484 2 2 200 11 1039 1040 1041
5485 2 2 200 11 1966 2840 3824
5486 2 2 200 11 962 963 964
5487 2 2 200 11 1361 1360 1362
5488 2 2 200 11 1258 1259 1260
5489 2 2 200 11 3919 1356 3920
5490 2 2 200 11 1357 1355 1358
5491 2 2 200 11 1596 1756 4369
5492 2 2 200 11 1139 1138 1140
5493 2 2 200 11 2002 2107 2108
5494 2 2 200 11 1789 1771 1906
5495 2 2 200 11 1256 1257 1258
5496 2 2 200 11 986 4093 4548
5497 2 2 200 11 1354 1353 1355
5498 2 2 200 11 1137 1136 1138
5499 2 2 200 11 1037 1038 1039
5500 2 2 200 11 1035 1036 1037
5501 2 2 200 11 3903 1572 4306
5502 2 2 200 11 1143 1142 1144
5503 2 2 200 11 2401 2834 2835
5504 2 2 200 11 2441 2444 2573
5505 2 2 200 11 1832 1834 2433
5506 2 2 200 11 1521 4657 4686
5507 2 2 200 11 2634 2612 4226
5508 2 2 200 11 2190 2138 2191
5509 2 2 200 11 2520 2521 2522
5510 2 2 200 11 1900 3001 4355
5511 2 2 200 11 1027 1028 1029
5512 2 2 200 11 1761 1637 4367
5513 2 2 200 11 1871 2080 2642
5514 2 2 200 11 1869 1871 4318
5515 2 2 200 11 976 975 977
5516 2 2 200 11 2759 2758 2760
5517 2 2 200 11 2498 3411 3412
5518 2 2 200 11 2518 2519 2520
5519 2 2 200 11 1348 1347 1349
5520 2 2 200 11 1747 2086 2087
5521 2 2 200 11 1246 1247 1248
5522 2 2 200 11 2399 2400 2401
5523 2 2 200 11 1574 1854 4306
5524 2 2 200 11 1250 1251 1252
5525 2 2 200 11 3255 3253 4463
5526 2 2 200 11 1628 1630 4304
5527 2 2 200 11 1121 4182 4183
5528 2 2 200 11 1872 1874 4320
5529 2 2 200 11 2434 2435 3790
5530 2 2 200 11 2261 2178 2262
5531 2 2 200 11 1866 1867 2097
5532 2 2 200 11 1029 1030 1031
5533 2 2 200 11 1874 2005 2648
5534 2 2 200 11 2506 3983 3984
5535 2 2 200 11 2162 2398 2399
5536 2 2 200 11 1462 4099 4332
5537 2 2 200 11 2444 4319 4353
5538 2 2 200 11 2624 2623 2625
5539 2 2 200 11 1248 1249 1250
5540 2 2 200 11 1132 1135 4368
5541 2 2 200 11 3929 1115 3930
5542 2 2 200 11 1352 1351 1353
5543 2 2 200 11 1799 2110 2111
5544 2 2 200 11 1135 1134 1136
5545 2 2 200 11 1346 1345 1347
5546 2 2 200 11 2761 2760 2762
5547 2 2 200 11 1456 1457 1458
5548 2 2 200 11 3993 1575 4379
5549 2 2 200 11 1240 1241 1242
5550 2 2 200 11 2705 3343 3355
5551 2 2 200 11 3901 1569 4313
5552 2 2 200 11 2044 2161 2162
5553 2 2 200 11 3332 3959 3960
5554 2 2 200 11 1458 1459 1460
5555 2 2 200 11 2111 2992 3780
5556 2 2 200 11 1019 1020 1021
5557 2 2 200 11 1127 1126 1128
5558 2 2 200 11 1131 1130 1132
5559 2 2 200 11 1704 1661 4338
5560 2 2 200 11 1340 1336 1341
5561 2 2 200 11 1125 1118 1126
5562 2 2 200 11 1824 2112 3816
5563 2 2 200 11 1023 1024 1025
5564 2 2 200 11 1454 1455 1456
5565 2 2 200 11 2176 1799 4260
5566 2 2 200 11 1571 1855 4313
5567 2 2 200 11 1117 1114 1118
5568 2 2 200 11 1242 1243 1244
5569 2 2 200 11 1592 4094 4378
5570 2 2 200 11 3909 4489 4497
5571 2 2 200 11 1348 1349 4315
5572 2 2 200 11 1335 1333 1336
5573 2 2 200 11 1971 1717 4378
5574 2 2 200 11 3331 3330 3565
5575 2 2 200 11 2180 1824 4258
5576 2 2 200 11 1021 1022 1023
5577 2 2 200 11 1113 1112 1114
5578 2 2 200 11 1572 1574 4306
5579 2 2 200 11 2751 2750 2752
5580 2 2 200 11 1593 1842 4379
5581 2 2 200 11 1332 1331 1333
5582 2 2 200 11 1189 1190 4741
5583 2 2 200 11 1749 2020 2117
5584 2 2 200 11 1013 1014 1015
5585 2 2 200 11 1232 1233 1234
5586 2 2 200 11 1344 1343 1345
5587 2 2 200 11 3007 2099 4277
5588 2 2 200 11 1111 1110 1112
5589 2 2 200 11 1524 1863 4514
5590 2 2 200 11 1330 1329 1331
5591 2 2 200 11 1916 1914 4350
5592 2 2 200 11 1236 1237 1238
5593 2 2 200 11 4062 4061 4330
5594 2 2 200 11 2160 3096 4323
5595 2 2 200 11 1448 1449 1450
5596 2 2 200 11 1015 1016 1017
5597 2 2 200 11 1109 1108 1110
5598 2 2 200 11 2105 3847 4360
5599 2 2 200 11 1328 1327 1329
5600 2 2 200 11 1234 1235 1236
5601 2 2 200 11 970 969 971
5602 2 2 200 11 1770 1655 1771
5603 2 2 200 11 3315 3314 3316
5604 2 2 200 11 1444 1445 1446
5605 2 2 200 11 2504 2503 2505
5606 2 2 200 11 3412 3413 3795
5607 2 2 200 11 3313 3312 3314
5608 2 2 200 11 1226 1227 1228
5609 2 2 200 11 1107 1106 1108
5610 2 2 200 11 1007 1008 1009
5611 2 2 200 11 1914 1892 3071
5612 2 2 200 11 1569 1571 4313
5613 2 2 200 11 2502 2501 2503
5614 2 2 200 11 2170 2096 4263
5615 2 2 200 11 1993 2976 4382
5616 2 2 200 11 1344 1346 4514
5617 2 2 200 11 3329 3328 3330
5618 2 2 200 11 2263 1997 2264
5619 2 2 200 11 2137 1916 2138
5620 2 2 200 11 1326 1325 1327
5621 2 2 200 11 2096 2574 3812
5622 2 2 200 11 2749 2748 2750
5623 2 2 200 11 2500 2495 2501
5624 2 2 200 11 1450 1451 1452
5625 2 2 200 11 1105 1104 1106
5626 2 2 200 11 1891 2630 4513
5627 2 2 200 11 1324 1323 1325
5628 2 2 200 11 3311 3308 3312
5629 2 2 200 11 1222 1223 1224
5630 2 2 200 11 3009 4546 4572
5631 2 2 200 11 1103 1102 1104
5632 2 2 200 11 3307 3306 3308
5633 2 2 200 11 1810 1704 4338
5634 2 2 200 11 1732 1613 3008
5635 2 2 200 11 2494 2493 2495
5636 2 2 200 11 1996 1995 1997
5637 2 2 200 11 1588 2664 4381
5638 2 2 200 11 1228 1229 1230
5639 2 2 200 11 1843 3002 4365
5640 2 2 200 11 2164 1950 2165
5641 2 2 200 11 1322 1321 1323
5642 2 2 200 11 3305 3301 3306
5643 2 2 200 11 1101 1100 1102
5644 2 2 200 11 1009 1010 1011
5645 2 2 200 11 1886 1884 3072
5646 2 2 200 11 1965 1833 4336
5647 2 2 200 11 3075 2115 3076
5648 2 2 200 11 1438 1439 1440
5649 2 2 200 11 2492 2491 2493
5650 2 2 200 11 1320 1319 1321
5651 2 2 200 11 1737 2043 2044
5652 2 2 200 11 3300 3299 3301
5653 2 2 200 11 1099 1098 1100
5654 2 2 200 11 948 950 1618
5655 2 2 200 11 1912 1910 2128
5656 2 2 200 11 3988 3989 3991
5657 2 2 200 11 1623 1621 4285
5658 2 2 200 11 1949 1948 1950
5659 2 2 200 11 3964 3965 3966
5660 2 2 200 11 1994 1918 1995
5661 2 2 200 11 2739 2738 2765
5662 2 2 200 11 1318 1317 1319
5663 2 2 200 11 2815 2814 2816
5664 2 2 200 11 1001 1002 1003
5665 2 2 200 11 2490 2489 2491
5666 2 2 200 11 2545 4166 4534
5667 2 2 200 11 1216 1217 1218
5668 2 2 200 11 1440 1441 1442
5669 2 2 200 11 3298 3297 3299
5670 2 2 200 11 1097 1096 1098
5671 2 2 200 11 1735 2041 2702
5672 2 2 200 11 1003 1004 1005
5673 2 2 200 11 1432 1433 1434
5674 2 2 200 11 2661 2659 2715
5675 2 2 200 11 2737 2736 2738
5676 2 2 200 11 2189 2902 2903
5677 2 2 200 11 3296 3295 3297
5678 2 2 200 11 1316 1315 1317
5679 2 2 200 11 2488 2487 2489
5680 2 2 200 11 2813 2812 2814
5681 2 2 200 11 1212 1213 1214
5682 2 2 200 11 1638 1206 4270
5683 2 2 200 11 1095 1094 1096
5684 2 2 200 11 4059 1632 4398
5685 2 2 200 11 3825 2585 3873
5686 2 2 200 11 1218 1219 1220
5687 2 2 200 11 964 963 965
5688 2 2 200 11 1600 4129 4397
5689 2 2 200 11 997 998 999
5690 2 2 200 11 2486 2485 2487
5691 2 2 200 11 1594 4292 4391
5692 2 2 200 11 1633 1631 4324
5693 2 2 200 11 2224 2223 2225
5694 2 2 200 11 1314 1313 1315
5695 2 2 200 11 3294 3293 3295
5696 2 2 200 11 2735 2732 2736
5697 2 2 200 11 2484 2483 2485
5698 2 2 200 11 1877 1902 3069
5699 2 2 200 11 959 961 962
5700 2 2 200 11 1093 1092 1094
5701 2 2 200 11 2811 2810 2812
5702 2 2 200 11 1756 2569 4369
5703 2 2 200 11 1634 2427 4398
5704 2 2 200 11 1312 1311 1313
5705 2 2 200 11 1033 1505 4342
5706 2 2 200 11 1428 1429 1430
5707 2 2 200 11 2584 2225 2585
5708 2 2 200 11 2039 1726 4397
5709 2 2 200 11 3292 3291 3293
5710 2 2 200 11 2482 2481 2483
5711 2 2 200 11 1434 1435 1436
5712 2 2 200 11 2187 2188 2189
5713 2 2 200 11 1875 1901 3068
5714 2 2 200 11 1091 1090 1092
5715 2 2 200 11 3290 3289 3291
5716 2 2 200 11 1310 1309 1311
5717 2 2 200 11 2596 2595 2597
5718 2 2 200 11 2731 2730 2732
5719 2 2 200 11 1206 1207 1208
5720 2 2 200 11 2579 1761 4367
5721 2 2 200 11 2480 2479 2481
5722 2 2 200 11 1089 1088 1090
5723 2 2 200 11 4243 1653 4354
5724 2 2 200 11 1668 1666 4351
5725 2 2 200 11 1845 1617 4344
5726 2 2 200 11 3288 3287 3289
5727 2 2 200 11 1424 1425 1426
5728 2 2 200 11 1603 4161 4401
5729 2 2 200 11 2478 2477 2479
5730 2 2 200 11 2809 2808 2810
5731 2 2 200 11 1308 1307 1309
5732 2 2 200 11 2098 2884 4389
5733 2 2 200 11 2008 1725 4401
5734 2 2 200 11 1881 1903 3070
5735 2 2 200 11 1197 4062 4643
5736 2 2 200 11 2729 2728 2730
5737 2 2 200 11 2032 2186 2187
5738 2 2 200 11 2598 2597 2599
5739 2 2 200 11 2807 2806 2808
5740 2 2 200 11 1087 1086 1088
5741 2 2 200 11 1208 1209 1210
5742 2 2 200 11 1306 1305 1307
5743 2 2 200 11 2727 2721 2728
5744 2 2 200 11 3973 3972 3974
5745 2 2 200 11 2805 2804 2806
5746 2 2 200 11 3286 3285 3287
5747 2 2 200 11 2476 2475 2477
5748 2 2 200 11 1202 1203 1204
5749 2 2 200 11 2720 2719 2721
5750 2 2 200 11 1531 4590 4622
5751 2 2 200 11 2803 2802 2804
5752 2 2 200 11 991 992 993
5753 2 2 200 11 1085 1084 1086
5754 2 2 200 11 1418 1419 1420
5755 2 2 200 11 4222 3007 4308
5756 2 2 200 11 2718 2717 2719
5757 2 2 200 11 1304 1303 1305
5758 2 2 200 11 1947 1695 1948
5759 2 2 200 11 1083 1082 1084
5760 2 2 200 11 3284 3283 3285
5761 2 2 200 11 1917 1693 1918
5762 2 2 200 11 1652 1731 2673
5763 2 2 200 11 2448 2446 2449
5764 2 2 200 11 2801 2800 2802
5765 2 2 200 11 2474 2473 2475
5766 2 2 200 11 3252 2839 3253
5767 2 2 200 11 1302 1301 1303
5768 2 2 200 11 1624 1853 4403
5769 2 2 200 11 1198 1199 1200
5770 2 2 200 11 2923 2687 3098
5771 2 2 200 11 3282 3281 3283
5772 2 2 200 11 2034 2150 2151
5773 2 2 200 11 2151 2166 2167
5774 2 2 200 11 2472 2471 2473
5775 2 2 200 11 964 965 4334
5776 2 2 200 11 2716 2711 2717
5777 2 2 200 11 993 994 995
5778 2 2 200 11 2588 2587 2589
5779 2 2 200 11 1081 1080 1082
5780 2 2 200 11 2028 1728 3091
5781 2 2 200 11 1722 1723 4985
5782 2 2 200 11 3280 3279 3281
5783 2 2 200 11 1300 1299 1301
5784 2 2 200 11 2799 2798 2800
5785 2 2 200 11 1838 2431 4321
5786 2 2 200 11 2470 2469 2471
5787 2 2 200 11 1673 1718 2672
5788 2 2 200 11 1276 1274 1277
5789 2 2 200 11 3278 3277 3279
5790 2 2 200 11 1414 1415 1416
5791 2 2 200 11 1964 1963 2026
5792 2 2 200 11 1420 1421 1422
5793 2 2 200 11 1836 1838 4321
5794 2 2 200 11 1079 1078 1080
5795 2 2 200 11 1298 1297 1299
5796 2 2 200 11 2468 2467 2469
5797 2 2 200 11 1194 1195 1196
5798 2 2 200 11 3276 3275 3277
5799 2 2 200 11 1055 1053 1056
5800 2 2 200 11 2710 2709 2711
5801 2 2 200 11 2274 2273 2275
5802 2 2 200 11 3393 3143 4527
5803 2 2 200 11 1077 1076 1078
5804 2 2 200 11 1190 1191 1192
5805 2 2 200 11 1563 1508 4347
5806 2 2 200 11 2205 2204 2206
5807 2 2 200 11 2287 2286 2288
5808 2 2 200 11 2785 2784 2798
5809 2 2 200 11 2466 2465 2467
5810 2 2 200 11 3274 3273 3275
5811 2 2 200 11 1296 1295 1297
5812 2 2 200 11 1605 4198 4408
5813 2 2 200 11 3481 2549 4254
5814 2 2 200 11 3005 1971 4378
5815 2 2 200 11 2590 2589 2591
5816 2 2 200 11 2708 2707 2709
5817 2 2 200 11 1075 1074 1076
5818 2 2 200 11 2620 2621 3771
5819 2 2 200 11 1406 1407 1408
5820 2 2 200 11 2422 2094 2423
5821 2 2 200 11 1842 3003 4379
5822 2 2 200 11 2783 2782 2784
5823 2 2 200 11 2283 2282 2284
5824 2 2 200 11 2464 2463 2465
5825 2 2 200 11 1186 1187 1188
5826 2 2 200 11 3197 2152 3199
5827 2 2 200 11 1980 1710 4408
5828 2 2 200 11 2706 2698 2707
5829 2 2 200 11 2548 2546 2550
5830 2 2 200 11 1294 1293 1295
5831 2 2 200 11 987 988 989
5832 2 2 200 11 2781 2780 2782
5833 2 2 200 11 1584 2530 4352
5834 2 2 200 11 3272 3271 3273
5835 2 2 200 11 1809 1704 1810
5836 2 2 200 11 2697 2696 2698
5837 2 2 200 11 1073 1072 1074
5838 2 2 200 11 2680 2936 3095
5839 2 2 200 11 1670 1707 2665
5840 2 2 200 11 2583 2615 2616
5841 2 2 200 11 1292 1291 1293
5842 2 2 200 11 1730 2031 2032
5843 2 2 200 11 2695 2694 2696
5844 2 2 200 11 1709 1672 4357
5845 2 2 200 11 1982 1848 2545
5846 2 2 200 11 1683 1681 2682
5847 2 2 200 11 2691 2690 2780
5848 2 2 200 11 3270 3269 3271
5849 2 2 200 11 2462 2461 2463
5850 2 2 200 11 1071 1070 1072
5851 2 2 200 11 1402 1403 1404
5852 2 2 200 11 1182 1183 1184
5853 2 2 200 11 2611 2610 2612
5854 2 2 200 11 4102 4669 4679
5855 2 2 200 11 1408 1409 1410
5856 2 2 200 11 3061 3059 3062
5857 2 2 200 11 1966 3824 4326
5858 2 2 200 11 2460 2459 2461
5859 2 2 200 11 1290 1289 1291
5860 2 2 200 11 1069 1068 1070
5861 2 2 200 11 1834 1966 4326
5862 2 2 200 11 2196 2580 2581
5863 2 2 200 11 1043 1041 1044
5864 2 2 200 11 3771 3772 3891
5865 2 2 200 11 3268 3267 3269
5866 2 2 200 11 2693 2679 2694
5867 2 2 200 11 2458 2457 2459
5868 2 2 200 11 1262 1260 1263
5869 2 2 200 11 2689 2671 2690
5870 2 2 200 11 1178 1179 1180
5871 2 2 200 11 2121 1668 4351
5872 2 2 200 11 1865 2213 2993
5873 2 2 200 11 3266 3265 3267
5874 2 2 200 11 1604 4298 4404
5875 2 2 200 11 2439 2441 4327
5876 2 2 200 11 1067 1066 1068
5877 2 2 200 11 1288 1287 1289
5878 2 2 200 11 2456 2455 2457
5879 2 2 200 11 2260 2553 2554
5880 2 2 200 11 2790 3381 3383
5881 2 2 200 11 2605 2055 2606
5882 2 2 200 11 1729 2033 2034
5883 2 2 200 11 3264 3263 3265
5884 2 2 200 11 1751 1721 1752
5885 2 2 200 11 2678 2677 2679
5886 2 2 200 11 1395 1397 1398
5887 2 2 200 11 2433 1834 4326
5888 2 2 200 11 2670 2669 2671
5889 2 2 200 11 2454 2453 2455
5890 2 2 200 11 1830 1832 4329
5891 2 2 200 11 2931 3360 3390
5892 2 2 200 11 1065 1064 1066
5893 2 2 200 11 2441 2573 4327
5894 2 2 200 11 1286 1285 1287
5895 2 2 200 11 1174 1175 1176
5896 2 2 200 11 2633 2612 2634
5897 2 2 200 11 1618 1645 1706
5898 2 2 200 11 4603 4284 4640
5899 2 2 200 11 1614 4253 4392
5900 2 2 200 11 2090 1782 2687
5901 2 2 200 11 2683 2684 4374
5902 2 2 200 11 1586 1700 4355
5903 2 2 200 11 2159 1804 2160
5904 2 2 200 11 1832 2433 4329
5905 2 2 200 11 2668 2667 2669
5906 2 2 200 11 3055 2835 3056
5907 2 2 200 11 2452 2451 2453
5908 2 2 200 11 1284 1283 1285
5909 2 2 200 11 2443 4113 4464
5910 2 2 200 11 2676 2675 2677
5911 2 2 200 11 983 984 985
5912 2 2 200 11 2279 1988 2280
5913 2 2 200 11 1793 2000 2683
5914 2 2 200 11 1743 1589 2124
5915 2 2 200 11 1063 1062 1064
5916 2 2 200 11 2666 2647 2667
5917 2 2 200 11 1391 1392 1393
5918 2 2 200 11 2450 2449 2451
5919 2 2 200 11 1254 1252 1255
5920 2 2 200 11 1387 1388 1389
5921 2 2 200 11 1282 1281 1283
5922 2 2 200 11 3006 2099 3007
5923 2 2 200 11 2646 2645 2647
5924 2 2 200 11 1987 1778 1988
5925 2 2 200 11 2674 2653 2675
5926 2 2 200 11 1033 1031 1034
5927 2 2 200 11 1952 1716 4392
5928 2 2 200 11 1061 1060 1062
5929 2 2 200 11 1280 1279 1281
5930 2 2 200 11 2652 2651 2653
5931 2 2 200 11 2002 1740 2107
5932 2 2 200 11 3258 3257 3259
5933 2 2 200 11 2644 2643 2645
5934 2 2 200 11 1278 1277 1279
5935 2 2 200 11 2089 2088 2174
5936 2 2 200 11 2144 2108 2526
5937 2 2 200 11 1588 1590 2664
5938 2 2 200 11 3254 3253 3255
5939 2 2 200 11 1059 1058 1060
5940 2 2 200 11 1882 1665 4361
5941 2 2 200 11 3256 3255 3257
5942 2 2 200 11 2976 3806 4382
5943 2 2 200 11 3262 3261 3263
5944 2 2 200 11 2762 2844 3864
5945 2 2 200 11 1057 1056 1058
5946 2 2 200 11 1787 2114 2680
5947 2 2 200 11 3017 2703 4376
5948 2 2 200 11 2650 2649 2651
5949 2 2 200 11 2138 1916 4350
5950 2 2 200 11 1168 1169 1170
5951 2 2 200 11 2544 2758 2759
5952 2 2 200 11 2533 2536 2999
5953 2 2 200 11 1567 1499 4476
5954 2 2 200 11 2935 2176 4260
5955 2 2 200 11 2564 2565 2942
5956 2 2 200 11 2172 2603 2604
5957 2 2 200 11 4221 3007 4222
5958 2 2 200 11 1027 1025 1028
5959 2 2 200 11 1381 1382 1383
5960 2 2 200 11 1019 1021 4453
5961 2 2 200 11 1876 1664 4364
5962 2 2 200 11 1579 1694 4360
5963 2 2 200 11 2957 2180 4258
5964 2 2 200 11 2057 1733 4307
5965 2 2 200 11 1162 1163 1164
5966 2 2 200 11 1246 1244 1247
5967 2 2 200 11 1799 1765 2110
5968 2 2 200 11 2562 2563 2564
5969 2 2 200 11 3071 1892 4424
5970 2 2 200 11 2410 2411 2850
5971 2 2 200 11 1775 1668 2121
5972 2 2 200 11 2551 2550 3852
5973 2 2 200 11 2684 2930 2931
5974 2 2 200 11 979 980 981
5975 2 2 200 11 2642 2080 2643
5976 2 2 200 11 2163 2122 3088
5977 2 2 200 11 3007 4277 4308
5978 2 2 200 11 4646 3036 4666
5979 2 2 200 11 1573 1504 4481
5980 2 2 200 11 2014 2788 3107
5981 2 2 200 11 2045 2046 2047
5982 2 2 200 11 1582 1601 4365
5983 2 2 200 11 1272 1271 1273
5984 2 2 200 11 1824 1781 2112
5985 2 2 200 11 1462 1460 1463
5986 2 2 200 11 1773 2025 2126
5987 2 2 200 11 1727 2016 2017
5988 2 2 200 11 1377 1378 1379
5989 2 2 200 11 2239 1978 2240
5990 2 2 200 11 1158 1159 1160
5991 2 2 200 11 1240 1238 1241
5992 2 2 200 11 1051 1050 1052
5993 2 2 200 11 1595 1401 4356
5994 2 2 200 11 1886 3072 4362
5995 2 2 200 11 3025 1973 3026
5996 2 2 200 11 2560 2561 2562
5997 2 2 200 11 1049 1048 1050
5998 2 2 200 11 1270 1269 1271
5999 2 2 200 11 3063 3062 3064
6000 2 2 200 11 2257 2258 2410
6001 2 2 200 11 2648 2005 2649
6002 2 2 200 11 2424 2102 2425
6003 2 2 200 11 955 957 958
6004 2 2 200 11 2539 2537 4314
6005 2 2 200 11 1019 1017 1020
6006 2 2 200 11 1803 1701 1804
6007 2 2 200 11 1662 1792 1793
6008 2 2 200 11 1727 2017 4349
6009 2 2 200 11 1900 2158 3001
6010 2 2 200 11 1047 1046 1048
6011 2 2 200 11 1268 1267 1269
6012 2 2 200 11 4439 2625 4521
6013 2 2 200 11 2714 2656 2733
6014 2 2 200 11 1045 1044 1046
6015 2 2 200 11 2062 2063 2257
6016 2 2 200 11 2427 3851 4398
6017 2 2 200 11 2580 2039 4397
6018 2 2 200 11 1754 1623 4285
6019 2 2 200 11 1883 2013 2014
6020 2 2 200 11 2558 2559 2560
6021 2 2 200 11 2431 2432 4345
6022 2 2 200 11 1264 1263 1265
6023 2 2 200 11 1777 1671 1778
6024 2 2 200 11 1782 1683 4415
6025 2 2 200 11 1454 1452 1455
6026 2 2 200 11 1877 3069 4377
6027 2 2 200 11 1266 1265 1267
6028 2 2 200 11 2531 2529 4316
6029 2 2 200 11 1232 1234 4461
6030 2 2 200 11 2060 2061 2062
6031 2 2 200 11 2087 2086 2088
6032 2 2 200 11 1682 1727 4349
6033 2 2 200 11 2122 1709 4357
6034 2 2 200 11 1629 1627 4489
6035 2 2 200 11 1370 1371 1372
6036 2 2 200 11 1152 1153 1154
6037 2 2 200 11 2556 2557 2558
6038 2 2 200 11 2058 2059 2060
6039 2 2 200 11 2554 2555 2556
6040 2 2 200 11 1583 1596 4369
6041 2 2 200 11 1931 1932 2058
6042 2 2 200 11 1637 1635 4367
6043 2 2 200 11 1232 1230 1233
6044 2 2 200 11 2030 1746 4370
6045 2 2 200 11 2975 2170 4263
6046 2 2 200 11 1029 1032 4375
6047 2 2 200 11 1013 1011 1014
6048 2 2 200 11 2264 3102 3103
6049 2 2 200 11 1536 4176 4701
6050 2 2 200 11 4118 2761 4625
6051 2 2 200 11 2655 2118 2656
6052 2 2 200 11 1907 1908 1931
6053 2 2 200 11 1590 1787 4420
6054 2 2 200 11 2130 2120 3086
6055 2 2 200 11 1448 1446 1449
6056 2 2 200 11 3072 1884 4423
6057 2 2 200 11 4269 2438 4640
6058 2 2 200 11 1946 4384 4859
6059 2 2 200 11 1146 1147 1148
6060 2 2 200 11 3815 2008 4401
6061 2 2 200 11 4188 4187 4669
6062 2 2 200 11 3057 3056 3058
6063 2 2 200 11 3076 2115 4425
6064 2 2 200 11 1784 1633 4324
6065 2 2 200 11 1697 4244 4427
6066 2 2 200 11 1364 1365 1366
6067 2 2 200 11 2093 1930 2109
6068 2 2 200 11 3142 2198 3143
6069 2 2 200 11 977 978 979
6070 2 2 200 11 1975 1709 2122
6071 2 2 200 11 2096 1767 2574
6072 2 2 200 11 1946 1972 4384
6073 2 2 200 11 2178 1795 4427
6074 2 2 200 11 3362 3089 3363
6075 2 2 200 11 1444 1442 1445
6076 2 2 200 11 2105 2990 3847
6077 2 2 200 11 2131 2119 3084
6078 2 2 200 11 1789 1906 1907
6079 2 2 200 11 1007 1005 1008
6080 2 2 200 11 1256 1255 1257
6081 2 2 200 11 173 174 762
6082 2 2 200 11 162 163 784
6083 2 2 200 11 148 149 781
6084 2 2 200 11 83 84 775
6085 2 2 200 11 240 241 776
6086 2 2 200 11 89 90 765
6087 2 2 200 11 246 247 766
6088 2 2 200 11 50 51 767
6089 2 2 200 11 207 208 768
6090 2 2 200 11 69 70 769
6091 2 2 200 11 226 227 770
6092 2 2 200 11 129 130 782
6093 2 2 200 11 286 287 783
6094 2 2 200 11 194 195 794
6095 2 2 200 11 135 136 785
6096 2 2 200 11 292 293 786
6097 2 2 200 11 102 103 763
6098 2 2 200 11 259 260 764
6099 2 2 200 11 115 116 773
6100 2 2 200 11 272 273 774
6101 2 2 200 11 180 181 793
6102 2 2 200 11 56 57 779
6103 2 2 200 11 213 214 780
6104 2 2 200 11 1464 1463 1465
6105 2 2 200 11 1660 1772 1773
6106 2 2 200 11 1226 1224 1227
6107 2 2 200 11 2197 1945 2198
6108 2 2 200 11 1258 1257 1259
6109 2 2 200 11 1039 1038 1040
6110 2 2 200 11 3391 3143 3392
6111 2 2 200 11 1875 3068 4383
6112 2 2 200 11 3881 1340 4571
6113 2 2 200 11 1977 1719 1978
6114 2 2 200 11 104 105 866
6115 2 2 200 11 261 262 867
6116 2 2 200 11 175 176 865
6117 2 2 200 11 91 92 868
6118 2 2 200 11 248 249 869
6119 2 2 200 11 81 82 870
6120 2 2 200 11 238 239 871
6121 2 2 200 11 182 183 874
6122 2 2 200 11 192 193 875
6123 2 2 200 11 48 49 872
6124 2 2 200 11 205 206 873
6125 2 2 200 11 71 72 885
6126 2 2 200 11 228 229 884
6127 2 2 200 11 150 151 886
6128 2 2 200 11 58 59 888
6129 2 2 200 11 215 216 889
6130 2 2 200 11 160 161 887
6131 2 2 200 11 117 118 876
6132 2 2 200 11 274 275 877
6133 2 2 200 11 137 138 882
6134 2 2 200 11 294 295 883
6135 2 2 200 11 127 128 879
6136 2 2 200 11 284 285 880
6137 2 2 200 11 2190 2191 2259
6138 2 2 200 11 1843 2133 3002
6139 2 2 200 11 1222 1220 1223
6140 2 2 200 11 155 156 789
6141 2 2 200 11 168 169 797
6142 2 2 200 11 76 77 787
6143 2 2 200 11 233 234 788
6144 2 2 200 11 109 110 771
6145 2 2 200 11 266 267 772
6146 2 2 200 11 142 143 777
6147 2 2 200 11 299 300 778
6148 2 2 200 11 122 123 795
6149 2 2 200 11 279 280 796
6150 2 2 200 11 187 188 792
6151 2 2 200 11 63 64 798
6152 2 2 200 11 220 221 799
6153 2 2 200 11 200 201 790
6154 2 2 200 11 43 44 791
6155 2 2 200 11 96 97 800
6156 2 2 200 11 253 254 801
6157 2 2 200 11 1035 1034 1036
6158 2 2 200 11 1037 1036 1038
6159 2 2 200 11 1358 1359 1360
6160 2 2 200 11 3889 3024 4545
6161 2 2 200 11 2117 2020 2118
6162 2 2 200 11 951 953 954
6163 2 2 200 11 1846 2434 4428
6164 2 2 200 11 2884 3811 4389
6165 2 2 200 11 1658 1738 1883
6166 2 2 200 11 1717 1592 4378
6167 2 2 200 11 1853 3006 4403
6168 2 2 200 11 1461 4332 4395
6169 2 2 200 11 1808 1761 2579
6170 2 2 200 11 2401 2400 2834
6171 2 2 200 11 1575 1593 4379
6172 2 2 200 11 2140 2223 2224
6173 2 2 200 11 1140 1141 1142
6174 2 2 200 11 1891 2153 2154
6175 2 2 200 11 2759 2760 2761
6176 2 2 200 11 2684 2931 4374
6177 2 2 200 11 2662 2663 2723
6178 2 2 200 11 2523 2522 2524
6179 2 2 200 11 1250 1249 1251
6180 2 2 200 11 1029 1028 1030
6181 2 2 200 11 1032 4342 4713
6182 2 2 200 11 1558 1866 4426
6183 2 2 200 11 3024 4453 4545
6184 2 2 200 11 1770 1771 1789
6185 2 2 200 11 53 54 653
6186 2 2 200 11 210 211 654
6187 2 2 200 11 86 87 656
6188 2 2 200 11 243 244 657
6189 2 2 200 11 177 178 660
6190 2 2 200 11 132 133 651
6191 2 2 200 11 289 290 652
6192 2 2 200 11 40 41 666
6193 2 2 200 11 197 198 665
6194 2 2 200 11 66 67 668
6195 2 2 200 11 223 224 667
6196 2 2 200 11 119 120 661
6197 2 2 200 11 276 277 662
6198 2 2 200 11 165 166 655
6199 2 2 200 11 99 100 658
6200 2 2 200 11 256 257 659
6201 2 2 200 11 230 231 670
6202 2 2 200 11 73 74 671
6203 2 2 200 11 60 61 684
6204 2 2 200 11 217 218 683
6205 2 2 200 11 190 191 674
6206 2 2 200 11 145 146 663
6207 2 2 200 11 302 303 664
6208 2 2 200 11 203 204 687
6209 2 2 200 11 46 47 688
6210 2 2 200 11 236 237 679
6211 2 2 200 11 79 80 680
6212 2 2 200 11 184 185 678
6213 2 2 200 11 125 126 685
6214 2 2 200 11 282 283 686
6215 2 2 200 11 112 113 672
6216 2 2 200 11 269 270 673
6217 2 2 200 11 152 153 669
6218 2 2 200 11 93 94 690
6219 2 2 200 11 250 251 691
6220 2 2 200 11 106 107 675
6221 2 2 200 11 263 264 676
6222 2 2 200 11 158 159 677
6223 2 2 200 11 139 140 681
6224 2 2 200 11 296 297 682
6225 2 2 200 11 171 2 689
6226 2 2 200 11 1458 1457 1459
6227 2 2 200 11 1216 1214 1217
6228 2 2 200 11 1438 1436 1439
6229 2 2 200 11 1756 2101 2569
6230 2 2 200 11 1904 1882 2120
6231 2 2 200 11 2572 1638 4270
6232 2 2 200 11 2399 2398 2400
6233 2 2 200 11 3010 2097 3011
6234 2 2 200 11 1248 1247 1249
6235 2 2 200 11 2111 2110 2992
6236 2 2 200 11 1889 1890 1891
6237 2 2 200 11 1001 999 1002
6238 2 2 200 11 3886 2604 4529
6239 2 2 200 11 3453 2848 3454
6240 2 2 200 11 2120 1882 4361
6241 2 2 200 11 3494 3492 3495
6242 2 2 200 11 1349 1350 1351
6243 2 2 200 11 2262 2622 2623
6244 2 2 200 11 1432 1430 1433
6245 2 2 200 11 2162 2161 2398
6246 2 2 200 11 1212 1210 1213
6247 2 2 200 11 1968 1876 2119
6248 2 2 200 11 2725 2169 2742
6249 2 2 200 11 3234 3085 3235
6250 2 2 200 11 4650 3038 4670
6251 2 2 200 11 2137 2138 2190
6252 2 2 200 11 1132 1133 1134
6253 2 2 200 11 962 961 963
6254 2 2 200 11 997 995 998
6255 2 2 200 11 1881 3070 4388
6256 2 2 200 11 2023 1897 2024
6257 2 2 200 11 1242 1241 1243
6258 2 2 200 11 2637 2524 2638
6259 2 2 200 11 1428 1426 1429
6260 2 2 200 11 1128 1129 1130
6261 2 2 200 11 1896 1895 1897
6262 2 2 200 11 2599 2601 2602
6263 2 2 200 11 3816 2112 3895
6264 2 2 200 11 1021 1020 1022
6265 2 2 200 11 1473 1471 1532
6266 2 2 200 11 1023 1022 1024
6267 2 2 200 11 2700 1802 3104
6268 2 2 200 11 2119 1876 4364
6269 2 2 200 11 2040 1734 3082
6270 2 2 200 11 1943 1878 1945
6271 2 2 200 11 2603 1980 4408
6272 2 2 200 11 1206 1204 1207
6273 2 2 200 11 2658 2660 2662
6274 2 2 200 11 1842 2103 3003
6275 2 2 200 11 2230 1952 3016
6276 2 2 200 11 2044 2043 2161
6277 2 2 200 11 1424 1422 1425
6278 2 2 200 11 1456 1455 1457
6279 2 2 200 11 1341 1342 1343
6280 2 2 200 11 2593 2595 2596
6281 2 2 200 11 2227 1971 3005
6282 2 2 200 11 1202 1200 1203
6283 2 2 200 11 1769 1805 1806
6284 2 2 200 11 2847 2030 2848
6285 2 2 200 11 1854 1993 4382
6286 2 2 200 11 1236 1235 1237
6287 2 2 200 11 1806 2182 2183
6288 2 2 200 11 2688 2821 2822
6289 2 2 200 11 2042 1736 3080
6290 2 2 200 11 1726 1600 4397
6291 2 2 200 11 1632 1634 4398
6292 2 2 200 11 2822 2849 2905
6293 2 2 200 11 1015 1014 1016
6294 2 2 200 11 1885 1887 1889
6295 2 2 200 11 2702 2041 2722
6296 2 2 200 11 1438 1440 4497
6297 2 2 200 11 2685 4261 4582
6298 2 2 200 11 1418 1416 1419
6299 2 2 200 11 1234 1233 1235
6300 2 2 200 11 991 989 992
6301 2 2 200 11 1414 1412 1415
6302 2 2 200 11 1716 1614 4392
6303 2 2 200 11 2661 2715 2740
6304 2 2 200 11 1522 4174 4702
6305 2 2 200 11 2290 2587 2588
6306 2 2 200 11 1198 1196 1199
6307 2 2 200 11 1450 1449 1451
6308 2 2 200 11 2505 2509 2748
6309 2 2 200 11 1725 1603 4401
6310 2 2 200 11 3316 3327 3328
6311 2 2 200 11 2012 2204 2205
6312 2 2 200 11 2206 2273 2274
6313 2 2 200 11 2686 4262 4584
6314 2 2 200 11 2124 1589 4515
6315 2 2 200 11 3997 2567 4246
6316 2 2 200 11 2584 2585 3825
6317 2 2 200 11 2778 2123 2779
6318 2 2 200 11 1894 1535 1895
6319 2 2 200 11 1194 1192 1195
6320 2 2 200 11 3177 2779 3178
6321 2 2 200 11 2620 2618 2621
6322 2 2 200 11 1622 1624 4403
6323 2 2 200 11 973 974 975
6324 2 2 200 11 1654 1768 1769
6325 2 2 200 11 3812 2574 3813
6326 2 2 200 11 3243 3178 3463
6327 2 2 200 11 1228 1227 1229
6328 2 2 200 11 1915 2136 2688
6329 2 2 200 11 1996 1997 2263
6330 2 2 200 11 2164 2165 2886
6331 2 2 200 11 1009 1008 1010
6332 2 2 200 11 1652 2673 4393
6333 2 2 200 11 3016 1952 4392
6334 2 2 200 11 2848 2030 4370
6335 2 2 200 11 1190 1188 1191
6336 2 2 200 11 1406 1404 1407
6337 2 2 200 11 2608 2610 2611
6338 2 2 200 11 1873 1679 4394
6339 2 2 200 11 2224 2225 2584
6340 2 2 200 11 1402 1400 1403
6341 2 2 200 11 2097 2098 4389
6342 2 2 200 11 2583 2581 2615
6343 2 2 200 11 2196 2039 2580
6344 2 2 200 11 1994 1995 1996
6345 2 2 200 11 1949 1950 2164
6346 2 2 200 11 1186 1184 1187
6347 2 2 200 11 2284 2286 2287
6348 2 2 200 11 1182 1180 1183
6349 2 2 200 11 2019 1748 2123
6350 2 2 200 11 1440 1439 1441
6351 2 2 200 11 2427 3841 3851
6352 2 2 200 11 1870 1678 4399
6353 2 2 200 11 987 985 988
6354 2 2 200 11 1710 1605 4408
6355 2 2 200 11 1274 1273 4346
6356 2 2 200 11 1852 2055 2605
6357 2 2 200 11 1003 1002 1004
6358 2 2 200 11 2280 2282 2283
6359 2 2 200 11 1947 1948 1949
6360 2 2 200 11 1917 1918 1994
6361 2 2 200 11 4336 1835 4463
6362 2 2 200 11 1053 1052 4348
6363 2 2 200 11 1853 2099 3006
6364 2 2 200 11 3814 2008 3815
6365 2 2 200 11 1599 1759 2125
6366 2 2 200 11 1174 1172 1175
6367 2 2 200 11 983 981 984
6368 2 2 200 11 1178 1176 1179
6369 2 2 200 11 1218 1217 1219
6370 2 2 200 11 1673 2672 4396
6371 2 2 200 11 3869 2057 4307
6372 2 2 200 11 2642 2644 4573
6373 2 2 200 11 1131 1132 4368
6374 2 2 200 11 1434 1433 1435
6375 2 2 200 11 2790 3383 4467
6376 2 2 200 11 1395 1393 1397
6377 2 2 200 11 2797 2160 4323
6378 2 2 200 11 1387 1385 1388
6379 2 2 200 11 2172 1980 2603
6380 2 2 200 11 2189 2188 2902
6381 2 2 200 11 1391 1389 1392
6382 2 2 200 11 2976 3800 3806
6383 2 2 200 11 1991 1873 1992
6384 2 2 200 11 1208 1207 1209
6385 2 2 200 11 4261 1657 4432
6386 2 2 200 11 2078 1870 2079
6387 2 2 200 11 4262 1659 4434
6388 2 2 200 11 1168 1166 1169
6389 2 2 200 11 1597 1599 4380
6390 2 2 200 11 2648 2650 4574
6391 2 2 200 11 2596 2597 2598
6392 2 2 200 11 1857 2982 2983
6393 2 2 200 11 2187 2186 2188
6394 2 2 200 11 1252 1251 4359
6395 2 2 200 11 2575 2539 4314
6396 2 2 200 11 1031 1030 4363
6397 2 2 200 11 1706 1712 1946
6398 2 2 200 11 1263 1260 4430
6399 2 2 200 11 3062 3059 4433
6400 2 2 200 11 1809 1810 2152
6401 2 2 200 11 4652 2113 4664
6402 2 2 200 11 1381 1379 1382
6403 2 2 200 11 2577 2531 4316
6404 2 2 200 11 1162 1160 1163
6405 2 2 200 11 1244 1243 4372
6406 2 2 200 11 1377 1374 1378
6407 2 2 200 11 3842 2987 4371
6408 2 2 200 11 2151 2150 2166
6409 2 2 200 11 1420 1419 1421
6410 2 2 200 11 2167 2166 3179
6411 2 2 200 11 993 992 994
6412 2 2 200 11 1158 1156 1159
6413 2 2 200 11 1017 1016 4377
6414 2 2 200 11 2032 2031 2186
6415 2 2 200 11 2274 2275 2627
6416 2 2 200 11 1972 1712 1973
6417 2 2 200 11 1452 1451 4383
6418 2 2 200 11 2884 2972 3811
6419 2 2 200 11 1972 2201 2243
6420 2 2 200 11 2034 2033 2150
6421 2 2 200 11 1972 2243 4384
6422 2 2 200 11 1370 1368 1371
6423 2 2 200 11 1230 1229 4388
6424 2 2 200 11 1152 1150 1153
6425 2 2 200 11 2588 2589 2590
6426 2 2 200 11 3771 2621 3772
6427 2 2 200 11 1676 4275 4418
6428 2 2 200 11 3056 2835 4436
6429 2 2 200 11 1556 1558 4426
6430 2 2 200 11 3891 3772 3892
6431 2 2 200 11 4209 4325 4616
6432 2 2 200 11 2590 2591 2869
6433 2 2 200 11 4462 3032 4548
6434 2 2 200 11 1220 1219 4396
6435 2 2 200 11 1146 1144 1147
6436 2 2 200 11 4275 2681 4578
6437 2 2 200 11 1795 1697 4427
6438 2 2 200 11 1442 1441 4393
6439 2 2 200 11 2432 2518 4345
6440 2 2 200 11 1364 1362 1365
6441 2 2 200 11 2616 2615 2994
6442 2 2 200 11 1273 1869 4346
6443 2 2 200 11 2287 2288 2291
6444 2 2 200 11 1844 1846 4428
6445 2 2 200 11 4293 1829 4462
6446 2 2 200 11 1410 1409 1588
6447 2 2 200 11 1618 2744 4456
6448 2 2 200 11 2611 2612 2633
6449 2 2 200 11 4626 3053 4647
6450 2 2 200 11 3095 2936 3448
6451 2 2 200 11 1408 1407 1409
6452 2 2 200 11 2520 2522 2523
6453 2 2 200 11 1210 1209 4407
6454 2 2 200 11 2633 2634 3791
6455 2 2 200 11 967 968 969
6456 2 2 200 11 2605 2606 2995
6457 2 2 200 11 4293 4462 4548
6458 2 2 200 11 1358 1355 1359
6459 2 2 200 11 1866 2097 3010
6460 2 2 200 11 2262 2178 2622
6461 2 2 200 11 2201 1973 3025
6462 2 2 200 11 1140 1138 1141
6463 2 2 200 11 2622 2178 4427
6464 2 2 200 11 2680 2114 2936
6465 2 2 200 11 1426 1425 4335
6466 2 2 200 11 1052 1872 4348
6467 2 2 200 11 1667 4278 4419
6468 2 2 200 11 1028 1025 4437
6469 2 2 200 11 3011 2097 4389
6470 2 2 200 11 1349 1347 1350
6471 2 2 200 11 2434 3790 3865
6472 2 2 200 11 1422 1421 4419
6473 2 2 200 11 995 994 4418
6474 2 2 200 11 1599 2125 4380
6475 2 2 200 11 3006 3007 4221
6476 2 2 200 11 2683 2000 2684
6477 2 2 200 11 2047 2048 2199
6478 2 2 200 11 1749 2117 4523
6479 2 2 200 11 1398 1397 1594
6480 2 2 200 11 1180 1179 4339
6481 2 2 200 11 1132 1130 1133
6482 2 2 200 11 1987 1988 2279
6483 2 2 200 11 1404 1403 4340
6484 2 2 200 11 4338 1661 4441
6485 2 2 200 11 977 975 978
6486 2 2 200 11 2733 4709 4754
6487 2 2 200 11 2931 2930 3360
6488 2 2 200 11 2201 3025 3027
6489 2 2 200 11 2752 2750 3760
6490 2 2 200 11 2434 3865 4428
6491 2 2 200 11 1128 1126 1129
6492 2 2 200 11 3259 3260 3261
6493 2 2 200 11 1463 1460 4431
6494 2 2 200 11 1333 1331 1677
6495 2 2 200 11 1241 1238 4440
6496 2 2 200 11 1499 1019 4453
6497 2 2 200 11 1341 1336 1342
6498 2 2 200 11 1176 1175 4343
6499 2 2 200 11 1793 1792 2000
6500 2 2 200 11 1670 2665 4407
6501 2 2 200 11 1618 950 1645
6502 2 2 200 11 2505 2503 2509
6503 2 2 200 11 1114 1112 1120
6504 2 2 200 11 3316 3314 3327
6505 2 2 200 11 1777 1778 1987
6506 2 2 200 11 2687 1782 4415
6507 2 2 200 11 2604 2603 3856
6508 2 2 200 11 1170 1169 1602
6509 2 2 200 11 2159 2160 2797
6510 2 2 200 11 3312 3308 3318
6511 2 2 200 11 2090 2687 2923
6512 2 2 200 11 2567 1595 4356
6513 2 2 200 11 1329 1327 1498
6514 2 2 200 11 1108 1106 1501
6515 2 2 200 11 2495 2493 2510
6516 2 2 200 11 973 971 974
6517 2 2 200 11 2163 3088 3089
6518 2 2 200 11 1383 1382 1604
6519 2 2 200 11 2239 2240 2896
6520 2 2 200 11 1747 2087 4530
6521 2 2 200 11 1803 1804 2159
6522 2 2 200 11 1164 1163 1641
6523 2 2 200 11 3107 2788 3223
6524 2 2 200 11 1273 1678 1869
6525 2 2 200 11 1866 3010 4426
6526 2 2 200 11 3301 3299 3319
6527 2 2 200 11 2126 2025 2251
6528 2 2 200 11 1052 1679 1872
6529 2 2 200 11 3762 2509 3763
6530 2 2 200 11 1323 1321 1513
6531 2 2 200 11 1975 2122 2163
6532 2 2 200 11 1992 1873 4394
6533 2 2 200 11 1014 1011 4443
6534 2 2 200 11 1102 1100 1516
6535 2 2 200 11 2489 2487 2511
6536 2 2 200 11 2923 3098 3418
6537 2 2 200 11 2014 2013 2788
6538 2 2 200 11 2102 1754 4358
6539 2 2 200 11 1773 1772 2025
6540 2 2 200 11 1504 1232 4461
6541 2 2 200 11 3295 3293 3320
6542 2 2 200 11 1977 1978 2239
6543 2 2 200 11 2079 1870 4399
6544 2 2 200 11 3362 3363 3446
6545 2 2 200 11 2483 2481 2754
6546 2 2 200 11 2577 4316 4337
6547 2 2 200 11 1317 1315 1520
6548 2 2 200 11 4278 4054 4576
6549 2 2 200 11 2017 2016 2181
6550 2 2 200 11 1883 1738 2013
6551 2 2 200 11 1787 2680 4420
6552 2 2 200 11 2816 2814 2846
6553 2 2 200 11 2733 3205 3206
6554 2 2 200 11 1372 1371 1607
6555 2 2 200 11 1449 1446 4446
6556 2 2 200 11 2479 2477 2745
6557 2 2 200 11 1096 1094 1529
6558 2 2 200 11 3289 3287 3321
6559 2 2 200 11 1154 1153 1608
6560 2 2 200 11 3064 3065 3188
6561 2 2 200 11 1869 1870 1871
6562 2 2 200 11 1946 1712 1972
6563 2 2 200 11 4297 1990 4501
6564 2 2 200 11 2130 3086 3087
6565 2 2 200 11 1871 2078 2080
6566 2 2 200 11 1872 1873 1874
6567 2 2 200 11 2523 2637 3078
6568 2 2 200 11 1008 1005 4445
6569 2 2 200 11 981 980 4444
6570 2 2 200 11 1148 1147 1644
6571 2 2 200 11 1090 1088 1540
6572 2 2 200 11 1366 1365 1643
6573 2 2 200 11 2475 2473 2512
6574 2 2 200 11 2738 2736 2891
6575 2 2 200 11 3283 3281 3326
6576 2 2 200 11 1311 1309 1537
6577 2 2 200 11 1259 1541 1680
6578 2 2 200 11 2131 3084 3085
6579 2 2 200 11 1506 1342 2692
6580 2 2 200 11 1874 1991 2005
6581 2 2 200 11 2197 2198 3142
6582 2 2 200 11 1904 2120 2130
6583 2 2 200 11 2449 2446 4464
6584 2 2 200 11 3142 3143 3391
6585 2 2 200 11 1968 2119 2131
6586 2 2 200 11 1503 1350 1892
6587 2 2 200 11 1972 1973 2201
6588 2 2 200 11 1227 1224 4448
6589 2 2 200 11 3279 3277 3325
6590 2 2 200 11 1305 1303 1547
6591 2 2 200 11 2469 2467 2513
6592 2 2 200 11 1260 1259 4430
6593 2 2 200 11 2523 2524 2637
6594 2 2 200 11 1360 1359 1610
6595 2 2 200 11 2903 2902 4455
6596 2 2 200 11 1930 1784 4366
6597 2 2 200 11 1597 4380 4412
6598 2 2 200 11 2730 2728 2927
6599 2 2 200 11 2778 3177 3419
6600 2 2 200 11 2810 2808 2962
6601 2 2 200 11 3275 3273 3322
6602 2 2 200 11 1439 1436 4442
6603 2 2 200 11 1084 1082 1546
6604 2 2 200 11 1500 1133 1653
6605 2 2 200 11 2804 2802 3187
6606 2 2 200 11 1142 1141 1612
6607 2 2 200 11 2682 1681 4460
6608 2 2 200 11 2623 2622 3013
6609 2 2 200 11 3234 3235 3461
6610 2 2 200 11 2463 2461 2724
6611 2 2 200 11 3391 3392 3408
6612 2 2 200 11 1706 1645 1712
6613 2 2 200 11 1612 1141 2115
6614 2 2 200 11 1891 1890 2153
6615 2 2 200 11 1277 1274 4346
6616 2 2 200 11 2040 3082 3083
6617 2 2 200 11 1078 1076 1545
6618 2 2 200 11 3059 3058 4433
6619 2 2 200 11 2637 2638 3801
6620 2 2 200 11 3269 3267 3323
6621 2 2 200 11 2182 1805 2824
6622 2 2 200 11 2224 2584 3032
6623 2 2 200 11 1610 1359 1884
6624 2 2 200 11 2992 3024 3889
6625 2 2 200 11 1056 1053 4348
6626 2 2 200 11 1299 1297 1549
6627 2 2 200 11 2723 2663 2861
6628 2 2 200 11 1251 1535 1893
6629 2 2 200 11 2719 2717 2934
6630 2 2 200 11 2662 2660 2663
6631 2 2 200 11 2835 2834 4436
6632 2 2 200 11 1943 1945 2197
6633 2 2 200 11 2459 2457 2701
6634 2 2 200 11 1460 1459 4431
6635 2 2 200 11 2834 3388 3414
6636 2 2 200 11 1351 1350 1503
6637 2 2 200 11 1680 1748 1749
6638 2 2 200 11 1030 3031 4219
6639 2 2 200 11 1644 1147 2639
6640 2 2 200 11 2451 2449 3023
6641 2 2 200 11 965 966 967
6642 2 2 200 11 1894 1896 1898
6643 2 2 200 11 1889 1887 1890
6644 2 2 200 11 2455 2453 2514
6645 2 2 200 11 1025 1024 4437
6646 2 2 200 11 2042 3080 3081
6647 2 2 200 11 1293 1291 1548
6648 2 2 200 11 3259 3257 3260
6649 2 2 200 11 1749 2019 2020
6650 2 2 200 11 1134 1133 1500
6651 2 2 200 11 1217 1214 4449
6652 2 2 200 11 2023 2024 2921
6653 2 2 200 11 1896 1897 2023
6654 2 2 200 11 1913 1892 1914
6655 2 2 200 11 1643 1365 3040
6656 2 2 200 11 3263 3261 3324
6657 2 2 200 11 1072 1070 1533
6658 2 2 200 11 2798 2784 3231
6659 2 2 200 11 1238 1237 4440
6660 2 2 200 11 2023 2921 2925
6661 2 2 200 11 1287 1285 1536
6662 2 2 200 11 2709 2707 2918
6663 2 2 200 11 1608 1153 2641
6664 2 2 200 11 1243 2636 3067
6665 2 2 200 11 1002 999 4450
6666 2 2 200 11 3852 2550 3853
6667 2 2 200 11 2780 2690 3236
6668 2 2 200 11 2847 2848 3453
6669 2 2 200 11 2153 1890 2254
6670 2 2 200 11 1024 1527 1647
6671 2 2 200 11 1607 1371 2699
6672 2 2 200 11 1066 1064 1522
6673 2 2 200 11 1255 1252 4359
6674 2 2 200 11 2696 2694 2885
6675 2 2 200 11 2594 2989 4809
6676 2 2 200 11 1654 1653 1655
6677 2 2 200 11 1160 1159 4432
6678 2 2 200 11 1130 1129 4354
6679 2 2 200 11 1407 1404 4340
6680 2 2 200 11 1183 1180 4339
6681 2 2 200 11 1894 1895 1896
6682 2 2 200 11 1455 1452 4383
6683 2 2 200 11 1768 1655 1770
6684 2 2 200 11 2446 2443 4464
6685 2 2 200 11 1769 1768 1805
6686 2 2 200 11 1034 1031 4363
6687 2 2 200 11 1915 1914 1916
6688 2 2 200 11 1379 1378 4434
6689 2 2 200 11 2274 2627 3066
6690 2 2 200 11 1459 1539 1649
6691 2 2 200 11 1020 1017 4377
6692 2 2 200 11 3328 3327 3333
6693 2 2 200 11 1343 1342 1506
6694 2 2 200 11 1806 1805 2182
6695 2 2 200 11 1247 1244 4372
6696 2 2 200 11 979 978 980
6697 2 2 200 11 1829 2140 4462
6698 2 2 200 11 1011 1010 4443
6699 2 2 200 11 2611 2633 3073
6700 2 2 200 11 2136 1916 2137
6701 2 2 200 11 1251 1893 4359
6702 2 2 200 11 1281 1279 1518
6703 2 2 200 11 2861 2663 3485
6704 2 2 200 11 2847 3453 3455
6705 2 2 200 11 1465 1463 3030
6706 2 2 200 11 3772 2621 3773
6707 2 2 200 11 2669 2667 3125
6708 2 2 200 11 1016 1650 1877
6709 2 2 200 11 1446 1445 4446
6710 2 2 200 11 2822 2821 2849
6711 2 2 200 11 1060 1058 1525
6712 2 2 200 11 2994 2615 4251
6713 2 2 200 11 1233 1230 4388
6714 2 2 200 11 1445 1442 4393
6715 2 2 200 11 1436 1435 4442
6716 2 2 200 11 2748 2509 3762
6717 2 2 200 11 1213 1210 4407
6718 2 2 200 11 2116 2115 3075
6719 2 2 200 11 2688 2136 2821
6720 2 2 200 11 4003 3094 4783
6721 2 2 200 11 1223 1220 4396
6722 2 2 200 11 2992 2110 3024
6723 2 2 200 11 2905 2849 3372
6724 2 2 200 11 2722 2827 3341
6725 2 2 200 11 1641 1163 1657
6726 2 2 200 11 2677 2675 2786
6727 2 2 200 11 1429 1426 4335
6728 2 2 200 11 2131 3085 3233
6729 2 2 200 11 1393 1392 4441
6730 2 2 200 11 1224 1223 4448
6731 2 2 200 11 1005 1004 4445
6732 2 2 200 11 1737 2044 4526
6733 2 2 200 11 1604 1382 1659
6734 2 2 200 11 1237 1528 1648
6735 2 2 200 11 1602 1169 3037
6736 2 2 200 11 1451 1664 1875
6737 2 2 200 11 1712 1645 4400
6738 2 2 200 11 2645 2643 2856
6739 2 2 200 11 1887 1886 1888
6740 2 2 200 11 1273 1271 1678
6741 2 2 200 11 3174 2740 3346
6742 2 2 200 11 1885 1884 1886
6743 2 2 200 11 2640 2639 2657
6744 2 2 200 11 2778 2779 3177
6745 2 2 200 11 1052 1050 1679
6746 2 2 200 11 3895 2112 3896
6747 2 2 200 11 2651 2649 3181
6748 2 2 200 11 1214 1213 4449
6749 2 2 200 11 2788 2013 2789
6750 2 2 200 11 998 995 4418
6751 2 2 200 11 1265 1263 3028
6752 2 2 200 11 2130 3087 3109
6753 2 2 200 11 1647 1736 1737
6754 2 2 200 11 2197 3142 3144
6755 2 2 200 11 2019 2123 2778
6756 2 2 200 11 1048 1046 1517
6757 2 2 200 11 2564 2942 3165
6758 2 2 200 11 4292 2713 4575
6759 2 2 200 11 999 998 4450
6760 2 2 200 11 2251 2025 2654
6761 2 2 200 11 1269 1267 1531
6762 2 2 200 11 1737 2042 2043
6763 2 2 200 11 1179 1176 4343
6764 2 2 200 11 1229 1665 1881
6765 2 2 200 11 4351 1666 4447
6766 2 2 200 11 3177 3178 3243
6767 2 2 200 11 3813 2574 3909
6768 2 2 200 11 1416 1415 4447
6769 2 2 200 11 1204 1203 4496
6770 2 2 200 11 1030 4219 4363
6771 2 2 200 11 2169 2167 4373
6772 2 2 200 11 2163 3089 3251
6773 2 2 200 11 2925 3376 3512
6774 2 2 200 11 2658 2657 2659
6775 2 2 200 11 2554 2556 3196
6776 2 2 200 11 1594 1397 1661
6777 2 2 200 11 1649 1746 1747
6778 2 2 200 11 2239 2896 3337
6779 2 2 200 11 1425 1422 4419
6780 2 2 200 11 3064 3062 3065
6781 2 2 200 11 1259 1257 1541
6782 2 2 200 11 1030 1028 3031
6783 2 2 200 11 1747 2030 2086
6784 2 2 200 11 1648 1734 1735
6785 2 2 200 11 1735 2040 2041
6786 2 2 200 11 1931 2058 2156
6787 2 2 200 11 2857 2254 3398
6788 2 2 200 11 2733 2656 3205
6789 2 2 200 11 1038 1036 1521
6790 2 2 200 11 2558 2560 2859
6791 2 2 200 11 1888 1886 4362
6792 2 2 200 11 2062 2257 2825
6793 2 2 200 11 1010 1656 3047
6794 2 2 200 11 2660 2659 2661
6795 2 2 200 11 1243 1241 2636
6796 2 2 200 11 1209 1207 1669
6797 2 2 200 11 1421 1419 1666
6798 2 2 200 11 1441 1651 1652
6799 2 2 200 11 1016 1014 1650
6800 2 2 200 11 1877 1878 1902
6801 2 2 200 11 3058 3056 3420
6802 2 2 200 11 1770 1789 2185
6803 2 2 200 11 1251 1249 1535
6804 2 2 200 11 2928 2263 3379
6805 2 2 200 11 1588 1409 1589
6806 2 2 200 11 1441 1439 1651
6807 2 2 200 11 1451 1449 1664
6808 2 2 200 11 1987 2279 2790
6809 2 2 200 11 1419 1416 4447
6810 2 2 200 11 1024 1022 1527
6811 2 2 200 11 1875 1876 1901
6812 2 2 200 11 1229 1227 1665
6813 2 2 200 11 1219 1217 1672
6814 2 2 200 11 1004 1674 2635
6815 2 2 200 11 1435 1433 1663
6816 2 2 200 11 2137 2190 2292
6817 2 2 200 11 1004 1002 1674
6818 2 2 200 11 2684 2000 2929
6819 2 2 200 11 2834 2400 3388
6820 2 2 200 11 2118 2020 2236
6821 2 2 200 11 4304 1850 4402
6822 2 2 200 11 2936 2114 2937
6823 2 2 200 11 1219 1672 1673
6824 2 2 200 11 1237 1235 1528
6825 2 2 200 11 2588 2590 3342
6826 2 2 200 11 1902 1943 1944
6827 2 2 200 11 1010 1008 1656
6828 2 2 200 11 1996 2263 2928
6829 2 2 200 11 1901 1968 1969
6830 2 2 200 11 2161 2043 2864
6831 2 2 200 11 1881 1882 1903
6832 2 2 200 11 1917 1994 2234
6833 2 2 200 11 1765 1567 4476
6834 2 2 200 11 1947 1949 2893
6835 2 2 200 11 1435 1663 3043
6836 2 2 200 11 1518 4498 4573
6837 2 2 200 11 2661 2740 3174
6838 2 2 200 11 1459 1457 1539
6839 2 2 200 11 1627 1438 4497
6840 2 2 200 11 2722 2041 2827
6841 2 2 200 11 1903 1904 1905
6842 2 2 200 11 3179 2166 3180
6843 2 2 200 11 2164 2886 2887
6844 2 2 200 11 1809 2152 2202
6845 2 2 200 11 1412 1410 4381
6846 2 2 200 11 2287 2291 3502
6847 2 2 200 11 1658 1657 1695
6848 2 2 200 11 1660 1659 1693
6849 2 2 200 11 1781 1573 4481
6850 2 2 200 11 1738 1695 1947
6851 2 2 200 11 2596 2598 3173
6852 2 2 200 11 1772 1693 1917
6853 2 2 200 11 1209 1669 1670
6854 2 2 200 11 1735 2702 4531
6855 2 2 200 11 989 988 4452
6856 2 2 200 11 965 963 966
6857 2 2 200 11 3028 4430 4523
6858 2 2 200 11 3384 2961 4662
6859 2 2 200 11 994 992 1675
6860 2 2 200 11 2635 3051 3052
6861 2 2 200 11 1652 1719 1731
6862 2 2 200 11 992 989 4452
6863 2 2 200 11 4177 1669 4496
6864 2 2 200 11 2202 2152 3197
6865 2 2 200 11 2618 2616 4387
6866 2 2 200 11 1421 1666 1667
6867 2 2 200 11 1673 1709 1718
6868 2 2 200 11 2902 2188 3352
6869 2 2 200 11 4288 1675 4452
6870 2 2 200 11 1731 1977 2077
6871 2 2 200 11 1786 2700 4502
6872 2 2 200 11 2425 2102 4358
6873 2 2 200 11 1718 1975 1976
6874 2 2 200 11 1243 3067 4372
6875 2 2 200 11 1912 2128 2129
6876 2 2 200 11 3421 2654 3422
6877 2 2 200 11 2902 3352 3433
6878 2 2 200 11 1767 1629 4489
6879 2 2 200 11 3173 2598 3385
6880 2 2 200 11 2186 2031 2828
6881 2 2 200 11 2167 3179 4373
6882 2 2 200 11 3026 1973 4400
6883 2 2 200 11 1662 1661 1704
6884 2 2 200 11 2174 3344 3345
6885 2 2 200 11 1397 1393 4441
6886 2 2 200 11 1792 1704 1809
6887 2 2 200 11 2606 2608 4390
6888 2 2 200 11 1883 2014 4451
6889 2 2 200 11 1670 1671 1707
6890 2 2 200 11 1588 1589 1590
6891 2 2 200 11 994 1675 1676
6892 2 2 200 11 1754 4285 4358
6893 2 2 200 11 1707 1777 1985
6894 2 2 200 11 1667 1668 1729
6895 2 2 200 11 1729 1775 2033
6896 2 2 200 11 4385 2243 4386
6897 2 2 200 11 2790 3380 3381
6898 2 2 200 11 980 978 1681
6899 2 2 200 11 2159 2797 2913
6900 2 2 200 11 1590 1589 1743
6901 2 2 200 11 1787 1743 2081
6902 2 2 200 11 2291 4492 4540
6903 2 2 200 11 1644 2639 2640
6904 2 2 200 11 3502 2291 3503
6905 2 2 200 11 1503 1892 1913
6906 2 2 200 11 1990 2012 4501
6907 2 2 200 11 1594 1661 1662
6908 2 2 200 11 1525 4500 4574
6909 2 2 200 11 2288 2290 4492
6910 2 2 200 11 1389 1388 4505
6911 2 2 200 11 1667 1666 1668
6912 2 2 200 11 2790 2279 3380
6913 2 2 200 11 2684 2929 2930
6914 2 2 200 11 1872 1679 1873
6915 2 2 200 11 1869 1678 1870
6916 2 2 200 11 1400 1398 4391
6917 2 2 200 11 1590 1743 1787
6918 2 2 200 11 1608 2641 3053
6919 2 2 200 11 1612 2115 2116
6920 2 2 200 11 1787 2081 2114
6921 2 2 200 11 2591 2593 4494
6922 2 2 200 11 1163 1160 4432
6923 2 2 200 11 1641 1657 1658
6924 2 2 200 11 1730 1803 2031
6925 2 2 200 11 1604 1659 1660
6926 2 2 200 11 309 310 3767
6927 2 2 200 11 3028 1263 4430
6928 2 2 200 11 1016 1877 4377
6929 2 2 200 11 1680 1541 1748
6930 2 2 200 11 1506 2692 4023
6931 2 2 200 11 1676 1701 1730
6932 2 2 200 11 1341 1344 4571
6933 2 2 200 11 1382 1379 4434
6934 2 2 200 11 1673 1672 1709
6935 2 2 200 11 1670 1669 1671
6936 2 2 200 11 1652 1651 1719
6937 2 2 200 11 1610 1884 1885
6938 2 2 200 11 1729 1668 1775
6939 2 2 200 11 1875 1664 1876
6940 2 2 200 11 3251 3089 3362
6941 2 2 200 11 1500 1653 1654
6942 2 2 200 11 2033 1775 2037
6943 2 2 200 11 4246 2567 4356
6944 2 2 200 11 3047 1656 3048
6945 2 2 200 11 1850 1852 4402
6946 2 2 200 11 4761 3077 4771
6947 2 2 200 11 3065 3062 4433
6948 2 2 200 11 1874 1873 1991
6949 2 2 200 11 1881 1665 1882
6950 2 2 200 11 1877 1650 1878
6951 2 2 200 11 2251 2654 3421
6952 2 2 200 11 2005 1991 2142
6953 2 2 200 11 2153 2254 2857
6954 2 2 200 11 1871 1870 2078
6955 2 2 200 11 2635 1674 3051
6956 2 2 200 11 1647 1527 1736
6957 2 2 200 11 1662 1704 1792
6958 2 2 200 11 2640 2657 2658
6959 2 2 200 11 1913 1914 1915
6960 2 2 200 11 3026 4603 4640
6961 2 2 200 11 1410 1588 4381
6962 2 2 200 11 1658 1695 1738
6963 2 2 200 11 2110 1765 4476
6964 2 2 200 11 2202 3197 3198
6965 2 2 200 11 2109 1930 4366
6966 2 2 200 11 1718 1709 1975
6967 2 2 200 11 2080 2078 2892
6968 2 2 200 11 1660 1693 1772
6969 2 2 200 11 3206 3205 3397
6970 2 2 200 11 1654 1655 1768
6971 2 2 200 11 1707 1671 1777
6972 2 2 200 11 3233 3085 3234
6973 2 2 200 11 1731 1719 1977
6974 2 2 200 11 1893 1535 1894
6975 2 2 200 11 2182 2824 2851
6976 2 2 200 11 1749 1748 2019
6977 2 2 200 11 2925 2921 3376
6978 2 2 200 11 4357 1672 4449
6979 2 2 200 11 1879 1909 3074
6980 2 2 200 11 958 957 959
6981 2 2 200 11 2658 2659 2660
6982 2 2 200 11 1915 1916 2136
6983 2 2 200 11 4313 1855 4409
6984 2 2 200 11 1901 1876 1968
6985 2 2 200 11 3188 3065 3370
6986 2 2 200 11 1451 1875 4383
6987 2 2 200 11 1648 1528 1734
6988 2 2 200 11 1895 1535 4509
6989 2 2 200 11 1903 1882 1904
6990 2 2 200 11 1737 1736 2042
6991 2 2 200 11 2928 3379 3424
6992 2 2 200 11 1682 4349 4444
6993 2 2 200 11 2857 3398 3417
6994 2 2 200 11 1885 1886 1887
6995 2 2 200 11 1735 1734 2040
6996 2 2 200 11 3174 3346 3443
6997 2 2 200 11 3341 2827 3364
6998 2 2 200 11 954 953 955
6999 2 2 200 11 2869 2591 4494
7000 2 2 200 11 1392 1389 4505
7001 2 2 200 11 2112 1781 4481
7002 2 2 200 11 2616 2994 4387
7003 2 2 200 11 2522 2521 4568
7004 2 2 200 11 1784 4324 4366
7005 2 2 200 11 1902 1878 1943
7006 2 2 200 11 1649 1539 1746
7007 2 2 200 11 1166 1164 4405
7008 2 2 200 11 1747 1746 2030
7009 2 2 200 11 2086 2030 2847
7010 2 2 200 11 4384 2243 4385
7011 2 2 200 11 1676 1675 1701
7012 2 2 200 11 3420 3056 4436
7013 2 2 200 11 984 981 4444
7014 2 2 200 11 1385 1383 4404
7015 2 2 200 11 975 974 4460
7016 2 2 200 11 2291 2288 4492
7017 2 2 200 11 1855 1857 4409
7018 2 2 200 11 4322 1541 4506
7019 2 2 200 11 2546 2545 4534
7020 2 2 200 11 1730 1701 1803
7021 2 2 200 11 1229 1881 4388
7022 2 2 200 11 2140 2224 4462
7023 2 2 200 11 2995 2606 4390
7024 2 2 200 11 951 954 4469
7025 2 2 200 11 1374 1372 4406
7026 2 2 200 11 1469 1466 4594
7027 2 2 200 11 3030 1463 4431
7028 2 2 200 11 1133 1130 4354
7029 2 2 200 11 1368 1366 4411
7030 2 2 200 11 4237 2541 4546
7031 2 2 200 11 2950 1827 4690
7032 2 2 200 11 2987 2575 4416
7033 2 2 200 11 2107 4097 4591
7034 2 2 200 11 1144 1142 4413
7035 2 2 200 11 980 1681 1682
7036 2 2 200 11 1150 1148 4414
7037 2 2 200 11 2174 2088 3344
7038 2 2 200 11 2090 2923 2924
7039 2 2 200 11 3031 1028 4437
7040 2 2 200 11 1156 1154 4410
7041 2 2 200 11 1398 1594 4391
7042 2 2 200 11 1682 1681 1683
7043 2 2 200 11 4361 1665 4448
7044 2 2 200 11 1346 1524 4514
7045 2 2 200 11 4196 4194 4628
7046 2 2 200 11 1362 1360 4417
7047 2 2 200 11 2580 4287 4556
7048 2 2 200 11 2742 2169 4373
7049 2 2 200 11 4463 4104 4581
7050 2 2 200 11 1441 1652 4393
7051 2 2 200 11 1187 1184 4520
7052 2 2 200 11 2574 1767 4489
7053 2 2 200 11 2604 3856 4529
7054 2 2 200 11 969 968 1597
7055 2 2 200 11 4364 1664 4446
7056 2 2 200 11 2636 1241 4440
7057 2 2 200 11 1219 1673 4396
7058 2 2 200 11 2518 2520 4422
7059 2 2 200 11 1355 1353 4423
7060 2 2 200 11 4430 1680 4523
7061 2 2 200 11 1347 1345 4424
7062 2 2 200 11 1138 1136 4425
7063 2 2 200 11 988 985 4519
7064 2 2 200 11 1727 1782 2016
7065 2 2 200 11 1682 1683 1727
7066 2 2 200 11 971 969 4412
7067 2 2 200 11 1177 1178 4615
7068 2 2 200 11 1727 1683 1782
7069 2 2 200 11 1164 1641 4405
7070 2 2 200 11 1383 1604 4404
7071 2 2 200 11 2016 1782 2090
7072 2 2 200 11 1973 1712 4400
7073 2 2 200 11 1650 1014 4443
7074 2 2 200 11 1192 1191 4536
7075 2 2 200 11 1336 1333 4429
7076 2 2 200 11 1191 1188 4522
7077 2 2 200 11 2503 2501 4435
7078 2 2 200 11 1415 1412 4381
7079 2 2 200 11 4101 4102 4612
7080 2 2 200 11 978 975 4460
7081 2 2 200 11 3030 4431 4530
7082 2 2 200 11 3888 4539 4554
7083 2 2 200 11 985 984 4519
7084 2 2 200 11 3023 2449 4464
7085 2 2 200 11 1664 1449 4446
7086 2 2 200 11 2621 2618 4387
7087 2 2 200 11 4298 2628 4579
7088 2 2 200 11 2593 2596 4494
7089 2 2 200 11 1597 968 1598
7090 2 2 200 11 1372 1607 4406
7091 2 2 200 11 1656 1008 4445
7092 2 2 200 11 2166 2150 4465
7093 2 2 200 11 1184 1183 4520
7094 2 2 200 11 1209 1670 4407
7095 2 2 200 11 1665 1227 4448
7096 2 2 200 11 3031 4437 4526
7097 2 2 200 11 1154 1608 4410
7098 2 2 200 11 2290 2588 4492
7099 2 2 200 11 1200 1199 4542
7100 2 2 200 11 1651 1439 4442
7101 2 2 200 11 1366 1643 4411
7102 2 2 200 11 963 961 4421
7103 2 2 200 11 1148 1644 4414
7104 2 2 200 11 2608 2611 4390
7105 2 2 200 11 4394 1679 4472
7106 2 2 200 11 2632 2175 4328
7107 2 2 200 11 4386 2243 4438
7108 2 2 200 11 2625 2623 4521
7109 2 2 200 11 2201 3027 4438
7110 2 2 200 11 1142 1612 4413
7111 2 2 200 11 4399 1678 4474
7112 2 2 200 11 1196 1195 4543
7113 2 2 200 11 1360 1610 4417
7114 2 2 200 11 2643 2080 4458
7115 2 2 200 11 2154 2153 4485
7116 2 2 200 11 3899 3888 4554
7117 2 2 200 11 1672 1217 4449
7118 2 2 200 11 1421 1667 4419
7119 2 2 200 11 1403 1400 4391
7120 2 2 200 11 2243 2201 4438
7121 2 2 200 11 1674 1002 4450
7122 2 2 200 11 2694 2679 4459
7123 2 2 200 11 2012 2205 4501
7124 2 2 200 11 1259 1680 4430
7125 2 2 200 11 33 34 3770
7126 2 2 200 11 1207 1204 4496
7127 2 2 200 11 994 1676 4418
7128 2 2 200 11 1852 2605 4402
7129 2 2 200 11 4207 4208 4698
7130 2 2 200 11 967 966 968
7131 2 2 200 11 1666 1419 4447
7132 2 2 200 11 2834 3414 4436
7133 2 2 200 11 1599 1598 1728
7134 2 2 200 11 2623 3013 4521
7135 2 2 200 11 1841 4249 4563
7136 2 2 200 11 2155 2872 2873
7137 2 2 200 11 1388 1385 4404
7138 2 2 200 11 1169 1166 4405
7139 2 2 200 11 2636 4440 4531
7140 2 2 200 11 1879 960 1880
7141 2 2 200 11 1459 1649 4431
7142 2 2 200 11 1857 2983 4409
7143 2 2 200 11 1024 1647 4437
7144 2 2 200 11 2541 2544 4546
7145 2 2 200 11 2029 2953 2954
7146 2 2 200 11 1188 1187 4522
7147 2 2 200 11 1759 1728 2028
7148 2 2 200 11 1237 1648 4440
7149 2 2 200 11 4498 4318 4573
7150 2 2 200 11 955 956 957
7151 2 2 200 11 1378 1374 4406
7152 2 2 200 11 4405 1641 4547
7153 2 2 200 11 1661 1397 4441
7154 2 2 200 11 1991 1992 4477
7155 2 2 200 11 2629 4288 4587
7156 2 2 200 11 1675 992 4452
7157 2 2 200 11 4371 2987 4416
7158 2 2 200 11 4437 1647 4526
7159 2 2 200 11 2029 2028 2953
7160 2 2 200 11 1159 1156 4410
7161 2 2 200 11 1657 1163 4432
7162 2 2 200 11 1371 1368 4411
7163 2 2 200 11 1338 3994 4691
7164 2 2 200 11 1597 1598 1599
7165 2 2 200 11 1659 1382 4434
7166 2 2 200 11 2088 2086 4487
7167 2 2 200 11 1147 1144 4413
7168 2 2 200 11 1153 1150 4414
7169 2 2 200 11 959 960 961
7170 2 2 200 11 980 1682 4444
7171 2 2 200 11 1599 1728 1759
7172 2 2 200 11 1010 3047 4443
7173 2 2 200 11 1889 1891 4513
7174 2 2 200 11 1759 2028 2029
7175 2 2 200 11 945 947 948
7176 2 2 200 11 3836 3227 3837
7177 2 2 200 11 3219 2961 3384
7178 2 2 200 11 2847 3455 4487
7179 2 2 200 11 2240 1978 4517
7180 2 2 200 11 4431 1649 4530
7181 2 2 200 11 1365 1362 4417
7182 2 2 200 11 1653 1133 4354
7183 2 2 200 11 2575 4314 4416
7184 2 2 200 11 3024 2110 4476
7185 2 2 200 11 3888 3815 4539
7186 2 2 200 11 1004 2635 4445
7187 2 2 200 11 1518 4190 4620
7188 2 2 200 11 1435 3043 4442
7189 2 2 200 11 3896 2112 4481
7190 2 2 200 11 2520 2523 4422
7191 2 2 200 11 2902 3433 4455
7192 2 2 200 11 4500 4320 4574
7193 2 2 200 11 2224 3032 4462
7194 2 2 200 11 1359 1355 4423
7195 2 2 200 11 1350 1347 4424
7196 2 2 200 11 1141 1138 4425
7197 2 2 200 11 4113 4095 4525
7198 2 2 200 11 2094 1841 4563
7199 2 2 200 11 2199 2200 3160
7200 2 2 200 11 4345 2518 4422
7201 2 2 200 11 1909 1880 1910
7202 2 2 200 11 1050 1048 4472
7203 2 2 200 11 1271 1269 4474
7204 2 2 200 11 2230 3016 4541
7205 2 2 200 11 1879 3074 4421
7206 2 2 200 11 4440 1648 4531
7207 2 2 200 11 2080 2892 4458
7208 2 2 200 11 2560 2562 4479
7209 2 2 200 11 2257 2410 4480
7210 2 2 200 11 1333 1677 4429
7211 2 2 200 11 1279 1277 4498
7212 2 2 200 11 969 1597 4412
7213 2 2 200 11 1342 1336 4429
7214 2 2 200 11 2509 2503 4435
7215 2 2 200 11 2581 2580 4556
7216 2 2 200 11 1058 1056 4500
7217 2 2 200 11 2556 2558 4486
7218 2 2 200 11 1598 4586 4611
7219 2 2 200 11 3909 2574 4489
7220 2 2 200 11 4492 3342 4540
7221 2 2 200 11 1658 1883 4547
7222 2 2 200 11 4414 1644 4550
7223 2 2 200 11 3051 4624 4645
7224 2 2 200 11 4346 4318 4498
7225 2 2 200 11 1525 4189 4623
7226 2 2 200 11 3763 2509 4435
7227 2 2 200 11 4590 4252 4622
7228 2 2 200 11 2705 2632 3343
7229 2 2 200 11 4389 3811 4511
7230 2 2 200 11 4108 4627 4665
7231 2 2 200 11 1645 950 4469
7232 2 2 200 11 2640 4311 4550
7233 2 2 200 11 2523 3078 4422
7234 2 2 200 11 4417 1610 4552
7235 2 2 200 11 3815 4401 4539
7236 2 2 200 11 2086 2847 4487
7237 2 2 200 11 3773 2621 4387
7238 2 2 200 11 4513 2630 4537
7239 2 2 200 11 4413 1612 4551
7240 2 2 200 11 2611 3073 4390
7241 2 2 200 11 4348 4320 4500
7242 2 2 200 11 961 960 1879
7243 2 2 200 11 3180 2166 4465
7244 2 2 200 11 4043 4044 4733
7245 2 2 200 11 1892 1350 4424
7246 2 2 200 11 2586 2998 4759
7247 2 2 200 11 2692 1342 4429
7248 2 2 200 11 2639 1147 4413
7249 2 2 200 11 3029 4585 4594
7250 2 2 200 11 1978 1719 4557
7251 2 2 200 11 974 971 4412
7252 2 2 200 11 955 953 956
7253 2 2 200 11 1884 1359 4423
7254 2 2 200 11 2641 1153 4414
7255 2 2 200 11 2596 3173 4494
7256 2 2 200 11 2115 1141 4425
7257 2 2 200 11 2856 2643 4458
7258 2 2 200 11 2699 1371 4411
7259 2 2 200 11 3040 1365 4417
7260 2 2 200 11 2588 3342 4492
7261 2 2 200 11 1681 978 4460
7262 2 2 200 11 2715 2659 4588
7263 2 2 200 11 1770 2185 4493
7264 2 2 200 11 3037 1169 4405
7265 2 2 200 11 2885 2694 4459
7266 2 2 200 11 2236 2020 4499
7267 2 2 200 11 1768 1770 4493
7268 2 2 200 11 2864 2043 4490
7269 2 2 200 11 4400 1645 4469
7270 2 2 200 11 1917 2234 4471
7271 2 2 200 11 1257 1255 4506
7272 2 2 200 11 2020 2019 4499
7273 2 2 200 11 1947 2893 4475
7274 2 2 200 11 1887 1888 4488
7275 2 2 200 11 2661 3174 4491
7276 2 2 200 11 1809 2202 4466
7277 2 2 200 11 2043 2042 4490
7278 2 2 200 11 1772 1917 4471
7279 2 2 200 11 1669 1207 4496
7280 2 2 200 11 1738 1947 4475
7281 2 2 200 11 1777 1987 4467
7282 2 2 200 11 2000 1792 4466
7283 2 2 200 11 1976 1975 4470
7284 2 2 200 11 1792 1809 4466
7285 2 2 200 11 2660 2661 4491
7286 2 2 200 11 1969 1968 4483
7287 2 2 200 11 1985 1777 4467
7288 2 2 200 11 2077 1977 4473
7289 2 2 200 11 1905 1904 4482
7290 2 2 200 11 1994 1996 4503
7291 2 2 200 11 2973 2230 4541
7292 2 2 200 11 1885 1889 4552
7293 2 2 200 11 2824 1805 4493
7294 2 2 200 11 1945 1878 4561
7295 2 2 200 11 2778 3419 4499
7296 2 2 200 11 1975 2163 4470
7297 2 2 200 11 1879 1880 1909
7298 2 2 200 11 1944 1943 4495
7299 2 2 200 11 2415 2416 2417
7300 2 2 200 11 959 957 960
7301 2 2 200 11 1249 1247 4509
7302 2 2 200 11 1769 1806 4630
7303 2 2 200 11 2025 1772 4471
7304 2 2 200 11 1977 2239 4473
7305 2 2 200 11 2655 2714 4622
7306 2 2 200 11 2013 1738 4475
7307 2 2 200 11 2828 2031 4478
7308 2 2 200 11 2153 2857 4485
7309 2 2 200 11 2198 1945 4598
7310 2 2 200 11 2254 1890 4488
7311 2 2 200 11 961 1879 4421
7312 2 2 200 11 1911 1910 1912
7313 2 2 200 11 1471 1469 4585
7314 2 2 200 11 957 956 4468
7315 2 2 200 11 3485 2663 4491
7316 2 2 200 11 2142 1991 4477
7317 2 2 200 11 1679 1050 4472
7318 2 2 200 11 2031 1803 4478
7319 2 2 200 11 1678 1271 4474
7320 2 2 200 11 2131 3233 4483
7321 2 2 200 11 2789 2013 4475
7322 2 2 200 11 1048 1517 4472
7323 2 2 200 11 1269 1531 4474
7324 2 2 200 11 1968 2131 4483
7325 2 2 200 11 2654 2025 4471
7326 2 2 200 11 1904 2130 4482
7327 2 2 200 11 2163 3251 4470
7328 2 2 200 11 1518 1279 4498
7329 2 2 200 11 1803 2159 4478
7330 2 2 200 11 2130 3109 4482
7331 2 2 200 11 1525 1058 4500
7332 2 2 200 11 2239 3337 4473
7333 2 2 200 11 1987 2790 4467
7334 2 2 200 11 2197 3144 4495
7335 2 2 200 11 4473 3606 5155
7336 2 2 200 11 2042 3081 4490
7337 2 2 200 11 2663 2660 4491
7338 2 2 200 11 1898 1896 4508
7339 2 2 200 11 1890 1887 4488
7340 2 2 200 11 2859 2560 4479
7341 2 2 200 11 950 949 951
7342 2 2 200 11 2929 2000 4466
7343 2 2 200 11 3196 2556 4486
7344 2 2 200 11 2825 2257 4480
7345 2 2 200 11 1805 1768 4493
7346 2 2 200 11 2558 2859 4486
7347 2 2 200 11 3344 2088 4487
7348 2 2 200 11 1897 1895 4589
7349 2 2 200 11 1277 4346 4498
7350 2 2 200 11 1943 2197 4495
7351 2 2 200 11 2023 2925 4508
7352 2 2 200 11 1056 4348 4500
7353 2 2 200 11 2188 2186 4507
7354 2 2 200 11 4401 4161 4539
7355 2 2 200 11 954 4284 4603
7356 2 2 200 11 2019 2778 4499
7357 2 2 200 11 950 951 4469
7358 2 2 200 11 1195 1192 4536
7359 2 2 200 11 2234 1994 4503
7360 2 2 200 11 951 952 953
7361 2 2 200 11 4558 1503 4604
7362 2 2 200 11 1541 1257 4506
7363 2 2 200 11 3393 4527 4681
7364 2 2 200 11 1996 2928 4503
7365 2 2 200 11 2788 2789 4510
7366 2 2 200 11 4384 4385 4512
7367 2 2 200 11 2550 2546 4534
7368 2 2 200 11 3143 2198 4527
7369 2 2 200 11 4560 1500 4605
7370 2 2 200 11 1909 1910 1911
7371 2 2 200 11 1343 1506 4555
7372 2 2 200 11 1351 1503 4558
7373 2 2 200 11 1535 1249 4509
7374 2 2 200 11 3037 4405 4547
7375 2 2 200 11 1680 1749 4523
7376 2 2 200 11 1134 1500 4560
7377 2 2 200 11 1255 4359 4506
7378 2 2 200 11 2159 2913 4478
7379 2 2 200 11 1040 3858 4748
7380 2 2 200 11 966 963 4421
7381 2 2 200 11 948 949 950
7382 2 2 200 11 3223 2788 4510
7383 2 2 200 11 2386 2388 2774
7384 2 2 200 11 3811 2972 4553
7385 2 2 200 11 3011 4389 4511
7386 2 2 200 11 1022 1020 4528
7387 2 2 200 11 1896 2023 4508
7388 2 2 200 11 4047 4177 4607
7389 2 2 200 11 4045 4046 4683
7390 2 2 200 11 1247 4372 4509
7391 2 2 200 11 2186 2828 4507
7392 2 2 200 11 2108 2107 4591
7393 2 2 200 11 3352 2188 4507
7394 2 2 200 11 4408 4198 4538
7395 2 2 200 11 1589 1409 4515
7396 2 2 200 11 1457 1455 4533
7397 2 2 200 11 4303 3032 4629
7398 2 2 200 11 1203 1200 4542
7399 2 2 200 11 1409 1407 4515
7400 2 2 200 11 1911 1912 2219
7401 2 2 200 11 1199 1196 4543
7402 2 2 200 11 4311 2741 4621
7403 2 2 200 11 4555 1506 4606
7404 2 2 200 11 1407 4340 4515
7405 2 2 200 11 3853 2550 4534
7406 2 2 200 11 1527 1022 4528
7407 2 2 200 11 3104 1802 4454
7408 2 2 200 11 937 940 1580
7409 2 2 200 11 1539 1457 4533
7410 2 2 200 11 1235 1233 4535
7411 2 2 200 11 3452 1490 4887
7412 2 2 200 11 1020 4377 4528
7413 2 2 200 11 1455 4383 4533
7414 2 2 200 11 3071 4424 4555
7415 2 2 200 11 2641 4414 4550
7416 2 2 200 11 1528 1235 4535
7417 2 2 200 11 4330 2205 4593
7418 2 2 200 11 1685 935 2712
7419 2 2 200 11 2949 917 3470
7420 2 2 200 11 1663 4656 4696
7421 2 2 200 11 1233 4388 4535
7422 2 2 200 11 2639 4413 4551
7423 2 2 200 11 3040 4417 4552
7424 2 2 200 11 3072 4423 4558
7425 2 2 200 11 951 949 952
7426 2 2 200 11 3076 4425 4560
7427 2 2 200 11 4453 1021 4545
7428 2 2 200 11 3091 1728 4611
7429 2 2 200 11 1647 1737 4526
7430 2 2 200 11 2081 4693 4722
7431 2 2 200 11 3028 4252 4590
7432 2 2 200 11 2191 2138 4632
7433 2 2 200 11 4251 4556 4615
7434 2 2 200 11 2972 3799 4553
7435 2 2 200 11 2155 2873 4454
7436 2 2 200 11 4669 3324 4679
7437 2 2 200 11 3804 2973 4562
7438 2 2 200 11 2205 2206 4593
7439 2 2 200 11 3015 4402 4613
7440 2 2 200 11 4586 3074 4611
7441 2 2 200 11 1649 1747 4530
7442 2 2 200 11 1648 1735 4531
7443 2 2 200 11 2544 2759 4546
7444 2 2 200 11 2027 2255 2256
7445 2 2 200 11 4377 3069 4528
7446 2 2 200 11 4209 4616 4649
7447 2 2 200 11 4427 4244 4532
7448 2 2 200 11 4383 3068 4533
7449 2 2 200 11 4251 2615 4556
7450 2 2 200 11 1806 2183 4544
7451 2 2 200 11 1786 1801 1802
7452 2 2 200 11 4424 1345 4555
7453 2 2 200 11 4423 1353 4558
7454 2 2 200 11 1345 1343 4555
7455 2 2 200 11 4425 1136 4560
7456 2 2 200 11 4093 4293 4548
7457 2 2 200 11 4388 3070 4535
7458 2 2 200 11 1353 1351 4558
7459 2 2 200 11 1136 1134 4560
7460 2 2 200 11 3503 2291 4540
7461 2 2 200 11 1651 4442 4557
7462 2 2 200 11 2635 3052 4559
7463 2 2 200 11 4090 4403 4569
7464 2 2 200 11 2973 4541 4562
7465 2 2 200 11 1553 3953 4699
7466 2 2 200 11 1521 3867 4715
7467 2 2 200 11 4593 3066 4643
7468 2 2 200 11 2024 1897 4549
7469 2 2 200 11 2688 2822 4678
7470 2 2 200 11 1656 4445 4559
7471 2 2 200 11 2521 3407 4568
7472 2 2 200 11 4575 2713 4619
7473 2 2 200 11 1650 4443 4561
7474 2 2 200 11 4381 2664 4565
7475 2 2 200 11 4446 1445 4564
7476 2 2 200 11 960 957 4468
7477 2 2 200 11 2155 1801 2871
7478 2 2 200 11 4448 1223 4566
7479 2 2 200 11 4442 3043 4557
7480 2 2 200 11 4449 1213 4567
7481 2 2 200 11 4037 3054 4686
7482 2 2 200 11 2776 3115 3124
7483 2 2 200 11 4447 1415 4565
7484 2 2 200 11 4166 1375 4570
7485 2 2 200 11 4370 1746 4608
7486 2 2 200 11 2423 2094 4563
7487 2 2 200 11 2622 4427 4532
7488 2 2 200 11 4445 2635 4559
7489 2 2 200 11 2036 2210 2211
7490 2 2 200 11 4649 1120 4698
7491 2 2 200 11 2603 4408 4538
7492 2 2 200 11 2615 2581 4556
7493 2 2 200 11 3260 3257 4581
7494 2 2 200 11 1654 1769 4605
7495 2 2 200 11 1425 4419 4576
7496 2 2 200 11 4948 45 4949
7497 2 2 200 11 3082 1734 4610
7498 2 2 200 11 3013 2622 4532
7499 2 2 200 11 4443 3047 4561
7500 2 2 200 11 948 947 949
7501 2 2 200 11 1641 1658 4547
7502 2 2 200 11 2657 2639 4551
7503 2 2 200 11 2960 3217 3218
7504 2 2 200 11 3080 1736 4609
7505 2 2 200 11 4551 2116 4588
7506 2 2 200 11 2761 2762 4625
7507 2 2 200 11 4403 3006 4569
7508 2 2 200 11 3856 2603 4538
7509 2 2 200 11 2657 4551 4588
7510 2 2 200 11 2165 1950 4647
7511 2 2 200 11 4654 1985 4685
7512 2 2 200 11 1620 946 1625
7513 2 2 200 11 3088 2122 4633
7514 2 2 200 11 1644 2640 4550
7515 2 2 200 11 998 4418 4578
7516 2 2 200 11 2187 2189 4645
7517 2 2 200 11 1626 1785 1786
7518 2 2 200 11 1612 2116 4551
7519 2 2 200 11 4452 988 4587
7520 2 2 200 11 1580 1686 1705
7521 2 2 200 11 1610 1885 4552
7522 2 2 200 11 1802 1801 2155
7523 2 2 200 11 1723 1557 4699
7524 2 2 200 11 4556 4287 4615
7525 2 2 200 11 1912 2129 4524
7526 2 2 200 11 4432 1159 4582
7527 2 2 200 11 3086 2120 4634
7528 2 2 200 11 4657 4038 4686
7529 2 2 200 11 1552 1744 1745
7530 2 2 200 11 2666 2668 4666
7531 2 2 200 11 4434 1378 4584
7532 2 2 200 11 3218 3217 3227
7533 2 2 200 11 3079 4322 4617
7534 2 2 200 11 3218 3227 3836
7535 2 2 200 11 1719 1651 4557
7536 2 2 200 11 3217 2961 3219
7537 2 2 200 11 3084 2119 4635
7538 2 2 200 11 3048 1656 4559
7539 2 2 200 11 1265 3028 4590
7540 2 2 200 11 1403 4391 4575
7541 2 2 200 11 1531 1267 4590
7542 2 2 200 11 1878 1650 4561
7543 2 2 200 11 4496 1203 4607
7544 2 2 200 11 937 1580 4730
7545 2 2 200 11 2674 2676 4670
7546 2 2 200 11 1880 960 4468
7547 2 2 200 11 1213 4407 4567
7548 2 2 200 11 1445 4393 4564
7549 2 2 200 11 1223 4396 4566
7550 2 2 200 11 2682 4460 4583
7551 2 2 200 11 1528 4535 4610
7552 2 2 200 11 3006 4221 4569
7553 2 2 200 11 1340 1341 4571
7554 2 2 200 11 1626 1625 1698
7555 2 2 200 11 2155 2871 2872
7556 2 2 200 11 2267 2268 3145
7557 2 2 200 11 1539 4533 4608
7558 2 2 200 11 1388 4404 4579
7559 2 2 200 11 2451 3023 4595
7560 2 2 200 11 1527 4528 4609
7561 2 2 200 11 2514 2453 4595
7562 2 2 200 11 1802 2155 4454
7563 2 2 200 11 2822 2905 4705
7564 2 2 200 11 4325 1129 4616
7565 2 2 200 11 2274 3066 4593
7566 2 2 200 11 1687 923 1689
7567 2 2 200 11 4351 4447 4565
7568 2 2 200 11 2759 2761 4572
7569 2 2 200 11 4318 2642 4573
7570 2 2 200 11 4393 2673 4564
7571 2 2 200 11 1598 968 4586
7572 2 2 200 11 1415 4381 4565
7573 2 2 200 11 4357 4449 4567
7574 2 2 200 11 4184 4183 4744
7575 2 2 200 11 4396 2672 4566
7576 2 2 200 11 4364 4446 4564
7577 2 2 200 11 4361 4448 4566
7578 2 2 200 11 2219 1912 4524
7579 2 2 200 11 4320 2648 4574
7580 2 2 200 11 4391 4292 4575
7581 2 2 200 11 3909 1443 4618
7582 2 2 200 11 4658 1976 4688
7583 2 2 200 11 1815 1495 1816
7584 2 2 200 11 1129 1126 4616
7585 2 2 200 11 4203 4787 4794
7586 2 2 200 11 1560 3954 4735
7587 2 2 200 11 1785 1698 1814
7588 2 2 200 11 4404 4298 4579
7589 2 2 200 11 3257 3255 4581
7590 2 2 200 11 2680 3095 4661
7591 2 2 200 11 4578 2681 4624
7592 2 2 200 11 3072 4558 4604
7593 2 2 200 11 2184 3100 3101
7594 2 2 200 11 4407 2665 4567
7595 2 2 200 11 3076 4560 4605
7596 2 2 200 11 4460 974 4583
7597 2 2 200 11 4335 1425 4576
7598 2 2 200 11 2685 4626 4647
7599 2 2 200 11 4546 2759 4572
7600 2 2 200 11 4340 1403 4575
7601 2 2 200 11 1608 3053 4626
7602 2 2 200 11 4660 2077 4689
7603 2 2 200 11 1895 4509 4589
7604 2 2 200 11 4363 4038 4657
7605 2 2 200 11 4202 1501 4778
7606 2 2 200 11 3071 4555 4606
7607 2 2 200 11 941 943 944
7608 2 2 200 11 4526 2044 4577
7609 2 2 200 11 2318 2317 2319
7610 2 2 200 11 2686 4584 4627
7611 2 2 200 11 2685 4582 4626
7612 2 2 200 11 2700 3105 4717
7613 2 2 200 11 3255 4463 4581
7614 2 2 200 11 1915 2688 4637
7615 2 2 200 11 1281 1518 4620
7616 2 2 200 11 4419 4278 4576
7617 2 2 200 11 2184 2127 3100
7618 2 2 200 11 1060 1525 4623
7619 2 2 200 11 1532 1471 4585
7620 2 2 200 11 943 942 4516
7621 2 2 200 11 4450 998 4578
7622 2 2 200 11 4402 2605 4613
7623 2 2 200 11 4261 4432 4582
7624 2 2 200 11 4262 4434 4584
7625 2 2 200 11 4535 3070 4610
7626 2 2 200 11 1786 1785 1801
7627 2 2 200 11 4624 2681 4645
7628 2 2 200 11 4509 4372 4589
7629 2 2 200 11 4505 1388 4579
7630 2 2 200 11 4533 3068 4608
7631 2 2 200 11 4418 4275 4578
7632 2 2 200 11 2009 1724 2127
7633 2 2 200 11 4528 3069 4609
7634 2 2 200 11 3032 2584 4629
7635 2 2 200 11 2703 2725 4696
7636 2 2 200 11 2683 4374 4676
7637 2 2 200 11 3098 2687 4687
7638 2 2 200 11 1267 1265 4590
7639 2 2 200 11 1430 1429 4656
7640 2 2 200 11 988 4519 4587
7641 2 2 200 11 1945 4561 4598
7642 2 2 200 11 966 4421 4586
7643 2 2 200 11 1902 1944 4638
7644 2 2 200 11 1903 1905 4636
7645 2 2 200 11 2526 2108 4591
7646 2 2 200 11 4288 4452 4587
7647 2 2 200 11 1901 1969 4639
7648 2 2 200 11 1159 4410 4582
7649 2 2 200 11 1378 4406 4584
7650 2 2 200 11 2659 2657 4588
7651 2 2 200 11 4219 3031 4577
7652 2 2 200 11 3051 1674 4624
7653 2 2 200 11 1814 2045 2277
7654 2 2 200 11 4350 3071 4606
7655 2 2 200 11 3025 3026 4652
7656 2 2 200 11 4206 1120 4728
7657 2 2 200 11 4330 4593 4643
7658 2 2 200 11 3343 2632 4328
7659 2 2 200 11 968 966 4586
7660 2 2 200 11 1705 1724 1963
7661 2 2 200 11 1429 4376 4656
7662 2 2 200 11 2869 4494 4580
7663 2 2 200 11 4362 3072 4604
7664 2 2 200 11 4678 2822 4705
7665 2 2 200 11 2453 2451 4595
7666 2 2 200 11 4421 3074 4586
7667 2 2 200 11 2009 2184 2853
7668 2 2 200 11 1620 1625 1626
7669 2 2 200 11 3463 3178 4710
7670 2 2 200 11 2206 2274 4593
7671 2 2 200 11 4286 3813 4618
7672 2 2 200 11 4104 4101 4612
7673 2 2 200 11 1476 1473 3874
7674 2 2 200 11 945 946 947
7675 2 2 200 11 4506 4359 4617
7676 2 2 200 11 4565 2664 4631
7677 2 2 200 11 3454 2848 4682
7678 2 2 200 11 4561 3047 4598
7679 2 2 200 11 1114 1120 4649
7680 2 2 200 11 974 4412 4583
7681 2 2 200 11 4412 4380 4583
7682 2 2 200 11 4372 3067 4589
7683 2 2 200 11 1926 2238 2776
7684 2 2 200 11 1626 1698 1785
7685 2 2 200 11 4585 1469 4594
7686 2 2 200 11 3393 4681 4764
7687 2 2 200 11 4177 4496 4607
7688 2 2 200 11 1392 4505 4648
7689 2 2 200 11 4640 2438 4652
7690 2 2 200 11 1536 1285 4646
7691 2 2 200 11 3310 3947 4734
7692 2 2 200 11 4350 4606 4632
7693 2 2 200 11 4606 4023 4632
7694 2 2 200 11 4659 4349 4700
7695 2 2 200 11 1522 1064 4650
7696 2 2 200 11 1894 1898 4653
7697 2 2 200 11 3941 3942 4753
7698 2 2 200 11 3031 4526 4577
7699 2 2 200 11 947 946 1620
7700 2 2 200 11 3178 2779 4684
7701 2 2 200 11 4322 4506 4617
7702 2 2 200 11 3047 3048 4598
7703 2 2 200 11 1707 1985 4654
7704 2 2 200 11 3079 4617 4653
7705 2 2 200 11 1493 1494 1509
7706 2 2 200 11 1718 1976 4658
7707 2 2 200 11 1690 1689 1691
7708 2 2 200 11 4205 4740 4762
7709 2 2 200 11 1731 2077 4660
7710 2 2 200 11 4351 4565 4631
7711 2 2 200 11 4338 4648 4694
7712 2 2 200 11 2027 2026 2255
7713 2 2 200 11 4639 1969 4682
7714 2 2 200 11 4340 4575 4619
7715 2 2 200 11 3261 3260 4679
7716 2 2 200 11 945 943 946
7717 2 2 200 11 4542 1199 4683
7718 2 2 200 11 1474 1477 4795
7719 2 2 200 11 931 933 1688
7720 2 2 200 11 1503 1913 4604
7721 2 2 200 11 3026 4400 4603
7722 2 2 200 11 1126 1118 4616
7723 2 2 200 11 4494 3173 4580
7724 2 2 200 11 1500 1654 4605
7725 2 2 200 11 1521 1036 4657
7726 2 2 200 11 1506 4023 4606
7727 2 2 200 11 3813 3909 4618
7728 2 2 200 11 4619 2713 4676
7729 2 2 200 11 944 943 945
7730 2 2 200 11 1034 4363 4657
7731 2 2 200 11 2945 2249 4873
7732 2 2 200 11 3363 3089 4685
7733 2 2 200 11 1663 1433 4656
7734 2 2 200 11 4357 4567 4633
7735 2 2 200 11 4287 1177 4615
7736 2 2 200 11 2701 2457 4667
7737 2 2 200 11 2605 2995 4613
7738 2 2 200 11 2455 2514 4667
7739 2 2 200 11 3074 1909 4642
7740 2 2 200 11 1746 1539 4608
7741 2 2 200 11 1736 1527 4609
7742 2 2 200 11 4201 4204 4762
7743 2 2 200 11 2009 2127 2184
7744 2 2 200 11 4567 2665 4633
7745 2 2 200 11 1734 1528 4610
7746 2 2 200 11 946 943 4516
7747 2 2 200 11 3235 3085 4689
7748 2 2 200 11 4531 2702 4641
7749 2 2 200 11 2664 4420 4631
7750 2 2 200 11 4668 2853 4704
7751 2 2 200 11 2124 4619 4676
7752 2 2 200 11 4197 4196 4628
7753 2 2 200 11 4252 2655 4622
7754 2 2 200 11 4361 4566 4634
7755 2 2 200 11 4566 2672 4634
7756 2 2 200 11 4011 2734 4770
7757 2 2 200 11 1580 940 1686
7758 2 2 200 11 1283 1281 4620
7759 2 2 200 11 2689 2691 4731
7760 2 2 200 11 1963 1724 2009
7761 2 2 200 11 4653 1898 4684
7762 2 2 200 11 4364 4564 4635
7763 2 2 200 11 2641 4550 4621
7764 2 2 200 11 4564 2673 4635
7765 2 2 200 11 3080 4609 4638
7766 2 2 200 11 2693 2695 4732
7767 2 2 200 11 4519 984 4659
7768 2 2 200 11 5089 3201 5131
7769 2 2 200 11 2726 3829 4880
7770 2 2 200 11 1062 1060 4623
7771 2 2 200 11 1728 1598 4611
7772 2 2 200 11 4370 4608 4639
7773 2 2 200 11 3067 2636 4641
7774 2 2 200 11 4550 4311 4621
7775 2 2 200 11 4631 4420 4661
7776 2 2 200 11 2124 4515 4619
7777 2 2 200 11 3082 4610 4636
7778 2 2 200 11 3199 2152 4706
7779 2 2 200 11 1475 4597 4906
7780 2 2 200 11 4612 4102 4679
7781 2 2 200 11 1203 4542 4607
7782 2 2 200 11 1472 1474 4597
7783 2 2 200 11 4359 1893 4617
7784 2 2 200 11 4160 2832 4753
7785 2 2 200 11 2071 2073 2232
7786 2 2 200 11 4656 4376 4696
7787 2 2 200 11 2269 1813 3743
7788 2 2 200 11 4469 954 4603
7789 2 2 200 11 2037 1775 4677
7790 2 2 200 11 949 947 4614
7791 2 2 200 11 3084 4635 4660
7792 2 2 200 11 1620 4502 4614
7793 2 2 200 11 2407 3744 4994
7794 2 2 200 11 2762 3864 4625
7795 2 2 200 11 2931 3390 4722
7796 2 2 200 11 2682 4583 4655
7797 2 2 200 11 1705 1686 1724
7798 2 2 200 11 3053 2641 4621
7799 2 2 200 11 4450 4578 4624
7800 2 2 200 11 3086 4634 4658
7801 2 2 200 11 1625 946 4516
7802 2 2 200 11 4711 2029 4755
7803 2 2 200 11 2960 2092 2961
7804 2 2 200 11 4245 2995 4680
7805 2 2 200 11 4362 4604 4637
7806 2 2 200 11 4400 4469 4603
7807 2 2 200 11 2081 1743 4693
7808 2 2 200 11 2960 2961 3217
7809 2 2 200 11 4415 4655 4687
7810 2 2 200 11 4505 3093 4648
7811 2 2 200 11 4284 4269 4640
7812 2 2 200 11 2584 3825 4629
7813 2 2 200 11 4142 4752 4770
7814 2 2 200 11 3200 4668 4704
7815 2 2 200 11 4142 1677 4752
7816 2 2 200 11 3088 4633 4654
7817 2 2 200 11 4605 1769 4630
7818 2 2 200 11 2871 1801 4592
7819 2 2 200 11 4604 1913 4637
7820 2 2 200 11 4410 1608 4626
7821 2 2 200 11 4406 1607 4627
7822 2 2 200 11 4338 4441 4648
7823 2 2 200 11 1287 1536 4701
7824 2 2 200 11 947 1620 4614
7825 2 2 200 11 4583 4380 4655
7826 2 2 200 11 4584 4406 4627
7827 2 2 200 11 2853 4600 4601
7828 2 2 200 11 4582 4410 4626
7829 2 2 200 11 4213 4212 4781
7830 2 2 200 11 3075 3076 4630
7831 2 2 200 11 1066 1522 4702
7832 2 2 200 11 4515 4340 4619
7833 2 2 200 11 4415 2682 4655
7834 2 2 200 11 3263 3324 4703
7835 2 2 200 11 4342 3078 4713
7836 2 2 200 11 1785 1814 4592
7837 2 2 200 11 4209 4649 4698
7838 2 2 200 11 1674 4450 4624
7839 2 2 200 11 3088 4654 4685
7840 2 2 200 11 2994 4279 4695
7841 2 2 200 11 4648 3093 4694
7842 2 2 200 11 1909 1911 4642
7843 2 2 200 11 4230 3073 4729
7844 2 2 200 11 4549 3067 4641
7845 2 2 200 11 3070 1903 4636
7846 2 2 200 11 4622 2714 4671
7847 2 2 200 11 3069 1902 4638
7848 2 2 200 11 2255 3200 3201
7849 2 2 200 11 952 949 4614
7850 2 2 200 11 4709 2079 4754
7851 2 2 200 11 3068 1901 4639
7852 2 2 200 11 4444 4349 4659
7853 2 2 200 11 1814 2277 4592
7854 2 2 200 11 2121 4631 4661
7855 2 2 200 11 3078 2637 4713
7856 2 2 200 11 1116 3934 4789
7857 2 2 200 11 4617 1893 4653
7858 2 2 200 11 4616 1118 4649
7859 2 2 200 11 2121 4351 4631
7860 2 2 200 11 2681 2187 4645
7861 2 2 200 11 4693 4374 4722
7862 2 2 200 11 2995 4390 4680
7863 2 2 200 11 3097 4519 4659
7864 2 2 200 11 2122 4357 4633
7865 2 2 200 11 1950 2685 4647
7866 2 2 200 11 952 4614 4717
7867 2 2 200 11 1801 1785 4592
7868 2 2 200 11 1913 1915 4637
7869 2 2 200 11 2138 4350 4632
7870 2 2 200 11 3097 4659 4700
7871 2 2 200 11 2091 2959 3110
7872 2 2 200 11 4609 3069 4638
7873 2 2 200 11 2184 3101 4600
7874 2 2 200 11 4180 4178 4777
7875 2 2 200 11 1283 4620 4646
7876 2 2 200 11 3086 4658 4688
7877 2 2 200 11 4046 4542 4683
7878 2 2 200 11 4608 3068 4639
7879 2 2 200 11 4611 3074 4642
7880 2 2 200 11 1548 1291 4718
7881 2 2 200 11 2120 4361 4634
7882 2 2 200 11 3260 4612 4679
7883 2 2 200 11 4010 1498 4793
7884 2 2 200 11 1684 929 3117
7885 2 2 200 11 3323 3267 4719
7886 2 2 200 11 1038 1521 4715
7887 2 2 200 11 2119 4364 4635
7888 2 2 200 11 1118 1114 4649
7889 2 2 200 11 3773 4276 4736
7890 2 2 200 11 4543 1195 4733
7891 2 2 200 11 1285 1283 4646
7892 2 2 200 11 1062 4623 4650
7893 2 2 200 11 2126 2251 4727
7894 2 2 200 11 1533 1070 4720
7895 2 2 200 11 4610 3070 4636
7896 2 2 200 11 2724 2461 4724
7897 2 2 200 11 1120 1112 4728
7898 2 2 200 11 2459 2701 4724
7899 2 2 200 11 3084 4660 4689
7900 2 2 200 11 1064 1062 4650
7901 2 2 200 11 4062 4330 4643
7902 2 2 200 11 4387 2994 4695
7903 2 2 200 11 3091 4611 4642
7904 2 2 200 11 1580 1705 4599
7905 2 2 200 11 4102 4188 4669
7906 2 2 200 11 4655 2125 4687
7907 2 2 200 11 3398 2254 4739
7908 2 2 200 11 4009 4802 4812
7909 2 2 200 11 1689 923 4858
7910 2 2 200 11 4627 1607 4665
7911 2 2 200 11 2925 3512 4742
7912 2 2 200 11 3178 4684 4710
7913 2 2 200 11 3026 4640 4652
7914 2 2 200 11 1041 1040 4748
7915 2 2 200 11 3073 2633 4729
7916 2 2 200 11 4107 4345 4674
7917 2 2 200 11 4441 1392 4648
7918 2 2 200 11 3076 4605 4630
7919 2 2 200 11 4013 2692 4714
7920 2 2 200 11 4705 2905 4739
7921 2 2 200 11 956 4745 4800
7922 2 2 200 11 4345 4422 4674
7923 2 2 200 11 2636 4531 4641
7924 2 2 200 11 2712 935 4663
7925 2 2 200 11 2378 5016 5045
7926 2 2 200 11 1551 1476 3874
7927 2 2 200 11 1759 2029 4711
7928 2 2 200 11 2026 1963 4668
7929 2 2 200 11 2783 2785 4773
7930 2 2 200 11 1827 1826 2145
7931 2 2 200 11 4641 2702 4723
7932 2 2 200 11 4223 2699 4721
7933 2 2 200 11 2255 2026 3200
7934 2 2 200 11 4474 1531 4671
7935 2 2 200 11 2665 1707 4654
7936 2 2 200 11 2706 2708 4775
7937 2 2 200 11 2091 3110 4765
7938 2 2 200 11 1757 1691 1758
7939 2 2 200 11 941 942 943
7940 2 2 200 11 3052 3051 4673
7941 2 2 200 11 2672 1718 4658
7942 2 2 200 11 4370 4639 4682
7943 2 2 200 11 2937 2114 4737
7944 2 2 200 11 1036 1034 4657
7945 2 2 200 11 2673 1731 4660
7946 2 2 200 11 3772 3773 4736
7947 2 2 200 11 2116 3075 4697
7948 2 2 200 11 3061 3063 4771
7949 2 2 200 11 2715 4588 4697
7950 2 2 200 11 1893 1894 4653
7951 2 2 200 11 1433 1430 4656
7952 2 2 200 11 2959 2092 2960
7953 2 2 200 11 1108 1501 4740
7954 2 2 200 11 2853 2184 4600
7955 2 2 200 11 3036 2666 4666
7956 2 2 200 11 1822 1821 2267
7957 2 2 200 11 4467 3383 4707
7958 2 2 200 11 1688 2977 3766
7959 2 2 200 11 4536 1191 4759
7960 2 2 200 11 3038 2674 4670
7961 2 2 200 11 1685 2712 3744
7962 2 2 200 11 2091 2092 2959
7963 2 2 200 11 2415 2413 2416
7964 2 2 200 11 4637 2688 4678
7965 2 2 200 11 941 938 942
7966 2 2 200 11 984 4444 4659
7967 2 2 200 11 3027 3025 4664
7968 2 2 200 11 2457 2455 4667
7969 2 2 200 11 934 936 937
7970 2 2 200 11 1607 2699 4665
7971 2 2 200 11 4645 2189 4673
7972 2 2 200 11 2091 1822 2092
7973 2 2 200 11 4743 2740 4763
7974 2 2 200 11 2713 2683 4676
7975 2 2 200 11 4380 2125 4655
7976 2 2 200 11 1677 1331 4752
7977 2 2 200 11 1293 1548 4750
7978 2 2 200 11 1329 1498 4752
7979 2 2 200 11 3079 4653 4684
7980 2 2 200 11 4635 2673 4660
7981 2 2 200 11 1072 1533 4751
7982 2 2 200 11 931 1688 4817
7983 2 2 200 11 3845 2146 3846
7984 2 2 200 11 1820 1822 2091
7985 2 2 200 11 4634 2672 4658
7986 2 2 200 11 3075 4544 4697
7987 2 2 200 11 937 938 940
7988 2 2 200 11 2702 2722 4723
7989 2 2 200 11 2945 4873 5235
7990 2 2 200 11 4420 2680 4661
7991 2 2 200 11 4038 4037 4686
7992 2 2 200 11 4633 2665 4654
7993 2 2 200 11 2715 4697 4763
7994 2 2 200 11 4929 678 5409
7995 2 2 200 11 2009 2853 4668
7996 2 2 200 11 3200 2026 4668
7997 2 2 200 11 3463 4710 4742
7998 2 2 200 11 4399 4474 4671
7999 2 2 200 11 2463 2724 4758
8000 2 2 200 11 4044 4543 4733
8001 2 2 200 11 3269 3323 4760
8002 2 2 200 11 4614 4502 4717
8003 2 2 200 11 4195 1338 4691
8004 2 2 200 11 4642 1911 4726
8005 2 2 200 11 1517 1046 4761
8006 2 2 200 11 940 938 941
8007 2 2 200 11 2779 3079 4684
8008 2 2 200 11 4527 3048 4681
8009 2 2 200 11 4208 4209 4698
8010 2 2 200 11 1549 1297 4767
8011 2 2 200 11 4661 3095 4677
8012 2 2 200 11 4517 4708 4779
8013 2 2 200 11 2699 4411 4721
8014 2 2 200 11 1545 1076 4768
8015 2 2 200 11 3324 3261 4679
8016 2 2 200 11 3322 3273 4769
8017 2 2 200 11 326 892 3875
8018 2 2 200 11 1775 2121 4677
8019 2 2 200 11 2714 2733 4754
8020 2 2 200 11 2692 4429 4714
8021 2 2 200 11 2165 4647 4712
8022 2 2 200 11 1810 4694 4706
8023 2 2 200 11 4422 3078 4674
8024 2 2 200 11 1888 4362 4678
8025 2 2 200 11 956 953 4745
8026 2 2 200 11 4549 4641 4723
8027 2 2 200 11 2165 4712 4774
8028 2 2 200 11 1531 4622 4671
8029 2 2 200 11 937 936 938
8030 2 2 200 11 4723 2722 4738
8031 2 2 200 11 3350 3359 3474
8032 2 2 200 11 2513 2467 4772
8033 2 2 200 11 3662 2806 4911
8034 2 2 200 11 4694 3092 4706
8035 2 2 200 11 3093 3092 4694
8036 2 2 200 11 2801 2803 4797
8037 2 2 200 11 3089 3088 4685
8038 2 2 200 11 3110 2959 3726
8039 2 2 200 11 2199 3160 3161
8040 2 2 200 11 2848 4370 4682
8041 2 2 200 11 2716 2718 4798
8042 2 2 200 11 1817 1816 1818
8043 2 2 200 11 936 935 1685
8044 2 2 200 11 3087 3086 4688
8045 2 2 200 11 1743 2124 4693
8046 2 2 200 11 3048 4559 4681
8047 2 2 200 11 3085 3084 4689
8048 2 2 200 11 4621 2741 4712
8049 2 2 200 11 1810 4338 4694
8050 2 2 200 11 4676 4374 4693
8051 2 2 200 11 4390 3073 4680
8052 2 2 200 11 2776 2238 3115
8053 2 2 200 11 2998 4536 4759
8054 2 2 200 11 2125 1759 4711
8055 2 2 200 11 3098 4711 4755
8056 2 2 200 11 3096 3097 4700
8057 2 2 200 11 4517 3043 4708
8058 2 2 200 11 1199 4543 4683
8059 2 2 200 11 1820 1818 1821
8060 2 2 200 11 1501 1106 4778
8061 2 2 200 11 3363 4685 4707
8062 2 2 200 11 4559 3052 4681
8063 2 2 200 11 1963 2009 4668
8064 2 2 200 11 1643 4537 4721
8065 2 2 200 11 1559 3927 4806
8066 2 2 200 11 1289 1287 4701
8067 2 2 200 11 2687 4415 4687
8068 2 2 200 11 3090 4008 4812
8069 2 2 200 11 1888 4678 4705
8070 2 2 200 11 1068 1066 4702
8071 2 2 200 11 4599 1964 4716
8072 2 2 200 11 2722 3341 4738
8073 2 2 200 11 4362 4637 4678
8074 2 2 200 11 1557 1553 4699
8075 2 2 200 11 3091 4642 4726
8076 2 2 200 11 3265 3263 4703
8077 2 2 200 11 4696 2725 4708
8078 2 2 200 11 4376 2703 4696
8079 2 2 200 11 4671 2714 4754
8080 2 2 200 11 941 944 4644
8081 2 2 200 11 1299 1549 4782
8082 2 2 200 11 1820 1821 1822
8083 2 2 200 11 3025 4652 4664
8084 2 2 200 11 4708 2725 4779
8085 2 2 200 11 2960 3218 4692
8086 2 2 200 11 4168 4171 4808
8087 2 2 200 11 3773 4387 4695
8088 2 2 200 11 1078 1545 4784
8089 2 2 200 11 1688 933 2977
8090 2 2 200 11 4349 2017 4700
8091 2 2 200 11 3325 3277 4786
8092 2 2 200 11 3275 3322 4786
8093 2 2 200 11 3098 4687 4711
8094 2 2 200 11 1102 1516 4787
8095 2 2 200 11 3051 4645 4673
8096 2 2 200 11 934 932 935
8097 2 2 200 11 4522 1187 4783
8098 2 2 200 11 2246 2879 3468
8099 2 2 200 11 2127 4790 4829
8100 2 2 200 11 2152 1810 4706
8101 2 2 200 11 4697 4544 4763
8102 2 2 200 11 2733 3206 4709
8103 2 2 200 11 4712 2741 4774
8104 2 2 200 11 3930 3931 4826
8105 2 2 200 11 3146 3148 3432
8106 2 2 200 11 2256 2255 4675
8107 2 2 200 11 1547 1303 4791
8108 2 2 200 11 1686 940 4644
8109 2 2 200 11 3096 4700 4725
8110 2 2 200 11 1546 1082 4792
8111 2 2 200 11 4700 2017 4725
8112 2 2 200 11 3092 2126 4727
8113 2 2 200 11 4488 1888 4705
8114 2 2 200 11 1498 1327 4793
8115 2 2 200 11 1985 4467 4707
8116 2 2 200 11 2807 2809 4816
8117 2 2 200 11 4588 2116 4697
8118 2 2 200 11 4684 1898 4710
8119 2 2 200 11 4673 2903 4764
8120 2 2 200 11 1337 3925 4824
8121 2 2 200 11 3043 1663 4708
8122 2 2 200 11 2727 2729 4818
8123 2 2 200 11 2637 3801 4713
8124 2 2 200 11 2183 4743 4763
8125 2 2 200 11 1289 4701 4718
8126 2 2 200 11 934 935 936
8127 2 2 200 11 1040 1038 4715
8128 2 2 200 11 1291 1289 4718
8129 2 2 200 11 2469 2513 4796
8130 2 2 200 11 1898 4508 4710
8131 2 2 200 11 1068 4702 4720
8132 2 2 200 11 2421 2419 2858
8133 2 2 200 11 3267 3265 4719
8134 2 2 200 11 3265 4703 4719
8135 2 2 200 11 1070 1068 4720
8136 2 2 200 11 4399 4671 4754
8137 2 2 200 11 2417 2416 3350
8138 2 2 200 11 2461 2459 4724
8139 2 2 200 11 4429 1677 4714
8140 2 2 200 11 3094 4522 4783
8141 2 2 200 11 4323 3096 4725
8142 2 2 200 11 2017 2181 4725
8143 2 2 200 11 1323 1513 4802
8144 2 2 200 11 3326 3281 4801
8145 2 2 200 11 1112 1110 4728
8146 2 2 200 11 3279 3325 4801
8147 2 2 200 11 2512 2473 4803
8148 2 2 200 11 928 930 931
8149 2 2 200 11 4134 3310 4734
8150 2 2 200 11 4411 1643 4721
8151 2 2 200 11 4721 4537 4799
8152 2 2 200 11 925 927 1561
8153 2 2 200 11 1305 1547 4805
8154 2 2 200 11 3892 4736 4741
8155 2 2 200 11 3042 2689 4731
8156 2 2 200 11 1084 1546 4807
8157 2 2 200 11 4374 2931 4722
8158 2 2 200 11 940 941 4644
8159 2 2 200 11 3045 2693 4732
8160 2 2 200 11 2961 2092 4662
8161 2 2 200 11 3053 4621 4712
8162 2 2 200 11 3199 4706 4727
8163 2 2 200 11 4012 3892 4741
8164 2 2 200 11 3418 3098 4755
8165 2 2 200 11 2362 2355 2363
8166 2 2 200 11 2633 3791 4729
8167 2 2 200 11 2740 2715 4763
8168 2 2 200 11 3995 1560 4735
8169 2 2 200 11 1554 3917 4837
8170 2 2 200 11 4848 4451 4877
8171 2 2 200 11 2121 4661 4677
8172 2 2 200 11 2024 4723 4738
8173 2 2 200 11 4681 3052 4764
8174 2 2 200 11 2853 4601 4704
8175 2 2 200 11 1911 2219 4726
8176 2 2 200 11 1537 1309 4811
8177 2 2 200 11 3393 4764 4813
8178 2 2 200 11 2813 2815 4832
8179 2 2 200 11 2255 3201 4675
8180 2 2 200 11 1540 1088 4814
8181 2 2 200 11 4722 3390 4737
8182 2 2 200 11 4185 4184 4744
8183 2 2 200 11 4520 1183 4809
8184 2 2 200 11 4717 3105 4745
8185 2 2 200 11 1815 1816 1817
8186 2 2 200 11 2735 2737 4834
8187 2 2 200 11 3283 3326 4815
8188 2 2 200 11 3350 2416 3359
8189 2 2 200 11 2128 4331 4833
8190 2 2 200 11 3892 3772 4736
8191 2 2 200 11 4472 1517 4788
8192 2 2 200 11 4685 1985 4707
8193 2 2 200 11 4728 1110 4740
8194 2 2 200 11 4502 2700 4717
8195 2 2 200 11 1110 1108 4740
8196 2 2 200 11 2124 4676 4693
8197 2 2 200 11 2114 2081 4737
8198 2 2 200 11 4075 4076 4840
8199 2 2 200 11 2024 4549 4723
8200 2 2 200 11 2959 2960 4692
8201 2 2 200 11 1328 4879 4913
8202 2 2 200 11 2745 2477 4819
8203 2 2 200 11 1195 4536 4733
8204 2 2 200 11 2475 2512 4819
8205 2 2 200 11 3914 3913 5274
8206 2 2 200 11 2092 1822 4662
8207 2 2 200 11 2921 2024 4738
8208 2 2 200 11 3321 3287 4820
8209 2 2 200 11 1480 1495 1815
8210 2 2 200 11 4745 3105 4800
8211 2 2 200 11 1817 1818 1820
8212 2 2 200 11 4331 4468 4800
8213 2 2 200 11 4687 2125 4711
8214 2 2 200 11 2886 2165 4774
8215 2 2 200 11 1822 2267 4662
8216 2 2 200 11 1311 1537 4823
8217 2 2 200 11 4339 1179 4822
8218 2 2 200 11 3102 4799 4804
8219 2 2 200 11 4082 4083 4866
8220 2 2 200 11 1090 1540 4825
8221 2 2 200 11 3346 2740 4743
8222 2 2 200 11 4647 3053 4712
8223 2 2 200 11 2254 4488 4739
8224 2 2 200 11 2989 4520 4809
8225 2 2 200 11 4488 4705 4739
8226 2 2 200 11 3920 3921 4856
8227 2 2 200 11 938 936 4651
8228 2 2 200 11 2832 3941 4753
8229 2 2 200 11 2886 4774 4780
8230 2 2 200 11 1295 1293 4750
8231 2 2 200 11 1044 1041 4748
8232 2 2 200 11 1475 4906 4969
8233 2 2 200 11 1074 1072 4751
8234 2 2 200 11 3166 2858 3545
8235 2 2 200 11 4264 4842 4845
8236 2 2 200 11 1331 1329 4752
8237 2 2 200 11 4508 2925 4742
8238 2 2 200 11 1520 1315 4827
8239 2 2 200 11 3726 2959 4692
8240 2 2 200 11 2747 2746 4845
8241 2 2 200 11 1529 1094 4828
8242 2 2 200 11 3384 4662 4766
8243 2 2 200 11 4710 4508 4742
8244 2 2 200 11 4204 4205 4762
8245 2 2 200 11 931 932 933
8246 2 2 200 11 2237 1925 2777
8247 2 2 200 11 2127 1724 4790
8248 2 2 200 11 3099 4339 4822
8249 2 2 200 11 2754 2481 4831
8250 2 2 200 11 2479 2745 4831
8251 2 2 200 11 4079 4080 4855
8252 2 2 200 11 1745 2049 2050
8253 2 2 200 11 936 1685 4651
8254 2 2 200 11 953 952 4745
8255 2 2 200 11 4223 4721 4799
8256 2 2 200 11 2725 2742 4779
8257 2 2 200 11 3115 2238 3116
8258 2 2 200 11 3102 4223 4799
8259 2 2 200 11 4264 1175 4842
8260 2 2 200 11 2413 2256 4749
8261 2 2 200 11 3289 3321 4835
8262 2 2 200 11 2029 2954 4755
8263 2 2 200 11 2465 2463 4758
8264 2 2 200 11 4764 2903 4813
8265 2 2 200 11 2129 2128 4853
8266 2 2 200 11 4084 4085 4866
8267 2 2 200 11 3271 3269 4760
8268 2 2 200 11 2219 4524 5423
8269 2 2 200 11 4779 2742 4785
8270 2 2 200 11 2079 4399 4754
8271 2 2 200 11 2256 4675 4749
8272 2 2 200 11 1046 1044 4761
8273 2 2 200 11 3320 3293 4836
8274 2 2 200 11 1663 4696 4708
8275 2 2 200 11 1191 4522 4759
8276 2 2 200 11 1317 1520 4838
8277 2 2 200 11 1044 4748 4761
8278 2 2 200 11 1295 4750 4767
8279 2 2 200 11 1170 1602 4842
8280 2 2 200 11 1297 1295 4767
8281 2 2 200 11 2877 2146 3845
8282 2 2 200 11 1096 1529 4839
8283 2 2 200 11 1074 4751 4768
8284 2 2 200 11 1076 1074 4768
8285 2 2 200 11 931 930 932
8286 2 2 200 11 1175 1172 4842
8287 2 2 200 11 2734 4142 4770
8288 2 2 200 11 4072 4073 4869
8289 2 2 200 11 3273 3271 4769
8290 2 2 200 11 933 932 934
8291 2 2 200 11 1513 1321 4841
8292 2 2 200 11 3077 3061 4771
8293 2 2 200 11 942 938 4651
8294 2 2 200 11 4706 3092 4727
8295 2 2 200 11 1516 1100 4844
8296 2 2 200 11 2483 2754 4843
8297 2 2 200 11 2128 4833 4853
8298 2 2 200 11 3271 4760 4769
8299 2 2 200 11 2467 2465 4772
8300 2 2 200 11 3631 3632 5140
8301 2 2 200 11 1815 1817 2964
8302 2 2 200 11 3845 3355 5023
8303 2 2 200 11 4181 4180 4777
8304 2 2 200 11 3046 2783 4773
8305 2 2 200 11 2465 4758 4772
8306 2 2 200 11 4644 4457 4790
8307 2 2 200 11 925 1561 4890
8308 2 2 200 11 4994 2712 4995
8309 2 2 200 11 1706 1946 4849
8310 2 2 200 11 3050 2706 4775
8311 2 2 200 11 2741 2723 4774
8312 2 2 200 11 2511 2487 4850
8313 2 2 200 11 3800 3122 4857
8314 2 2 200 11 3295 3320 4851
8315 2 2 200 11 1561 2970 3731
8316 2 2 200 11 3319 3299 4852
8317 2 2 200 11 3956 4213 4781
8318 2 2 200 11 4544 2183 4763
8319 2 2 200 11 5198 5109 5495
8320 2 2 200 11 1111 4135 4872
8321 2 2 200 11 1515 1109 4872
8322 2 2 200 11 767 3431 5482
8323 2 2 200 11 3463 694 5147
8324 2 2 200 11 3240 3239 3499
8325 2 2 200 11 1106 1104 4778
8326 2 2 200 11 4771 3063 4788
8327 2 2 200 11 3117 929 4757
8328 2 2 200 11 4774 2723 4780
8329 2 2 200 11 1826 1551 4830
8330 2 2 200 11 590 812 5122
8331 2 2 200 11 932 930 4663
8332 2 2 200 11 2416 2413 4749
8333 2 2 200 11 930 929 1684
8334 2 2 200 11 2240 4779 4785
8335 2 2 200 11 2723 2861 4780
8336 2 2 200 11 1301 1299 4782
8337 2 2 200 11 2081 4722 4737
8338 2 2 200 11 3103 3102 4804
8339 2 2 200 11 3301 3319 4860
8340 2 2 200 11 2145 2146 2877
8341 2 2 200 11 3318 3308 4861
8342 2 2 200 11 2146 1826 4830
8343 2 2 200 11 1080 1078 4784
8344 2 2 200 11 2489 2511 4862
8345 2 2 200 11 3277 3275 4786
8346 2 2 200 11 934 937 4730
8347 2 2 200 11 1187 4520 4783
8348 2 2 200 11 4790 4457 4829
8349 2 2 200 11 2240 4517 4779
8350 2 2 200 11 2510 2493 4865
8351 2 2 200 11 1104 1102 4787
8352 2 2 200 11 4778 1104 4787
8353 2 2 200 11 3103 4804 4810
8354 2 2 200 11 1926 2237 2238
8355 2 2 200 11 2896 2240 4785
8356 2 2 200 11 4662 2267 4766
8357 2 2 200 11 1335 1555 4883
8358 2 2 200 11 1686 4644 4790
8359 2 2 200 11 1523 1332 4883
8360 2 2 200 11 3052 4673 4764
8361 2 2 200 11 4179 1116 4789
8362 2 2 200 11 2903 4455 4813
8363 2 2 200 11 3327 3314 4870
8364 2 2 200 11 3312 3318 4870
8365 2 2 200 11 2014 3107 4877
8366 2 2 200 11 2777 1925 4776
8367 2 2 200 11 3359 2416 4749
8368 2 2 200 11 1303 1301 4791
8369 2 2 200 11 1301 4782 4791
8370 2 2 200 11 4799 2630 4804
8371 2 2 200 11 465 3446 5593
8372 2 2 200 11 930 1684 4663
8373 2 2 200 11 3328 3333 4874
8374 2 2 200 11 1082 1080 4792
8375 2 2 200 11 4236 4203 4794
8376 2 2 200 11 1080 4784 4792
8377 2 2 200 11 2977 933 4730
8378 2 2 200 11 3063 3064 4847
8379 2 2 200 11 3607 712 4992
8380 2 2 200 11 2495 2510 4875
8381 2 2 200 11 952 4717 4745
8382 2 2 200 11 1327 1325 4793
8383 2 2 200 11 4394 4472 4788
8384 2 2 200 11 4435 2501 4875
8385 2 2 200 11 1517 4771 4788
8386 2 2 200 11 1688 3766 4756
8387 2 2 200 11 3044 2801 4797
8388 2 2 200 11 2602 2601 4878
8389 2 2 200 11 2129 4853 4871
8390 2 2 200 11 2324 2325 2326
8391 2 2 200 11 1526 2768 4980
8392 2 2 200 11 2471 2469 4796
8393 2 2 200 11 3049 2716 4798
8394 2 2 200 11 2753 2752 4884
8395 2 2 200 11 935 932 4663
8396 2 2 200 11 1687 1689 1690
8397 2 2 200 11 4847 3064 4854
8398 2 2 200 11 3953 1475 4969
8399 2 2 200 11 2748 3762 4882
8400 2 2 200 11 3037 4451 4848
8401 2 2 200 11 2267 3145 4766
8402 2 2 200 11 1724 1686 4790
8403 2 2 200 11 3760 2750 4882
8404 2 2 200 11 4793 1325 4802
8405 2 2 200 11 3281 3279 4801
8406 2 2 200 11 1325 1323 4802
8407 2 2 200 11 2473 2471 4803
8408 2 2 200 11 3064 3188 4854
8409 2 2 200 11 3470 917 4746
8410 2 2 200 11 2471 4796 4803
8411 2 2 200 11 4756 2414 4894
8412 2 2 200 11 1820 2091 4765
8413 2 2 200 11 4029 4034 4987
8414 2 2 200 11 928 929 930
8415 2 2 200 11 1532 4310 4867
8416 2 2 200 11 2630 2154 4804
8417 2 2 200 11 933 934 4730
8418 2 2 200 11 1561 927 2970
8419 2 2 200 11 3935 1559 4806
8420 2 2 200 11 4468 956 4800
8421 2 2 200 11 1307 1305 4805
8422 2 2 200 11 2237 2777 3221
8423 2 2 200 11 4169 4168 4808
8424 2 2 200 11 1758 1812 2134
8425 2 2 200 11 1086 1084 4807
8426 2 2 200 11 3741 2950 4747
8427 2 2 200 11 4331 4800 4833
8428 2 2 200 11 4537 2630 4799
8429 2 2 200 11 4804 2154 4810
8430 2 2 200 11 928 926 929
8431 2 2 200 11 2747 4848 4877
8432 2 2 200 11 4008 4009 4812
8433 2 2 200 11 1183 4339 4809
8434 2 2 200 11 5240 3349 5329
8435 2 2 200 11 1309 1307 4811
8436 2 2 200 11 2773 2772 3249
8437 2 2 200 11 1307 4805 4811
8438 2 2 200 11 3392 3393 4813
8439 2 2 200 11 1088 1086 4814
8440 2 2 200 11 2893 3681 5543
8441 2 2 200 11 1086 4807 4814
8442 2 2 200 11 4788 3063 4847
8443 2 2 200 11 2264 3103 4888
8444 2 2 200 11 1817 1820 4765
8445 2 2 200 11 2154 4485 4810
8446 2 2 200 11 1926 1925 2237
8447 2 2 200 11 3285 3283 4815
8448 2 2 200 11 2307 2306 2308
8449 2 2 200 11 3039 2807 4816
8450 2 2 200 11 922 924 925
8451 2 2 200 11 1924 1925 1926
8452 2 2 200 11 3041 2727 4818
8453 2 2 200 11 3379 2263 4888
8454 2 2 200 11 2477 2475 4819
8455 2 2 200 11 3287 3285 4820
8456 2 2 200 11 3285 4815 4820
8457 2 2 200 11 4172 1337 4824
8458 2 2 200 11 4394 4788 4847
8459 2 2 200 11 4952 3212 5467
8460 2 2 200 11 1313 1311 4823
8461 2 2 200 11 1179 4343 4822
8462 2 2 200 11 325 326 3875
8463 2 2 200 11 1092 1090 4825
8464 2 2 200 11 1486 1552 4887
8465 2 2 200 11 939 1936 2878
8466 2 2 200 11 2964 1817 4765
8467 2 2 200 11 3929 3930 4826
8468 2 2 200 11 1315 1313 4827
8469 2 2 200 11 4435 4875 4912
8470 2 2 200 11 1313 4823 4827
8471 2 2 200 11 1094 1092 4828
8472 2 2 200 11 1092 4825 4828
8473 2 2 200 11 1757 1758 4776
8474 2 2 200 11 1690 1691 1757
8475 2 2 200 11 4457 2744 4829
8476 2 2 200 11 2481 2479 4831
8477 2 2 200 11 3034 2813 4832
8478 2 2 200 11 3035 2735 4834
8479 2 2 200 11 925 926 927
8480 2 2 200 11 3100 2127 4829
8481 2 2 200 11 3100 4829 4849
8482 2 2 200 11 3105 3104 4833
8483 2 2 200 11 3926 1554 4837
8484 2 2 200 11 3291 3289 4835
8485 2 2 200 11 4829 2744 4849
8486 2 2 200 11 31 32 3779
8487 2 2 200 11 4830 3874 4867
8488 2 2 200 11 927 926 928
8489 2 2 200 11 1924 1757 1925
8490 2 2 200 11 3846 4830 4867
8491 2 2 200 11 3293 3291 4836
8492 2 2 200 11 925 924 926
8493 2 2 200 11 1551 3874 4830
8494 2 2 200 11 3153 3149 3733
8495 2 2 200 11 1319 1317 4838
8496 2 2 200 11 3291 4835 4836
8497 2 2 200 11 2145 1826 2146
8498 2 2 200 11 1098 1096 4839
8499 2 2 200 11 4800 3105 4833
8500 2 2 200 11 3807 3800 4857
8501 2 2 200 11 1815 2964 4795
8502 2 2 200 11 3846 2146 4830
8503 2 2 200 11 1602 3037 4848
8504 2 2 200 11 1321 1319 4841
8505 2 2 200 11 3933 4075 4840
8506 2 2 200 11 1509 1510 1542
8507 2 2 200 11 1172 1170 4842
8508 2 2 200 11 1319 4838 4841
8509 2 2 200 11 2259 2260 4896
8510 2 2 200 11 1941 1940 1983
8511 2 2 200 11 1100 1098 4844
8512 2 2 200 11 2485 2483 4843
8513 2 2 200 11 1098 4839 4844
8514 2 2 200 11 924 923 1687
8515 2 2 200 11 3033 2766 4910
8516 2 2 200 11 2970 4756 4894
8517 2 2 200 11 3327 4870 4966
8518 2 2 200 11 2746 4264 4845
8519 2 2 200 11 2747 4845 4848
8520 2 2 200 11 1542 1543 1714
8521 2 2 200 11 3150 3152 3232
8522 2 2 200 11 2554 3196 4896
8523 2 2 200 11 3874 1532 4867
8524 2 2 200 11 4833 3104 4853
8525 2 2 200 11 4725 2181 4821
8526 2 2 200 11 2744 1706 4849
8527 2 2 200 11 2487 2485 4850
8528 2 2 200 11 1480 1815 4795
8529 2 2 200 11 3297 3295 4851
8530 2 2 200 11 2485 4843 4850
8531 2 2 200 11 3683 4510 5247
8532 2 2 200 11 4323 4725 4821
8533 2 2 200 11 919 921 1692
8534 2 2 200 11 1992 4394 4847
8535 2 2 200 11 3299 3297 4852
8536 2 2 200 11 1487 1486 4887
8537 2 2 200 11 1992 4847 4854
8538 2 2 200 11 3297 4851 4852
8539 2 2 200 11 2250 2221 3403
8540 2 2 200 11 2776 3124 4988
8541 2 2 200 11 3542 3543 4975
8542 2 2 200 11 1925 1757 4776
8543 2 2 200 11 3104 4454 4853
8544 2 2 200 11 4078 4079 4855
8545 2 2 200 11 928 931 4817
8546 2 2 200 11 3919 3920 4856
8547 2 2 200 11 1477 1480 4795
8548 2 2 200 11 1690 1757 1924
8549 2 2 200 11 4477 1992 4854
8550 2 2 200 11 3731 2970 4894
8551 2 2 200 11 4651 1685 4880
8552 2 2 200 11 3409 2830 3410
8553 2 2 200 11 3306 3301 4860
8554 2 2 200 11 3308 3306 4861
8555 2 2 200 11 2491 2489 4862
8556 2 2 200 11 3313 3395 4904
8557 2 2 200 11 3335 3311 4904
8558 2 2 200 11 3367 3366 3425
8559 2 2 200 11 2493 2491 4865
8560 2 2 200 11 3306 4860 4861
8561 2 2 200 11 313 825 4902
8562 2 2 200 11 4083 4084 4866
8563 2 2 200 11 3923 4072 4869
8564 2 2 200 11 926 924 4757
8565 2 2 200 11 2491 4862 4865
8566 2 2 200 11 4877 3107 4878
8567 2 2 200 11 4849 1946 4859
8568 2 2 200 11 2052 2050 2276
8569 2 2 200 11 3101 3100 4859
8570 2 2 200 11 568 569 4868
8571 2 2 200 11 3314 3312 4870
8572 2 2 200 11 3829 4651 4880
8573 2 2 200 11 4085 1515 4966
8574 2 2 200 11 4747 2950 5038
8575 2 2 200 11 1758 2134 4776
8576 2 2 200 11 1109 1111 4872
8577 2 2 200 11 4853 4454 4871
8578 2 2 200 11 3330 3328 4874
8579 2 2 200 11 2501 2495 4875
8580 2 2 200 11 924 1687 4757
8581 2 2 200 11 4074 1512 4912
8582 2 2 200 11 3565 3330 4876
8583 2 2 200 11 4454 2873 4871
8584 2 2 200 11 3170 3893 5017
8585 2 2 200 11 922 923 924
8586 2 2 200 11 1526 2767 2768
8587 2 2 200 11 3330 4874 4876
8588 2 2 200 11 922 920 923
8589 2 2 200 11 1512 1326 4913
8590 2 2 200 11 255 256 4893
8591 2 2 200 11 2601 2747 4878
8592 2 2 200 11 2970 927 4817
8593 2 2 200 11 1486 1484 1534
8594 2 2 200 11 3762 3763 4879
8595 2 2 200 11 256 659 4893
8596 2 2 200 11 2411 4963 4965
8597 2 2 200 11 4451 2014 4877
8598 2 2 200 11 499 846 5014
8599 2 2 200 11 711 498 5014
8600 2 2 200 11 4912 1512 4913
8601 2 2 200 11 2348 2346 2368
8602 2 2 200 11 415 416 4881
8603 2 2 200 11 2750 2748 4882
8604 2 2 200 11 927 928 4817
8605 2 2 200 11 1332 1335 4883
8606 2 2 200 11 3754 767 5474
8607 2 2 200 11 1561 3731 4846
8608 2 2 200 11 3746 2753 4884
8609 2 2 200 11 4910 2766 4963
8610 2 2 200 11 2379 2377 2380
8611 2 2 200 11 1552 1534 1744
8612 2 2 200 11 1513 4841 4908
8613 2 2 200 11 3860 3793 5101
8614 2 2 200 11 1920 1922 2895
8615 2 2 200 11 929 926 4757
8616 2 2 200 11 1516 4844 4910
8617 2 2 200 11 1685 3744 4880
8618 2 2 200 11 4845 1602 4848
8619 2 2 200 11 918 917 2949
8620 2 2 200 11 2364 2363 2365
8621 2 2 200 11 2411 4236 4963
8622 2 2 200 11 3090 4812 4908
8623 2 2 200 11 916 918 919
8624 2 2 200 11 1984 2244 2245
8625 2 2 200 11 919 1692 4897
8626 2 2 200 11 4875 4074 4912
8627 2 2 200 11 3090 4908 4964
8628 2 2 200 11 2768 2769 2770
8629 2 2 200 11 2263 2264 4888
8630 2 2 200 11 1692 921 2963
8631 2 2 200 11 3432 3148 4863
8632 2 2 200 11 2335 2899 2901
8633 2 2 200 11 3758 3594 5177
8634 2 2 200 11 4870 4085 4966
8635 2 2 200 11 3348 4218 4973
8636 2 2 200 11 3578 729 5631
8637 2 2 200 11 1745 1744 2049
8638 2 2 200 11 2296 2298 2300
8639 2 2 200 11 3100 4849 4859
8640 2 2 200 11 3567 698 5281
8641 2 2 200 11 3706 692 4976
8642 2 2 200 11 2322 2321 2323
8643 2 2 200 11 913 915 1526
8644 2 2 200 11 2850 2411 4965
8645 2 2 200 11 832 586 4898
8646 2 2 200 11 2768 2767 2769
8647 2 2 200 11 4988 3124 4995
8648 2 2 200 11 1492 1490 3452
8649 2 2 200 11 732 307 4889
8650 2 2 200 11 2747 4877 4878
8651 2 2 200 11 2067 2066 3721
8652 2 2 200 11 2565 3090 4964
8653 2 2 200 11 3451 3190 5136
8654 2 2 200 11 921 920 922
8655 2 2 200 11 4597 2964 4906
8656 2 2 200 11 4036 4029 4987
8657 2 2 200 11 2565 4964 4968
8658 2 2 200 11 916 914 917
8659 2 2 200 11 919 920 921
8660 2 2 200 11 919 918 920
8661 2 2 200 11 2804 3187 4911
8662 2 2 200 11 3692 501 5099
8663 2 2 200 11 2942 2565 4968
8664 2 2 200 11 4841 3775 4908
8665 2 2 200 11 307 308 4889
8666 2 2 200 11 2049 2938 2939
8667 2 2 200 11 4480 2410 4984
8668 2 2 200 11 2942 4968 4970
8669 2 2 200 11 3360 3715 5339
8670 2 2 200 11 4844 3033 4910
8671 2 2 200 11 2341 3458 4892
8672 2 2 200 11 2771 2769 2795
8673 2 2 200 11 2260 2554 4896
8674 2 2 200 11 916 917 918
8675 2 2 200 11 3158 4916 5082
8676 2 2 200 11 4692 3218 4985
8677 2 2 200 11 1926 2776 4978
8678 2 2 200 11 2066 3247 3248
8679 2 2 200 11 3543 824 5040
8680 2 2 200 11 3117 4757 4891
8681 2 2 200 11 1723 4692 4985
8682 2 2 200 11 3549 856 3553
8683 2 2 200 11 2314 2316 2317
8684 2 2 200 11 2374 2375 2376
8685 2 2 200 11 2398 3642 5446
8686 2 2 200 11 3540 2367 4979
8687 2 2 200 11 3671 754 5568
8688 2 2 200 11 922 925 4890
8689 2 2 200 11 3634 4503 5229
8690 2 2 200 11 2787 2394 2890
8691 2 2 200 11 2134 1812 4885
8692 2 2 200 11 2770 2771 2772
8693 2 2 200 11 2049 1744 2938
8694 2 2 200 11 1715 1721 1751
8695 2 2 200 11 4909 3111 5021
8696 2 2 200 11 3428 3155 3429
8697 2 2 200 11 918 2949 4858
8698 2 2 200 11 4757 1687 4891
8699 2 2 200 11 1690 1924 4891
8700 2 2 200 11 2082 1752 2083
8701 2 2 200 11 3407 3184 4899
8702 2 2 200 11 3162 2365 3163
8703 2 2 200 11 2963 3508 5036
8704 2 2 200 11 1687 1690 4891
8705 2 2 200 11 2324 2323 2325
8706 2 2 200 11 2806 2804 4911
8707 2 2 200 11 3354 4064 4982
8708 2 2 200 11 1812 1920 4885
8709 2 2 200 11 2075 3534 3535
8710 2 2 200 11 2964 4765 4906
8711 2 2 200 11 841 3700 4901
8712 2 2 200 11 2954 5245 5624
8713 2 2 200 11 4433 3058 4992
8714 2 2 200 11 902 904 4989
8715 2 2 200 11 4941 783 5471
8716 2 2 200 11 3225 3226 3239
8717 2 2 200 11 2076 3229 3230
8718 2 2 200 11 3124 4994 4995
8719 2 2 200 11 2309 2308 2310
8720 2 2 200 11 2770 2769 2771
8721 2 2 200 11 801 3834 5403
8722 2 2 200 11 1944 3651 5342
8723 2 2 200 11 3140 3367 5045
8724 2 2 200 11 2772 2771 2826
8725 2 2 200 11 1526 915 2767
8726 2 2 200 11 505 752 5037
8727 2 2 200 11 3311 3313 4904
8728 2 2 200 11 3410 2830 4981
8729 2 2 200 11 920 918 4858
8730 2 2 200 11 4765 3110 4906
8731 2 2 200 11 2037 5006 5553
8732 2 2 200 11 3575 3385 5308
8733 2 2 200 11 2756 4112 5002
8734 2 2 200 11 2084 2874 2875
8735 2 2 200 11 3245 3467 5540
8736 2 2 200 11 836 539 5039
8737 2 2 200 11 2963 921 4890
8738 2 2 200 11 2343 3404 3405
8739 2 2 200 11 412 413 4907
8740 2 2 200 11 4908 3775 4964
8741 2 2 200 11 2875 3224 3225
8742 2 2 200 11 798 4987 5555
8743 2 2 200 11 3225 3240 5043
8744 2 2 200 11 923 920 4858
8745 2 2 200 11 4906 3110 4969
8746 2 2 200 11 1920 2895 4885
8747 2 2 200 11 2382 3137 3138
8748 2 2 200 11 921 922 4890
8749 2 2 200 11 2331 2332 2333
8750 2 2 200 11 2351 2356 2357
8751 2 2 200 11 3862 674 5453
8752 2 2 200 11 2021 2221 2250
8753 2 2 200 11 4891 1924 4978
8754 2 2 200 11 3095 3448 5006
8755 2 2 200 11 662 4211 5299
8756 2 2 200 11 2248 2945 5048
8757 2 2 200 11 2075 2072 3534
8758 2 2 200 11 2376 2377 2379
8759 2 2 200 11 2250 3437 3438
8760 2 2 200 11 4193 4192 5244
8761 2 2 200 11 3765 2929 5537
8762 2 2 200 11 2357 2360 2361
8763 2 2 200 11 915 914 916
8764 2 2 200 11 3735 855 5183
8765 2 2 200 11 671 4000 5222
8766 2 2 200 11 2389 2894 3204
8767 2 2 200 11 3112 3113 3114
8768 2 2 200 11 3763 4435 4912
8769 2 2 200 11 3763 4912 4913
8770 2 2 200 11 900 902 1699
8771 2 2 200 11 4963 2766 4965
8772 2 2 200 11 3803 4057 5355
8773 2 2 200 11 2241 2218 2242
8774 2 2 200 11 881 39 4915
8775 2 2 200 11 1984 1983 2244
8776 2 2 200 11 904 907 1511
8777 2 2 200 11 4794 1516 4910
8778 2 2 200 11 39 40 4915
8779 2 2 200 11 4812 1513 4908
8780 2 2 200 11 2712 4663 4995
8781 2 2 200 11 44 45 4948
8782 2 2 200 11 40 666 4915
8783 2 2 200 11 4794 4910 4963
8784 2 2 200 11 278 279 4946
8785 2 2 200 11 260 261 4922
8786 2 2 200 11 181 182 4925
8787 2 2 200 11 174 175 4927
8788 2 2 200 11 247 248 4928
8789 2 2 200 11 193 194 4930
8790 2 2 200 11 49 50 4933
8791 2 2 200 11 206 207 4934
8792 2 2 200 11 70 71 4920
8793 2 2 200 11 227 228 4921
8794 2 2 200 11 57 58 4923
8795 2 2 200 11 214 215 4924
8796 2 2 200 11 136 137 4936
8797 2 2 200 11 161 162 4937
8798 2 2 200 11 149 150 4935
8799 2 2 200 11 285 286 4941
8800 2 2 200 11 172 173 4917
8801 2 2 200 11 208 209 4919
8802 2 2 200 11 84 85 4916
8803 2 2 200 11 88 89 4918
8804 2 2 200 11 154 155 4944
8805 2 2 200 11 156 157 4943
8806 2 2 200 11 167 168 4945
8807 2 2 200 11 64 65 4947
8808 2 2 200 11 176 177 4926
8809 2 2 200 11 183 184 4929
8810 2 2 200 11 47 48 4931
8811 2 2 200 11 204 205 4932
8812 2 2 200 11 275 276 4940
8813 2 2 200 11 138 139 4939
8814 2 2 200 11 216 217 4938
8815 2 2 200 11 283 284 4942
8816 2 2 200 11 92 93 4957
8817 2 2 200 11 249 250 4958
8818 2 2 200 11 105 106 4959
8819 2 2 200 11 229 230 4955
8820 2 2 200 11 159 160 4960
8821 2 2 200 11 178 179 4951
8822 2 2 200 11 2 172 4952
8823 2 2 200 11 209 210 4950
8824 2 2 200 11 157 158 4961
8825 2 2 200 11 166 167 4954
8826 2 2 200 11 144 145 4956
8827 2 2 200 11 222 223 4953
8828 2 2 200 11 87 88 4962
8829 2 2 200 11 791 44 4948
8830 2 2 200 11 3117 4891 4978
8831 2 2 200 11 279 796 4946
8832 2 2 200 11 764 260 4922
8833 2 2 200 11 793 181 4925
8834 2 2 200 11 762 174 4927
8835 2 2 200 11 766 247 4928
8836 2 2 200 11 50 767 4933
8837 2 2 200 11 207 768 4934
8838 2 2 200 11 194 794 4930
8839 2 2 200 11 769 70 4920
8840 2 2 200 11 770 227 4921
8841 2 2 200 11 779 57 4923
8842 2 2 200 11 780 214 4924
8843 2 2 200 11 781 149 4935
8844 2 2 200 11 162 784 4937
8845 2 2 200 11 785 136 4936
8846 2 2 200 11 286 783 4941
8847 2 2 200 11 261 867 4922
8848 2 2 200 11 182 874 4925
8849 2 2 200 11 175 865 4927
8850 2 2 200 11 248 869 4928
8851 2 2 200 11 875 193 4930
8852 2 2 200 11 872 49 4933
8853 2 2 200 11 873 206 4934
8854 2 2 200 11 71 885 4920
8855 2 2 200 11 228 884 4921
8856 2 2 200 11 58 888 4923
8857 2 2 200 11 215 889 4924
8858 2 2 200 11 150 886 4935
8859 2 2 200 11 887 161 4937
8860 2 2 200 11 137 882 4936
8861 2 2 200 11 880 285 4941
8862 2 2 200 11 173 762 4917
8863 2 2 200 11 768 208 4919
8864 2 2 200 11 775 84 4916
8865 2 2 200 11 89 765 4918
8866 2 2 200 11 155 789 4944
8867 2 2 200 11 789 156 4943
8868 2 2 200 11 168 797 4945
8869 2 2 200 11 798 64 4947
8870 2 2 200 11 865 176 4926
8871 2 2 200 11 874 183 4929
8872 2 2 200 11 48 872 4931
8873 2 2 200 11 205 873 4932
8874 2 2 200 11 868 92 4957
8875 2 2 200 11 869 249 4958
8876 2 2 200 11 866 105 4959
8877 2 2 200 11 877 275 4940
8878 2 2 200 11 889 216 4938
8879 2 2 200 11 882 138 4939
8880 2 2 200 11 284 880 4942
8881 2 2 200 11 884 229 4955
8882 2 2 200 11 160 887 4960
8883 2 2 200 11 177 660 4926
8884 2 2 200 11 184 678 4929
8885 2 2 200 11 687 204 4932
8886 2 2 200 11 688 47 4931
8887 2 2 200 11 276 662 4940
8888 2 2 200 11 217 683 4938
8889 2 2 200 11 139 681 4939
8890 2 2 200 11 686 283 4942
8891 2 2 200 11 93 690 4957
8892 2 2 200 11 250 691 4958
8893 2 2 200 11 106 675 4959
8894 2 2 200 11 230 670 4955
8895 2 2 200 11 677 159 4960
8896 2 2 200 11 660 178 4951
8897 2 2 200 11 689 2 4952
8898 2 2 200 11 210 654 4950
8899 2 2 200 11 158 677 4961
8900 2 2 200 11 655 166 4954
8901 2 2 200 11 145 663 4956
8902 2 2 200 11 223 667 4953
8903 2 2 200 11 656 87 4962
8904 2 2 200 11 1511 1937 1938
8905 2 2 200 11 2333 2932 3167
8906 2 2 200 11 3249 2772 4886
8907 2 2 200 11 722 354 5052
8908 2 2 200 11 3534 2070 5049
8909 2 2 200 11 312 313 4902
8910 2 2 200 11 3775 2817 4964
8911 2 2 200 11 3408 3392 5013
8912 2 2 200 11 2406 2404 2791
8913 2 2 200 11 4964 2817 4968
8914 2 2 200 11 2766 2765 4965
8915 2 2 200 11 740 523 4967
8916 2 2 200 11 3333 3327 4966
8917 2 2 200 11 2817 2816 4968
8918 2 2 200 11 1922 2021 4914
8919 2 2 200 11 108 109 4972
8920 2 2 200 11 916 919 4897
8921 2 2 200 11 2828 3676 5253
8922 2 2 200 11 4968 2816 4970
8923 2 2 200 11 2250 3403 3437
8924 2 2 200 11 2816 2846 4970
8925 2 2 200 11 4746 4909 5021
8926 2 2 200 11 2300 2301 2302
8927 2 2 200 11 1938 1939 1940
8928 2 2 200 11 3110 3726 4969
8929 2 2 200 11 2276 2050 4997
8930 2 2 200 11 2037 4677 5006
8931 2 2 200 11 4976 692 5238
8932 2 2 200 11 2772 2826 4886
8933 2 2 200 11 598 599 5015
8934 2 2 200 11 109 771 4972
8935 2 2 200 11 913 914 915
8936 2 2 200 11 4218 2860 4973
8937 2 2 200 11 4236 4794 4963
8938 2 2 200 11 616 617 5026
8939 2 2 200 11 910 909 939
8940 2 2 200 11 180 793 4986
8941 2 2 200 11 3138 3139 3140
8942 2 2 200 11 3155 3153 4900
8943 2 2 200 11 2895 1922 4914
8944 2 2 200 11 2768 3866 4980
8945 2 2 200 11 3140 3141 3366
8946 2 2 200 11 4978 2776 4988
8947 2 2 200 11 4879 3763 4913
8948 2 2 200 11 489 848 4977
8949 2 2 200 11 2767 915 4897
8950 2 2 200 11 2764 2948 5028
8951 2 2 200 11 908 910 911
8952 2 2 200 11 915 916 4897
8953 2 2 200 11 4032 4031 5028
8954 2 2 200 11 2837 3238 3399
8955 2 2 200 11 3153 3733 4900
8956 2 2 200 11 3722 3114 5313
8957 2 2 200 11 1714 5008 5043
8958 2 2 200 11 4746 912 4909
8959 2 2 200 11 2369 2368 2370
8960 2 2 200 11 2066 2064 3247
8961 2 2 200 11 735 3555 5173
8962 2 2 200 11 898 897 899
8963 2 2 200 11 2311 2310 2313
8964 2 2 200 11 2302 2303 2304
8965 2 2 200 11 2410 2850 4984
8966 2 2 200 11 939 2878 3111
8967 2 2 200 11 1961 3183 5047
8968 2 2 200 11 179 180 4986
8969 2 2 200 11 913 912 914
8970 2 2 200 11 3218 3836 4985
8971 2 2 200 11 2135 5011 5074
8972 2 2 200 11 3239 3226 3457
8973 2 2 200 11 1924 1926 4978
8974 2 2 200 11 4903 825 4996
8975 2 2 200 11 3391 3408 5433
8976 2 2 200 11 2924 3659 5149
8977 2 2 200 11 2314 2313 2316
8978 2 2 200 11 765 90 4998
8979 2 2 200 11 91 868 4998
8980 2 2 200 11 3225 3224 3226
8981 2 2 200 11 3208 4036 4987
8982 2 2 200 11 908 905 909
8983 2 2 200 11 5006 3672 5553
8984 2 2 200 11 1958 1956 1960
8985 2 2 200 11 4743 3702 5420
8986 2 2 200 11 8 625 804
8987 2 2 200 11 638 12 805
8988 2 2 200 11 3204 3245 3246
8989 2 2 200 11 2052 2276 4974
8990 2 2 200 11 911 910 912
8991 2 2 200 11 911 912 913
8992 2 2 200 11 4813 4455 5013
8993 2 2 200 11 1939 1937 3129
8994 2 2 200 11 2336 2327 2337
8995 2 2 200 11 68 3785 5321
8996 2 2 200 11 2362 2363 2364
8997 2 2 200 11 18 807 5102
8998 2 2 200 11 3541 2278 5209
8999 2 2 200 11 1684 3117 4988
9000 2 2 200 11 1940 1939 1942
9001 2 2 200 11 1957 1959 1961
9002 2 2 200 11 10 631 647
9003 2 2 200 11 644 14 648
9004 2 2 200 11 2049 2939 4997
9005 2 2 200 11 3058 3420 4992
9006 2 2 200 11 2384 3522 5145
9007 2 2 200 11 2381 2380 2384
9008 2 2 200 11 2795 2769 4993
9009 2 2 200 11 2352 2350 2353
9010 2 2 200 11 3550 3340 5496
9011 2 2 200 11 2795 4993 5036
9012 2 2 200 11 2250 3438 4914
9013 2 2 200 11 1509 1542 1544
9014 2 2 200 11 3429 3155 4900
9015 2 2 200 11 2904 2342 3377
9016 2 2 200 11 2021 2250 4914
9017 2 2 200 11 132 651 5009
9018 2 2 200 11 2304 2305 2306
9019 2 2 200 11 172 4917 4952
9020 2 2 200 11 4919 209 4950
9021 2 2 200 11 4943 157 4961
9022 2 2 200 11 167 4945 4954
9023 2 2 200 11 88 4918 4962
9024 2 2 200 11 908 909 910
9025 2 2 200 11 3366 3141 3394
9026 2 2 200 11 4897 1692 4993
9027 2 2 200 11 2831 2366 2881
9028 2 2 200 11 2083 2218 2241
9029 2 2 200 11 3671 4465 5179
9030 2 2 200 11 2244 1983 2971
9031 2 2 200 11 3655 701 5075
9032 2 2 200 11 1938 1937 1939
9033 2 2 200 11 3191 5209 5401
9034 2 2 200 11 2875 2874 3224
9035 2 2 200 11 2348 2368 2369
9036 2 2 200 11 910 939 4909
9037 2 2 200 11 14 643 2922
9038 2 2 200 11 2319 2320 2321
9039 2 2 200 11 4057 4056 5055
9040 2 2 200 11 3505 3504 5124
9041 2 2 200 11 3817 2840 5060
9042 2 2 200 11 1511 907 1937
9043 2 2 200 11 1961 1962 2135
9044 2 2 200 11 3487 3486 5046
9045 2 2 200 11 225 3977 5548
9046 2 2 200 11 832 4898 5003
9047 2 2 200 11 1684 4988 4995
9048 2 2 200 11 3744 2712 4994
9049 2 2 200 11 630 629 808
9050 2 2 200 11 646 645 809
9051 2 2 200 11 2899 2900 3378
9052 2 2 200 11 627 626 803
9053 2 2 200 11 637 636 802
9054 2 2 200 11 3192 3810 5066
9055 2 2 200 11 4951 179 4986
9056 2 2 200 11 912 910 4909
9057 2 2 200 11 1751 1752 2082
9058 2 2 200 11 2070 2067 3721
9059 2 2 200 11 90 91 4998
9060 2 2 200 11 4663 1684 4995
9061 2 2 200 11 2826 2771 5004
9062 2 2 200 11 3508 2421 5119
9063 2 2 200 11 3117 4978 4988
9064 2 2 200 11 2325 2327 2335
9065 2 2 200 11 2364 2365 3162
9066 2 2 200 11 3140 3139 3141
9067 2 2 200 11 12 637 2841
9068 2 2 200 11 5291 3546 5374
9069 2 2 200 11 2245 4903 5574
9070 2 2 200 11 3817 657 5218
9071 2 2 200 11 3183 5139 5153
9072 2 2 200 11 2064 2052 4974
9073 2 2 200 11 2050 2049 4997
9074 2 2 200 11 2767 4897 4993
9075 2 2 200 11 2354 2353 2355
9076 2 2 200 11 4971 3246 5402
9077 2 2 200 11 2035 1960 2036
9078 2 2 200 11 2769 2767 4993
9079 2 2 200 11 3138 3137 3139
9080 2 2 200 11 2966 2756 5002
9081 2 2 200 11 715 5223 5621
9082 2 2 200 11 3854 3855 5062
9083 2 2 200 11 2829 2320 2830
9084 2 2 200 11 625 624 2909
9085 2 2 200 11 2863 2957 5427
9086 2 2 200 11 4055 4058 5055
9087 2 2 200 11 2819 3356 3473
9088 2 2 200 11 2346 2344 5105
9089 2 2 200 11 3403 2221 5053
9090 2 2 200 11 5008 2875 5043
9091 2 2 200 11 635 11 820
9092 2 2 200 11 9 628 821
9093 2 2 200 11 280 281 5030
9094 2 2 200 11 2335 2901 4983
9095 2 2 200 11 2335 2336 2899
9096 2 2 200 11 3740 3410 5561
9097 2 2 200 11 604 811 5148
9098 2 2 200 11 2387 2831 3373
9099 2 2 200 11 2354 2358 2359
9100 2 2 200 11 3437 758 5544
9101 2 2 200 11 2358 2355 2362
9102 2 2 200 11 3761 2827 5094
9103 2 2 200 11 2838 2882 5060
9104 2 2 200 11 2308 2306 2312
9105 2 2 200 11 2249 2247 3108
9106 2 2 200 11 624 623 818
9107 2 2 200 11 640 639 819
9108 2 2 200 11 2244 2971 3131
9109 2 2 200 11 1715 1751 5008
9110 2 2 200 11 3938 3937 5575
9111 2 2 200 11 1534 4747 5038
9112 2 2 200 11 886 151 5033
9113 2 2 200 11 152 669 5033
9114 2 2 200 11 939 3111 4909
9115 2 2 200 11 2780 3236 5057
9116 2 2 200 11 3748 2943 5086
9117 2 2 200 11 5139 3136 5153
9118 2 2 200 11 2357 2356 2360
9119 2 2 200 11 5 462 5096
9120 2 2 200 11 2895 3532 5625
9121 2 2 200 11 3486 3488 5046
9122 2 2 200 11 2296 2295 2297
9123 2 2 200 11 3709 3180 5159
9124 2 2 200 11 774 273 5034
9125 2 2 200 11 274 877 5034
9126 2 2 200 11 2194 2854 2941
9127 2 2 200 11 2868 3132 5116
9128 2 2 200 11 2373 2372 2374
9129 2 2 200 11 631 630 896
9130 2 2 200 11 2382 2917 3137
9131 2 2 200 11 633 632 817
9132 2 2 200 11 643 642 816
9133 2 2 200 11 502 719 5099
9134 2 2 200 11 3866 2773 5152
9135 2 2 200 11 2389 2361 2894
9136 2 2 200 11 609 610 5063
9137 2 2 200 11 5027 3119 5076
9138 2 2 200 11 870 3427 5287
9139 2 2 200 11 629 9 2823
9140 2 2 200 11 2843 2842 3444
9141 2 2 200 11 904 1511 4989
9142 2 2 200 11 907 905 908
9143 2 2 200 11 164 3809 5372
9144 2 2 200 11 599 814 5015
9145 2 2 200 11 2331 2326 2332
9146 2 2 200 11 2359 2366 2387
9147 2 2 200 11 3340 2830 3409
9148 2 2 200 11 2325 2323 2327
9149 2 2 200 11 2899 2336 2900
9150 2 2 200 11 2084 2820 2874
9151 2 2 200 11 2074 2075 5170
9152 2 2 200 11 2330 3386 5239
9153 2 2 200 11 2755 2340 3112
9154 2 2 200 11 607 608 5065
9155 2 2 200 11 788 234 5041
9156 2 2 200 11 4677 3095 5006
9157 2 2 200 11 3601 3161 5052
9158 2 2 200 11 4019 2919 5067
9159 2 2 200 11 2771 2795 5004
9160 2 2 200 11 2951 3441 5066
9161 2 2 200 11 2353 5027 5076
9162 2 2 200 11 904 905 907
9163 2 2 200 11 3114 3722 5268
9164 2 2 200 11 3247 2064 4974
9165 2 2 200 11 2371 2370 2372
9166 2 2 200 11 2379 2380 2381
9167 2 2 200 11 1953 1954 1955
9168 2 2 200 11 131 132 5009
9169 2 2 200 11 3684 839 5351
9170 2 2 200 11 2036 2211 4971
9171 2 2 200 11 2319 2317 2320
9172 2 2 200 11 4438 3027 5062
9173 2 2 200 11 2862 2863 5069
9174 2 2 200 11 2379 2381 2382
9175 2 2 200 11 3207 2192 3401
9176 2 2 200 11 2363 2355 5076
9177 2 2 200 11 3241 1955 5047
9178 2 2 200 11 3377 2342 5044
9179 2 2 200 11 2374 2376 2378
9180 2 2 200 11 632 10 2818
9181 2 2 200 11 2907 4193 5072
9182 2 2 200 11 355 3601 5052
9183 2 2 200 11 2564 3165 5068
9184 2 2 200 11 3727 810 5196
9185 2 2 200 11 1714 1715 5008
9186 2 2 200 11 3335 4924 5583
9187 2 2 200 11 4479 2562 5068
9188 2 2 200 11 2335 2327 2336
9189 2 2 200 11 4041 271 5227
9190 2 2 200 11 881 4915 5352
9191 2 2 200 11 3361 2906 5072
9192 2 2 200 11 2321 2320 2829
9193 2 2 200 11 2333 5035 5103
9194 2 2 200 11 904 903 905
9195 2 2 200 11 2825 3616 5528
9196 2 2 200 11 4993 1692 5036
9197 2 2 200 11 3381 3380 5096
9198 2 2 200 11 2920 3950 5067
9199 2 2 200 11 2364 3162 3222
9200 2 2 200 11 1983 1940 4991
9201 2 2 200 11 4499 3419 5070
9202 2 2 200 11 3198 3765 5537
9203 2 2 200 11 1940 1942 4991
9204 2 2 200 11 2829 2830 3340
9205 2 2 200 11 2837 2836 3237
9206 2 2 200 11 2302 2301 2303
9207 2 2 200 11 799 221 5050
9208 2 2 200 11 3337 2896 5200
9209 2 2 200 11 641 13 829
9210 2 2 200 11 7 634 828
9211 2 2 200 11 883 4602 5356
9212 2 2 200 11 3532 2895 5293
9213 2 2 200 11 3884 2865 5079
9214 2 2 200 11 2302 2304 5136
9215 2 2 200 11 642 641 2868
9216 2 2 200 11 2313 2310 2315
9217 2 2 200 11 498 499 5014
9218 2 2 200 11 2361 2360 5010
9219 2 2 200 11 3893 2966 5017
9220 2 2 200 11 1751 2082 2084
9221 2 2 200 11 2084 2082 2820
9222 2 2 200 11 2352 2353 2354
9223 2 2 200 11 1961 1959 1962
9224 2 2 200 11 2387 2366 2831
9225 2 2 200 11 2382 3138 5016
9226 2 2 200 11 3222 3162 3447
9227 2 2 200 11 2300 2298 2301
9228 2 2 200 11 2892 2078 5078
9229 2 2 200 11 3204 2894 3245
9230 2 2 200 11 2304 2303 2305
9231 2 2 200 11 2943 2944 5086
9232 2 2 200 11 2371 2373 2915
9233 2 2 200 11 11 646 2294
9234 2 2 200 11 2873 2872 5305
9235 2 2 200 11 3740 3737 5183
9236 2 2 200 11 2698 3644 5166
9237 2 2 200 11 3392 4813 5013
9238 2 2 200 11 2866 3809 5079
9239 2 2 200 11 2354 2355 2358
9240 2 2 200 11 1953 1955 3241
9241 2 2 200 11 2382 2381 2917
9242 2 2 200 11 3187 2802 5080
9243 2 2 200 11 2590 2869 5081
9244 2 2 200 11 2082 2083 5005
9245 2 2 200 11 2837 3237 3238
9246 2 2 200 11 5096 462 5413
9247 2 2 200 11 1744 1534 5038
9248 2 2 200 11 4596 3423 5020
9249 2 2 200 11 2339 2329 2340
9250 2 2 200 11 2343 3405 5024
9251 2 2 200 11 4145 4146 5085
9252 2 2 200 11 2874 2820 3159
9253 2 2 200 11 2351 2352 2356
9254 2 2 200 11 4458 2892 5195
9255 2 2 200 11 3124 3115 5022
9256 2 2 200 11 2407 4994 5022
9257 2 2 200 11 878 3476 5619
9258 2 2 200 11 2359 2358 2366
9259 2 2 200 11 1751 2084 5008
9260 2 2 200 11 2326 2325 4983
9261 2 2 200 11 617 815 5026
9262 2 2 200 11 1955 1957 5047
9263 2 2 200 11 2877 3845 5023
9264 2 2 200 11 2242 2271 3371
9265 2 2 200 11 755 440 5121
9266 2 2 200 11 441 3705 5121
9267 2 2 200 11 902 903 904
9268 2 2 200 11 1962 2193 2194
9269 2 2 200 11 773 116 5058
9270 2 2 200 11 117 876 5058
9271 2 2 200 11 2035 2192 3121
9272 2 2 200 11 2941 2854 3357
9273 2 2 200 11 2079 4709 5078
9274 2 2 200 11 2297 2295 2299
9275 2 2 200 11 2388 2385 5449
9276 2 2 200 11 2360 2356 2836
9277 2 2 200 11 3603 3602 5195
9278 2 2 200 11 2343 2904 3404
9279 2 2 200 11 2194 2193 2854
9280 2 2 200 11 2345 2347 2349
9281 2 2 200 11 2296 2297 2298
9282 2 2 200 11 2971 1983 4991
9283 2 2 200 11 666 41 5061
9284 2 2 200 11 2755 3439 3440
9285 2 2 200 11 665 3748 5086
9286 2 2 200 11 5022 3115 5025
9287 2 2 200 11 1962 1959 2193
9288 2 2 200 11 901 899 906
9289 2 2 200 11 2347 2346 2348
9290 2 2 200 11 3115 3116 5025
9291 2 2 200 11 2333 2332 2932
9292 2 2 200 11 2798 3231 5091
9293 2 2 200 11 1957 1958 1959
9294 2 2 200 11 2371 2372 2373
9295 2 2 200 11 2317 2316 4981
9296 2 2 200 11 2396 3193 4895
9297 2 2 200 11 1955 1954 1956
9298 2 2 200 11 3231 2784 5093
9299 2 2 200 11 2915 2373 2916
9300 2 2 200 11 2827 2041 5094
9301 2 2 200 11 2040 3083 5094
9302 2 2 200 11 4980 3866 5130
9303 2 2 200 11 2406 2791 2792
9304 2 2 200 11 1957 1956 1958
9305 2 2 200 11 3599 3598 5225
9306 2 2 200 11 291 292 5064
9307 2 2 200 11 2386 2774 3347
9308 2 2 200 11 913 1526 5056
9309 2 2 200 11 809 645 2293
9310 2 2 200 11 2348 2369 3119
9311 2 2 200 11 4031 2764 5028
9312 2 2 200 11 2083 2241 5005
9313 2 2 200 11 803 626 2344
9314 2 2 200 11 2405 3338 3339
9315 2 2 200 11 898 899 900
9316 2 2 200 11 2929 3765 5377
9317 2 2 200 11 3376 2921 5098
9318 2 2 200 11 3203 3787 5107
9319 2 2 200 11 2328 2339 2876
9320 2 2 200 11 2266 2265 5551
9321 2 2 200 11 2393 2394 2395
9322 2 2 200 11 4991 1942 5007
9323 2 2 200 11 1958 1960 2035
9324 2 2 200 11 13 640 2392
9325 2 2 200 11 2837 3399 5010
9326 2 2 200 11 2369 2370 2371
9327 2 2 200 11 2844 3435 5107
9328 2 2 200 11 802 636 3189
9329 2 2 200 11 908 911 5000
9330 2 2 200 11 623 7 2402
9331 2 2 200 11 2360 2836 2837
9332 2 2 200 11 853 3425 5636
9333 2 2 200 11 5003 3466 5257
9334 2 2 200 11 3989 3990 5164
9335 2 2 200 11 796 280 5030
9336 2 2 200 11 3129 1937 5000
9337 2 2 200 11 4053 2855 5106
9338 2 2 200 11 222 4953 5050
9339 2 2 200 11 2351 2350 2352
9340 2 2 200 11 4004 4005 5106
9341 2 2 200 11 311 312 5083
9342 2 2 200 11 3630 3629 5140
9343 2 2 200 11 832 5003 5029
9344 2 2 200 11 902 901 903
9345 2 2 200 11 2305 2342 2343
9346 2 2 200 11 4738 3341 5098
9347 2 2 200 11 2328 2299 2329
9348 2 2 200 11 3470 4746 5021
9349 2 2 200 11 2337 2327 5012
9350 2 2 200 11 869 4958 5127
9351 2 2 200 11 2084 2875 5008
9352 2 2 200 11 2305 2303 2342
9353 2 2 200 11 3215 3213 5108
9354 2 2 200 11 893 17 5102
9355 2 2 200 11 4053 5106 5181
9356 2 2 200 11 151 152 5033
9357 2 2 200 11 86 656 5082
9358 2 2 200 11 2393 2395 2396
9359 2 2 200 11 2843 3444 3445
9360 2 2 200 11 2755 3112 3439
9361 2 2 200 11 1955 1956 1957
9362 2 2 200 11 2320 2317 4981
9363 2 2 200 11 2035 2036 2192
9364 2 2 200 11 3633 535 5206
9365 2 2 200 11 273 274 5034
9366 2 2 200 11 2403 2404 2405
9367 2 2 200 11 2894 2361 5010
9368 2 2 200 11 2910 4024 5113
9369 2 2 200 11 839 3568 5204
9370 2 2 200 11 2343 2342 2904
9371 2 2 200 11 5000 911 5056
9372 2 2 200 11 819 639 2391
9373 2 2 200 11 1937 907 5000
9374 2 2 200 11 3106 3797 5141
9375 2 2 200 11 298 299 5089
9376 2 2 200 11 779 4923 5208
9377 2 2 200 11 1692 2963 5036
9378 2 2 200 11 2345 2346 2347
9379 2 2 200 11 833 338 5297
9380 2 2 200 11 3083 3082 5118
9381 2 2 200 11 900 899 901
9382 2 2 200 11 3347 2774 5042
9383 2 2 200 11 2322 2324 5239
9384 2 2 200 11 900 901 902
9385 2 2 200 11 504 505 5037
9386 2 2 200 11 2362 2364 5018
9387 2 2 200 11 2345 2344 2346
9388 2 2 200 11 4930 5169 5489
9389 2 2 200 11 3855 3242 5187
9390 2 2 200 11 739 3640 5092
9391 2 2 200 11 2349 2350 2351
9392 2 2 200 11 3435 3436 5348
9393 2 2 200 11 5178 822 5345
9394 2 2 200 11 907 908 5000
9395 2 2 200 11 2135 1962 5011
9396 2 2 200 11 3129 5000 5056
9397 2 2 200 11 821 628 2390
9398 2 2 200 11 838 3567 5303
9399 2 2 200 11 2325 2335 4983
9400 2 2 200 11 2331 2333 5103
9401 2 2 200 11 335 827 5288
9402 2 2 200 11 2339 2340 2755
9403 2 2 200 11 4726 3587 5278
9404 2 2 200 11 3963 232 5432
9405 2 2 200 11 539 540 5039
9406 2 2 200 11 3539 258 5637
9407 2 2 200 11 3876 3905 5127
9408 2 2 200 11 4636 1905 5118
9409 2 2 200 11 2301 2298 2334
9410 2 2 200 11 234 235 5041
9411 2 2 200 11 242 243 5097
9412 2 2 200 11 2830 2320 4981
9413 2 2 200 11 3121 2192 3207
9414 2 2 200 11 5130 3866 5152
9415 2 2 200 11 3795 3413 5137
9416 2 2 200 11 750 3419 5514
9417 2 2 200 11 4994 3124 5022
9418 2 2 200 11 189 190 5101
9419 2 2 200 11 3338 3529 5630
9420 2 2 200 11 2845 2935 5129
9421 2 2 200 11 809 2293 3186
9422 2 2 200 11 3973 770 5586
9423 2 2 200 11 2221 2914 5053
9424 2 2 200 11 5035 2890 5103
9425 2 2 200 11 2323 2321 5012
9426 2 2 200 11 2914 5011 5613
9427 2 2 200 11 3481 4254 5137
9428 2 2 200 11 4133 4134 5135
9429 2 2 200 11 2349 2347 2350
9430 2 2 200 11 2321 2829 5012
9431 2 2 200 11 2312 2306 5024
9432 2 2 200 11 3540 4979 4990
9433 2 2 200 11 4131 4130 5135
9434 2 2 200 11 2881 2366 5019
9435 2 2 200 11 2820 2082 5005
9436 2 2 200 11 2857 3417 5134
9437 2 2 200 11 2332 2326 4983
9438 2 2 200 11 1962 2194 5011
9439 2 2 200 11 2938 1744 5038
9440 2 2 200 11 3401 2192 4971
9441 2 2 200 11 3457 864 5498
9442 2 2 200 11 134 135 5110
9443 2 2 200 11 4987 4034 5555
9444 2 2 200 11 201 202 5111
9445 2 2 200 11 3340 3550 5132
9446 2 2 200 11 2877 3557 5336
9447 2 2 200 11 756 379 5158
9448 2 2 200 11 2396 2897 3193
9449 2 2 200 11 3640 3641 5301
9450 2 2 200 11 675 107 5112
9451 2 2 200 11 2306 2305 5024
9452 2 2 200 11 633 817 3202
9453 2 2 200 11 754 551 5159
9454 2 2 200 11 552 3709 5159
9455 2 2 200 11 4821 2181 5490
9456 2 2 200 11 676 264 5114
9457 2 2 200 11 2360 2837 5010
9458 2 2 200 11 4916 85 5082
9459 2 2 200 11 3519 3520 5059
9460 2 2 200 11 2192 2036 4971
9461 2 2 200 11 3502 3612 5430
9462 2 2 200 11 3374 2909 5383
9463 2 2 200 11 221 222 5050
9464 2 2 200 11 3109 3087 5075
9465 2 2 200 11 2328 2329 2339
9466 2 2 200 11 2356 2352 5001
9467 2 2 200 11 2395 2394 2787
9468 2 2 200 11 354 355 5052
9469 2 2 200 11 3472 2210 5512
9470 2 2 200 11 2376 2379 5016
9471 2 2 200 11 2932 3778 5331
9472 2 2 200 11 4895 3193 4999
9473 2 2 200 11 4946 3805 5344
9474 2 2 200 11 1542 1714 5073
9475 2 2 200 11 2875 3225 5043
9476 2 2 200 11 2327 2323 5012
9477 2 2 200 11 2354 2359 5001
9478 2 2 200 11 2352 2354 5001
9479 2 2 200 11 2297 2299 2328
9480 2 2 200 11 803 2344 2345
9481 2 2 200 11 2787 2890 5035
9482 2 2 200 11 3240 3499 5350
9483 2 2 200 11 2364 3222 5018
9484 2 2 200 11 2358 2362 5019
9485 2 2 200 11 5212 906 5314
9486 2 2 200 11 2307 3451 5136
9487 2 2 200 11 2405 2404 2406
9488 2 2 200 11 814 3519 5416
9489 2 2 200 11 236 679 5123
9490 2 2 200 11 2337 5012 5132
9491 2 2 200 11 2365 3511 5233
9492 2 2 200 11 3211 4175 5146
9493 2 2 200 11 2909 3118 5383
9494 2 2 200 11 3127 3459 5146
9495 2 2 200 11 2379 2382 5016
9496 2 2 200 11 3789 3817 5218
9497 2 2 200 11 802 3189 3190
9498 2 2 200 11 15 16 5125
9499 2 2 200 11 327 328 5126
9500 2 2 200 11 3943 3944 5150
9501 2 2 200 11 3942 2898 5150
9502 2 2 200 11 5216 2945 5235
9503 2 2 200 11 297 298 5131
9504 2 2 200 11 437 438 5171
9505 2 2 200 11 2090 2924 5149
9506 2 2 200 11 2181 2016 5149
9507 2 2 200 11 340 822 5343
9508 2 2 200 11 4977 848 5151
9509 2 2 200 11 3563 5340 5564
9510 2 2 200 11 5295 732 5374
9511 2 2 200 11 3615 3614 5177
9512 2 2 200 11 2836 2356 5001
9513 2 2 200 11 4056 4055 5055
9514 2 2 200 11 3138 3140 5045
9515 2 2 200 11 2353 2350 5027
9516 2 2 200 11 108 4972 5112
9517 2 2 200 11 2362 5018 5019
9518 2 2 200 11 742 3652 5180
9519 2 2 200 11 3755 903 5054
9520 2 2 200 11 3339 3338 3434
9521 2 2 200 11 3642 716 5446
9522 2 2 200 11 2935 3835 5201
9523 2 2 200 11 2378 2376 5016
9524 2 2 200 11 2851 3702 5515
9525 2 2 200 11 2305 2343 5024
9526 2 2 200 11 3768 761 5309
9527 2 2 200 11 4972 3450 5112
9528 2 2 200 11 2782 2780 5057
9529 2 2 200 11 116 117 5058
9530 2 2 200 11 2366 2358 5019
9531 2 2 200 11 834 3556 5640
9532 2 2 200 11 2840 2838 5060
9533 2 2 200 11 2405 2406 3338
9534 2 2 200 11 763 103 5143
9535 2 2 200 11 104 866 5143
9536 2 2 200 11 426 427 5186
9537 2 2 200 11 3498 3405 5591
9538 2 2 200 11 5035 3167 5379
9539 2 2 200 11 2077 4473 5155
9540 2 2 200 11 3371 2271 4999
9541 2 2 200 11 3991 3989 5164
9542 2 2 200 11 4433 4992 5191
9543 2 2 200 11 3651 1944 5566
9544 2 2 200 11 813 5438 5576
9545 2 2 200 11 2316 2313 5051
9546 2 2 200 11 566 842 5190
9547 2 2 200 11 709 565 5190
9548 2 2 200 11 3027 3854 5062
9549 2 2 200 11 3235 4689 5155
9550 2 2 200 11 3496 3495 5196
9551 2 2 200 11 3717 3718 5590
9552 2 2 200 11 5356 4602 5470
9553 2 2 200 11 757 512 5194
9554 2 2 200 11 513 3714 5194
9555 2 2 200 11 41 42 5061
9556 2 2 200 11 3526 1493 5184
9557 2 2 200 11 1957 1961 5047
9558 2 2 200 11 3647 739 5092
9559 2 2 200 11 5043 3240 5073
9560 2 2 200 11 610 894 5063
9561 2 2 200 11 2313 2315 5051
9562 2 2 200 11 819 5193 5397
9563 2 2 200 11 895 607 5065
9564 2 2 200 11 3535 3534 5049
9565 2 2 200 11 4005 2508 5164
9566 2 2 200 11 5062 3855 5503
9567 2 2 200 11 2707 2698 5166
9568 2 2 200 11 3107 3223 5172
9569 2 2 200 11 3839 2940 5169
9570 2 2 200 11 2743 3938 5460
9571 2 2 200 11 2347 2348 5027
9572 2 2 200 11 4065 3126 5197
9573 2 2 200 11 292 786 5064
9574 2 2 200 11 536 703 5206
9575 2 2 200 11 343 758 5320
9576 2 2 200 11 3537 764 5298
9577 2 2 200 11 3810 2951 5066
9578 2 2 200 11 2919 2920 5067
9579 2 2 200 11 3694 844 5071
9580 2 2 200 11 4144 5085 5550
9581 2 2 200 11 5205 3375 5582
9582 2 2 200 11 3582 407 5437
9583 2 2 200 11 3879 2862 5069
9584 2 2 200 11 757 5194 5319
9585 2 2 200 11 3350 3475 5618
9586 2 2 200 11 597 853 5228
9587 2 2 200 11 733 37 5154
9588 2 2 200 11 30 31 5163
9589 2 2 200 11 3499 3152 5406
9590 2 2 200 11 821 2390 3195
9591 2 2 200 11 5032 2388 5449
9592 2 2 200 11 3678 3677 5468
9593 2 2 200 11 38 881 5154
9594 2 2 200 11 3163 3520 5323
9595 2 2 200 11 2562 2564 5068
9596 2 2 200 11 3116 3563 5564
9597 2 2 200 11 2886 4780 5167
9598 2 2 200 11 676 4019 5410
9599 2 2 200 11 3475 2858 5618
9600 2 2 200 11 2396 2395 2897
9601 2 2 200 11 5352 4915 5527
9602 2 2 200 11 2348 3119 5027
9603 2 2 200 11 3482 3480 5109
9604 2 2 200 11 3459 3387 5266
9605 2 2 200 11 3628 3626 5389
9606 2 2 200 11 903 901 5054
9607 2 2 200 11 4484 3619 5283
9608 2 2 200 11 3136 5054 5153
9609 2 2 200 11 781 4935 5141
9610 2 2 200 11 2193 1959 5031
9611 2 2 200 11 75 3823 5289
9612 2 2 200 11 2236 4499 5070
9613 2 2 200 11 3423 703 5450
9614 2 2 200 11 1714 5043 5073
9615 2 2 200 11 561 749 5217
9616 2 2 200 11 693 3673 5483
9617 2 2 200 11 911 913 5056
9618 2 2 200 11 5001 2359 5090
9619 2 2 200 11 3704 3757 5539
9620 2 2 200 11 3212 3211 5467
9621 2 2 200 11 213 780 5156
9622 2 2 200 11 2906 2907 5072
9623 2 2 200 11 100 101 5157
9624 2 2 200 11 2836 5001 5090
9625 2 2 200 11 3596 4901 5203
9626 2 2 200 11 3747 4068 5330
9627 2 2 200 11 2033 2037 5179
9628 2 2 200 11 4465 2150 5179
9629 2 2 200 11 3159 2820 5040
9630 2 2 200 11 2035 3121 5031
9631 2 2 200 11 2308 2312 5084
9632 2 2 200 11 895 5259 5507
9633 2 2 200 11 3461 560 5217
9634 2 2 200 11 2900 2336 5095
9635 2 2 200 11 3969 3968 5189
9636 2 2 200 11 4512 4385 5470
9637 2 2 200 11 2819 3473 5048
9638 2 2 200 11 4458 5195 5317
9639 2 2 200 11 2374 2378 5100
9640 2 2 200 11 2975 3794 5208
9641 2 2 200 11 815 3550 5496
9642 2 2 200 11 777 143 5160
9643 2 2 200 11 1959 1958 5031
9644 2 2 200 11 4021 4018 5114
9645 2 2 200 11 291 5064 5230
9646 2 2 200 11 761 311 5083
9647 2 2 200 11 2782 5057 5093
9648 2 2 200 11 755 3485 5415
9649 2 2 200 11 3129 4980 5130
9650 2 2 200 11 4007 4006 5189
9651 2 2 200 11 2350 2347 5027
9652 2 2 200 11 2078 2079 5078
9653 2 2 200 11 3370 3065 5191
9654 2 2 200 11 4896 3196 5204
9655 2 2 200 11 2270 2218 5426
9656 2 2 200 11 3808 784 5372
9657 2 2 200 11 2865 2866 5079
9658 2 2 200 11 3715 543 5339
9659 2 2 200 11 2249 3108 5087
9660 2 2 200 11 4992 712 5191
9661 2 2 200 11 891 3527 5393
9662 2 2 200 11 1939 3129 5130
9663 2 2 200 11 4979 2367 5316
9664 2 2 200 11 831 3524 5380
9665 2 2 200 11 2883 3368 5199
9666 2 2 200 11 3530 2792 5087
9667 2 2 200 11 2802 2800 5080
9668 2 2 200 11 2957 4259 5214
9669 2 2 200 11 3511 3119 5162
9670 2 2 200 11 901 906 5054
9671 2 2 200 11 3342 2590 5081
9672 2 2 200 11 3621 3125 5549
9673 2 2 200 11 2956 596 5228
9674 2 2 200 11 85 86 5082
9675 2 2 200 11 725 3695 5241
9676 2 2 200 11 2997 3375 5205
9677 2 2 200 11 5012 2829 5132
9678 2 2 200 11 4493 2185 5203
9679 2 2 200 11 4024 2888 5207
9680 2 2 200 11 3681 3680 5247
9681 2 2 200 11 2968 3785 5207
9682 2 2 200 11 694 481 5147
9683 2 2 200 11 813 333 5438
9684 2 2 200 11 3135 3136 5139
9685 2 2 200 11 4961 677 5069
9686 2 2 200 11 2315 2310 5084
9687 2 2 200 11 2916 2373 5100
9688 2 2 200 11 3579 3580 5376
9689 2 2 200 11 346 649 5325
9690 2 2 200 11 3454 4484 5283
9691 2 2 200 11 123 124 5176
9692 2 2 200 11 4144 4145 5085
9693 2 2 200 11 2944 3840 5086
9694 2 2 200 11 1958 2035 5031
9695 2 2 200 11 890 318 5436
9696 2 2 200 11 319 859 5436
9697 2 2 200 11 854 3447 5323
9698 2 2 200 11 399 400 5251
9699 2 2 200 11 3343 4328 5211
9700 2 2 200 11 823 583 5525
9701 2 2 200 11 133 134 5181
9702 2 2 200 11 2602 4878 5172
9703 2 2 200 11 5080 2800 5091
9704 2 2 200 11 3572 3573 5447
9705 2 2 200 11 3621 3622 5505
9706 2 2 200 11 3675 3676 5386
9707 2 2 200 11 3938 3939 5460
9708 2 2 200 11 706 3625 5088
9709 2 2 200 11 3569 4896 5204
9710 2 2 200 11 1544 1542 5073
9711 2 2 200 11 716 393 5254
9712 2 2 200 11 3533 3560 5486
9713 2 2 200 11 4163 4162 5221
9714 2 2 200 11 2947 3351 5221
9715 2 2 200 11 3116 2238 5210
9716 2 2 200 11 144 4956 5160
9717 2 2 200 11 3441 3442 5346
9718 2 2 200 11 2236 3639 5335
9719 2 2 200 11 287 288 5187
9720 2 2 200 11 3446 3363 5223
9721 2 2 200 11 299 778 5089
9722 2 2 200 11 531 532 5261
9723 2 2 200 11 5090 2387 5120
9724 2 2 200 11 3525 860 5256
9725 2 2 200 11 3381 5096 5413
9726 2 2 200 11 3684 5351 5519
9727 2 2 200 11 488 4977 5620
9728 2 2 200 11 3458 2341 5452
9729 2 2 200 11 4780 2861 5412
9730 2 2 200 11 2795 5036 5119
9731 2 2 200 11 2193 5031 5128
9732 2 2 200 11 4938 683 5384
9733 2 2 200 11 2237 3221 5210
9734 2 2 200 11 3548 3549 5095
9735 2 2 200 11 2303 2301 5044
9736 2 2 200 11 2137 2292 5226
9737 2 2 200 11 2800 2798 5091
9738 2 2 200 11 2821 2136 5226
9739 2 2 200 11 3445 3444 5396
9740 2 2 200 11 718 3710 5277
9741 2 2 200 11 4987 798 5371
9742 2 2 200 11 189 5101 5334
9743 2 2 200 11 2277 2045 5225
9744 2 2 200 11 2928 3424 5229
9745 2 2 200 11 2864 4490 5092
9746 2 2 200 11 5041 235 5123
9747 2 2 200 11 2784 2782 5093
9748 2 2 200 11 3336 2331 5103
9749 2 2 200 11 753 3665 5275
9750 2 2 200 11 2342 2303 5044
9751 2 2 200 11 2041 2040 5094
9752 2 2 200 11 2905 3372 5236
9753 2 2 200 11 851 5 5096
9754 2 2 200 11 2310 2308 5084
9755 2 2 200 11 220 799 5202
9756 2 2 200 11 807 3777 5357
9757 2 2 200 11 457 458 5276
9758 2 2 200 11 2280 2283 5234
9759 2 2 200 11 804 3720 5105
9760 2 2 200 11 3380 2279 5234
9761 2 2 200 11 2355 2353 5076
9762 2 2 200 11 2899 3378 5161
9763 2 2 200 11 2164 2887 5237
9764 2 2 200 11 2893 1949 5237
9765 2 2 200 11 811 3728 5133
9766 2 2 200 11 714 3502 5439
9767 2 2 200 11 3664 693 5361
9768 2 2 200 11 4707 3383 5223
9769 2 2 200 11 2717 2711 5238
9770 2 2 200 11 865 4926 5529
9771 2 2 200 11 2490 2492 5242
9772 2 2 200 11 2869 4580 5488
9773 2 2 200 11 2359 2387 5090
9774 2 2 200 11 670 3959 5559
9775 2 2 200 11 243 657 5097
9776 2 2 200 11 3237 5090 5120
9777 2 2 200 11 890 5436 5630
9778 2 2 200 11 501 502 5099
9779 2 2 200 11 2812 2810 5243
9780 2 2 200 11 3358 2922 5401
9781 2 2 200 11 4967 524 5510
9782 2 2 200 11 2210 1960 5512
9783 2 2 200 11 2820 5005 5040
9784 2 2 200 11 3619 3618 5283
9785 2 2 200 11 5049 2070 5313
9786 2 2 200 11 5031 3121 5128
9787 2 2 200 11 3557 3558 5336
9788 2 2 200 11 476 477 5285
9789 2 2 200 11 3778 3776 5331
9790 2 2 200 11 2908 3244 5246
9791 2 2 200 11 4916 3158 5434
9792 2 2 200 11 2921 4738 5098
9793 2 2 200 11 845 3690 5245
9794 2 2 200 11 694 3512 5628
9795 2 2 200 11 190 674 5101
9796 2 2 200 11 2328 2876 5077
9797 2 2 200 11 4228 4128 5249
9798 2 2 200 11 2777 4776 5219
9799 2 2 200 11 4601 883 5312
9800 2 2 200 11 3761 728 5296
9801 2 2 200 11 3398 4739 5236
9802 2 2 200 11 3361 5072 5557
9803 2 2 200 11 2922 3191 5401
9804 2 2 200 11 778 300 5215
9805 2 2 200 11 657 244 5218
9806 2 2 200 11 820 2296 5115
9807 2 2 200 11 3787 2844 5107
9808 2 2 200 11 2296 2300 5115
9809 2 2 200 11 475 476 5296
9810 2 2 200 11 880 4941 5362
9811 2 2 200 11 885 72 5222
9812 2 2 200 11 73 671 5222
9813 2 2 200 11 868 4957 5307
9814 2 2 200 11 2850 4965 5182
9815 2 2 200 11 2301 2334 5044
9816 2 2 200 11 5002 865 5529
9817 2 2 200 11 3779 760 5326
9818 2 2 200 11 3167 2932 5331
9819 2 2 200 11 4960 3244 5395
9820 2 2 200 11 2336 2337 5095
9821 2 2 200 11 4052 4053 5263
9822 2 2 200 11 272 774 5227
9823 2 2 200 11 4873 2249 5087
9824 2 2 200 11 3523 830 5609
9825 2 2 200 11 17 18 5102
9826 2 2 200 11 2855 4004 5106
9827 2 2 200 11 2005 2142 5262
9828 2 2 200 11 652 290 5230
9829 2 2 200 11 3181 2649 5262
9830 2 2 200 11 120 121 5231
9831 2 2 200 11 740 4967 5248
9832 2 2 200 11 2381 2384 5145
9833 2 2 200 11 5030 281 5250
9834 2 2 200 11 2671 3623 5422
9835 2 2 200 11 3245 2894 5104
9836 2 2 200 11 3605 3606 5569
9837 2 2 200 11 5036 3508 5119
9838 2 2 200 11 3798 3215 5108
9839 2 2 200 11 3237 2836 5090
9840 2 2 200 11 5106 651 5181
9841 2 2 200 11 3492 3491 5255
9842 2 2 200 11 2334 2298 5077
9843 2 2 200 11 482 483 5318
9844 2 2 200 11 3570 3571 5447
9845 2 2 200 11 5023 834 5640
9846 2 2 200 11 4001 2910 5113
9847 2 2 200 11 5127 4958 5304
9848 2 2 200 11 2667 2647 5269
9849 2 2 200 11 4143 4144 5272
9850 2 2 200 11 301 3474 5215
9851 2 2 200 11 135 785 5110
9852 2 2 200 11 830 322 5609
9853 2 2 200 11 1907 1931 5271
9854 2 2 200 11 96 800 5240
9855 2 2 200 11 758 344 5544
9856 2 2 200 11 790 201 5111
9857 2 2 200 11 185 186 5244
9858 2 2 200 11 5096 3380 5573
9859 2 2 200 11 107 108 5112
9860 2 2 200 11 1976 4470 5273
9861 2 2 200 11 2953 2028 5278
9862 2 2 200 11 2924 2923 5277
9863 2 2 200 11 2765 2738 5280
9864 2 2 200 11 2711 4976 5238
9865 2 2 200 11 649 3532 5293
9866 2 2 200 11 2373 2374 5100
9867 2 2 200 11 264 265 5114
9868 2 2 200 11 648 3358 5516
9869 2 2 200 11 652 5062 5503
9870 2 2 200 11 3546 878 5295
9871 2 2 200 11 3538 3537 5298
9872 2 2 200 11 3337 5200 5569
9873 2 2 200 11 3091 4726 5278
9874 2 2 200 11 3189 5115 5165
9875 2 2 200 11 3709 724 5414
9876 2 2 200 11 282 686 5250
9877 2 2 200 11 465 466 5258
9878 2 2 200 11 3632 702 5376
9879 2 2 200 11 3152 3151 5406
9880 2 2 200 11 544 737 5339
9881 2 2 200 11 4977 3397 5620
9882 2 2 200 11 5208 4923 5535
9883 2 2 200 11 4938 5384 5472
9884 2 2 200 11 3566 837 5292
9885 2 2 200 11 1493 1509 5184
9886 2 2 200 11 805 2843 5117
9887 2 2 200 11 764 3537 5637
9888 2 2 200 11 4895 3132 5473
9889 2 2 200 11 481 482 5147
9890 2 2 200 11 5111 202 5469
9891 2 2 200 11 5064 4386 5230
9892 2 2 200 11 4210 4070 5299
9893 2 2 200 11 398 399 5347
9894 2 2 200 11 3171 3170 5457
9895 2 2 200 11 777 3479 5451
9896 2 2 200 11 3133 3827 5324
9897 2 2 200 11 2319 2322 5396
9898 2 2 200 11 3142 3391 5303
9899 2 2 200 11 3082 4636 5118
9900 2 2 200 11 2599 2602 5308
9901 2 2 200 11 797 169 5266
9902 2 2 200 11 54 55 5267
9903 2 2 200 11 3385 2598 5308
9904 2 2 200 11 2742 4373 5302
9905 2 2 200 11 3154 3484 5406
9906 2 2 200 11 3821 3823 5311
9907 2 2 200 11 440 441 5121
9908 2 2 200 11 800 3536 5142
9909 2 2 200 11 78 79 5274
9910 2 2 200 11 3767 3768 5306
9911 2 2 200 11 2341 2299 5452
9912 2 2 200 11 3372 4967 5510
9913 2 2 200 11 77 78 5279
9914 2 2 200 11 4510 2789 5247
9915 2 2 200 11 3708 696 5386
9916 2 2 200 11 3461 3235 5440
9917 2 2 200 11 3176 4153 5327
9918 2 2 200 11 2298 2297 5077
9919 2 2 200 11 4158 661 5638
9920 2 2 200 11 235 236 5123
9921 2 2 200 11 4033 684 5284
9922 2 2 200 11 16 893 5125
9923 2 2 200 11 892 327 5126
9924 2 2 200 11 3912 3910 5311
9925 2 2 200 11 4920 885 5113
9926 2 2 200 11 3152 3499 5441
9927 2 2 200 11 238 871 5282
9928 2 2 200 11 738 478 5373
9929 2 2 200 11 679 237 5282
9930 2 2 200 11 2933 2969 5337
9931 2 2 200 11 3378 2900 5354
9932 2 2 200 11 306 732 5295
9933 2 2 200 11 2304 2307 5136
9934 2 2 200 11 2870 3876 5127
9935 2 2 200 11 3430 3175 5327
9936 2 2 200 11 5348 3436 5580
9937 2 2 200 11 3164 2946 5328
9938 2 2 200 11 878 305 5295
9939 2 2 200 11 2371 2915 5162
9940 2 2 200 11 3130 3382 5330
9941 2 2 200 11 681 140 5286
9942 2 2 200 11 81 870 5287
9943 2 2 200 11 680 80 5287
9944 2 2 200 11 671 74 5289
9945 2 2 200 11 4088 5030 5250
9946 2 2 200 11 3539 2845 5129
9947 2 2 200 11 3589 4524 5365
9948 2 2 200 11 683 218 5294
9949 2 2 200 11 4254 3795 5137
9950 2 2 200 11 3205 2656 5335
9951 2 2 200 11 3973 3975 5349
9952 2 2 200 11 2118 2236 5335
9953 2 2 200 11 3464 3426 5138
9954 2 2 200 11 43 791 5300
9955 2 2 200 11 4734 683 5294
9956 2 2 200 11 3443 3346 5171
9957 2 2 200 11 3081 3080 5342
9958 2 2 200 11 864 3457 5633
9959 2 2 200 11 682 297 5131
9960 2 2 200 11 726 3769 5437
9961 2 2 200 11 5115 2300 5165
9962 2 2 200 11 589 590 5122
9963 2 2 200 11 4130 4133 5135
9964 2 2 200 11 2894 5010 5104
9965 2 2 200 11 2791 2404 5144
9966 2 2 200 11 4485 2857 5134
9967 2 2 200 11 463 715 5413
9968 2 2 200 11 4638 1944 5342
9969 2 2 200 11 3424 3379 5261
9970 2 2 200 11 4112 4111 5465
9971 2 2 200 11 883 295 5312
9972 2 2 200 11 296 682 5312
9973 2 2 200 11 3844 3843 5368
9974 2 2 200 11 3581 2786 5570
9975 2 2 200 11 5059 2916 5138
9976 2 2 200 11 3789 5218 5378
9977 2 2 200 11 697 3679 5592
9978 2 2 200 11 2786 3769 5359
9979 2 2 200 11 892 5126 5174
9980 2 2 200 11 2145 2877 5336
9981 2 2 200 11 3466 3377 5461
9982 2 2 200 11 668 67 5321
9983 2 2 200 11 3629 3631 5140
9984 2 2 200 11 654 211 5322
9985 2 2 200 11 4974 2276 5124
9986 2 2 200 11 744 3634 5229
9987 2 2 200 11 5072 4193 5459
9988 2 2 200 11 2829 3340 5132
9989 2 2 200 11 3172 3803 5366
9990 2 2 200 11 4041 4039 5366
9991 2 2 200 11 2677 2786 5359
9992 2 2 200 11 526 527 5431
9993 2 2 200 11 4459 2679 5359
9994 2 2 200 11 2936 2937 5361
9995 2 2 200 11 3850 3849 5362
9996 2 2 200 11 383 384 5433
9997 2 2 200 11 4973 2860 5307
9998 2 2 200 11 2156 2058 5364
9999 2 2 200 11 408 726 5437
10000 2 2 200 11 458 459 5439
10001 2 2 200 11 2937 4737 5260
10002 2 2 200 11 709 3453 5417
10003 2 2 200 11 3146 3432 5352
10004 2 2 200 11 323 4518 5609
10005 2 2 200 11 4734 3947 5384
10006 2 2 200 11 2387 3373 5120
10007 2 2 200 11 94 95 5329
10008 2 2 200 11 3454 5283 5417
10009 2 2 200 11 196 197 5290
10010 2 2 200 11 759 3501 5358
10011 2 2 200 11 2297 2328 5077
10012 2 2 200 11 3119 2369 5162
10013 2 2 200 11 3721 3722 5313
10014 2 2 200 11 3732 3256 5375
10015 2 2 200 11 3258 4007 5375
10016 2 2 200 11 727 3715 5377
10017 2 2 200 11 4885 2895 5625
10018 2 2 200 11 538 836 5450
10019 2 2 200 11 703 537 5450
10020 2 2 200 11 792 188 5334
10021 2 2 200 11 683 4734 5384
10022 2 2 200 11 5379 3167 5380
10023 2 2 200 11 3685 3684 5519
10024 2 2 200 11 1942 1939 5130
10025 2 2 200 11 3120 3106 5141
10026 2 2 200 11 729 3578 5546
10027 2 2 200 11 5004 2795 5119
10028 2 2 200 11 6 609 5463
10029 2 2 200 11 83 775 5341
10030 2 2 200 11 870 82 5341
10031 2 2 200 11 3875 892 5213
10032 2 2 200 11 594 6 5463
10033 2 2 200 11 2942 4970 5319
10034 2 2 200 11 3627 747 5549
10035 2 2 200 11 3522 3523 5145
10036 2 2 200 11 608 4 5464
10037 2 2 200 11 103 104 5143
10038 2 2 200 11 662 277 5344
10039 2 2 200 11 395 849 5476
10040 2 2 200 11 4 329 5464
10041 2 2 200 11 729 449 5631
10042 2 2 200 11 5330 3382 5541
10043 2 2 200 11 480 694 5628
10044 2 2 200 11 200 790 5346
10045 2 2 200 11 4821 3658 5360
10046 2 2 200 11 672 3938 5575
10047 2 2 200 11 5072 792 5557
10048 2 2 200 11 99 658 5348
10049 2 2 200 11 4755 2954 5367
10050 2 2 200 11 723 487 5620
10051 2 2 200 11 3595 3593 5405
10052 2 2 200 11 4070 4069 5407
10053 2 2 200 11 4592 2277 5390
10054 2 2 200 11 3732 776 5581
10055 2 2 200 11 3183 2135 5139
10056 2 2 200 11 268 269 5355
10057 2 2 200 11 4192 3169 5409
10058 2 2 200 11 525 717 5510
10059 2 2 200 11 464 465 5593
10060 2 2 200 11 5101 3793 5334
10061 2 2 200 11 4970 2846 5382
10062 2 2 200 11 3834 3832 5403
10063 2 2 200 11 1 595 5480
10064 2 2 200 11 622 3 5481
10065 2 2 200 11 4568 3407 5403
10066 2 2 200 11 328 1 5480
10067 2 2 200 11 3 15 5481
10068 2 2 200 11 381 730 5532
10069 2 2 200 11 786 293 5356
10070 2 2 200 11 294 883 5356
10071 2 2 200 11 532 533 5534
10072 2 2 200 11 3778 2932 5264
10073 2 2 200 11 2917 2381 5145
10074 2 2 200 11 3174 3443 5415
10075 2 2 200 11 5010 3399 5104
10076 2 2 200 11 860 3510 5256
10077 2 2 200 11 4895 2271 5484
10078 2 2 200 11 3642 2398 5522
10079 2 2 200 11 3485 4491 5415
10080 2 2 200 11 3440 3439 5525
10081 2 2 200 11 2690 2671 5422
10082 2 2 200 11 848 3603 5151
10083 2 2 200 11 3599 5225 5577
10084 2 2 200 11 3158 3157 5434
10085 2 2 200 11 784 163 5372
10086 2 2 200 11 668 4149 5385
10087 2 2 200 11 2283 2284 5430
10088 2 2 200 11 2287 3502 5430
10089 2 2 200 11 3537 3539 5637
10090 2 2 200 11 3476 664 5619
10091 2 2 200 11 5249 4128 5418
10092 2 2 200 11 2856 4458 5317
10093 2 2 200 11 776 3732 5487
10094 2 2 200 11 246 766 5378
10095 2 2 200 11 2854 2193 5128
10096 2 2 200 11 4901 2824 5203
10097 2 2 200 11 4954 2969 5435
10098 2 2 200 11 4175 3127 5146
10099 2 2 200 11 66 668 5385
10100 2 2 200 11 3555 852 5499
10101 2 2 200 11 3496 5196 5597
10102 2 2 200 11 3504 759 5220
10103 2 2 200 11 2400 2398 5446
10104 2 2 200 11 3243 3463 5147
10105 2 2 200 11 252 253 5391
10106 2 2 200 11 55 56 5392
10107 2 2 200 11 267 268 5394
10108 2 2 200 11 892 5174 5213
10109 2 2 200 11 2492 2494 5460
10110 2 2 200 11 3242 3182 5471
10111 2 2 200 11 3570 5447 5642
10112 2 2 200 11 4323 4821 5360
10113 2 2 200 11 4982 4065 5197
10114 2 2 200 11 4071 4042 5629
10115 2 2 200 11 5071 2850 5182
10116 2 2 200 11 195 196 5404
10117 2 2 200 11 2404 828 5144
10118 2 2 200 11 3961 3959 5477
10119 2 2 200 11 2898 3943 5150
10120 2 2 200 11 2016 2090 5149
10121 2 2 200 11 1942 5130 5152
10122 2 2 200 11 4157 4155 5638
10123 2 2 200 11 278 4946 5344
10124 2 2 200 11 3396 4229 5497
10125 2 2 200 11 2190 2259 5642
10126 2 2 200 11 3962 3963 5635
10127 2 2 200 11 2651 3181 5485
10128 2 2 200 11 5141 4935 5353
10129 2 2 200 11 867 262 5410
10130 2 2 200 11 263 676 5410
10131 2 2 200 11 382 383 5338
10132 2 2 200 11 2217 3541 5209
10133 2 2 200 11 686 5205 5582
10134 2 2 200 11 3214 4239 5506
10135 2 2 200 11 4216 4156 5589
10136 2 2 200 11 3184 3998 5478
10137 2 2 200 11 4888 3103 5556
10138 2 2 200 11 4487 3455 5494
10139 2 2 200 11 3159 3779 5326
10140 2 2 200 11 3906 3210 5526
10141 2 2 200 11 2891 2736 5502
10142 2 2 200 11 3648 3647 5587
10143 2 2 200 11 5074 3135 5139
10144 2 2 200 11 3584 3587 5423
10145 2 2 200 11 3502 3503 5439
10146 2 2 200 11 2417 3350 5618
10147 2 2 200 11 2732 2730 5511
10148 2 2 200 11 3981 3980 5588
10149 2 2 200 11 2182 2851 5515
10150 2 2 200 11 3254 3732 5581
10151 2 2 200 11 3415 3252 5581
10152 2 2 200 11 2062 2825 5528
10153 2 2 200 11 603 604 5148
10154 2 2 200 11 2202 3198 5537
10155 2 2 200 11 3939 3940 5242
10156 2 2 200 11 4200 875 5489
10157 2 2 200 11 3227 3217 5536
10158 2 2 200 11 2786 2675 5570
10159 2 2 200 11 888 59 5429
10160 2 2 200 11 60 684 5429
10161 2 2 200 11 1789 1907 5552
10162 2 2 200 11 232 233 5432
10163 2 2 200 11 824 30 5163
10164 2 2 200 11 1956 1954 5512
10165 2 2 200 11 2929 4466 5537
10166 2 2 200 11 4475 2893 5543
10167 2 2 200 11 2394 2392 5397
10168 2 2 200 11 4899 252 5391
10169 2 2 200 11 700 4580 5332
10170 2 2 200 11 3674 756 5253
10171 2 2 200 11 5047 3183 5212
10172 2 2 200 11 2199 3161 5577
10173 2 2 200 11 3610 4888 5556
10174 2 2 200 11 864 4864 5498
10175 2 2 200 11 684 61 5284
10176 2 2 200 11 266 772 5445
10177 2 2 200 11 2858 2419 5618
10178 2 2 200 11 4743 2183 5515
10179 2 2 200 11 5261 3379 5531
10180 2 2 200 11 760 3770 5492
10181 2 2 200 11 142 777 5451
10182 2 2 200 11 192 875 5453
10183 2 2 200 11 674 191 5453
10184 2 2 200 11 5259 895 5599
10185 2 2 200 11 663 146 5456
10186 2 2 200 11 186 187 5459
10187 2 2 200 11 5087 3108 5310
10188 2 2 200 11 4749 4675 5517
10189 2 2 200 11 659 257 5462
10190 2 2 200 11 3229 3228 5168
10191 2 2 200 11 2300 2302 5165
10192 2 2 200 11 4947 65 5385
10193 2 2 200 11 37 38 5154
10194 2 2 200 11 851 5096 5573
10195 2 2 200 11 3586 845 5245
10196 2 2 200 11 5203 2185 5405
10197 2 2 200 11 203 687 5469
10198 2 2 200 11 3351 5111 5469
10199 2 2 200 11 823 3439 5448
10200 2 2 200 11 212 213 5156
10201 2 2 200 11 5300 791 5536
10202 2 2 200 11 767 51 5474
10203 2 2 200 11 3676 3674 5253
10204 2 2 200 11 3977 225 5596
10205 2 2 200 11 240 776 5487
10206 2 2 200 11 4871 3591 5365
10207 2 2 200 11 871 239 5487
10208 2 2 200 11 658 100 5157
10209 2 2 200 11 4225 3837 5252
10210 2 2 200 11 4689 2077 5155
10211 2 2 200 11 258 259 5637
10212 2 2 200 11 379 380 5158
10213 2 2 200 11 304 878 5619
10214 2 2 200 11 664 303 5619
10215 2 2 200 11 3228 2074 5170
10216 2 2 200 11 3208 4987 5371
10217 2 2 200 11 288 289 5503
10218 2 2 200 11 3499 3239 5441
10219 2 2 200 11 551 552 5159
10220 2 2 200 11 147 148 5623
10221 2 2 200 11 3241 5212 5314
10222 2 2 200 11 2396 4895 5473
10223 2 2 200 11 665 198 5611
10224 2 2 200 11 3510 891 5333
10225 2 2 200 11 124 125 5601
10226 2 2 200 11 2895 4914 5293
10227 2 2 200 11 226 770 5596
10228 2 2 200 11 669 153 5594
10229 2 2 200 11 143 144 5160
10230 2 2 200 11 114 115 5530
10231 2 2 200 11 101 102 5541
10232 2 2 200 11 800 97 5580
10233 2 2 200 11 224 225 5548
10234 2 2 200 11 112 672 5575
10235 2 2 200 11 898 900 5455
10236 2 2 200 11 62 63 5555
10237 2 2 200 11 4053 5110 5263
10238 2 2 200 11 3369 4225 5252
10239 2 2 200 11 1699 3469 5615
10240 2 2 200 11 4944 3430 5594
10241 2 2 200 11 4540 3342 5579
10242 2 2 200 11 3497 3496 5232
10243 2 2 200 11 2508 3991 5164
10244 2 2 200 11 4868 721 5211
10245 2 2 200 11 4931 3368 5504
10246 2 2 200 11 5144 3202 5235
10247 2 2 200 11 4947 3209 5371
10248 2 2 200 11 2134 4885 5486
10249 2 2 200 11 2874 3159 5326
10250 2 2 200 11 527 528 5369
10251 2 2 200 11 5346 3442 5611
10252 2 2 200 11 4438 5062 5518
10253 2 2 200 11 2918 2707 5166
10254 2 2 200 11 2901 2899 5161
10255 2 2 200 11 2887 2886 5167
10256 2 2 200 11 3341 3364 5616
10257 2 2 200 11 862 3530 5310
10258 2 2 200 11 3216 3914 5521
10259 2 2 200 11 2876 5003 5257
10260 2 2 200 11 2940 3128 5169
10261 2 2 200 11 868 5307 5600
10262 2 2 200 11 3737 3735 5183
10263 2 2 200 11 3560 735 5173
10264 2 2 200 11 5007 1942 5152
10265 2 2 200 11 810 3738 5196
10266 2 2 200 11 792 5072 5459
10267 2 2 200 11 5061 42 5300
10268 2 2 200 11 5257 3466 5461
10269 2 2 200 11 2900 5095 5626
10270 2 2 200 11 3503 4540 5276
10271 2 2 200 11 2854 5128 5178
10272 2 2 200 11 768 4982 5197
10273 2 2 200 11 3837 4949 5252
10274 2 2 200 11 3205 5335 5500
10275 2 2 200 11 4504 3634 5542
10276 2 2 200 11 154 4944 5594
10277 2 2 200 11 2932 2332 5264
10278 2 2 200 11 720 437 5171
10279 2 2 200 11 4945 797 5337
10280 2 2 200 11 2897 2395 5188
10281 2 2 200 11 3634 3633 5542
10282 2 2 200 11 3614 3758 5177
10283 2 2 200 11 897 896 5442
10284 2 2 200 11 2791 5144 5235
10285 2 2 200 11 3425 3366 5636
10286 2 2 200 11 3474 3359 5215
10287 2 2 200 11 5326 760 5492
10288 2 2 200 11 906 899 5314
10289 2 2 200 11 1981 3482 5506
10290 2 2 200 11 3343 5211 5444
10291 2 2 200 11 800 5142 5240
10292 2 2 200 11 795 123 5176
10293 2 2 200 11 3687 3689 5606
10294 2 2 200 11 3230 3229 5533
10295 2 2 200 11 4983 2901 5264
10296 2 2 200 11 3652 3654 5180
10297 2 2 200 11 4878 3107 5172
10298 2 2 200 11 2150 2033 5179
10299 2 2 200 11 698 3650 5281
10300 2 2 200 11 2369 2371 5162
10301 2 2 200 11 806 3875 5270
10302 2 2 200 11 651 133 5181
10303 2 2 200 11 3557 2877 5640
10304 2 2 200 11 3696 843 5200
10305 2 2 200 11 3345 4868 5211
10306 2 2 200 11 3234 3461 5217
10307 2 2 200 11 2135 5074 5139
10308 2 2 200 11 258 3539 5462
10309 2 2 200 11 2194 2941 5613
10310 2 2 200 11 3427 3216 5521
10311 2 2 200 11 2217 5209 5426
10312 2 2 200 11 5017 2966 5529
10313 2 2 200 11 2389 3204 5185
10314 2 2 200 11 3586 5245 5627
10315 2 2 200 11 3695 3693 5388
10316 2 2 200 11 2962 3661 5592
10317 2 2 200 11 3223 4510 5546
10318 2 2 200 11 705 426 5186
10319 2 2 200 11 2295 2294 5452
10320 2 2 200 11 4524 2129 5365
10321 2 2 200 11 758 5265 5320
10322 2 2 200 11 3131 2971 5309
10323 2 2 200 11 3546 5295 5374
10324 2 2 200 11 783 287 5187
10325 2 2 200 11 3698 3699 5302
10326 2 2 200 11 4006 3969 5189
10327 2 2 200 11 3394 3141 5174
10328 2 2 200 11 3635 745 5579
10329 2 2 200 11 5197 3126 5411
10330 2 2 200 11 565 566 5190
10331 2 2 200 11 1944 4495 5566
10332 2 2 200 11 896 1953 5442
10333 2 2 200 11 5194 3165 5319
10334 2 2 200 11 2265 3515 5551
10335 2 2 200 11 3879 5069 5395
10336 2 2 200 11 3065 4433 5191
10337 2 2 200 11 5069 677 5395
10338 2 2 200 11 2870 5127 5304
10339 2 2 200 11 3500 823 5268
10340 2 2 200 11 113 114 5513
10341 2 2 200 11 3568 3569 5204
10342 2 2 200 11 512 513 5194
10343 2 2 200 11 839 5204 5351
10344 2 2 200 11 3530 5087 5310
10345 2 2 200 11 829 2393 5473
10346 2 2 200 11 3602 707 5195
10347 2 2 200 11 3357 2854 5178
10348 2 2 200 11 5054 906 5153
10349 2 2 200 11 5171 3346 5420
10350 2 2 200 11 4965 2765 5182
10351 2 2 200 11 5217 749 5524
10352 2 2 200 11 2958 2883 5199
10353 2 2 200 11 2294 3458 5452
10354 2 2 200 11 1509 1544 5184
10355 2 2 200 11 3190 3189 5165
10356 2 2 200 11 3183 5153 5212
10357 2 2 200 11 686 4942 5205
10358 2 2 200 11 3835 3833 5201
10359 2 2 200 11 2324 2330 5239
10360 2 2 200 11 219 220 5202
10361 2 2 200 11 2824 4493 5203
10362 2 2 200 11 3132 829 5473
10363 2 2 200 11 3749 653 5267
10364 2 2 200 11 3849 2997 5205
10365 2 2 200 11 535 536 5206
10366 2 2 200 11 5245 2953 5627
10367 2 2 200 11 3880 775 5434
10368 2 2 200 11 5109 3214 5506
10369 2 2 200 11 2888 2968 5207
10370 2 2 200 11 4021 5114 5445
10371 2 2 200 11 5161 807 5357
10372 2 2 200 11 2930 2929 5377
10373 2 2 200 11 4996 3108 5574
10374 2 2 200 11 680 5287 5521
10375 2 2 200 11 2948 2975 5208
10376 2 2 200 11 3212 4917 5424
10377 2 2 200 11 3982 3979 5634
10378 2 2 200 11 4934 768 5197
10379 2 2 200 11 4886 2826 5374
10380 2 2 200 11 732 4886 5374
10381 2 2 200 11 3875 5213 5270
10382 2 2 200 11 4956 663 5198
10383 2 2 200 11 5062 652 5518
10384 2 2 200 11 4974 5124 5220
10385 2 2 200 11 2238 2237 5210
10386 2 2 200 11 3112 3114 5448
10387 2 2 200 11 4259 3185 5214
10388 2 2 200 11 3173 3385 5332
10389 2 2 200 11 3081 5342 5587
10390 2 2 200 11 4328 3345 5211
10391 2 2 200 11 5095 3549 5626
10392 2 2 200 11 3108 2247 5574
10393 2 2 200 11 4040 4041 5227
10394 2 2 200 11 5324 3827 5617
10395 2 2 200 11 4903 4996 5574
10396 2 2 200 11 5188 3525 5256
10397 2 2 200 11 2823 3472 5400
10398 2 2 200 11 300 301 5215
10399 2 2 200 11 560 561 5217
10400 2 2 200 11 5108 663 5456
10401 2 2 200 11 889 4938 5472
10402 2 2 200 11 4933 767 5482
10403 2 2 200 11 3410 4981 5561
10404 2 2 200 11 244 245 5218
10405 2 2 200 11 5319 4970 5382
10406 2 2 200 11 3679 5243 5592
10407 2 2 200 11 3198 3197 5425
10408 2 2 200 11 784 4857 5578
10409 2 2 200 11 4162 2947 5221
10410 2 2 200 11 5210 3221 5499
10411 2 2 200 11 3120 5141 5353
10412 2 2 200 11 5227 774 5629
10413 2 2 200 11 2395 2787 5188
10414 2 2 200 11 72 73 5222
10415 2 2 200 11 3708 2797 5360
10416 2 2 200 11 4776 2134 5219
10417 2 2 200 11 5178 5128 5387
10418 2 2 200 11 5228 853 5636
10419 2 2 200 11 3694 5071 5182
10420 2 2 200 11 3363 4707 5223
10421 2 2 200 11 5113 4024 5595
10422 2 2 200 11 4057 5055 5394
10423 2 2 200 11 5174 3141 5213
10424 2 2 200 11 3667 725 5241
10425 2 2 200 11 3752 3749 5267
10426 2 2 200 11 3162 3163 5323
10427 2 2 200 11 2045 2047 5225
10428 2 2 200 11 2136 2137 5226
10429 2 2 200 11 819 2391 5193
10430 2 2 200 11 675 5112 5249
10431 2 2 200 11 3529 890 5630
10432 2 2 200 11 5129 659 5462
10433 2 2 200 11 271 272 5227
10434 2 2 200 11 3163 2365 5233
10435 2 2 200 11 4937 784 5578
10436 2 2 200 11 4991 5007 5466
10437 2 2 200 11 4810 3609 5556
10438 2 2 200 11 4503 2928 5229
10439 2 2 200 11 2389 5185 5316
10440 2 2 200 11 290 291 5230
10441 2 2 200 11 596 597 5228
10442 2 2 200 11 2941 5053 5613
10443 2 2 200 11 661 120 5231
10444 2 2 200 11 3484 1544 5350
10445 2 2 200 11 5025 3116 5564
10446 2 2 200 11 3228 5170 5538
10447 2 2 200 11 4110 3212 5424
10448 2 2 200 11 2279 2280 5234
10449 2 2 200 11 4915 666 5527
10450 2 2 200 11 3141 3139 5213
10451 2 2 200 11 778 5215 5517
10452 2 2 200 11 1949 2164 5237
10453 2 2 200 11 3573 740 5248
10454 2 2 200 11 3501 3500 5479
10455 2 2 200 11 3768 5309 5466
10456 2 2 200 11 2934 2717 5238
10457 2 2 200 11 4739 2905 5236
10458 2 2 200 11 4001 5113 5571
10459 2 2 200 11 5124 3504 5220
10460 2 2 200 11 95 96 5240
10461 2 2 200 11 5176 3981 5588
10462 2 2 200 11 2499 2490 5242
10463 2 2 200 11 5113 885 5571
10464 2 2 200 11 2810 2962 5243
10465 2 2 200 11 212 5156 5322
10466 2 2 200 11 678 185 5244
10467 2 2 200 11 4704 682 5454
10468 2 2 200 11 3126 4164 5411
10469 2 2 200 11 5492 3770 5633
10470 2 2 200 11 3680 3683 5247
10471 2 2 200 11 3201 3200 5454
10472 2 2 200 11 3658 3708 5360
10473 2 2 200 11 232 3963 5603
10474 2 2 200 11 4737 3390 5260
10475 2 2 200 11 466 742 5258
10476 2 2 200 11 5231 4157 5638
10477 2 2 200 11 3407 4899 5391
10478 2 2 200 11 2954 2953 5245
10479 2 2 200 11 3247 4974 5220
10480 2 2 200 11 5083 3131 5309
10481 2 2 200 11 5114 265 5445
10482 2 2 200 11 4580 3173 5332
10483 2 2 200 11 2814 2812 5547
10484 2 2 200 11 889 5472 5583
10485 2 2 200 11 3122 2908 5246
10486 2 2 200 11 3246 3245 5540
10487 2 2 200 11 3121 3207 5387
10488 2 2 200 11 3785 3784 5321
10489 2 2 200 11 5378 766 5526
10490 2 2 200 11 3450 4228 5249
10491 2 2 200 11 2334 5077 5257
10492 2 2 200 11 3823 3822 5289
10493 2 2 200 11 3370 5191 5347
10494 2 2 200 11 5095 2337 5523
10495 2 2 200 11 281 282 5250
10496 2 2 200 11 5195 707 5317
10497 2 2 200 11 5077 2876 5257
10498 2 2 200 11 670 231 5603
10499 2 2 200 11 61 62 5284
10500 2 2 200 11 3728 895 5507
10501 2 2 200 11 3462 866 5585
10502 2 2 200 11 400 743 5251
10503 2 2 200 11 3241 5047 5212
10504 2 2 200 11 3202 817 5216
10505 2 2 200 11 811 5133 5491
10506 2 2 200 11 2316 5051 5561
10507 2 2 200 11 3884 5079 5435
10508 2 2 200 11 3636 3635 5488
10509 2 2 200 11 5269 3627 5549
10510 2 2 200 11 4507 2828 5253
10511 2 2 200 11 5256 3510 5333
10512 2 2 200 11 3114 5268 5448
10513 2 2 200 11 393 394 5254
10514 2 2 200 11 219 5202 5294
10515 2 2 200 11 5358 3501 5479
10516 2 2 200 11 720 5171 5420
10517 2 2 200 11 2647 2645 5475
10518 2 2 200 11 3362 3446 5258
10519 2 2 200 11 737 3663 5260
10520 2 2 200 11 5153 906 5212
10521 2 2 200 11 3447 3162 5323
10522 2 2 200 11 713 531 5261
10523 2 2 200 11 3548 5095 5523
10524 2 2 200 11 5039 3198 5425
10525 2 2 200 11 2649 2005 5262
10526 2 2 200 11 4051 4052 5263
10527 2 2 200 11 4958 691 5304
10528 2 2 200 11 5081 3635 5579
10529 2 2 200 11 3520 854 5323
10530 2 2 200 11 5158 380 5532
10531 2 2 200 11 5192 114 5530
10532 2 2 200 11 3770 864 5633
10533 2 2 200 11 4128 3220 5418
10534 2 2 200 11 3161 3160 5340
10535 2 2 200 11 5263 785 5370
10536 2 2 200 11 3495 3492 5255
10537 2 2 200 11 169 170 5266
10538 2 2 200 11 3669 753 5275
10539 2 2 200 11 764 4922 5298
10540 2 2 200 11 3426 3425 5416
10541 2 2 200 11 713 5261 5531
10542 2 2 200 11 653 54 5267
10543 2 2 200 11 3125 2667 5269
10544 2 2 200 11 4949 688 5252
10545 2 2 200 11 4873 2791 5235
10546 2 2 200 11 1931 2156 5271
10547 2 2 200 11 5200 843 5569
10548 2 2 200 11 4034 4033 5284
10549 2 2 200 11 5196 3738 5597
10550 2 2 200 11 5516 3358 5604
10551 2 2 200 11 3194 4143 5272
10552 2 2 200 11 5333 891 5393
10553 2 2 200 11 5297 339 5343
10554 2 2 200 11 5241 2891 5502
10555 2 2 200 11 3600 5088 5390
10556 2 2 200 11 3397 3205 5500
10557 2 2 200 11 79 680 5274
10558 2 2 200 11 4854 3188 5614
10559 2 2 200 11 4688 1976 5273
10560 2 2 200 11 5024 3405 5612
10561 2 2 200 11 745 457 5276
10562 2 2 200 11 2923 3418 5277
10563 2 2 200 11 2028 3091 5278
10564 2 2 200 11 787 77 5279
10565 2 2 200 11 3963 5432 5635
10566 2 2 200 11 3693 3694 5388
10567 2 2 200 11 5253 756 5639
10568 2 2 200 11 2738 2891 5280
10569 2 2 200 11 803 4990 5363
10570 2 2 200 11 5085 4146 5493
10571 2 2 200 11 5213 3139 5270
10572 2 2 200 11 3619 3233 5524
10573 2 2 200 11 3618 3620 5283
10574 2 2 200 11 4518 806 5315
10575 2 2 200 11 5336 3558 5590
10576 2 2 200 11 5393 3527 5501
10577 2 2 200 11 5220 759 5358
10578 2 2 200 11 3624 746 5305
10579 2 2 200 11 197 665 5290
10580 2 2 200 11 341 342 5345
10581 2 2 200 11 3595 5405 5552
10582 2 2 200 11 237 238 5282
10583 2 2 200 11 2948 5208 5535
10584 2 2 200 11 3641 3642 5301
10585 2 2 200 11 3776 831 5331
10586 2 2 200 11 656 4962 5324
10587 2 2 200 11 4962 3134 5324
10588 2 2 200 11 477 738 5285
10589 2 2 200 11 5053 2914 5613
10590 2 2 200 11 5169 3128 5489
10591 2 2 200 11 5055 772 5394
10592 2 2 200 11 4940 662 5299
10593 2 2 200 11 5168 648 5516
10594 2 2 200 11 5533 5516 5604
10595 2 2 200 11 2941 3357 5265
10596 2 2 200 11 3950 3538 5298
10597 2 2 200 11 5229 3424 5534
10598 2 2 200 11 2831 2881 5259
10599 2 2 200 11 5185 3204 5520
10600 2 2 200 11 3355 3343 5444
10601 2 2 200 11 3369 5252 5504
10602 2 2 200 11 140 141 5286
10603 2 2 200 11 80 81 5287
10604 2 2 200 11 3377 5044 5461
10605 2 2 200 11 2826 5004 5291
10606 2 2 200 11 3446 5223 5593
10607 2 2 200 11 74 75 5289
10608 2 2 200 11 5281 3650 5566
10609 2 2 200 11 3681 5247 5543
10610 2 2 200 11 863 3767 5306
10611 2 2 200 11 837 3687 5292
10612 2 2 200 11 3596 5203 5405
10613 2 2 200 11 2969 3884 5435
10614 2 2 200 11 334 335 5288
10615 2 2 200 11 218 219 5294
10616 2 2 200 11 3355 5444 5641
10617 2 2 200 11 305 306 5295
10618 2 2 200 11 5117 3386 5545
10619 2 2 200 11 665 5086 5290
10620 2 2 200 11 3809 3808 5372
10621 2 2 200 11 728 475 5296
10622 2 2 200 11 4927 865 5465
10623 2 2 200 11 2367 2389 5316
10624 2 2 200 11 5051 3740 5561
10625 2 2 200 11 3139 3137 5270
10626 2 2 200 11 675 5249 5418
10627 2 2 200 11 5148 811 5491
10628 2 2 200 11 338 339 5297
10629 2 2 200 11 5438 3238 5576
10630 2 2 200 11 4211 4210 5299
10631 2 2 200 11 42 43 5300
10632 2 2 200 11 3364 5285 5616
10633 2 2 200 11 730 382 5338
10634 2 2 200 11 3144 3142 5303
10635 2 2 200 11 2332 4983 5264
10636 2 2 200 11 3998 2870 5304
10637 2 2 200 11 4920 5113 5595
10638 2 2 200 11 5112 3450 5249
10639 2 2 200 11 2897 5256 5333
10640 2 2 200 11 3609 3610 5556
10641 2 2 200 11 4785 2742 5302
10642 2 2 200 11 5218 245 5378
10643 2 2 200 11 5283 3620 5417
10644 2 2 200 11 770 5349 5596
10645 2 2 200 11 2860 3952 5307
10646 2 2 200 11 2598 2599 5308
10647 2 2 200 11 763 5330 5541
10648 2 2 200 11 865 5002 5465
10649 2 2 200 11 2958 5199 5482
10650 2 2 200 11 875 4930 5489
10651 2 2 200 11 5110 785 5263
10652 2 2 200 11 3425 5015 5416
10653 2 2 200 11 3769 3582 5437
10654 2 2 200 11 3247 5220 5358
10655 2 2 200 11 3910 3821 5311
10656 2 2 200 11 295 296 5312
10657 2 2 200 11 4051 5263 5370
10658 2 2 200 11 334 5288 5438
10659 2 2 200 11 3219 5300 5536
10660 2 2 200 11 722 5052 5340
10661 2 2 200 11 707 3628 5317
10662 2 2 200 11 483 750 5318
10663 2 2 200 11 5411 4164 5608
10664 2 2 200 11 3633 5206 5542
10665 2 2 200 11 3165 2942 5319
10666 2 2 200 11 3620 709 5417
10667 2 2 200 11 67 68 5321
10668 2 2 200 11 2129 4871 5365
10669 2 2 200 11 211 212 5322
10670 2 2 200 11 4914 3438 5293
10671 2 2 200 11 5251 743 5408
10672 2 2 200 11 3134 3133 5324
10673 2 2 200 11 2877 5023 5640
10674 2 2 200 11 114 5192 5513
10675 2 2 200 11 345 346 5325
10676 2 2 200 11 5436 3434 5630
10677 2 2 200 11 528 850 5369
10678 2 2 200 11 5052 3161 5340
10679 2 2 200 11 2161 2864 5522
10680 2 2 200 11 3175 3176 5327
10681 2 2 200 11 2946 2974 5328
10682 2 2 200 11 4146 3171 5493
10683 2 2 200 11 5254 394 5476
10684 2 2 200 11 5079 655 5435
10685 2 2 200 11 5298 4922 5554
10686 2 2 200 11 5004 3166 5291
10687 2 2 200 11 690 94 5329
10688 2 2 200 11 5270 3137 5315
10689 2 2 200 11 3524 3525 5380
10690 2 2 200 11 3401 4971 5402
10691 2 2 200 11 4068 3130 5330
10692 2 2 200 11 3819 2933 5337
10693 2 2 200 11 3574 700 5332
10694 2 2 200 11 2070 3721 5313
10695 2 2 200 11 4924 889 5583
10696 2 2 200 11 188 189 5334
10697 2 2 200 11 2656 2118 5335
10698 2 2 200 11 2147 2145 5336
10699 2 2 200 11 3408 5013 5338
10700 2 2 200 11 5211 721 5444
10701 2 2 200 11 4935 886 5353
10702 2 2 200 11 3560 5219 5486
10703 2 2 200 11 342 343 5320
10704 2 2 200 11 5013 730 5338
10705 2 2 200 11 543 544 5339
10706 2 2 200 11 899 897 5314
10707 2 2 200 11 5131 3201 5454
10708 2 2 200 11 2391 5117 5545
10709 2 2 200 11 762 4111 5424
10710 2 2 200 11 82 83 5341
10711 2 2 200 11 749 3619 5524
10712 2 2 200 11 5237 2887 5539
10713 2 2 200 11 3083 5118 5381
10714 2 2 200 11 339 340 5343
10715 2 2 200 11 5225 2047 5577
10716 2 2 200 11 5188 2787 5379
10717 2 2 200 11 3080 4638 5342
10718 2 2 200 11 277 278 5344
10719 2 2 200 11 3782 2341 5584
10720 2 2 200 11 4111 4110 5424
10721 2 2 200 11 3137 2917 5315
10722 2 2 200 11 4934 5197 5411
10723 2 2 200 11 806 5270 5315
10724 2 2 200 11 3224 2874 5326
10725 2 2 200 11 5354 2900 5626
10726 2 2 200 11 3419 3177 5514
10727 2 2 200 11 199 200 5346
10728 2 2 200 11 5142 3349 5240
10729 2 2 200 11 712 398 5347
10730 2 2 200 11 5006 3448 5483
10731 2 2 200 11 3975 3977 5349
10732 2 2 200 11 98 99 5348
10733 2 2 200 11 3122 5246 5578
10734 2 2 200 11 5486 4885 5625
10735 2 2 200 11 5183 855 5558
10736 2 2 200 11 785 4936 5370
10737 2 2 200 11 5258 742 5622
10738 2 2 200 11 3197 5020 5425
10739 2 2 200 11 5170 2075 5443
10740 2 2 200 11 2915 2916 5428
10741 2 2 200 11 3177 3243 5514
10742 2 2 200 11 3196 4486 5351
10743 2 2 200 11 3171 4986 5493
10744 2 2 200 11 3405 3404 5591
10745 2 2 200 11 3145 3146 5352
10746 2 2 200 11 2797 4323 5360
10747 2 2 200 11 4151 3120 5353
10748 2 2 200 11 3777 3778 5357
10749 2 2 200 11 269 673 5355
10750 2 2 200 11 3118 5032 5449
10751 2 2 200 11 3677 757 5382
10752 2 2 200 11 2897 5188 5256
10753 2 2 200 11 5167 4780 5412
10754 2 2 200 11 3209 3208 5371
10755 2 2 200 11 793 5085 5493
10756 2 2 200 11 4040 5227 5629
10757 2 2 200 11 293 294 5356
10758 2 2 200 11 822 5178 5387
10759 2 2 200 11 775 4916 5434
10760 2 2 200 11 3550 3548 5523
10761 2 2 200 11 4507 5253 5639
10762 2 2 200 11 863 5306 5560
10763 2 2 200 11 3843 3168 5368
10764 2 2 200 11 2890 2394 5397
10765 2 2 200 11 5134 3417 5369
10766 2 2 200 11 5316 5185 5562
10767 2 2 200 11 2679 2677 5359
10768 2 2 200 11 3362 5258 5622
10769 2 2 200 11 3448 2936 5361
10770 2 2 200 11 4282 3850 5362
10771 2 2 200 11 3591 3589 5365
10772 2 2 200 11 4039 3172 5366
10773 2 2 200 11 2058 2060 5364
10774 2 2 200 11 3950 5298 5554
10775 2 2 200 11 4024 5207 5595
10776 2 2 200 11 3237 5120 5576
10777 2 2 200 11 345 5325 5544
10778 2 2 200 11 3123 4051 5370
10779 2 2 200 11 5370 4936 5458
10780 2 2 200 11 3418 4755 5367
10781 2 2 200 11 1954 808 5400
10782 2 2 200 11 163 164 5372
10783 2 2 200 11 3346 4743 5420
10784 2 2 200 11 3635 5081 5488
10785 2 2 200 11 3368 3369 5504
10786 2 2 200 11 5286 141 5451
10787 2 2 200 11 3549 3554 5626
10788 2 2 200 11 5086 3840 5290
10789 2 2 200 11 4956 5198 5495
10790 2 2 200 11 2385 3513 5449
10791 2 2 200 11 3235 5155 5440
10792 2 2 200 11 3356 2818 5398
10793 2 2 200 11 478 479 5373
10794 2 2 200 11 2957 5214 5427
10795 2 2 200 11 3256 3258 5375
10796 2 2 200 11 702 3579 5376
10797 2 2 200 11 3827 3158 5617
10798 2 2 200 11 3248 3247 5358
10799 2 2 200 11 3765 727 5377
10800 2 2 200 11 5034 877 5407
10801 2 2 200 11 3349 3348 5607
10802 2 2 200 11 647 898 5398
10803 2 2 200 11 3234 5217 5524
10804 2 2 200 11 3193 2897 5333
10805 2 2 200 11 2398 2161 5522
10806 2 2 200 11 3705 695 5412
10807 2 2 200 11 4482 3109 5606
10808 2 2 200 11 3562 5210 5499
10809 2 2 200 11 245 246 5378
10810 2 2 200 11 660 4951 5457
10811 2 2 200 11 3151 3154 5406
10812 2 2 200 11 3200 4704 5454
10813 2 2 200 11 3626 3627 5389
10814 2 2 200 11 3689 3688 5381
10815 2 2 200 11 3947 3334 5384
10816 2 2 200 11 4998 868 5600
10817 2 2 200 11 2901 5161 5357
10818 2 2 200 11 2318 2319 5396
10819 2 2 200 11 4163 4932 5608
10820 2 2 200 11 65 66 5385
10821 2 2 200 11 2218 2217 5426
10822 2 2 200 11 3202 5216 5235
10823 2 2 200 11 2645 2856 5475
10824 2 2 200 11 3672 5006 5483
10825 2 2 200 11 3248 5358 5479
10826 2 2 200 11 5418 3220 5585
10827 2 2 200 11 696 3675 5386
10828 2 2 200 11 5413 715 5621
10829 2 2 200 11 5215 3359 5517
10830 2 2 200 11 756 5158 5639
10831 2 2 200 11 798 4947 5371
10832 2 2 200 11 3244 3879 5395
10833 2 2 200 11 1544 5073 5350
10834 2 2 200 11 2871 4592 5390
10835 2 2 200 11 253 801 5391
10836 2 2 200 11 56 779 5392
10837 2 2 200 11 761 5083 5309
10838 2 2 200 11 772 267 5394
10839 2 2 200 11 5444 3564 5641
10840 2 2 200 11 5353 886 5572
10841 2 2 200 11 644 648 5399
10842 2 2 200 11 3220 3462 5585
10843 2 2 200 11 836 5039 5425
10844 2 2 200 11 5307 3952 5600
10845 2 2 200 11 5320 3357 5345
10846 2 2 200 11 3844 4998 5600
10847 2 2 200 11 3610 713 5531
10848 2 2 200 11 3702 720 5420
10849 2 2 200 11 5252 688 5504
10850 2 2 200 11 5335 3639 5500
10851 2 2 200 11 4864 3232 5498
10852 2 2 200 11 3832 4568 5403
10853 2 2 200 11 794 195 5404
10854 2 2 200 11 3593 3596 5405
10855 2 2 200 11 3193 5333 5393
10856 2 2 200 11 4069 4071 5407
10857 2 2 200 11 5287 3427 5521
10858 2 2 200 11 3394 5228 5636
10859 2 2 200 11 3673 3672 5483
10860 2 2 200 11 743 3630 5408
10861 2 2 200 11 3613 851 5573
10862 2 2 200 11 5017 660 5457
10863 2 2 200 11 795 5176 5588
10864 2 2 200 11 3169 3194 5409
10865 2 2 200 11 262 263 5410
10866 2 2 200 11 3123 5370 5458
10867 2 2 200 11 3416 816 5421
10868 2 2 200 11 2402 3402 5419
10869 2 2 200 11 462 463 5413
10870 2 2 200 11 724 3698 5414
10871 2 2 200 11 3525 5188 5379
10872 2 2 200 11 3380 5234 5573
10873 2 2 200 11 3348 4973 5607
10874 2 2 200 11 627 803 5363
10875 2 2 200 11 4491 3174 5415
10876 2 2 200 11 3160 5025 5564
10877 2 2 200 11 5172 3223 5598
10878 2 2 200 11 677 4960 5395
10879 2 2 200 11 3585 3584 5423
10880 2 2 200 11 3453 3454 5417
10881 2 2 200 11 3661 697 5592
10882 2 2 200 11 5160 4956 5495
10883 2 2 200 11 5351 4486 5519
10884 2 2 200 11 4071 5034 5407
10885 2 2 200 11 609 5063 5463
10886 2 2 200 11 3236 2690 5422
10887 2 2 200 11 3386 3336 5545
10888 2 2 200 11 5384 3334 5472
10889 2 2 200 11 5065 608 5464
10890 2 2 200 11 3467 833 5540
10891 2 2 200 11 5373 479 5628
10892 2 2 200 11 3525 5379 5380
10893 2 2 200 11 5020 836 5425
10894 2 2 200 11 4164 4163 5608
10895 2 2 200 11 3145 5352 5527
10896 2 2 200 11 5191 712 5347
10897 2 2 200 11 318 319 5436
10898 2 2 200 11 3379 4888 5531
10899 2 2 200 11 5340 3160 5564
10900 2 2 200 11 4151 5353 5572
10901 2 2 200 11 4923 888 5535
10902 2 2 200 11 5364 2060 5528
10903 2 2 200 11 59 60 5429
10904 2 2 200 11 2284 2287 5430
10905 2 2 200 11 717 526 5431
10906 2 2 200 11 3157 3880 5434
10907 2 2 200 11 333 334 5438
10908 2 2 200 11 233 788 5432
10909 2 2 200 11 900 1699 5455
10910 2 2 200 11 873 4934 5411
10911 2 2 200 11 384 838 5433
10912 2 2 200 11 3571 3572 5447
10913 2 2 200 11 3224 5326 5492
10914 2 2 200 11 1953 3241 5442
10915 2 2 200 11 5204 3196 5351
10916 2 2 200 11 742 5180 5622
10917 2 2 200 11 407 408 5437
10918 2 2 200 11 3170 5017 5457
10919 2 2 200 11 812 3498 5591
10920 2 2 200 11 4939 3413 5565
10921 2 2 200 11 459 714 5439
10922 2 2 200 11 3606 704 5440
10923 2 2 200 11 3798 5108 5456
10924 2 2 200 11 3180 4465 5568
10925 2 2 200 11 3211 5146 5467
10926 2 2 200 11 5073 3240 5350
10927 2 2 200 11 4888 3610 5531
10928 2 2 200 11 4973 690 5607
10929 2 2 200 11 4959 675 5418
10930 2 2 200 11 3659 3657 5490
10931 2 2 200 11 721 3564 5444
10932 2 2 200 11 3493 3730 5509
10933 2 2 200 11 98 5348 5580
10934 2 2 200 11 3564 834 5641
10935 2 2 200 11 3971 3973 5586
10936 2 2 200 11 199 5346 5611
10937 2 2 200 11 656 5324 5617
10938 2 2 200 11 265 266 5445
10939 2 2 200 11 5088 2871 5390
10940 2 2 200 11 3340 3409 5496
10941 2 2 200 11 342 5320 5345
10942 2 2 200 11 3388 2400 5446
10943 2 2 200 11 4917 762 5424
10944 2 2 200 11 3409 5026 5496
10945 2 2 200 11 843 3605 5569
10946 2 2 200 11 4999 3193 5393
10947 2 2 200 11 2334 5257 5461
10948 2 2 200 11 3132 4895 5484
10949 2 2 200 11 537 538 5450
10950 2 2 200 11 141 142 5451
10951 2 2 200 11 850 5134 5369
10952 2 2 200 11 191 192 5453
10953 2 2 200 11 789 4943 5427
10954 2 2 200 11 3734 594 5463
10955 2 2 200 11 146 147 5456
10956 2 2 200 11 3411 3123 5458
10957 2 2 200 11 5023 3355 5641
10958 2 2 200 11 5032 818 5419
10959 2 2 200 11 187 792 5459
10960 2 2 200 11 5342 3651 5587
10961 2 2 200 11 2494 2743 5460
10962 2 2 200 11 5272 4144 5550
10963 2 2 200 11 257 258 5462
10964 2 2 200 11 5563 884 5567
10965 2 2 200 11 329 3551 5464
10966 2 2 200 11 655 4954 5435
10967 2 2 200 11 3639 723 5500
10968 2 2 200 11 5002 4112 5465
10969 2 2 200 11 3182 4282 5471
10970 2 2 200 11 4955 5559 5567
10971 2 2 200 11 5015 814 5416
10972 2 2 200 11 3730 2312 5612
10973 2 2 200 11 2299 2295 5452
10974 2 2 200 11 3239 3457 5441
10975 2 2 200 11 3622 3623 5505
10976 2 2 200 11 888 5028 5535
10977 2 2 200 11 5367 2954 5624
10978 2 2 200 11 3738 3739 5597
10979 2 2 200 11 15 5125 5481
10980 2 2 200 11 5126 328 5480
10981 2 2 200 11 3679 3678 5468
10982 2 2 200 11 2787 5035 5379
10983 2 2 200 11 3439 3112 5448
10984 2 2 200 11 2341 4892 5584
10985 2 2 200 11 2181 5149 5490
10986 2 2 200 11 4386 4438 5518
10987 2 2 200 11 5447 2292 5642
10988 2 2 200 11 595 2956 5480
10989 2 2 200 11 2955 622 5481
10990 2 2 200 11 202 203 5469
10991 2 2 200 11 3334 3945 5472
10992 2 2 200 11 4892 3186 5443
10993 2 2 200 11 3164 5328 5605
10994 2 2 200 11 3630 4477 5614
10995 2 2 200 11 2846 2814 5547
10996 2 2 200 11 5118 3689 5381
10997 2 2 200 11 2278 2266 5604
10998 2 2 200 11 51 52 5474
10999 2 2 200 11 394 395 5476
11000 2 2 200 11 3963 3961 5477
11001 2 2 200 11 3431 2958 5482
11002 2 2 200 11 5081 2869 5488
11003 2 2 200 11 3940 672 5513
11004 2 2 200 11 2653 2651 5485
11005 2 2 200 11 792 5334 5557
11006 2 2 200 11 239 240 5487
11007 2 2 200 11 3128 4200 5489
11008 2 2 200 11 754 5159 5568
11009 2 2 200 11 885 5222 5571
11010 2 2 200 11 873 5411 5608
11011 2 2 200 11 3158 5082 5617
11012 2 2 200 11 672 113 5513
11013 2 2 200 11 4936 882 5458
11014 2 2 200 11 852 3562 5499
11015 2 2 200 11 4229 3353 5497
11016 2 2 200 11 3344 4487 5494
11017 2 2 200 11 2916 5059 5428
11018 2 2 200 11 3222 5148 5491
11019 2 2 200 11 3757 3682 5539
11020 2 2 200 11 3444 2842 5610
11021 2 2 200 11 757 5319 5382
11022 2 2 200 11 1960 1956 5512
11023 2 2 200 11 2953 5278 5627
11024 2 2 200 11 2393 2396 5473
11025 2 2 200 11 3718 2147 5590
11026 2 2 200 11 4921 884 5563
11027 2 2 200 11 3163 5233 5428
11028 2 2 200 11 2736 2732 5502
11029 2 2 200 11 5458 882 5565
11030 2 2 200 11 289 652 5503
11031 2 2 200 11 3204 3246 5520
11032 2 2 200 11 4239 1981 5506
11033 2 2 200 11 3411 5458 5565
11034 2 2 200 11 884 4955 5567
11035 2 2 200 11 4899 3184 5478
11036 2 2 200 11 689 4952 5467
11037 2 2 200 11 583 584 5525
11038 2 2 200 11 3722 3248 5479
11039 2 2 200 11 524 525 5510
11040 2 2 200 11 2730 2927 5511
11041 2 2 200 11 5223 715 5593
11042 2 2 200 11 3672 3671 5553
11043 2 2 200 11 5472 3945 5583
11044 2 2 200 11 2183 2182 5515
11045 2 2 200 11 652 5230 5518
11046 2 2 200 11 2653 5485 5570
11047 2 2 200 11 4486 2859 5519
11048 2 2 200 11 5179 2037 5553
11049 2 2 200 11 4986 793 5493
11050 2 2 200 11 744 5229 5534
11051 2 2 200 11 3210 3789 5526
11052 2 2 200 11 3233 3234 5524
11053 2 2 200 11 3359 4749 5517
11054 2 2 200 11 3482 5109 5506
11055 2 2 200 11 5067 3950 5554
11056 2 2 200 11 3226 3224 5492
11057 2 2 200 11 5028 2948 5535
11058 2 2 200 11 2060 2062 5528
11059 2 2 200 11 3422 4504 5542
11060 2 2 200 11 344 345 5544
11061 2 2 200 11 3375 4088 5582
11062 2 2 200 11 115 773 5530
11063 2 2 200 11 380 381 5532
11064 2 2 200 11 533 744 5534
11065 2 2 200 11 231 232 5603
11066 2 2 200 11 3217 3219 5536
11067 2 2 200 11 4466 2202 5537
11068 2 2 200 11 4766 3145 5527
11069 2 2 200 11 102 763 5541
11070 2 2 200 11 2789 4475 5543
11071 2 2 200 11 688 4931 5504
11072 2 2 200 11 4955 670 5559
11073 2 2 200 11 667 224 5548
11074 2 2 200 11 747 3621 5549
11075 2 2 200 11 5233 2915 5428
11076 2 2 200 11 4477 4854 5614
11077 2 2 200 11 2185 1789 5552
11078 2 2 200 11 322 323 5609
11079 2 2 200 11 4889 863 5560
11080 2 2 200 11 5063 3734 5463
11081 2 2 200 11 3694 5280 5388
11082 2 2 200 11 3650 3651 5566
11083 2 2 200 11 834 5023 5641
11084 2 2 200 11 63 798 5555
11085 2 2 200 11 5477 670 5603
11086 2 2 200 11 3944 5192 5530
11087 2 2 200 11 3793 3361 5557
11088 2 2 200 11 3959 3958 5559
11089 2 2 200 11 5559 3958 5567
11090 2 2 200 11 3970 3971 5563
11091 2 2 200 11 3413 3411 5565
11092 2 2 200 11 3970 5563 5567
11093 2 2 200 11 3958 3970 5567
11094 2 2 200 11 3551 5065 5464
11095 2 2 200 11 5098 3341 5616
11096 2 2 200 11 5250 686 5582
11097 2 2 200 11 3690 3691 5624
11098 2 2 200 11 3113 3782 5632
11099 2 2 200 11 3651 3648 5587
11100 2 2 200 11 5255 3491 5602
11101 2 2 200 11 2675 2653 5570
11102 2 2 200 11 4000 4001 5571
11103 2 2 200 11 5128 3121 5387
11104 2 2 200 11 2971 4991 5466
11105 2 2 200 11 4153 4151 5572
11106 2 2 200 11 3103 4810 5556
11107 2 2 200 11 3532 3533 5625
11108 2 2 200 11 3578 3577 5598
11109 2 2 200 11 788 3965 5635
11110 2 2 200 11 111 112 5575
11111 2 2 200 11 3945 3335 5583
11112 2 2 200 11 3979 3981 5634
11113 2 2 200 11 3252 3254 5581
11114 2 2 200 11 648 5168 5399
11115 2 2 200 11 4857 3122 5578
11116 2 2 200 11 97 98 5580
11117 2 2 200 11 886 5033 5572
11118 2 2 200 11 3980 4216 5588
11119 2 2 200 11 2881 5133 5507
11120 2 2 200 11 4156 4157 5589
11121 2 2 200 11 2047 2199 5577
11122 2 2 200 11 3188 5408 5614
11123 2 2 200 11 3357 5178 5345
11124 2 2 200 11 2868 5116 5421
11125 2 2 200 11 3952 3844 5600
11126 2 2 200 11 715 464 5593
11127 2 2 200 11 153 154 5594
11128 2 2 200 11 225 226 5596
11129 2 2 200 11 3556 3557 5640
11130 2 2 200 11 125 685 5601
11131 2 2 200 11 3587 3586 5627
11132 2 2 200 11 5026 815 5496
11133 2 2 200 11 198 199 5611
11134 2 2 200 11 303 304 5619
11135 2 2 200 11 487 488 5620
11136 2 2 200 11 3383 3381 5621
11137 2 2 200 11 148 781 5623
11138 2 2 200 11 4042 4040 5629
11139 2 2 200 11 3965 3962 5635
11140 2 2 200 11 4155 4158 5638
11141 2 2 200 11 3251 3362 5622
11142 2 2 200 11 479 480 5628
11143 2 2 200 11 449 450 5631
11144 2 2 200 11 259 764 5637
11145 2 2 200 11 2292 2190 5642
11146 2 2 200 11 2419 2417 5618
11147 2 2 200 11 3352 4507 5639
11148 2 2 200 11 2917 5145 5508
11149 2 2 200 11 4925 874 5550
11150 2 2 200 11 4922 867 5554
11151 2 2 200 11 3405 5509 5612
11152 2 2 200 11 4959 5418 5585
11153 2 2 200 11 3789 5378 5526
11154 2 2 200 11 5441 3457 5498
11155 2 2 200 11 695 5167 5412
11156 2 2 200 11 3226 5492 5633
11157 2 2 200 11 3409 3410 5558
11158 2 2 200 11 3539 5129 5462
11159 2 2 200 11 2247 2245 5574
11160 2 2 200 11 882 4939 5565
11161 2 2 200 11 5247 2789 5543
11162 2 2 200 11 2966 5002 5529
11163 2 2 200 11 5155 3606 5440
11164 2 2 200 11 5265 3357 5320
11165 2 2 200 11 5133 3728 5507
11166 2 2 200 11 866 4959 5585
11167 2 2 200 11 770 4921 5586
11168 2 2 200 11 5082 656 5617
11169 2 2 200 11 769 4920 5595
11170 2 2 200 11 5018 3222 5491
11171 2 2 200 11 4932 873 5608
11172 2 2 200 11 5044 2334 5461
11173 2 2 200 11 3366 3394 5636
11174 2 2 200 11 5033 4153 5572
11175 2 2 200 11 3457 3226 5633
11176 2 2 200 11 5145 3523 5508
11177 2 2 200 11 3238 3237 5576
11178 2 2 200 11 2864 5301 5522
11179 2 2 200 11 5309 2971 5466
11180 2 2 200 11 3682 5237 5539
11181 2 2 200 11 3480 5160 5495
11182 2 2 200 11 4981 2316 5561
11183 2 2 200 11 3371 4999 5501
11184 2 2 200 11 661 5231 5638
11185 2 2 200 11 5207 769 5595
11186 2 2 200 11 5206 3422 5542
11187 2 2 200 11 5455 1699 5615
11188 2 2 200 11 5125 2955 5481
11189 2 2 200 11 2956 5126 5480
11190 2 2 200 11 2337 5132 5523
11191 2 2 200 11 682 5131 5454
11192 2 2 200 11 5158 3352 5639
11193 2 2 200 11 867 5067 5554
11194 2 2 200 11 5109 3480 5495
11195 2 2 200 11 796 5030 5605
11196 2 2 200 11 5132 3550 5523
11197 2 2 200 11 5149 3659 5490
11198 2 2 200 11 3667 5241 5502
11199 2 2 200 11 5315 2917 5508
11200 2 2 200 11 2312 5024 5612
11201 2 2 200 11 5159 3180 5568
11202 2 2 200 11 5146 689 5467
11203 2 2 200 11 3243 5318 5514
11204 2 2 200 11 3434 3338 5630
11205 2 2 200 11 5116 3132 5484
11206 2 2 200 11 5063 894 5602
11207 2 2 200 11 3577 5172 5598
11208 2 2 200 11 5214 789 5427
11209 2 2 200 11 3186 5170 5443
11210 2 2 200 11 2147 5336 5590
11211 2 2 200 11 3535 5049 5632
11212 2 2 200 11 5011 2194 5613
11213 2 2 200 11 3109 5292 5606
11214 2 2 200 11 895 5065 5599
11215 2 2 200 11 5243 2962 5592
11216 2 2 200 11 5405 2185 5552
11217 2 2 200 11 5049 3113 5632
11218 2 2 200 11 4518 5315 5508
11219 2 2 200 11 738 5098 5616
11220 2 2 200 11 3342 5081 5579
11221 2 2 200 11 5280 2891 5388
11222 2 2 200 11 5329 3349 5607
11223 2 2 200 11 2842 5224 5610
11224 2 2 200 11 5234 3613 5573
11225 2 2 200 11 3195 5316 5562
11226 2 2 200 11 4999 5393 5501
11227 2 2 200 11 5193 2391 5545
11228 2 2 200 11 5180 3251 5622
11229 2 2 200 11 3125 5269 5549
11230 2 2 200 11 5219 2134 5486
11231 2 2 200 11 5230 4386 5518
11232 2 2 200 11 5222 4000 5571
11233 2 2 200 11 3229 5168 5516
11234 2 2 200 11 3671 5179 5553
11235 2 2 200 11 5185 2867 5562
11236 2 2 200 11 2856 5389 5475
11237 2 2 200 11 5192 3940 5513
11238 2 2 200 11 5268 823 5448
11239 2 2 200 11 5168 3228 5538
11240 2 2 200 11 5314 897 5442
11241 2 2 200 11 3336 5193 5545
11242 2 2 200 11 3358 5401 5604
11243 2 2 200 11 3410 5183 5558
11244 2 2 200 11 3554 5354 5626
11245 2 2 200 11 3241 5314 5442
11246 2 2 200 11 5259 2881 5507
11247 2 2 200 11 5401 2278 5604
11248 2 2 200 11 4921 5563 5586
11249 2 2 200 11 5563 3971 5586
11250 2 2 200 11 874 5272 5550
11251 2 2 200 11 3739 5232 5597
11252 2 2 200 11 4088 5250 5582
11253 2 2 200 11 5349 3977 5596
11254 2 2 200 11 5232 3496 5597
11255 2 2 200 11 3552 5259 5599
11256 2 2 200 11 3533 5486 5625
11257 2 2 200 11 5301 3642 5522
11258 2 2 200 11 5318 750 5514
11259 2 2 200 11 5402 3246 5540
11260 2 2 200 11 5389 3627 5475
11261 2 2 200 11 5278 3587 5627
11262 2 2 200 11 5334 3793 5557
11263 2 2 200 11 894 5255 5602
11264 2 2 200 11 833 5402 5540
11265 2 2 200 11 5468 2846 5547
11266 2 2 200 11 5292 3687 5606
11267 2 2 200 11 5285 738 5616
11268 2 2 200 11 5584 3535 5632
11269 2 2 200 11 5328 796 5605
11270 2 2 200 11 3782 5584 5632
11271 2 2 200 11 2293 5399 5538
11272 2 2 200 11 690 5329 5607
11273 2 2 200 11 5399 5168 5538
11274 2 2 200 11 3691 5367 5624
11275 2 2 200 11 2266 5533 5604
11276 2 2 200 11 3679 5468 5547
11277 2 2 200 11 3381 5413 5621
11278 2 2 200 11 3229 5516 5533
11279 2 2 200 11 5408 3630 5614
11280 2 2 200 11 5432 788 5635
11281 2 2 200 11 3963 5477 5603
11282 2 2 200 11 5509 3730 5612
11283 2 2 200 11 5546 3578 5598
11284 2 2 200 11 3223 5546 5598
11285 2 2 200 11 3981 5601 5634
11286 2 2 200 11 5601 685 5634
$EndElements
