$MeshFormat
2.2 0 8
$EndMeshFormat
$Nodes
4497
1 5 0 0
2 0 -5 0
3 -5 0 0
4 3.5 0 0
5 -3.5 0 0
6 -0.1099376567734435 -3.49827296128006 0
7 0.1099376567734548 -3.49827296128006 0
8 4.5 -1 0
9 4.25 -0.75 0
10 4 -1 0
11 4.25 -1.25 0
12 -4 -1 0
13 -4.25 -0.75 0
14 -4.5 -1 0
15 -4.25 -1.25 0
16 -4.99944050904846 -0.07479703527059177 0
17 -4.997762161405838 -0.1495773312372055 0
18 -4.994965332680233 -0.2243241523390782 0
19 -4.99105064879188 -0.2990207705062438 0
20 -4.986018985833342 -0.373650468900354 0
21 -4.979871469875812 -0.4481965456325133 0
22 -4.97260947670572 -0.5226423176288659 0
23 -4.964234631525487 -0.5969711242288125 0
24 -4.954748808598101 -0.6711663308716382 0
25 -4.944154130819422 -0.7452113329125105 0
26 -4.932452969237936 -0.8190895593620231 0
27 -4.919647942530473 -0.8927844765427385 0
28 -4.9057419164226 -0.9662795917612668 0
29 -4.890738003033231 -1.039558457079985 0
30 -4.874639560177172 -1.112604672988437 0
31 -4.857450190626935 -1.18540189200893 0
32 -4.839173741303917 -1.25793382237487 0
33 -4.819814302390101 -1.330184231779874 0
34 -4.799376206508393 -1.402136950658212 0
35 -4.777864027584529 -1.473775876418714 0
36 -4.75528257998309 -1.545084976468725 0
37 -4.731636917338125 -1.616048292125878 0
38 -4.706932331506683 -1.686649941931361 0
39 -4.681174351255788 -1.756874125583546 0
40 -4.654368741066321 -1.826705127322061 0
41 -4.626521499982582 -1.896127319089865 0
42 -4.597638860167824 -1.96512516432789 0
43 -4.56772728545574 -2.033683221571919 0
44 -4.536793469858003 -2.101786147983135 0
45 -4.504844336361167 -2.169418702130762 0
46 -4.471887035030301 -2.236565748179093 0
47 -4.437928941586652 -2.303212258874023 0
48 -4.402977655742158 -2.369343318946262 0
49 -4.367040999278673 -2.434944128849598 0
50 -4.330127014926534 -2.500000006920686 0
51 -4.292243963803041 -2.564496394069674 0
52 -4.253400324001647 -2.628418856229479 0
53 -4.213604788555415 -2.691753087833816 0
54 -4.172866263598914 -2.7544849148467 0
55 -4.131193866395007 -2.81660029792306 0
56 -4.088596922913018 -2.87808533611257 0
57 -4.045084966185808 -2.938926269292505 0
58 -4.000667734127591 -2.999109481347823 0
59 -3.955355167145291 -3.058621503510535 0
60 -3.909157405922629 -3.117449017340983 0
61 -3.862084789440923 -3.175578857337518 0
62 -3.81414785234886 -3.232998014293015 0
63 -3.76535732278834 -3.289693637973637 0
64 -3.715724119883501 -3.345653040127739 0
65 -3.665259351345412 -3.400863697265006 0
66 -3.613974311052153 -3.455313253390366 0
67 -3.561880476446181 -3.508989522855765 0
68 -3.508989505997122 -3.561880493054487 0
69 -3.455313236490752 -3.613974327209839 0
70 -3.400863680527554 -3.665259366875499 0
71 -3.345653023444088 -3.715724134905527 0
72 -3.289693621446746 -3.765357337227449 0
73 -3.232997997868179 -3.814147866271094 0
74 -3.175578841083794 -3.862084802805463 0
75 -3.117449001239809 -3.909157418762887 0
76 -3.05862148755587 -3.955355179482813 0
77 -2.999109465522904 -4.000667745990777 0
78 -2.938926253541487 -4.045084977629593 0
79 -2.878085320557888 -4.088596933862422 0
80 -2.816600282388251 -4.13119387698646 0
81 -2.75448489948223 -4.172866273740913 0
82 -2.69175307257176 -4.213604798305187 0
83 -2.628418841263968 -4.25340033324969 0
84 -2.564496379272001 -4.292243972644238 0
85 -2.499999992499913 -4.33012702325237 0
86 -2.434944114689391 -4.367041007174023 0
87 -2.369343305231178 -4.402977663122559 0
88 -2.303212245243774 -4.437928948660527 0
89 -2.236565734733981 -4.471887041754727 0
90 -2.169418688928691 -4.504844342718949 0
91 -2.101786135104521 -4.536793475824352 0
92 -2.033683208894691 -4.567727291100006 0
93 -1.965125152026332 -4.597638865425761 0
94 -1.896127307222651 -4.626521504846225 0
95 -1.82670511600642 -4.654368745507384 0
96 -1.756874114724356 -4.68117435533131 0
97 -1.686649931422878 -4.706932335272221 0
98 -1.616048281981183 -4.731636920802955 0
99 -1.545084966854177 -4.755282583107046 0
100 -1.473775867225184 -4.777864030420357 0
101 -1.402136941577441 -4.799376209161339 0
102 -1.330184223153103 -4.81981430477094 0
103 -1.257933814360607 -4.839173743387209 0
104 -1.185401884461782 -4.857450192468725 0
105 -1.11260466576232 -4.874639561826486 0
106 -1.039558450343207 -4.890738004465177 0
107 -0.9662795854911522 -4.905741917657618 0
108 -0.892784470781635 -4.919647943575958 0
109 -0.8190895540823757 -4.932452970114681 0
110 -0.7452113281118744 -4.944154131543002 0
111 -0.6711663266555646 -4.954748809169207 0
112 -0.596971120575112 -4.96423463196486 0
113 -0.5226423144985572 -4.972609477034728 0
114 -0.4481965428324305 -4.979871470127824 0
115 -0.3736504665587579 -4.98601898600882 0
116 -0.2990207686591121 -4.991050648902545 0
117 -0.224324150991222 -4.994965332740765 0
118 -0.1495773302697767 -4.997762161434792 0
119 -0.07479703476473994 -4.999440509056028 0
120 0.07479703527059177 -4.99944050904846 0
121 0.1495773312372055 -4.997762161405838 0
122 0.2243241523390782 -4.994965332680233 0
123 0.2990207705062438 -4.99105064879188 0
124 0.373650468900354 -4.986018985833342 0
125 0.4481965456325133 -4.979871469875812 0
126 0.5226423176288659 -4.97260947670572 0
127 0.5969711242288125 -4.964234631525487 0
128 0.6711663308716382 -4.954748808598101 0
129 0.7452113329125105 -4.944154130819422 0
130 0.8190895593620231 -4.932452969237936 0
131 0.8927844765427385 -4.919647942530473 0
132 0.9662795917612668 -4.9057419164226 0
133 1.039558457079985 -4.890738003033231 0
134 1.112604672988437 -4.874639560177172 0
135 1.18540189200893 -4.857450190626935 0
136 1.25793382237487 -4.839173741303917 0
137 1.330184231779874 -4.819814302390101 0
138 1.402136950658212 -4.799376206508393 0
139 1.473775876418714 -4.777864027584529 0
140 1.545084976468725 -4.75528257998309 0
141 1.616048292125878 -4.731636917338125 0
142 1.686649941931361 -4.706932331506683 0
143 1.756874125583546 -4.681174351255788 0
144 1.826705127322061 -4.654368741066321 0
145 1.896127319089865 -4.626521499982582 0
146 1.96512516432789 -4.597638860167824 0
147 2.033683221571919 -4.56772728545574 0
148 2.101786147983135 -4.536793469858003 0
149 2.169418702130762 -4.504844336361167 0
150 2.236565748179093 -4.471887035030301 0
151 2.303212258874023 -4.437928941586652 0
152 2.369343318946262 -4.402977655742158 0
153 2.434944128849598 -4.367040999278673 0
154 2.500000006920686 -4.330127014926534 0
155 2.564496394069674 -4.292243963803041 0
156 2.628418856229479 -4.253400324001647 0
157 2.691753087833816 -4.213604788555415 0
158 2.7544849148467 -4.172866263598914 0
159 2.81660029792306 -4.131193866395007 0
160 2.87808533611257 -4.088596922913018 0
161 2.938926269292505 -4.045084966185808 0
162 2.999109481347823 -4.000667734127591 0
163 3.058621503510535 -3.955355167145291 0
164 3.117449017340983 -3.909157405922629 0
165 3.175578857337518 -3.862084789440923 0
166 3.232998014293015 -3.81414785234886 0
167 3.289693637973637 -3.76535732278834 0
168 3.345653040127739 -3.715724119883501 0
169 3.400863697265006 -3.665259351345412 0
170 3.455313253390366 -3.613974311052153 0
171 3.508989522855765 -3.561880476446181 0
172 3.561880493054487 -3.508989505997122 0
173 3.613974327209839 -3.455313236490752 0
174 3.665259366875499 -3.400863680527554 0
175 3.715724134905527 -3.345653023444088 0
176 3.765357337227449 -3.289693621446746 0
177 3.814147866271094 -3.232997997868179 0
178 3.862084802805463 -3.175578841083794 0
179 3.909157418762887 -3.117449001239809 0
180 3.955355179482813 -3.05862148755587 0
181 4.000667745990777 -2.999109465522904 0
182 4.045084977629593 -2.938926253541487 0
183 4.088596933862422 -2.878085320557888 0
184 4.13119387698646 -2.816600282388251 0
185 4.172866273740913 -2.75448489948223 0
186 4.213604798305187 -2.69175307257176 0
187 4.25340033324969 -2.628418841263968 0
188 4.292243972644238 -2.564496379272001 0
189 4.33012702325237 -2.499999992499913 0
190 4.367041007174023 -2.434944114689391 0
191 4.402977663122559 -2.369343305231178 0
192 4.437928948660527 -2.303212245243774 0
193 4.471887041754727 -2.236565734733981 0
194 4.504844342718949 -2.169418688928691 0
195 4.536793475824352 -2.101786135104521 0
196 4.567727291100006 -2.033683208894691 0
197 4.597638865425761 -1.965125152026332 0
198 4.626521504846225 -1.896127307222651 0
199 4.654368745507384 -1.82670511600642 0
200 4.68117435533131 -1.756874114724356 0
201 4.706932335272221 -1.686649931422878 0
202 4.731636920802955 -1.616048281981183 0
203 4.755282583107046 -1.545084966854177 0
204 4.777864030420357 -1.473775867225184 0
205 4.799376209161339 -1.402136941577441 0
206 4.81981430477094 -1.330184223153103 0
207 4.839173743387209 -1.257933814360607 0
208 4.857450192468725 -1.185401884461782 0
209 4.874639561826486 -1.11260466576232 0
210 4.890738004465177 -1.039558450343207 0
211 4.905741917657618 -0.9662795854911522 0
212 4.919647943575958 -0.892784470781635 0
213 4.932452970114681 -0.8190895540823757 0
214 4.944154131543002 -0.7452113281118744 0
215 4.954748809169207 -0.6711663266555646 0
216 4.96423463196486 -0.596971120575112 0
217 4.972609477034728 -0.5226423144985572 0
218 4.979871470127824 -0.4481965428324305 0
219 4.98601898600882 -0.3736504665587579 0
220 4.991050648902545 -0.2990207686591121 0
221 4.994965332740765 -0.224324150991222 0
222 4.997762161434792 -0.1495773302697767 0
223 4.999440509056028 -0.07479703476473994 0
224 3.499200076566169 -0.07482529090697609 0
225 3.496800671908622 -0.1496163792484197 0
226 3.492802882792649 -0.224339078083526 0
227 3.487208536605556 -0.2989592317111769 0
228 3.480020190517866 -0.3734427313364039 0
229 3.471241130312797 -0.4477555306467307 0
230 3.460875368883469 -0.5218636613673261 0
231 3.448927644421572 -0.5957332486479699 0
232 3.435403418220766 -0.669330526778121 0
233 3.420308872183517 -0.7426218545550076 0
234 3.403650906018865 -0.8155737305461495 0
235 3.385437134080046 -0.8881528084692887 0
236 3.365675881859137 -0.960325912527472 0
237 3.34437618219649 -1.03206005249541 0
238 3.321547771167378 -1.10332243875171 0
239 3.297201083627133 -1.174080497294823 0
240 3.271347248451326 -1.244301884612387 0
241 3.243998083374166 -1.313954502661617 0
242 3.215166089607643 -1.383006513447097 0
243 3.184864446292503 -1.451426353192592 0
244 3.153107004288198 -1.519182747239023 0
245 3.119908279885907 -1.586244724214822 0
246 3.085283448183904 -1.652581630166098 0
247 3.049248336216793 -1.71816314245159 0
248 3.01181941556219 -1.782959283899278 0
249 2.973013794940136 -1.846940436260912 0
250 2.932849212392718 -1.910077353765395 0
251 2.891344027043929 -1.972341176692663 0
252 2.848517210963772 -2.033703444173504 0
253 2.804388340342192 -2.09413610745643 0
254 2.758977586350139 -2.153611542970915 0
255 2.71230570609497 -2.212102564684709 0
256 2.664394033236783 -2.269582436408123 0
257 2.615264468269765 -2.326024884003966 0
258 2.564939468324233 -2.381404107629069 0
259 2.513442036775685 -2.435694793640799 0
260 2.460795713454581 -2.488872125410134 0
261 2.407024562642138 -2.540911795957787 0
262 2.352153163085259 -2.59179001799683 0
263 2.296206596378337 -2.641483535203014 0
264 2.23921043563776 -2.689969632715387 0
265 2.181190733881798 -2.737226147476344 0
266 2.122174011861994 -2.783231478583405 0
267 2.062187246012105 -2.827964597088338 0
268 2.00125785612313 -2.871405055596555 0
269 1.939413693058273 -2.913532997441092 0
270 1.876683025861079 -2.95432916589281 0
271 1.813094528626816 -2.99377491309275 0
272 1.748677267251978 -3.031852208633553 0
273 1.683460687262896 -3.068543647146043 0
274 1.617474598701559 -3.103832457230131 0
275 1.550749164081302 -3.137702508221762 0
276 1.483314883265671 -3.170138318288738 0
277 1.415202580657207 -3.201125060927983 0
278 1.346443390331383 -3.230648572134229 0
279 1.27706874186955 -3.258695356816854 0
280 1.207110346551527 -3.285252594740358 0
281 1.136600181941473 -3.310308146745649 0
282 1.06557047878191 -3.333850559750465 0
283 0.9940537039070043 -3.355869072796012 0
284 0.9220825482624871 -3.376353621022205 0
285 0.8496899093639777 -3.39529484108892 0
286 0.7769088779786728 -3.412684074935434 0
287 0.7037727222513913 -3.428513373958875 0
288 0.6303148725897176 -3.442775502613002 0
289 0.5565689067733568 -3.455463941645624 0
290 0.4825685335551773 -3.466572891260532 0
291 0.408347579023373 -3.476097273481534 0
292 0.3339399689123594 -3.484032734800695 0
293 0.2593797153338673 -3.490375647874211 0
294 0.1847008993293174 -3.495123113394855 0
295 4.925000000001483 0 0
296 4.850000000002966 0 0
297 4.775000000004449 0 0
298 4.700000000005933 0 0
299 4.625000000007416 0 0
300 4.550000000008899 0 0
301 4.475000000010382 0 0
302 4.400000000011866 0 0
303 4.325000000013349 0 0
304 4.250000000014658 0 0
305 4.175000000011875 0 0
306 4.100000000008917 0 0
307 4.025000000005959 0 0
308 3.950000000004424 0 0
309 3.875000000003687 0 0
310 3.800000000002949 0 0
311 3.725000000002212 0 0
312 3.650000000001475 0 0
313 3.575000000000737 0 0
314 0.03665124552596158 -3.499808092767574 0
315 -0.03665124426426282 -3.499808092780786 0
316 -0.1847008997218649 -3.495123113374111 0
317 -0.2593797160687871 -3.490375647819598 0
318 -0.3339399701585644 -3.484032734681249 0
319 -0.4083475805755847 -3.476097273299191 0
320 -0.4825685356491422 -3.46657289096904 0
321 -0.5565689090855035 -3.455463941273208 0
322 -0.6303148754256607 -3.442775502093789 0
323 -0.7037727254366239 -3.428513373305041 0
324 -0.7769088816387932 -3.412684074102196 0
325 -0.8496899134474823 -3.395294840067002 0
326 -0.9220825526975759 -3.376353619810982 0
327 -0.99405370890043 -3.355869071316892 0
328 -1.065570483948125 -3.333850558099232 0
329 -1.136600187872253 -3.310308144709305 0
330 -1.207110352733312 -3.285252592468966 0
331 -1.277068748378694 -3.258695354265949 0
332 -1.346443397047885 -3.23064856933498 0
333 -1.415202587616802 -3.201125057851179 0
334 -1.483314890417227 -3.170138314942509 0
335 -1.550749171438555 -3.137702504585583 0
336 -1.61747460630627 -3.103832453267151 0
337 -1.683460695075714 -3.068543642859785 0
338 -1.748677275465176 -3.031852203896439 0
339 -1.813094537044932 -2.993774907994559 0
340 -1.876683034678498 -2.954329160291707 0
341 -1.939413702289079 -2.913532991296541 0
342 -2.001257865573454 -2.871405049010046 0
343 -2.06218725570252 -2.827964590021967 0
344 -2.122174021766348 -2.783231471031478 0
345 -2.18119074407278 -2.73722613935554 0
346 -2.239210445961487 -2.689969624121611 0
347 -2.296206606600462 -2.641483526317057 0
348 -2.352153173449966 -2.591790008590445 0
349 -2.407024573151459 -2.540911786002229 0
350 -2.460795724094444 -2.488872114890298 0
351 -2.513442047542833 -2.435694782529965 0
352 -2.564939478674865 -2.381404096480711 0
353 -2.615264478082457 -2.326024872971073 0
354 -2.664394042534664 -2.269582425492802 0
355 -2.712305714911468 -2.212102553874615 0
356 -2.758977594639034 -2.153611532352066 0
357 -2.804388348177131 -2.094136096964175 0
358 -2.848517218483067 -2.033703433641566 0
359 -2.891344034089762 -1.972341166363858 0
360 -2.932849218965881 -1.910077343672561 0
361 -2.973013801071541 -1.84694042639121 0
362 -3.011819421250855 -1.782959274289844 0
363 -3.049248341411691 -1.71816313323213 0
364 -3.085283452930327 -1.652581621304775 0
365 -3.119908284161019 -1.586244715806311 0
366 -3.153107008074949 -1.519182739379513 0
367 -3.184864449769632 -1.451426345562731 0
368 -3.215166092729498 -1.383006506189517 0
369 -3.243998086091008 -1.313954495954057 0
370 -3.271347250969561 -1.244301877991792 0
371 -3.297201085838499 -1.174080491084588 0
372 -3.321547773070885 -1.103322433021212 0
373 -3.344376183913825 -1.032060046930413 0
374 -3.365675883313624 -0.9603259074298984 0
375 -3.385437135292501 -0.8881528038476857 0
376 -3.403650907093844 -0.8155737260599157 0
377 -3.420308873020284 -0.7426218507010923 0
378 -3.435403418861839 -0.6693305234877528 0
379 -3.448927644974138 -0.5957332454489574 0
380 -3.460875369273081 -0.5218636587835169 0
381 -3.471241130587602 -0.4477555285162993 0
382 -3.480020190723613 -0.3734427294191125 0
383 -3.487208536725416 -0.298959230313074 0
384 -3.492802882863364 -0.2243390769825353 0
385 -3.496800671945222 -0.1496163783930193 0
386 -3.499200076572593 -0.07482529060660423 0
387 -3.574999999999263 0 0
388 -3.649999999998526 0 0
389 -3.724999999997788 0 0
390 -3.799999999997051 0 0
391 -3.874999999996314 0 0
392 -3.949999999995576 0 0
393 -4.024999999994042 0 0
394 -4.099999999991083 0 0
395 -4.174999999988126 0 0
396 -4.249999999985342 0 0
397 -4.324999999986652 0 0
398 -4.399999999988134 0 0
399 -4.474999999989618 0 0
400 -4.549999999991101 0 0
401 -4.624999999992584 0 0
402 -4.699999999994067 0 0
403 -4.774999999995551 0 0
404 -4.849999999997033 0 0
405 -4.924999999998517 0 0
406 4.491481456592024 -0.9352952387981033 0
407 4.466506350669746 -0.8749999995213255 0
408 4.42677669480898 -0.823223304215707 0
409 4.37499999910041 -0.783493648534512 0
410 4.314704760227801 -0.7585185431469679 0
411 4.185295239329261 -0.7585185432656527 0
412 4.125000000307883 -0.7834936488761336 0
413 4.073223304400083 -0.8232233050066425 0
414 4.033493648929339 -0.8750000002157293 0
415 4.00851854334383 -0.9352952390375002 0
416 4.00851854347157 -1.064704761439235 0
417 4.033493649481128 -1.125000000739999 0
418 4.073223305304078 -1.176776695897351 0
419 4.125000001021754 -1.21650635153602 0
420 4.18529523983179 -1.241481456868999 0
421 4.314704760652403 -1.24148145673926 0
422 4.374999999399706 -1.216506351292689 0
423 4.426776695358339 -1.176776695234935 0
424 4.46650635094176 -1.125000000007533 0
425 4.491481456622819 -1.064704761086967 0
426 -4.008518543407976 -0.9352952387981033 0
427 -4.033493649330254 -0.8749999995213255 0
428 -4.07322330519102 -0.823223304215707 0
429 -4.12500000089959 -0.783493648534512 0
430 -4.185295239772199 -0.7585185431469679 0
431 -4.314704760670739 -0.7585185432656527 0
432 -4.374999999692117 -0.7834936488761336 0
433 -4.426776695599917 -0.8232233050066425 0
434 -4.466506351070661 -0.8750000002157293 0
435 -4.49148145665617 -0.9352952390375002 0
436 -4.49148145652843 -1.064704761439235 0
437 -4.466506350518872 -1.125000000739999 0
438 -4.426776694695922 -1.176776695897351 0
439 -4.374999998978246 -1.21650635153602 0
440 -4.31470476016821 -1.241481456868999 0
441 -4.185295239347597 -1.24148145673926 0
442 -4.125000000600294 -1.216506351292689 0
443 -4.073223304641661 -1.176776695234935 0
444 -4.03349364905824 -1.125000000007533 0
445 -4.008518543377181 -1.064704761086967 0
446 3.204230833862829 -1.582110754640796 0
447 -3.203232638597982 -1.574527766025355 0
448 0.07532831455664318 -3.562802771332415 0
449 0.4787831654715025 -4.910226720007326 0
450 -0.2582822441735595 -4.928318822345956 0
451 -0.6301480798970986 -4.900972299313667 0
452 -1.35413192711307 -4.750598697556875 0
453 1.343012977918787 -4.754370196749104 0
454 -2.035086871711512 -4.48799413262201 0
455 2.040945214681607 -4.493281513417716 0
456 -2.68783838896887 -4.138908180488697 0
457 2.687310334843956 -4.14445505382972 0
458 -3.266265480800226 -3.691750419433034 0
459 3.281133195537262 -3.694692664927761 0
460 3.788004133838135 -3.160786776477611 0
461 -3.78835556720298 -3.160070311989572 0
462 4.222478787860624 -2.568093778200084 0
463 -4.220006753955227 -2.560821318581876 0
464 0.8497380032470925 -4.85921556930065 0
465 4.027394264301328 -2.878096098096814 0
466 -4.002748988357331 -2.877968039569744 0
467 3.544091621085662 -3.432521607978015 0
468 -3.541442380861751 -3.437036804022273 0
469 -2.999804696014936 -3.920358666000712 0
470 2.992377367376674 -3.922313192385763 0
471 -2.376250217229025 -4.327321403929427 0
472 2.371021666577334 -4.328197359814885 0
473 -1.703617672569741 -4.634539446917565 0
474 1.69715563477934 -4.634969845803494 0
475 -0.9869676233980849 -4.838746887292878 0
476 4.137199127956822 -1.28610161514808 0
477 -4.13761910736906 -1.281648404788391 0
478 0.8287484510642644 -3.466719083462504 0
479 -0.3005411678471947 -3.548676234344104 0
480 -2.971986067640452 -1.989627287801635 0
481 2.966882882316767 -1.977111193238802 0
482 -2.643728975745573 -2.394326873366663 0
483 2.636841704240442 -2.393600611938841 0
484 -2.254911667190902 -2.779127316411977 0
485 2.251046420869649 -2.767690803179999 0
486 -1.807291227378028 -3.072226767371257 0
487 1.815509546006853 -3.069458959590433 0
488 -1.338245736450443 -3.302473745283327 0
489 1.336060633971932 -3.305454850418944 0
490 -0.8288079290592615 -3.466901490469743 0
491 0.4435259038435107 -3.542368045039819 0
492 0.1168396738629005 -4.937376892232519 0
493 -4.39743720487455 -2.229778512717691 0
494 4.395906342108161 -2.23557078569365 0
495 -4.516592822980546 -1.979130256111985 0
496 4.526163608077126 -1.978709592816081 0
497 -4.013725535891341 -1.188692382647609 0
498 4.0097365303391 -1.185862473422568 0
499 -3.28621818207748 -1.369990504034785 0
500 3.284376535401312 -1.388413049796647 0
501 -3.092083603191108 -1.776233209269209 0
502 -0.5262616229559931 -3.524981552102258 0
503 1.048433792241991 -3.406921604755376 0
504 -2.478725814431281 -2.564296485295505 0
505 -2.066005598375227 -2.902676262610718 0
506 2.786047186922464 -2.223367650434807 0
507 1.612831470087181 -3.178866958759416 0
508 -2.783489405035879 -2.221077503791434 0
509 -1.121071773651993 -3.382398931733708 0
510 -1.616328085161701 -3.187681879049256 0
511 2.437726305557602 -2.614744120469893 0
512 3.087747986078575 -1.782251513216177 0
513 2.006831274962172 -2.946186124485449 0
514 -3.917328967915645 -0.06607494401370746 0
515 3.912189754277886 -0.06470432066213001 0
516 4.373092216447331 -0.7273012144360114 0
517 -4.358560031112283 -0.7131718223239136 0
518 -4.055887402934731 -0.7625400948371018 0
519 4.059614863552661 -0.7592750468548477 0
520 -4.218386170244677 -0.693196730462322 0
521 4.20854992878295 -0.6987658088287931 0
522 -4.288471002598401 -1.301329061690029 0
523 4.289258515035145 -1.298184128778087 0
524 4.58646637974183 -0.05803541023172127 0
525 -4.581760185970132 -0.06315875423722093 0
526 -3.539205572356444 -0.4143041874520513 0
527 3.540158230663895 -0.4155295841245384 0
528 4.911914595324649 -0.481849632710163 0
529 -4.911768543550055 -0.4791303610644991 0
530 3.371912516736254 -1.150347235641315 0
531 -3.37352458020587 -1.161444518695861 0
532 1.146098262746398 -4.795322893509812 0
533 -4.609695448380918 -1.7645210490562 0
534 4.604607257302333 -1.781667916921823 0
535 4.358209734926531 -0.06238713035764135 0
536 -4.364814720041934 -0.06125059546359865 0
537 -4.14561965283449 -0.06504634490636697 0
538 4.134752326064175 -0.0664878509385807 0
539 3.944834340741579 -1.030648619317879 0
540 -3.94868224614194 -1.038467382574172 0
541 -3.962539690763638 -0.8923795402104153 0
542 3.973903956011947 -0.885706012614909 0
543 -3.505902643938026 -0.6442442077726149 0
544 3.515341553157064 -0.6478957987986039 0
545 4.490732813847276 -0.8090347920085736 0
546 -4.491540244871778 -0.8114396004184999 0
547 -3.443056085244529 -0.9383602647967982 0
548 3.438060249553955 -0.9413531069322808 0
549 -4.689355629002602 -1.562780781198056 0
550 4.681000148257852 -1.555497727497162 0
551 4.885558667286788 -0.6949172194790214 0
552 -4.885326616918096 -0.6990135717908259 0
553 -4.438540178001533 -1.241548529349888 0
554 4.44158581690314 -1.240805288804298 0
555 4.926348630265578 -0.2533609842436332 0
556 -4.928600939303998 -0.2591811124650057 0
557 4.544823957981523 -0.9609157498022753 0
558 -4.550469087514037 -0.9615615296548782 0
559 4.528245821273572 -1.12767037224331 0
560 -4.531211112007131 -1.116481457158016 0
561 0.2228376964975575 -3.552383011849687 0
562 -0.1492513879181659 -3.560727169631759 0
563 -3.475816064558508 -0.7920692475442368 0
564 3.472860090277293 -0.795661768395943 0
565 -3.553327905795453 -0.2646347928804759 0
566 3.554628658372702 -0.2664940008127701 0
567 0.6046302389698071 -3.512810868588311 0
568 -0.6780984865125415 -3.492402433091149 0
569 -2.875634665828447 -2.105619780998027 0
570 2.875593778882273 -2.099807080712234 0
571 2.522838811643966 -2.515796306280738 0
572 1.192830466159018 -3.359537249346233 0
573 -1.942983870278976 -2.988501824720137 0
574 -0.976728931773756 -3.428321558791418 0
575 1.476094038246218 -3.244618673930641 0
576 -2.366861579516778 -2.665388474394263 0
577 -1.476094045543474 -3.244618670903728 0
578 2.130433535323635 -2.858424095904664 0
579 4.747282374957632 -1.348460672367589 0
580 -4.747739058275011 -1.34809588097277 0
581 4.740825114559131 -0.06230531783326708 0
582 -4.738265429770167 -0.06447746440265191 0
583 -3.762499999997419 -0.06495190528319424 0
584 3.769342317484643 -0.06186380808872231 0
585 4.850061253474141 -0.929068355927277 0
586 -4.849776826351558 -0.9214012460689358 0
587 -0.03948616119408876 -4.936547075115417 0
588 0.2582822457277143 -4.928318821829492 0
589 -0.4112046038875135 -4.917791656878445 0
590 0.6262077427739234 -4.897869404607982 0
591 -4.330735734352138 -2.371483601527668 0
592 4.326289350633534 -2.373675293880426 0
593 -4.46177663465182 -2.106419629726633 0
594 4.462247399537102 -2.107933651118435 0
595 0.9904874814849217 -4.83818359407935 0
596 -1.489874310023541 -4.704817815 0
597 4.128125618149861 -2.693280644877616 0
598 -2.562818031852248 -4.217463677113543 0
599 -3.389310668156856 -3.594316537543246 0
600 -2.810452766699898 -4.056647800555175 0
601 2.557845310477663 -4.220892996991991 0
602 -2.178690192373856 -4.43191932301675 0
603 -1.905613130168053 -4.5523262987536 0
604 -4.138908170341226 -2.687838403869148 0
605 3.437036804022272 -3.541442380861752 0
606 2.165288400733768 -4.431273211180303 0
607 -3.642409203473567 -3.330729064534591 0
608 1.837299805023745 -4.580323738920998 0
609 -3.164685805533836 -3.788644752984785 0
610 3.694224581099834 -3.270283044452653 0
611 -3.877653864453635 -3.048584659947035 0
612 3.889118105886233 -3.039826608816029 0
613 1.489861900840548 -4.692889480166667 0
614 3.102653260731278 -3.827635191829413 0
615 -1.137483946244221 -4.803859067367838 0
616 -0.7726886859481004 -4.882228027267789 0
617 2.872733199569752 -4.020663350832851 0
618 -4.823577166771459 -1.061718804055753 0
619 4.821372313842166 -1.070074498103662 0
620 4.790039308403319 -1.207288334417039 0
621 -4.787358863161836 -1.209228306525612 0
622 -3.56116263842098 -0.1180105126789903 0
623 3.567939715895913 -0.1210792040830161 0
624 4.884517798884522 -0.06320262507719178 0
625 -4.884519239295297 -0.0632034584074069 0
626 4.130856338244485 -0.7148973366105715 0
627 4.069479909016377 -0.6874796311686309 0
628 4.007300605959285 -0.7161074100956601 0
629 4.015643127101311 -0.6511465601051559 0
630 3.95366894183472 -0.6811540453976167 0
631 3.958372010878458 -0.6137925262596337 0
632 4.022259993091502 -0.5826412567475665 0
633 3.963177368103492 -0.5453996121833102 0
634 4.025057787826157 -0.5147303314113132 0
635 3.967377785410549 -0.4764837426469659 0
636 3.900984987416483 -0.5761086426353629 0
637 4.029800835052059 -0.4460255503387205 0
638 4.08719745922724 -0.4846786673460334 0
639 4.092465488003354 -0.4155782389395094 0
640 4.150464923892143 -0.4549290531938388 0
641 4.154822537344212 -0.3861428049238502 0
642 4.213384419252825 -0.4246975176465281 0
643 3.971844231902962 -0.40708467286643 0
644 4.215104421756754 -0.3587087105987384 0
645 4.276073875584611 -0.3948594285816561 0
646 4.096407222195852 -0.3454010619817304 0
647 3.908841866745764 -0.4379672309229891 0
648 3.91338561777561 -0.3675310922388379 0
649 3.849419771444202 -0.3989705260266982 0
650 4.271521162329506 -0.4642002977107001 0
651 4.334495820976881 -0.4338173168512643 0
652 4.340094257829525 -0.3637305646168141 0
653 4.398395474895711 -0.4035418895254202 0
654 4.403819030091233 -0.3332027452747434 0
655 4.462543868723678 -0.3734518768100231 0
656 4.45688308432148 -0.4439434651984698 0
657 4.52114918225495 -0.4138830264917672 0
658 4.515731888210291 -0.4846416025177738 0
659 4.579848750009665 -0.4541944097506755 0
660 4.574314893162184 -0.5251212281171427 0
661 4.584700678322301 -0.3825346509844993 0
662 3.854356835747299 -0.3279046131108426 0
663 4.638458858519429 -0.4946032283869131 0
664 4.632476587844883 -0.5654532495685163 0
665 4.466102777271739 -0.3015412061247772 0
666 3.790823080820314 -0.3592736874149169 0
667 3.785286033858628 -0.4309341444917938 0
668 3.913057557734297 -0.3080419355495415 0
669 4.568712542324873 -0.5958063372879497 0
670 4.626534126170011 -0.6359334986590274 0
671 4.347647010038395 -0.2942059545320005 0
672 4.329025509336516 -0.5033212874008635 0
673 4.697053598172253 -0.5351386062753134 0
674 4.7030327908736 -0.4636819147244873 0
675 3.797101544996396 -0.2890694103622643 0
676 4.145766024326309 -0.5227011191770033 0
677 3.72821307453898 -0.3912737481017652 0
678 3.721648921630544 -0.4638885475063694 0
679 4.565014101394928 -0.6631646179710158 0
680 4.622671536895023 -0.7027783188262308 0
681 4.684820712952066 -0.6759809423839501 0
682 4.678369882442661 -0.7455934466595218 0
683 4.50637297731647 -0.6257333815960382 0
684 3.946830933155861 -0.7462456321032153 0
685 3.892908518721585 -0.7118965025034918 0
686 3.887621112182331 -0.7797996873935769 0
687 3.831869268065093 -0.7426419150809953 0
688 3.826808319548201 -0.8106213053055504 0
689 3.77049138266969 -0.773840158769637 0
690 3.765712794650939 -0.8420502017993324 0
691 3.773411083737337 -0.709083947595564 0
692 3.708022262399736 -0.8092544241924791 0
693 3.704811273142985 -0.8752559966824285 0
694 3.761846175304541 -0.9120178764972535 0
695 3.7004191479211 -0.942012971061249 0
696 3.757768205891263 -0.9809890361240194 0
697 3.686077920710827 -1.015493698110628 0
698 3.75202852554456 -1.051025081403155 0
699 3.691493084565169 -1.081976747649987 0
700 3.749307239270395 -1.120088642467016 0
701 3.688273572289104 -1.150136474363942 0
702 3.745728997288419 -1.18928138817008 0
703 3.683130081845258 -1.216365974226164 0
704 3.742871256837338 -1.258519619278071 0
705 3.678119001064694 -1.28683067647681 0
706 3.738027785138848 -1.329089513318056 0
707 3.675559702796839 -1.359487935922163 0
708 3.738080963059486 -1.399910865141433 0
709 3.67123715961337 -1.428725056938543 0
710 3.73494493145065 -1.470668598766406 0
711 3.666539154468769 -1.500398027578951 0
712 3.727572547899753 -1.54155660660322 0
713 3.660842143061795 -1.57381525531187 0
714 3.725312151142184 -1.613593129795187 0
715 3.6566005800615 -1.646139692420519 0
716 3.721646105475655 -1.685963759426155 0
717 3.654411842151279 -1.718774710923265 0
718 3.717563667468623 -1.759050502274758 0
719 3.650802325316874 -1.791316401027341 0
720 3.71364847911756 -1.832083708312228 0
721 3.646133356352203 -1.864274104737467 0
722 3.707740886112682 -1.904828421822879 0
723 3.641544849619363 -1.937074669439692 0
724 3.786858482703402 -1.725899076132097 0
725 3.703846457426492 -1.978038136953063 0
726 3.637724663881309 -2.011223199716855 0
727 3.699895522330178 -2.051719746186541 0
728 3.63365315111022 -2.084908935426467 0
729 3.6953508798684 -2.125275940006642 0
730 3.629405118510321 -2.158645617184457 0
731 3.770344737957141 -1.94472834839702 0
732 3.691312519035788 -2.199141701582471 0
733 3.625243153422829 -2.232580937820422 0
734 3.563188317276639 -2.191711294164427 0
735 3.55907736689212 -2.265970978510669 0
736 3.621128414256569 -2.306611641395927 0
737 3.554919245483628 -2.340098023396147 0
738 3.492752319810244 -2.299193717620738 0
739 3.488599252197397 -2.373560601375292 0
740 3.550843840656159 -2.414272674539522 0
741 3.484441875572526 -2.447823450257797 0
742 3.42223008503409 -2.407079717658307 0
743 3.418029448049097 -2.481357583045548 0
744 3.480291499357008 -2.522128741971881 0
745 3.413834768333127 -2.555686490806676 0
746 3.351535133593269 -2.514884832082563 0
747 3.347333938575556 -2.589263235772409 0
748 3.28500158535147 -2.548425270930687 0
749 3.280791655334702 -2.622852851528662 0
750 3.343145298919448 -2.663662729503527 0
751 3.276594632702233 -2.697311012622974 0
752 3.214215125500145 -2.656446211328451 0
753 3.209987496663776 -2.730928024916827 0
754 3.272410254074077 -2.771816208978423 0
755 3.205780083340661 -2.805446008311765 0
756 3.14333670212651 -2.764543169183812 0
757 3.139127725635778 -2.839083753855335 0
758 3.076668669181815 -2.798164293649194 0
759 3.072456802299574 -2.872725727235718 0
760 3.134932181405268 -2.913648691760232 0
761 3.068250059382498 -2.947300518634965 0
762 3.005763154046426 -2.90636548332984 0
763 3.001549373040152 -2.980955784210409 0
764 2.939045350124034 -2.940005519441167 0
765 2.934832130154694 -3.014617790350833 0
766 2.872318301138971 -2.97366525024723 0
767 2.868107963425258 -3.048288904048714 0
768 2.93062260824339 -3.089236017359641 0
769 2.863896886681336 -3.122919468759496 0
770 2.8013657458844 -3.08195674664505 0
771 2.797153210308317 -3.156596638757052 0
772 2.734619775071537 -3.115627852528434 0
773 2.730407943248015 -3.190276421027258 0
774 2.792947209604313 -3.231245596506846 0
775 2.72619267762146 -3.264928837511029 0
776 2.663653589429987 -3.223943036624208 0
777 2.659432865758361 -3.298612910707186 0
778 2.596883118847834 -3.257621525671341 0
779 2.5926660319736 -3.332300040400025 0
780 2.530106508735506 -3.291318921795515 0
781 2.525894154981584 -3.365992491186403 0
782 2.463330157158367 -3.32500884492508 0
783 2.459118535599078 -3.399685637707178 0
784 2.396550807740649 -3.358698849655205 0
785 2.392339065430066 -3.433378081363414 0
786 2.454908400353444 -3.474364921903344 0
787 2.388127832450723 -3.508058674730315 0
788 2.325622057282716 -3.467199499038751 0
789 2.321356391456415 -3.541775013679529 0
790 2.258850390082821 -3.500918002085872 0
791 2.254576928345867 -3.575480698394797 0
792 2.192002652976802 -3.534490231666899 0
793 2.187781444479775 -3.609158586938978 0
794 2.125203332534881 -3.56816240642614 0
795 2.120991191244827 -3.642850494973128 0
796 2.058411313645302 -3.601851750252601 0
797 2.054202372136014 -3.676548291015964 0
798 1.991621596571823 -3.635550064377468 0
799 1.98741079291953 -3.710243388575559 0
800 1.924830453852999 -3.66924747862614 0
801 1.920619282175095 -3.743942455632441 0
802 1.858038649368752 -3.702945779541926 0
803 1.853827946814966 -3.77764315344549 0
804 1.791246379527192 -3.736644724490787 0
805 1.787034884863997 -3.811339881794585 0
806 1.724453488215313 -3.770343364805637 0
807 1.720241471741627 -3.845037247789948 0
808 1.657732611195156 -3.804046279834962 0
809 1.653460341030689 -3.878738157554937 0
810 1.591053840619815 -3.837945901287164 0
811 1.586688060084081 -3.912470320852685 0
812 1.524210446128632 -3.871680067838339 0
813 1.519889703672558 -3.946181241611232 0
814 1.457356074896625 -3.905190888645027 0
815 1.453085124406537 -3.979851401488169 0
816 1.390641204332148 -3.939034160223504 0
817 1.386302733270636 -4.01357011945071 0
818 1.323813598372923 -3.972758193802897 0
819 1.319512576108 -4.04726593911403 0
820 1.256949373814496 -4.006282887975346 0
821 1.25271042025409 -4.080926193135109 0
822 1.190222040237291 -4.040103758647708 0
823 1.185893400741912 -4.114634176178404 0
824 1.123411051663149 -4.073823581845312 0
825 1.119117109327408 -4.148363712152142 0
826 1.056545814674135 -4.107387468292927 0
827 1.052308209082142 -4.182032039094593 0
828 0.9897283772407608 -4.141038045070382 0
829 0.9855413590880908 -4.215700495672799 0
830 0.9229984498609414 -4.174760032120267 0
831 0.9188107614711625 -4.249354972748352 0
832 0.8563129194733432 -4.208408143557651 0
833 1.983198728475616 -3.784937958181795 0
834 0.8604957683151129 -4.133856279068373 0
835 0.7938542239182855 -4.167527746233723 0
836 0.7896823858974573 -4.24201589084209 0
837 0.7272691726853273 -4.201175606976163 0
838 0.7230996481483545 -4.275559189277537 0
839 0.6607364693286923 -4.234733068613121 0
840 0.6649044186337556 -4.160352036294874 0
841 0.5984282207156173 -4.193962218538927 0
842 0.5942611433869693 -4.268284487948018 0
843 0.5319943976296297 -4.227528391713944 0
844 0.5278307564355876 -4.301845785167417 0
845 0.4655648316375728 -4.26108266678997 0
846 0.4697318850661329 -4.186777124466296 0
847 0.403143040606127 -4.22001737611613 0
848 0.399096757653759 -4.294588797117077 0
849 0.3366481935360957 -4.253490423228826 0
850 1.649242887469223 -3.953438712894572 0
851 0.3326135987137835 -4.328133939222381 0
852 0.2703052792791595 -4.287319963801473 0
853 0.2738850301647655 -4.212123539544494 0
854 0.2076570784756007 -4.246018044776184 0
855 0.2037368274211699 -4.320828983940022 0
856 0.1414104464282612 -4.279957711499994 0
857 0.144956406369587 -4.204539197802565 0
858 0.07880055307070599 -4.238619315584587 0
859 0.07479907516692297 -4.313474047662002 0
860 0.01246000731961075 -4.272550685471716 0
861 0.0165037710056734 -4.197307284609744 0
862 -0.04984064291441537 -4.231453611317113 0
863 -0.05412096016079363 -4.306169199434138 0
864 -0.116497368782893 -4.265142382108618 0
865 -0.112087361853965 -4.190265485759864 0
866 -0.1788181517535755 -4.22401817460489 0
867 -0.1831754286223804 -4.298700785811333 0
868 -0.2455790410644978 -4.257653402876038 0
869 -0.2411763359398188 -4.182993764118717 0
870 -0.3079251598179857 -4.216539404957069 0
871 -0.312309462467665 -4.291212795598581 0
872 -0.3747306887780845 -4.250157271442541 0
873 -0.3702869264589039 -4.175434415049843 0
874 -0.4371470767756214 -4.209079661303353 0
875 -0.4415044934034178 -4.283706673441895 0
876 -0.5039432978969094 -4.24264376450713 0
877 -0.4995956669004125 -4.168031047022772 0
878 -0.5663903866594177 -4.201580405434769 0
879 2.183566174171605 -3.683838416144632 0
880 -0.5620426656099469 -4.126967664654456 0
881 -0.6288420944331363 -4.160511199965875 0
882 -0.6331871489716442 -4.235136213878153 0
883 -0.6956425513287472 -4.194076616014637 0
884 -0.6912996736717305 -4.119434452731851 0
885 -0.7581131893706947 -4.152981448111412 0
886 -0.7624473522105002 -4.227649682475938 0
887 -0.8249291089687838 -4.186539275651773 0
888 -0.8205824926187446 -4.111888374926959 0
889 -0.8874046886730076 -4.1454447262244 0
890 -0.8830558099099943 -4.07079273042285 0
891 -0.9498843849479965 -4.104352278485567 0
892 -0.9542327305182532 -4.179008121208772 0
893 -1.016715410803399 -4.137914821548554 0
894 -1.012366657253012 -4.063253874376112 0
895 -1.079201438074738 -4.096818214706575 0
896 -1.074851904303064 -4.02215337997676 0
897 -1.141689992028266 -4.055719510935485 0
898 -1.146036661499027 -4.130384103142946 0
899 -1.208529175974647 -4.089287352224369 0
900 -1.204180175679299 -4.0146173766651 0
901 -1.271022734327367 -4.048186083779084 0
902 -1.266672789179961 -3.973513324015696 0
903 -1.333517540039858 -4.007083554845055 0
904 -1.329170258195032 -3.932411114893404 0
905 -1.396015648461299 -3.965980024469552 0
906 -1.391680802612404 -3.891311489414296 0
907 -1.458513902609034 -3.92487339968677 0
908 -1.462863337009129 -3.999552581588154 0
909 -1.525362787405183 -3.958446495527975 0
910 -1.521017582931418 -3.883772376503879 0
911 -1.587864407474941 -3.917340971038474 0
912 -1.583519863182921 -3.842666472441811 0
913 -1.650367351061229 -3.876234433550239 0
914 -1.646017785661575 -3.801551491759347 0
915 -1.71287012262824 -3.835125624390801 0
916 -1.70852016035596 -3.760441095965985 0
917 -1.775373772382536 -3.794016432688669 0
918 -1.771024131027217 -3.719330852827821 0
919 -1.837878143449002 -3.752906990308274 0
920 -1.842227425769251 -3.827592037140548 0
921 -1.904731833206774 -3.786483184607245 0
922 -1.900382959529433 -3.711798063628321 0
923 -1.967237979158999 -3.745376102634322 0
924 -1.962888324976654 -3.670688893697506 0
925 -2.029744048722211 -3.704267127141827 0
926 -2.025394848909172 -3.629580511448394 0
927 -2.092251095266328 -3.663158207784605 0
928 -2.087899679980976 -3.588468968237754 0
929 -2.154758511074084 -3.622049525616535 0
930 -2.150407671241946 -3.547360924619983 0
931 -2.217263617832791 -3.580938087796586 0
932 -2.212914770816564 -3.506251435767354 0
933 -2.279770349330285 -3.539827900835181 0
934 -2.275419586105205 -3.465138173003548 0
935 -2.342277029587424 -3.498717122469195 0
936 -2.337928485198487 -3.424030401730054 0
937 -2.404784726498563 -3.457607810843318 0
938 -2.40043380181279 -3.382917198169793 0
939 -2.467291739327549 -3.416497081145787 0
940 -2.462941258183514 -3.341806975345783 0
941 -2.529800577274627 -3.375388300107184 0
942 -2.525451850448003 -3.300701397603474 0
943 -2.592310307134484 -3.334281388430731 0
944 -2.587961137519895 -3.259593938556311 0
945 -2.654813658700527 -3.293165799275633 0
946 -2.650464974360928 -3.218478470018518 0
947 -2.717322948339394 -3.252057672768721 0
948 -2.712970921144825 -3.177366122363664 0
949 -2.779831952860575 -3.210949836300304 0
950 -2.775478102782378 -3.136255940536198 0
951 -2.842335859152702 -3.16983582497954 0
952 -2.837985635262338 -3.095146834733905 0
953 -2.904843128885279 -3.128725154463881 0
954 -2.900491531384561 -3.054035451496025 0
955 -2.96735100212263 -3.087616054695813 0
956 -2.962999385429264 -3.012927193926682 0
957 -3.029855029909399 -3.046503916924443 0
958 -3.025503615556063 -2.971814564073491 0
959 -3.092358790932053 -3.005391638363533 0
960 -3.088009983317124 -2.930705465501903 0
961 -3.154864721682359 -2.964281499180259 0
962 -3.150515871772868 -2.889596039492638 0
963 -3.217369059715105 -2.923172376964462 0
964 -3.213020536321036 -2.848486222048983 0
965 -3.146167304820562 -2.814909448424636 0
966 -3.20867004510831 -2.773799534577814 0
967 -3.275524295244931 -2.807375800247522 0
968 -3.271175353010984 -2.732695676123011 0
969 -3.338026941812025 -2.766268265500137 0
970 -3.33367238575503 -2.691593884626688 0
971 -2.534152189171306 -3.450077649293049 0
972 -3.266801859235406 -2.657982873279145 0
973 -3.329325984551872 -2.616933318087155 0
974 -3.396150903573684 -2.650499765679441 0
975 -3.391811895386111 -2.57585471055451 0
976 -3.458621695587941 -2.609402427117729 0
977 -3.454276518434687 -2.534768780175741 0
978 -3.387485580939404 -2.501227512589209 0
979 -3.449815628513349 -2.459986331732381 0
980 -3.516675700992521 -2.493658436831698 0
981 -3.51223760733237 -2.418969808610914 0
982 -2.284121843300368 -3.614516340898207 0
983 -3.579011015699573 -2.452636507357393 0
984 -3.574574266720537 -2.378254723560746 0
985 -3.507391605014869 -2.344222385430028 0
986 -3.56989179805917 -2.303915256831126 0
987 -3.634284794193713 -2.33754563985238 0
988 -3.629415939262696 -2.263774687968751 0
989 -3.564161605954269 -2.229194124622984 0
990 -3.627712265309224 -2.190144181942685 0
991 -3.697337951273825 -2.220574314853167 0
992 -3.687100578848787 -2.145984749934875 0
993 -3.620603764350057 -2.113752586219769 0
994 -3.684594964828305 -2.077207053469481 0
995 -3.746950663626385 -2.106909440617326 0
996 -3.745054109960903 -2.037122690380101 0
997 -3.680558978025079 -2.002595311947672 0
998 -3.741526923902376 -1.964874625803724 0
999 -3.801646475257649 -1.994568947373483 0
1000 -3.798841316016876 -1.922716105988238 0
1001 -3.736995949717847 -1.893589551552088 0
1002 -3.799104562299855 -1.853226538915789 0
1003 -3.867131124460551 -1.886214740102289 0
1004 -3.733252283461916 -1.822047983751264 0
1005 -1.654718570686901 -3.95091616416001 0
1006 -3.79844352112475 -1.781830083308302 0
1007 -2.096603471265406 -3.73784675137424 0
1008 2.65521984268395 -3.373269962311524 0
1009 -2.721674940011587 -3.32674675895721 0
1010 2.450698275541094 -3.549045038121442 0
1011 -1.275370381342624 -4.122857481688274 0
1012 -1.909080337448895 -3.861167756465825 0
1013 3.757352746423273 -2.16574550470906 0
1014 1.382073419869382 -4.088216488522145 0
1015 -2.958653003160767 -2.93823965242392 0
1016 3.130741150907649 -2.988230639153794 0
1017 -3.729879353703769 -1.75081114957036 0
1018 1.060520712867884 -4.03312788908856 0
1019 -2.909197727557249 -3.203415299177944 0
1020 -3.792067414505531 -1.711224956486898 0
1021 1.181680995647395 -4.189327545754081 0
1022 -3.096712579133619 -3.080078092558932 0
1023 -3.668819494168487 -1.787991561200929 0
1024 -3.725591720635189 -1.679905155595782 0
1025 -2.771131283490775 -3.061570150725899 0
1026 1.260829343871828 -3.932076536239855 0
1027 -1.262332816984281 -3.898844657953885 0
1028 3.575022435368159 -1.968825336620626 0
1029 2.196696691089273 -3.460204231414731 0
1030 -3.784720204563675 -1.640902364552288 0
1031 -3.849567888272357 -1.672283672705178 0
1032 -3.72045702783148 -1.609262522465593 0
1033 -2.458599807473738 -3.267133630677706 0
1034 -1.958544363041824 -3.596002962840477 0
1035 1.461277139094896 -3.831043558726712 0
1036 0.9813223786791732 -4.290329685654415 0
1037 2.534331257828219 -3.216617530898328 0
1038 2.876537512594895 -2.899046017231357 0
1039 1.929042253325322 -3.594554393125828 0
1040 -2.146069229188335 -3.47267204976397 0
1041 -1.5791758880287 -3.767991017578402 0
1042 1.661584160738875 -3.729738447395489 0
1043 3.793561264844474 -1.509847057100886 0
1044 -3.777967579479113 -1.574171833536367 0
1045 -3.71421313871109 -1.542981212155071 0
1046 -3.656706050705336 -1.578327163879954 0
1047 -3.652659467201848 -1.507583519385847 0
1048 -3.71939031259189 -1.47361582557783 0
1049 3.588608107604101 -1.750011054929689 0
1050 -3.650241469101257 -1.437011379622845 0
1051 -3.70800325519252 -1.397580241453154 0
1052 -3.593410898265404 -1.545776756725327 0
1053 3.597279719882153 -1.528996338706486 0
1054 -3.645497132675543 -1.365465664527088 0
1055 -3.704337149045124 -1.326743951235041 0
1056 -3.767286329870823 -1.358334109990509 0
1057 -3.64143749536662 -1.29462251548185 0
1058 -3.700358242211339 -1.256198412631151 0
1059 -3.637583610881012 -1.224248751602736 0
1060 -3.696427246540211 -1.185532812311222 0
1061 3.612621219793827 -1.312249304549736 0
1062 -3.382767089042724 -2.426172025126172 0
1063 0.7980175152954272 -4.092993178573518 0
1064 -3.583427860422709 -2.527162886958813 0
1065 -3.645645123472223 -2.485999040665204 0
1066 -3.650105271316055 -2.560578541441273 0
1067 -3.712327889133708 -2.519422169052157 0
1068 -3.716769315839919 -2.594002269477018 0
1069 -3.77902737950776 -2.552982050895489 0
1070 -3.78345481119035 -2.627470246727897 0
1071 -3.72122890733438 -2.668598029253223 0
1072 -3.774401212750031 -2.478273201065765 0
1073 -3.841147881448224 -2.511948418297261 0
1074 -3.836842574999534 -2.437726704783332 0
1075 -3.903220344529489 -2.471066116939022 0
1076 -3.898866379522747 -2.39702342254495 0
1077 -3.262417128529322 -2.583217552548466 0
1078 0.6025619770632891 -4.119445060712946 0
1079 0.9145787651307732 -4.323979619748431 0
1080 0.977085392409125 -4.364941150450966 0
1081 0.9103529684733509 -4.398599365344165 0
1082 0.9728660821142207 -4.439562242366772 0
1083 0.9061348347959496 -4.473202554573746 0
1084 1.039601056076271 -4.405906454087209 0
1085 1.035382543345986 -4.480537715101802 0
1086 1.102129346383259 -4.446884359153526 0
1087 -3.141815013662672 -2.740224477881303 0
1088 -3.342374201002418 -2.840945574427527 0
1089 -3.404858870432713 -2.79982546071148 0
1090 -3.409216024196573 -2.874504947925424 0
1091 -3.471695107719317 -2.833396376895298 0
1092 -3.47604962846393 -2.908066399512152 0
1093 -3.538532331466461 -2.866973486548269 0
1094 -3.542880482437399 -2.941631432689454 0
1095 -3.480400024263514 -2.982731078311672 0
1096 -3.605353632263324 -2.900535434944886 0
1097 -3.22171867372769 -2.997856405035995 0
1098 -2.40913529666133 -3.532295945138663 0
1099 1.515652909685522 -4.020835399740262 0
1100 1.7828219380351 -3.886035232967977 0
1101 2.31713823173063 -3.616445075107155 0
1102 -1.52971151199116 -4.033125809124162 0
1103 -2.646116112230184 -3.143792252269545 0
1104 -2.333587251310837 -3.349345116607328 0
1105 1.795458165326689 -3.661949901305183 0
1106 -1.704169177906082 -3.68575498763726 0
1107 -1.021063056155126 -4.212574641387626 0
1108 -0.9585791919139166 -4.253667971796525 0
1109 -1.0254101178749 -4.287235941293817 0
1110 -0.9629249652213911 -4.328331762836918 0
1111 -1.029758018279546 -4.361898631047942 0
1112 -0.9672712163568234 -4.402995060137398 0
1113 -1.034105798351439 -4.436562793169462 0
1114 -1.096594020009976 -4.3954653027882 0
1115 -0.9716177866034734 -4.477658916659431 0
1116 -0.904783021689797 -4.444094011245924 0
1117 -0.9091302210129337 -4.518753815463368 0
1118 -0.8422977870761904 -4.485190720789216 0
1119 -1.100942026733295 -4.470131647965326 0
1120 -1.163432378577442 -4.42903280227776 0
1121 -0.8466453172803952 -4.559847273802909 0
1122 -0.7798258803401419 -4.526265673512192 0
1123 2.062623212061875 -3.527161639025274 0
1124 2.400763996436944 -3.284019903642503 0
1125 -1.008013973101814 -3.988588568074811 0
1126 2.788741810383134 -3.305900706416975 0
1127 2.855496020614114 -3.272215380466942 0
1128 2.85129244134494 -3.346872031513664 0
1129 2.91804902622191 -3.313187446135207 0
1130 2.913843901672348 -3.387845327653553 0
1131 2.980603067916869 -3.354159002046695 0
1132 2.976397681884981 -3.42881903005866 0
1133 2.909634640894975 -3.462506986810703 0
1134 3.043160652854086 -3.395130522654465 0
1135 2.972193447792661 -3.50348460075768 0
1136 2.905424564517358 -3.537173344740357 0
1137 3.047358478412097 -3.320468729122361 0
1138 3.109916692497969 -3.361441291789287 0
1139 3.114116917955123 -3.286784039666549 0
1140 3.176669588033437 -3.327754673685837 0
1141 3.18087609935631 -3.253105716516882 0
1142 3.243419034009636 -3.294071197257162 0
1143 3.247600826396294 -3.21938902029822 0
1144 -0.8162328227897218 -4.037242189518716 0
1145 -0.5082770707082185 -4.317254451898088 0
1146 -0.4458428595199119 -4.358314933696248 0
1147 -0.5126158349989063 -4.391864836338624 0
1148 -0.4501779285333953 -4.432926945409205 0
1149 2.809798506447758 -2.9327027509318 0
1150 2.814016078069296 -2.858064537408529 0
1151 2.747265123620047 -2.891731864530568 0
1152 2.751483774961174 -2.817088865388694 0
1153 2.684734531441928 -2.850759609259343 0
1154 2.818238526019961 -2.783419715776465 0
1155 2.755705169981501 -2.742442616930717 0
1156 2.822512069455727 -2.708869854607822 0
1157 3.19742494195776 -2.954573477093195 0
1158 -0.4952433850472912 -4.093418719161299 0
1159 -0.5576942262108994 -4.052340520459753 0
1160 -0.4908861864936077 -4.018795112628532 0
1161 -0.5533438003384551 -3.977707299302536 0
1162 -0.4865270902830833 -3.944158571947151 0
1163 -0.5489924778126943 -3.903064448356722 0
1164 -0.4821670451646012 -3.86951975412194 0
1165 -0.4196984851865415 -3.910613995954606 0
1166 -0.54464011087914 -3.828421840282956 0
1167 3.080897770810057 -2.723629940619288 0
1168 -0.5169514529061874 -4.466478605491423 0
1169 -0.4545124336572852 -4.507542837889777 0
1170 -0.5212909549432718 -4.541096924330262 0
1171 -0.4588496039312951 -4.582162755247848 0
1172 -0.3920605553045267 -4.54860813280089 0
1173 0.394957604230767 -4.368985719568218 0
1174 0.3284646750178522 -4.402575584171089 0
1175 0.3908193221812358 -4.443393242501788 0
1176 0.3242733246039682 -4.476998707730668 0
1177 0.3866411055775843 -4.517833299930366 0
1178 0.3200969120353784 -4.551453593226219 0
1179 0.382507482032945 -4.592295176529276 0
1180 0.449052349695492 -4.558675413635768 0
1181 -0.6114705879396418 -3.861971599544094 0
1182 3.310159149999364 -3.260384863293004 0
1183 3.314341496025314 -3.185705674962457 0
1184 3.289214832226368 -2.474023165726668 0
1185 0.2576934881179732 -4.510599858624646 0
1186 0.2535149932083696 -4.585081134730157 0
1187 0.1910918246162465 -4.544210578603419 0
1188 0.1869116180772581 -4.618719548528612 0
1189 0.1244652231515171 -4.577836315562358 0
1190 3.476137663716484 -2.596485776121769 0
1191 3.542617414754859 -2.562899838474973 0
1192 3.538471961035586 -2.637286016958867 0
1193 3.605010710046758 -2.603676990879721 0
1194 3.600843993943834 -2.678113510457703 0
1195 3.667414407853588 -2.64448253051247 0
1196 3.66324098397055 -2.718957190456883 0
1197 3.596653441506368 -2.752584221437722 0
1198 3.729816253035187 -2.685319199937731 0
1199 3.73398460863945 -2.610843877113523 0
1200 3.659081510949782 -2.793457013132156 0
1201 3.592453128026088 -2.82710104575507 0
1202 3.79638853120985 -2.651679279170774 0
1203 3.800523554277435 -2.577236811405562 0
1204 3.222641972586143 -2.507568776463229 0
1205 3.226878240884571 -2.43308248694529 0
1206 3.160260529705533 -2.466681180163961 0
1207 3.164501593030343 -2.392158776625375 0
1208 3.097848492297516 -2.42577885704678 0
1209 3.102082616573181 -2.351262668496095 0
1210 3.168734359481991 -2.317627500664075 0
1211 0.4066937782951255 -4.145056764513247 0
1212 3.753313822106881 -2.239681216419202 0
1213 3.819464242723233 -2.206166038066771 0
1214 3.81537850878913 -2.280215369470149 0
1215 3.881558565848964 -2.2466713167136 0
1216 3.885624752553626 -2.172609360748454 0
1217 3.947722461574967 -2.21310237971753 0
1218 3.951747297127305 -2.139077275504863 0
1219 3.944109186887423 -2.287189994358403 0
1220 4.013865306156609 -2.179549043263605 0
1221 4.017892648831708 -2.105552067548787 0
1222 4.079982592653485 -2.145993819843526 0
1223 4.084571669121996 -2.072087191038394 0
1224 4.021993745312634 -2.031567758172412 0
1225 4.088604472772394 -1.998237729243237 0
1226 4.02608061373434 -1.957817355306491 0
1227 4.091899315109488 -1.924550644567437 0
1228 4.15441858317163 -1.964628416264053 0
1229 4.157530281284305 -1.891179966360247 0
1230 4.095929812115335 -1.851222859360003 0
1231 4.162282316395971 -1.818251159750925 0
1232 4.100442119735697 -1.778491445013868 0
1233 4.166050208245168 -1.74580854440888 0
1234 4.104265877198852 -1.706225304016626 0
1235 4.168399666641571 -1.673990524848926 0
1236 4.108148040592784 -1.635085056372735 0
1237 4.230054929592782 -1.712492920994114 0
1238 4.232061303164651 -1.641576743047185 0
1239 4.291512355303401 -1.680065683977216 0
1240 4.29536108784035 -1.609704678734523 0
1241 4.233533688081584 -1.571077749606766 0
1242 4.226208972370641 -1.857733631789075 0
1243 0.590123472655638 -4.342617553886759 0
1244 4.076516016138829 -2.220026974553 0
1245 3.804433642557409 -1.368664997959385 0
1246 3.035410181924522 -2.384869751404954 0
1247 3.031183523191584 -2.459413297582679 0
1248 2.96940505683051 -2.418523801181659 0
1249 -0.39639607375608 -4.623221450632307 0
1250 -0.3296152383659428 -4.589674504194083 0
1251 3.37689692229098 -3.226702009622454 0
1252 3.380945637820173 -3.151952566576438 0
1253 -3.965208455578248 -2.430295463227731 0
1254 -3.960802359151196 -2.356329215211519 0
1255 -3.585934648148131 -1.403138803939173 0
1256 0.1202816423813185 -4.652365318913198 0
1257 0.0578215500140806 -4.611471782562315 0
1258 -0.4153495459427557 -3.835980062777072 0
1259 -0.3528992042437753 -3.877033209366335 0
1260 3.172470172699099 -3.402409980221679 0
1261 3.654949235928092 -2.868008596175294 0
1262 3.588273005415804 -2.901642750568127 0
1263 3.106323172946015 -2.276751128322245 0
1264 3.172946315657449 -2.243147842380906 0
1265 4.354819636840555 -1.647920611486296 0
1266 4.358497795870829 -1.577541082634492 0
1267 4.353733495365752 -1.718648687987136 0
1268 -3.633593335582549 -1.153952166374472 0
1269 -3.692488379866823 -1.11506516565979 0
1270 -4.027103862390146 -2.389549064352438 0
1271 -4.022632215587777 -2.315663412780433 0
1272 -1.167779850410153 -4.503701326988107 0
1273 -1.230271417423748 -4.462601957344067 0
1274 -0.5256273812465923 -4.61576966613156 0
1275 -0.6071213069570424 -3.787314124241226 0
1276 -0.6739592761850235 -3.820873078778151 0
1277 -3.547234884344198 -3.016294410299115 0
1278 -3.484750387797051 -3.057398453397048 0
1279 4.148089500959257 -2.112186334988206 0
1280 2.759923712701076 -2.667828053530038 0
1281 -0.9759636617130919 -4.552323051857904 0
1282 3.721561111894232 -2.83432110063424 0
1283 1.097909555648032 -4.521522088522182 0
1284 1.164670552417743 -4.487855723500906 0
1285 1.031153276285813 -4.555175637475588 0
1286 -3.787860894846508 -2.701983550487028 0
1287 -3.850205388735218 -2.660917277648991 0
1288 0.4449376767990805 -4.63314801078327 0
1289 0.5115328773195591 -4.599516771844613 0
1290 2.967985400176208 -3.578151932460465 0
1291 2.901215866539019 -3.611842366543156 0
1292 2.838654755821418 -3.570862163063687 0
1293 2.834444760204151 -3.645533534758395 0
1294 2.77188117770678 -3.604551050440782 0
1295 2.767671666159292 -3.679225132821879 0
1296 0.3783847331511521 -4.666789634566888 0
1297 2.693163200631002 -2.701464721035521 0
1298 4.044814716519589 -1.667102097607644 0
1299 4.048628495169685 -1.596228227666862 0
1300 -0.7841721045726439 -4.600920125629415 0
1301 3.862947446047264 -2.618038103328135 0
1302 4.425776726506245 -1.613825491213827 0
1303 4.420610225929412 -1.541161421469657 0
1304 4.035296337338219 -1.811251767062943 0
1305 -3.957953247406828 -2.282420285043123 0
1306 -4.018541476679886 -2.241939263038692 0
1307 -4.084209045955758 -2.275000874790492 0
1308 -4.079690938334918 -2.201421720614045 0
1309 -4.013984727749961 -2.168416083199035 0
1310 -4.077263408522036 -2.130930725235761 0
1311 -4.141246141028325 -2.161601781841545 0
1312 -4.136895232395701 -2.088194182613127 0
1313 -4.0641372118809 -2.060014974547731 0
1314 -4.131601051745518 -2.016445168423409 0
1315 -4.197561229271671 -2.047464067970597 0
1316 -4.192783558980841 -1.974459862960613 0
1317 -4.12752714464298 -1.941608696140593 0
1318 -4.188129132224083 -1.90144384736951 0
1319 -4.123938537421387 -1.86790895093641 0
1320 -4.183468551228683 -1.829076451457906 0
1321 -4.119267797168682 -1.797092507726597 0
1322 -4.178924940616189 -1.757612236599293 0
1323 -4.242919017897492 -1.789252903428535 0
1324 -4.237829456150747 -1.71804796385032 0
1325 -4.174518197980436 -1.686786517022967 0
1326 -4.232972268289672 -1.647570061667975 0
1327 -4.169846364396453 -1.616500591256062 0
1328 -4.296305926228404 -1.678575396440034 0
1329 -4.291374050871436 -1.608314672325714 0
1330 -4.354591345841176 -1.639058050749174 0
1331 -4.349645792416244 -1.569046364509554 0
1332 -4.35972324361907 -1.709365979112468 0
1333 -4.286252608572194 -1.538190502138333 0
1334 -4.412891967488901 -1.59976913945589 0
1335 -4.407957349812355 -1.529710281104632 0
1336 -4.111715656712217 -1.655478381265877 0
1337 -4.107068606557768 -1.585777541197364 0
1338 -4.253411851725497 -1.933578522862891 0
1339 3.633692827188677 -1.111048032343251 0
1340 -0.333952050376349 -4.664289754388108 0
1341 -0.2671610333127178 -4.630706281614756 0
1342 -0.2628419456452734 -4.5561292078519 0
1343 -1.225923543427737 -4.387932817573846 0
1344 -1.292763499227532 -4.421501965714012 0
1345 2.705107184100952 -3.638242139134633 0
1346 2.700896999501312 -3.712917353107615 0
1347 2.763463216143944 -3.753900614904721 0
1348 2.69668732585457 -3.787593790372338 0
1349 2.634119780840871 -3.746609565913881 0
1350 2.629909721070299 -3.821287639125391 0
1351 2.567340895751396 -3.780302286956429 0
1352 2.56313224034227 -3.854985248219678 0
1353 2.500560852515541 -3.813996535708924 0
1354 2.496352220669187 -3.888680830157475 0
1355 2.43377957826279 -3.84769098196993 0
1356 2.429570138474776 -3.922374917405611 0
1357 2.367010956857177 -3.881386333110698 0
1358 2.36278681195259 -3.956068200208245 0
1359 2.300234749684019 -3.915090944001072 0
1360 2.296006857706073 -3.989766364767242 0
1361 2.233438567032537 -3.948787582719057 0
1362 2.229221327213346 -4.023463318929831 0
1363 2.166652843359161 -3.982486245054318 0
1364 2.162436245558828 -4.057160444219431 0
1365 2.099863470097489 -4.016175276407897 0
1366 2.095650387784656 -4.090856083977697 0
1367 2.033080755267094 -4.049877705953934 0
1368 2.028865165543275 -4.124553897456438 0
1369 1.966294951528471 -4.083574769080455 0
1370 1.962078665771675 -4.158252381179018 0
1371 1.899505610264795 -4.117265585740071 0
1372 1.895291644642081 -4.191949495350425 0
1373 1.832722438271394 -4.150969788544549 0
1374 1.828506179141118 -4.225646981322171 0
1375 1.765930504557355 -4.184656246588077 0
1376 1.76171890650461 -4.259342043220454 0
1377 1.699142826171704 -4.218351408364718 0
1378 1.694931995105685 -4.293038672220963 0
1379 1.63235588971523 -4.252048306717294 0
1380 1.628144212721255 -4.32673603447418 0
1381 1.565568953961333 -4.285745656052537 0
1382 1.561356703536203 -4.360433147309426 0
1383 1.498782482891527 -4.319443146587589 0
1384 1.494570842965367 -4.394129812565138 0
1385 1.431996616720052 -4.353141162109147 0
1386 1.427786727312222 -4.427825746458206 0
1387 2.158223690493069 -4.131845124473849 0
1388 1.824294013539056 -4.300332291916022 0
1389 2.358575908311441 -4.030756430844405 0
1390 2.024652842136363 -4.199239523025076 0
1391 -3.757099219133302 -1.217501831128607 0
1392 3.525801185211034 -2.860743319362974 0
1393 3.867080222779004 -2.543607139168563 0
1394 0.05363497193253858 -4.68601928683456 0
1395 3.110572670611789 -2.202259816608654 0
1396 3.177179024103673 -2.168718504224279 0
1397 3.239496197091895 -2.209479260097034 0
1398 3.243702435425595 -2.135152479577942 0
1399 3.181656070698541 -2.094776255428574 0
1400 3.247992636101351 -2.06096515701354 0
1401 3.310157239112948 -2.101664812545193 0
1402 3.314398645507123 -2.027420821782779 0
1403 3.252241730345887 -1.986695398453316 0
1404 3.318570315474076 -1.953244301726001 0
1405 -1.297111254358366 -4.496172124751477 0
1406 -1.359604126357081 -4.45507165883635 0
1407 -1.355256037979043 -4.380400672290835 0
1408 -1.422097774689622 -4.413970676413976 0
1409 -1.417749558062553 -4.339298579602515 0
1410 -1.484592073567884 -4.372869059903712 0
1411 -1.488801978155069 -4.448191981656915 0
1412 -1.551449484233557 -4.407189045415782 0
1413 -1.547089450916907 -4.331891207782784 0
1414 -1.613935563465282 -4.365486090404285 0
1415 -1.609583829025093 -4.290708684013847 0
1416 -1.676430198057056 -4.324269901450755 0
1417 -1.672079701454523 -4.249572790979011 0
1418 -1.73892532223949 -4.283139764930099 0
1419 -1.734573184396625 -4.208465066418026 0
1420 -1.801422185035685 -4.242027661789677 0
1421 -1.797074160444426 -4.167364555601399 0
1422 -1.863920519578714 -4.200925683885083 0
1423 -1.868272437196934 -4.27560182537011 0
1424 -1.930769177238061 -4.234497710222667 0
1425 -1.926419254526576 -4.159819442943625 0
1426 -1.993267153948433 -4.193392557704151 0
1427 -1.988921760869267 -4.118720138172581 0
1428 -2.055767387449463 -4.152289010937883 0
1429 -2.05141930702132 -4.077613073925404 0
1430 -2.118265895502322 -4.111183995290582 0
1431 -2.113921526121973 -4.036511751826652 0
1432 -2.180765646187723 -4.070079396562648 0
1433 -2.176422708122122 -3.995408424879656 0
1434 -2.243266038351122 -4.028974590582723 0
1435 -2.238916519063953 -3.954293441144162 0
1436 -2.305765194895929 -3.987867778220199 0
1437 -2.301422835347078 -3.913196633997322 0
1438 -2.368267074351905 -3.946762747936019 0
1439 -2.363924869566369 -3.872092707377127 0
1440 -2.43076849131391 -3.905657387630289 0
1441 -2.426422118097397 -3.830981524259829 0
1442 -2.49326882887638 -3.864550985665238 0
1443 -2.488926622136707 -3.789880794490319 0
1444 -2.555770373654808 -3.823445859067164 0
1445 -2.551421906353162 -3.748766001120508 0
1446 -2.618270160512232 -3.782338783674354 0
1447 -2.613921847275795 -3.707658322488607 0
1448 -2.680771182829337 -3.741232448849763 0
1449 -2.676422789617753 -3.666551951210308 0
1450 -2.743272300733952 -3.700126290956864 0
1451 -2.73892391919715 -3.625445851494712 0
1452 -2.805773433999176 -3.659020217269208 0
1453 -2.801432379337963 -3.584350966542211 0
1454 -2.868275602152064 -3.617916153323078 0
1455 -2.863930639097045 -3.543240739516376 0
1456 -2.930776551711961 -3.57680949867987 0
1457 -2.926436371501481 -3.502141939357664 0
1458 -2.993278246987096 -3.53570463212402 0
1459 -2.988938124878191 -3.461037355366516 0
1460 -3.055778947762591 -3.49459953908526 0
1461 -3.051433893585845 -3.419924068318108 0
1462 -3.118278735916569 -3.453492620802724 0
1463 -3.113939254676398 -3.37882574597239 0
1464 -3.180779834254809 -3.412387965278029 0
1465 -3.176431900746075 -3.337708479511099 0
1466 -3.243278781110484 -3.37128061932287 0
1467 -3.238946071744822 -3.296600287495859 0
1468 -2.747620163159433 -3.774806306507189 0
1469 -2.310113003331606 -4.06254692931418 0
1470 -2.9351235352182 -3.651488544103464 0
1471 -2.497615597754415 -3.93923043338375 0
1472 -3.305780683096344 -3.330173935125522 0
1473 -2.622617827209506 -3.85701877144426 0
1474 -3.301448537694188 -3.255495335384997 0
1475 -3.368279984783999 -3.289068828251815 0
1476 -0.3485553531862688 -3.802446011573537 0
1477 -0.2861743193398344 -3.843542267979356 0
1478 -0.2905006449058904 -3.918041778110781 0
1479 -0.2238689952584583 -3.884545825679544 0
1480 -0.2184612169526682 -3.812259850908145 0
1481 -0.1571443179530723 -3.851527265965187 0
1482 -0.161603344663417 -3.925561805978656 0
1483 -0.09516945732107325 -3.892168208243334 0
1484 -0.08141971108494753 -3.814429584275689 0
1485 -0.02523742074496824 -3.86217036074817 0
1486 -0.03239894619357132 -3.933529295238959 0
1487 0.03398916166248571 -3.900201630787119 0
1488 0.03914824202442394 -3.832366871721732 0
1489 0.09868366556020243 -3.869413249567078 0
1490 0.09524916701277841 -3.940916252261928 0
1491 0.1614011242616719 -3.907592441184609 0
1492 0.162110346856312 -3.823365445319325 0
1493 0.2271041812811874 -3.872007122888237 0
1494 0.2234207725581847 -3.947522698281829 0
1495 0.2897065101084224 -3.914031684122715 0
1496 0.2938304940327473 -3.839703853719227 0
1497 0.356130240255599 -3.880830886143786 0
1498 0.360324075762058 -3.80655407901363 0
1499 0.4226005171008667 -3.847457570771157 0
1500 3.443610726816349 -3.193012957679572 0
1501 1.160445190156536 -4.562509538269789 0
1502 2.492140332044921 -3.963376893652841 0
1503 -2.185112714467386 -4.144756950028603 0
1504 -0.4109918717420458 -3.76135015023632 0
1505 3.650947942397985 -2.942581547182031 0
1506 -0.6696203195650835 -3.746226124611947 0
1507 -0.7364537813070968 -3.779772942293278 0
1508 1.690719061111383 -4.367725646279697 0
1509 -3.578245980303454 -1.26279067061428 0
1510 -0.008811897034623189 -4.645119231087763 0
1511 -0.004593510996380549 -4.570624109577529 0
1512 -3.551592179507079 -3.090961837581754 0
1513 3.521651369043056 -2.935312194409291 0
1514 2.964631890164221 -2.493073021160843 0
1515 2.90402759478565 -2.454212641269756 0
1516 2.897008477141075 -3.686513681438842 0
1517 3.985530131955059 -1.628114936338654 0
1518 3.989889512418966 -1.55739419210882 0
1519 4.052472986124412 -1.52577247746507 0
1520 3.994237951482658 -1.487334195567964 0
1521 -3.629643488208639 -1.083634571017765 0
1522 -3.688566241315394 -1.044947339671091 0
1523 0.4268485619951224 -3.773173627346987 0
1524 0.4891556361083335 -3.814040180262325 0
1525 0.4850365695588142 -3.888441093143582 0
1526 0.551576394840516 -3.854988056744541 0
1527 0.5557721797261146 -3.780509383736521 0
1528 0.6181274040048582 -3.821442198574208 0
1529 0.6242616706482723 -3.750573165622268 0
1530 0.6851401456111017 -3.788477869578014 0
1531 0.692344345518738 -3.715688053763362 0
1532 0.7520731547731115 -3.754602082702525 0
1533 0.7472915643029119 -3.828926205011841 0
1534 0.814177881817983 -3.795331004006812 0
1535 0.8183551642831106 -3.720552609482559 0
1536 0.8808684915124279 -3.761724209377094 0
1537 0.8868368932925712 -3.690425027284976 0
1538 0.9479395545844673 -3.728701118298713 0
1539 0.8765393375198607 -3.836396583315248 0
1540 0.9519505614166922 -3.653488789396005 0
1541 1.014951533068697 -3.695495211742473 0
1542 1.010259716194996 -3.769395379174576 0
1543 1.077089050250878 -3.735795426865398 0
1544 1.081823271922832 -3.661976013447058 0
1545 1.143926651092075 -3.702198116621224 0
1546 1.148228501290689 -3.627514876193729 0
1547 1.210690225744708 -3.668443132295675 0
1548 1.214979166290852 -3.593729907333923 0
1549 1.277500990164893 -3.634773357007755 0
1550 1.281796917821161 -3.560071191398982 0
1551 1.344331423666442 -3.601137274689212 0
1552 -1.743278219173865 -4.357814954766883 0
1553 2.625700782965342 -3.895985564053057 0
1554 -3.969746851775037 -2.504365566644043 0
1555 0.5073950248250554 -4.67402062573202 0
1556 0.573863100403498 -4.640358437743672 0
1557 1.490360611641941 -4.468814479343638 0
1558 1.423577517249656 -4.502509931045534 0
1559 0.1827379224541033 -4.693250007215551 0
1560 1.348630399824193 -3.526439206540093 0
1561 1.411167924522822 -3.567510081150185 0
1562 1.415468438475532 -3.492812860643552 0
1563 1.478006799662464 -3.533885795276416 0
1564 3.305962778840097 -3.335035025462078 0
1565 -0.7321145294227539 -3.705119975095602 0
1566 -0.7989283791512244 -3.738668015974947 0
1567 3.929507019077018 -2.584397137728586 0
1568 -0.8509936031854922 -4.634503052190828 0
1569 -3.060125273255588 -3.569276482856961 0
1570 3.737964339481546 -2.53636537125371 0
1571 0.8436344437073771 -4.432252429565835 0
1572 0.8394193849510632 -4.50683784509622 0
1573 3.933664811491227 -2.50994020170533 0
1574 0.7769620229498084 -4.46575530741425 0
1575 1.36521341820057 -4.386837060809174 0
1576 -0.5793853667382756 -4.425462764352731 0
1577 -1.846577078694279 -3.90227599520876 0
1578 -3.079314758949599 -2.781332479897351 0
1579 -3.074977252115535 -2.706624729360174 0
1580 -3.012464975393233 -2.747754054536895 0
1581 -3.008128651076046 -2.673044321764036 0
1582 -2.945612355363635 -2.714177929896633 0
1583 -2.941265102308584 -2.639492602479056 0
1584 -2.878757316795884 -2.680606662893588 0
1585 -3.003768972934655 -2.598343615590122 0
1586 -2.936916958405318 -2.564808098622824 0
1587 -2.999402218701818 -2.523687203591703 0
1588 -2.932566858513434 -2.490135134313928 0
1589 -2.995058373606659 -2.44903837397388 0
1590 -2.870066840053394 -2.53123930634818 0
1591 -2.865722817401088 -2.456558771521835 0
1592 -3.061904692074194 -2.482553005559787 0
1593 -3.057542760580406 -2.407931205990506 0
1594 -2.990713679861667 -2.374377388991478 0
1595 -3.053204347858657 -2.333295717763242 0
1596 -3.120011222589993 -2.366839594623054 0
1597 -3.115679946195865 -2.292224738362054 0
1598 -3.182442717562156 -2.32575031404277 0
1599 -3.178093773302284 -2.251163460349905 0
1600 -3.111382882955615 -2.217636070809396 0
1601 -3.173756731013217 -2.176643690354205 0
1602 -3.240403977606114 -2.210123160622983 0
1603 -3.236081029382575 -2.135759370692743 0
1604 -3.302654280593979 -2.169178296480944 0
1605 -3.298307284853193 -2.095033816388175 0
1606 -3.229566244307439 -2.050483336095633 0
1607 -3.294025653412987 -2.020855091785628 0
1608 -3.360102141614024 -2.054016307529257 0
1609 -3.355784586715427 -1.980286730783139 0
1610 -3.294722061442362 -1.946790945412959 0
1611 -3.35254941923208 -1.906737668611204 0
1612 -3.417432640850008 -1.939918993713906 0
1613 -3.41334024866028 -1.866501838041103 0
1614 -3.347882833628113 -1.833405484004728 0
1615 -3.409147082482261 -1.793218549873614 0
1616 -1.467203898924989 -4.07422102713451 0
1617 3.034755111390993 -3.544461848495234 0
1618 -1.766674809204627 -3.644643862779793 0
1619 -1.699817943050522 -3.611067212992141 0
1620 -1.762326236611605 -3.569954761828715 0
1621 -1.695467061212619 -3.536377165079327 0
1622 -1.75797693614292 -3.495263803860232 0
1623 -1.632962731670541 -3.577491817573076 0
1624 -1.691115951349603 -3.461685383520297 0
1625 -1.753626498606587 -3.420571514395793 0
1626 -1.820487927045453 -3.454150602153182 0
1627 -1.816137802308336 -3.379457820506672 0
1628 -1.882999323631784 -3.413037511844439 0
1629 -1.878649573572297 -3.338343559275897 0
1630 -1.810207875285137 -3.307844386105984 0
1631 2.334059766667913 -3.317589910888457 0
1632 2.338207536534759 -3.243006127776869 0
1633 2.271501231890379 -3.276576263040012 0
1634 2.275806091226455 -3.20201446701999 0
1635 2.209170568863708 -3.235960306834562 0
1636 2.342442685786593 -3.168329908623843 0
1637 2.280039087780662 -3.127347840816757 0
1638 2.346665306805295 -3.093645658326962 0
1639 2.285081237508196 -3.054615851733819 0
1640 2.351020899508844 -3.019285903247593 0
1641 2.218588309595481 -3.089401748891002 0
1642 2.413451651565812 -3.060004376375441 0
1643 2.417668139127686 -2.985330956230325 0
1644 2.480213694620042 -3.026277059612792 0
1645 -1.070500808605518 -3.947485390080786 0
1646 -1.003658599983953 -3.9139179706084 0
1647 -1.066150509595523 -3.872812521880224 0
1648 -1.945511579481506 -3.371923385790129 0
1649 -1.941161765329799 -3.297229325406642 0
1650 -2.008023992526053 -3.330809235838553 0
1651 -2.003674074926278 -3.256114829143297 0
1652 -2.070536408249981 -3.28969509472847 0
1653 -2.066700932626096 -3.215782408834551 0
1654 -2.883105072174792 -2.75529406835039 0
1655 -2.816247535757767 -2.721718914295869 0
1656 -2.820597576408854 -2.79640813472277 0
1657 -2.753738325807918 -2.762831145974468 0
1658 -2.749389949756628 -2.688141689098654 0
1659 -2.687427793167041 -2.730089679007841 0
1660 -2.691319669679795 -2.804085087072094 0
1661 -2.625023172231611 -2.771366361017043 0
1662 -2.628841717813254 -2.845250951461536 0
1663 -2.561984523603105 -2.811680367734517 0
1664 -2.566247438575642 -2.886242658194527 0
1665 -2.499370674714186 -2.85264159506016 0
1666 -2.503704373005566 -2.927312737372493 0
1667 -2.436835945954994 -2.893723918461816 0
1668 -2.44118316457068 -2.968414477646411 0
1669 -2.374317965901886 -2.934831958292178 0
1670 -2.378667923887934 -3.009526499884516 0
1671 -2.311803480911717 -2.975945751103114 0
1672 -2.31615439183089 -3.050641433950124 0
1673 -2.683217320760305 -2.654054071354077 0
1674 -2.133134521931619 -3.248711474701246 0
1675 3.118261980810138 -3.212116268526081 0
1676 -2.445530925594124 -3.043106311477573 0
1677 2.484418627213161 -2.951577478668674 0
1678 -2.109598158715962 -3.961859498063465 0
1679 2.68052386626472 -2.925390986251988 0
1680 -2.297106148864215 -3.838547846830701 0
1681 1.970529681872556 -4.008933874427106 0
1682 2.517471279268353 -3.5153321606209 0
1683 2.170881159931321 -3.907821271932854 0
1684 -2.128996546131916 -3.174343116230419 0
1685 1.369423061845292 -4.312154209772595 0
1686 -2.734617577693687 -3.550793146236851 0
1687 -0.7754695620358003 -4.451626791591256 0
1688 -2.922137610532961 -3.427490097645079 0
1689 1.168934269897714 -4.413228097096862 0
1690 -2.195612829001233 -3.207602184901624 0
1691 -3.534164359751593 -2.792298574111215 0
1692 -3.109617656435046 -3.304159672151882 0
1693 -0.8032856200123959 -3.81334104142604 0
1694 -0.9993045523217301 -3.839243841471105 0
1695 -1.061800766896758 -3.798135964666087 0
1696 -0.9949631739437144 -3.764584301470649 0
1697 -1.057452061600626 -3.723458130012379 0
1698 -0.9906230670145315 -3.689927968395402 0
1699 -1.051260822876231 -3.645977114619446 0
1700 -1.119648863483411 -3.681879883280218 0
1701 0.6140570385380535 -3.895919334248036 0
1702 3.459204309042989 -2.894397130773481 0
1703 0.8646702428369054 -4.0592966566797 0
1704 3.376508579049795 -2.068224316567489 0
1705 3.858700399870137 -2.69230145333822 0
1706 -0.4007164994982265 -4.697880094380486 0
1707 0.5778647437536626 -4.565787044257684 0
1708 0.7727223243913974 -4.54045115199314 0
1709 0.8351954586829534 -4.581429018241793 0
1710 0.7685724993763579 -4.61491736406168 0
1711 2.969950899960608 -2.344162615341223 0
1712 1.072689527957731 -3.810287546188092 0
1713 -3.478634954507836 -1.899571598488806 0
1714 1.273195974513236 -3.709461471627864 0
1715 1.473705601844903 -3.608581590736777 0
1716 -1.997619421496986 -4.268070403626987 0
1717 1.54054492449066 -3.574958422182944 0
1718 1.545289933106903 -3.501144727042911 0
1719 1.607458242850654 -3.541482417648433 0
1720 1.612215581981552 -3.467693184597448 0
1721 1.674324022862699 -3.507912678456464 0
1722 1.679072935067192 -3.434105861719678 0
1723 1.741170837601626 -3.47430442570388 0
1724 1.745631106451963 -3.399923672729676 0
1725 -3.59751222643608 -1.617140657818097 0
1726 -3.533316548676266 -1.584893288925793 0
1727 4.359890800117867 -1.507524933821161 0
1728 4.423913180863077 -1.474159606999909 0
1729 1.807964446795117 -3.440590651054293 0
1730 1.812730612320164 -3.366818368954315 0
1731 1.874839132866089 -3.407038723703185 0
1732 1.879146680379787 -3.332355357234658 0
1733 1.941612957013009 -3.373287666472642 0
1734 1.94590374713645 -3.298571902231329 0
1735 2.00842609806418 -3.33961681946566 0
1736 2.012570301875903 -3.264906092616807 0
1737 -2.249289906249173 -3.017061531512015 0
1738 -3.342905576899887 -1.761632535223844 0
1739 -1.113403552290874 -3.604312786194163 0
1740 -1.182045031268101 -3.640598537302872 0
1741 1.811931856558116 -3.294965241757252 0
1742 2.421855369969571 -2.910594899904826 0
1743 2.488630061723325 -2.876907055497226 0
1744 3.803930929936654 -1.227755067833622 0
1745 -0.2713895304459449 -4.705243219114688 0
1746 -3.627976366602331 -1.010573179941047 0
1747 -3.685317019365153 -0.9745184515227863 0
1748 -3.614076606883027 -3.04985605515048 0
1749 -0.01302416332437758 -4.719677964136638 0
1750 3.030547100919756 -3.619131295043521 0
1751 0.3645449237623293 -3.732311347237037 0
1752 3.256579325757106 -1.912549057458891 0
1753 3.322757891786898 -1.879111282873244 0
1754 3.192750638052577 -1.946862192541011 0
1755 -3.747248548979199 -1.006354233711377 0
1756 -3.743212684442357 -0.9371899551180232 0
1757 -3.682279498340518 -0.904808250336251 0
1758 -3.739498391470427 -0.866873956451985 0
1759 -3.677690084368452 -0.8348450266386075 0
1760 -3.736258841914895 -0.7960509200032703 0
1761 -3.185126397208238 -3.487064618454605 0
1762 -2.986402739735176 -2.299750366225724 0
1763 -4.048510965970367 -1.624434177005478 0
1764 -4.044913622088796 -1.55500017900372 0
1765 -4.102403595520604 -1.516586510631724 0
1766 -4.040509923789179 -1.485835323600442 0
1767 -3.983143459887129 -1.52411097443415 0
1768 -3.978776309672114 -1.45504587560135 0
1769 -1.686764654136553 -3.386991800438372 0
1770 -1.624253086812113 -3.428106953710961 0
1771 -3.674406988458229 -0.7648938307249187 0
1772 -3.733299269122022 -0.7263090338041034 0
1773 -3.796558891056249 -0.7588675834117249 0
1774 -3.792660579381242 -0.6884911670186955 0
1775 -3.730226535294457 -0.6560236779756039 0
1776 -3.789628001572997 -0.618194197507286 0
1777 -3.848898428499223 -0.6489690979013953 0
1778 -3.846083181439462 -0.5804366697772771 0
1779 -3.786163771855674 -0.5477015727164677 0
1780 -3.84596785802017 -0.5102094003717662 0
1781 -3.913239220548603 -0.5523245880494281 0
1782 -3.906991845560261 -0.474389878953268 0
1783 -3.968589353623671 -0.5059655645444425 0
1784 -3.966229595147269 -0.4359570084262478 0
1785 -4.028979821320762 -0.4687323585373083 0
1786 -3.904521694208316 -0.4020599170198731 0
1787 -4.025938087767631 -0.3984128083093931 0
1788 -4.089285971752094 -0.4314464071985757 0
1789 -4.085756340806178 -0.3607988913744484 0
1790 -4.148602389043623 -0.393970500139618 0
1791 -3.783748659744905 -0.4768617631698909 0
1792 -4.024328901150882 -0.3272875718555761 0
1793 -4.145634824789731 -0.3231153527008015 0
1794 -4.208110328338291 -0.3565551537837512 0
1795 -4.210889527598355 -0.4270606072689725 0
1796 -4.270281520282443 -0.3898771830269814 0
1797 -4.272650790205838 -0.4601230053541928 0
1798 -4.332419854216583 -0.4233093693273399 0
1799 -4.330114197904308 -0.3527211644455577 0
1800 -4.392376831801799 -0.3861688723541906 0
1801 -4.394518057803687 -0.4569111447982043 0
1802 -4.454573017731535 -0.4199542885149837 0
1803 -4.456688300497018 -0.4906264626070267 0
1804 -4.516826679766725 -0.4536903866952844 0
1805 -4.518900382465516 -0.5243950682998888 0
1806 -4.579006207028081 -0.4876155139192682 0
1807 -4.579536710477155 -0.4172888312817265 0
1808 -4.581073183337971 -0.5585023119261838 0
1809 -4.453666116039272 -0.3489887109550237 0
1810 -4.641368774213058 -0.5214534533054695 0
1811 -4.643409680944464 -0.5925974111703096 0
1812 -4.205708246089441 -0.2853988211390148 0
1813 -4.035974842844642 -0.5333049618225667 0
1814 -4.703873802351081 -0.5556317333836059 0
1815 -4.706806937187872 -0.4864741161157854 0
1816 -4.21368924286943 -0.4968912960444696 0
1817 -4.274581139091644 -0.5295143854038461 0
1818 -3.723420765777073 -0.5147836092269856 0
1819 -3.720647962204318 -0.4432468152650391 0
1820 -4.520695754222197 -0.5949777030083138 0
1821 -1.177674433883647 -3.565879581614478 0
1822 -1.244970168185557 -3.600119953555292 0
1823 -1.24925269086427 -3.67470460620864 0
1824 -1.311818220099644 -3.633680091028346 0
1825 -1.307476933729198 -3.559003563973223 0
1826 -1.37433181212694 -3.592589939589342 0
1827 -1.378685415239458 -3.667273401196727 0
1828 -1.369970669906642 -3.517902149367107 0
1829 -4.705891188074583 -0.6264924312289593 0
1830 -4.645322539935632 -0.6637308887386809 0
1831 -4.705948663739182 -0.6975249646694019 0
1832 3.99462148351105 -2.550684263361566 0
1833 3.999995571629791 -2.476283494485096 0
1834 3.097318149600198 -3.585439275053283 0
1835 -4.471342131611181 -1.560476773409767 0
1836 -4.466087246423329 -1.490336693203325 0
1837 -3.107048705127486 -2.143081862001831 0
1838 3.642722932444952 -0.8983018670900258 0
1839 2.759255134823874 -3.82857749432131 0
1840 -1.363951878708039 -4.529742802555955 0
1841 3.264070351090386 -1.838694099450205 0
1842 3.327551690183469 -1.805245220198668 0
1843 3.388928911637373 -1.84577212000488 0
1844 3.393145875126424 -1.771900813712717 0
1845 0.8309863776588462 -4.656019960640664 0
1846 0.7644256944922487 -4.689301480911721 0
1847 4.482131256619098 -1.511107326940845 0
1848 4.486475886266978 -1.442209078529577 0
1849 -4.059844652071008 -1.835402158117565 0
1850 2.427938698343273 -2.838749024233813 0
1851 2.493186313046536 -2.802741172778473 0
1852 2.697388022258925 -2.626808796563949 0
1853 -3.85461895849734 -2.735461104418891 0
1854 -3.792280918837621 -2.776558229451759 0
1855 -3.916985917817179 -2.694364454359853 0
1856 2.63061153439758 -2.660474682883632 0
1857 -4.403303316051121 -1.459899688633114 0
1858 -4.460002617423173 -1.422862124836335 0
1859 -4.523745503270924 -1.451424668896286 0
1860 -4.515018571023553 -1.386298795339014 0
1861 -2.804047088810592 -2.4976123121497 0
1862 4.057325007308201 -1.454656490344355 0
1863 3.999553538866377 -1.416298496904911 0
1864 -1.615924443533016 -4.446071635196456 0
1865 -3.575422667592647 -1.122003603451782 0
1866 -1.303124747280318 -3.484314493039259 0
1867 1.950161010278556 -3.223839539759954 0
1868 2.016839041464948 -3.190202201769844 0
1869 3.331365585509459 -1.731375415435138 0
1870 3.397265492749399 -1.698146469969987 0
1871 -3.482803599861426 -1.972699165495087 0
1872 2.280305352184835 -2.976245148013588 0
1873 -1.301458612504711 -4.570842741522448 0
1874 1.610842354381039 -3.397179741630485 0
1875 -4.647888011031414 -0.7323774930795404 0
1876 -4.707388306380927 -0.7678131020109527 0
1877 -0.7885087252253311 -4.675594626371545 0
1878 -4.142650381850074 -0.2517069141350379 0
1879 -2.005929955602959 -3.178170984795897 0
1880 -0.7937153365136549 -3.665734788204696 0
1881 -3.310511588638636 -3.404086791377111 0
1882 -0.6028534725438909 -3.712642835365468 0
1883 -4.203471813751144 -0.2135425455057895 0
1884 -3.833024884716971 -2.364266895848041 0
1885 0.2855567194195838 -3.988355638162745 0
1886 3.960233833454546 -1.991185537097405 0
1887 0.5698308284478595 -3.702207320077215 0
1888 0.2192501709446905 -4.021759562123479 0
1889 3.372293702760964 -2.142369727666657 0
1890 -3.30696193659795 -2.243447550759445 0
1891 -3.369073365993936 -2.202625803770881 0
1892 -3.618435117041708 -3.124524822641507 0
1893 -3.555946833637904 -3.165631984861645 0
1894 -3.186803617782946 -2.400353700587703 0
1895 3.318181505599453 -3.110896508562929 0
1896 1.227252273256413 -4.528850879118528 0
1897 -3.363940093615149 -3.214404647576918 0
1898 -0.9862415826541546 -3.615197293127878 0
1899 -4.637195038461922 -0.8060198599578263 0
1900 3.014204901455294 -2.757234759700713 0
1901 -3.417915250099844 -3.023834937591206 0
1902 3.870991190332325 -2.469201679553882 0
1903 -0.7217002766898355 -4.641967460411491 0
1904 -3.297141038832333 -3.180812664561226 0
1905 -2.633095989279981 -2.919799090643408 0
1906 -1.350906935264905 -4.305728467750716 0
1907 2.709316886841165 -3.563567581301673 0
1908 -1.413401000111752 -4.264625995100427 0
1909 -0.07546627621371219 -4.678802862555909 0
1910 -0.07969672053791768 -4.753350559233311 0
1911 -1.667731860201106 -4.174893936840307 0
1912 -2.609573011501259 -3.632976978231704 0
1913 -2.484585602127932 -3.715213397671786 0
1914 -1.922084129558313 -4.085153858079376 0
1915 2.504788327003178 -3.739322751953479 0
1916 -1.441190897631667 -3.626172502627881 0
1917 2.371241727675332 -3.806715192642512 0
1918 1.502991671127366 -4.244779821827138 0
1919 1.636566249396646 -4.1773600910014 0
1920 1.770160758774719 -4.109993882470847 0
1921 -0.6783066046741766 -3.895534789123406 0
1922 3.447440185570115 -3.118223876730379 0
1923 3.510299791484249 -3.15932855204078 0
1924 3.506160461668533 -3.233975134242072 0
1925 0.1287099300478985 -4.503325973220776 0
1926 -3.28197707107191 -1.800521520937018 0
1927 0.8021736433233411 -4.018419032409223 0
1928 3.463381420258881 -2.819841361331426 0
1929 3.026980473092224 -2.534005034477699 0
1930 2.960329485017563 -2.567656398780582 0
1931 2.764144721885868 -2.593161820461239 0
1932 -4.476457549751074 -1.631128873776591 0
1933 -3.538237620486332 -1.655572399555634 0
1934 -3.473139359318987 -1.624582322654966 0
1935 -3.468849220279996 -1.552282936271846 0
1936 -3.408820521148327 -1.590806621587414 0
1937 -2.244938528327441 -2.942364616102179 0
1938 1.222992798777796 -4.603506061868583 0
1939 -2.562126610411653 -2.737745079672846 0
1940 -4.097719667358128 -1.447834394275 0
1941 4.432624751779416 -1.416705637879843 0
1942 4.476188855558376 -1.3654473460849 0
1943 4.547188140824522 -1.409470380361774 0
1944 4.547881160780866 -1.335017019285699 0
1945 -4.766826708215476 -0.5896696687454008 0
1946 0.5698396070313894 -4.714919222309241 0
1947 -2.799843770349087 -2.422915901141326 0
1948 0.8314790327405672 -3.653836278117663 0
1949 -3.404065001326464 -1.519283105748005 0
1950 -4.57828427397123 -1.412642854931015 0
1951 -4.566449800360891 -1.348541389573348 0
1952 -3.816065779444072 -0.9819285880737437 0
1953 -3.809219194496221 -1.037120613833312 0
1954 -0.8553385473875406 -4.709166396148976 0
1955 1.08220180821212 -3.590765341984697 0
1956 -0.3463112252208108 -3.727697182140898 0
1957 -0.4069885381507179 -3.686685918048701 0
1958 -0.7260265740548049 -4.716678474918046 0
1959 -1.618474136325738 -3.350977135857647 0
1960 -1.555723583193299 -3.391687757575678 0
1961 3.806302453402177 -0.9485981387520083 0
1962 0.04945353350081367 -4.760581048301902 0
1963 -3.61819732800502 -0.8725816196508978 0
1964 3.093110665647187 -3.660111682204354 0
1965 -3.92535453333853 -1.493068687825864 0
1966 -3.919725434519509 -1.424284195221139 0
1967 -3.974840565722092 -1.386312006935832 0
1968 -3.915529134478466 -1.355737444782814 0
1969 -3.859038004602601 -2.810055815594746 0
1970 -3.796693192426375 -2.851163915122198 0
1971 3.990244986364489 -2.625154610244602 0
1972 3.936537105009123 -1.448673034318618 0
1973 3.938083312067415 -1.378636603639025 0
1974 -4.711864814329852 -0.8384366059811932 0
1975 3.335634204314798 -1.657688214271079 0
1976 3.401553112067722 -1.624446692239139 0
1977 3.339922514287842 -1.584102702838132 0
1978 3.405762551353364 -1.550891399825045 0
1979 1.156223155112817 -4.637155981702139 0
1980 3.923954889759527 -1.588941141173481 0
1981 1.952510208430089 -3.148643800495025 0
1982 2.025488565668486 -3.100806856367402 0
1983 3.921702038193561 -1.660188889896538 0
1984 4.003492026991124 -1.349183805290098 0
1985 3.950559853379207 -1.305483349694484 0
1986 -3.864859288471897 -2.886784604028342 0
1987 -3.802884481633367 -2.928491304951264 0
1988 0.5032436780582595 -4.748560831168791 0
1989 -3.278107215466325 -1.726763822307473 0
1990 -3.545541745614602 -1.932518620057402 0
1991 -2.437613849923577 -2.821256154530895 0
1992 1.486150834929486 -4.543498249631169 0
1993 1.55293396021369 -4.509802616540137 0
1994 1.419368448686947 -4.577193145732067 0
1995 2.701613656313011 -2.552145245296265 0
1996 -4.772325669204577 -0.7960652338705807 0
1997 3.811567558499658 -1.08885886196555 0
1998 3.462230753198064 -1.664846198603696 0
1999 1.219954935641689 -3.52410388241378 0
2000 4.06013183332574 -2.515500035042368 0
2001 4.066551618375505 -2.442513945148738 0
2002 4.114403979553421 -1.493921163903961 0
2003 4.118754132046313 -1.423867191452423 0
2004 -3.539349354465831 -1.860792258336082 0
2005 -4.588499530713286 -0.6920828787633762 0
2006 -1.111249569414164 -3.532966778555728 0
2007 4.175114328083266 -1.462455423593155 0
2008 -4.15912890402921 -1.478304703006449 0
2009 4.267205223121345 -0.5320223415053341 0
2010 4.325828514724681 -0.5719265683955935 0
2011 4.180800630263649 -1.394590193044957 0
2012 4.237760561487905 -1.432633274590585 0
2013 -4.394383817065625 -0.5279983967899509 0
2014 4.451760253445393 -0.5147338413663852 0
2015 2.075068274605025 -3.305482068689415 0
2016 3.438579245426057 -2.108905440309689 0
2017 0.2814011475110996 -4.062709800047068 0
2018 0.3477011155226899 -4.029177705123724 0
2019 3.964258181084665 -1.917631048306837 0
2020 -1.36794041891557 -4.603868363790416 0
2021 -3.373395782428583 -2.276708733718869 0
2022 3.890155250407667 -2.098385664562551 0
2023 -4.05547435961792 -1.765178314360857 0
2024 -3.994172301365822 -1.8070127375032 0
2025 -4.002712039713416 -1.879273767781475 0
2026 -3.991503462780099 -1.734070966738129 0
2027 3.45499538950402 -2.968982489572664 0
2028 3.392587702396719 -2.928031661204813 0
2029 3.514399968044048 -3.084700243505113 0
2030 3.577060781615096 -3.12568031208191 0
2031 -4.394187603823838 -1.395136759519495 0
2032 -4.34126232682294 -1.429288838409297 0
2033 3.442793383261037 -2.034818327311327 0
2034 3.193231793667823 -3.029151710949579 0
2035 -3.249157261117582 -2.359148564744231 0
2036 -3.253629537123884 -2.433882941619434 0
2037 -3.430773824089983 -3.247965476954938 0
2038 1.218578327608635 -4.678155750614049 0
2039 -3.730071529374824 -2.817798947978679 0
2040 1.302642821778674 -4.345850313576929 0
2041 -3.191203459816254 -2.474925406693259 0
2042 -0.588080171224951 -4.574677947994824 0
2043 3.126538205493716 -3.062827359496068 0
2044 -0.6592156173971779 -4.683050177334364 0
2045 -3.587797577319002 -2.601754344223533 0
2046 -3.862903319434803 -1.466335495719325 0
2047 -3.13745680679896 -2.665495364701247 0
2048 3.609136231993427 -2.529275607024395 0
2049 -0.3833890530652894 -4.399398404575225 0
2050 -2.137412009406731 -3.323297320449069 0
2051 1.005880111968796 -3.843924333293979 0
2052 -1.949861305897978 -3.446616580266861 0
2053 2.922232842670026 -3.238525740077746 0
2054 -0.8960928938172441 -4.294765676172176 0
2055 -1.561472428606921 -3.468748360303802 0
2056 2.826032199049179 -3.794883434699852 0
2057 -1.542737876960874 -4.257091768083826 0
2058 -1.105288029713965 -4.544800335848615 0
2059 -1.172126848604657 -4.57837050158972 0
2060 -1.109634924120282 -4.619470141970906 0
2061 -1.176474455771211 -4.65304045920724 0
2062 -1.430558426130444 -4.56323279460542 0
2063 3.293459131329098 -2.399561670683142 0
2064 -0.4283922446426641 -4.059819708703056 0
2065 -1.681673548124356 -3.312891680980456 0
2066 1.882019570576578 -3.184230010819043 0
2067 3.024485249531822 -3.690127452310624 0
2068 -1.087895971454709 -4.246139024648938 0
2069 -0.9411844346742531 -3.955042394323339 0
2070 2.353068294900749 -2.866338596159441 0
2071 2.784532581154661 -3.38055604657514 0
2072 -0.9178225798701468 -4.668073602464809 0
2073 -3.044615135905305 -2.184097364369693 0
2074 0.7355307873742748 -4.052108722624577 0
2075 0.4733367337982051 -4.111793066515863 0
2076 -1.128649914131668 -3.831707412198204 0
2077 1.306852376653233 -4.271172375362676 0
2078 -0.6201561421257098 -4.011260876759573 0
2079 -3.284222359248603 -2.956749139518193 0
2080 -3.288570673091149 -3.031431117935884 0
2081 4.762235744804459 -0.5045506302088391 0
2082 4.768192918467351 -0.4324500558541001 0
2083 -2.861544319514976 -2.381871197648235 0
2084 2.513262235786154 -3.590014325680474 0
2085 -1.534050853920038 -4.107791483381837 0
2086 -1.913430508533742 -3.935844344109974 0
2087 -1.495258936457881 -3.436157942529111 0
2088 3.043909222443011 -2.235821154215607 0
2089 3.048160860390968 -2.161284081378638 0
2090 -1.975926923948554 -3.894744272380463 0
2091 -1.445534593721933 -3.70085489957006 0
2092 -1.383033017901604 -3.741960742626308 0
2093 -1.508036502849124 -3.659745159713864 0
2094 0.8977053436809063 -4.622394707636297 0
2095 0.8934760999740344 -4.697023886660904 0
2096 -1.596559306026604 -4.06668700899897 0
2097 2.626417036601377 -2.735109974151775 0
2098 0.4305864099072791 -3.699159613140839 0
2099 0.3684367595893532 -3.658094246384844 0
2100 0.3022955772138102 -3.691552459601497 0
2101 -1.850923496566082 -3.976944965592243 0
2102 1.373628219796175 -4.237476236739202 0
2103 2.546985548126028 -2.992600694579569 0
2104 2.542770989926875 -3.06725201050127 0
2105 2.446486020802386 -3.623720327210314 0
2106 3.780622332996275 -0.5029148044769005 0
2107 3.716468792466319 -0.5352035580924254 0
2108 3.156058443299627 -2.541168552966142 0
2109 2.768369698339609 -2.518507750533719 0
2110 0.9602318686763766 -4.663372517983777 0
2111 -3.226060839323046 -3.072526149038598 0
2112 1.240045148782945 -4.304901339831908 0
2113 -0.7129937981111312 -4.492717894657416 0
2114 -0.7086554059159031 -4.418058609948522 0
2115 -0.7711208346815038 -4.376981374632403 0
2116 0.5236738579460662 -4.376206398451241 0
2117 0.5859944923341569 -4.416993564844322 0
2118 3.471937694558939 -2.670864944078354 0
2119 -0.2003827007607656 -4.597121206570401 0
2120 -0.1960786527529559 -4.522585030290418 0
2121 -0.2584991553072149 -4.481550212424686 0
2122 -0.1917445263386158 -4.448019387968517 0
2123 2.609560530473291 -3.033623425793254 0
2124 3.749213037820418 -2.313732843615859 0
2125 -3.435122671568239 -3.322640787003579 0
2126 1.536140343647707 -3.649448070499111 0
2127 2.563839846101575 -2.694135966683874 0
2128 -3.497680739968247 -3.281494970770713 0
2129 -0.1293504112084041 -4.489022439115353 0
2130 0.6524222828104583 -4.383415124049641 0
2131 3.259934587560694 -2.995499034550354 0
2132 3.45480120195952 -1.812399275185573 0
2133 3.450685433324781 -1.886126755159515 0
2134 0.7396573894502818 -3.977600603502671 0
2135 0.673154648800099 -4.011296873662086 0
2136 4.756150006213578 -0.5762497580534143 0
2137 3.268214124361799 -2.846297617305732 0
2138 0.8688071996592781 -3.984763533394415 0
2139 0.6481655105289145 -4.457856903249232 0
2140 -4.153916872568589 -1.411451454242761 0
2141 1.54680361651012 -4.580680383169541 0
2142 2.205052448489423 -3.310814031478368 0
2143 -3.464702155958306 -1.479889338315846 0
2144 -4.266480526000081 -0.247611465232974 0
2145 1.068313834841299 -3.884824497549771 0
2146 1.135120263783729 -3.851170450000622 0
2147 1.001586625523375 -3.918294106494531 0
2148 3.271661926842661 -1.69008518129753 0
2149 1.469290138792274 -3.68304883729352 0
2150 2.08447260164123 -3.153888236258868 0
2151 2.105795734255127 -3.080267332116291 0
2152 -4.535390212312349 -1.591345587664096 0
2153 -3.781480567084389 -0.4051660018709471 0
2154 -3.71785831256355 -0.3711876894195393 0
2155 -3.779094214244208 -0.3327240144037216 0
2156 -3.71714678921769 -0.3001276576455977 0
2157 -3.777201391757182 -0.2602329634377682 0
2158 -3.707538061182755 -0.2350444466106154 0
2159 -3.840930693149377 -0.2942893982089162 0
2160 -3.83883625971389 -0.221478254072949 0
2161 -3.969861268763515 -1.319792974094558 0
2162 -3.910702629681158 -1.286520824364658 0
2163 1.670023656013959 -3.582050370945701 0
2164 1.803974031451664 -3.514793967818126 0
2165 1.937625995691598 -3.447510094668875 0
2166 2.071229582433561 -3.380117004816542 0
2167 4.708436302596622 -0.3914725130033921 0
2168 4.773985556743455 -0.3599795708824248 0
2169 4.714027158620905 -0.31864786537447 0
2170 4.77986176531791 -0.2869883771597165 0
2171 4.71896795641221 -0.2460967111008137 0
2172 4.779182463563574 -0.2128194720221256 0
2173 4.65349045187698 -0.2774059450278159 0
2174 4.65830721809979 -0.2048256334854661 0
2175 -1.367292586784368 -3.430268383763496 0
2176 -3.902484042961075 -0.2558038461529157 0
2177 2.821823415944609 -3.869565450028864 0
2178 2.755045905811015 -3.903276817817795 0
2179 4.593169579080356 -0.236145975765699 0
2180 -3.342980794899955 -1.559242067538433 0
2181 2.433033998562699 -2.770663548951763 0
2182 -4.216332790074508 -0.5655140298353917 0
2183 -4.275560670301516 -0.5962759429173272 0
2184 -3.039654057444388 -2.110833577825837 0
2185 -3.099052199254233 -2.075238063063201 0
2186 -4.264784421915058 -0.1752538169069997 0
2187 -4.328316269554399 -0.209505034384717 0
2188 4.606986224922325 -0.7732071886735429 0
2189 4.671613338330411 -0.8157250662060039 0
2190 4.73572176139943 -0.7863927879185397 0
2191 4.728646342903313 -0.8566115785688022 0
2192 1.352928349419344 -3.451739483177047 0
2193 1.416500429300166 -3.418524403416789 0
2194 4.665431181682504 -0.885341920294364 0
2195 4.721943112000661 -0.9266372845869104 0
2196 -2.185567175496545 -2.981072095491883 0
2197 3.657418761326818 -0.4959528444780006 0
2198 3.651993206538971 -0.5675873843887942 0
2199 2.981241054027921 -2.198683087191045 0
2200 3.344215635123961 -1.510565572199829 0
2201 3.410000346314462 -1.477669600677301 0
2202 4.609728706329584 -1.37650429876194 0
2203 4.612133900479466 -1.306147509385406 0
2204 4.556322922416511 -1.262123549577681 0
2205 4.615619286474048 -1.235935011918658 0
2206 -3.9303948258425 -1.775857501895723 0
2207 4.15708411101321 -0.6532331779286206 0
2208 2.888109616333447 -3.834894853137589 0
2209 -4.650678519626592 -0.87501184908542 0
2210 -4.7159581699636 -0.9083097789112278 0
2211 1.952248406529536 -3.068129012710914 0
2212 -3.925537360847414 -1.562368238718401 0
2213 -3.660660665455158 -0.4815986329731551 0
2214 -3.663270116730821 -0.5530939955927316 0
2215 3.861072134476101 -1.620914646556522 0
2216 -3.680247225165005 -3.082392415635117 0
2217 -3.676437977886369 -3.008574758656551 0
2218 -0.6635437588152635 -4.757766217587534 0
2219 -0.5967312788388043 -4.724154693400617 0
2220 -4.030575649745157 -1.351000775427858 0
2221 3.776702059363976 -0.5733115259951896 0
2222 -0.7277378945811152 -3.630411917931497 0
2223 -3.599939744241662 -0.5205124214605706 0
2224 4.607406774119725 -1.44801632080515 0
2225 -4.221781105938715 -1.429878429184663 0
2226 -3.400489155384752 -1.447683446343769 0
2227 -3.460824448285342 -1.407344034507874 0
2228 1.284809612560176 -4.643400806658416 0
2229 -3.550113097385961 -2.005438687263287 0
2230 -3.487380463195354 -2.045740899460381 0
2231 4.50041596460521 -0.6952825332223048 0
2232 -3.742593129073364 -3.041065012799511 0
2233 -3.609650907331199 -1.895443175860098 0
2234 3.158296835372558 -3.626329357600619 0
2235 3.163824280141823 -3.551731816522937 0
2236 3.153644075428436 -3.700978764008738 0
2237 3.471268616531948 -1.517656644830348 0
2238 3.47532755501719 -1.444763183012363 0
2239 3.415125372239496 -1.404695189317794 0
2240 3.479727668882854 -1.37189607540242 0
2241 3.419595076599034 -1.331866978229077 0
2242 3.484076678675607 -1.299056986653102 0
2243 3.542024351881227 -1.413303605927499 0
2244 -4.155557833158876 -0.5336564268580192 0
2245 -4.157405485404166 -0.6006282920074106 0
2246 -1.17452059085276 -3.493009993547569 0
2247 -3.621930024901829 -3.197887000463433 0
2248 -3.435500550296111 -2.235979708986451 0
2249 3.590915655596164 -0.5293747923199564 0
2250 3.517157911818714 -1.853355934190978 0
2251 3.898687461393058 -1.950852834314242 0
2252 3.905050032243748 -1.876426111729821 0
2253 -3.217097196919231 -1.765269795068606 0
2254 -3.208163704953795 -1.844469722201233 0
2255 -3.660605070994113 -0.3388590020177173 0
2256 3.434513625590583 -2.18331726433668 0
2257 3.368132080222557 -2.216581125896366 0
2258 -3.430669869051228 -2.161194418796212 0
2259 3.504801979182464 -2.075481028100084 0
2260 0.2150498764322744 -4.096103305896439 0
2261 0.1528856409095404 -4.055166645529896 0
2262 4.004264988513821 -2.401889806792309 0
2263 4.070811105061493 -2.368273406654402 0
2264 4.133254882868021 -2.409005873623278 0
2265 4.137363861820076 -2.334642279365954 0
2266 3.81164483321929 -2.354301681211218 0
2267 3.74516797771519 -2.387810682656946 0
2268 4.658184722264273 -0.9569188480827774 0
2269 4.713955036153029 -0.9966664302010539 0
2270 4.654730910866723 -1.028717037526687 0
2271 4.707028884194509 -1.066532643104876 0
2272 4.646396823656109 -1.097883914055986 0
2273 -2.797513118455654 -2.352028709924073 0
2274 -2.859894881647614 -2.309459810210847 0
2275 0.7854787474313008 -4.316568957395386 0
2276 1.356752315153444 -4.536193303719487 0
2277 3.189097830258288 -3.103741523541308 0
2278 -3.426527398964164 -3.173244761274489 0
2279 -0.2541772240907334 -4.406945578022972 0
2280 2.830937871438235 -2.559560636461009 0
2281 -0.1250336469086413 -4.414451723174257 0
2282 -0.06260545203934668 -4.455534284881026 0
2283 -3.462967975772952 -2.684049351192377 0
2284 -0.1421659683277485 -4.712488804488818 0
2285 -0.1463859108016707 -4.787030179638437 0
2286 1.298397466451122 -4.420524384267678 0
2287 2.6053351354239 -3.108274799118066 0
2288 -0.7043093356213508 -4.343413268180045 0
2289 0.9313645401733499 -4.025617202734927 0
2290 -1.784073826072232 -3.943381716722707 0
2291 -1.788420161130616 -4.018058483518153 0
2292 -3.016812107889471 -2.8224410318862 0
2293 2.885087249231402 -2.749927805390631 0
2294 2.617974720588715 -2.884372334034417 0
2295 -2.807696681304354 -2.572337981668313 0
2296 -2.739931726434059 -2.541818964901814 0
2297 -1.829183074598842 -3.603533285696825 0
2298 -2.887455338706828 -2.829982979419208 0
2299 -2.824947646120632 -2.871097247218649 0
2300 -0.4735163491261943 -3.720239349287016 0
2301 -0.469171928608754 -3.645587448372008 0
2302 -1.503653821405469 -3.585054378210052 0
2303 -1.346554330164873 -4.231063516539438 0
2304 -1.284062347344326 -4.272167875398322 0
2305 -1.409048873024203 -4.189960293809905 0
2306 2.738851125128941 -3.04098924064067 0
2307 -1.449869547042327 -3.775539249599083 0
2308 2.642542364111554 -3.597258655409707 0
2309 2.646764178980995 -3.522585141171251 0
2310 2.713543989782963 -3.488899576591941 0
2311 -1.980260256357712 -3.969407785638688 0
2312 1.311064335579573 -4.196523353366008 0
2313 -2.253661716509426 -3.091750415908841 0
2314 -2.32052045620751 -3.125334697910309 0
2315 -0.9324890121189232 -3.805741406675955 0
2316 -0.8612307597625228 -3.697844620396258 0
2317 -0.856072423268265 -3.628555238807232 0
2318 0.5195889506208392 -4.450589127459668 0
2319 -3.912463800953147 -2.61982236333206 0
2320 -3.97932447590857 -2.653260430031643 0
2321 -3.983698391772443 -2.727704002581613 0
2322 3.388495651491162 -3.002570668725258 0
2323 3.022771812015392 -2.60854796293295 0
2324 2.956075356863513 -2.642241114188778 0
2325 3.580978593739725 -3.051011870303546 0
2326 3.643775667196433 -3.092008510574891 0
2327 3.334731947287111 -2.812607970296501 0
2328 4.199268120480955 -2.375340627697332 0
2329 4.203264217835473 -2.300878264975386 0
2330 -4.585826826243869 -1.481448236114951 0
2331 -4.64789404030986 -1.435657108492638 0
2332 1.13112980093656 -3.925223455517264 0
2333 0.7062338065228457 -4.573520299896296 0
2334 -4.540644236060673 -1.662771113730966 0
2335 -4.481395244078773 -1.701588459256749 0
2336 0.6360086202986917 -4.68127024580305 0
2337 0.6323609221063657 -4.755821886386176 0
2338 1.532085599415629 -3.723302375792557 0
2339 3.226354900951671 -3.592401972649293 0
2340 3.23086169454356 -3.518051461712603 0
2341 3.294118367562055 -3.557845244339258 0
2342 3.297747440566494 -3.484163515513361 0
2343 -3.602541792232905 -1.687219889776876 0
2344 -3.539126517034643 -1.722284282855336 0
2345 1.614034885789708 -4.547872829788753 0
2346 1.619472066614892 -4.47562071656391 0
2347 1.680854977935182 -4.514244853016749 0
2348 -4.654769016007831 -0.9495983512920978 0
2349 -4.714513732997731 -0.9790479215621453 0
2350 -4.65731141895054 -1.019625986074741 0
2351 -1.296953516130437 -3.409582149222471 0
2352 -3.899518463906238 -0.1849586225513604 0
2353 -3.96234046177468 -0.219577211209642 0
2354 -4.145934579878324 -0.7081703533413949 0
2355 4.275226048957778 -0.6895122061652419 0
2356 -4.047801887884984 -1.233594585163881 0
2357 3.971991097161757 -1.13388130348986 0
2358 3.943139473454859 -1.194332847878675 0
2359 4.061637738812995 -1.24717024056265 0
2360 -3.95807601328662 -1.102345483573303 0
2361 -3.939298830678412 -0.9602911406318878 0
2362 -3.906485527992907 -0.9009983656537298 0
2363 -3.917348192344932 -0.8447019952239594 0
2364 -3.854180436548909 -0.8643893535820523 0
2365 4.820194992315713 -0.5479258867145225 0
2366 3.941995957440669 -0.9584336888642048 0
2367 4.370158842969173 -1.287474872148035 0
2368 4.33296331434587 -1.354506983361957 0
2369 -4.348545449477092 -1.288812374009799 0
2370 -4.209807173614381 -1.307972714859061 0
2371 -4.485555675036595 -1.201677103729092 0
2372 -4.451294431853583 -0.7652142338658507 0
2373 4.836437366822254 -0.3282237950892578 0
2374 -3.398539197466595 -1.377477995398048 0
2375 -3.457077792950564 -1.33513007533753 0
2376 -3.389834812646691 -1.298044545776889 0
2377 -3.456919203411105 -1.262561526740488 0
2378 4.536248596471056 -0.8805825128348103 0
2379 -4.537941872839967 -0.9004764320281315 0
2380 4.795971683189755 -0.8254049853735254 0
2381 -4.138304596868124 -0.1821742269781761 0
2382 -3.409238168891685 -1.724915804678907 0
2383 -2.180038710489113 -2.906230864869231 0
2384 -1.30395413031356 -4.642698560880985 0
2385 -1.481100527038752 -3.366183022840252 0
2386 2.986874287914855 -2.125947613782906 0
2387 3.055989753252715 -2.091117941302534 0
2388 -4.713595521643247 -1.049220452551048 0
2389 -4.658580344327667 -1.08660815129145 0
2390 3.635399600754623 -3.16694067278254 0
2391 -4.012849060063234 -0.8053111051965814 0
2392 -3.994547630093668 -0.7446646143815956 0
2393 -4.036962844118928 -0.6964052132805472 0
2394 -3.974838298627308 -0.6824275686490278 0
2395 -3.925786923074348 -0.7341654647644851 0
2396 -0.4018376812485394 -3.612932273727123 0
2397 -4.495937675225846 -1.266823635041241 0
2398 -4.545865097575811 -1.227656074303915 0
2399 -3.342380436529576 -1.627539452077372 0
2400 -4.552038929725004 -1.027925375329255 0
2401 4.438642014869867 -0.6498894695793905 0
2402 4.489678828111314 -1.180650422812746 0
2403 2.570050080257 -2.623426976762564 0
2404 -0.08138797459869462 -4.824823712711108 0
2405 -0.1471166595232583 -4.866994479428792 0
2406 -0.2126737461741314 -4.819312477451078 0
2407 -4.079629863393898 -0.2184507762157157 0
2408 -4.075120382957092 -0.1484083496082517 0
2409 3.908349578866937 -1.137669233148878 0
2410 -3.212227670135735 -1.693201198814075 0
2411 4.195727311579541 -2.449848043411373 0
2412 -1.112106804090905 -4.6912902525315 0
2413 -1.046830720357941 -4.660087019358302 0
2414 -1.051035213462159 -4.732202050976561 0
2415 4.671339799387153 -1.270409358277476 0
2416 4.682020622839961 -1.202121716237104 0
2417 -3.607938751408229 -0.5920313227207326 0
2418 -4.718907956605616 -1.116998947335672 0
2419 -4.668569579047843 -1.164852417454933 0
2420 4.220843224103563 -0.6317915053657905 0
2421 -4.292279012462381 -0.7030145401889791 0
2422 -0.9255644958601749 -4.738012898790655 0
2423 -0.8685249562567772 -4.789083859407363 0
2424 3.42131284768536 -1.259874167958014 0
2425 3.489000182743406 -1.226732602927316 0
2426 -2.981480162369597 -2.150525644773103 0
2427 3.904544009284008 -0.898651171310396 0
2428 -3.840951252025929 -0.1478456718232141 0
2429 4.550894512701833 -1.027854624224985 0
2430 4.65880329344904 -1.415629637529016 0
2431 -3.896951362641633 -1.078291983637607 0
2432 -3.903061543594826 -1.143268184371602 0
2433 -3.837933479230646 -1.123412892158916 0
2434 -3.84944375153749 -1.194200055788228 0
2435 -4.339930515008178 -0.6574639074375537 0
2436 -4.408869658194237 -0.6665364902689568 0
2437 4.811281801802155 -0.6172314553578442 0
2438 4.214972384132274 -1.296210290707044 0
2439 -4.598975952947321 -1.621427819377452 0
2440 2.884392654887237 -3.910545790517387 0
2441 4.798898154250209 -0.7594021649014465 0
2442 -2.240588368639471 -2.867665932988441 0
2443 2.707678627211232 -2.481124813591169 0
2444 2.77802233887247 -2.451954720052587 0
2445 2.640243336369943 -2.511762895595063 0
2446 -3.890947582064912 -0.9999999999854159 0
2447 -3.95707227768898 -0.1371762705538958 0
2448 -0.5987746224850289 -4.795379207647467 0
2449 -0.5338580661230123 -4.76471365246025 0
2450 -0.5385779955519104 -4.839957472538932 0
2451 -0.4718553170291833 -4.805976572558158 0
2452 -4.443104201972737 -1.307877644635546 0
2453 0.3070287290155052 -3.621936792448438 0
2454 0.2431272247866397 -3.657070719458122 0
2455 0.239591953317227 -3.726067828740441 0
2456 0.1697740252393897 -3.688260475848583 0
2457 3.892353137994578 -1.005056466104171 0
2458 -4.251517817694451 -1.360177768535124 0
2459 -1.615433285088781 -3.270714687974571 0
2460 0.9545373295693425 -4.73501580759679 0
2461 1.021722775267726 -4.702485407591903 0
2462 -4.012598345487317 -0.6324349656504211 0
2463 4.428142317856382 -0.7652732058254786 0
2464 -2.976512347052007 -2.075071641302484 0
2465 0.8872709514913406 -4.778370135444405 0
2466 3.357595777723513 -1.29169867424522 0
2467 4.599878433285113 -0.1666135478344455 0
2468 4.532930560817277 -0.1953728357848442 0
2469 3.87641625621583 -1.40997992822088 0
2470 4.663239131039687 -0.1371473877642988 0
2471 -3.859027949685706 -1.325323336605927 0
2472 4.013012143542731 -0.8219563812863681 0
2473 4.432265291657042 -1.308692065286573 0
2474 4.091649832024012 -0.6176572448600066 0
2475 -1.682114550471185 -3.236179959430824 0
2476 -1.691834099904404 -3.146285097602689 0
2477 -1.749092739477416 -3.203031148333489 0
2478 3.872475926842616 -1.479860346722482 0
2479 -1.174304624019266 -4.734838986914841 0
2480 0.3717232777602102 -3.586468445661206 0
2481 3.58639712677551 -0.6014142168932989 0
2482 3.647430728375411 -0.6402369587560787 0
2483 -2.728803764942208 -2.392810479810219 0
2484 -4.517776007882638 -0.7584708177369437 0
2485 -4.560245710475739 -0.8074893714364607 0
2486 -3.952682225550196 -0.6182598946472327 0
2487 3.277513670286084 -1.545519707703702 0
2488 3.285625017952846 -1.470874471816343 0
2489 1.151681367825226 -4.713383775354375 0
2490 1.214890537728424 -4.749288605493699 0
2491 1.611296806923456 -4.625474095150162 0
2492 -3.92623934908446 -1.702464039133574 0
2493 -4.09506158858051 -0.6456198186280182 0
2494 -3.927680724871071 -2.843938309710804 0
2495 -3.930277565003059 -2.918178968488825 0
2496 3.54943586701289 -1.267516630426985 0
2497 3.555462886125268 -1.19664612318227 0
2498 3.494634532376591 -1.156511398858051 0
2499 -0.7295031356987229 -4.786301416823705 0
2500 -4.058127284377296 -2.688790836867013 0
2501 -4.041681270644113 -2.612111206222267 0
2502 -4.05059044442038 -2.76127274893626 0
2503 3.58310316337566 -0.6728848518343946 0
2504 3.645387761611344 -0.7105490245786906 0
2505 3.584642646145005 -0.7468997256778609 0
2506 4.06915576434772 -1.318109899413295 0
2507 4.779324624433405 -0.9629853031176011 0
2508 -3.275468559701439 -1.597612931612915 0
2509 -3.27729393726168 -1.52633232119307 0
2510 -3.508009936615997 -3.367168531676693 0
2511 -3.439471013344864 -3.397315878079948 0
2512 4.559408804223601 -1.192125124480264 0
2513 3.996138146379077 -1.253861855547719 0
2514 3.856695821176539 -1.692738078062774 0
2515 3.917872804511846 -1.731627464269536 0
2516 3.851841441120998 -1.764393359453084 0
2517 -3.871191473542494 -0.7910672473208314 0
2518 3.783520119688487 -1.798743137513744 0
2519 3.879744935318155 -1.071182407277624 0
2520 -4.474639270036305 -0.7004811003272181 0
2521 3.709857433968723 -3.143498197490585 0
2522 3.710252029247143 -3.059693350679979 0
2523 2.503917378960414 -2.658041509104561 0
2524 -3.976403342201155 -1.241561593968882 0
2525 -1.441203259828546 -4.646347569231468 0
2526 -1.488224477083065 -4.593633847039125 0
2527 -3.531722264670218 -0.5711466211741619 0
2528 4.247792977787072 -1.360678268254027 0
2529 -1.771986725700323 -3.135497267345054 0
2530 -1.81817472206227 -3.181437430585394 0
2531 4.296536254193354 -1.410133029469792 0
2532 4.298298817319388 -1.471361720687959 0
2533 3.873115462365165 -1.203153947306109 0
2534 4.880936307323251 -0.5884121308440752 0
2535 -3.553533561830168 -2.079066951167756 0
2536 -1.549404536934974 -3.222366219008558 0
2537 -4.327293462196685 -1.360218899070772 0
2538 -4.387361762062622 -0.6029210047015768 0
2539 -3.15681915928351 -1.730675119011883 0
2540 -4.097788800521174 -0.5705075887346762 0
2541 -4.780159276827672 -0.9470045961537297 0
2542 4.601357948692666 -0.9176946998223017 0
2543 -4.330108720685607 -0.1268740772288024 0
2544 -4.390944995701885 -0.1710691180529004 0
2545 -4.392279141772244 -0.2437783358752551 0
2546 -4.454937689689401 -0.2055185062477261 0
2547 -4.453092625399355 -0.1327565784254516 0
2548 -4.517056948765569 -0.1681707558220857 0
2549 -4.519164535313346 -0.2404279123377231 0
2550 -4.581243127792614 -0.2032097304337714 0
2551 -4.583191829033309 -0.2751832591707633 0
2552 -4.645743731301682 -0.2374643612782471 0
2553 -4.647391693271373 -0.3099968021018669 0
2554 -4.710035821219088 -0.2722406029521435 0
2555 -4.712222545065391 -0.3447770985111674 0
2556 -4.774491039301222 -0.3071329402745701 0
2557 -4.768385180015287 -0.2364311573219625 0
2558 -4.776686495005358 -0.3798482151940944 0
2559 -4.641036258929536 -0.168475023498673 0
2560 -4.838127189331083 -0.3438293212206918 0
2561 -4.260895597147919 -0.1122849242953817 0
2562 -4.853775014018838 -0.4206454775898829 0
2563 -4.778057552440411 -0.4539710766177778 0
2564 -4.646218978357374 -0.3808594774563127 0
2565 -4.907114208634622 -0.3711716257093969 0
2566 4.172547695893664 -1.532383764916698 0
2567 4.258586175234527 -2.414418610971795 0
2568 -4.518489908874788 -0.3119042986578739 0
2569 -0.4777430523734541 -4.875701929028038 0
2570 4.557570279108043 -0.8159439297743853 0
2571 4.531025059958067 -0.7596571882986386 0
2572 -4.223805595297804 -1.506288358676835 0
2573 3.793949279245941 -1.653164465352281 0
2574 -3.56759818176615 -3.313364870254763 0
2575 -3.985760239616516 -1.663446971703352 0
2576 4.447476462593412 -0.585504553733737 0
2577 4.381567660860743 -0.6095670696224449 0
2578 -0.4596259458480202 -3.574286675114334 0
2579 -0.5308278951002948 -3.604094224384492 0
2580 -0.5943648079889075 -3.567921174787075 0
2581 -3.491279035103595 -0.7181133961205584 0
2582 -3.555991979329674 -0.6938832903781238 0
2583 -3.547104619558504 -0.7640341623887064 0
2584 -3.544153663236881 -0.8456841491504653 0
2585 -3.461646373378741 -0.8656809064561489 0
2586 -3.51509377829753 -0.9186658576044089 0
2587 -3.501954256001276 -0.9916571580521263 0
2588 -3.427125054155294 -1.011693305909216 0
2589 -3.48829150333523 -1.058003762602784 0
2590 -3.419841765921029 -1.087625223522147 0
2591 -3.444525148823562 -1.158021210803312 0
2592 3.486798300535928 -0.7245140547683495 0
2593 3.457412736641738 -0.8668122441869559 0
2594 3.509943748336261 -0.9203455988693197 0
2595 3.491220455068306 -0.9918095622304595 0
2596 3.562423080286365 -0.9731334556845416 0
2597 3.542670349094367 -1.049727991001687 0
2598 3.465793778262567 -1.062073273142988 0
2599 3.613751306719422 -1.022109152706127 0
2600 3.52371277738139 -0.8493313559554798 0
2601 -3.497139762257606 -2.195119777844076 0
2602 -4.513273824175817 -0.099862444998772 0
2603 4.126544814953399 -1.348130771547886 0
2604 4.063590951172745 -1.383000236117123 0
2605 3.512657304338122 -1.926972966996169 0
2606 -0.07462391339662396 -3.5625084220156 0
2607 -0.1123264672235891 -3.626910579385533 0
2608 -0.1878946798705736 -3.624508756158067 0
2609 -0.03549252794204302 -3.628151794567162 0
2610 -0.1503319800925679 -3.702313746508263 0
2611 -0.2302078854735274 -3.693503225985671 0
2612 -0.2707070016685388 -3.623473926214329 0
2613 -3.544653788910367 -0.3382645651387687 0
2614 3.548118961612482 -0.3415581873991934 0
2615 3.615457987242725 -0.3091547710598311 0
2616 3.622641957668919 -0.2362813511420775 0
2617 3.68068623451439 -0.2763849208597591 0
2618 3.689055643744047 -0.2038520526562915 0
2619 3.606711900183889 -0.3824299233143291 0
2620 3.628965864532916 -0.1622779370746987 0
2621 3.693330984960387 -0.1349849016235125 0
2622 3.760718172921199 -0.1788627704252151 0
2623 3.636947103378226 -0.08949935414065759 0
2624 0.1482296874900636 -3.558980412257089 0
2625 0.1157388441245336 -3.624600755845581 0
2626 0.03977824067332261 -3.627136390432557 0
2627 0.07971077656900744 -3.690291207297573 0
2628 0.1304406319563944 -3.75120253779326 0
2629 0.004475842101721536 -3.692275147987309 0
2630 -0.06950501231168627 -3.693809365216608 0
2631 -0.03499119281408483 -3.752881867975027 0
2632 -1.536978372616148 -3.307413974999369 0
2633 3.368392121142058 -3.528738153003669 0
2634 3.36440487195283 -3.450665771596034 0
2635 3.351439488562339 -3.60392209094214 0
2636 3.393606725406769 -1.081302572078291 0
2637 -3.343161971334273 -1.232508436031561 0
2638 3.806927885195336 -1.44027948533333 0
2639 3.872379949550321 -1.327589137274347 0
2640 3.856779752422433 -1.549416367298571 0
2641 -3.265281310372123 -1.449173172956687 0
2642 3.160680521808682 -1.649659413190508 0
2643 3.124376569731973 -1.71721645560217 0
2644 3.158568715521108 -1.789318464854255 0
2645 3.12257148343435 -1.850340817530639 0
2646 -3.569149745909193 -0.9707053865444735 0
2647 -3.474234681696996 -1.758274131403045 0
2648 3.050111167318137 -1.848179206175904 0
2649 3.082681424397023 -1.914516998907621 0
2650 3.00787819991999 -1.913615195651102 0
2651 3.040433677083676 -1.977485796712197 0
2652 3.11971744128777 -1.981558411145022 0
2653 -3.559087219159033 -0.1912799168300877 0
2654 -3.623944917911532 -0.1537382877146807 0
2655 -3.628061976999477 -0.2272044092055173 0
2656 -3.62109346408994 -0.07197350662127344 0
2657 -3.691013182043133 -0.1164108302780978 0
2658 -4.093545724794207 -1.381532922582961 0
2659 -3.049003849325277 -1.846747897109381 0
2660 -3.122859794786583 -1.848693780943044 0
2661 -3.085143387385517 -1.912909309370896 0
2662 -3.159773497156568 -1.913462379406719 0
2663 -3.122592351734499 -1.972431786329465 0
2664 -3.192284860966585 -1.978518202964049 0
2665 -3.05094465626727 -1.974590438184337 0
2666 3.838071218474936 -1.910306852358693 0
2667 3.833185212195129 -1.984354196778403 0
2668 0.5306854952318117 -3.525673158310931 0
2669 0.5046304216742253 -3.596804592365415 0
2670 0.5789346565932725 -3.581481703876542 0
2671 0.6524252992803471 -3.57024904499468 0
2672 0.6156676042407967 -3.636442536883911 0
2673 0.692063089774253 -3.637864800592419 0
2674 0.7252456772980423 -3.557108002253161 0
2675 -0.7540744897417062 -3.48239990599184 0
2676 -0.806295291565015 -3.536417417753412 0
2677 -0.8784485299712177 -3.517550735669037 0
2678 1.120800124282312 -3.383891702227371 0
2679 1.103529136864389 -3.455024133583009 0
2680 1.028307940660558 -3.478642588444952 0
2681 1.177378681391747 -3.430619443561461 0
2682 1.248284212860451 -3.399760946018362 0
2683 1.264533132549783 -3.33138538998289 0
2684 -2.422945921226556 -2.6151218587656 0
2685 -2.437025127446635 -2.687382273901864 0
2686 -2.382279047991903 -2.73838358402161 0
2687 -2.492717888291976 -2.636566536868166 0
2688 -2.549619894199208 -2.587906112152914 0
2689 -2.534066022866839 -2.513667798457185 0
2690 -2.605909916511536 -2.54718945713985 0
2691 -2.599458242749263 -2.466071912294403 0
2692 -2.67404903008912 -2.453369546301538 0
2693 1.545452344553218 -3.212303039111927 0
2694 1.607965424584874 -3.253258670390429 0
2695 1.675398345089472 -3.220390887119013 0
2696 1.676834232997073 -3.29226643394931 0
2697 1.744267141702085 -3.25768840293517 0
2698 1.745988447031867 -3.183070598994585 0
2699 1.539787281844063 -3.286234761058631 0
2700 1.471106493381171 -3.318103325370296 0
2701 1.541609272460225 -3.356694662710146 0
2702 1.40627295433494 -3.275072637148501 0
2703 -2.005839999121914 -2.946008535436516 0
2704 -2.010379870699647 -3.021376424692445 0
2705 -1.946727201998107 -3.062566384026385 0
2706 -2.009026258442962 -3.099318862112002 0
2707 -2.069929499631366 -3.061895423608361 0
2708 -2.067746648165532 -2.982000289260624 0
2709 -1.050444396174547 -3.407134802672718 0
2710 -1.031565366801026 -3.491769967367238 0
2711 -0.9535419929967845 -3.503000909432512 0
2712 2.068835381778023 -2.902924185016111 0
2713 2.137663235364775 -2.933119498731225 0
2714 2.19485371001112 -2.889272868840825 0
2715 2.206911419764609 -2.963099252477368 0
2716 2.141799353610712 -3.009714078547931 0
2717 2.072231789197772 -2.974304618607884 0
2718 2.189955923889478 -2.813486910671542 0
2719 2.263652088129742 -2.851883993829307 0
2720 2.31999550368123 -2.797393961140995 0
2721 2.307043728140581 -2.720064898489511 0
2722 2.366389965816683 -2.668485291121327 0
2723 -2.832462279345894 -2.166378477499785 0
2724 2.832245993831945 -2.162847964203686 0
2725 2.858650205863817 -2.231427546467594 0
2726 2.813052240076249 -2.292525436779468 0
2727 2.899207057704751 -2.301633573682647 0
2728 2.839076956923419 -2.357228551956253 0
2729 2.764877885695668 -2.345892019110268 0
2730 2.469070838696034 -2.552311287109279 0
2731 2.918919740123592 -2.036712818512671 0
2732 2.586864721791419 -2.463944306453326 0
2733 -1.405825523713149 -3.272409204071016 0
2734 -1.403640715322907 -3.349957963444803 0
2735 -1.190825298596079 -3.354951589730727 0
2736 -1.270110007625803 -3.338205336591155 0
2737 1.944975764236805 -2.988154993738795 0
2738 1.881651122366037 -3.029446269020445 0
2739 1.883900463466091 -3.108322512229691 0
2740 1.813865107781055 -3.145344280628406 0
2741 -2.73113960426773 -2.276597421152643 0
2742 0.9016815681361166 -3.448575666291668 0
2743 0.8815628626288352 -3.520174199097773 0
2744 0.8030783078375926 -3.538158465647513 0
2745 0.95408830074273 -3.501444069502146 0
2746 0.9377229472357017 -3.580386064454609 0
2747 1.017927226235133 -3.549454440824182 0
2748 0.7528581999258377 -3.483740633724072 0
2749 1.748752710838023 -3.106808237900366 0
2750 2.688620436019606 -2.337413523738376 0
2751 1.325844393886222 -3.37961134255659 0
2752 -3.6055693164663 -1.825729395163193 0
2753 2.913403588379477 -2.163916543883521 0
2754 -3.440256907870252 -2.310307612059569 0
2755 -4.583822795749683 -0.6279112145607595 0
2756 0.3438675375037664 -4.103712300049302 0
2757 3.766743847936579 -2.01824853416252 0
2758 0.41033771005169 -4.07034434238681 0
2759 0.4774318370993336 -4.037460978512836 0
2760 0.4142247569318612 -3.995863980807763 0
2761 4.544433379167517 -0.1171311778657128 0
2762 4.471645755271541 -0.1533176715568765 0
2763 4.476023480035642 -0.08195800672948635 0
2764 4.469007368830029 -0.2279497369198936 0
2765 4.410984607978924 -0.1931274647021133 0
2766 -3.861578725400365 -1.74257403923498 0
2767 -3.911904006418624 -1.632597962640086 0
2768 -3.868316527809032 -1.814157388385927 0
2769 -3.935296710272633 -1.848383076272367 0
2770 -3.935282984435376 -1.925513582315008 0
2771 -4.014852093971198 -1.948538113016804 0
2772 -3.965891839288976 -1.997609943730993 0
2773 -3.904528192022774 -1.986328850400452 0
2774 -3.920735678681453 -2.050124425529757 0
2775 -3.988778958729813 -2.061741270106469 0
2776 -3.950430830854087 -2.124863184880946 0
2777 -3.870906599161392 -2.10023068457583 0
2778 -3.887772108403766 -2.173928081353342 0
2779 -3.808039893425319 -2.148272948999012 0
2780 -3.834713336844497 -2.222584720585177 0
2781 4.208688605960782 -0.4940105207692691 0
2782 4.209115758917008 -0.5600815592454559 0
2783 -4.344439295334099 -1.499490284989568 0
2784 -4.283934093843887 -1.468322837412769 0
2785 4.141534171167459 -2.26011799668242 0
2786 4.207309534417867 -2.226554479340798 0
2787 4.264282146596328 -2.26722604235233 0
2788 4.272079991134712 -2.192759029484219 0
2789 4.210723651347141 -2.152355703630806 0
2790 4.277893358244445 -2.118536639128513 0
2791 4.350049217773766 -2.165579666309017 0
2792 4.34480357163113 -2.084904940583433 0
2793 4.282512303776312 -2.04438742906533 0
2794 4.348562344323127 -2.010786870277032 0
2795 4.285650830712863 -1.970611631617176 0
2796 4.352487300781114 -1.936970443259423 0
2797 4.412260965507186 -1.970982055401673 0
2798 4.417464731289741 -1.902198306196879 0
2799 4.356235432136421 -1.863527858845558 0
2800 4.421608775327434 -1.830198209524658 0
2801 4.483814973281547 -1.867944155756185 0
2802 4.485806082461552 -1.797979889264437 0
2803 4.545884303858644 -1.828977269699592 0
2804 4.425611315857588 -1.757327248962676 0
2805 4.490561868485519 -1.724125923120732 0
2806 4.220146475054526 -2.004020601811423 0
2807 -3.853737179104681 -1.592011729484903 0
2808 -3.827410076018875 -1.528641898561356 0
2809 -3.790063926962689 -1.472248352773587 0
2810 -3.902953668209167 -0.3292530463063457 0
2811 -3.618096506461458 -2.040544967262347 0
2812 -3.559092248705695 -2.15433119478497 0
2813 -3.6154824791097 -1.967346568056924 0
2814 -4.456819779654549 -0.5614526462246094 0
2815 3.824628631275947 -1.013719790103351 0
2816 4.387962806395392 -0.5430446333997654 0
2817 0.0002164951280649041 -3.563310565495385 0
2818 3.800389583050759 -1.295493236160748 0
2819 3.831351399145272 -0.8869118869376057 0
2820 4.323140210778221 -0.6407505724609169 0
2821 -3.756361012879688 -1.284549506952018 0
2822 -3.856776368699892 -1.260972252224964 0
2823 4.859285567549295 -0.7973745909073791 0
2824 -3.521450095965317 -1.369517826303202 0
2825 0.148706336899555 -4.129510917444561 0
2826 0.08653927040641615 -4.088558153318771 0
2827 4.008550423950888 -2.327457256066209 0
2828 4.589560134111744 -0.3097556795206929 0
2829 4.170911019310805 -1.603045847777241 0
2830 -3.749050907896692 -1.072927370251519 0
2831 -3.761684736526025 -1.140320953051158 0
2832 3.8057715639835 -1.15913584368616 0
2833 3.97078586961189 -1.843601603771705 0
2834 -3.502390371575379 -2.269789810962372 0
2835 -2.557540248913091 -2.663102572629096 0
2836 3.416455545391204 -1.011487413234484 0
2837 -3.768606376001456 -2.211563037767583 0
2838 -3.744359247280451 -2.276109022645951 0
2839 0.9747746423251475 -3.427967770468726 0
2840 -0.9015499749910131 -3.447903859040116 0
2841 -1.878671768018759 -3.029466631092804 0
2842 -1.884594703723957 -3.098748053766861 0
2843 -2.311112211605361 -2.717323569036993 0
2844 -2.327203922370637 -2.789588888955446 0
2845 -3.378009297979273 -2.35119557377716 0
2846 -4.093782247864356 -0.5008741980666431 0
2847 2.138321414890134 -3.345222429290767 0
2848 4.699943421047019 -1.136026003167107 0
2849 3.80819150730572 -2.42842779258927 0
2850 2.142209443027741 -3.270823643239621 0
2851 -4.035994640180146 -1.417926883070574 0
2852 -4.333702230443648 -0.4933281884474583 0
2853 3.545969301313309 -1.340417849919926 0
2854 -1.110544846972929 -3.455343001768901 0
2855 -1.045438060835075 -3.57451600150816 0
2856 3.519707280587332 -0.5678907931488142 0
2857 -4.228042326501756 -1.577331284742229 0
2858 3.942869874095658 -0.8210656894262334 0
2859 2.155304270423028 -3.124238305527927 0
2860 1.6806510431685 -3.143585464524925 0
2861 3.446588925004542 -1.959931877219967 0
2862 3.43048906971438 -2.258015861344712 0
2863 3.364074861302931 -2.291260940298262 0
2864 4.363885443273025 -1.430123936534134 0
2865 3.618215740892732 -1.242421518000477 0
2866 3.56062995852862 -0.1933479917407513 0
2867 -3.010070615552768 -1.913193069262592 0
2868 3.793041188338481 -1.581415378784444 0
2869 4.668688155668355 -1.476307715703285 0
2870 4.610527326528599 -1.520531265353239 0
2871 4.614063256846668 -1.596411852457483 0
2872 4.538052890271511 -1.559963939033913 0
2873 4.557984855064513 -1.6376727108332 0
2874 4.624816823741261 -1.663604523578758 0
2875 2.011264141839772 -3.018310421150305 0
2876 -4.051486369216748 -1.694744839702242 0
2877 -0.7227580369359832 -3.554632705481023 0
2878 3.844814056153864 -0.4701248175252391 0
2879 -3.474488965402962 -1.828744399300317 0
2880 -3.840391135343042 -0.07032243535153077 0
2881 3.838169751773026 -0.06443714282897248 0
2882 3.875891624380361 -0.1285090430012192 0
2883 3.949056754430549 -0.1290912725783991 0
2884 3.911469287116086 -0.1920834130291048 0
2885 3.987147809833201 -0.1919564628926565 0
2886 4.022594640175397 -0.1298537673843205 0
2887 4.058530379309835 -0.1938208791967981 0
2888 4.021522599655813 -0.2567180232845778 0
2889 4.096285670653752 -0.2692312993688817 0
2890 4.131362599788547 -0.1965765645604485 0
2891 4.170645053092976 -0.2573523979331466 0
2892 4.204124501588307 -0.1956663158653474 0
2893 4.239771719141708 -0.2548364331838592 0
2894 4.285954467407643 -0.19556932363242 0
2895 4.242626454663354 -0.1329835587423885 0
2896 4.321404898860159 -0.1245785292318228 0
2897 3.835869126697314 -0.1861768199403339 0
2898 4.289084177220936 -1.897239060635088 0
2899 4.292328514509817 -1.823857169118192 0
2900 4.22778615350235 -1.784387747577275 0
2901 -4.663061713066263 -0.0608367309963327 0
2902 -0.2251332239004805 -3.557419673283279 0
2903 0.677111943277465 -3.936748568514104 0
2904 4.39281038085229 -0.4735853792206112 0
2905 -3.445079689292139 -2.385142289456037 0
2906 3.889530098866405 -1.271065679912422 0
2907 3.536548584808415 -1.485663498292561 0
2908 3.53043428496777 -1.560094988750993 0
2909 3.593553498239083 -1.603205217112298 0
2910 3.604840147398598 -1.457493773215448 0
2911 3.466290930775397 -1.591339073488121 0
2912 3.521445656018772 -1.780111127927745 0
2913 0.5400704857001202 -4.078255350416789 0
2914 0.5439551696913052 -4.003963487763725 0
2915 3.458946652662275 -1.73873627403082 0
2916 3.524668077048161 -1.706885161474317 0
2917 -3.640672485467689 -2.411535585060389 0
2918 -3.701871448135309 -2.37139565267908 0
2919 -3.707463568469767 -2.444790527976604 0
2920 -3.770911388785449 -2.40552268816371 0
2921 3.559621284641219 -1.122719781209811 0
2922 2.893580134748586 -2.601084910543337 0
2923 -3.492297752966925 -2.120255329715429 0
2924 -4.068741751792999 -0.07413465442883597 0
2925 -3.987197302683159 -0.06477714290859771 0
2926 4.060803803523591 -0.06526998067934892 0
2927 1.085176133183334 -4.746080167341369 0
2928 -3.32059377412862 -2.467565217478218 0
2929 -3.896722878888314 -2.3237040742899 0
2930 -4.146583079986764 -1.346802805339809 0
2931 -3.364462925811309 -2.128021229867441 0
2932 4.35817436410345 -1.790613637592622 0
2933 4.510973847651848 -0.5555892207138108 0
2934 0.2987066339736867 -3.765838700366748 0
2935 4.030708354832322 -1.884345879729236 0
2936 -3.953149595268375 -2.208298455860279 0
2937 3.712708635612707 -0.6058512989675006 0
2938 -4.248168225371751 -1.861100420768667 0
2939 -4.313542448359851 -1.892724118436599 0
2940 -4.318922379078148 -1.965431037617647 0
2941 -4.379281214313815 -1.924384683208615 0
2942 -4.373475951395101 -1.851942455556007 0
2943 -4.437309098669158 -1.883461584338726 0
2944 -4.384829240571316 -1.997373984627385 0
2945 -4.324147922887958 -2.038558050323124 0
2946 -4.43123286972857 -1.811152808772724 0
2947 -4.503688799461073 -1.845312612120798 0
2948 -4.391176323253284 -2.071330548084156 0
2949 -4.329449112806389 -2.112219513126675 0
2950 -4.451288887707364 -2.028459953767004 0
2951 -4.394446439718469 -2.146155774730466 0
2952 -4.334489737772437 -2.186007801368639 0
2953 -4.268197688931521 -2.153439074714562 0
2954 -4.273058150969909 -2.227537268432943 0
2955 -4.307652506327091 -1.82050359887958 0
2956 0.4811484158349029 -3.962941336348386 0
2957 -0.598414441440401 -3.638767687008843 0
2958 3.986607492069634 -0.06481989021736642 0
2959 0.7812384883583092 -4.391049680686626 0
2960 3.380678170434964 -1.994008124212026 0
2961 4.095543242283449 -0.1306539417375072 0
2962 -0.2755047868758879 -3.760202111315609 0
2963 -0.5298769195474378 -4.690405714817659 0
2964 -0.0583237353894835 -4.38091121740518 0
2965 0.004038826645537882 -4.421803993217324 0
2966 3.955909144812146 -2.065049912129383 0
2967 3.823897414122285 -2.132046576235382 0
2968 4.81252986884902 -0.06493466049667829 0
2969 4.852832466114045 -0.1275092629759392 0
2970 4.930625668689271 -0.1214803471679733 0
2971 4.887387237655187 -0.1944123993952949 0
2972 4.778652997532053 -0.1335234119769735 0
2973 -4.812135750282287 -0.06452036227664218 0
2974 -4.850891363362093 -0.1284990874920091 0
2975 -4.930348093558698 -0.1216252859330202 0
2976 -4.887387236523733 -0.1944287452775489 0
2977 -4.781069945808628 -0.1259505121900641 0
2978 -0.1524512689080912 -3.77825860335258 0
2979 -3.258073094231805 -2.508565794788855 0
2980 -3.195577017520653 -2.54954756946349 0
2981 4.215738415016117 -2.078242143164141 0
2982 -3.315930088657446 -2.392582531544929 0
2983 3.590141289100758 -1.676089971015522 0
2984 3.579796437887933 -1.895513259597314 0
2985 3.349554203382491 -1.436157569589591 0
2986 -3.31288107434683 -1.302348348774316 0
2987 1.351762590221726 -4.609569177915999 0
2988 1.416151422808818 -4.651457251648495 0
2989 4.152918719935748 -2.038579150515151 0
2990 -3.244747206456447 -2.284527319507283 0
2991 3.451089927380036 -3.043535990729684 0
2992 3.517688604072818 -3.009982326479494 0
2993 0.3402821559874534 -4.17867544791914 0
2994 0.2775362675666516 -4.137217167618971 0
2995 3.235326974870801 -2.283978950017502 0
2996 4.807997726269027 -1.140444516860067 0
2997 -4.794804699751539 -1.134382770066449 0
2998 3.93768368577829 -2.435575658633908 0
2999 3.875245520065794 -2.394791013458407 0
3000 -3.974665905081072 -2.57873673366365 0
3001 -4.037151456635289 -2.537659578989671 0
3002 -4.099901314563934 -2.563638894556474 0
3003 -4.098342492701501 -2.495412257093874 0
3004 -4.60313415430655 -1.687344222374903 0
3005 3.500813791270303 -2.150004093847678 0
3006 -4.836457511756972 -0.9907220755111723 0
3007 -4.792657423782531 -0.8714387022769704 0
3008 -4.845236905872111 -0.8115035294390536 0
3009 -4.82252676986356 -0.7488086764343815 0
3010 -3.52540836339632 -2.642930247162774 0
3011 4.282152790101216 -0.0664317529693374 0
3012 -3.559765703571334 -3.23852220721202 0
3013 -3.529788170676998 -2.717624313917773 0
3014 -3.592196386596293 -2.676442410584123 0
3015 -0.3572408251538226 -3.951605301194248 0
3016 -0.2948040682938767 -3.992549424168581 0
3017 -0.3614766948932649 -4.026126778693266 0
3018 -0.2990653637923534 -4.067098334618088 0
3019 -0.2324059873708723 -4.033515159228832 0
3020 -0.2366973640224646 -4.108122366571171 0
3021 -0.1700400550566924 -4.074529436008135 0
3022 -0.1658618165993465 -3.999955139440613 0
3023 -0.1035143712448315 -4.04090572074694 0
3024 -0.1077327049871144 -4.115499894062053 0
3025 -0.04129591863255467 -4.081638740669039 0
3026 -0.04548901805957609 -4.156309218087282 0
3027 -0.03687113957809175 -4.007454319071814 0
3028 -0.1743627086810965 -4.149218712763968 0
3029 -0.3658925108681746 -4.100765958046193 0
3030 -3.493299777901246 -3.206487829886824 0
3031 2.555483023547366 -2.843405400254325 0
3032 4.418641886271998 -2.04655950143777 0
3033 -3.422226250842294 -3.098545018605633 0
3034 -3.199877360568335 -2.624254554030004 0
3035 -3.133097085012718 -2.590655013420806 0
3036 0.8479039072824224 -4.357565244468889 0
3037 3.231127861455601 -2.358599177052429 0
3038 3.671568170960604 -2.570029034498526 0
3039 3.675392917219002 -2.495520902311533 0
3040 3.613018736179973 -2.454886708029518 0
3041 -0.3209140212674707 -4.440504477893782 0
3042 4.040612740272872 -1.738741627420018 0
3043 -3.169374553408395 -2.102099540061144 0
3044 3.50897096143453 -2.001745149883738 0
3045 -4.768012444337636 -1.277686499569501 0
3046 -4.698225035066228 -1.294601249253938 0
3047 -4.678954358554747 -1.362734459748259 0
3048 -4.725850725875771 -1.418547924057476 0
3049 -4.706650720175215 -1.490950017508393 0
3050 4.76799039357286 -1.27757917068412 0
3051 -0.76678242772376 -4.302317498540827 0
3052 -4.088818154640541 -2.348761554543551 0
3053 -4.150275409962278 -2.308108705242074 0
3054 -4.155188536529019 -2.381734063559742 0
3055 -4.216925746927343 -2.340777026464981 0
3056 -4.221626943660405 -2.414941642735522 0
3057 3.12233925736652 -3.137436120154053 0
3058 3.05982622734203 -3.096494417527322 0
3059 3.05561918883686 -3.171112681665605 0
3060 3.051515417319908 -3.245799778025413 0
3061 2.538560025039064 -3.141915110925476 0
3062 0.7314377281604176 -4.126668308365443 0
3063 3.115677395740442 -2.129029314389538 0
3064 -4.206813258787975 -2.194450543013697 0
3065 -4.202332216652054 -2.120773680631511 0
3066 -0.5924278922242745 -4.649330383255141 0
3067 -0.6549027507975721 -4.608268806801519 0
3068 -0.4240369211088306 -3.98518657818681 0
3069 -0.6461823593772206 -4.459091759765676 0
3070 -0.2281741428486435 -3.959028188767834 0
3071 -0.8336089771461634 -4.3358687717665 0
3072 0.939120907251527 -3.877388046178897 0
3073 -3.845725513680296 -2.586430034322353 0
3074 3.235069968020671 -3.443381903886196 0
3075 -3.204299406397443 -2.699075413432086 0
3076 -0.3166026612666479 -4.365884227208952 0
3077 -3.600967945092241 -2.82580666259872 0
3078 -3.596569093367435 -2.751093194974338 0
3079 -3.658978559368542 -2.709947787367263 0
3080 2.880771538697087 -2.824440920809138 0
3081 -3.070659445327592 -2.631843236141044 0
3082 -3.467329160833059 -2.758722826283185 0
3083 -0.1874591164342184 -4.373370851755561 0
3084 -1.499296744154134 -3.51036294033775 0
3085 -0.4674095404669997 -4.731517867822276 0
3086 -0.405132982433465 -4.77225368519935 0
3087 -0.3382174004894677 -4.73889944081464 0
3088 -0.3442390852403429 -4.810312587379512 0
3089 2.738216248007623 -2.280147271859291 0
3090 3.530026434498467 -2.786218369558855 0
3091 -3.32496757190649 -2.542248836495685 0
3092 3.185027797571992 -3.178426923937011 0
3093 3.251658336428036 -3.14469630679944 0
3094 3.297642048340092 -2.32492983166981 0
3095 -0.3877202062458782 -4.474011211645582 0
3096 -3.34672207177907 -2.915617304402391 0
3097 -3.292867411883834 -3.106106387098155 0
3098 0.6782078350525238 -3.499199571022017 0
3099 0.5360206166621656 -4.152960202060793 0
3100 -0.1336463983363778 -4.563473870327821 0
3101 2.601112404665484 -3.182932150252601 0
3102 2.471767443646574 -3.175629235039478 0
3103 2.200917977978683 -3.385679656687356 0
3104 -3.400500879967494 -2.725155055724241 0
3105 -1.721571798796746 -3.984489757796044 0
3106 -1.725904600481655 -4.059152458098966 0
3107 1.360991816677697 -4.461516122113436 0
3108 1.294133179551779 -4.495191888326731 0
3109 -1.659061638947268 -4.025584473068197 0
3110 3.263983989754565 -2.920832241447556 0
3111 -3.667742033826578 -2.859134800801378 0
3112 -3.6721412142546 -2.933883414595399 0
3113 3.089437652700509 -2.574844015863593 0
3114 1.235799954602091 -4.379549310171137 0
3115 -0.900437391443803 -4.369432650064262 0
3116 2.004543716655486 -3.41368555732686 0
3117 2.943266458174783 -2.865410101621614 0
3118 2.92641813353223 -3.163869588841461 0
3119 1.870922496471816 -3.481025903304578 0
3120 0.8061526612345894 -3.944040246076224 0
3121 -3.159214140491891 -3.038963712447093 0
3122 -3.163558359777785 -3.113634354131023 0
3123 -3.101043323390138 -3.154775272032023 0
3124 -3.167836163729306 -3.188337928132571 0
3125 -3.034207189302976 -3.12119449588627 0
3126 -3.038525538874572 -3.195893834611697 0
3127 -2.97170533452867 -3.162310344329621 0
3128 -2.976036683605774 -3.236992612315251 0
3129 -2.913548311370598 -3.27810262344937 0
3130 -2.980347318173535 -3.311691247176368 0
3131 -2.846693916945239 -3.244529531305363 0
3132 -2.851031417577373 -3.319223476477387 0
3133 -2.784191496889281 -3.28564948645449 0
3134 -2.788516524114173 -3.360338216180635 0
3135 -2.726024711023482 -3.401437679322184 0
3136 -2.792826267614819 -3.435028903710906 0
3137 -2.659170803826242 -3.3678611528516 0
3138 -2.663508490802263 -3.442552674508574 0
3139 -2.596666585872365 -3.408977651114534 0
3140 -2.600979868128319 -3.483667447575379 0
3141 -2.538469923019204 -3.524775403499834 0
3142 2.776095234889765 -3.529881799199933 0
3143 -2.471641819880259 -3.491190605068937 0
3144 -2.475960970046901 -3.565880699625957 0
3145 -2.413455481520203 -3.606989623274203 0
3146 -2.346624321604116 -3.573407206505026 0
3147 -2.350959862124796 -3.648097159842961 0
3148 -2.2884723804773 -3.689198798809292 0
3149 -2.355290220881706 -3.722773939471575 0
3150 -2.221617342818947 -3.655627137663754 0
3151 -2.225959326036895 -3.730312120539426 0
3152 -2.159111686528343 -3.696739286073495 0
3153 -2.163446448444111 -3.771427911058501 0
3154 -2.100954540418073 -3.812528546037595 0
3155 -2.16777753008611 -3.846098228557934 0
3156 -2.034097022413283 -3.778956047640952 0
3157 -2.038435272628119 -3.85363101379613 0
3158 -1.316165519911263 -3.70836547901321 0
3159 -1.253658010699013 -3.749474605869163 0
3160 -1.186678835669428 -3.715716087263566 0
3161 -1.191130131297339 -3.790562321323318 0
3162 -1.320523425314798 -3.783068992212582 0
3163 1.737230013555455 -3.548320985089267 0
3164 -1.717220780035337 -3.909808207191298 0
3165 2.984782154076552 -3.279492594805883 0
3166 -0.8292686436888932 -4.26120557094276 0
3167 -2.383020482778797 -3.084220648518718 0
3168 -2.449883948639806 -3.117793857437366 0
3169 -2.512394948693622 -3.076679943736 0
3170 -2.51675057048593 -3.151359459376984 0
3171 -2.387380921567655 -3.158901419320323 0
3172 -2.324893626488294 -3.200008097847975 0
3173 -2.508045420771412 -3.001993912989691 0
3174 -2.57490995358676 -3.035559901815006 0
3175 -2.570570840444065 -2.960893108956842 0
3176 -2.637421867445029 -2.994450352725933 0
3177 -2.69993650754074 -2.953333736904595 0
3178 1.448866000031276 -4.05453655569958 0
3179 1.511443251785872 -4.095500466329502 0
3180 1.578233568104159 -4.0617969074614 0
3181 1.444634223512124 -4.129179739666027 0
3182 1.582451527601379 -3.987138367414386 0
3183 1.645025917871797 -4.028099229931779 0
3184 1.711825332404245 -3.99440170683018 0
3185 1.716033173855151 -3.919730890124545 0
3186 1.778619134266947 -3.960713162983519 0
3187 1.845392689474545 -3.927026295198793 0
3188 1.84118028379907 -4.001678856240953 0
3189 1.849615660435585 -3.852339740549751 0
3190 1.912191392636848 -3.893327158463944 0
3191 1.916408924810464 -3.818644167394696 0
3192 1.9789952169169 -3.859623177662005 0
3193 2.045774123246106 -3.825923201609982 0
3194 2.041555501595115 -3.900579160810723 0
3195 2.049993211296963 -3.751243676589263 0
3196 2.112565698423208 -3.792217997729491 0
3197 -3.126388017582086 -3.528239650805951 0
3198 -3.131362144276456 -3.602929221734648 0
3199 -3.065205685581255 -3.643967220488255 0
3200 -3.130694587746648 -3.675292431624211 0
3201 -3.067360978133418 -3.71601107895114 0
3202 -3.199366498017142 -3.640658091898326 0
3203 -3.186791948958686 -3.715300767205371 0
3204 -3.269509308799441 -3.609733718334067 0
3205 -3.20941702943772 -3.560670019704982 0
3206 -3.282794120822398 -3.536597328900173 0
3207 -3.001853584541444 -3.684624532656594 0
3208 -3.006061747532853 -3.759226326296214 0
3209 -3.073171674752265 -3.793307202216819 0
3210 -3.003551338951429 -3.838792648624967 0
3211 -2.942139220398715 -3.800804070330409 0
3212 -3.245960276782933 -3.441850082210144 0
3213 1.602941346603045 -3.615682503705725 0
3214 -2.685119406661704 -3.81591196550672 0
3215 -2.751967982015427 -3.849485337331069 0
3216 -2.814467730397728 -3.80838073564191 0
3217 -2.818814664401265 -3.883058810148804 0
3218 -2.756316616973877 -3.924162568560748 0
3219 -2.823162732552691 -3.957735542424197 0
3220 -2.885660093021839 -3.916632073360245 0
3221 -2.759158862662723 -4.000826893223383 0
3222 -2.693568358833041 -3.96559809360226 0
3223 -2.698168443335324 -4.039942883559017 0
3224 -2.631280982060069 -4.006426137136841 0
3225 -2.634332628525429 -4.082977453739525 0
3226 -2.568596047968049 -4.047805939640827 0
3227 -2.573174697985539 -4.122150645756948 0
3228 -2.506291051279308 -4.088634035571315 0
3229 -2.510677881657609 -4.163254457597622 0
3230 -2.443826434313509 -4.129692157506751 0
3231 -2.448181145006499 -4.204358221707198 0
3232 -2.381335494672907 -4.170788891489886 0
3233 -2.439469658158492 -4.055019561613396 0
3234 -2.380265333150241 -4.248507441522932 0
3235 -2.317348138767803 -4.211533688261452 0
3236 -2.564427803385628 -3.972864006657386 0
3237 1.114888086836479 -4.223025202940944 0
3238 1.757507287308919 -4.334028509998058 0
3239 1.820082737371252 -4.375017594823334 0
3240 1.886868010621312 -4.341321826760989 0
3241 1.88265710714447 -4.416006366219789 0
3242 1.949441336101725 -4.38231086775861 0
3243 1.815334995609724 -4.448636493058508 0
3244 1.953652775247033 -4.30762657650339 0
3245 2.016225563989853 -4.348615809864133 0
3246 1.945230103012194 -4.456994915862527 0
3247 2.020437655168405 -4.273930408629274 0
3248 2.0830094939138 -4.314921052972648 0
3249 2.085393984636177 -4.388974328950733 0
3250 2.147996467701157 -4.356464500509702 0
3251 2.150195612722414 -4.281319381679699 0
3252 2.217026098860191 -4.324444226901226 0
3253 2.217420676834534 -4.247919841002004 0
3254 2.291370228400503 -4.299588218171478 0
3255 2.285537801328807 -4.21574804428376 0
3256 2.274961304195208 -4.367253082047745 0
3257 2.349022641767972 -4.255220914302906 0
3258 2.351021537284171 -4.180529070038013 0
3259 2.4151783047143 -4.22084255969971 0
3260 2.417483455316515 -4.146467187374284 0
3261 2.288084339099054 -4.139531047561249 0
3262 2.481313900040837 -4.186700230722461 0
3263 2.483709362489213 -4.112758348192288 0
3264 2.154005081853597 -4.206543732031105 0
3265 2.421234917258286 -4.07176435576789 0
3266 2.487940745789958 -4.038068778533908 0
3267 2.550128253184402 -4.078336553774157 0
3268 2.554650017075988 -4.004254257169272 0
3269 2.616302691696566 -4.043441453356945 0
3270 2.617046143211867 -4.112818485392705 0
3271 2.621317948834773 -3.970339874189596 0
3272 2.682964107915603 -4.009511267177448 0
3273 2.688057350169171 -3.936561758769188 0
3274 2.749068726761029 -3.974461862527523 0
3275 2.747578715868496 -4.038232549832341 0
3276 2.816605596671358 -3.942261101908712 0
3277 -1.779723834263646 -3.868700002223797 0
3278 1.406848540608632 -3.64216772090215 0
3279 1.402510640673362 -3.716789155380015 0
3280 -1.887348581346632 -3.48773082348295 0
3281 -2.074885860814351 -3.364389428155425 0
3282 -2.141747207512926 -3.397968407843451 0
3283 -2.204253251917835 -3.35686070749305 0
3284 -2.199920837756508 -3.282204776622026 0
3285 -2.012370159738541 -3.405503307394139 0
3286 -2.01671111109649 -3.480201017702769 0
3287 -1.400359734680325 -4.040650101333571 0
3288 -2.24761830025149 -4.103650937169858 0
3289 -2.251723374972366 -4.178266758653712 0
3290 -2.189422109919857 -4.21942370654578 0
3291 -2.255447742719401 -4.252061445092962 0
3292 -2.192485856072438 -4.292166167861394 0
3293 -2.1267369505011 -4.260212523712288 0
3294 -2.251683096849438 -4.325648909207836 0
3295 -2.130514346579267 -4.334004524181088 0
3296 -2.064295895395913 -4.301386253857534 0
3297 -2.067817464786507 -4.37480052655135 0
3298 -1.9542003150934 -3.521312937449366 0
3299 -2.872623804151554 -3.69259444748296 0
3300 -2.810122256819134 -3.733700030553815 0
3301 -2.876690928446236 -3.767266583835222 0
3302 -0.6999589949854065 -4.268776200428825 0
3303 -0.637505011661524 -4.309816306952316 0
3304 -2.001774988058934 -4.342450959570931 0
3305 -2.006319001553119 -4.41742132797228 0
3306 -1.939441346681959 -4.383800915998756 0
3307 -1.944562893864247 -4.466063659696831 0
3308 -1.876978026743082 -4.424952940851767 0
3309 -1.87262006614938 -4.35027006514815 0
3310 -1.810127810766358 -4.391380844125592 0
3311 -1.813645680525238 -4.464786208643837 0
3312 -1.746628421715561 -4.433996611920204 0
3313 -1.751462393250555 -4.508104542570998 0
3314 -1.824500085071352 -4.532527145581817 0
3315 -1.764249158693689 -4.57702319045072 0
3316 -1.690195846573889 -4.558133109672271 0
3317 -1.629980525621695 -4.606144335858655 0
3318 -1.622817047304742 -4.527225048562922 0
3319 -1.683295974152152 -4.480219673866319 0
3320 -1.55600669295448 -4.484956879585142 0
3321 -1.805774340093619 -4.316705852688418 0
3322 1.878446865637464 -4.490689954698468 0
3323 2.116781708061861 -3.717545336726678 0
3324 2.179362135181107 -3.758522031689069 0
3325 2.246141257014732 -3.724820824543208 0
3326 2.241921721716661 -3.799470240448819 0
3327 2.015104536245435 -4.422808943132272 0
3328 2.521680726229475 -3.440658046707256 0
3329 1.753205749802891 -4.408536498615244 0
3330 1.748199729099176 -4.48165085084247 0
3331 1.340018110742278 -3.675808556842604 0
3332 1.335619298722813 -3.750314600782172 0
3333 1.268780243474061 -3.783931960518748 0
3334 1.331597933520089 -3.824266730462679 0
3335 -2.372620192302099 -4.021440368425012 0
3336 1.481941116563106 -4.618181720850966 0
3337 2.091438470672965 -4.165542369942919 0
3338 -2.880539023786645 -3.841258302304361 0
3339 2.2250912670156 -4.098216638792143 0
3340 -2.060083745419977 -4.226916560404558 0
3341 2.425374808971995 -3.997068262735484 0
3342 -1.971584894800771 -3.820059729587489 0
3343 1.957865616267741 -4.232939255091647 0
3344 3.101477618265952 -3.510767529955361 0
3345 3.168236354847507 -3.47707344814114 0
3346 -2.69560875815838 -2.878683675832115 0
3347 -2.762447547805588 -2.912219464225482 0
3348 2.291889193369804 -4.064532784685065 0
3349 2.25035567953497 -3.650147213444733 0
3350 2.312926851798089 -3.691129986030607 0
3351 2.379705212854955 -3.657420400161202 0
3352 -3.124389497880195 -2.441431080902846 0
3353 -0.7407988611181643 -3.854440456798136 0
3354 -0.8076169845356185 -3.888007368368381 0
3355 -0.745132027538713 -3.929100332419734 0
3356 -1.679915470016155 -4.401309811267484 0
3357 -0.6826290179450548 -3.970178119839866 0
3358 -1.159084224549018 -4.354365328678456 0
3359 2.475993643079764 -3.100951741318434 0
3360 1.68606329747427 -4.4415338040481 0
3361 1.744865106054688 -4.55808646978825 0
3362 2.558882256988746 -3.929603777906987 0
3363 -1.592213037088676 -3.992016820319631 0
3364 2.842867658512434 -3.496195008413946 0
3365 -2.689427389832279 -3.890645390688626 0
3366 -2.758109920663527 -2.837554125840929 0
3367 -2.829297781836589 -2.945782827713823 0
3368 -2.997727146215924 -3.61031181848486 0
3369 2.354714891773212 -4.105596812711817 0
3370 -1.212873684171991 -4.163950829132848 0
3371 2.383918660806034 -3.582744088168326 0
3372 2.892722006862796 -3.761026620004387 0
3373 2.961273182952934 -3.796734811974555 0
3374 0.1953000274573506 -4.469739186760181 0
3375 0.1329852588716631 -4.428883027284709 0
3376 -1.824834882004502 -3.528843148701482 0
3377 -3.372690092959983 -3.36361778173116 0
3378 -3.377433510397678 -3.437508178830453 0
3379 -3.441488602001417 -3.471648345373587 0
3380 -3.367653436531097 -3.520367542413715 0
3381 -1.221573596875145 -4.31326791877428 0
3382 2.221393809437443 -4.173300738024017 0
3383 -3.279871286518992 -2.882063240043903 0
3384 -0.9368395978315576 -3.88040493531097 0
3385 -3.489104167175845 -3.132067578247141 0
3386 -1.426208192793918 -4.488747180354954 0
3387 -3.172132239419605 -3.263042376893021 0
3388 2.087289859411257 -4.24024941138012 0
3389 2.571571982158263 -3.705629615325434 0
3390 -2.12256480054335 -4.185797124486615 0
3391 1.206352681660156 -3.743062418633909 0
3392 1.480178167991321 -3.460254995378791 0
3393 -2.18994025670136 -3.058441502327958 0
3394 -1.234618747258473 -4.537271241534823 0
3395 -1.637326571454183 -3.652192176024351 0
3396 -1.288414326686448 -4.346833286250335 0
3397 -1.042746392643313 -4.585814810001405 0
3398 1.89107970657639 -4.266636071157441 0
3399 2.404987597143978 -3.209326080629482 0
3400 -1.859582303045755 -4.126262831044299 0
3401 -3.0211586509785 -2.897128054927059 0
3402 1.569785806312967 -4.211072387381011 0
3403 2.692442703449045 -3.862213844076513 0
3404 -1.605234807097093 -4.216010049720484 0
3405 1.703361274031352 -4.143678075571199 0
3406 -2.672097133205464 -3.591899784227837 0
3407 -2.708624535512404 -3.102682356454514 0
3408 -1.833529579506822 -3.678221068924594 0
3409 -2.939082136714833 -3.726000750784144 0
3410 2.43801719275903 -3.773020222599347 0
3411 -2.547076495834884 -3.674090156178351 0
3412 -1.480244084586097 -4.298216712531605 0
3413 -2.39609159652322 -3.308238871784507 0
3414 -2.306195956273022 -2.903751783289575 0
3415 -1.337863196948474 -4.081752626498859 0
3416 -1.933048846749318 -3.215822758269364 0
3417 -3.69917803299747 -3.160634863419512 0
3418 -3.689636230044654 -3.232758831806405 0
3419 1.728543010525668 -3.696127825353216 0
3420 -1.748386990902174 -3.347491147788888 0
3421 -2.365776182583099 -2.854111908196014 0
3422 -2.560112429696809 -3.898134277317416 0
3423 2.638342978681367 -3.671935015931615 0
3424 -1.628569554017222 -3.502720032177537 0
3425 -1.870931715302073 -3.268966263457199 0
3426 -3.60968746634482 -2.97512925105598 0
3427 -2.500741214142726 -2.779337909587806 0
3428 1.862251091939563 -3.628253012167932 0
3429 -1.038443949293096 -4.511215259250356 0
3430 1.557103730875698 -4.435037505215464 0
3431 -2.626905798502889 -3.931781112807798 0
3432 1.995833931226691 -3.560859095009195 0
3433 1.048088767918493 -4.256680908198791 0
3434 1.110633230158292 -4.297666048100423 0
3435 -1.19983236209876 -3.939948586165535 0
3436 -1.641675621387877 -3.726877966261736 0
3437 1.139518255918105 -3.77667454228902 0
3438 1.287432957423394 -3.489076068094731 0
3439 -1.240619256160883 -3.525428950724349 0
3440 3.038949817933769 -3.469793588078244 0
3441 2.963468434799367 -3.652209171046862 0
3442 1.879248443741466 -3.259044718316181 0
3443 0.06210493300642423 -4.536997733917883 0
3444 1.436198742086343 -4.278471725602786 0
3445 2.83022372092674 -3.720180503104679 0
3446 -2.501919573897485 -4.013980977265948 0
3447 2.588449640413538 -3.406956899644377 0
3448 -0.9455351418345911 -4.029694028337291 0
3449 -1.475893234693147 -4.223527185970708 0
3450 2.129585597082927 -3.493763698791524 0
3451 3.081724798972223 -3.742344584165549 0
3452 3.153851828031689 -3.777270321293795 0
3453 3.031603388962896 -3.804064260657858 0
3454 3.044485719970896 -3.873506578401002 0
3455 -1.238657462653285 -4.611472444484738 0
3456 -1.124226762179871 -3.756909966457295 0
3457 -1.083547865753252 -4.171479035686088 0
3458 -3.083662985259763 -2.85601950027698 0
3459 3.301832450676399 -3.409660043336316 0
3460 3.368587168257334 -3.375996665694545 0
3461 3.429132274531125 -3.412495002402277 0
3462 3.434911127240614 -3.341443014672123 0
3463 -1.154733418024919 -4.279702913020517 0
3464 -0.891751209596683 -4.220105223666067 0
3465 -2.435110097963051 -3.980348579375736 0
3466 -1.896035392868033 -3.637112136894093 0
3467 -0.2087755024002486 -4.745913853529192 0
3468 -2.949960063242179 -2.78886605203069 0
3469 1.623843661072706 -4.401250604216672 0
3470 2.32983118220015 -3.392393866581245 0
3471 2.721983449081217 -3.339583468298686 0
3472 -0.379072622259063 -4.324784944936829 0
3473 -1.092245961698845 -4.320801190246311 0
3474 -0.3034554807449323 -4.141770252658815 0
3475 -1.137339185323015 -3.981053079292912 0
3476 1.150909949473073 -3.557881986561267 0
3477 -3.73908641232226 -2.967571054792757 0
3478 -3.807021417178605 -3.003417127398021 0
3479 -3.801664068844911 -3.080358605310892 0
3480 -3.871638883734708 -2.966079596220203 0
3481 -2.37698245669985 -4.096115487695787 0
3482 -0.9134772960168888 -4.593413623118186 0
3483 -1.935082906137042 -4.309115313322932 0
3484 -1.240435151757522 -4.685075336824144 0
3485 -1.245169951070954 -4.756020588575241 0
3486 -2.31418679478267 -4.137150448764146 0
3487 -0.8379529290122095 -4.410532386681593 0
3488 2.409205342671151 -3.134638186771546 0
3489 -3.857865585841959 -0.7155450799691684 0
3490 -2.874433919359019 -2.6059197992627 0
3491 3.648037521226705 -3.017397193579842 0
3492 3.714628024637123 -2.983751645912408 0
3493 3.773869619716406 -3.021518519030945 0
3494 3.78147838176338 -2.950009061847783 0
3495 3.717728211673792 -2.908978573718981 0
3496 3.784497985408183 -2.874877553967183 0
3497 3.847409983811341 -2.914622603663822 0
3498 3.850800238743088 -2.840383235455818 0
3499 3.912483289185826 -2.879694931898276 0
3500 3.915378961686862 -2.803988530779261 0
3501 3.904438940207065 -2.957744065598826 0
3502 2.467547826824931 -3.250320086155064 0
3503 -1.237140522722314 -3.452229277883567 0
3504 2.847080400781492 -3.421532162960173 0
3505 -0.7537670174297495 -4.078349788949547 0
3506 0.7585599240419898 -3.682438738851848 0
3507 3.338930221300607 -2.738112073134329 0
3508 -0.5707196058722188 -4.276205998435376 0
3509 1.201944214007489 -3.817542431048752 0
3510 3.10570188484973 -3.436102726806696 0
3511 -2.811928977157969 -2.64702976489021 0
3512 -0.7947274098778663 -4.748690328284788 0
3513 2.859690717235056 -3.19756206890159 0
3514 2.354043252299084 -2.944219021563595 0
3515 1.231531282696144 -4.454200047080306 0
3516 -2.928249443042588 -2.415466160150293 0
3517 0.9434346865053458 -3.802921611606418 0
3518 -1.891691101492205 -3.562422549177532 0
3519 -0.6628543841304487 -4.833028914259305 0
3520 1.093691215570651 -4.5961528011698 0
3521 -0.8787178768479553 -3.996162718514729 0
3522 -0.4631460030744384 -4.656826258172022 0
3523 3.239237332046556 -3.368718803974878 0
3524 -2.745060231246545 -2.613875934073524 0
3525 -0.4327596351155112 -4.134424918214419 0
3526 -0.2498838223243572 -4.332294606878905 0
3527 -0.3252672456473021 -4.515086471304612 0
3528 2.780316797001176 -3.455216156668566 0
3529 -0.615816438472622 -3.936619522154365 0
3530 3.372658165244911 -3.301203674345144 0
3531 -0.624496399972181 -4.085888037154941 0
3532 0.008232382046457976 -4.347151467123792 0
3533 3.0640403197724 -3.021892108640859 0
3534 -0.120768376049735 -4.339791026614847 0
3535 -2.954308530464434 -2.863549978029058 0
3536 -1.132992387667397 -3.906381204321796 0
3537 2.958327121146188 -3.7221734078278 0
3538 -2.675548229408629 -2.582143717445503 0
3539 3.201577174409304 -2.879980298295636 0
3540 0.9686429774615912 -4.514184566951695 0
3541 -0.9802481940010477 -4.626892214951784 0
3542 2.805585949145464 -3.007327838998537 0
3543 0.2618798258103512 -4.436144602093809 0
3544 -2.021051205605274 -3.554893004113114 0
3545 -0.3435307678051661 -3.656296041653891 0
3546 3.546680075197265 -2.488544389135617 0
3547 -2.891800877192139 -2.904664873757804 0
3548 -2.583612500182551 -3.184916425949999 0
3549 -1.150384380447509 -4.205044396578034 0
3550 2.688958320557157 -2.776107336316445 0
3551 -2.833641581460462 -3.020466884936348 0
3552 -2.083559178948985 -3.513780192931638 0
3553 0.6690590807741437 -4.085827341996886 0
3554 -3.413563063851023 -2.949172048401318 0
3555 -2.896148631917231 -2.979356480773133 0
3556 -2.079216176580891 -3.439085193152242 0
3557 0.2493467466741906 -4.659589439266384 0
3558 0.2451967774405836 -4.734129954021106 0
3559 0.1785696286380164 -4.767802731933067 0
3560 0.2400402428676418 -4.806686382220805 0
3561 0.30752380160459 -4.774681120937477 0
3562 0.1694203001284785 -4.834243058712812 0
3563 0.2990415281248939 -4.859987354714543 0
3564 0.3692926276522873 -4.817355514924493 0
3565 0.3660764035090631 -4.890489669291796 0
3566 -0.9857780600004615 -4.698874103653813 0
3567 -2.917876996140346 -3.352784635897098 0
3568 -0.01701200962739435 -4.793978352044707 0
3569 0.04424548669651637 -4.837557629850883 0
3570 -3.355380617968827 -3.064997270627054 0
3571 -1.257992759919061 -3.824163753314397 0
3572 -1.195488395349751 -3.865267989212856 0
3573 2.636245068347833 -2.588311385621832 0
3574 -2.766789388161968 -2.986896268904487 0
3575 -1.217220990788321 -4.238608058285243 0
3576 -3.351062339339752 -2.990300303079341 0
3577 -2.208576773708162 -3.431566888815412 0
3578 -3.521034619358863 -2.568279520411714 0
3579 0.8267341439210291 -4.73067604163445 0
3580 0.7529146706744161 -4.756891554257662 0
3581 -2.271082218915275 -3.390459052966842 0
3582 -1.387372188118569 -3.816631950001987 0
3583 1.289753432415124 -4.569843888704353 0
3584 3.147598690600801 -2.690064376271417 0
3585 2.717766174747425 -3.414240603936483 0
3586 1.17744782079388 -4.26397445779198 0
3587 3.009974218670203 -2.831784751288391 0
3588 3.572896473344558 -3.200312488763305 0
3589 3.567731013330104 -3.274884426059706 0
3590 -2.704280218104851 -3.028008473462409 0
3591 0.1161021199861851 -4.72691033168017 0
3592 -2.266747521509591 -3.315777134046604 0
3593 -1.279706425531555 -4.197508755783633 0
3594 -0.4778267217271708 -3.794880701461897 0
3595 3.359939139847978 -2.36604993183704 0
3596 0.3740777435333372 -4.741506573450339 0
3597 3.467645783237559 -2.745332967992157 0
3598 -2.924393716107745 -2.341186762357255 0
3599 0.7104043397509654 -4.498917062950499 0
3600 3.439374569701059 -3.267486076573853 0
3601 -0.5403135383805349 -3.753772581371647 0
3602 0.5736218210135015 -4.786522850170368 0
3603 0.5085060221717677 -4.834002750619806 0
3604 -2.641769583962446 -3.069122019245942 0
3605 -2.579260622582209 -3.110238460879676 0
3606 -2.730344058385697 -3.476115591756228 0
3607 -1.342200287440142 -4.156407495065329 0
3608 0.3159349166221912 -4.625941839600763 0
3609 -1.324845375190691 -3.857738659631758 0
3610 0.8521313762036519 -4.282970502682827 0
3611 2.74306447776081 -2.966358204284165 0
3612 -3.921629048998911 -2.768870824510837 0
3613 2.997334115353104 -3.055560417757158 0
3614 -1.404694993660597 -4.115308373721996 0
3615 0.9019175529534897 -4.547802572468742 0
3616 1.244271564850583 -4.230234767641551 0
3617 0.2661237240916952 -4.361743406120709 0
3618 -3.048906154730629 -2.258688181882511 0
3619 -1.471540889578193 -4.148877025967484 0
3620 -1.45418443707854 -3.850217751381479 0
3621 -2.521110645823477 -3.226031303684397 0
3622 -2.454247429145182 -3.192463021812361 0
3623 -0.6869630965817279 -4.044808339247663 0
3624 3.409646925335523 -2.630048946498172 0
3625 2.650996754073484 -3.447925771290598 0
3626 -1.538393536783704 -4.182440169141291 0
3627 -2.292822270910404 -3.763859810704759 0
3628 -1.6008957952809 -4.141343969860862 0
3629 -2.391754515642185 -3.233570761374243 0
3630 -0.5358496042000116 -3.679184020964912 0
3631 0.9938089822339823 -4.066642032172506 0
3632 2.667877732399901 -3.149290616336465 0
3633 3.725648596711159 -2.759771933534563 0
3634 2.947536827288758 -2.790888474199442 0
3635 3.039152284320741 -2.310375301537327 0
3636 -2.329248234048094 -3.274680929495746 0
3637 3.093628185714499 -2.500315156350142 0
3638 0.2349744210741148 -3.797694116135677 0
3639 2.672105452750863 -3.074648835610002 0
3640 -1.984592081928948 -4.044070675327029 0
3641 -1.917756279071914 -4.010504380002586 0
3642 3.35573462834665 -2.440492816838877 0
3643 -1.7927394591852 -4.092709951805173 0
3644 -2.105266117258206 -3.887201252213117 0
3645 -1.730237945394311 -4.133804523307692 0
3646 -1.663401405989398 -4.100242815953142 0
3647 0.1119312336290238 -4.801473924299847 0
3648 0.927177726776842 -4.100201707974358 0
3649 1.043841702636394 -4.33130102044719 0
3650 -1.855250971426313 -4.051605745006972 0
3651 3.218435187672073 -2.582003641609802 0
3652 2.993125727537685 -3.130181332763176 0
3653 2.98894891066221 -3.204830286029881 0
3654 -1.566075642891244 -3.543835444142753 0
3655 2.584233177696268 -3.481616887746885 0
3656 3.534263218130125 -2.711733338413943 0
3657 -2.047095426619706 -4.002971645733232 0
3658 -2.042763692588043 -3.928302577970849 0
3659 -1.516688065971856 -3.809115117112137 0
3660 2.580019058398189 -3.556288936870875 0
3661 0.4613977724193252 -4.335394395352006 0
3662 3.42634745465117 -2.332526795022392 0
3663 -1.512351511566299 -3.734432659553907 0
3664 2.575813167026894 -3.630955661194055 0
3665 -1.436811711792576 -3.551477583059304 0
3666 -1.574844132970739 -3.69332803587889 0
3667 3.792135798484542 -2.725962718599753 0
3668 -2.172100142675896 -3.920768350295091 0
3669 2.509031361944079 -3.664656767939073 0
3670 0.9644294850797903 -4.588782690506832 0
3671 0.1571691004752907 -3.981230693715769 0
3672 1.248488843346934 -4.155584762753095 0
3673 3.924980851300462 -2.658654977533659 0
3674 3.987425365223393 -2.699465316093005 0
3675 4.053108088440924 -2.660662251748925 0
3676 4.053399124612799 -2.732952357456528 0
3677 4.116622543616131 -2.616489433285657 0
3678 -0.7494371640726037 -4.003725235223147 0
3679 -3.81076641120994 -1.41274653616119 0
3680 -1.57048323387355 -3.618607835257164 0
3681 -2.262414557526508 -3.241120280134429 0
3682 2.237691614523521 -3.874124063493556 0
3683 -2.234603554474063 -3.879667422931981 0
3684 3.305930551836513 -2.175855370807781 0
3685 2.442255074007744 -3.698348619414386 0
3686 2.551160091211085 -2.917951112228347 0
3687 0.5155711333757094 -4.525036253374935 0
3688 -2.359605868247764 -3.797457297897589 0
3689 -2.189006948622547 -2.814993832636445 0
3690 -0.5750623370349011 -4.350840617489829 0
3691 -2.258064296355329 -3.166448557892597 0
3692 -2.920854479269762 -2.266557953908632 0
3693 1.90374440870364 -4.042634236664084 0
3694 1.907976880163784 -3.967977698872911 0
3695 1.106387330076315 -4.372266522446332 0
3696 -2.422104830350233 -3.756346266247296 0
3697 -2.192303699960082 -3.133773824923363 0
3698 -0.641856015916882 -4.384444971356849 0
3699 -2.230285879802633 -3.80498555677055 0
3700 2.375475435836095 -3.732053709554366 0
3701 0.4947480674635608 -3.739393388945017 0
3702 -1.433170616313215 -3.476058151048497 0
3703 -2.48026260495294 -3.640568750468264 0
3704 3.711925218924826 -0.6743619107307433 0
3705 2.308693392035549 -3.765760443768875 0
3706 -2.982934131785819 -2.225193758028216 0
3707 -2.911978797935413 -2.180315683729695 0
3708 -2.417766943562992 -3.681674783486209 0
3709 2.67631829223191 -3.000001473757863 0
3710 0.3519151359440672 -3.954998860825847 0
3711 2.037319162801984 -3.975246350483367 0
3712 2.622211396287519 -2.809739524978527 0
3713 2.108333900768752 -3.866873562161493 0
3714 1.315276847269681 -4.121894179247396 0
3715 1.026785375903398 -4.629453234775216 0
3716 2.175126038424095 -3.833171527909214 0
3717 0.3117586326311117 -4.700442059285659 0
3718 -0.8119200866281899 -3.962633771792078 0
3719 1.377832740293909 -4.162852593660405 0
3720 -4.03182664061838 -2.463327469970869 0
3721 -2.797123122040485 -3.509717593842806 0
3722 3.617005966934068 -2.380675751258557 0
3723 2.104102646208962 -3.94153710677385 0
3724 -2.605270893643349 -3.55835721717639 0
3725 4.749068822398673 -0.6470207905426937 0
3726 1.440421062934063 -4.203816821627575 0
3727 1.83696187024933 -4.076331907935912 0
3728 4.128310076979187 -2.48198459863566 0
3729 2.976281320361597 -2.270715780801007 0
3730 1.707605652814697 -4.069045337088926 0
3731 -2.54276809405002 -3.599459833922699 0
3732 1.574021850831994 -4.136440267731582 0
3733 1.640805753574139 -4.102739062381684 0
3734 1.774407706722793 -4.035358874390644 0
3735 1.974761305997864 -3.934281236786676 0
3736 2.30446569374871 -3.840424536244256 0
3737 1.507216311084064 -4.170131584093806 0
3738 -3.672648439822718 -0.694556106374915 0
3739 -3.359665688372493 -3.139714672074141 0
3740 3.687220235278052 -2.273160019552833 0
3741 3.501539443587827 -3.307987053452256 0
3742 3.557518481436204 -3.351169789831288 0
3743 1.173207959051873 -4.338597629239773 0
3744 -0.5837344056354749 -4.500081831117781 0
3745 3.185810751978515 -2.021146116996003 0
3746 -3.066283941414726 -2.557177607711038 0
3747 -3.230356510439425 -3.147222334485973 0
3748 3.804341021929635 -2.502740653290516 0
3749 3.584128041121322 -2.976149007026946 0
3750 -0.09923651260005519 -3.966595748120052 0
3751 -2.984633083997911 -3.386405610380236 0
3752 -2.859625853880728 -3.468611300907879 0
3753 0.09099159664619863 -4.014516646865574 0
3754 1.089290564971336 -4.67077526397035 0
3755 -3.234652519009081 -3.221917926719509 0
3756 0.1995518466438496 -4.395321746627809 0
3757 -2.66780300364313 -3.517230976913543 0
3758 3.255689180642957 -3.070065362107457 0
3759 -3.047133781240228 -3.345275604495309 0
3760 0.6566031305951463 -4.3090849069994 0
3761 -3.105331378583615 -3.229459921478288 0
3762 0.1371707555381367 -4.354410862761155 0
3763 -3.042832428104764 -3.270570709564914 0
3764 -0.7173860821789799 -4.567272417737145 0
3765 -2.855335778310066 -3.393912771803164 0
3766 0.4572490623127064 -4.409795084119925 0
3767 0.6105737269474055 -3.970416494830933 0
3768 -0.8743829845221903 -3.921538796248498 0
3769 -3.529231275378681 -1.512910016328257 0
3770 -3.12874261561979 -2.516048280625204 0
3771 3.384670176015296 -1.919500854278846 0
3772 2.613753841482624 -2.958990004440906 0
3773 -0.8700321569916349 -3.846898724012093 0
3774 0.07062648457275221 -4.388027692251242 0
3775 -3.654512669629032 -2.635220563724405 0
3776 -4.258351115240208 -2.006497329228402 0
3777 -4.263339880964967 -2.079825285999145 0
3778 0.6066616543152548 -4.044977940411107 0
3779 -0.8656899669368806 -3.772267242505132 0
3780 -0.6505378900024277 -4.533684502562691 0
3781 0.440787982241643 -4.707701741651329 0
3782 4.493532495784271 -1.61527336954717 0
3783 2.826732585542686 -2.634317045192887 0
3784 -0.9281341891782523 -3.731135476005682 0
3785 -3.907828382911211 -2.545394872199731 0
3786 -0.9237318545997405 -3.657601071569636 0
3787 3.301767118944131 -2.250347579797792 0
3788 1.194062366833525 -3.965836816620873 0
3789 3.567508884577251 -2.117987476961428 0
3790 0.08255476881399401 -4.163225389134412 0
3791 3.151832967386186 -2.615634253862981 0
3792 -0.2046310080064296 -4.671583774802773 0
3793 -3.421479673033168 -2.01309971603116 0
3794 0.4531260003941404 -4.484215037184567 0
3795 -0.07123906334750757 -4.604319611672139 0
3796 -0.6653203046385892 -3.671719198783713 0
3797 3.571280345925655 -2.043361854451533 0
3798 2.559713103931508 -2.768803091803775 0
3799 2.897940135595075 -2.526724432366898 0
3800 3.268941789200806 -1.763835689422986 0
3801 0.6804530638040158 -3.86228080972089 0
3802 2.498578145710413 -2.730234780104994 0
3803 0.718948222751457 -4.349925295345804 0
3804 -3.31138311278137 -2.317819565917903 0
3805 3.496805748425711 -2.224702201637483 0
3806 2.837672530765722 -2.489191672225738 0
3807 0.4376227214988658 -4.78354891017442 0
3808 -0.2758382863149481 -4.778991354638101 0
3809 -0.2854725910111373 -4.85925203031078 0
3810 3.405439783481699 -2.704447485999989 0
3811 -0.1379219024987569 -4.63796502173631 0
3812 3.683125122001091 -2.347160770364538 0
3813 0.581828065182843 -4.49134053247319 0
3814 0.4185092726043518 -3.921755621340087 0
3815 -4.09355965437218 -2.42231949539589 0
3816 3.08521604682659 -2.649275710360882 0
3817 3.87804049750472 -2.320736089754842 0
3818 -0.06699245221755415 -4.5298704780894 0
3819 -4.445157838886529 -1.956084226615517 0
3820 0.5476151967249352 -3.92951607437476 0
3821 3.894636266636088 -2.024509281692209 0
3822 -4.765627822286012 -0.6593313830507257 0
3823 -4.83282574039853 -0.6235587814368156 0
3824 -4.826962404263737 -0.5517815910795698 0
3825 3.941717634544588 -2.361396501725118 0
3826 -4.165049232050598 -1.546798164918444 0
3827 3.018513747579104 -2.682910332364796 0
3828 3.274131841832302 -1.617177078411501 0
3829 0.2112984993180723 -4.170918695513869 0
3830 -0.00025250773892075 -4.496212225856938 0
3831 0.06641561754857886 -4.462513483196333 0
3832 1.39450280483327 -3.864822498914523 0
3833 -3.725684963579878 -2.743124677163791 0
3834 4.110775721490582 -1.564161247871138 0
3835 3.401197526279856 -2.778965019850892 0
3836 0.743438828994252 -3.903197318673627 0
3837 3.761140795071938 -2.092145344054194 0
3838 0.02931985030643761 -3.974058145699675 0
3839 -3.33810120100306 -1.486853544983223 0
3840 3.839910556677385 -0.5414895728182059 0
3841 3.836959475621069 -0.6108412872946893 0
3842 3.203580331250857 -1.722855574242876 0
3843 4.01036387009531 -2.253527205948834 0
3844 3.396964916117548 -2.853471379867184 0
3845 2.951887463695273 -2.716505527564556 0
3846 3.788158069262978 -2.800268160428357 0
3847 4.074782595950617 -2.294219940584942 0
3848 3.3304717727547 -2.887091640015656 0
3849 -4.115231220218698 -1.726148799446305 0
3850 -3.663322588739089 -2.784440138342447 0
3851 -3.285764595195783 -1.874185042970066 0
3852 4.274979200096255 -0.3174504720173103 0
3853 -3.984470286296262 -1.593553717673991 0
3854 3.322031030343454 -3.03640708824113 0
3855 0.8100408566066434 -3.869751575144106 0
3856 -4.391026674047676 -0.3151753489306092 0
3857 4.221239708051414 -1.930875654847451 0
3858 -3.734769810639667 -2.893007239706945 0
3859 0.7146901445249855 -4.424486562282675 0
3860 3.647143818342846 -0.7813310327475401 0
3861 1.594917594492405 -3.763744585576078 0
3862 2.889395152872909 -2.675507422982952 0
3863 4.829817047676957 -0.4009911548693716 0
3864 4.895547804729509 -0.368702355591509 0
3865 3.979684301646064 -0.3258402578261426 0
3866 3.326243702708513 -2.961733883698933 0
3867 -3.672807053377927 -1.860496285097141 0
3868 -0.6592573997344624 -3.601218931072758 0
3869 4.143017791374792 -2.186226630650821 0
3870 -3.661449355486058 -1.648481015356793 0
3871 -3.426065470945334 -2.087054650233313 0
3872 3.679167672908518 -2.4212766567322 0
3873 4.834636655244808 -0.4767041241162807 0
3874 3.384697323034065 -3.077264449927636 0
3875 4.84652451137043 -0.2505742974299741 0
3876 -4.704805943363473 -0.203903655652396 0
3877 -4.844963732000106 -0.2634515401732417 0
3878 3.194288212926948 -1.863235522573589 0
3879 3.984064110189801 -2.768803037151361 0
3880 4.034696692442338 -0.3765950859583165 0
3881 -3.727031466736891 -0.5854545446329577 0
3882 -3.773849790843739 -0.1858541879176747 0
3883 4.691017308958576 -0.6059628075804857 0
3884 -2.871389956205413 -4.014205341937613 0
3885 0.8726448657702633 -3.910618093780885 0
3886 4.415054966293842 -1.686710565243102 0
3887 -3.589558933820848 -1.474659410324023 0
3888 -3.844138106285224 -0.4394373479264557 0
3889 4.496816276566203 -2.043208470765423 0
3890 3.981311565302545 -1.699396984654639 0
3891 -4.301354823478598 -1.749444333226846 0
3892 3.774112902091887 -1.871590439528653 0
3893 0.02490339064725983 -4.04803491079173 0
3894 3.741704239426602 -2.462023676472362 0
3895 -3.659907999943023 -0.4111178827824012 0
3896 -4.151967868714455 -0.4639832392627163 0
3897 -4.581679047305872 -1.838630806006022 0
3898 -4.553050260789169 -1.906683628444464 0
3899 4.644040825146059 -0.4232956634318431 0
3900 0.935159462156218 -3.951571351833976 0
3901 -4.192615686173481 -0.1331726709034523 0
3902 -4.268045443121506 -0.3195006089969278 0
3903 -4.896181302652916 -0.5542729735128852 0
3904 4.169282047514896 -0.1322340205012275 0
3905 3.928979189655887 -1.518603212864989 0
3906 -4.365911667200029 -1.78023459085304 0
3907 -4.331498176660977 -0.5598721311182531 0
3908 3.633642281816467 -3.325576999414839 0
3909 -4.083567800219805 -0.2898752923696302 0
3910 -4.145636267545465 -2.23475387431755 0
3911 0.6440333783279533 -4.53234268600998 0
3912 0.02065289375542617 -4.12236119029907 0
3913 -3.842103720302335 -0.3671031929022787 0
3914 2.263374925061104 -3.426851862710372 0
3915 2.267456255381275 -3.351650931897634 0
3916 -4.217741871626244 -0.627039817537839 0
3917 0.997588441435423 -3.992449545639218 0
3918 -3.990440458589319 -2.800626635981078 0
3919 3.854312884941733 -2.765860307974299 0
3920 2.079694797834688 -3.230255881403974 0
3921 -3.562273088796425 -1.04807137328482 0
3922 4.565884750651817 -1.711358845579581 0
3923 4.431206332699549 -2.174937095008897 0
3924 -3.575943516533713 -1.191803814586431 0
3925 0.6399546367082309 -4.606787570753372 0
3926 -4.455357892730403 -0.2775440746391328 0
3927 3.904184436751256 -0.5079289364553454 0
3928 3.896865095720643 -0.6452554394171937 0
3929 1.064523057938122 -3.958967627858591 0
3930 2.214319575380436 -3.162532619156587 0
3931 2.103536233459365 -4.459531465237281 0
3932 0.7021922294211114 -4.647978331952309 0
3933 -2.74993616863449 -4.093263574526448 0
3934 1.127311505079422 -3.999513854929718 0
3935 -1.492382369549601 -4.525756054416068 0
3936 0.04008199283738724 -4.920597966990147 0
3937 0.1885814148497219 -4.936722071831197 0
3938 1.062238367442399 -4.81684228187173 0
3939 -0.3307251799638836 -4.925589231714175 0
3940 0.5526775795127988 -4.90514917399793 0
3941 -3.612489446475296 -0.8029546528331922 0
3942 -2.623878876498992 -4.175879327086545 0
3943 -4.159477767943785 -2.454447518620373 0
3944 -4.22210873845598 -2.48354171354265 0
3945 -3.525283592926105 -1.441243238286396 0
3946 -0.1847601418366678 -4.934117473507254 0
3947 -0.1118094266632937 -4.936980040208188 0
3948 -4.52916651364721 -1.521057868786069 0
3949 -4.417692336241156 -1.669635727908669 0
3950 0.6988012482657389 -4.88685331363071 0
3951 0.6485811868743521 -4.825755220846467 0
3952 -4.365308706615599 -2.305215924932549 0
3953 -4.285456571113795 -2.305429440866741 0
3954 4.366791942369294 -2.303908289594603 0
3955 3.2207087044323 -3.736551646234376 0
3956 0.7758738193857818 -4.873936825266295 0
3957 -4.287910223848822 -2.441640285910085 0
3958 1.197856340660358 -3.891606942552076 0
3959 0.6973559705530766 -4.721082953309722 0
3960 0.9187548989631134 -4.849997423953977 0
3961 1.572003368396956 -4.686523558405131 0
3962 -0.8452074368020163 -4.864810288753109 0
3963 -0.9170820889497411 -4.852569334954692 0
3964 -1.562475604038983 -4.6892143735337 0
3965 3.742259886614197 -3.217826007734863 0
3966 -2.111961392831341 -4.464820992085318 0
3967 -1.421935657536748 -4.725802302429925 0
3968 4.25640059890869 -2.493365894764347 0
3969 2.436048798538668 -4.29320476763337 0
3970 -4.180853872521667 -2.630186698707996 0
3971 1.416717010529649 -4.726971609824601 0
3972 3.492838182633526 -3.493266335110453 0
3973 3.84033016963664 -3.107058012825733 0
3974 -3.593266292395607 -3.384431751209277 0
3975 2.929110637442481 -3.96162541826974 0
3976 -1.061128212584902 -4.808553100841387 0
3977 1.281198911783186 -4.714251160236506 0
3978 3.828293131061614 -2.058281599580877 0
3979 1.264909437490533 -3.858058191770589 0
3980 4.545297045771738 -1.481883051837416 0
3981 4.677471868877912 -1.347548001337133 0
3982 1.327715720403465 -3.898502718569008 0
3983 4.649042591779101 -0.3505187195571189 0
3984 -4.596437859022925 -1.123210793343175 0
3985 1.398023527902141 -3.790576899336588 0
3986 -3.666402072250643 -1.718166272731986 0
3987 -4.211582811203533 -2.267939620403451 0
3988 1.465345929495362 -3.757117122183593 0
3989 3.920810428868731 -2.731512270478301 0
3990 1.528148424874457 -3.797472268567407 0
3991 -2.500134763873652 -4.256511978962052 0
3992 1.598599267818524 -3.689586394934086 0
3993 -0.9185091462474974 -3.578192354898746 0
3994 1.665871413934445 -3.655908094692828 0
3995 1.970875381826192 -4.525271659848183 0
3996 1.733091148979553 -3.622189271565414 0
3997 -2.245301449227096 -4.399537047434682 0
3998 1.800222985338396 -3.588551126614029 0
3999 0.4312160035298603 -4.857146875937199 0
4000 1.867003282277155 -3.554869368273641 0
4001 -3.91070245667265 -1.212946570330798 0
4002 1.933971840236715 -3.521280214446499 0
4003 -4.517827282203283 -0.3829815169417584 0
4004 2.000670731988902 -3.487566265358627 0
4005 -3.6696240724301 -0.6236512718420669 0
4006 -0.3857995887224687 -3.543481023046157 0
4007 2.067589221071588 -3.453960320557928 0
4008 2.147009124393282 -3.196233045849289 0
4009 2.134152591328471 -3.419961267117829 0
4010 -4.329377042066701 -0.2813819929776734 0
4011 -3.582506119593816 -1.332785512479694 0
4012 0.435866260228539 -3.625027525283057 0
4013 -4.588096342253634 -1.551498005087653 0
4014 -4.544212305351812 -1.729878723068866 0
4015 -1.976814251332967 -4.534350049519641 0
4016 -3.964640339653195 -0.3638792658456727 0
4017 4.742119260417689 -0.7169538327573539 0
4018 -0.4111492410761967 -4.842189946147002 0
4019 0.04321897042172013 -3.761592073589025 0
4020 -4.582972352187023 -0.3462189352341234 0
4021 4.295895991328596 -1.539492627493683 0
4022 -4.717724086400543 -1.227306504889947 0
4023 -4.652090023951956 -1.238962069414337 0
4024 3.529985834714971 -0.4896709970996164 0
4025 -3.517082410827507 -1.297182014845519 0
4026 2.500557016413179 -4.257230836369738 0
4027 4.492778760371472 -1.288093738364243 0
4028 4.525681985105157 -0.3415421820029945 0
4029 1.395914791135506 -3.34953767558867 0
4030 3.976912047349722 -1.770812399621231 0
4031 -2.934084218441011 -3.96975232003721 0
4032 -4.445191465977155 -0.06370213584096257 0
4033 0.4984423861498617 -3.667502305983833 0
4034 3.583990632499765 -1.822430313735089 0
4035 4.083412509314091 -0.5516324711229206 0
4036 -3.963358983846178 -0.2922821982177256 0
4037 -3.518217605602833 -1.230834703268818 0
4038 4.052168491313568 -2.80908279178929 0
4039 -4.462328974204828 -0.6308688139534504 0
4040 4.529587744415234 -0.2685375691816428 0
4041 -2.127172775220614 -2.857699022676861 0
4042 4.551050601085804 -1.902328080913993 0
4043 -4.644768982289435 -0.4514686547605716 0
4044 -3.798396807573722 -0.8277173927247183 0
4045 3.121374090484288 -2.058508652401817 0
4046 3.494160669238227 -3.380310850808624 0
4047 -3.802103752909812 -0.9044895293203616 0
4048 3.837023503862957 -2.989252709832035 0
4049 2.434512927114397 -2.699662505502291 0
4050 -3.156848598537461 -1.650864868780322 0
4051 4.813140427864721 -0.6908110598594447 0
4052 2.996212266437476 -2.048126114383903 0
4053 -2.439189716455201 -4.29079417878353 0
4054 4.259982459014333 -2.340012271512427 0
4055 -4.423426082316741 -1.739945491077519 0
4056 -3.53400193023564 -0.4872415842138642 0
4057 -3.676170381910687 -1.930724253052941 0
4058 3.911878269654403 -1.803433908537387 0
4059 4.401764381011049 -0.1204546840481371 0
4060 -4.713185110580843 -0.4156881742184136 0
4061 4.408417707105735 -0.2627533304858692 0
4062 -0.01988658606075919 -4.865957743556081 0
4063 -3.806009415436425 -2.068726061809187 0
4064 1.812886761231861 -3.220723875575106 0
4065 3.878638942851095 -0.8394099480746725 0
4066 -1.366655023598492 -4.678378271807684 0
4067 3.86300411759435 -0.2573234139844011 0
4068 1.909574907181031 -4.564089142723612 0
4069 -3.838135461987297 -2.291818309888625 0
4070 4.235525180365733 -1.501567426814807 0
4071 3.59801188676894 -0.4568227415554162 0
4072 -2.854129809601525 -2.235144839077267 0
4073 2.906353604553416 -2.381738159002537 0
4074 -4.703872893439511 -0.1282511607484672 0
4075 4.783819061843066 -0.8974458121505672 0
4076 3.844078997212409 -1.83748230152023 0
4077 2.298648138977342 -2.912098012499632 0
4078 4.183351011203853 -2.62918821222401 0
4079 4.292264968729591 -1.751677641207759 0
4080 4.664186078117696 -0.0697430321998168 0
4081 -3.332598551972584 -3.644475214580469 0
4082 4.208968936395029 -0.06635619719192234 0
4083 4.722507227261719 -0.1756489477760343 0
4084 0.3032878197090725 -3.55021263229346 0
4085 -4.906663420018626 -0.6289965563681954 0
4086 2.718044093577849 -2.40856474647609 0
4087 -4.766839120278879 -0.5204800277637098 0
4088 2.553344349974314 -4.149527405538024 0
4089 -4.598988531299767 -1.196894576797931 0
4090 -2.943166400126374 -3.876437543706894 0
4091 -0.5484639384163548 -4.906007052787899 0
4092 -2.734986870526584 -2.472062868923772 0
4093 -2.686770610769798 -2.333858815253501 0
4094 0.8530748696456176 -3.589535291742372 0
4095 -3.303939044604867 -3.47362481580575 0
4096 3.630322935782109 -3.240969551083107 0
4097 3.354929396285915 -1.36143071431194 0
4098 -4.5772172411282 -0.1354800695276028 0
4099 3.579211456846611 -0.9067679952902009 0
4100 3.527886472221539 -1.633743435074158 0
4101 -3.231980302823273 -1.923943914944942 0
4102 -4.022543153963711 -0.2552725825773375 0
4103 -4.772043895061191 -1.0182771493565 0
4104 -2.615890854835347 -2.617400844184186 0
4105 -2.067136236912147 -3.140662228429248 0
4106 3.975812042001665 -2.92931464704971 0
4107 1.014429558015196 -3.621927643641503 0
4108 1.610420416134339 -3.324872942667262 0
4109 3.835760273430411 -0.6768131942179019 0
4110 -2.130117127826395 -3.098831290899147 0
4111 -3.613211766371983 -0.7301783377425527 0
4112 1.683852511398634 -3.363475744896715 0
4113 1.546246785383222 -3.428730176957136 0
4114 -1.945770342951767 -3.137586945072501 0
4115 3.428741399410739 -1.189493712342112 0
4116 -2.622579073806632 -2.698107781301088 0
4117 3.805195877682066 -0.1233585439027428 0
4118 3.664238840706592 -0.4228602893155337 0
4119 3.67190893111257 -0.3502729982268276 0
4120 2.812990257747247 -4.065233846608538 0
4121 3.358018478939054 -1.218299362015645 0
4122 -4.839181611234934 -0.4837572766783726 0
4123 -2.315256352698091 -4.289472455684004 0
4124 -3.910087115479046 -0.6697017927683133 0
4125 -4.52706058806102 -0.6589343600184645 0
4126 -3.598727400064682 -0.4497871296674023 0
4127 1.745874576904673 -3.329189644203739 0
4128 -4.213871163542185 -0.06128806541700581 0
4129 -4.487734963398683 -1.770159519352167 0
4130 -4.623684535177436 -1.3084033180033 0
4131 2.945763484231835 -3.873500298096071 0
4132 -1.744409021728252 -3.275623943612687 0
4133 3.774689896366727 -3.09072504275661 0
4134 -3.442298680854566 -3.545639372398893 0
4135 -4.070716757487113 -1.986090812956927 0
4136 4.350738099804078 -0.2285366203369039 0
4137 3.608708647132862 -1.385279587745552 0
4138 -2.916568730435763 -2.045082595564136 0
4139 3.594608790973796 -0.8320095767335614 0
4140 -3.515913644788425 -1.160601730981789 0
4141 -3.602447777126259 -1.755916570231262 0
4142 1.804829300284959 -4.511877501461739 0
4143 -4.086005828846342 -1.320196515620248 0
4144 0.7232287044236058 -4.822204604330742 0
4145 -3.742781881684626 -3.106596001354201 0
4146 0.8026267155238775 -4.8035491217057 0
4147 1.344734589130102 -4.678909691038795 0
4148 3.775115827741046 -0.6409179829760245 0
4149 3.73604774095766 -0.3189227010293875 0
4150 -1.557655051963701 -4.577542323116774 0
4151 4.835047413923613 -1.000737729292283 0
4152 -0.7004193944540473 -4.892939223770661 0
4153 -3.338528737098696 -1.416858343182052 0
4154 -1.436092676383425 -3.411725092725232 0
4155 -4.160259023958144 -2.522690479445957 0
4156 4.32621906388124 -2.245596433771853 0
4157 -3.896782226862505 -2.249574546738056 0
4158 -3.951129088531241 -0.7905183969325253 0
4159 -3.539202768698832 -1.791956839548206 0
4160 -3.058677863759067 -3.879960180836346 0
4161 -3.626160590318429 -0.9403610282821743 0
4162 3.289173274143327 -3.627914938075954 0
4163 3.224005972920898 -1.500576801881504 0
4164 3.744044595233154 -0.2499830695572882 0
4165 2.622619680428516 -4.182449842384916 0
4166 4.147152116534407 -0.5874440257964506 0
4167 -4.660482612336782 -1.638080571187477 0
4168 4.590808848099697 -1.125484105631324 0
4169 -3.152965528792515 -2.033420864848724 0
4170 -4.022032913396826 -0.1841624455957356 0
4171 -4.066657972324843 -1.90564983688898 0
4172 4.156662689524314 -0.3211902424537127 0
4173 4.616075113770793 -0.8481939002530053 0
4174 -3.769988788782006 -2.331725836897257 0
4175 4.05411821782464 -2.587611177111946 0
4176 -3.035704541458943 -2.041130989563518 0
4177 -1.873059963274394 -4.48813125070557 0
4178 -1.179407773577343 -3.421638753420748 0
4179 -3.47686563524569 -1.689968882724804 0
4180 -0.9931671564513018 -4.76797683538077 0
4181 0.7772501502230102 -3.609823596200829 0
4182 4.72612597686127 -1.42269188726865 0
4183 -3.626580414697604 -3.267145789917103 0
4184 4.600995836331773 -0.9938959653632802 0
4185 0.1035156097047563 -4.867586090984052 0
4186 3.221551830977591 -3.66314489058279 0
4187 -3.410093986382098 -1.21444380722182 0
4188 -2.3101744444131 -4.363814404673173 0
4189 -4.818343295082364 -0.1888697877520546 0
4190 -4.597180837342537 -0.9248173829578544 0
4191 -3.407579631369759 -1.658982484101382 0
4192 -4.885939478542225 -0.7647253339877589 0
4193 3.704300779777132 -0.06777495716414768 0
4194 -1.891022545325176 -3.168503323576539 0
4195 4.267424562102028 -0.593708004453029 0
4196 -4.603039951816557 -0.9899607342222195 0
4197 1.009701899138997 -4.772523783645484 0
4198 0.1899054939879742 -3.615290257065134 0
4199 3.709396921280963 -0.7430700831024423 0
4200 4.118282703030443 -2.548206048198067 0
4201 -4.285157761299335 -1.409577354522525 0
4202 1.086924163703374 -3.520437236143283 0
4203 -3.338360499568092 -1.694918584165222 0
4204 3.633974548010666 -0.9616573039588193 0
4205 -3.616629124587485 -0.660747983755461 0
4206 -4.029707972177703 -1.289605944046212 0
4207 -3.689921329225362 -0.05066724843651309 0
4208 1.772579959752676 -4.62178462936697 0
4209 -4.764589261976319 -0.7277058256903903 0
4210 -3.864794897721114 -0.9419560760105342 0
4211 -0.7894841343707935 -4.819411438902161 0
4212 3.623066065497042 -1.173222983887652 0
4213 4.043308791770324 -0.314986218766187 0
4214 -4.590108937115059 -0.8615090925780381 0
4215 -3.275027174407359 -1.662647619066277 0
4216 -3.60210197866229 -0.374438524783978 0
4217 -4.554378137044917 -1.288605745180002 0
4218 -2.499482532235554 -2.707371724236458 0
4219 2.578039250342874 -2.55360829646214 0
4220 -0.7871123093960013 -3.599164230534988 0
4221 -3.117912637273754 -3.84663087152126 0
4222 -4.642638375234506 -1.515456842948297 0
4223 -3.858857552817055 -2.030167382423109 0
4224 -3.936590992544193 -2.991002252279241 0
4225 4.764932989985341 -1.035491689768729 0
4226 2.685006640495379 -4.076780620019283 0
4227 4.401389681582709 -2.115982970891511 0
4228 -4.893338619024647 -0.314245735015532 0
4229 -4.332135842998316 -2.250525097209648 0
4230 -3.751924492371784 -3.215985261238148 0
4231 -4.109653984816318 -2.629079684289726 0
4232 4.474985905729654 -1.933669709606539 0
4233 -3.866778966773352 -1.392888359412375 0
4234 4.626540806134376 -1.171428096509109 0
4235 -3.21608575497057 -1.50738033852206 0
4236 -2.127538183560789 -3.019735673488024 0
4237 -4.501516776213531 -1.326575830237514 0
4238 -4.584652559517456 -0.7531341895182377 0
4239 -3.159404691826845 -1.793068325298795 0
4240 -0.2932523334087861 -3.69223449746208 0
4241 4.671689896984191 -1.623642463387493 0
4242 4.538548852551973 -1.768821968917233 0
4243 -2.189230337341195 -4.360610564828696 0
4244 3.954874884583501 -0.2518936081071893 0
4245 2.924227403712556 -2.2336189528382 0
4246 -3.688021548878452 -2.298149052082792 0
4247 1.474639184925461 -3.386515805667806 0
4248 -3.981411513259506 -0.5671142767396639 0
4249 0.5535011794212031 -3.636887691837383 0
4250 2.215765933261372 -3.026270148151769 0
4251 3.429303739036881 -3.47692554917498 0
4252 -0.09378684916689758 -3.754889698395845 0
4253 -4.819277615879329 -0.6894015312023013 0
4254 -0.6033406378001599 -3.501474689505313 0
4255 0.221543295596855 -4.874711374402026 0
4256 -3.74840295280081 -0.1288189678199917 0
4257 -4.020746439899824 -0.1200143652222912 0
4258 0.09472037136381058 -3.807588035598084 0
4259 -1.80674994634904 -3.241788965440645 0
4260 2.37007747259282 -2.750143446168735 0
4261 -3.960918709194789 -1.163783620279595 0
4262 -0.2053914276605485 -3.749307507614053 0
4263 -4.052714136135011 -2.826910611704542 0
4264 -4.491159764157294 -1.914134461526298 0
4265 -4.606470421359398 -1.056235780024492 0
4266 -4.110337205826564 -2.741797440488436 0
4267 0.582457756129297 -4.849934929233204 0
4268 -1.634702644192166 -4.671711771204824 0
4269 4.868069155660077 -0.8586170174558406 0
4270 -3.497676950390217 -3.494893811080621 0
4271 4.29946152755771 -0.2559898884186991 0
4272 -4.4495902845951 -1.364602776701525 0
4273 0.4195845174086587 -4.924750744189096 0
4274 4.110446283360399 -2.757644569578171 0
4275 -4.53548389657056 -1.172479832863452 0
4276 -2.122904494215419 -2.937577957091295 0
4277 2.229976473946781 -4.405461746146197 0
4278 1.275432084159997 -4.78102379055966 0
4279 -1.196011380173932 -4.796080304679077 0
4280 3.659461815460863 -0.839230579489207 0
4281 0.320326802946206 -4.932620482390538 0
4282 -1.460727836846886 -3.308116567251834 0
4283 -3.608912708115061 -0.3004240035633625 0
4284 4.730591254028251 -1.236830734954712 0
4285 -4.166905939146784 -0.654931002395397 0
4286 -3.891052419375967 -0.1212755888587417 0
4287 1.161153324566399 -3.491698105284304 0
4288 1.669641482296475 -4.576129618709482 0
4289 2.846737545563296 -2.424189852670457 0
4290 4.471638671174542 -1.667417428168655 0
4291 3.222857091119467 -1.652377600356642 0
4292 4.401347749930483 -1.360491806882574 0
4293 -2.79466953270984 -2.288425978671842 0
4294 4.182167667779634 -2.517134519890145 0
4295 -1.301769111635079 -4.712344464657139 0
4296 4.432036730837406 -0.707863013246779 0
4297 3.940787830501513 -1.249783377424971 0
4298 -4.444650061357499 -2.181535599897818 0
4299 -3.894198034303306 -0.6139384086287294 0
4300 -3.755818823527879 -1.4299260201934 0
4301 -4.76458584796661 -1.076119624673084 0
4302 4.758858175676305 -1.101674640900139 0
4303 -3.12454099902497 -3.737711246596465 0
4304 -0.2185019878439997 -4.881719922866987 0
4305 -4.29804866314266 -0.0578506000552329 0
4306 3.443812283337647 -1.123859435958563 0
4307 3.534298581415122 -0.7846270755705113 0
4308 4.93658120757409 -0.3179860956254749 0
4309 -4.267710813302401 -2.374819660295933 0
4310 4.605066290076616 -1.056625149639537 0
4311 4.947637643591338 -0.1861298959431135 0
4312 -4.947634281106375 -0.1861374620469654 0
4313 -2.298935219411426 -2.838849165968291 0
4314 -4.508849081163441 -2.048016339159353 0
4315 3.602897215684734 -3.39308906284849 0
4316 2.750661860287473 -4.1047937000473 0
4317 -4.199270367431696 -1.378880499507688 0
4318 -3.328373217256476 -3.581098068354334 0
4319 -1.835682140484558 -4.595810241811471 0
4320 4.422070365820141 -0.05383471973555885 0
4321 -2.439974272803963 -2.754632251413581 0
4322 -4.091781318921732 -0.7172076021250713 0
4323 3.942687699111999 -1.087617264934695 0
4324 -4.545402112779672 -1.789700541920811 0
4325 3.682412887643897 -3.207903494708749 0
4326 4.874946049431816 -0.5299554949293993 0
4327 -4.413672678177705 -0.7257794591324145 0
4328 -4.737603304856762 -1.171643062066473 0
4329 -2.123952567147255 -4.398394045607535 0
4330 -0.3452578141779378 -3.593454066358939 0
4331 -4.397659092254888 -0.1123984029191906 0
4332 4.907446863352373 -0.6416912857735672 0
4333 -1.338222792423674 -3.364582199306628 0
4334 3.302449408247247 -1.319959765125562 0
4335 -0.07511923239123081 -4.88701854270685 0
4336 -3.98537084897011 -2.941337555630096 0
4337 0.9461581178204755 -4.796088417556758 0
4338 3.584990864607776 -0.0588724582907384 0
4339 -4.021495272136592 -2.015010517437307 0
4340 -3.687941458177533 -3.293196072871895 0
4341 2.167450720229144 -3.065978322646984 0
4342 -4.394203287037449 -1.332607411589505 0
4343 -3.857440708351307 -1.948230833632568 0
4344 -0.3567204054932219 -4.871103245838506 0
4345 3.854358213159261 -1.130193514590498 0
4346 -3.574043583688363 -0.9089792816975901 0
4347 -4.127607382544525 -0.1219912546847278 0
4348 3.97211490642028 -2.834894370640309 0
4349 0.1885029169835281 -3.759181745780078 0
4350 -1.24040270255137 -3.392790421275917 0
4351 -3.555130261135019 -0.05567771985560842 0
4352 4.929059056241129 -0.4227215877864516 0
4353 4.568186570665937 -0.7200364372953365 0
4354 -3.224560928275995 -1.635770876859789 0
4355 4.526384647792854 -0.05142491896538409 0
4356 4.512152411437618 -1.233606436473984 0
4357 -3.563636952786726 -0.6324106851602188 0
4358 0.3759467724862994 -3.525100777960679 0
4359 -0.9847301559260766 -3.553774380671936 0
4360 3.142401840019733 -1.911302788539576 0
4361 -4.273587553358179 -0.648798247165169 0
4362 3.866862598090441 -0.9518951903452895 0
4363 3.217936126772297 -1.796539973083138 0
4364 -3.798261094744173 -1.181086235473203 0
4365 -3.690973646992052 -0.1753915588890818 0
4366 2.654279607823059 -2.453262705205481 0
4367 -3.85064286090656 -3.11818911956881 0
4368 3.592815015741636 -1.073122696891842 0
4369 -0.9427284609687799 -4.797385113041233 0
4370 -1.83131315479747 -3.126372065486652 0
4371 -3.664119838504884 -0.2784782798508363 0
4372 4.375968774333721 -0.6697764206652008 0
4373 3.336368969084718 -3.660376982462416 0
4374 -4.619781105864995 -1.373509322900653 0
4375 4.944801864088993 -0.05473388174975715 0
4376 -4.944801864169087 -0.05473388179941426 0
4377 4.724791488722067 -1.496199371806057 0
4378 -1.107128292362784 -4.752598290251436 0
4379 -2.666307611273057 -2.51896397981497 0
4380 1.636736182446229 -4.677523256834406 0
4381 4.179806200025893 -1.33973058590913 0
4382 2.8091480107092 -4.000371897452744 0
4383 4.74490841804398 -1.170730991089361 0
4384 4.019669750147849 -1.300174910418196 0
4385 -0.4510469612014402 -3.514887903798165 0
4386 -3.482375565518179 -1.114636144945904 0
4387 -4.595001265009977 -1.252104356739897 0
4388 0.6877606602125709 -4.777624008083741 0
4389 1.232499620923036 -3.461101689863207 0
4390 -4.01958183944496 -2.110176212555182 0
4391 3.943956084045297 -3.000433122076751 0
4392 -3.231682582704934 -3.756307645037656 0
4393 -4.048338316698285 -0.588020901570687 0
4394 4.469323998586635 -1.990578735221044 0
4395 -1.517935079324592 -4.644195204463321 0
4396 -3.855776490324791 -1.044248641964217 0
4397 4.310139082564127 -2.445400838397131 0
4398 4.717548071301786 -0.1178489759106671 0
4399 -3.342726142961972 -1.355290232856812 0
4400 -3.48462380772931 -3.432150506228055 0
4401 -4.631206854896348 -0.1106346467600764 0
4402 -4.87062192568694 -0.8659124244357874 0
4403 3.238694864842932 -1.434346776696569 0
4404 2.934992394422972 -2.095083561988981 0
4405 2.376314502774825 -2.810070554150421 0
4406 -2.060928353687102 -4.432389411108241 0
4407 4.208207857066689 -0.3020062447226399 0
4408 -3.802732961694875 -1.083606094251824 0
4409 0.89956131026885 -3.632568134684106 0
4410 4.920928212215861 -0.5439661387114614 0
4411 -2.93354832325794 -2.115651257016733 0
4412 4.83251414800452 -0.1830191510254291 0
4413 4.33242640214897 -0.6971717913748677 0
4414 4.637803381449942 -1.72211552437501 0
4415 4.481561574000293 -0.7440475663457845 0
4416 4.308204743305186 -2.3085347891973 0
4417 4.354169291012371 -0.1724533243902794 0
4418 -3.239281334456459 -3.501338971102903 0
4419 3.068703916016429 -2.032886470953025 0
4420 1.297827217686179 -3.4326288210805 0
4421 4.876152938702889 -0.4355889564309067 0
4422 3.800147511488483 -0.2322830968539005 0
4423 3.484018179939476 -3.434945652075692 0
4424 4.858233960607652 -0.7391487160837927 0
4425 -4.402498720159244 -1.278996015599894 0
4426 3.751184272835854 -0.1203016791319938 0
4427 -4.928511519812186 -0.4236504303105276 0
4428 -4.085434569990944 -1.269944685489403 0
4429 -2.384751342710219 -2.79341960252477 0
4430 -3.251173097224543 -1.986237196714625 0
4431 1.211607203551655 -4.80838524845188 0
4432 3.823006259093793 -3.049676178652271 0
4433 -4.528985429943745 -0.847422601779406 0
4434 4.885071771428276 -0.2974276821564132 0
4435 -4.943128207613619 -0.326351409087883 0
4436 3.994604325916732 -0.7711287670469626 0
4437 -3.104244038818124 -1.705148791801467 0
4438 -3.802821461869853 -1.242600224615635 0
4439 4.598330675159113 -1.84693575283722 0
4440 4.720283681246449 -1.302107335716137 0
4441 -0.4815286967366774 -4.934479911698505 0
4442 -0.6515638737944109 -3.543529986787464 0
4443 -4.274185106994105 -2.511157230407559 0
4444 2.327835083689533 -4.36533557192607 0
4445 0.6382896116737449 -3.691370482834468 0
4446 3.011129639626016 -3.747641796716874 0
4447 -1.73750801624663 -3.087208141083869 0
4448 -3.82157471725175 -1.358871592133458 0
4449 3.506394269310865 -1.103311272591576 0
4450 -4.512641892751283 -0.04113009701383237 0
4451 -4.759223107180155 -0.1814303297003206 0
4452 -0.5927423298146494 -4.853284544137566 0
4453 -1.300777866281064 -4.773835954054144 0
4454 4.470983141705904 -1.565334139533648 0
4455 -3.792697440472927 -2.259297074723059 0
4456 -3.088647344389208 -2.018313707556169 0
4457 -0.8526201692683215 -3.56856916650043 0
4458 4.859672813525858 -0.6466126302627906 0
4459 2.99413185136524 -3.845704007361301 0
4460 2.068618676194124 -3.034525686484538 0
4461 3.643415125810042 -1.063998900273935 0
4462 4.612855926488839 -0.110656242653765 0
4463 2.244614285521436 -2.920606711168349 0
4464 2.789351764126541 -2.397565978053131 0
4465 -4.536592579085624 -0.708834031796133 0
4466 2.515253652594008 -2.59362460202156 0
4467 3.542577287961808 -0.7069473045119102 0
4468 1.536762107837072 -4.638587483504339 0
4469 -0.7262531816412782 -4.845354712876212 0
4470 3.842561716059775 -1.262296498938565 0
4471 -4.656350820758043 -1.707998708931437 0
4472 -3.469133917801605 -1.205292595803245 0
4473 -4.157475797039098 -2.576992252821401 0
4474 -2.741850377250642 -2.336247587874789 0
4475 -1.777823676190158 -4.631389034861715 0
4476 3.406310273941678 -3.588475416233716 0
4477 -3.97547193620666 -0.8415822074169613 0
4478 -3.764540888193075 -1.521211086599919 0
4479 4.271658511485398 -0.6389405721112446 0
4480 -3.798377797890312 -0.1130074647088159 0
4481 -3.52774372727345 -1.09498149874168 0
4482 4.165537292126725 -2.576762624140038 0
4483 0.155902918033329 -4.890402611029658 0
4484 -4.635561230075618 -1.5838550801686 0
4485 -0.01236616324507282 -3.80745335748012 0
4486 4.11226754757452 -0.6683168476419574 0
4487 4.520521034647269 -1.67702371931259 0
4488 -3.878988493748861 -1.52848521006197 0
4489 -3.74069732968487 -2.163830595097347 0
4490 -4.555527955728578 -1.077711633458834 0
4491 -4.323399441000816 -0.6091948684493597 0
4492 0.2565069196139867 -3.600577696950467 0
4493 -3.810641306709619 -1.305108503753752 0
4494 -1.861549913303812 -3.212009990312906 0
4495 2.866550663874273 -3.962654003789906 0
4496 -1.580894387986628 -4.636813792846101 0
4497 4.553299385754907 -1.080467802565225 0
$EndNodes
$Elements
8996
1 1 2 101 1 3 16
2 1 2 101 1 16 17
3 1 2 101 1 17 18
4 1 2 101 1 18 19
5 1 2 101 1 19 20
6 1 2 101 1 20 21
7 1 2 101 1 21 22
8 1 2 101 1 22 23
9 1 2 101 1 23 24
10 1 2 101 1 24 25
11 1 2 101 1 25 26
12 1 2 101 1 26 27
13 1 2 101 1 27 28
14 1 2 101 1 28 29
15 1 2 101 1 29 30
16 1 2 101 1 30 31
17 1 2 101 1 31 32
18 1 2 101 1 32 33
19 1 2 101 1 33 34
20 1 2 101 1 34 35
21 1 2 101 1 35 36
22 1 2 101 1 36 37
23 1 2 101 1 37 38
24 1 2 101 1 38 39
25 1 2 101 1 39 40
26 1 2 101 1 40 41
27 1 2 101 1 41 42
28 1 2 101 1 42 43
29 1 2 101 1 43 44
30 1 2 101 1 44 45
31 1 2 101 1 45 46
32 1 2 101 1 46 47
33 1 2 101 1 47 48
34 1 2 101 1 48 49
35 1 2 101 1 49 50
36 1 2 101 1 50 51
37 1 2 101 1 51 52
38 1 2 101 1 52 53
39 1 2 101 1 53 54
40 1 2 101 1 54 55
41 1 2 101 1 55 56
42 1 2 101 1 56 57
43 1 2 101 1 57 58
44 1 2 101 1 58 59
45 1 2 101 1 59 60
46 1 2 101 1 60 61
47 1 2 101 1 61 62
48 1 2 101 1 62 63
49 1 2 101 1 63 64
50 1 2 101 1 64 65
51 1 2 101 1 65 66
52 1 2 101 1 66 67
53 1 2 101 1 67 68
54 1 2 101 1 68 69
55 1 2 101 1 69 70
56 1 2 101 1 70 71
57 1 2 101 1 71 72
58 1 2 101 1 72 73
59 1 2 101 1 73 74
60 1 2 101 1 74 75
61 1 2 101 1 75 76
62 1 2 101 1 76 77
63 1 2 101 1 77 78
64 1 2 101 1 78 79
65 1 2 101 1 79 80
66 1 2 101 1 80 81
67 1 2 101 1 81 82
68 1 2 101 1 82 83
69 1 2 101 1 83 84
70 1 2 101 1 84 85
71 1 2 101 1 85 86
72 1 2 101 1 86 87
73 1 2 101 1 87 88
74 1 2 101 1 88 89
75 1 2 101 1 89 90
76 1 2 101 1 90 91
77 1 2 101 1 91 92
78 1 2 101 1 92 93
79 1 2 101 1 93 94
80 1 2 101 1 94 95
81 1 2 101 1 95 96
82 1 2 101 1 96 97
83 1 2 101 1 97 98
84 1 2 101 1 98 99
85 1 2 101 1 99 100
86 1 2 101 1 100 101
87 1 2 101 1 101 102
88 1 2 101 1 102 103
89 1 2 101 1 103 104
90 1 2 101 1 104 105
91 1 2 101 1 105 106
92 1 2 101 1 106 107
93 1 2 101 1 107 108
94 1 2 101 1 108 109
95 1 2 101 1 109 110
96 1 2 101 1 110 111
97 1 2 101 1 111 112
98 1 2 101 1 112 113
99 1 2 101 1 113 114
100 1 2 101 1 114 115
101 1 2 101 1 115 116
102 1 2 101 1 116 117
103 1 2 101 1 117 118
104 1 2 101 1 118 119
105 1 2 101 1 119 2
106 1 2 101 2 2 120
107 1 2 101 2 120 121
108 1 2 101 2 121 122
109 1 2 101 2 122 123
110 1 2 101 2 123 124
111 1 2 101 2 124 125
112 1 2 101 2 125 126
113 1 2 101 2 126 127
114 1 2 101 2 127 128
115 1 2 101 2 128 129
116 1 2 101 2 129 130
117 1 2 101 2 130 131
118 1 2 101 2 131 132
119 1 2 101 2 132 133
120 1 2 101 2 133 134
121 1 2 101 2 134 135
122 1 2 101 2 135 136
123 1 2 101 2 136 137
124 1 2 101 2 137 138
125 1 2 101 2 138 139
126 1 2 101 2 139 140
127 1 2 101 2 140 141
128 1 2 101 2 141 142
129 1 2 101 2 142 143
130 1 2 101 2 143 144
131 1 2 101 2 144 145
132 1 2 101 2 145 146
133 1 2 101 2 146 147
134 1 2 101 2 147 148
135 1 2 101 2 148 149
136 1 2 101 2 149 150
137 1 2 101 2 150 151
138 1 2 101 2 151 152
139 1 2 101 2 152 153
140 1 2 101 2 153 154
141 1 2 101 2 154 155
142 1 2 101 2 155 156
143 1 2 101 2 156 157
144 1 2 101 2 157 158
145 1 2 101 2 158 159
146 1 2 101 2 159 160
147 1 2 101 2 160 161
148 1 2 101 2 161 162
149 1 2 101 2 162 163
150 1 2 101 2 163 164
151 1 2 101 2 164 165
152 1 2 101 2 165 166
153 1 2 101 2 166 167
154 1 2 101 2 167 168
155 1 2 101 2 168 169
156 1 2 101 2 169 170
157 1 2 101 2 170 171
158 1 2 101 2 171 172
159 1 2 101 2 172 173
160 1 2 101 2 173 174
161 1 2 101 2 174 175
162 1 2 101 2 175 176
163 1 2 101 2 176 177
164 1 2 101 2 177 178
165 1 2 101 2 178 179
166 1 2 101 2 179 180
167 1 2 101 2 180 181
168 1 2 101 2 181 182
169 1 2 101 2 182 183
170 1 2 101 2 183 184
171 1 2 101 2 184 185
172 1 2 101 2 185 186
173 1 2 101 2 186 187
174 1 2 101 2 187 188
175 1 2 101 2 188 189
176 1 2 101 2 189 190
177 1 2 101 2 190 191
178 1 2 101 2 191 192
179 1 2 101 2 192 193
180 1 2 101 2 193 194
181 1 2 101 2 194 195
182 1 2 101 2 195 196
183 1 2 101 2 196 197
184 1 2 101 2 197 198
185 1 2 101 2 198 199
186 1 2 101 2 199 200
187 1 2 101 2 200 201
188 1 2 101 2 201 202
189 1 2 101 2 202 203
190 1 2 101 2 203 204
191 1 2 101 2 204 205
192 1 2 101 2 205 206
193 1 2 101 2 206 207
194 1 2 101 2 207 208
195 1 2 101 2 208 209
196 1 2 101 2 209 210
197 1 2 101 2 210 211
198 1 2 101 2 211 212
199 1 2 101 2 212 213
200 1 2 101 2 213 214
201 1 2 101 2 214 215
202 1 2 101 2 215 216
203 1 2 101 2 216 217
204 1 2 101 2 217 218
205 1 2 101 2 218 219
206 1 2 101 2 219 220
207 1 2 101 2 220 221
208 1 2 101 2 221 222
209 1 2 101 2 222 223
210 1 2 101 2 223 1
211 1 2 102 4 4 224
212 1 2 102 4 224 225
213 1 2 102 4 225 226
214 1 2 102 4 226 227
215 1 2 102 4 227 228
216 1 2 102 4 228 229
217 1 2 102 4 229 230
218 1 2 102 4 230 231
219 1 2 102 4 231 232
220 1 2 102 4 232 233
221 1 2 102 4 233 234
222 1 2 102 4 234 235
223 1 2 102 4 235 236
224 1 2 102 4 236 237
225 1 2 102 4 237 238
226 1 2 102 4 238 239
227 1 2 102 4 239 240
228 1 2 102 4 240 241
229 1 2 102 4 241 242
230 1 2 102 4 242 243
231 1 2 102 4 243 244
232 1 2 102 4 244 245
233 1 2 102 4 245 246
234 1 2 102 4 246 247
235 1 2 102 4 247 248
236 1 2 102 4 248 249
237 1 2 102 4 249 250
238 1 2 102 4 250 251
239 1 2 102 4 251 252
240 1 2 102 4 252 253
241 1 2 102 4 253 254
242 1 2 102 4 254 255
243 1 2 102 4 255 256
244 1 2 102 4 256 257
245 1 2 102 4 257 258
246 1 2 102 4 258 259
247 1 2 102 4 259 260
248 1 2 102 4 260 261
249 1 2 102 4 261 262
250 1 2 102 4 262 263
251 1 2 102 4 263 264
252 1 2 102 4 264 265
253 1 2 102 4 265 266
254 1 2 102 4 266 267
255 1 2 102 4 267 268
256 1 2 102 4 268 269
257 1 2 102 4 269 270
258 1 2 102 4 270 271
259 1 2 102 4 271 272
260 1 2 102 4 272 273
261 1 2 102 4 273 274
262 1 2 102 4 274 275
263 1 2 102 4 275 276
264 1 2 102 4 276 277
265 1 2 102 4 277 278
266 1 2 102 4 278 279
267 1 2 102 4 279 280
268 1 2 102 4 280 281
269 1 2 102 4 281 282
270 1 2 102 4 282 283
271 1 2 102 4 283 284
272 1 2 102 4 284 285
273 1 2 102 4 285 286
274 1 2 102 4 286 287
275 1 2 102 4 287 288
276 1 2 102 4 288 289
277 1 2 102 4 289 290
278 1 2 102 4 290 291
279 1 2 102 4 291 292
280 1 2 102 4 292 293
281 1 2 102 4 293 294
282 1 2 102 4 294 7
283 1 2 104 31 1 295
284 1 2 104 31 295 296
285 1 2 104 31 296 297
286 1 2 104 31 297 298
287 1 2 104 31 298 299
288 1 2 104 31 299 300
289 1 2 104 31 300 301
290 1 2 104 31 301 302
291 1 2 104 31 302 303
292 1 2 104 31 303 304
293 1 2 104 31 304 305
294 1 2 104 31 305 306
295 1 2 104 31 306 307
296 1 2 104 31 307 308
297 1 2 104 31 308 309
298 1 2 104 31 309 310
299 1 2 104 31 310 311
300 1 2 104 31 311 312
301 1 2 104 31 312 313
302 1 2 104 31 313 4
303 1 2 105 40 7 314
304 1 2 105 40 314 315
305 1 2 105 40 315 6
306 1 2 102 41 6 316
307 1 2 102 41 316 317
308 1 2 102 41 317 318
309 1 2 102 41 318 319
310 1 2 102 41 319 320
311 1 2 102 41 320 321
312 1 2 102 41 321 322
313 1 2 102 41 322 323
314 1 2 102 41 323 324
315 1 2 102 41 324 325
316 1 2 102 41 325 326
317 1 2 102 41 326 327
318 1 2 102 41 327 328
319 1 2 102 41 328 329
320 1 2 102 41 329 330
321 1 2 102 41 330 331
322 1 2 102 41 331 332
323 1 2 102 41 332 333
324 1 2 102 41 333 334
325 1 2 102 41 334 335
326 1 2 102 41 335 336
327 1 2 102 41 336 337
328 1 2 102 41 337 338
329 1 2 102 41 338 339
330 1 2 102 41 339 340
331 1 2 102 41 340 341
332 1 2 102 41 341 342
333 1 2 102 41 342 343
334 1 2 102 41 343 344
335 1 2 102 41 344 345
336 1 2 102 41 345 346
337 1 2 102 41 346 347
338 1 2 102 41 347 348
339 1 2 102 41 348 349
340 1 2 102 41 349 350
341 1 2 102 41 350 351
342 1 2 102 41 351 352
343 1 2 102 41 352 353
344 1 2 102 41 353 354
345 1 2 102 41 354 355
346 1 2 102 41 355 356
347 1 2 102 41 356 357
348 1 2 102 41 357 358
349 1 2 102 41 358 359
350 1 2 102 41 359 360
351 1 2 102 41 360 361
352 1 2 102 41 361 362
353 1 2 102 41 362 363
354 1 2 102 41 363 364
355 1 2 102 41 364 365
356 1 2 102 41 365 366
357 1 2 102 41 366 367
358 1 2 102 41 367 368
359 1 2 102 41 368 369
360 1 2 102 41 369 370
361 1 2 102 41 370 371
362 1 2 102 41 371 372
363 1 2 102 41 372 373
364 1 2 102 41 373 374
365 1 2 102 41 374 375
366 1 2 102 41 375 376
367 1 2 102 41 376 377
368 1 2 102 41 377 378
369 1 2 102 41 378 379
370 1 2 102 41 379 380
371 1 2 102 41 380 381
372 1 2 102 41 381 382
373 1 2 102 41 382 383
374 1 2 102 41 383 384
375 1 2 102 41 384 385
376 1 2 102 41 385 386
377 1 2 102 41 386 5
378 1 2 103 61 5 387
379 1 2 103 61 387 388
380 1 2 103 61 388 389
381 1 2 103 61 389 390
382 1 2 103 61 390 391
383 1 2 103 61 391 392
384 1 2 103 61 392 393
385 1 2 103 61 393 394
386 1 2 103 61 394 395
387 1 2 103 61 395 396
388 1 2 103 61 396 397
389 1 2 103 61 397 398
390 1 2 103 61 398 399
391 1 2 103 61 399 400
392 1 2 103 61 400 401
393 1 2 103 61 401 402
394 1 2 103 61 402 403
395 1 2 103 61 403 404
396 1 2 103 61 404 405
397 1 2 103 61 405 3
398 1 2 1040 201 8 406
399 1 2 1040 201 406 407
400 1 2 1040 201 407 408
401 1 2 1040 201 408 409
402 1 2 1040 201 409 410
403 1 2 1040 201 410 9
404 1 2 1040 202 9 411
405 1 2 1040 202 411 412
406 1 2 1040 202 412 413
407 1 2 1040 202 413 414
408 1 2 1040 202 414 415
409 1 2 1040 202 415 10
410 1 2 1040 203 10 416
411 1 2 1040 203 416 417
412 1 2 1040 203 417 418
413 1 2 1040 203 418 419
414 1 2 1040 203 419 420
415 1 2 1040 203 420 11
416 1 2 1040 204 11 421
417 1 2 1040 204 421 422
418 1 2 1040 204 422 423
419 1 2 1040 204 423 424
420 1 2 1040 204 424 425
421 1 2 1040 204 425 8
422 1 2 1030 301 12 426
423 1 2 1030 301 426 427
424 1 2 1030 301 427 428
425 1 2 1030 301 428 429
426 1 2 1030 301 429 430
427 1 2 1030 301 430 13
428 1 2 1030 302 13 431
429 1 2 1030 302 431 432
430 1 2 1030 302 432 433
431 1 2 1030 302 433 434
432 1 2 1030 302 434 435
433 1 2 1030 302 435 14
434 1 2 1030 303 14 436
435 1 2 1030 303 436 437
436 1 2 1030 303 437 438
437 1 2 1030 303 438 439
438 1 2 1030 303 439 440
439 1 2 1030 303 440 15
440 1 2 1030 304 15 441
441 1 2 1030 304 441 442
442 1 2 1030 304 442 443
443 1 2 1030 304 443 444
444 1 2 1030 304 444 445
445 1 2 1030 304 445 12
446 2 2 200 11 3252 3250 4277
447 2 2 200 11 372 373 2590
448 2 2 200 11 2268 2542 4184
449 2 2 200 11 1952 2446 4396
450 2 2 200 11 2368 523 2528
451 2 2 200 11 3935 3320 4150
452 2 2 200 11 2473 1942 4027
453 2 2 200 11 1942 1944 4027
454 2 2 200 11 4099 2596 4204
455 2 2 200 11 4 224 4338
456 2 2 200 11 597 3675 3676
457 2 2 200 11 1003 2770 4343
458 2 2 200 11 2660 2254 2662
459 2 2 200 11 3823 3824 3903
460 2 2 200 11 482 2483 2692
461 2 2 200 11 3569 3936 4185
462 2 2 200 11 2427 542 2858
463 2 2 200 11 2368 2528 2531
464 2 2 200 11 2884 4067 4244
465 2 2 200 11 2419 4022 4023
466 2 2 200 11 313 4 4338
467 2 2 200 11 1838 4099 4204
468 2 2 200 11 2442 484 4313
469 2 2 200 11 4067 668 4244
470 2 2 200 11 3823 3903 4085
471 2 2 200 11 484 2442 3689
472 2 2 200 11 2517 2395 4158
473 2 2 200 11 2368 2864 4292
474 2 2 200 11 3249 606 3250
475 2 2 200 11 3305 454 3307
476 2 2 200 11 708 710 2638
477 2 2 200 11 3936 3569 4062
478 2 2 200 11 1963 2584 3941
479 2 2 200 11 2791 494 3923
480 2 2 200 11 2508 447 2509
481 2 2 200 11 614 3451 3453
482 2 2 200 11 606 3249 3931
483 2 2 200 11 3417 461 4230
484 2 2 200 11 597 3676 4274
485 2 2 200 11 2427 2858 4065
486 2 2 200 11 2368 2531 2864
487 2 2 200 11 531 372 2590
488 2 2 200 11 2848 2272 4234
489 2 2 200 11 2719 2070 2720
490 2 2 200 11 1942 2473 4292
491 2 2 200 11 3981 2430 4182
492 2 2 200 11 2395 2517 3489
493 2 2 200 11 2727 1711 3729
494 2 2 200 11 2445 2732 4219
495 2 2 200 11 579 3981 4182
496 2 2 200 11 4094 2744 4181
497 2 2 200 11 3198 3197 3205
498 2 2 200 11 2459 510 2475
499 2 2 200 11 535 2896 4059
500 2 2 200 11 461 3417 4145
501 2 2 200 11 3307 454 4015
502 2 2 200 11 2542 557 4184
503 2 2 200 11 2732 571 4219
504 2 2 200 11 2746 1540 4107
505 2 2 200 11 3603 449 3940
506 2 2 200 11 3250 606 4277
507 2 2 200 11 2494 466 2495
508 2 2 200 11 2464 480 4176
509 2 2 200 11 1245 2469 2639
510 2 2 200 11 4144 3956 4146
511 2 2 200 11 543 379 2527
512 2 2 200 11 2446 1952 4210
513 2 2 200 11 3246 455 3327
514 2 2 200 11 2465 464 3960
515 2 2 200 11 2440 3975 4131
516 2 2 200 11 2587 2646 3921
517 2 2 200 11 455 3246 3995
518 2 2 200 11 4059 2896 4417
519 2 2 200 11 2489 532 2490
520 2 2 200 11 1003 2769 2770
521 2 2 200 11 4031 3220 4090
522 2 2 200 11 500 2488 2985
523 2 2 200 11 2070 2719 4077
524 2 2 200 11 3451 614 3452
525 2 2 200 11 469 4031 4090
526 2 2 200 11 2485 1899 4214
527 2 2 200 11 3206 3380 4318
528 2 2 200 11 3975 470 4131
529 2 2 200 11 510 2459 2536
530 2 2 200 11 2192 2193 2751
531 2 2 200 11 1953 1952 4396
532 2 2 200 11 458 3202 3204
533 2 2 200 11 2823 214 4424
534 2 2 200 11 2575 2767 3853
535 2 2 200 11 1948 4094 4181
536 2 2 200 11 2747 2746 4107
537 2 2 200 11 497 2524 4261
538 2 2 200 11 3246 3322 3995
539 2 2 200 11 4049 2722 4260
540 2 2 200 11 2204 2205 2512
541 2 2 200 11 2751 2193 4029
542 2 2 200 11 3995 3322 4068
543 2 2 200 11 2570 2378 4173
544 2 2 200 11 2424 4115 4121
545 2 2 200 11 537 3901 4347
546 2 2 200 11 2776 1309 2936
547 2 2 200 11 603 3307 4015
548 2 2 200 11 2378 2542 4173
549 2 2 200 11 1739 1699 2855
550 2 2 200 11 3380 3206 4095
551 2 2 200 11 1941 1942 4292
552 2 2 200 11 468 2510 3974
553 2 2 200 11 2210 1974 3007
554 2 2 200 11 3307 603 4177
555 2 2 200 11 3901 537 4128
556 2 2 200 11 2456 2627 2628
557 2 2 200 11 213 214 2823
558 2 2 200 11 1061 705 2865
559 2 2 200 11 472 3254 4444
560 2 2 200 11 3254 472 3257
561 2 2 200 11 2354 2493 4285
562 2 2 200 11 491 2480 4012
563 2 2 200 11 334 335 2536
564 2 2 200 11 464 2465 4146
565 2 2 200 11 3327 455 3931
566 2 2 200 11 2456 2625 2627
567 2 2 200 11 1973 1985 2639
568 2 2 200 11 3249 3327 3931
569 2 2 200 11 2524 4001 4261
570 2 2 200 11 2496 1061 2865
571 2 2 200 11 3223 456 3225
572 2 2 200 11 2723 569 3707
573 2 2 200 11 2469 1245 2638
574 2 2 200 11 2976 556 3877
575 2 2 200 11 3219 600 3221
576 2 2 200 11 1997 2519 2815
577 2 2 200 11 336 337 2476
578 2 2 200 11 387 388 2656
579 2 2 200 11 379 380 2527
580 2 2 200 11 600 3219 3884
581 2 2 200 11 3318 1864 3319
582 2 2 200 11 373 2588 2590
583 2 2 200 11 4092 2296 4379
584 2 2 200 11 2509 447 4235
585 2 2 200 11 1006 1020 2766
586 2 2 200 11 2519 2457 2815
587 2 2 200 11 2889 646 4172
588 2 2 200 11 4256 3882 4365
589 2 2 200 11 1245 708 2638
590 2 2 200 11 2589 2587 3921
591 2 2 200 11 456 3223 3933
592 2 2 200 11 2692 4092 4379
593 2 2 200 11 174 175 3908
594 2 2 200 11 3202 458 3203
595 2 2 200 11 2951 493 2952
596 2 2 200 11 3499 4106 4348
597 2 2 200 11 3320 3318 4150
598 2 2 200 11 3603 3940 4267
599 2 2 200 11 1002 1006 2768
600 2 2 200 11 1006 2766 2768
601 2 2 200 11 2225 2458 4201
602 2 2 200 11 2206 2024 2769
603 2 2 200 11 2493 2245 4285
604 2 2 200 11 2447 514 2925
605 2 2 200 11 2207 2420 4166
606 2 2 200 11 497 2356 2524
607 2 2 200 11 240 2466 4121
608 2 2 200 11 2640 1980 3905
609 2 2 200 11 3219 3220 3884
610 2 2 200 11 4022 2419 4328
611 2 2 200 11 460 2521 3965
612 2 2 200 11 494 2791 4156
613 2 2 200 11 632 629 2474
614 2 2 200 11 2212 2767 2807
615 2 2 200 11 480 2464 4138
616 2 2 200 11 3257 472 3969
617 2 2 200 11 2442 2383 3689
618 2 2 200 11 3865 2888 4244
619 2 2 200 11 2204 2512 4356
620 2 2 200 11 4106 465 4348
621 2 2 200 11 2487 446 3828
622 2 2 200 11 3689 2383 4041
623 2 2 200 11 2815 2457 4362
624 2 2 200 11 3259 3257 3969
625 2 2 200 11 1899 2485 4238
626 2 2 200 11 2466 240 4334
627 2 2 200 11 3884 3220 4031
628 2 2 200 11 4047 2364 4210
629 2 2 200 11 3322 608 4068
630 2 2 200 11 3580 4144 4146
631 2 2 200 11 2212 2807 4488
632 2 2 200 11 2770 2773 4343
633 2 2 200 11 165 166 3452
634 2 2 200 11 608 3322 4142
635 2 2 200 11 1959 1960 2632
636 2 2 200 11 4174 2918 4246
637 2 2 200 11 2433 2831 4408
638 2 2 200 11 2380 4075 4269
639 2 2 200 11 2710 2006 2855
640 2 2 200 11 2831 2433 4364
641 2 2 200 11 2921 2497 4212
642 2 2 200 11 2692 2483 4092
643 2 2 200 11 2481 544 2503
644 2 2 200 11 2006 2710 2854
645 2 2 200 11 2584 2583 3941
646 2 2 200 11 2875 1982 4460
647 2 2 200 11 2360 444 4261
648 2 2 200 11 3221 600 3933
649 2 2 200 11 2254 2660 4239
650 2 2 200 11 2988 613 3336
651 2 2 200 11 1864 3318 3320
652 2 2 200 11 3197 1761 3205
653 2 2 200 11 2420 2782 4166
654 2 2 200 11 4128 396 4305
655 2 2 200 11 2611 2962 4262
656 2 2 200 11 2181 4049 4260
657 2 2 200 11 2458 2225 4317
658 2 2 200 11 2962 2611 4240
659 2 2 200 11 2734 2175 4333
660 2 2 200 11 2361 2446 4210
661 2 2 200 11 2362 2361 4210
662 2 2 200 11 3223 3221 3933
663 2 2 200 11 612 3501 4048
664 2 2 200 11 529 2562 4427
665 2 2 200 11 1847 2872 3980
666 2 2 200 11 2175 2734 4154
667 2 2 200 11 1961 2815 4362
668 2 2 200 11 2427 2819 4362
669 2 2 200 11 2371 437 4275
670 2 2 200 11 3903 3824 4122
671 2 2 200 11 529 3903 4122
672 2 2 200 11 629 627 2474
673 2 2 200 11 2337 3602 3951
674 2 2 200 11 2245 2493 2540
675 2 2 200 11 2532 1727 2864
676 2 2 200 11 2767 2212 3853
677 2 2 200 11 2509 2641 3839
678 2 2 200 11 2502 55 4263
679 2 2 200 11 55 2502 4266
680 2 2 200 11 2469 1973 2639
681 2 2 200 11 3225 456 3942
682 2 2 200 11 2416 2848 4234
683 2 2 200 11 2525 596 3967
684 2 2 200 11 3501 612 4391
685 2 2 200 11 2488 500 4403
686 2 2 200 11 3227 598 3229
687 2 2 200 11 2644 2645 3878
688 2 2 200 11 1744 2533 2832
689 2 2 200 11 1987 1986 3480
690 2 2 200 11 2211 2737 2738
691 2 2 200 11 710 1043 2638
692 2 2 200 11 2363 2517 4158
693 2 2 200 11 714 716 2573
694 2 2 200 11 2510 2574 3974
695 2 2 200 11 387 2656 4351
696 2 2 200 11 2561 4128 4305
697 2 2 200 11 2538 2814 4039
698 2 2 200 11 4115 530 4121
699 2 2 200 11 351 352 2691
700 2 2 200 11 2562 529 4122
701 2 2 200 11 598 3227 3942
702 2 2 200 11 3227 3225 3942
703 2 2 200 11 2838 4174 4246
704 2 2 200 11 2584 1963 4346
705 2 2 200 11 3442 2066 4064
706 2 2 200 11 2478 1043 2640
707 2 2 200 11 544 2481 2856
708 2 2 200 11 2538 2013 2814
709 2 2 200 11 3210 3209 4160
710 2 2 200 11 2727 3729 4245
711 2 2 200 11 3259 3969 4026
712 2 2 200 11 3951 3602 4267
713 2 2 200 11 3202 3198 3205
714 2 2 200 11 2504 3860 4199
715 2 2 200 11 3882 2158 4365
716 2 2 200 11 495 2950 3819
717 2 2 200 11 3707 569 4411
718 2 2 200 11 2430 2869 4182
719 2 2 200 11 4160 3209 4221
720 2 2 200 11 163 164 3454
721 2 2 200 11 2211 1982 2875
722 2 2 200 11 493 2951 4298
723 2 2 200 11 2211 2738 2739
724 2 2 200 11 3262 3259 4026
725 2 2 200 11 1043 2478 2638
726 2 2 200 11 2495 466 4336
727 2 2 200 11 2419 4023 4089
728 2 2 200 11 552 3823 4085
729 2 2 200 11 2376 2637 4187
730 2 2 200 11 2364 2362 4210
731 2 2 200 11 2493 2354 4322
732 2 2 200 11 2644 3878 4363
733 2 2 200 11 2500 604 4266
734 2 2 200 11 1711 2727 4073
735 2 2 200 11 335 510 2536
736 2 2 200 11 577 334 2536
737 2 2 200 11 2698 2740 2749
738 2 2 200 11 2199 2386 2753
739 2 2 200 11 2662 2254 4101
740 2 2 200 11 2778 2776 2936
741 2 2 200 11 2526 3935 4150
742 2 2 200 11 550 2870 2871
743 2 2 200 11 2514 724 2516
744 2 2 200 11 1699 1898 2855
745 2 2 200 11 2006 1739 2855
746 2 2 200 11 2853 2243 4137
747 2 2 200 11 2832 2533 4345
748 2 2 200 11 3565 124 4273
749 2 2 200 11 124 3565 4281
750 2 2 200 11 2492 1031 2767
751 2 2 200 11 3229 598 3991
752 2 2 200 11 3823 552 4253
753 2 2 200 11 3936 492 4185
754 2 2 200 11 1863 1862 2604
755 2 2 200 11 3361 608 4142
756 2 2 200 11 2779 995 4063
757 2 2 200 11 577 2536 2632
758 2 2 200 11 3231 3229 3991
759 2 2 200 11 480 2665 4176
760 2 2 200 11 2483 482 4093
761 2 2 200 11 373 374 2588
762 2 2 200 11 3839 2641 4153
763 2 2 200 11 1053 711 2910
764 2 2 200 11 2531 2532 2864
765 2 2 200 11 1003 1002 2768
766 2 2 200 11 4182 2869 4377
767 2 2 200 11 3210 469 4090
768 2 2 200 11 2570 2188 2571
769 2 2 200 11 519 626 627
770 2 2 200 11 626 521 2207
771 2 2 200 11 511 2523 4466
772 2 2 200 11 476 2359 2506
773 2 2 200 11 517 2421 2435
774 2 2 200 11 2734 2385 4154
775 2 2 200 11 2359 498 2513
776 2 2 200 11 532 2489 2927
777 2 2 200 11 2385 2734 4282
778 2 2 200 11 222 223 2970
779 2 2 200 11 16 17 2975
780 2 2 200 11 2370 522 2458
781 2 2 200 11 2907 1053 2910
782 2 2 200 11 518 2391 2392
783 2 2 200 11 539 2366 2457
784 2 2 200 11 705 703 2865
785 2 2 200 11 2361 540 2446
786 2 2 200 11 2677 2711 3993
787 2 2 200 11 523 2438 2528
788 2 2 200 11 541 2361 2362
789 2 2 200 11 2366 542 2427
790 2 2 200 11 1944 2204 4027
791 2 2 200 11 2151 2716 4460
792 2 2 200 11 608 3361 4208
793 2 2 200 11 510 336 2476
794 2 2 200 11 4151 2507 4225
795 2 2 200 11 2367 523 2368
796 2 2 200 11 514 2447 4286
797 2 2 200 11 531 2590 2591
798 2 2 200 11 2541 2210 3007
799 2 2 200 11 2354 429 4322
800 2 2 200 11 2357 416 4323
801 2 2 200 11 4219 571 4466
802 2 2 200 11 2896 535 3011
803 2 2 200 11 554 2367 2473
804 2 2 200 11 352 482 2691
805 2 2 200 11 1974 1996 3007
806 2 2 200 11 2888 3865 4213
807 2 2 200 11 469 3210 4160
808 2 2 200 11 2162 2822 4001
809 2 2 200 11 2331 3047 3048
810 2 2 200 11 63 3418 4230
811 2 2 200 11 2372 432 4327
812 2 2 200 11 4075 585 4269
813 2 2 200 11 1339 2921 4212
814 2 2 200 11 535 303 3011
815 2 2 200 11 466 2494 3918
816 2 2 200 11 1061 2496 2853
817 2 2 200 11 1031 2492 2766
818 2 2 200 11 1981 2211 2739
819 2 2 200 11 571 2730 4466
820 2 2 200 11 444 497 4261
821 2 2 200 11 2378 557 2542
822 2 2 200 11 3418 63 4340
823 2 2 200 11 2517 1773 3489
824 2 2 200 11 2716 2151 4341
825 2 2 200 11 559 2402 2512
826 2 2 200 11 2490 532 4431
827 2 2 200 11 2575 2492 2767
828 2 2 200 11 2478 2640 3905
829 2 2 200 11 545 2378 2570
830 2 2 200 11 4088 601 4165
831 2 2 200 11 646 2889 4213
832 2 2 200 11 718 720 2518
833 2 2 200 11 2476 337 4447
834 2 2 200 11 3312 3319 3356
835 2 2 200 11 619 4151 4225
836 2 2 200 11 613 2988 3971
837 2 2 200 11 1020 1031 2766
838 2 2 200 11 2024 2025 2769
839 2 2 200 11 2011 2012 2528
840 2 2 200 11 3965 2521 4325
841 2 2 200 11 2954 3953 3987
842 2 2 200 11 2524 2356 4206
843 2 2 200 11 715 713 2909
844 2 2 200 11 2031 2032 2537
845 2 2 200 11 1960 2385 2632
846 2 2 200 11 2610 2978 4252
847 2 2 200 11 2480 491 4358
848 2 2 200 11 1309 2776 4390
849 2 2 200 11 1982 2151 4460
850 2 2 200 11 2864 1941 4292
851 2 2 200 11 437 560 4275
852 2 2 200 11 4104 1673 4116
853 2 2 200 11 3270 4088 4165
854 2 2 200 11 2475 510 2476
855 2 2 200 11 2891 2889 4172
856 2 2 200 11 2486 1781 4248
857 2 2 200 11 3563 588 4281
858 2 2 200 11 2872 2870 3980
859 2 2 200 11 446 2487 4163
860 2 2 200 11 2628 2627 4019
861 2 2 200 11 3392 4113 4247
862 2 2 200 11 2768 2206 2769
863 2 2 200 11 3962 2423 3963
864 2 2 200 11 3675 597 3677
865 2 2 200 11 3892 2666 4076
866 2 2 200 11 2730 511 4466
867 2 2 200 11 4108 1874 4112
868 2 2 200 11 174 3908 4315
869 2 2 200 11 3231 3991 4053
870 2 2 200 11 2819 2427 4065
871 2 2 200 11 2669 491 4012
872 2 2 200 11 2623 312 4338
873 2 2 200 11 2578 2396 4006
874 2 2 200 11 2458 522 2537
875 2 2 200 11 2010 2577 2816
876 2 2 200 11 498 2358 2513
877 2 2 200 11 540 2431 2446
878 2 2 200 11 2649 2651 2652
879 2 2 200 11 2976 3877 4189
880 2 2 200 11 4162 2339 4186
881 2 2 200 11 1781 2486 4299
882 2 2 200 11 2229 1990 2813
883 2 2 200 11 2402 554 4356
884 2 2 200 11 2646 1746 3921
885 2 2 200 11 443 442 2356
886 2 2 200 11 445 444 2360
887 2 2 200 11 9 410 2355
888 2 2 200 11 417 416 2357
889 2 2 200 11 430 429 2354
890 2 2 200 11 3234 3231 4053
891 2 2 200 11 2689 351 2691
892 2 2 200 11 542 2472 2858
893 2 2 200 11 3953 3055 3987
894 2 2 200 11 4191 2382 4203
895 2 2 200 11 2696 4108 4112
896 2 2 200 11 2639 1985 2906
897 2 2 200 11 433 432 2372
898 2 2 200 11 440 439 2369
899 2 2 200 11 2753 2386 4404
900 2 2 200 11 550 2869 2870
901 2 2 200 11 611 3478 3480
902 2 2 200 11 3971 2988 4147
903 2 2 200 11 477 2370 2930
904 2 2 200 11 449 3603 3999
905 2 2 200 11 2414 3976 4180
906 2 2 200 11 435 434 2379
907 2 2 200 11 438 437 2371
908 2 2 200 11 1317 4135 4171
909 2 2 200 11 3860 2505 4139
910 2 2 200 11 604 2500 4231
911 2 2 200 11 175 610 3908
912 2 2 200 11 2459 1959 2632
913 2 2 200 11 577 2632 4282
914 2 2 200 11 2399 4191 4203
915 2 2 200 11 2947 3897 3898
916 2 2 200 11 4216 2613 4283
917 2 2 200 11 2215 1980 2640
918 2 2 200 11 517 431 2421
919 2 2 200 11 13 520 2421
920 2 2 200 11 420 476 2438
921 2 2 200 11 411 521 626
922 2 2 200 11 476 419 2359
923 2 2 200 11 418 498 2359
924 2 2 200 11 1531 2673 4445
925 2 2 200 11 614 165 3452
926 2 2 200 11 2233 3867 4057
927 2 2 200 11 477 441 2370
928 2 2 200 11 716 724 2573
929 2 2 200 11 1241 4021 4070
930 2 2 200 11 519 412 626
931 2 2 200 11 2215 2640 2868
932 2 2 200 11 12 540 2361
933 2 2 200 11 539 10 2366
934 2 2 200 11 413 519 2472
935 2 2 200 11 516 409 2463
936 2 2 200 11 3860 692 4199
937 2 2 200 11 543 2527 4357
938 2 2 200 11 518 428 2391
939 2 2 200 11 523 11 2438
940 2 2 200 11 2525 3967 4066
941 2 2 200 11 2158 2655 4365
942 2 2 200 11 542 414 2472
943 2 2 200 11 15 522 2370
944 2 2 200 11 541 426 2361
945 2 2 200 11 415 542 2366
946 2 2 200 11 2377 2376 4187
947 2 2 200 11 3478 611 3479
948 2 2 200 11 2421 520 4361
949 2 2 200 11 2672 1887 4445
950 2 2 200 11 1887 2672 4249
951 2 2 200 11 2272 4168 4234
952 2 2 200 11 2700 4029 4247
953 2 2 200 11 2577 2576 2816
954 2 2 200 11 3478 1987 3480
955 2 2 200 11 421 523 2367
956 2 2 200 11 2819 1961 4362
957 2 2 200 11 3877 556 4228
958 2 2 200 11 554 422 2367
959 2 2 200 11 408 545 2463
960 2 2 200 11 4190 2348 4196
961 2 2 200 11 3452 166 3955
962 2 2 200 11 467 3742 4046
963 2 2 200 11 521 2355 2420
964 2 2 200 11 2573 2215 2868
965 2 2 200 11 547 2586 2587
966 2 2 200 11 423 554 2402
967 2 2 200 11 4139 2505 4307
968 2 2 200 11 2571 2188 4353
969 2 2 200 11 2710 2855 4359
970 2 2 200 11 2970 223 4375
971 2 2 200 11 16 2975 4376
972 2 2 200 11 1773 2517 4044
973 2 2 200 11 1986 2495 3480
974 2 2 200 11 2674 2744 2748
975 2 2 200 11 4226 457 4316
976 2 2 200 11 2516 724 2518
977 2 2 200 11 2607 2610 2630
978 2 2 200 11 547 2585 2586
979 2 2 200 11 2438 476 4381
980 2 2 200 11 545 407 2378
981 2 2 200 11 2664 1606 4169
982 2 2 200 11 450 3809 3939
983 2 2 200 11 559 424 2402
984 2 2 200 11 724 2514 2573
985 2 2 200 11 2747 1955 4202
986 2 2 200 11 14 558 2400
987 2 2 200 11 406 557 2378
988 2 2 200 11 557 8 2429
989 2 2 200 11 714 2573 2868
990 2 2 200 11 2367 2368 4292
991 2 2 200 11 2527 380 4056
992 2 2 200 11 2636 2598 2836
993 2 2 200 11 4123 471 4188
994 2 2 200 11 1879 3416 4114
995 2 2 200 11 2711 2710 4359
996 2 2 200 11 2233 2752 3867
997 2 2 200 11 994 993 2811
998 2 2 200 11 2473 2367 4292
999 2 2 200 11 2576 2014 2816
1000 2 2 200 11 2066 2740 4064
1001 2 2 200 11 587 3936 4062
1002 2 2 200 11 26 3008 4192
1003 2 2 200 11 1984 1863 2604
1004 2 2 200 11 2950 495 4314
1005 2 2 200 11 993 2535 2811
1006 2 2 200 11 2066 1981 2739
1007 2 2 200 11 1061 2853 4137
1008 2 2 200 11 2777 2779 4063
1009 2 2 200 11 4141 2752 4159
1010 2 2 200 11 2418 2997 4328
1011 2 2 200 11 3275 4226 4316
1012 2 2 200 11 2856 2249 4024
1013 2 2 200 11 3008 26 4402
1014 2 2 200 11 2752 1023 3867
1015 2 2 200 11 2804 1267 2932
1016 2 2 200 11 1333 2572 2784
1017 2 2 200 11 2737 2211 2875
1018 2 2 200 11 2791 3923 4227
1019 2 2 200 11 3294 4123 4188
1020 2 2 200 11 1862 2003 2604
1021 2 2 200 11 2344 4141 4159
1022 2 2 200 11 4223 999 4343
1023 2 2 200 11 2520 2436 4039
1024 2 2 200 11 2637 2376 2986
1025 2 2 200 11 2506 1984 2604
1026 2 2 200 11 2630 2610 4252
1027 2 2 200 11 2649 2650 2651
1028 2 2 200 11 2003 2011 2603
1029 2 2 200 11 711 709 2910
1030 2 2 200 11 724 718 2518
1031 2 2 200 11 668 3865 4244
1032 2 2 200 11 263 264 2721
1033 2 2 200 11 2706 2707 4105
1034 2 2 200 11 2813 2233 4057
1035 2 2 200 11 4038 3879 4348
1036 2 2 200 11 2744 2674 4181
1037 2 2 200 11 4105 2707 4110
1038 2 2 200 11 2655 2158 4371
1039 2 2 200 11 214 551 4424
1040 2 2 200 11 2930 2658 4143
1041 2 2 200 11 2916 2983 4100
1042 2 2 200 11 2577 2010 2820
1043 2 2 200 11 164 614 3454
1044 2 2 200 11 470 163 3454
1045 2 2 200 11 2899 2932 4079
1046 2 2 200 11 4043 2564 4060
1047 2 2 200 11 2740 487 2749
1048 2 2 200 11 2255 4216 4283
1049 2 2 200 11 588 3563 4255
1050 2 2 200 11 601 3262 4026
1051 2 2 200 11 2578 4006 4385
1052 2 2 200 11 2331 3048 3049
1053 2 2 200 11 3479 461 4145
1054 2 2 200 11 2978 2610 4262
1055 2 2 200 11 2268 2194 2542
1056 2 2 200 11 2408 2924 4347
1057 2 2 200 11 1233 1231 2900
1058 2 2 200 11 2680 2745 2747
1059 2 2 200 11 2696 4112 4127
1060 2 2 200 11 3956 464 4146
1061 2 2 200 11 2804 2805 3886
1062 2 2 200 11 2822 2434 4001
1063 2 2 200 11 632 2474 4035
1064 2 2 200 11 2697 2696 4127
1065 2 2 200 11 3984 4089 4275
1066 2 2 200 11 1606 2664 4430
1067 2 2 200 11 2231 4296 4415
1068 2 2 200 11 2567 2411 3968
1069 2 2 200 11 1053 2907 2908
1070 2 2 200 11 3262 601 4088
1071 2 2 200 11 484 2844 4313
1072 2 2 200 11 3963 2423 4369
1073 2 2 200 11 1242 2898 2899
1074 2 2 200 11 2657 4256 4365
1075 2 2 200 11 2003 2603 2604
1076 2 2 200 11 3313 3316 3319
1077 2 2 200 11 1815 4043 4060
1078 2 2 200 11 3545 2612 4330
1079 2 2 200 11 2436 2538 4039
1080 2 2 200 11 2572 2225 2784
1081 2 2 200 11 534 2803 4439
1082 2 2 200 11 3254 3256 4444
1083 2 2 200 11 312 2623 4193
1084 2 2 200 11 2937 3704 4148
1085 2 2 200 11 3032 594 3889
1086 2 2 200 11 2680 2747 4202
1087 2 2 200 11 2541 586 3006
1088 2 2 200 11 704 706 2818
1089 2 2 200 11 453 3971 4147
1090 2 2 200 11 2673 1531 3506
1091 2 2 200 11 4364 2434 4438
1092 2 2 200 11 2701 1874 4108
1093 2 2 200 11 1267 2804 3886
1094 2 2 200 11 2395 3489 4124
1095 2 2 200 11 2697 1741 4064
1096 2 2 200 11 1492 2628 4258
1097 2 2 200 11 2803 534 4242
1098 2 2 200 11 3742 467 4315
1099 2 2 200 11 500 2985 4097
1100 2 2 200 11 560 3984 4275
1101 2 2 200 11 2405 3946 3947
1102 2 2 200 11 4021 2532 4070
1103 2 2 200 11 250 481 2650
1104 2 2 200 11 3313 3315 3316
1105 2 2 200 11 3209 609 4221
1106 2 2 200 11 350 351 2689
1107 2 2 200 11 1990 2233 2813
1108 2 2 200 11 583 2657 4207
1109 2 2 200 11 263 2721 2722
1110 2 2 200 11 593 2948 2950
1111 2 2 200 11 2612 479 4330
1112 2 2 200 11 2620 623 2866
1113 2 2 200 11 3312 3313 3319
1114 2 2 200 11 3319 1864 3356
1115 2 2 200 11 585 2507 4151
1116 2 2 200 11 2481 2249 2856
1117 2 2 200 11 3380 599 4318
1118 2 2 200 11 304 305 4082
1119 2 2 200 11 2673 2672 4445
1120 2 2 200 11 3944 3056 3957
1121 2 2 200 11 2997 2418 4301
1122 2 2 200 11 2628 1492 4349
1123 2 2 200 11 374 547 2588
1124 2 2 200 11 4396 2433 4408
1125 2 2 200 11 1727 2532 4021
1126 2 2 200 11 2533 2409 4345
1127 2 2 200 11 2458 2537 4201
1128 2 2 200 11 2898 1242 3857
1129 2 2 200 11 2463 545 4415
1130 2 2 200 11 2434 2822 4438
1131 2 2 200 11 609 3209 4303
1132 2 2 200 11 2523 511 4049
1133 2 2 200 11 2231 2401 4296
1134 2 2 200 11 623 2620 2623
1135 2 2 200 11 997 994 2811
1136 2 2 200 11 4113 2701 4247
1137 2 2 200 11 2518 3892 4076
1138 2 2 200 11 3316 3318 3319
1139 2 2 200 11 3256 3252 4277
1140 2 2 200 11 2410 2539 4050
1141 2 2 200 11 715 2909 2983
1142 2 2 200 11 2795 2898 3857
1143 2 2 200 11 4114 3416 4194
1144 2 2 200 11 713 1053 2909
1145 2 2 200 11 3004 2439 4167
1146 2 2 200 11 2355 410 4413
1147 2 2 200 11 2510 468 4400
1148 2 2 200 11 2011 2528 4381
1149 2 2 200 11 249 250 2650
1150 2 2 200 11 2416 4284 4383
1151 2 2 200 11 2507 585 4075
1152 2 2 200 11 547 375 2585
1153 2 2 200 11 479 2612 2902
1154 2 2 200 11 990 989 2812
1155 2 2 200 11 2691 2692 4379
1156 2 2 200 11 2535 993 2812
1157 2 2 200 11 2665 480 2867
1158 2 2 200 11 2540 1813 2846
1159 2 2 200 11 303 304 3011
1160 2 2 200 11 2807 2808 4488
1161 2 2 200 11 4099 1838 4139
1162 2 2 200 11 2773 4223 4343
1163 2 2 200 11 1813 1785 2846
1164 2 2 200 11 2013 2538 3907
1165 2 2 200 11 2196 4236 4276
1166 2 2 200 11 2700 2702 4029
1167 2 2 200 11 2784 2225 4201
1168 2 2 200 11 1758 4044 4047
1169 2 2 200 11 2811 2229 2813
1170 2 2 200 11 2698 2749 2860
1171 2 2 200 11 2369 439 4425
1172 2 2 200 11 459 4162 4186
1173 2 2 200 11 2609 2607 2630
1174 2 2 200 11 2848 2416 4383
1175 2 2 200 11 2835 4104 4116
1176 2 2 200 11 2983 2909 4100
1177 2 2 200 11 461 3479 4367
1178 2 2 200 11 485 2719 2720
1179 2 2 200 11 2356 442 4428
1180 2 2 200 11 2690 2691 4379
1181 2 2 200 11 3993 2711 4359
1182 2 2 200 11 2524 2162 4001
1183 2 2 200 11 2446 2431 4396
1184 2 2 200 11 2602 2547 4032
1185 2 2 200 11 4135 2771 4171
1186 2 2 200 11 603 3314 4177
1187 2 2 200 11 2626 2609 2629
1188 2 2 200 11 2518 720 3892
1189 2 2 200 11 2528 2012 2531
1190 2 2 200 11 2609 2626 2817
1191 2 2 200 11 380 381 4056
1192 2 2 200 11 485 2718 2719
1193 2 2 200 11 2472 519 4436
1194 2 2 200 11 1874 2701 4113
1195 2 2 200 11 2466 2424 4121
1196 2 2 200 11 2379 434 4433
1197 2 2 200 11 2745 2680 2839
1198 2 2 200 11 2711 2677 2840
1199 2 2 200 11 3204 3202 3205
1200 2 2 200 11 2564 1807 4020
1201 2 2 200 11 989 2601 2812
1202 2 2 200 11 2657 583 4256
1203 2 2 200 11 2420 2355 4479
1204 2 2 200 11 2491 474 4288
1205 2 2 200 11 2691 482 2692
1206 2 2 200 11 3032 3889 4394
1207 2 2 200 11 3418 3417 4230
1208 2 2 200 11 1741 3442 4064
1209 2 2 200 11 447 2508 4354
1210 2 2 200 11 3939 3809 4344
1211 2 2 200 11 429 518 4322
1212 2 2 200 11 3824 4087 4122
1213 2 2 200 11 416 539 4323
1214 2 2 200 11 2722 2721 4260
1215 2 2 200 11 432 517 4327
1216 2 2 200 11 2562 2565 4427
1217 2 2 200 11 3361 474 4208
1218 2 2 200 11 555 2971 3875
1219 2 2 200 11 2932 1267 4079
1220 2 2 200 11 2628 4019 4258
1221 2 2 200 11 1245 2639 2818
1222 2 2 200 11 477 2930 4143
1223 2 2 200 11 277 278 2702
1224 2 2 200 11 1879 2706 4105
1225 2 2 200 11 1241 2566 2829
1226 2 2 200 11 1242 2899 2900
1227 2 2 200 11 2884 2897 4067
1228 2 2 200 11 2479 615 4378
1229 2 2 200 11 2578 502 2579
1230 2 2 200 11 2739 487 2740
1231 2 2 200 11 2513 1985 4384
1232 2 2 200 11 1744 704 2818
1233 2 2 200 11 2924 537 4347
1234 2 2 200 11 474 3361 4288
1235 2 2 200 11 2563 1815 4060
1236 2 2 200 11 230 2856 4024
1237 2 2 200 11 1237 1233 2900
1238 2 2 200 11 2172 2972 4083
1239 2 2 200 11 2723 3707 4072
1240 2 2 200 11 2370 2458 4317
1241 2 2 200 11 2948 593 2951
1242 2 2 200 11 4042 2801 4232
1243 2 2 200 11 2140 2658 2930
1244 2 2 200 11 465 4038 4348
1245 2 2 200 11 3976 2414 4378
1246 2 2 200 11 516 2463 4296
1247 2 2 200 11 474 2491 4380
1248 2 2 200 11 1955 2747 4107
1249 2 2 200 11 1899 2209 4214
1250 2 2 200 11 3315 3314 4319
1251 2 2 200 11 1028 723 2984
1252 2 2 200 11 278 489 2702
1253 2 2 200 11 2521 460 4133
1254 2 2 200 11 2872 1847 4454
1255 2 2 200 11 2462 4248 4393
1256 2 2 200 11 3828 446 4291
1257 2 2 200 11 2599 697 4204
1258 2 2 200 11 2912 2250 4034
1259 2 2 200 11 2706 1879 4114
1260 2 2 200 11 2581 2582 2583
1261 2 2 200 11 3976 475 4180
1262 2 2 200 11 2605 1028 2984
1263 2 2 200 11 2575 1763 2876
1264 2 2 200 11 2593 2594 2600
1265 2 2 200 11 2431 2433 4396
1266 2 2 200 11 2683 2682 2751
1267 2 2 200 11 2650 481 2651
1268 2 2 200 11 4236 2708 4276
1269 2 2 200 11 2026 2575 2876
1270 2 2 200 11 4139 1838 4280
1271 2 2 200 11 3602 3603 4267
1272 2 2 200 11 557 2429 4184
1273 2 2 200 11 536 2543 4305
1274 2 2 200 11 4029 2193 4247
1275 2 2 200 11 2707 2704 2708
1276 2 2 200 11 586 2541 3007
1277 2 2 200 11 706 1245 2818
1278 2 2 200 11 2014 2576 2933
1279 2 2 200 11 148 149 3931
1280 2 2 200 11 375 376 2585
1281 2 2 200 11 247 512 2643
1282 2 2 200 11 3704 691 4148
1283 2 2 200 11 264 485 2721
1284 2 2 200 11 2871 2870 2872
1285 2 2 200 11 201 2874 4414
1286 2 2 200 11 427 541 4477
1287 2 2 200 11 993 990 2812
1288 2 2 200 11 2641 2509 4235
1289 2 2 200 11 563 2581 2583
1290 2 2 200 11 2740 2698 4064
1291 2 2 200 11 2391 427 4477
1292 2 2 200 11 2400 558 4196
1293 2 2 200 11 2593 548 2594
1294 2 2 200 11 684 2858 4436
1295 2 2 200 11 3314 603 4319
1296 2 2 200 11 2572 1333 2857
1297 2 2 200 11 1231 1242 2900
1298 2 2 200 11 1279 2789 2981
1299 2 2 200 11 471 3234 4053
1300 2 2 200 11 3336 613 4468
1301 2 2 200 11 1785 1788 2846
1302 2 2 200 11 2684 504 2687
1303 2 2 200 11 2929 4069 4157
1304 2 2 200 11 615 2479 4279
1305 2 2 200 11 2579 502 2580
1306 2 2 200 11 2894 4136 4417
1307 2 2 200 11 2716 2713 2717
1308 2 2 200 11 2568 1809 3926
1309 2 2 200 11 4087 2563 4122
1310 2 2 200 11 2648 249 2650
1311 2 2 200 11 2642 2643 3842
1312 2 2 200 11 2912 1049 2916
1313 2 2 200 11 3676 3879 4038
1314 2 2 200 11 1754 2652 3745
1315 2 2 200 11 2643 512 2644
1316 2 2 200 11 2786 2789 3869
1317 2 2 200 11 2878 3840 3927
1318 2 2 200 11 2641 499 4153
1319 2 2 200 11 271 487 2738
1320 2 2 200 11 331 488 2736
1321 2 2 200 11 684 686 2858
1322 2 2 200 11 563 377 2581
1323 2 2 200 11 544 232 2592
1324 2 2 200 11 614 3453 3454
1325 2 2 200 11 80 81 3933
1326 2 2 200 11 636 3840 3841
1327 2 2 200 11 235 548 2593
1328 2 2 200 11 2348 2350 4196
1329 2 2 200 11 2930 2370 4317
1330 2 2 200 11 2622 2897 4117
1331 2 2 200 11 2358 2533 4297
1332 2 2 200 11 7 448 2624
1333 2 2 200 11 2874 201 4241
1334 2 2 200 11 3234 471 4123
1335 2 2 200 11 2428 2880 4286
1336 2 2 200 11 1225 1223 2989
1337 2 2 200 11 1003 2768 2769
1338 2 2 200 11 4044 2364 4047
1339 2 2 200 11 2687 504 2688
1340 2 2 200 11 2710 2709 2854
1341 2 2 200 11 237 2636 2836
1342 2 2 200 11 2533 2906 4297
1343 2 2 200 11 3004 4167 4471
1344 2 2 200 11 2629 2609 2630
1345 2 2 200 11 1741 2697 4127
1346 2 2 200 11 2916 1049 2983
1347 2 2 200 11 2789 1279 3869
1348 2 2 200 11 370 2637 2986
1349 2 2 200 11 2699 575 2700
1350 2 2 200 11 486 2841 2842
1351 2 2 200 11 484 2843 2844
1352 2 2 200 11 3011 304 4082
1353 2 2 200 11 2806 1228 2989
1354 2 2 200 11 2536 2459 2632
1355 2 2 200 11 312 313 4338
1356 2 2 200 11 4118 677 4119
1357 2 2 200 11 3315 4319 4475
1358 2 2 200 11 133 134 3938
1359 2 2 200 11 2877 2222 3868
1360 2 2 200 11 2513 2358 4297
1361 2 2 200 11 566 2614 2615
1362 2 2 200 11 4238 2484 4465
1363 2 2 200 11 1815 2563 4087
1364 2 2 200 11 2502 2500 4266
1365 2 2 200 11 504 350 2689
1366 2 2 200 11 2614 527 2619
1367 2 2 200 11 2587 2586 2646
1368 2 2 200 11 1412 1864 3320
1369 2 2 200 11 1411 1412 3320
1370 2 2 200 11 2738 487 2739
1371 2 2 200 11 2529 2476 4447
1372 2 2 200 11 2601 989 2834
1373 2 2 200 11 560 436 4490
1374 2 2 200 11 2653 2654 2655
1375 2 2 200 11 436 2400 4490
1376 2 2 200 11 2750 2729 3089
1377 2 2 200 11 2674 2748 3098
1378 2 2 200 11 82 83 3942
1379 2 2 200 11 511 262 2722
1380 2 2 200 11 485 265 2718
1381 2 2 200 11 489 279 2683
1382 2 2 200 11 4024 2249 4071
1383 2 2 200 11 224 623 4338
1384 2 2 200 11 566 227 2614
1385 2 2 200 11 383 565 2613
1386 2 2 200 11 2462 2486 4248
1387 2 2 200 11 596 2525 4395
1388 2 2 200 11 1820 1808 2755
1389 2 2 200 11 2399 4203 4215
1390 2 2 200 11 2812 2601 2923
1391 2 2 200 11 2624 448 2625
1392 2 2 200 11 1807 4003 4020
1393 2 2 200 11 2816 2014 2904
1394 2 2 200 11 2023 2026 2876
1395 2 2 200 11 4050 2539 4437
1396 2 2 200 11 2619 4118 4119
1397 2 2 200 11 262 263 2722
1398 2 2 200 11 2647 2382 4179
1399 2 2 200 11 2764 665 4040
1400 2 2 200 11 2475 2476 2477
1401 2 2 200 11 697 2599 4461
1402 2 2 200 11 2886 2926 2958
1403 2 2 200 11 636 3841 3928
1404 2 2 200 11 2668 2669 2670
1405 2 2 200 11 2517 2364 4044
1406 2 2 200 11 2724 2725 2753
1407 2 2 200 11 1807 2564 4043
1408 2 2 200 11 2713 2712 2717
1409 2 2 200 11 2678 2679 2681
1410 2 2 200 11 2704 2703 2708
1411 2 2 200 11 2653 622 2654
1412 2 2 200 11 554 4027 4356
1413 2 2 200 11 2468 2764 4040
1414 2 2 200 11 1391 1060 2831
1415 2 2 200 11 2066 2739 2740
1416 2 2 200 11 518 2392 2393
1417 2 2 200 11 2806 2795 3857
1418 2 2 200 11 3840 636 3927
1419 2 2 200 11 2508 2399 4215
1420 2 2 200 11 854 853 3829
1421 2 2 200 11 2675 2676 2877
1422 2 2 200 11 541 2362 2363
1423 2 2 200 11 1951 1860 4237
1424 2 2 200 11 2032 1857 2783
1425 2 2 200 11 519 627 628
1426 2 2 200 11 317 479 2902
1427 2 2 200 11 476 2506 2603
1428 2 2 200 11 2207 521 2420
1429 2 2 200 11 2566 1241 4070
1430 2 2 200 11 4130 1951 4217
1431 2 2 200 11 3800 2148 3842
1432 2 2 200 11 3864 219 4308
1433 2 2 200 11 725 727 2757
1434 2 2 200 11 985 2754 2834
1435 2 2 200 11 3044 2259 3797
1436 2 2 200 11 539 2457 2519
1437 2 2 200 11 640 676 2781
1438 2 2 200 11 1279 2981 2989
1439 2 2 200 11 2520 4039 4125
1440 2 2 200 11 623 225 2866
1441 2 2 200 11 2858 2472 4436
1442 2 2 200 11 2583 2582 4111
1443 2 2 200 11 517 2435 2436
1444 2 2 200 11 723 721 2984
1445 2 2 200 11 385 622 2653
1446 2 2 200 11 1763 2575 3853
1447 2 2 200 11 538 2926 2961
1448 2 2 200 11 2631 1484 4485
1449 2 2 200 11 2519 1997 4345
1450 2 2 200 11 248 249 2648
1451 2 2 200 11 1028 2605 3044
1452 2 2 200 11 2803 2801 4042
1453 2 2 200 11 2693 575 2699
1454 2 2 200 11 507 2695 2860
1455 2 2 200 11 3837 2967 3978
1456 2 2 200 11 2810 1786 3913
1457 2 2 200 11 2666 731 2667
1458 2 2 200 11 2783 1333 2784
1459 2 2 200 11 2598 2595 2836
1460 2 2 200 11 558 4190 4196
1461 2 2 200 11 2574 607 3974
1462 2 2 200 11 2756 1211 2758
1463 2 2 200 11 2729 4086 4464
1464 2 2 200 11 4003 2568 4020
1465 2 2 200 11 2847 2142 2850
1466 2 2 200 11 480 360 2867
1467 2 2 200 11 3048 35 3049
1468 2 2 200 11 2680 503 2839
1469 2 2 200 11 489 2683 2751
1470 2 2 200 11 2677 490 2840
1471 2 2 200 11 2744 478 2748
1472 2 2 200 11 573 2705 2841
1473 2 2 200 11 576 2686 2843
1474 2 2 200 11 575 277 2702
1475 2 2 200 11 1211 2075 2758
1476 2 2 200 11 2015 2847 2850
1477 2 2 200 11 35 36 3049
1478 2 2 200 11 731 2666 3892
1479 2 2 200 11 2569 2450 4091
1480 2 2 200 11 265 266 2718
1481 2 2 200 11 279 280 2683
1482 2 2 200 11 1049 2912 4034
1483 2 2 200 11 2668 491 2669
1484 2 2 200 11 570 2724 2753
1485 2 2 200 11 2553 2564 4020
1486 2 2 200 11 2457 2366 4362
1487 2 2 200 11 578 2712 2713
1488 2 2 200 11 574 2709 2710
1489 2 2 200 11 572 2678 2681
1490 2 2 200 11 488 2733 2734
1491 2 2 200 11 507 2693 2694
1492 2 2 200 11 2703 505 2708
1493 2 2 200 11 858 857 3790
1494 2 2 200 11 290 491 2668
1495 2 2 200 11 503 283 2839
1496 2 2 200 11 568 323 2675
1497 2 2 200 11 570 253 2724
1498 2 2 200 11 252 570 2731
1499 2 2 200 11 490 325 2840
1500 2 2 200 11 508 356 2723
1501 2 2 200 11 261 511 2730
1502 2 2 200 11 2749 273 2860
1503 2 2 200 11 259 571 2732
1504 2 2 200 11 574 327 2709
1505 2 2 200 11 578 267 2712
1506 2 2 200 11 572 281 2678
1507 2 2 200 11 507 275 2693
1508 2 2 200 11 349 504 2684
1509 2 2 200 11 342 505 2703
1510 2 2 200 11 2595 548 2836
1511 2 2 200 11 340 573 2841
1512 2 2 200 11 347 576 2843
1513 2 2 200 11 488 332 2733
1514 2 2 200 11 2366 2427 4362
1515 2 2 200 11 2187 2545 4010
1516 2 2 200 11 219 3864 4352
1517 2 2 200 11 2781 676 2782
1518 2 2 200 11 425 559 4497
1519 2 2 200 11 2009 2781 2782
1520 2 2 200 11 658 2014 2933
1521 2 2 200 11 2419 2418 4328
1522 2 2 200 11 2729 2750 4086
1523 2 2 200 11 4179 2382 4191
1524 2 2 200 11 2829 2566 3834
1525 2 2 200 11 857 2825 3790
1526 2 2 200 11 2429 425 4497
1527 2 2 200 11 2695 2698 2860
1528 2 2 200 11 2046 2808 2809
1529 2 2 200 11 1940 1766 2851
1530 2 2 200 11 2014 656 2904
1531 2 2 200 11 2764 2765 4061
1532 2 2 200 11 2767 1031 2807
1533 2 2 200 11 528 3873 4326
1534 2 2 200 11 3203 609 4303
1535 2 2 200 11 2824 1255 3945
1536 2 2 200 11 2601 2258 2923
1537 2 2 200 11 2013 1803 2814
1538 2 2 200 11 2474 2207 4166
1539 2 2 200 11 2596 2599 4204
1540 2 2 200 11 698 1997 2815
1541 2 2 200 11 547 2587 2588
1542 2 2 200 11 1788 1790 3896
1543 2 2 200 11 294 7 2624
1544 2 2 200 11 568 2675 2877
1545 2 2 200 11 2569 589 4018
1546 2 2 200 11 2846 1788 3896
1547 2 2 200 11 2405 3947 4335
1548 2 2 200 11 986 985 2834
1549 2 2 200 11 2758 2075 2759
1550 2 2 200 11 1857 1335 2783
1551 2 2 200 11 2972 2172 4412
1552 2 2 200 11 2775 1313 4390
1553 2 2 200 11 2652 1754 4360
1554 2 2 200 11 2220 2658 2851
1555 2 2 200 11 36 549 3049
1556 2 2 200 11 2828 661 3983
1557 2 2 200 11 1058 1391 2821
1558 2 2 200 11 1228 1225 2989
1559 2 2 200 11 538 2961 3904
1560 2 2 200 11 1228 2806 3857
1561 2 2 200 11 1808 1811 2755
1562 2 2 200 11 997 2811 2813
1563 2 2 200 11 3941 2583 4111
1564 2 2 200 11 545 2570 2571
1565 2 2 200 11 2032 2783 2784
1566 2 2 200 11 849 847 2993
1567 2 2 200 11 246 247 2643
1568 2 2 200 11 1028 3044 3797
1569 2 2 200 11 4217 1951 4237
1570 2 2 200 11 2698 2697 4064
1571 2 2 200 11 2626 448 2817
1572 2 2 200 11 2754 985 2905
1573 2 2 200 11 3489 1777 4124
1574 2 2 200 11 2227 2824 3945
1575 2 2 200 11 1074 1072 2920
1576 2 2 200 11 853 2994 3829
1577 2 2 200 11 486 2529 4447
1578 2 2 200 11 1236 2829 3834
1579 2 2 200 11 1030 1044 2807
1580 2 2 200 11 1809 3856 3926
1581 2 2 200 11 2947 3898 4264
1582 2 2 200 11 3005 2256 3805
1583 2 2 200 11 2606 2609 2817
1584 2 2 200 11 231 544 2856
1585 2 2 200 11 2497 2865 4212
1586 2 2 200 11 1223 1279 2989
1587 2 2 200 11 734 3005 3805
1588 2 2 200 11 1238 1241 2829
1589 2 2 200 11 270 271 2738
1590 2 2 200 11 330 331 2736
1591 2 2 200 11 2351 2736 4333
1592 2 2 200 11 2243 2910 4137
1593 2 2 200 11 2159 2810 3913
1594 2 2 200 11 149 606 3931
1595 2 2 200 11 455 148 3931
1596 2 2 200 11 2849 1902 2999
1597 2 2 200 11 2537 2032 4201
1598 2 2 200 11 2173 2828 3983
1599 2 2 200 11 2266 2849 2999
1600 2 2 200 11 238 530 2636
1601 2 2 200 11 2616 2620 2866
1602 2 2 200 11 989 986 2834
1603 2 2 200 11 1817 1797 2852
1604 2 2 200 11 2258 2931 3871
1605 2 2 200 11 2598 2636 4306
1606 2 2 200 11 458 3204 4081
1607 2 2 200 11 688 690 2819
1608 2 2 200 11 2852 2013 3907
1609 2 2 200 11 1321 2023 3849
1610 2 2 200 11 371 531 2637
1611 2 2 200 11 1333 1329 2857
1612 2 2 200 11 1809 2568 4003
1613 2 2 200 11 2428 3882 4480
1614 2 2 200 11 2023 2876 3849
1615 2 2 200 11 702 1744 2832
1616 2 2 200 11 731 725 2757
1617 2 2 200 11 563 2583 2584
1618 2 2 200 11 2572 2857 3826
1619 2 2 200 11 1211 2756 2993
1620 2 2 200 11 2453 2480 4084
1621 2 2 200 11 642 640 2781
1622 2 2 200 11 2726 506 3089
1623 2 2 200 11 3315 473 3316
1624 2 2 200 11 567 2671 3098
1625 2 2 200 11 2857 1327 3826
1626 2 2 200 11 368 499 2641
1627 2 2 200 11 2769 2025 2770
1628 2 2 200 11 167 459 3955
1629 2 2 200 11 3944 3957 4443
1630 2 2 200 11 3565 3563 4281
1631 2 2 200 11 2807 1044 2808
1632 2 2 200 11 2594 548 2595
1633 2 2 200 11 981 979 2905
1634 2 2 200 11 1797 1798 2852
1635 2 2 200 11 485 2720 2721
1636 2 2 200 11 2785 1244 3847
1637 2 2 200 11 2658 1940 2851
1638 2 2 200 11 2785 2786 3869
1639 2 2 200 11 2549 2568 3926
1640 2 2 200 11 1984 2506 4384
1641 2 2 200 11 2535 2812 2923
1642 2 2 200 11 376 563 2585
1643 2 2 200 11 1728 1941 2864
1644 2 2 200 11 2709 509 2854
1645 2 2 200 11 2567 592 4054
1646 2 2 200 11 1884 1074 2920
1647 2 2 200 11 2800 2804 2932
1648 2 2 200 11 2659 501 2660
1649 2 2 200 11 600 80 3933
1650 2 2 200 11 81 456 3933
1651 2 2 200 11 3856 2545 3926
1652 2 2 200 11 566 2616 2866
1653 2 2 200 11 2661 2665 2867
1654 2 2 200 11 4130 4217 4387
1655 2 2 200 11 738 2862 3662
1656 2 2 200 11 3204 3205 3206
1657 2 2 200 11 2602 4032 4450
1658 2 2 200 11 2926 2886 2961
1659 2 2 200 11 2923 2258 3871
1660 2 2 200 11 2642 246 2643
1661 2 2 200 11 2862 2863 3662
1662 2 2 200 11 2625 2456 4198
1663 2 2 200 11 3882 4256 4480
1664 2 2 200 11 2615 2614 2619
1665 2 2 200 11 3725 2136 3883
1666 2 2 200 11 1755 1953 2830
1667 2 2 200 11 1072 2919 2920
1668 2 2 200 11 1532 1535 3506
1669 2 2 200 11 1048 2809 4478
1670 2 2 200 11 1060 1269 2831
1671 2 2 200 11 2926 307 2958
1672 2 2 200 11 34 35 3048
1673 2 2 200 11 1976 1998 2911
1674 2 2 200 11 2845 1062 2982
1675 2 2 200 11 679 683 2231
1676 2 2 200 11 609 3203 4392
1677 2 2 200 11 134 532 3938
1678 2 2 200 11 595 133 3938
1679 2 2 200 11 1766 1768 2851
1680 2 2 200 11 2827 1219 3825
1681 2 2 200 11 2667 731 2757
1682 2 2 200 11 2240 2243 2853
1683 2 2 200 11 1031 1030 2807
1684 2 2 200 11 1062 2845 2905
1685 2 2 200 11 683 669 2933
1686 2 2 200 11 2841 2705 2842
1687 2 2 200 11 2843 2686 2844
1688 2 2 200 11 520 3916 4361
1689 2 2 200 11 991 2837 2838
1690 2 2 200 11 2981 2806 2989
1691 2 2 200 11 1830 1875 2005
1692 2 2 200 11 2594 2595 2596
1693 2 2 200 11 2877 3868 4442
1694 2 2 200 11 3026 861 3912
1695 2 2 200 11 2758 2759 2760
1696 2 2 200 11 2248 2601 2834
1697 2 2 200 11 2612 3545 4240
1698 2 2 200 11 3886 2805 4290
1699 2 2 200 11 2757 3837 3978
1700 2 2 200 11 2576 683 2933
1701 2 2 200 11 2742 478 2743
1702 2 2 200 11 1072 1067 2919
1703 2 2 200 11 2863 3595 3662
1704 2 2 200 11 3047 2331 4374
1705 2 2 200 11 2737 270 2738
1706 2 2 200 11 2735 330 2736
1707 2 2 200 11 83 598 3942
1708 2 2 200 11 456 82 3942
1709 2 2 200 11 3873 528 4421
1710 2 2 200 11 377 378 2581
1711 2 2 200 11 2000 4175 4200
1712 2 2 200 11 232 233 2592
1713 2 2 200 11 234 235 2593
1714 2 2 200 11 1304 2833 2935
1715 2 2 200 11 216 2534 4332
1716 2 2 200 11 3045 580 3046
1717 2 2 200 11 2617 4149 4164
1718 2 2 200 11 2757 727 3837
1719 2 2 200 11 1244 3843 3847
1720 2 2 200 11 1858 1857 2031
1721 2 2 200 11 857 854 3829
1722 2 2 200 11 2760 2759 2956
1723 2 2 200 11 2543 2561 4305
1724 2 2 200 11 2640 1043 2868
1725 2 2 200 11 2606 562 2607
1726 2 2 200 11 679 669 683
1727 2 2 200 11 1269 2830 2831
1728 2 2 200 11 670 669 679
1729 2 2 200 11 1816 1817 2182
1730 2 2 200 11 847 1211 2993
1731 2 2 200 11 1235 1238 2829
1732 2 2 200 11 2231 683 2401
1733 2 2 200 11 236 237 2836
1734 2 2 200 11 1727 1728 2864
1735 2 2 200 11 853 849 2993
1736 2 2 200 11 2581 543 2582
1737 2 2 200 11 564 2593 2600
1738 2 2 200 11 1728 1848 1941
1739 2 2 200 11 1252 1922 3874
1740 2 2 200 11 1952 4047 4210
1741 2 2 200 11 2596 2597 2599
1742 2 2 200 11 1755 1756 1952
1743 2 2 200 11 2612 2608 2902
1744 2 2 200 11 1509 4011 4025
1745 2 2 200 11 1520 1519 1862
1746 2 2 200 11 2182 1817 2183
1747 2 2 200 11 861 858 3790
1748 2 2 200 11 2690 3538 4104
1749 2 2 200 11 1055 1058 2821
1750 2 2 200 11 2754 2248 2834
1751 2 2 200 11 393 2924 2925
1752 2 2 200 11 694 696 1961
1753 2 2 200 11 2871 2872 2873
1754 2 2 200 11 1227 1230 2935
1755 2 2 200 11 515 2881 2882
1756 2 2 200 11 1816 1797 1817
1757 2 2 200 11 2150 3920 4008
1758 2 2 200 11 1795 1797 1816
1759 2 2 200 11 362 501 2659
1760 2 2 200 11 2644 512 2645
1761 2 2 200 11 985 981 2905
1762 2 2 200 11 2259 3789 3797
1763 2 2 200 11 3843 2827 3847
1764 2 2 200 11 2221 2107 2937
1765 2 2 200 11 1801 1803 2013
1766 2 2 200 11 1244 2785 3869
1767 2 2 200 11 681 3725 3883
1768 2 2 200 11 2259 3005 3789
1769 2 2 200 11 672 2009 2010
1770 2 2 200 11 1266 1303 1727
1771 2 2 200 11 2561 3901 4128
1772 2 2 200 11 1805 1808 1820
1773 2 2 200 11 698 700 1997
1774 2 2 200 11 1836 1335 1857
1775 2 2 200 11 1798 1801 2852
1776 2 2 200 11 227 228 2614
1777 2 2 200 11 382 383 2613
1778 2 2 200 11 672 650 2009
1779 2 2 200 11 566 2615 2616
1780 2 2 200 11 2409 2519 4345
1781 2 2 200 11 1755 1952 1953
1782 2 2 200 11 2659 2661 2867
1783 2 2 200 11 3495 3494 3496
1784 2 2 200 11 658 656 2014
1785 2 2 200 11 1269 1522 2830
1786 2 2 200 11 1803 1805 2814
1787 2 2 200 11 3800 3842 4363
1788 2 2 200 11 3046 580 3047
1789 2 2 200 11 2004 1713 2879
1790 2 2 200 11 1805 1820 2814
1791 2 2 200 11 2778 2936 4157
1792 2 2 200 11 1522 1747 1755
1793 2 2 200 11 574 2711 2840
1794 2 2 200 11 1234 1233 1235
1795 2 2 200 11 2325 3491 3749
1796 2 2 200 11 3852 2893 4407
1797 2 2 200 11 2687 2688 2835
1798 2 2 200 11 2688 504 2689
1799 2 2 200 11 2588 2587 2589
1800 2 2 200 11 1331 1329 1333
1801 2 2 200 11 1902 2849 3748
1802 2 2 200 11 1238 1240 1241
1803 2 2 200 11 2270 2268 4184
1804 2 2 200 11 1505 3491 3492
1805 2 2 200 11 207 208 620
1806 2 2 200 11 31 32 621
1807 2 2 200 11 1961 696 2815
1808 2 2 200 11 394 537 2924
1809 2 2 200 11 1978 1976 2911
1810 2 2 200 11 1522 1755 2830
1811 2 2 200 11 2017 2260 2994
1812 2 2 200 11 1058 1060 1391
1813 2 2 200 11 1792 4016 4036
1814 2 2 200 11 2699 2700 2701
1815 2 2 200 11 1862 2002 2003
1816 2 2 200 11 2700 575 2702
1817 2 2 200 11 1944 2203 2204
1818 2 2 200 11 1232 1231 1233
1819 2 2 200 11 2579 2580 2957
1820 2 2 200 11 696 698 2815
1821 2 2 200 11 2594 2596 4099
1822 2 2 200 11 1051 1055 1056
1823 2 2 200 11 690 694 2819
1824 2 2 200 11 6 562 2606
1825 2 2 200 11 1335 1331 2783
1826 2 2 200 11 1811 1830 2755
1827 2 2 200 11 1830 1831 1875
1828 2 2 200 11 2825 857 3829
1829 2 2 200 11 1236 1235 2829
1830 2 2 200 11 1605 1608 2931
1831 2 2 200 11 29 30 618
1832 2 2 200 11 209 210 619
1833 2 2 200 11 512 248 2648
1834 2 2 200 11 27 28 586
1835 2 2 200 11 211 212 585
1836 2 2 200 11 391 514 2880
1837 2 2 200 11 515 309 2881
1838 2 2 200 11 245 246 2642
1839 2 2 200 11 979 1062 2905
1840 2 2 200 11 2031 1857 2032
1841 2 2 200 11 515 2883 2958
1842 2 2 200 11 3914 3470 3915
1843 2 2 200 11 2386 2387 4052
1844 2 2 200 11 1518 1299 1519
1845 2 2 200 11 1326 1325 1327
1846 2 2 200 11 1505 3492 3495
1847 2 2 200 11 525 401 2901
1848 2 2 200 11 1783 1785 1813
1849 2 2 200 11 280 572 2683
1850 2 2 200 11 1329 1326 2857
1851 2 2 200 11 266 578 2718
1852 2 2 200 11 2742 2745 2839
1853 2 2 200 11 2666 2252 4076
1854 2 2 200 11 865 862 3026
1855 2 2 200 11 225 226 2866
1856 2 2 200 11 369 370 2986
1857 2 2 200 11 1872 2715 4250
1858 2 2 200 11 1234 1235 1236
1859 2 2 200 11 384 385 2653
1860 2 2 200 11 3491 1505 3749
1861 2 2 200 11 1765 1766 1940
1862 2 2 200 11 1922 2029 2991
1863 2 2 200 11 2033 2861 2960
1864 2 2 200 11 1219 3817 3825
1865 2 2 200 11 2995 3094 3787
1866 2 2 200 11 2729 2726 3089
1867 2 2 200 11 2717 513 2875
1868 2 2 200 11 1760 1772 1773
1869 2 2 200 11 2629 2630 2631
1870 2 2 200 11 513 2737 2875
1871 2 2 200 11 2671 2674 3098
1872 2 2 200 11 1967 2161 2220
1873 2 2 200 11 2937 2482 3704
1874 2 2 200 11 1570 3748 3894
1875 2 2 200 11 1219 2827 3843
1876 2 2 200 11 1973 1863 1984
1877 2 2 200 11 360 361 2867
1878 2 2 200 11 2142 2847 3103
1879 2 2 200 11 2748 287 3098
1880 2 2 200 11 256 2750 3089
1881 2 2 200 11 1324 1322 1325
1882 2 2 200 11 2991 2029 2992
1883 2 2 200 11 476 2603 4381
1884 2 2 200 11 288 567 3098
1885 2 2 200 11 506 255 3089
1886 2 2 200 11 1067 1065 2919
1887 2 2 200 11 478 286 2748
1888 2 2 200 11 664 660 669
1889 2 2 200 11 257 483 2750
1890 2 2 200 11 862 861 3026
1891 2 2 200 11 2003 2007 2011
1892 2 2 200 11 2596 2595 2597
1893 2 2 200 11 285 478 2742
1894 2 2 200 11 355 508 2741
1895 2 2 200 11 289 290 2668
1896 2 2 200 11 283 284 2839
1897 2 2 200 11 274 507 2860
1898 2 2 200 11 251 252 2731
1899 2 2 200 11 325 326 2840
1900 2 2 200 11 253 254 2724
1901 2 2 200 11 356 357 2723
1902 2 2 200 11 269 270 2737
1903 2 2 200 11 323 324 2675
1904 2 2 200 11 329 330 2735
1905 2 2 200 11 258 259 2732
1906 2 2 200 11 260 261 2730
1907 2 2 200 11 272 273 2749
1908 2 2 200 11 339 340 2841
1909 2 2 200 11 327 328 2709
1910 2 2 200 11 267 268 2712
1911 2 2 200 11 346 347 2843
1912 2 2 200 11 281 282 2678
1913 2 2 200 11 275 276 2693
1914 2 2 200 11 348 349 2684
1915 2 2 200 11 341 342 2703
1916 2 2 200 11 332 333 2733
1917 2 2 200 11 1056 1055 2821
1918 2 2 200 11 2161 2162 2524
1919 2 2 200 11 1801 2013 2852
1920 2 2 200 11 33 34 580
1921 2 2 200 11 205 206 579
1922 2 2 200 11 2898 2799 2899
1923 2 2 200 11 2485 2484 4238
1924 2 2 200 11 561 294 2624
1925 2 2 200 11 2883 2886 2958
1926 2 2 200 11 1053 2908 2909
1927 2 2 200 11 640 638 676
1928 2 2 200 11 1836 1857 1858
1929 2 2 200 11 2796 2799 2898
1930 2 2 200 11 1967 1968 2161
1931 2 2 200 11 1320 1321 1322
1932 2 2 200 11 4069 2780 4157
1933 2 2 200 11 1324 1325 1326
1934 2 2 200 11 1520 1862 1863
1935 2 2 200 11 2887 2885 2888
1936 2 2 200 11 345 484 3689
1937 2 2 200 11 1331 1333 2783
1938 2 2 200 11 1727 1303 1728
1939 2 2 200 11 1713 1613 2879
1940 2 2 200 11 647 649 2878
1941 2 2 200 11 1899 1974 2209
1942 2 2 200 11 1232 1233 1234
1943 2 2 200 11 1875 1876 1899
1944 2 2 200 11 233 564 2592
1945 2 2 200 11 1493 1496 3638
1946 2 2 200 11 3024 865 3026
1947 2 2 200 11 2982 2035 3804
1948 2 2 200 11 564 234 2593
1949 2 2 200 11 378 543 2581
1950 2 2 200 11 3492 3494 3495
1951 2 2 200 11 2477 2476 2529
1952 2 2 200 11 1518 1519 1520
1953 2 2 200 11 1326 1327 2857
1954 2 2 200 11 1795 1796 1797
1955 2 2 200 11 1320 1319 1321
1956 2 2 200 11 2425 2242 2496
1957 2 2 200 11 3005 734 3789
1958 2 2 200 11 665 4028 4040
1959 2 2 200 11 3817 2999 3825
1960 2 2 200 11 2132 2912 2915
1961 2 2 200 11 2256 2862 3805
1962 2 2 200 11 2654 622 2656
1963 2 2 200 11 667 2106 2878
1964 2 2 200 11 2425 2496 2497
1965 2 2 200 11 3599 1574 3859
1966 2 2 200 11 24 25 552
1967 2 2 200 11 214 215 551
1968 2 2 200 11 1078 2913 3099
1969 2 2 200 11 649 667 2878
1970 2 2 200 11 2497 2496 2865
1971 2 2 200 11 694 1961 2819
1972 2 2 200 11 2992 2325 3749
1973 2 2 200 11 2883 2882 2884
1974 2 2 200 11 2195 2194 2268
1975 2 2 200 11 620 208 2996
1976 2 2 200 11 31 621 2997
1977 2 2 200 11 1531 1532 3506
1978 2 2 200 11 2863 3094 3595
1979 2 2 200 11 1997 700 2832
1980 2 2 200 11 2887 2888 2889
1981 2 2 200 11 1230 1231 1232
1982 2 2 200 11 2942 2939 2955
1983 2 2 200 11 1755 1747 1756
1984 2 2 200 11 2608 562 2902
1985 2 2 200 11 1411 3320 3935
1986 2 2 200 11 3000 1554 3001
1987 2 2 200 11 3064 1311 3065
1988 2 2 200 11 1535 1948 3506
1989 2 2 200 11 660 658 2933
1990 2 2 200 11 650 642 2781
1991 2 2 200 11 1941 1848 1942
1992 2 2 200 11 2861 2033 3044
1993 2 2 200 11 2029 2325 2992
1994 2 2 200 11 2799 2800 2932
1995 2 2 200 11 2625 448 2626
1996 2 2 200 11 618 30 2997
1997 2 2 200 11 209 619 2996
1998 2 2 200 11 2878 2106 3840
1999 2 2 200 11 1404 2960 3771
2000 2 2 200 11 1973 1984 1985
2001 2 2 200 11 682 680 2188
2002 2 2 200 11 621 32 3045
2003 2 2 200 11 207 620 3050
2004 2 2 200 11 2033 2259 3044
2005 2 2 200 11 316 317 2902
2006 2 2 200 11 1774 1777 3489
2007 2 2 200 11 2883 2884 2885
2008 2 2 200 11 548 236 2836
2009 2 2 200 11 29 618 3006
2010 2 2 200 11 586 28 3006
2011 2 2 200 11 2649 2652 4360
2012 2 2 200 11 1020 1030 1031
2013 2 2 200 11 2244 2182 2245
2014 2 2 200 11 2159 2176 2810
2015 2 2 200 11 853 2993 2994
2016 2 2 200 11 2616 2615 2617
2017 2 2 200 11 1226 1227 2935
2018 2 2 200 11 2008 1940 2140
2019 2 2 200 11 1790 1794 1795
2020 2 2 200 11 1321 1849 2023
2021 2 2 200 11 515 2882 2883
2022 2 2 200 11 2106 2107 2221
2023 2 2 200 11 1337 1764 1765
2024 2 2 200 11 1230 1229 1231
2025 2 2 200 11 3477 3112 3858
2026 2 2 200 11 36 37 549
2027 2 2 200 11 202 203 550
2028 2 2 200 11 578 2713 2714
2029 2 2 200 11 574 2710 2711
2030 2 2 200 11 1318 1319 1320
2031 2 2 200 11 448 314 2817
2032 2 2 200 11 1062 2928 2982
2033 2 2 200 11 572 2681 2682
2034 2 2 200 11 507 2694 2695
2035 2 2 200 11 2694 2693 2699
2036 2 2 200 11 2266 2999 3817
2037 2 2 200 11 1862 1519 2002
2038 2 2 200 11 1998 2915 2916
2039 2 2 200 11 2531 2012 2532
2040 2 2 200 11 1305 1254 2929
2041 2 2 200 11 2209 2210 2348
2042 2 2 200 11 199 200 534
2043 2 2 200 11 39 40 533
2044 2 2 200 11 3767 2914 3778
2045 2 2 200 11 1604 1605 2931
2046 2 2 200 11 233 234 564
2047 2 2 200 11 376 377 563
2048 2 2 200 11 2915 2912 2916
2049 2 2 200 11 2140 1940 2658
2050 2 2 200 11 2435 2421 4361
2051 2 2 200 11 2191 2189 2194
2052 2 2 200 11 1773 1774 3489
2053 2 2 200 11 3020 869 3028
2054 2 2 200 11 2023 2024 2026
2055 2 2 200 11 2252 2833 4058
2056 2 2 200 11 2776 2775 4390
2057 2 2 200 11 2269 2268 2270
2058 2 2 200 11 378 379 543
2059 2 2 200 11 231 232 544
2060 2 2 200 11 2956 1525 3814
2061 2 2 200 11 2026 2492 2575
2062 2 2 200 11 3000 2319 3785
2063 2 2 200 11 1811 1829 1830
2064 2 2 200 11 700 702 2832
2065 2 2 200 11 865 3024 3028
2066 2 2 200 11 6 316 562
2067 2 2 200 11 1496 2934 3638
2068 2 2 200 11 4086 2444 4464
2069 2 2 200 11 235 236 548
2070 2 2 200 11 374 375 547
2071 2 2 200 11 217 218 528
2072 2 2 200 11 21 22 529
2073 2 2 200 11 514 392 2925
2074 2 2 200 11 651 650 672
2075 2 2 200 11 1230 1304 2935
2076 2 2 200 11 2482 2503 2504
2077 2 2 200 11 538 306 2926
2078 2 2 200 11 33 580 3045
2079 2 2 200 11 579 206 3050
2080 2 2 200 11 645 642 650
2081 2 2 200 11 1327 1336 1337
2082 2 2 200 11 2927 2489 3754
2083 2 2 200 11 1768 1966 1967
2084 2 2 200 11 2549 2551 2568
2085 2 2 200 11 664 669 670
2086 2 2 200 11 2928 2036 2982
2087 2 2 200 11 1922 2991 3874
2088 2 2 200 11 2173 2179 2828
2089 2 2 200 11 2242 2240 2853
2090 2 2 200 11 3023 3027 3750
2091 2 2 200 11 1235 1237 1238
2092 2 2 200 11 2240 2238 2243
2093 2 2 200 11 2782 2420 4195
2094 2 2 200 11 873 870 3474
2095 2 2 200 11 2833 1304 4030
2096 2 2 200 11 2845 2754 2905
2097 2 2 200 11 1844 2132 2915
2098 2 2 200 11 2227 2375 2824
2099 2 2 200 11 381 382 526
2100 2 2 200 11 228 229 527
2101 2 2 200 11 861 3790 3912
2102 2 2 200 11 1765 1764 1766
2103 2 2 200 11 2760 2956 3814
2104 2 2 200 11 702 704 1744
2105 2 2 200 11 293 294 561
2106 2 2 200 11 228 527 2614
2107 2 2 200 11 526 382 2613
2108 2 2 200 11 2756 2017 2994
2109 2 2 200 11 2800 2802 2804
2110 2 2 200 11 1318 1317 1319
2111 2 2 200 11 1030 1032 1044
2112 2 2 200 11 1774 1776 1777
2113 2 2 200 11 2461 2927 3754
2114 2 2 200 11 2245 2182 3916
2115 2 2 200 11 237 238 2636
2116 2 2 200 11 2845 2982 3804
2117 2 2 200 11 2796 2798 2799
2118 2 2 200 11 496 4042 4232
2119 2 2 200 11 2960 2861 3771
2120 2 2 200 11 2795 2796 2898
2121 2 2 200 11 2973 2974 2977
2122 2 2 200 11 2759 2075 2913
2123 2 2 200 11 2913 2075 3099
2124 2 2 200 11 2968 581 2972
2125 2 2 200 11 238 239 530
2126 2 2 200 11 371 372 531
2127 2 2 200 11 2545 3856 4010
2128 2 2 200 11 2953 3064 3065
2129 2 2 200 11 4069 4174 4455
2130 2 2 200 11 2862 738 3805
2131 2 2 200 11 3954 494 4156
2132 2 2 200 11 394 395 537
2133 2 2 200 11 305 306 538
2134 2 2 200 11 2201 2237 2238
2135 2 2 200 11 2553 2555 2564
2136 2 2 200 11 2496 2242 2853
2137 2 2 200 11 580 34 3048
2138 2 2 200 11 1238 1239 1240
2139 2 2 200 11 869 866 3028
2140 2 2 200 11 2632 2385 4282
2141 2 2 200 11 230 231 2856
2142 2 2 200 11 302 303 535
2143 2 2 200 11 299 300 524
2144 2 2 200 11 397 398 536
2145 2 2 200 11 400 401 525
2146 2 2 200 11 1496 1498 2934
2147 2 2 200 11 1077 2979 3091
2148 2 2 200 11 1298 1236 1299
2149 2 2 200 11 391 392 514
2150 2 2 200 11 308 309 515
2151 2 2 200 11 2917 987 2918
2152 2 2 200 11 2198 2482 2937
2153 2 2 200 11 3003 3001 3720
2154 2 2 200 11 1020 1024 1030
2155 2 2 200 11 2931 1608 3871
2156 2 2 200 11 667 678 2106
2157 2 2 200 11 241 242 500
2158 2 2 200 11 368 369 499
2159 2 2 200 11 42 43 495
2160 2 2 200 11 196 197 496
2161 2 2 200 11 1484 2631 4252
2162 2 2 200 11 670 679 680
2163 2 2 200 11 3029 873 3474
2164 2 2 200 11 1765 1940 2008
2165 2 2 200 11 3929 1018 3934
2166 2 2 200 11 1055 1057 1058
2167 2 2 200 11 470 3454 4459
2168 2 2 200 11 712 714 2868
2169 2 2 200 11 1240 1265 1266
2170 2 2 200 11 527 4024 4071
2171 2 2 200 11 3477 1987 3478
2172 2 2 200 11 984 987 2917
2173 2 2 200 11 2468 2762 2764
2174 2 2 200 11 3094 2863 3787
2175 2 2 200 11 1830 2005 2755
2176 2 2 200 11 2795 2794 2796
2177 2 2 200 11 393 394 2924
2178 2 2 200 11 582 2973 2977
2179 2 2 200 11 1781 1782 1783
2180 2 2 200 11 2262 2827 3825
2181 2 2 200 11 2606 2607 2609
2182 2 2 200 11 370 371 2637
2183 2 2 200 11 1051 1054 1055
2184 2 2 200 11 984 985 986
2185 2 2 200 11 694 695 696
2186 2 2 200 11 3027 1486 3750
2187 2 2 200 11 2332 3929 3934
2188 2 2 200 11 987 986 988
2189 2 2 200 11 1554 3000 3785
2190 2 2 200 11 2026 2206 2492
2191 2 2 200 11 2201 1978 2237
2192 2 2 200 11 2003 2002 2007
2193 2 2 200 11 2797 3032 4394
2194 2 2 200 11 3316 473 3317
2195 2 2 200 11 1006 1017 1020
2196 2 2 200 11 2243 2907 2910
2197 2 2 200 11 3001 1554 3720
2198 2 2 200 11 1323 1322 1324
2199 2 2 200 11 873 3029 3525
2200 2 2 200 11 2198 2481 2482
2201 2 2 200 11 1328 1326 1329
2202 2 2 200 11 1043 712 2868
2203 2 2 200 11 2659 2660 2661
2204 2 2 200 11 1221 1224 2966
2205 2 2 200 11 1615 2382 2647
2206 2 2 200 11 669 660 2933
2207 2 2 200 11 2107 2198 2937
2208 2 2 200 11 3079 3014 3775
2209 2 2 200 11 1002 1004 1006
2210 2 2 200 11 1492 1493 3638
2211 2 2 200 11 2585 2584 2586
2212 2 2 200 11 2271 2270 2272
2213 2 2 200 11 4011 2824 4025
2214 2 2 200 11 583 390 2880
2215 2 2 200 11 310 584 2881
2216 2 2 200 11 1048 1050 1051
2217 2 2 200 11 3979 1026 3982
2218 2 2 200 11 1058 1059 1060
2219 2 2 200 11 988 989 990
2220 2 2 200 11 690 693 694
2221 2 2 200 11 1990 2004 2233
2222 2 2 200 11 2884 2882 2897
2223 2 2 200 11 2799 2798 2800
2224 2 2 200 11 992 993 994
2225 2 2 200 11 1967 1966 1968
2226 2 2 200 11 2579 2957 3630
2227 2 2 200 11 2009 650 2781
2228 2 2 200 11 1224 1886 2966
2229 2 2 200 11 402 582 2901
2230 2 2 200 11 2161 1968 2162
2231 2 2 200 11 2957 1882 3630
2232 2 2 200 11 1330 1329 1331
2233 2 2 200 11 1498 1751 2934
2234 2 2 200 11 1316 1314 1317
2235 2 2 200 11 2899 2799 2932
2236 2 2 200 11 2023 1849 2024
2237 2 2 200 11 2558 2562 2563
2238 2 2 200 11 991 990 992
2239 2 2 200 11 2002 1519 3834
2240 2 2 200 11 3111 3077 3850
2241 2 2 200 11 1254 1076 2929
2242 2 2 200 11 2922 2280 3783
2243 2 2 200 11 3334 3979 3982
2244 2 2 200 11 1612 1613 1713
2245 2 2 200 11 3783 1156 3862
2246 2 2 200 11 1000 1001 1002
2247 2 2 200 11 2265 2785 3847
2248 2 2 200 11 2036 2928 2979
2249 2 2 200 11 2804 2802 2805
2250 2 2 200 11 1316 1317 1318
2251 2 2 200 11 3877 2557 4189
2252 2 2 200 11 3994 3419 3996
2253 2 2 200 11 2233 2004 2752
2254 2 2 200 11 995 994 996
2255 2 2 200 11 999 998 1000
2256 2 2 200 11 996 997 998
2257 2 2 200 11 2204 2203 2205
2258 2 2 200 11 2914 2913 3778
2259 2 2 200 11 2163 3994 3996
2260 2 2 200 11 1312 1310 1313
2261 2 2 200 11 565 2653 2655
2262 2 2 200 11 2567 3968 4397
2263 2 2 200 11 367 368 2641
2264 2 2 200 11 2886 2885 2887
2265 2 2 200 11 1773 1772 1774
2266 2 2 200 11 657 656 658
2267 2 2 200 11 2900 2899 4079
2268 2 2 200 11 1321 1319 1849
2269 2 2 200 11 2979 1077 2980
2270 2 2 200 11 3034 972 3075
2271 2 2 200 11 2643 2644 3842
2272 2 2 200 11 1768 1967 2851
2273 2 2 200 11 1990 1713 2004
2274 2 2 200 11 1701 2903 3801
2275 2 2 200 11 2903 1701 3767
2276 2 2 200 11 2969 2968 2972
2277 2 2 200 11 2914 3767 3820
2278 2 2 200 11 2793 2794 2795
2279 2 2 200 11 2015 2850 3920
2280 2 2 200 11 2046 2809 3679
2281 2 2 200 11 2964 863 3534
2282 2 2 200 11 1778 1780 1781
2283 2 2 200 11 2281 2964 3534
2284 2 2 200 11 2913 1078 3778
2285 2 2 200 11 2890 2889 2891
2286 2 2 200 11 1227 1229 1230
2287 2 2 200 11 983 981 984
2288 2 2 200 11 1612 1611 1613
2289 2 2 200 11 1609 1611 1612
2290 2 2 200 11 3799 1515 3806
2291 2 2 200 11 2348 2349 2350
2292 2 2 200 11 297 581 2968
2293 2 2 200 11 582 403 2973
2294 2 2 200 11 1282 3495 3496
2295 2 2 200 11 706 708 1245
2296 2 2 200 11 1613 1615 2879
2297 2 2 200 11 1327 1325 1336
2298 2 2 200 11 2979 2928 3091
2299 2 2 200 11 1816 2182 2244
2300 2 2 200 11 2743 478 2744
2301 2 2 200 11 2742 2743 2745
2302 2 2 200 11 3988 1035 3990
2303 2 2 200 11 2654 2656 2657
2304 2 2 200 11 2946 2942 3906
2305 2 2 200 11 2187 2544 2545
2306 2 2 200 11 1608 1607 1609
2307 2 2 200 11 2401 2576 2577
2308 2 2 200 11 1526 1525 3820
2309 2 2 200 11 1795 1794 1796
2310 2 2 200 11 2963 1274 3066
2311 2 2 200 11 869 3020 3474
2312 2 2 200 11 2219 2963 3066
2313 2 2 200 11 1605 1607 1608
2314 2 2 200 11 166 167 3955
2315 2 2 200 11 2250 2984 4034
2316 2 2 200 11 983 984 2917
2317 2 2 200 11 2759 2914 2956
2318 2 2 200 11 3748 2849 3894
2319 2 2 200 11 1801 1802 1803
2320 2 2 200 11 1308 1306 1309
2321 2 2 200 11 1143 1183 3093
2322 2 2 200 11 1404 1402 2960
2323 2 2 200 11 2139 3599 3859
2324 2 2 200 11 2248 2258 2601
2325 2 2 200 11 698 699 700
2326 2 2 200 11 2248 1891 2258
2327 2 2 200 11 2252 2019 2833
2328 2 2 200 11 2338 3988 3990
2329 2 2 200 11 866 865 3028
2330 2 2 200 11 1065 2917 2919
2331 2 2 200 11 696 697 698
2332 2 2 200 11 3019 3022 3070
2333 2 2 200 11 1076 1074 1884
2334 2 2 200 11 984 986 987
2335 2 2 200 11 655 653 656
2336 2 2 200 11 1871 1713 1990
2337 2 2 200 11 1231 1229 1242
2338 2 2 200 11 1517 1299 1518
2339 2 2 200 11 315 2606 2817
2340 2 2 200 11 2764 2762 2765
2341 2 2 200 11 2987 2276 3583
2342 2 2 200 11 3087 3088 3808
2343 2 2 200 11 392 393 2925
2344 2 2 200 11 624 2968 2969
2345 2 2 200 11 2546 2548 2549
2346 2 2 200 11 2275 2959 3036
2347 2 2 200 11 984 981 985
2348 2 2 200 11 1604 1603 1605
2349 2 2 200 11 659 658 660
2350 2 2 200 11 2048 3040 3546
2351 2 2 200 11 244 245 446
2352 2 2 200 11 365 366 447
2353 2 2 200 11 1235 1233 1237
2354 2 2 200 11 1076 1884 2929
2355 2 2 200 11 676 4035 4166
2356 2 2 200 11 710 712 1043
2357 2 2 200 11 1308 1309 1310
2358 2 2 200 11 3040 740 3546
2359 2 2 200 11 2239 2238 2240
2360 2 2 200 11 390 391 2880
2361 2 2 200 11 309 310 2881
2362 2 2 200 11 2973 625 2974
2363 2 2 200 11 2228 2987 3583
2364 2 2 200 11 401 402 2901
2365 2 2 200 11 3704 2504 4199
2366 2 2 200 11 2880 2428 4480
2367 2 2 200 11 1603 1601 3043
2368 2 2 200 11 1706 3085 3086
2369 2 2 200 11 1312 1313 1314
2370 2 2 200 11 2011 2007 2012
2371 2 2 200 11 1226 1225 1227
2372 2 2 200 11 1337 1763 1764
2373 2 2 200 11 306 307 2926
2374 2 2 200 11 1976 1870 1998
2375 2 2 200 11 3022 1482 3070
2376 2 2 200 11 1481 1484 2978
2377 2 2 200 11 3010 2045 3014
2378 2 2 200 11 1271 1305 1306
2379 2 2 200 11 2238 2237 2907
2380 2 2 200 11 1271 1254 1305
2381 2 2 200 11 2424 2242 2425
2382 2 2 200 11 988 986 989
2383 2 2 200 11 1798 1800 1801
2384 2 2 200 11 1306 1305 2936
2385 2 2 200 11 2661 2660 2662
2386 2 2 200 11 992 990 993
2387 2 2 200 11 1706 3086 3087
2388 2 2 200 11 1886 1226 2019
2389 2 2 200 11 2035 2990 3804
2390 2 2 200 11 870 869 3474
2391 2 2 200 11 2639 2906 4470
2392 2 2 200 11 3029 2064 3525
2393 2 2 200 11 2995 3037 3094
2394 2 2 200 11 305 538 4082
2395 2 2 200 11 2026 2024 2206
2396 2 2 200 11 2022 2966 3821
2397 2 2 200 11 2528 2438 4381
2398 2 2 200 11 2200 1978 2201
2399 2 2 200 11 3035 2047 3081
2400 2 2 200 11 1045 1047 1048
2401 2 2 200 11 1071 3079 3775
2402 2 2 200 11 1615 2647 2879
2403 2 2 200 11 2100 2453 2454
2404 2 2 200 11 2688 2689 2690
2405 2 2 200 11 3034 2047 3035
2406 2 2 200 11 446 245 2642
2407 2 2 200 11 3108 2286 3515
2408 2 2 200 11 2963 3085 3522
2409 2 2 200 11 2280 3799 3806
2410 2 2 200 11 2715 2716 4250
2411 2 2 200 11 1065 983 2917
2412 2 2 200 11 1844 1843 2132
2413 2 2 200 11 988 990 991
2414 2 2 200 11 1765 2008 3826
2415 2 2 200 11 1393 1902 3748
2416 2 2 200 11 1896 3108 3515
2417 2 2 200 11 2035 1598 2990
2418 2 2 200 11 2280 2922 3799
2419 2 2 200 11 656 653 2904
2420 2 2 200 11 2790 2792 2793
2421 2 2 200 11 1052 1726 3769
2422 2 2 200 11 2793 2792 2794
2423 2 2 200 11 1013 1213 2967
2424 2 2 200 11 44 45 593
2425 2 2 200 11 194 195 594
2426 2 2 200 11 1972 1863 1973
2427 2 2 200 11 3085 1706 3522
2428 2 2 200 11 2535 2229 2811
2429 2 2 200 11 2716 2717 4460
2430 2 2 200 11 2949 2953 3777
2431 2 2 200 11 3083 867 3526
2432 2 2 200 11 1224 1225 1226
2433 2 2 200 11 1842 1843 1844
2434 2 2 200 11 1075 1074 1076
2435 2 2 200 11 308 515 2958
2436 2 2 200 11 1803 1804 1805
2437 2 2 200 11 2279 3083 3526
2438 2 2 200 11 1060 1268 1269
2439 2 2 200 11 2818 2639 4470
2440 2 2 200 11 1207 1205 3037
2441 2 2 200 11 996 994 997
2442 2 2 200 11 1602 1603 1604
2443 2 2 200 11 1299 1236 3834
2444 2 2 200 11 2251 2019 2252
2445 2 2 200 11 1000 998 1001
2446 2 2 200 11 717 715 2983
2447 2 2 200 11 1227 1228 1229
2448 2 2 200 11 1525 2956 3820
2449 2 2 200 11 2401 2577 4372
2450 2 2 200 11 3570 3033 3739
2451 2 2 200 11 1606 1603 3043
2452 2 2 200 11 1533 3801 3836
2453 2 2 200 11 389 390 583
2454 2 2 200 11 310 311 584
2455 2 2 200 11 2064 3017 3068
2456 2 2 200 11 2048 3039 3040
2457 2 2 200 11 1073 1072 1074
2458 2 2 200 11 1830 1829 1831
2459 2 2 200 11 1309 1306 2936
2460 2 2 200 11 2892 2891 2893
2461 2 2 200 11 1327 1337 3826
2462 2 2 200 11 383 384 565
2463 2 2 200 11 226 227 566
2464 2 2 200 11 1987 3477 3858
2465 2 2 200 11 2008 2140 2225
2466 2 2 200 11 2574 2128 3012
2467 2 2 200 11 1253 1076 1254
2468 2 2 200 11 1274 2963 3522
2469 2 2 200 11 2964 2965 3532
2470 2 2 200 11 2044 2219 3066
2471 2 2 200 11 1077 972 3034
2472 2 2 200 11 2980 1077 3034
2473 2 2 200 11 1975 1870 1976
2474 2 2 200 11 2132 2250 2912
2475 2 2 200 11 3012 2128 3030
2476 2 2 200 11 4016 2810 4036
2477 2 2 200 11 1842 1753 1843
2478 2 2 200 11 992 994 995
2479 2 2 200 11 2037 2278 3030
2480 2 2 200 11 2128 2037 3030
2481 2 2 200 11 2237 1978 2911
2482 2 2 200 11 1870 1844 2915
2483 2 2 200 11 1477 1480 2962
2484 2 2 200 11 1218 1221 2966
2485 2 2 200 11 1221 1223 1224
2486 2 2 200 11 3093 1895 3758
2487 2 2 200 11 1609 1610 1611
2488 2 2 200 11 3014 2045 3775
2489 2 2 200 11 1903 2044 3067
2490 2 2 200 11 3030 2278 3385
2491 2 2 200 11 1000 1002 1003
2492 2 2 200 11 996 998 999
2493 2 2 200 11 2243 2238 2907
2494 2 2 200 11 3767 1701 3820
2495 2 2 200 11 2549 2550 2551
2496 2 2 200 11 2477 2529 2530
2497 2 2 200 11 297 298 581
2498 2 2 200 11 402 403 582
2499 2 2 200 11 2019 1226 2935
2500 2 2 200 11 1605 1606 1607
2501 2 2 200 11 2278 3033 3385
2502 2 2 200 11 2044 3066 3067
2503 2 2 200 11 1869 1844 1870
2504 2 2 200 11 1783 1784 1785
2505 2 2 200 11 2621 2618 2622
2506 2 2 200 11 3036 1079 3610
2507 2 2 200 11 2455 2454 2456
2508 2 2 200 11 1891 1604 2931
2509 2 2 200 11 1641 2859 3930
2510 2 2 200 11 3017 2064 3029
2511 2 2 200 11 3879 3674 3989
2512 2 2 200 11 3016 3019 3070
2513 2 2 200 11 1224 1223 1225
2514 2 2 200 11 2048 3038 3039
2515 2 2 200 11 2350 2388 2389
2516 2 2 200 11 1902 2998 2999
2517 2 2 200 11 2941 2939 2942
2518 2 2 200 11 1513 2027 2992
2519 2 2 200 11 2275 3036 3610
2520 2 2 200 11 2021 1891 2248
2521 2 2 200 11 1063 2074 3062
2522 2 2 200 11 3496 3494 3497
2523 2 2 200 11 1205 2063 3037
2524 2 2 200 11 672 2010 2816
2525 2 2 200 11 1579 1581 3081
2526 2 2 200 11 1790 1795 3896
2527 2 2 200 11 2506 2359 4384
2528 2 2 200 11 226 566 2866
2529 2 2 200 11 1602 1601 1603
2530 2 2 200 11 3021 3020 3028
2531 2 2 200 11 1334 1331 1335
2532 2 2 200 11 2047 3034 3075
2533 2 2 200 11 3057 1675 3092
2534 2 2 200 11 1183 1895 3093
2535 2 2 200 11 2027 2991 2992
2536 2 2 200 11 1337 1336 1763
2537 2 2 200 11 3013 3014 3078
2538 2 2 200 11 2566 2002 3834
2539 2 2 200 11 1069 1067 1072
2540 2 2 200 11 2793 2806 2981
2541 2 2 200 11 3024 3021 3028
2542 2 2 200 11 2169 2171 2173
2543 2 2 200 11 1902 1573 2998
2544 2 2 200 11 2277 3057 3092
2545 2 2 200 11 1977 1976 1978
2546 2 2 200 11 1269 1521 1522
2547 2 2 200 11 2994 2260 3829
2548 2 2 200 11 1613 1614 1615
2549 2 2 200 11 2155 2157 2159
2550 2 2 200 11 565 384 2653
2551 2 2 200 11 1890 1604 1891
2552 2 2 200 11 1691 3013 3078
2553 2 2 200 11 2786 2788 2789
2554 2 2 200 11 2793 2795 2806
2555 2 2 200 11 3083 2281 3534
2556 2 2 200 11 2714 2713 2715
2557 2 2 200 11 3092 1143 3093
2558 2 2 200 11 2645 512 2648
2559 2 2 200 11 2173 2174 2179
2560 2 2 200 11 2359 2513 4384
2561 2 2 200 11 700 701 702
2562 2 2 200 11 3003 3720 3815
2563 2 2 200 11 2695 2694 2696
2564 2 2 200 11 1615 1738 2382
2565 2 2 200 11 1216 1218 2022
2566 2 2 200 11 2907 2237 2908
2567 2 2 200 11 1675 3059 3060
2568 2 2 200 11 682 2188 2189
2569 2 2 200 11 572 2682 2683
2570 2 2 200 11 578 2714 2718
2571 2 2 200 11 2796 2797 2798
2572 2 2 200 11 2022 1218 2966
2573 2 2 200 11 1481 1483 1484
2574 2 2 200 11 3801 2903 3836
2575 2 2 200 11 4296 2401 4372
2576 2 2 200 11 1480 1481 2978
2577 2 2 200 11 1234 1236 1298
2578 2 2 200 11 1805 1806 1808
2579 2 2 200 11 2106 678 2107
2580 2 2 200 11 1480 1479 1481
2581 2 2 200 11 1599 1601 1602
2582 2 2 200 11 2789 2788 2790
2583 2 2 200 11 1322 1321 3849
2584 2 2 200 11 863 2964 3532
2585 2 2 200 11 2159 2160 2176
2586 2 2 200 11 1675 3057 3059
2587 2 2 200 11 2790 2793 2981
2588 2 2 200 11 2789 2790 2981
2589 2 2 200 11 2967 2022 3978
2590 2 2 200 11 3076 871 3472
2591 2 2 200 11 3015 1165 3068
2592 2 2 200 11 1612 1713 1871
2593 2 2 200 11 2959 2275 3803
2594 2 2 200 11 2045 3010 3578
2595 2 2 200 11 3538 1673 4104
2596 2 2 200 11 3033 2278 3739
2597 2 2 200 11 3123 3124 3761
2598 2 2 200 11 3532 2965 3774
2599 2 2 200 11 499 369 2986
2600 2 2 200 11 624 2969 2970
2601 2 2 200 11 672 2816 2904
2602 2 2 200 11 1751 2099 2100
2603 2 2 200 11 2605 2861 3044
2604 2 2 200 11 2943 2942 2946
2605 2 2 200 11 2136 673 3883
2606 2 2 200 11 1282 1261 3495
2607 2 2 200 11 1835 1335 1836
2608 2 2 200 11 2258 1891 2931
2609 2 2 200 11 1522 1746 1747
2610 2 2 200 11 1261 1505 3495
2611 2 2 200 11 247 248 512
2612 2 2 200 11 362 363 501
2613 2 2 200 11 2970 2969 2971
2614 2 2 200 11 1751 2100 2934
2615 2 2 200 11 2974 625 2975
2616 2 2 200 11 1485 1487 1488
2617 2 2 200 11 2319 3073 3785
2618 2 2 200 11 3010 976 3578
2619 2 2 200 11 1266 1302 1303
2620 2 2 200 11 2100 2099 2453
2621 2 2 200 11 2492 2206 2766
2622 2 2 200 11 624 296 2968
2623 2 2 200 11 404 625 2973
2624 2 2 200 11 2100 2454 2455
2625 2 2 200 11 1064 983 1065
2626 2 2 200 11 1704 2016 2033
2627 2 2 200 11 2974 2975 2976
2628 2 2 200 11 2241 2240 2242
2629 2 2 200 11 1476 1259 1477
2630 2 2 200 11 2143 2226 2227
2631 2 2 200 11 3022 3023 3750
2632 2 2 200 11 980 979 981
2633 2 2 200 11 3746 1592 3770
2634 2 2 200 11 1766 1767 1768
2635 2 2 200 11 2276 3108 3583
2636 2 2 200 11 1752 1404 1753
2637 2 2 200 11 3013 1691 3082
2638 2 2 200 11 2048 1193 3038
2639 2 2 200 11 1777 1776 1778
2640 2 2 200 11 1886 2019 2251
2641 2 2 200 11 1477 1478 1479
2642 2 2 200 11 2663 2662 2664
2643 2 2 200 11 1402 1401 1704
2644 2 2 200 11 1488 1487 1489
2645 2 2 200 11 1400 1401 1402
2646 2 2 200 11 1318 1320 2938
2647 2 2 200 11 1213 1216 2967
2648 2 2 200 11 2132 2133 2250
2649 2 2 200 11 3017 3015 3068
2650 2 2 200 11 3078 3014 3079
2651 2 2 200 11 1282 3496 3846
2652 2 2 200 11 1403 1402 1404
2653 2 2 200 11 1030 1024 1032
2654 2 2 200 11 2033 2016 2259
2655 2 2 200 11 1871 1990 2229
2656 2 2 200 11 3888 2153 3913
2657 2 2 200 11 3114 2112 3743
2658 2 2 200 11 1895 1252 3874
2659 2 2 200 11 2501 3000 3001
2660 2 2 200 11 1691 1091 3082
2661 2 2 200 11 1402 1704 2960
2662 2 2 200 11 1307 1306 1308
2663 2 2 200 11 2616 2617 2618
2664 2 2 200 11 1341 1745 3792
2665 2 2 200 11 1210 1207 3037
2666 2 2 200 11 2319 1287 3073
2667 2 2 200 11 1477 1259 1478
2668 2 2 200 11 1477 1479 1480
2669 2 2 200 11 1841 1753 1842
2670 2 2 200 11 2833 2019 2935
2671 2 2 200 11 1224 1226 1886
2672 2 2 200 11 1193 1195 3038
2673 2 2 200 11 2286 3114 3515
2674 2 2 200 11 3316 3317 3318
2675 2 2 200 11 1476 1477 2962
2676 2 2 200 11 2039 3111 3850
2677 2 2 200 11 1704 2033 2960
2678 2 2 200 11 1396 1397 1398
2679 2 2 200 11 3108 1896 3583
2680 2 2 200 11 2047 1579 3081
2681 2 2 200 11 1689 3114 3743
2682 2 2 200 11 296 297 2968
2683 2 2 200 11 403 404 2973
2684 2 2 200 11 2607 562 2608
2685 2 2 200 11 1320 1322 1323
2686 2 2 200 11 1311 1310 1312
2687 2 2 200 11 980 981 983
2688 2 2 200 11 1221 1222 1223
2689 2 2 200 11 3076 2279 3526
2690 2 2 200 11 2280 1931 3783
2691 2 2 200 11 3499 3501 4106
2692 2 2 200 11 563 2584 2585
2693 2 2 200 11 1980 1518 3905
2694 2 2 200 11 883 886 3302
2695 2 2 200 11 2223 4056 4126
2696 2 2 200 11 1069 1072 1073
2697 2 2 200 11 1929 3113 3637
2698 2 2 200 11 2551 2552 2553
2699 2 2 200 11 1216 2022 2967
2700 2 2 200 11 867 3083 3534
2701 2 2 200 11 1581 1585 3081
2702 2 2 200 11 2655 2654 4365
2703 2 2 200 11 1266 1727 4021
2704 2 2 200 11 361 362 2659
2705 2 2 200 11 1894 1598 2035
2706 2 2 200 11 1602 1890 2990
2707 2 2 200 11 886 3051 3302
2708 2 2 200 11 3132 3567 3765
2709 2 2 200 11 3840 2221 3841
2710 2 2 200 11 1315 1314 1316
2711 2 2 200 11 1270 1254 1271
2712 2 2 200 11 2790 2791 2792
2713 2 2 200 11 1075 1076 1253
2714 2 2 200 11 2745 2743 2746
2715 2 2 200 11 1400 1398 1401
2716 2 2 200 11 1396 1264 1397
2717 2 2 200 11 2262 2263 2827
2718 2 2 200 11 3023 3025 3027
2719 2 2 200 11 3114 1689 3515
2720 2 2 200 11 3097 3570 3739
2721 2 2 200 11 2179 2467 2468
2722 2 2 200 11 307 308 2958
2723 2 2 200 11 836 835 837
2724 2 2 200 11 3051 886 3166
2725 2 2 200 11 2036 2035 2982
2726 2 2 200 11 1002 1001 1004
2727 2 2 200 11 2545 2544 2546
2728 2 2 200 11 2501 2320 3000
2729 2 2 200 11 1599 1602 2990
2730 2 2 200 11 3019 3021 3022
2731 2 2 200 11 2227 2374 2375
2732 2 2 200 11 2993 2756 2994
2733 2 2 200 11 2265 2329 2785
2734 2 2 200 11 3597 3090 3656
2735 2 2 200 11 1091 1089 3082
2736 2 2 200 11 1481 1482 1483
2737 2 2 200 11 2796 2794 2797
2738 2 2 200 11 832 834 835
2739 2 2 200 11 1859 1858 1860
2740 2 2 200 11 1073 1074 1075
2741 2 2 200 11 1081 1079 3036
2742 2 2 200 11 839 840 841
2743 2 2 200 11 1573 1833 2998
2744 2 2 200 11 2294 3031 3686
2745 2 2 200 11 3071 3051 3166
2746 2 2 200 11 835 1063 3062
2747 2 2 200 11 2251 2252 2666
2748 2 2 200 11 2201 2238 2239
2749 2 2 200 11 1037 778 3101
2750 2 2 200 11 361 2659 2867
2751 2 2 200 11 1218 1220 1221
2752 2 2 200 11 1833 2001 2262
2753 2 2 200 11 2250 2605 2984
2754 2 2 200 11 2759 2913 2914
2755 2 2 200 11 1393 1573 1902
2756 2 2 200 11 838 837 839
2757 2 2 200 11 2320 2319 3000
2758 2 2 200 11 1230 1232 1304
2759 2 2 200 11 3151 3627 3699
2760 2 2 200 11 3138 3606 3757
2761 2 2 200 11 2176 2352 2353
2762 2 2 200 11 1029 3103 4009
2763 2 2 200 11 2785 2329 2786
2764 2 2 200 11 1227 1225 1228
2765 2 2 200 11 2074 2135 3553
2766 2 2 200 11 2049 3076 3472
2767 2 2 200 11 1191 2048 3546
2768 2 2 200 11 3022 3021 3023
2769 2 2 200 11 1608 1609 3793
2770 2 2 200 11 3103 2847 4009
2771 2 2 200 11 3061 1037 3101
2772 2 2 200 11 1998 1870 2915
2773 2 2 200 11 1745 1340 3087
2774 2 2 200 11 1833 2262 2998
2775 2 2 200 11 3595 2063 3642
2776 2 2 200 11 3041 2049 3095
2777 2 2 200 11 1598 1597 1599
2778 2 2 200 11 1602 1604 1890
2779 2 2 200 11 3758 1895 3854
2780 2 2 200 11 832 835 836
2781 2 2 200 11 3062 2074 3553
2782 2 2 200 11 2938 1323 2955
2783 2 2 200 11 1300 1903 3764
2784 2 2 200 11 3165 3060 3653
2785 2 2 200 11 2054 3071 3166
2786 2 2 200 11 3190 3694 3735
2787 2 2 200 11 1484 1483 1485
2788 2 2 200 11 1481 1479 1482
2789 2 2 200 11 979 978 1062
2790 2 2 200 11 1216 1217 1218
2791 2 2 200 11 882 3302 3303
2792 2 2 200 11 1399 1398 1400
2793 2 2 200 11 2661 2662 2663
2794 2 2 200 11 1264 1210 2995
2795 2 2 200 11 647 2878 3927
2796 2 2 200 11 1837 2184 2185
2797 2 2 200 11 1006 1004 1017
2798 2 2 200 11 1013 2967 3837
2799 2 2 200 11 1728 1847 1848
2800 2 2 200 11 2277 3092 3093
2801 2 2 200 11 828 3631 3648
2802 2 2 200 11 1199 1203 1570
2803 2 2 200 11 2949 2952 2953
2804 2 2 200 11 1704 1889 2016
2805 2 2 200 11 1020 1017 1024
2806 2 2 200 11 839 841 842
2807 2 2 200 11 1340 1706 3087
2808 2 2 200 11 3113 2108 3637
2809 2 2 200 11 1605 1603 1606
2810 2 2 200 11 882 3303 3508
2811 2 2 200 11 871 3076 3526
2812 2 2 200 11 2498 2497 2921
2813 2 2 200 11 1894 2035 2036
2814 2 2 200 11 1263 1210 1264
2815 2 2 200 11 1855 1287 2319
2816 2 2 200 11 1395 1264 1396
2817 2 2 200 11 2690 2689 2691
2818 2 2 200 11 829 828 830
2819 2 2 200 11 2262 2001 2263
2820 2 2 200 11 1596 1597 1598
2821 2 2 200 11 1609 1607 1610
2822 2 2 200 11 1253 1270 3720
2823 2 2 200 11 1195 1199 3038
2824 2 2 200 11 2482 2481 2503
2825 2 2 200 11 2132 1843 2133
2826 2 2 200 11 831 830 832
2827 2 2 200 11 2995 1210 3037
2828 2 2 200 11 18 19 556
2829 2 2 200 11 220 221 555
2830 2 2 200 11 2922 3783 3862
2831 2 2 200 11 2049 3041 3076
2832 2 2 200 11 2114 3069 3698
2833 2 2 200 11 2063 1184 3642
2834 2 2 200 11 2244 2245 2540
2835 2 2 200 11 1745 3087 3808
2836 2 2 200 11 554 2473 4027
2837 2 2 200 11 1139 1675 3060
2838 2 2 200 11 1037 3061 3102
2839 2 2 200 11 1875 1831 1876
2840 2 2 200 11 3561 3596 3717
2841 2 2 200 11 3038 1570 3039
2842 2 2 200 11 856 854 857
2843 2 2 200 11 1021 3586 3616
2844 2 2 200 11 1601 1837 3043
2845 2 2 200 11 882 883 3302
2846 2 2 200 11 2118 3597 3656
2847 2 2 200 11 1599 1600 1601
2848 2 2 200 11 3496 3497 3498
2849 2 2 200 11 2820 2010 4195
2850 2 2 200 11 3082 1089 3104
2851 2 2 200 11 1539 3072 3517
2852 2 2 200 11 778 776 3101
2853 2 2 200 11 1137 1139 3060
2854 2 2 200 11 1837 2185 3043
2855 2 2 200 11 3124 3387 3761
2856 2 2 200 11 1574 1571 2959
2857 2 2 200 11 1157 3110 3539
2858 2 2 200 11 1596 1595 1597
2859 2 2 200 11 3031 1743 3686
2860 2 2 200 11 295 296 624
2861 2 2 200 11 404 405 625
2862 2 2 200 11 1066 1065 1067
2863 2 2 200 11 1598 1599 2990
2864 2 2 200 11 1467 3387 3755
2865 2 2 200 11 1078 840 3553
2866 2 2 200 11 3016 3018 3019
2867 2 2 200 11 1890 1891 2021
2868 2 2 200 11 1903 3067 3764
2869 2 2 200 11 4250 2716 4341
2870 2 2 200 11 3002 3001 3003
2871 2 2 200 11 3072 2051 3517
2872 2 2 200 11 852 849 853
2873 2 2 200 11 3069 1576 3698
2874 2 2 200 11 3157 3644 3658
2875 2 2 200 11 1089 969 3104
2876 2 2 200 11 2800 2801 2802
2877 2 2 200 11 2715 2713 2716
2878 2 2 200 11 3102 3399 3502
2879 2 2 200 11 2718 2714 2719
2880 2 2 200 11 3586 2112 3616
2881 2 2 200 11 2178 3273 3274
2882 2 2 200 11 2695 2696 2697
2883 2 2 200 11 1564 3459 3460
2884 2 2 200 11 836 837 838
2885 2 2 200 11 2178 3274 3276
2886 2 2 200 11 2074 2134 2135
2887 2 2 200 11 2786 2787 2788
2888 2 2 200 11 1320 1323 2938
2889 2 2 200 11 3019 3020 3021
2890 2 2 200 11 1553 3273 3403
2891 2 2 200 11 3095 1172 3527
2892 2 2 200 11 3060 3059 3653
2893 2 2 200 11 976 977 3578
2894 2 2 200 11 840 3062 3553
2895 2 2 200 11 4022 3046 4023
2896 2 2 200 11 1486 3027 3838
2897 2 2 200 11 2500 2320 2501
2898 2 2 200 11 1400 1402 1403
2899 2 2 200 11 3077 1691 3078
2900 2 2 200 11 1489 1491 1492
2901 2 2 200 11 1935 1949 2143
2902 2 2 200 11 3110 2137 3539
2903 2 2 200 11 1165 1162 3068
2904 2 2 200 11 1553 3271 3273
2905 2 2 200 11 827 828 829
2906 2 2 200 11 120 121 492
2907 2 2 200 11 3273 2178 3403
2908 2 2 200 11 2261 3671 3753
2909 2 2 200 11 116 117 450
2910 2 2 200 11 125 126 449
2911 2 2 200 11 827 826 828
2912 2 2 200 11 1554 1253 3720
2913 2 2 200 11 2980 3034 3035
2914 2 2 200 11 1397 2995 3787
2915 2 2 200 11 1726 1935 3769
2916 2 2 200 11 1869 1870 1975
2917 2 2 200 11 1180 3687 3794
2918 2 2 200 11 1009 3134 3135
2919 2 2 200 11 3289 3235 3291
2920 2 2 200 11 829 830 831
2921 2 2 200 11 847 846 1211
2922 2 2 200 11 119 2 587
2923 2 2 200 11 122 123 588
2924 2 2 200 11 1049 717 2983
2925 2 2 200 11 972 968 3075
2926 2 2 200 11 3289 3288 3486
2927 2 2 200 11 3460 3462 3530
2928 2 2 200 11 3071 2054 3115
2929 2 2 200 11 1093 1691 3077
2930 2 2 200 11 2671 2670 2672
2931 2 2 200 11 1842 1844 1869
2932 2 2 200 11 1063 1927 2074
2933 2 2 200 11 3037 2063 3094
2934 2 2 200 11 3074 1260 3345
2935 2 2 200 11 947 949 3133
2936 2 2 200 11 3041 3095 3527
2937 2 2 200 11 3074 3459 3523
2938 2 2 200 11 1213 1215 1216
2939 2 2 200 11 2873 2872 3782
2940 2 2 200 11 2725 2726 2727
2941 2 2 200 11 1199 1202 1203
2942 2 2 200 11 3631 2289 3648
2943 2 2 200 11 2939 2938 2955
2944 2 2 200 11 1062 978 2928
2945 2 2 200 11 843 841 3099
2946 2 2 200 11 973 1077 3091
2947 2 2 200 11 971 3140 3141
2948 2 2 200 11 1160 2064 3068
2949 2 2 200 11 3235 3289 3486
2950 2 2 200 11 2488 2200 2985
2951 2 2 200 11 2232 3477 3478
2952 2 2 200 11 839 837 840
2953 2 2 200 11 1037 3102 3502
2954 2 2 200 11 1199 1570 3038
2955 2 2 200 11 1785 1787 1788
2956 2 2 200 11 3013 3010 3014
2957 2 2 200 11 1258 1165 1259
2958 2 2 200 11 846 843 3099
2959 2 2 200 11 2482 2504 3704
2960 2 2 200 11 941 943 3139
2961 2 2 200 11 1478 3016 3070
2962 2 2 200 11 1403 1404 1752
2963 2 2 200 11 2283 976 3010
2964 2 2 200 11 3023 3024 3025
2965 2 2 200 11 3103 3914 3915
2966 2 2 200 11 3596 1296 3717
2967 2 2 200 11 2123 3639 3709
2968 2 2 200 11 3459 1564 3523
2969 2 2 200 11 1502 3266 3268
2970 2 2 200 11 1083 1081 1571
2971 2 2 200 11 1572 1571 1574
2972 2 2 200 11 2919 2918 2920
2973 2 2 200 11 1019 3128 3129
2974 2 2 200 11 1855 2319 2320
2975 2 2 200 11 841 1078 3099
2976 2 2 200 11 968 966 3075
2977 2 2 200 11 1336 1325 3849
2978 2 2 200 11 1009 3133 3134
2979 2 2 200 11 1064 1065 1066
2980 2 2 200 11 1150 1038 3080
2981 2 2 200 11 1201 1197 3090
2982 2 2 200 11 2122 2281 3083
2983 2 2 200 11 829 1036 3433
2984 2 2 200 11 1137 3060 3165
2985 2 2 200 11 879 3324 3325
2986 2 2 200 11 1753 1404 3771
2987 2 2 200 11 1571 1081 3036
2988 2 2 200 11 3084 2055 3654
2989 2 2 200 11 567 2668 2670
2990 2 2 200 11 977 978 979
2991 2 2 200 11 832 830 834
2992 2 2 200 11 1574 2959 3859
2993 2 2 200 11 1324 1326 1328
2994 2 2 200 11 949 3131 3133
2995 2 2 200 11 835 834 1063
2996 2 2 200 11 3271 1553 3362
2997 2 2 200 11 1396 1398 1399
2998 2 2 200 11 2928 978 3091
2999 2 2 200 11 1093 1091 1691
3000 2 2 200 11 2283 3010 3013
3001 2 2 200 11 1195 1198 1199
3002 2 2 200 11 842 841 843
3003 2 2 200 11 2645 2648 2649
3004 2 2 200 11 2504 2503 2505
3005 2 2 200 11 845 843 846
3006 2 2 200 11 872 875 3472
3007 2 2 200 11 1203 1301 1393
3008 2 2 200 11 1205 1184 2063
3009 2 2 200 11 3087 3086 3088
3010 2 2 200 11 795 797 3323
3011 2 2 200 11 971 3139 3140
3012 2 2 200 11 953 955 3127
3013 2 2 200 11 943 3137 3139
3014 2 2 200 11 1397 1264 2995
3015 2 2 200 11 1127 2053 3513
3016 2 2 200 11 2724 506 2725
3017 2 2 200 11 1019 3127 3128
3018 2 2 200 11 3671 1490 3753
3019 2 2 200 11 1398 1397 3684
3020 2 2 200 11 833 3192 3193
3021 2 2 200 11 1489 1490 1491
3022 2 2 200 11 3686 2103 3772
3023 2 2 200 11 2745 2746 2747
3024 2 2 200 11 3085 2451 3086
3025 2 2 200 11 2725 506 2726
3026 2 2 200 11 1921 3357 3529
3027 2 2 200 11 832 836 3610
3028 2 2 200 11 3266 1502 3341
3029 2 2 200 11 3399 3102 3488
3030 2 2 200 11 2281 2282 2964
3031 2 2 200 11 742 3595 3642
3032 2 2 200 11 1392 1201 3090
3033 2 2 200 11 114 115 589
3034 2 2 200 11 127 128 590
3035 2 2 200 11 1882 2957 3796
3036 2 2 200 11 1009 947 3133
3037 2 2 200 11 1007 3153 3154
3038 2 2 200 11 1164 1162 1165
3039 2 2 200 11 1928 1392 3090
3040 2 2 200 11 1352 1354 3362
3041 2 2 200 11 977 979 980
3042 2 2 200 11 827 829 3433
3043 2 2 200 11 1393 1567 1573
3044 2 2 200 11 3097 2080 3570
3045 2 2 200 11 949 951 3131
3046 2 2 200 11 1967 2220 2851
3047 2 2 200 11 479 318 4006
3048 2 2 200 11 2135 3767 3778
3049 2 2 200 11 1414 1416 3356
3050 2 2 200 11 3265 1389 3369
3051 2 2 200 11 3019 3018 3020
3052 2 2 200 11 567 2670 2671
3053 2 2 200 11 2727 2726 2728
3054 2 2 200 11 1259 1165 3015
3055 2 2 200 11 2123 2287 3639
3056 2 2 200 11 1502 3268 3362
3057 2 2 200 11 3080 1038 3117
3058 2 2 200 11 943 945 3137
3059 2 2 200 11 976 975 977
3060 2 2 200 11 1389 3348 3369
3061 2 2 200 11 1596 1894 3352
3062 2 2 200 11 1036 831 1079
3063 2 2 200 11 2302 3084 3654
3064 2 2 200 11 1078 3553 3778
3065 2 2 200 11 2109 1931 2280
3066 2 2 200 11 2449 2451 3085
3067 2 2 200 11 1156 1154 2293
3068 2 2 200 11 3301 3211 3338
3069 2 2 200 11 2217 1748 3426
3070 2 2 200 11 1894 2041 3352
3071 2 2 200 11 2964 2282 2965
3072 2 2 200 11 1752 1753 1841
3073 2 2 200 11 1098 3144 3145
3074 2 2 200 11 1141 1143 3092
3075 2 2 200 11 639 638 640
3076 2 2 200 11 3112 2217 3426
3077 2 2 200 11 801 803 3191
3078 2 2 200 11 1564 3460 3530
3079 2 2 200 11 971 941 3139
3080 2 2 200 11 797 3195 3323
3081 2 2 200 11 2281 2129 2282
3082 2 2 200 11 1956 1476 2962
3083 2 2 200 11 2276 3107 3108
3084 2 2 200 11 877 874 3525
3085 2 2 200 11 879 3323 3324
3086 2 2 200 11 2122 2129 2281
3087 2 2 200 11 3157 2090 3342
3088 2 2 200 11 3115 1116 3487
3089 2 2 200 11 3031 2294 3712
3090 2 2 200 11 1191 1193 2048
3091 2 2 200 11 2147 2051 3072
3092 2 2 200 11 3096 2079 3383
3093 2 2 200 11 1593 1595 1596
3094 2 2 200 11 2177 2178 3276
3095 2 2 200 11 2440 2177 3276
3096 2 2 200 11 927 929 3152
3097 2 2 200 11 1019 953 3127
3098 2 2 200 11 833 3191 3192
3099 2 2 200 11 1096 1093 3077
3100 2 2 200 11 973 972 1077
3101 2 2 200 11 1260 3074 3523
3102 2 2 200 11 3160 3161 3456
3103 2 2 200 11 1478 3015 3016
3104 2 2 200 11 1389 3265 3341
3105 2 2 200 11 2232 2217 3477
3106 2 2 200 11 871 872 3472
3107 2 2 200 11 3035 3746 3770
3108 2 2 200 11 1007 3152 3153
3109 2 2 200 11 1183 1252 1895
3110 2 2 200 11 2340 3074 3345
3111 2 2 200 11 969 968 970
3112 2 2 200 11 955 3125 3127
3113 2 2 200 11 3301 3299 3409
3114 2 2 200 11 1088 969 1089
3115 2 2 200 11 2347 3330 3360
3116 2 2 200 11 836 2275 3610
3117 2 2 200 11 937 939 3143
3118 2 2 200 11 2671 2672 2673
3119 2 2 200 11 3071 3115 3487
3120 2 2 200 11 3348 3261 3369
3121 2 2 200 11 2074 1927 2134
3122 2 2 200 11 1702 1392 1928
3123 2 2 200 11 3339 3261 3348
3124 2 2 200 11 2844 3421 4313
3125 2 2 200 11 1596 1598 1894
3126 2 2 200 11 970 972 973
3127 2 2 200 11 1585 1586 1587
3128 2 2 200 11 3161 2076 3456
3129 2 2 200 11 978 975 3091
3130 2 2 200 11 1069 1073 3073
3131 2 2 200 11 3170 3169 3605
3132 2 2 200 11 764 762 3117
3133 2 2 200 11 1710 1708 2333
3134 2 2 200 11 3567 1688 3765
3135 2 2 200 11 823 1021 3672
3136 2 2 200 11 3357 2078 3529
3137 2 2 200 11 982 3147 3148
3138 2 2 200 11 3156 3157 3342
3139 2 2 200 11 1957 1956 3545
3140 2 2 200 11 2386 2089 2387
3141 2 2 200 11 1169 1172 3095
3142 2 2 200 11 2122 2120 2129
3143 2 2 200 11 3330 3329 3360
3144 2 2 200 11 797 799 3195
3145 2 2 200 11 3281 3282 3556
3146 2 2 200 11 3530 3462 3600
3147 2 2 200 11 1154 1150 3080
3148 2 2 200 11 1098 3143 3144
3149 2 2 200 11 1108 2054 3464
3150 2 2 200 11 3211 3301 3409
3151 2 2 200 11 803 3189 3191
3152 2 2 200 11 3280 3298 3518
3153 2 2 200 11 1189 1925 3443
3154 2 2 200 11 3109 2096 3363
3155 2 2 200 11 923 925 3156
3156 2 2 200 11 1636 3399 3488
3157 2 2 200 11 1160 1158 2064
3158 2 2 200 11 1396 1399 3063
3159 2 2 200 11 1090 1089 1091
3160 2 2 200 11 1612 1871 3793
3161 2 2 200 11 833 801 3191
3162 2 2 200 11 2049 1148 3095
3163 2 2 200 11 2276 1558 3107
3164 2 2 200 11 3339 1387 3382
3165 2 2 200 11 3344 3345 3510
3166 2 2 200 11 2959 1571 3036
3167 2 2 200 11 3265 3266 3341
3168 2 2 200 11 2053 3118 3513
3169 2 2 200 11 929 3150 3152
3170 2 2 200 11 974 973 975
3171 2 2 200 11 1704 1401 1889
3172 2 2 200 11 1007 927 3152
3173 2 2 200 11 1342 2119 2120
3174 2 2 200 11 1675 1141 3092
3175 2 2 200 11 1250 1341 1342
3176 2 2 200 11 3233 3335 3465
3177 2 2 200 11 3330 2347 3361
3178 2 2 200 11 3261 3339 3382
3179 2 2 200 11 1209 1207 1210
3180 2 2 200 11 879 795 3323
3181 2 2 200 11 955 957 3125
3182 2 2 200 11 2112 3586 3743
3183 2 2 200 11 3288 1469 3486
3184 2 2 200 11 3268 3271 3362
3185 2 2 200 11 1342 1341 2119
3186 2 2 200 11 3706 3692 3707
3187 2 2 200 11 2293 1154 3080
3188 2 2 200 11 791 793 3349
3189 2 2 200 11 1005 3109 3363
3190 2 2 200 11 645 650 651
3191 2 2 200 11 2279 2122 3083
3192 2 2 200 11 1164 1165 1258
3193 2 2 200 11 970 973 974
3194 2 2 200 11 2051 1542 3517
3195 2 2 200 11 1745 3467 3792
3196 2 2 200 11 1162 1160 3068
3197 2 2 200 11 1172 1249 1250
3198 2 2 200 11 1131 1137 3165
3199 2 2 200 11 2963 2449 3085
3200 2 2 200 11 1139 1141 1675
3201 2 2 200 11 933 935 3146
3202 2 2 200 11 1599 1597 1600
3203 2 2 200 11 2080 2079 3576
3204 2 2 200 11 1587 1589 1592
3205 2 2 200 11 967 968 969
3206 2 2 200 11 982 3146 3147
3207 2 2 200 11 46 47 493
3208 2 2 200 11 192 193 494
3209 2 2 200 11 2287 3101 3632
3210 2 2 200 11 945 1009 3137
3211 2 2 200 11 2145 2051 2147
3212 2 2 200 11 1552 3310 3312
3213 2 2 200 11 803 805 3189
3214 2 2 200 11 975 973 3091
3215 2 2 200 11 1356 1358 3341
3216 2 2 200 11 929 931 3150
3217 2 2 200 11 1469 3335 3481
3218 2 2 200 11 951 1019 3131
3219 2 2 200 11 1498 1523 1751
3220 2 2 200 11 1100 3186 3187
3221 2 2 200 11 837 835 3062
3222 2 2 200 11 1092 1091 1093
3223 2 2 200 11 2333 3911 3925
3224 2 2 200 11 1553 1352 3362
3225 2 2 200 11 2219 2449 2963
3226 2 2 200 11 2121 2120 2122
3227 2 2 200 11 1864 1414 3356
3228 2 2 200 11 1833 2000 2001
3229 2 2 200 11 1252 1500 1922
3230 2 2 200 11 3135 3134 3136
3231 2 2 200 11 1250 1340 1341
3232 2 2 200 11 1922 1923 2029
3233 2 2 200 11 3310 1552 3321
3234 2 2 200 11 1975 1976 1977
3235 2 2 200 11 3264 1387 3337
3236 2 2 200 11 1101 3349 3350
3237 2 2 200 11 977 975 978
3238 2 2 200 11 1416 1552 3356
3239 2 2 200 11 1169 1171 1172
3240 2 2 200 11 2135 2134 2903
3241 2 2 200 11 1387 3264 3382
3242 2 2 200 11 923 3156 3342
3243 2 2 200 11 1354 1502 3362
3244 2 2 200 11 3282 1040 3556
3245 2 2 200 11 1573 1832 1833
3246 2 2 200 11 3345 1260 3510
3247 2 2 200 11 1101 3350 3351
3248 2 2 200 11 1098 937 3143
3249 2 2 200 11 1141 1142 1143
3250 2 2 200 11 2695 2697 2698
3251 2 2 200 11 1469 3481 3486
3252 2 2 200 11 1423 1424 3483
3253 2 2 200 11 3627 1680 3699
3254 2 2 200 11 1083 1571 1572
3255 2 2 200 11 967 966 968
3256 2 2 200 11 1100 3185 3186
3257 2 2 200 11 1038 764 3117
3258 2 2 200 11 1137 1138 1139
3259 2 2 200 11 939 971 3143
3260 2 2 200 11 2054 3166 3464
3261 2 2 200 11 2114 2113 3069
3262 2 2 200 11 1263 1264 1395
3263 2 2 200 11 3459 2634 3460
3264 2 2 200 11 3107 2286 3108
3265 2 2 200 11 2449 2450 2451
3266 2 2 200 11 3247 1390 3343
3267 2 2 200 11 1005 3105 3109
3268 2 2 200 11 1587 1588 1589
3269 2 2 200 11 3236 1471 3422
3270 2 2 200 11 3337 1390 3388
3271 2 2 200 11 1009 3135 3137
3272 2 2 200 11 1390 1370 3343
3273 2 2 200 11 1146 1148 2049
3274 2 2 200 11 1664 1905 3175
3275 2 2 200 11 1183 1251 1252
3276 2 2 200 11 2008 2572 3826
3277 2 2 200 11 2375 2376 2377
3278 2 2 200 11 1087 1579 2047
3279 2 2 200 11 799 833 3195
3280 2 2 200 11 3129 3128 3130
3281 2 2 200 11 1139 1140 1141
3282 2 2 200 11 1687 2113 2114
3283 2 2 200 11 1143 1182 1183
3284 2 2 200 11 1044 1032 1045
3285 2 2 200 11 860 858 861
3286 2 2 200 11 3105 1005 3164
3287 2 2 200 11 982 933 3146
3288 2 2 200 11 1176 1174 3543
3289 2 2 200 11 1687 1122 2113
3290 2 2 200 11 1423 3309 3321
3291 2 2 200 11 874 873 3525
3292 2 2 200 11 255 256 3089
3293 2 2 200 11 1258 1259 1476
3294 2 2 200 11 970 968 972
3295 2 2 200 11 966 1087 3075
3296 2 2 200 11 1576 3690 3698
3297 2 2 200 11 1118 1122 1687
3298 2 2 200 11 287 288 3098
3299 2 2 200 11 1575 2286 3107
3300 2 2 200 11 969 970 3104
3301 2 2 200 11 3353 3354 3355
3302 2 2 200 11 1247 1929 3637
3303 2 2 200 11 967 1088 3383
3304 2 2 200 11 971 3141 3143
3305 2 2 200 11 925 1007 3156
3306 2 2 200 11 3264 3337 3388
3307 2 2 200 11 3174 3175 3176
3308 2 2 200 11 3162 3582 3609
3309 2 2 200 11 3325 3324 3326
3310 2 2 200 11 3298 1034 3518
3311 2 2 200 11 3102 3061 3359
3312 2 2 200 11 1558 1386 3107
3313 2 2 200 11 1101 791 3349
3314 2 2 200 11 1087 2047 3075
3315 2 2 200 11 1700 3160 3456
3316 2 2 200 11 3296 1716 3340
3317 2 2 200 11 2054 1110 3115
3318 2 2 200 11 2029 2030 2325
3319 2 2 200 11 3309 3310 3321
3320 2 2 200 11 3682 1359 3736
3321 2 2 200 11 1155 1154 1156
3322 2 2 200 11 807 809 3185
3323 2 2 200 11 1677 1644 2103
3324 2 2 200 11 1187 1185 3374
3325 2 2 200 11 1716 1426 3340
3326 2 2 200 11 1088 3096 3383
3327 2 2 200 11 1921 3353 3355
3328 2 2 200 11 1643 1642 1644
3329 2 2 200 11 974 975 976
3330 2 2 200 11 1100 807 3185
3331 2 2 200 11 3193 3192 3194
3332 2 2 200 11 2103 2104 2123
3333 2 2 200 11 1700 1740 3160
3334 2 2 200 11 3175 1905 3176
3335 2 2 200 11 1925 1187 3374
3336 2 2 200 11 1921 1276 3353
3337 2 2 200 11 1080 1079 1081
3338 2 2 200 11 3335 3233 3481
3339 2 2 200 11 3644 1678 3658
3340 2 2 200 11 3606 1686 3757
3341 2 2 200 11 2219 2448 2449
3342 2 2 200 11 2325 2326 3491
3343 2 2 200 11 1019 3129 3131
3344 2 2 200 11 3329 1508 3360
3345 2 2 200 11 3154 3153 3155
3346 2 2 200 11 3446 3233 3465
3347 2 2 200 11 1386 1575 3107
3348 2 2 200 11 1022 3121 3122
3349 2 2 200 11 1172 1171 1249
3350 2 2 200 11 286 287 2748
3351 2 2 200 11 1508 1380 3469
3352 2 2 200 11 2396 1957 3545
3353 2 2 200 11 48 49 591
3354 2 2 200 11 190 191 592
3355 2 2 200 11 935 1098 3146
3356 2 2 200 11 1502 1356 3341
3357 2 2 200 11 1575 2040 2286
3358 2 2 200 11 1851 1743 3031
3359 2 2 200 11 1666 1664 3175
3360 2 2 200 11 2883 2885 2886
3361 2 2 200 11 2340 2342 3074
3362 2 2 200 11 2235 2340 3345
3363 2 2 200 11 833 3193 3195
3364 2 2 200 11 793 879 3349
3365 2 2 200 11 3282 3283 3577
3366 2 2 200 11 1096 3077 3111
3367 2 2 200 11 2166 1735 3116
3368 2 2 200 11 1929 1930 2323
3369 2 2 200 11 931 982 3150
3370 2 2 200 11 957 1022 3125
3371 2 2 200 11 1148 1169 3095
3372 2 2 200 11 2293 3080 3634
3373 2 2 200 11 1386 1385 1575
3374 2 2 200 11 3279 3331 3332
3375 2 2 200 11 1211 846 2075
3376 2 2 200 11 805 1100 3189
3377 2 2 200 11 2120 2119 3100
3378 2 2 200 11 256 257 2750
3379 2 2 200 11 3335 1438 3465
3380 2 2 200 11 1358 1389 3341
3381 2 2 200 11 2299 3347 3366
3382 2 2 200 11 1022 3122 3123
3383 2 2 200 11 966 965 1087
3384 2 2 200 11 1131 1134 1137
3385 2 2 200 11 1643 1644 1677
3386 2 2 200 11 1575 1685 2040
3387 2 2 200 11 2679 503 2680
3388 2 2 200 11 1250 1249 1340
3389 2 2 200 11 1118 1121 1122
3390 2 2 200 11 1007 3154 3156
3391 2 2 200 11 2286 2040 3114
3392 2 2 200 11 1823 3158 3159
3393 2 2 200 11 2541 3006 4103
3394 2 2 200 11 1087 965 1578
3395 2 2 200 11 2165 1731 3119
3396 2 2 200 11 1370 1372 3343
3397 2 2 200 11 1132 1135 3440
3398 2 2 200 11 3207 1470 3368
3399 2 2 200 11 3124 3747 3755
3400 2 2 200 11 3309 1423 3483
3401 2 2 200 11 1471 3446 3465
3402 2 2 200 11 2040 2112 3114
3403 2 2 200 11 3148 3147 3149
3404 2 2 200 11 2103 1644 2104
3405 2 2 200 11 875 1146 3472
3406 2 2 200 11 1088 1089 1090
3407 2 2 200 11 1094 1093 1096
3408 2 2 200 11 3830 3443 3831
3409 2 2 200 11 1116 1117 1118
3410 2 2 200 11 1101 3351 3371
3411 2 2 200 11 850 3183 3184
3412 2 2 200 11 1587 1586 1588
3413 2 2 200 11 3302 2288 3303
3414 2 2 200 11 2123 2104 2287
3415 2 2 200 11 879 3325 3349
3416 2 2 200 11 3351 2105 3371
3417 2 2 200 11 3347 3346 3366
3418 2 2 200 11 1341 1340 1745
3419 2 2 200 11 1581 1583 1585
3420 2 2 200 11 1716 3296 3304
3421 2 2 200 11 1112 1116 3115
3422 2 2 200 11 1104 3581 3592
3423 2 2 200 11 1390 3247 3388
3424 2 2 200 11 1551 1549 3331
3425 2 2 200 11 1929 2323 3113
3426 2 2 200 11 224 225 623
3427 2 2 200 11 385 386 622
3428 2 2 200 11 1127 1129 2053
3429 2 2 200 11 1426 1428 3340
3430 2 2 200 11 1098 3145 3146
3431 2 2 200 11 2216 1748 2217
3432 2 2 200 11 825 827 3237
3433 2 2 200 11 1994 1558 2276
3434 2 2 200 11 3491 2522 3492
3435 2 2 200 11 1903 1958 2044
3436 2 2 200 11 1022 959 3121
3437 2 2 200 11 1646 2069 3384
3438 2 2 200 11 2044 2218 2219
3439 2 2 200 11 3112 3111 3858
3440 2 2 200 11 1592 1589 1593
3441 2 2 200 11 1271 1306 1307
3442 2 2 200 11 3299 1470 3409
3443 2 2 200 11 1384 1385 1386
3444 2 2 200 11 1342 2120 2121
3445 2 2 200 11 1097 2079 2080
3446 2 2 200 11 2164 1723 3163
3447 2 2 200 11 1294 1292 3142
3448 2 2 200 11 841 840 1078
3449 2 2 200 11 1640 1638 1642
3450 2 2 200 11 3347 2299 3367
3451 2 2 200 11 2326 2522 3491
3452 2 2 200 11 1372 1374 3398
3453 2 2 200 11 1823 1824 3158
3454 2 2 200 11 1471 1442 3422
3455 2 2 200 11 3808 3088 3809
3456 2 2 200 11 3498 3499 3500
3457 2 2 200 11 1021 825 3237
3458 2 2 200 11 2290 3105 3164
3459 2 2 200 11 2675 490 2676
3460 2 2 200 11 3187 3186 3188
3461 2 2 200 11 1668 1666 3173
3462 2 2 200 11 1137 1134 1138
3463 2 2 200 11 850 3182 3183
3464 2 2 200 11 1108 1110 2054
3465 2 2 200 11 974 976 2283
3466 2 2 200 11 1139 1138 1140
3467 2 2 200 11 3300 3299 3301
3468 2 2 200 11 1257 1189 3443
3469 2 2 200 11 3167 1676 3168
3470 2 2 200 11 1712 1542 2051
3471 2 2 200 11 1601 1600 1837
3472 2 2 200 11 1143 1142 1182
3473 2 2 200 11 967 969 1088
3474 2 2 200 11 2052 3285 3286
3475 2 2 200 11 1640 1642 1643
3476 2 2 200 11 1925 3374 3375
3477 2 2 200 11 1110 1112 3115
3478 2 2 200 11 2387 2089 3063
3479 2 2 200 11 3280 2052 3298
3480 2 2 200 11 3173 1666 3175
3481 2 2 200 11 2129 2120 3100
3482 2 2 200 11 1585 1583 1586
3483 2 2 200 11 1247 1514 1929
3484 2 2 200 11 3460 3461 3462
3485 2 2 200 11 1099 3180 3182
3486 2 2 200 11 1592 1593 3352
3487 2 2 200 11 1428 1430 3390
3488 2 2 200 11 1994 2276 2987
3489 2 2 200 11 1470 1456 3368
3490 2 2 200 11 3167 3168 3171
3491 2 2 200 11 1834 2235 3344
3492 2 2 200 11 3178 1014 3181
3493 2 2 200 11 2115 2114 2288
3494 2 2 200 11 1735 1733 3116
3495 2 2 200 11 3216 1468 3300
3496 2 2 200 11 1097 963 2079
3497 2 2 200 11 982 3148 3150
3498 2 2 200 11 2678 503 2679
3499 2 2 200 11 3158 2092 3162
3500 2 2 200 11 3159 3158 3162
3501 2 2 200 11 2290 3164 3277
3502 2 2 200 11 2121 2122 2279
3503 2 2 200 11 2451 2450 2569
3504 2 2 200 11 1670 1676 3167
3505 2 2 200 11 1471 3236 3446
3506 2 2 200 11 2052 1648 3285
3507 2 2 200 11 567 289 2668
3508 2 2 200 11 3577 3283 3581
3509 2 2 200 11 3102 3359 3488
3510 2 2 200 11 809 850 3185
3511 2 2 200 11 1466 1881 3212
3512 2 2 200 11 1717 2126 3213
3513 2 2 200 11 3422 1473 3431
3514 2 2 200 11 1674 1690 3284
3515 2 2 200 11 2712 513 2717
3516 2 2 200 11 1740 1823 3160
3517 2 2 200 11 284 2742 2839
3518 2 2 200 11 3372 1516 3445
3519 2 2 200 11 2553 2554 2555
3520 2 2 200 11 3160 3159 3161
3521 2 2 200 11 1462 1761 3197
3522 2 2 200 11 2676 490 2677
3523 2 2 200 11 817 1014 3178
3524 2 2 200 11 2056 3372 3445
3525 2 2 200 11 781 783 3328
3526 2 2 200 11 1300 1877 1903
3527 2 2 200 11 2342 2634 3459
3528 2 2 200 11 1388 3238 3239
3529 2 2 200 11 2309 1907 2310
3530 2 2 200 11 3360 1508 3469
3531 2 2 200 11 774 1127 3513
3532 2 2 200 11 813 1099 3182
3533 2 2 200 11 1468 1450 3300
3534 2 2 200 11 961 963 1097
3535 2 2 200 11 1620 1622 3376
3536 2 2 200 11 3182 3180 3183
3537 2 2 200 11 2079 963 3383
3538 2 2 200 11 2015 2166 2847
3539 2 2 200 11 1473 1446 3214
3540 2 2 200 11 2149 3278 3279
3541 2 2 200 11 1578 965 3458
3542 2 2 200 11 3243 3239 3329
3543 2 2 200 11 2259 2016 3005
3544 2 2 200 11 1549 1714 3331
3545 2 2 200 11 1112 1115 1116
3546 2 2 200 11 2310 1907 3142
3547 2 2 200 11 2304 1906 3396
3548 2 2 200 11 2235 2339 2340
3549 2 2 200 11 3239 3238 3329
3550 2 2 200 11 3216 3300 3301
3551 2 2 200 11 3236 3422 3431
3552 2 2 200 11 1473 3214 3365
3553 2 2 200 11 3281 2050 3282
3554 2 2 200 11 1731 1729 3119
3555 2 2 200 11 3176 1905 3177
3556 2 2 200 11 1005 913 3164
3557 2 2 200 11 3123 3122 3124
3558 2 2 200 11 1907 1294 3142
3559 2 2 200 11 1388 1376 3238
3560 2 2 200 11 2015 1735 2166
3561 2 2 200 11 1087 1578 1579
3562 2 2 200 11 3137 3135 3138
3563 2 2 200 11 3195 3193 3196
3564 2 2 200 11 2092 2091 2307
3565 2 2 200 11 2104 1644 3359
3566 2 2 200 11 3463 3358 3473
3567 2 2 200 11 1203 1393 3748
3568 2 2 200 11 1503 3288 3289
3569 2 2 200 11 1100 3187 3189
3570 2 2 200 11 317 318 479
3571 2 2 200 11 290 291 491
3572 2 2 200 11 1827 2091 2092
3573 2 2 200 11 903 905 3287
3574 2 2 200 11 1733 2165 3116
3575 2 2 200 11 3434 3433 3649
3576 2 2 200 11 3143 3141 3144
3577 2 2 200 11 1395 1396 3063
3578 2 2 200 11 3343 1372 3398
3579 2 2 200 11 1276 1507 3353
3580 2 2 200 11 3121 2111 3122
3581 2 2 200 11 2149 1715 3278
3582 2 2 200 11 3340 1428 3390
3583 2 2 200 11 845 846 847
3584 2 2 200 11 1082 1083 3540
3585 2 2 200 11 2009 2782 4195
3586 2 2 200 11 1881 1472 3377
3587 2 2 200 11 913 915 3164
3588 2 2 200 11 1503 1432 3288
3589 2 2 200 11 1384 1386 1557
3590 2 2 200 11 3177 1905 3346
3591 2 2 200 11 2297 1620 3376
3592 2 2 200 11 1418 1420 3321
3593 2 2 200 11 1733 1731 2165
3594 2 2 200 11 3142 1292 3364
3595 2 2 200 11 1134 1132 3440
3596 2 2 200 11 1652 2050 3281
3597 2 2 200 11 1628 2052 3280
3598 2 2 200 11 3278 1551 3331
3599 2 2 200 11 1097 2111 3121
3600 2 2 200 11 1552 3312 3356
3601 2 2 200 11 2340 2341 2342
3602 2 2 200 11 2292 1578 3458
3603 2 2 200 11 1557 1386 1558
3604 2 2 200 11 3156 3154 3157
3605 2 2 200 11 1157 2131 3110
3606 2 2 200 11 1995 1931 2109
3607 2 2 200 11 2037 1897 2278
3608 2 2 200 11 1475 1474 1897
3609 2 2 200 11 920 1577 3277
3610 2 2 200 11 1823 3159 3160
3611 2 2 200 11 3177 3346 3347
3612 2 2 200 11 1687 2114 2115
3613 2 2 200 11 915 917 3277
3614 2 2 200 11 1152 1150 1154
3615 2 2 200 11 1454 1470 3299
3616 2 2 200 11 3164 915 3277
3617 2 2 200 11 2151 2150 2859
3618 2 2 200 11 3242 3246 3327
3619 2 2 200 11 1736 1735 2015
3620 2 2 200 11 3243 3329 3330
3621 2 2 200 11 1729 1723 2164
3622 2 2 200 11 1617 1834 3344
3623 2 2 200 11 3131 3129 3132
3624 2 2 200 11 1552 1418 3321
3625 2 2 200 11 1723 1721 3163
3626 2 2 200 11 961 1097 3121
3627 2 2 200 11 908 1616 3287
3628 2 2 200 11 320 321 502
3629 2 2 200 11 1994 2988 3336
3630 2 2 200 11 917 920 3277
3631 2 2 200 11 1729 2164 3119
3632 2 2 200 11 288 289 567
3633 2 2 200 11 783 786 3328
3634 2 2 200 11 905 908 3287
3635 2 2 200 11 1368 1390 3337
3636 2 2 200 11 2216 2217 2232
3637 2 2 200 11 1472 1474 1475
3638 2 2 200 11 2705 2704 2706
3639 2 2 200 11 576 2684 2685
3640 2 2 200 11 1181 1921 3529
3641 2 2 200 11 3168 1676 3169
3642 2 2 200 11 2052 3286 3298
3643 2 2 200 11 326 574 2840
3644 2 2 200 11 573 2703 2704
3645 2 2 200 11 1734 1733 1735
3646 2 2 200 11 254 506 2724
3647 2 2 200 11 1881 3377 3378
3648 2 2 200 11 284 285 2742
3649 2 2 200 11 2111 2080 3097
3650 2 2 200 11 3168 3169 3170
3651 2 2 200 11 1475 1897 2037
3652 2 2 200 11 1824 1827 3158
3653 2 2 200 11 481 251 2731
3654 2 2 200 11 1575 1385 1685
3655 2 2 200 11 2055 1770 3424
3656 2 2 200 11 3216 3301 3338
3657 2 2 200 11 1740 1822 1823
3658 2 2 200 11 1827 1916 2091
3659 2 2 200 11 1118 1117 1121
3660 2 2 200 11 3146 3145 3147
3661 2 2 200 11 3061 2104 3359
3662 2 2 200 11 2342 2633 2634
3663 2 2 200 11 1464 1466 3212
3664 2 2 200 11 1905 1662 3346
3665 2 2 200 11 354 355 2741
3666 2 2 200 11 3298 3286 3544
3667 2 2 200 11 2314 3167 3171
3668 2 2 200 11 357 569 2723
3669 2 2 200 11 1721 1719 2163
3670 2 2 200 11 3150 3148 3151
3671 2 2 200 11 1648 1650 3285
3672 2 2 200 11 3397 1281 3429
3673 2 2 200 11 1099 3178 3179
3674 2 2 200 11 513 269 2737
3675 2 2 200 11 1719 1717 3213
3676 2 2 200 11 1569 3197 3198
3677 2 2 200 11 3353 1693 3354
3678 2 2 200 11 3200 3202 3203
3679 2 2 200 11 1420 1423 3321
3680 2 2 200 11 1460 1462 3197
3681 2 2 200 11 1507 1566 1693
3682 2 2 200 11 1672 1670 3167
3683 2 2 200 11 1834 2234 2235
3684 2 2 200 11 2232 3478 3479
3685 2 2 200 11 2126 2149 2338
3686 2 2 200 11 2685 2684 2687
3687 2 2 200 11 2087 2055 3084
3688 2 2 200 11 3215 3216 3217
3689 2 2 200 11 1577 2086 2101
3690 2 2 200 11 1388 3239 3240
3691 2 2 200 11 1577 1012 2086
3692 2 2 200 11 3282 2050 3283
3693 2 2 200 11 1652 1674 2050
3694 2 2 200 11 2313 1672 2314
3695 2 2 200 11 1650 1652 3281
3696 2 2 200 11 1824 1826 1827
3697 2 2 200 11 3218 3217 3219
3698 2 2 200 11 3214 1468 3215
3699 2 2 200 11 1732 1731 1733
3700 2 2 200 11 3199 3198 3200
3701 2 2 200 11 957 959 1022
3702 2 2 200 11 1717 1715 2126
3703 2 2 200 11 3331 1714 3332
3704 2 2 200 11 3240 3239 3241
3705 2 2 200 11 2058 3397 3429
3706 2 2 200 11 1628 1648 2052
3707 2 2 200 11 1577 2290 3277
3708 2 2 200 11 1715 1561 3278
3709 2 2 200 11 2706 2704 2707
3710 2 2 200 11 322 323 568
3711 2 2 200 11 1626 1628 3280
3712 2 2 200 11 3323 3196 3324
3713 2 2 200 11 951 953 1019
3714 2 2 200 11 1650 3281 3285
3715 2 2 200 11 920 1012 1577
3716 2 2 200 11 1670 1668 1676
3717 2 2 200 11 813 815 1099
3718 2 2 200 11 1503 3289 3290
3719 2 2 200 11 1721 2163 3163
3720 2 2 200 11 945 947 1009
3721 2 2 200 11 324 490 2675
3722 2 2 200 11 509 329 2735
3723 2 2 200 11 1462 1464 1761
3724 2 2 200 11 1458 1460 1569
3725 2 2 200 11 573 2704 2705
3726 2 2 200 11 935 937 1098
3727 2 2 200 11 576 2685 2686
3728 2 2 200 11 1454 1456 1470
3729 2 2 200 11 1466 1472 1881
3730 2 2 200 11 1141 1140 1142
3731 2 2 200 11 815 817 3178
3732 2 2 200 11 939 941 971
3733 2 2 200 11 1452 1454 3299
3734 2 2 200 11 1472 1467 1474
3735 2 2 200 11 817 819 1014
3736 2 2 200 11 3189 3187 3190
3737 2 2 200 11 2053 1129 3165
3738 2 2 200 11 1761 1464 3212
3739 2 2 200 11 1827 2092 3158
3740 2 2 200 11 823 825 1021
3741 2 2 200 11 3238 1508 3329
3742 2 2 200 11 3290 3289 3291
3743 2 2 200 11 908 1102 1616
3744 2 2 200 11 805 807 1100
3745 2 2 200 11 571 260 2730
3746 2 2 200 11 3349 3325 3350
3747 2 2 200 11 1448 1450 1468
3748 2 2 200 11 483 258 2732
3749 2 2 200 11 959 961 3121
3750 2 2 200 11 1136 1133 3364
3751 2 2 200 11 3292 3291 3294
3752 2 2 200 11 1097 2080 2111
3753 2 2 200 11 1444 1446 1473
3754 2 2 200 11 3208 3201 3209
3755 2 2 200 11 1982 1868 2150
3756 2 2 200 11 1676 1668 3173
3757 2 2 200 11 786 1682 3328
3758 2 2 200 11 1446 1448 3214
3759 2 2 200 11 3241 3243 3322
3760 2 2 200 11 2314 1672 3167
3761 2 2 200 11 931 933 982
3762 2 2 200 11 2287 3061 3101
3763 2 2 200 11 809 811 850
3764 2 2 200 11 1450 1452 3300
3765 2 2 200 11 1569 1460 3197
3766 2 2 200 11 825 826 827
3767 2 2 200 11 3242 3241 3246
3768 2 2 200 11 1116 1118 3487
3769 2 2 200 11 3200 3198 3202
3770 2 2 200 11 1440 1442 1471
3771 2 2 200 11 1432 1434 3288
3772 2 2 200 11 2314 3171 3172
3773 2 2 200 11 2303 1906 2304
3774 2 2 200 11 3399 1124 3502
3775 2 2 200 11 1378 1380 1508
3776 2 2 200 11 328 509 2709
3777 2 2 200 11 268 513 2712
3778 2 2 200 11 1389 1360 3348
3779 2 2 200 11 282 503 2678
3780 2 2 200 11 1122 1121 1300
3781 2 2 200 11 487 272 2749
3782 2 2 200 11 1376 1378 3238
3783 2 2 200 11 3195 3196 3323
3784 2 2 200 11 276 575 2693
3785 2 2 200 11 576 348 2684
3786 2 2 200 11 1099 815 3178
3787 2 2 200 11 573 341 2703
3788 2 2 200 11 1374 1376 1388
3789 2 2 200 11 2163 1719 3213
3790 2 2 200 11 2290 2101 2291
3791 2 2 200 11 1921 3355 3357
3792 2 2 200 11 2086 2090 2311
3793 2 2 200 11 3105 2291 3106
3794 2 2 200 11 3381 2304 3396
3795 2 2 200 11 1992 1994 3336
3796 2 2 200 11 1852 1280 1931
3797 2 2 200 11 1730 1729 1731
3798 2 2 200 11 811 813 3182
3799 2 2 200 11 486 339 2841
3800 2 2 200 11 2345 2141 2491
3801 2 2 200 11 1099 3179 3180
3802 2 2 200 11 484 346 2843
3803 2 2 200 11 3219 3217 3220
3804 2 2 200 11 3215 1468 3216
3805 2 2 200 11 333 577 2733
3806 2 2 200 11 3179 3178 3181
3807 2 2 200 11 920 921 1012
3808 2 2 200 11 1664 1662 1905
3809 2 2 200 11 3279 3278 3331
3810 2 2 200 11 1364 1387 3339
3811 2 2 200 11 925 927 1007
3812 2 2 200 11 1434 1469 3288
3813 2 2 200 11 3215 3217 3218
3814 2 2 200 11 1448 1468 3214
3815 2 2 200 11 3218 3219 3221
3816 2 2 200 11 273 274 2860
3817 2 2 200 11 1434 1436 1469
3818 2 2 200 11 1452 3299 3300
3819 2 2 200 11 850 3184 3185
3820 2 2 200 11 760 1016 1157
3821 2 2 200 11 1563 1561 1715
3822 2 2 200 11 1569 3198 3199
3823 2 2 200 11 3185 3184 3186
3824 2 2 200 11 3290 3291 3292
3825 2 2 200 11 3199 3200 3201
3826 2 2 200 11 1172 1250 3527
3827 2 2 200 11 3254 3252 3256
3828 2 2 200 11 2141 1992 3336
3829 2 2 200 11 1616 1102 2085
3830 2 2 200 11 1378 1508 3238
3831 2 2 200 11 3241 3239 3243
3832 2 2 200 11 3248 3245 3249
3833 2 2 200 11 786 1010 1682
3834 2 2 200 11 3359 1642 3488
3835 2 2 200 11 1430 1432 1503
3836 2 2 200 11 3344 2235 3345
3837 2 2 200 11 2126 1715 2149
3838 2 2 200 11 3240 3241 3242
3839 2 2 200 11 850 811 3182
3840 2 2 200 11 1360 1362 3348
3841 2 2 200 11 3208 3209 3210
3842 2 2 200 11 1960 1770 2055
3843 2 2 200 11 3246 3241 3322
3844 2 2 200 11 3245 3242 3327
3845 2 2 200 11 921 923 3342
3846 2 2 200 11 1638 1636 3488
3847 2 2 200 11 3332 1714 3333
3848 2 2 200 11 1470 3207 3409
3849 2 2 200 11 282 283 503
3850 2 2 200 11 349 350 504
3851 2 2 200 11 328 329 509
3852 2 2 200 11 342 343 505
3853 2 2 200 11 268 269 513
3854 2 2 200 11 274 275 507
3855 2 2 200 11 254 255 506
3856 2 2 200 11 335 336 510
3857 2 2 200 11 355 356 508
3858 2 2 200 11 261 262 511
3859 2 2 200 11 1368 1370 1390
3860 2 2 200 11 1591 1947 2083
3861 2 2 200 11 280 281 572
3862 2 2 200 11 347 348 576
3863 2 2 200 11 357 358 569
3864 2 2 200 11 340 341 573
3865 2 2 200 11 276 277 575
3866 2 2 200 11 326 327 574
3867 2 2 200 11 266 267 578
3868 2 2 200 11 333 334 577
3869 2 2 200 11 252 253 570
3870 2 2 200 11 259 260 571
3871 2 2 200 11 3378 2511 3379
3872 2 2 200 11 1466 1467 1472
3873 2 2 200 11 1646 1125 2069
3874 2 2 200 11 3215 3218 3365
3875 2 2 200 11 1563 1715 1717
3876 2 2 200 11 964 967 3383
3877 2 2 200 11 2125 2037 2128
3878 2 2 200 11 917 919 920
3879 2 2 200 11 1116 1115 1117
3880 2 2 200 11 1436 1438 3335
3881 2 2 200 11 1430 1503 3390
3882 2 2 200 11 1362 3339 3348
3883 2 2 200 11 1724 1723 1729
3884 2 2 200 11 3346 1660 3366
3885 2 2 200 11 1992 1558 1994
3886 2 2 200 11 823 824 825
3887 2 2 200 11 1374 1388 3398
3888 2 2 200 11 1507 1693 3353
3889 2 2 200 11 3332 3333 3334
3890 2 2 200 11 1561 1551 3278
3891 2 2 200 11 3191 3190 3192
3892 2 2 200 11 3218 3222 3365
3893 2 2 200 11 3248 3249 3250
3894 2 2 200 11 1569 3199 3368
3895 2 2 200 11 285 286 478
3896 2 2 200 11 271 272 487
3897 2 2 200 11 345 346 484
3898 2 2 200 11 250 251 481
3899 2 2 200 11 278 279 489
3900 2 2 200 11 359 360 480
3901 2 2 200 11 338 339 486
3902 2 2 200 11 324 325 490
3903 2 2 200 11 264 265 485
3904 2 2 200 11 331 332 488
3905 2 2 200 11 257 258 483
3906 2 2 200 11 352 353 482
3907 2 2 200 11 3249 3245 3327
3908 2 2 200 11 1424 1716 3483
3909 2 2 200 11 799 801 833
3910 2 2 200 11 1662 1660 3346
3911 2 2 200 11 911 1005 3363
3912 2 2 200 11 774 1126 1127
3913 2 2 200 11 1464 1465 1466
3914 2 2 200 11 3268 3269 3271
3915 2 2 200 11 1622 1626 3376
3916 2 2 200 11 1469 1436 3335
3917 2 2 200 11 961 962 963
3918 2 2 200 11 3152 3151 3153
3919 2 2 200 11 3105 3106 3109
3920 2 2 200 11 821 822 823
3921 2 2 200 11 3169 3173 3174
3922 2 2 200 11 959 960 961
3923 2 2 200 11 2060 2412 2413
3924 2 2 200 11 1364 1366 1387
3925 2 2 200 11 1577 2101 2290
3926 2 2 200 11 957 958 959
3927 2 2 200 11 1734 1735 1736
3928 2 2 200 11 3271 3272 3273
3929 2 2 200 11 1682 1010 2084
3930 2 2 200 11 1993 1992 2141
3931 2 2 200 11 1637 1636 1638
3932 2 2 200 11 3199 3207 3368
3933 2 2 200 11 2091 1916 2093
3934 2 2 200 11 2050 1674 3284
3935 2 2 200 11 955 956 957
3936 2 2 200 11 1424 1426 1716
3937 2 2 200 11 1382 1383 1384
3938 2 2 200 11 1362 1364 3339
3939 2 2 200 11 2016 1889 2256
3940 2 2 200 11 1722 1721 1723
3941 2 2 200 11 1456 1458 3368
3942 2 2 200 11 1827 1826 1916
3943 2 2 200 11 1694 1646 3384
3944 2 2 200 11 953 954 955
3945 2 2 200 11 2290 2291 3105
3946 2 2 200 11 3378 3379 3380
3947 2 2 200 11 951 952 953
3948 2 2 200 11 1181 1276 1921
3949 2 2 200 11 1462 1463 1464
3950 2 2 200 11 3293 3292 3295
3951 2 2 200 11 964 966 967
3952 2 2 200 11 819 820 821
3953 2 2 200 11 1460 1461 1462
3954 2 2 200 11 1475 2037 2125
3955 2 2 200 11 949 950 951
3956 2 2 200 11 825 824 826
3957 2 2 200 11 2287 3632 3639
3958 2 2 200 11 2086 1012 2090
3959 2 2 200 11 2510 2128 2574
3960 2 2 200 11 1993 2141 2345
3961 2 2 200 11 817 818 819
3962 2 2 200 11 1458 1459 1460
3963 2 2 200 11 1420 1422 1423
3964 2 2 200 11 3271 3269 3272
3965 2 2 200 11 2069 1125 3448
3966 2 2 200 11 947 948 949
3967 2 2 200 11 1366 1368 3337
3968 2 2 200 11 1292 1136 3364
3969 2 2 200 11 1456 1457 1458
3970 2 2 200 11 920 919 921
3971 2 2 200 11 3304 3297 3305
3972 2 2 200 11 2125 2128 2510
3973 2 2 200 11 945 946 947
3974 2 2 200 11 3296 3295 3297
3975 2 2 200 11 1454 1455 1456
3976 2 2 200 11 1823 1822 1824
3977 2 2 200 11 3313 3311 3314
3978 2 2 200 11 3139 3138 3140
3979 2 2 200 11 3306 3305 3307
3980 2 2 200 11 3266 3267 3268
3981 2 2 200 11 3268 3267 3269
3982 2 2 200 11 1079 831 3610
3983 2 2 200 11 943 944 945
3984 2 2 200 11 1720 1719 1721
3985 2 2 200 11 1452 1453 1454
3986 2 2 200 11 3313 3314 3315
3987 2 2 200 11 911 913 1005
3988 2 2 200 11 1732 1733 1734
3989 2 2 200 11 815 816 817
3990 2 2 200 11 3255 3254 3257
3991 2 2 200 11 3266 3263 3267
3992 2 2 200 11 1120 1114 3358
3993 2 2 200 11 3228 3227 3229
3994 2 2 200 11 3232 3231 3234
3995 2 2 200 11 1380 1381 1382
3996 2 2 200 11 3310 3308 3311
3997 2 2 200 11 1450 1451 1452
3998 2 2 200 11 941 942 943
3999 2 2 200 11 3230 3229 3231
4000 2 2 200 11 1387 1366 3337
4001 2 2 200 11 1674 1684 1690
4002 2 2 200 11 1737 1672 2313
4003 2 2 200 11 3222 3221 3223
4004 2 2 200 11 3226 3225 3227
4005 2 2 200 11 1448 1449 1450
4006 2 2 200 11 1632 1124 3399
4007 2 2 200 11 3260 3259 3262
4008 2 2 200 11 3125 3123 3126
4009 2 2 200 11 939 940 941
4010 2 2 200 11 3224 3223 3225
4011 2 2 200 11 3312 3311 3313
4012 2 2 200 11 3251 3250 3252
4013 2 2 200 11 3244 3242 3245
4014 2 2 200 11 3258 3257 3259
4015 2 2 200 11 3247 3245 3248
4016 2 2 200 11 1446 1447 1448
4017 2 2 200 11 1671 1670 1672
4018 2 2 200 11 3133 3132 3134
4019 2 2 200 11 1378 1379 1380
4020 2 2 200 11 793 795 879
4021 2 2 200 11 1416 1418 1552
4022 2 2 200 11 1022 3123 3125
4023 2 2 200 11 937 938 939
4024 2 2 200 11 3217 3216 3338
4025 2 2 200 11 3260 3262 3263
4026 2 2 200 11 813 814 815
4027 2 2 200 11 1742 1677 1743
4028 2 2 200 11 1652 1653 1674
4029 2 2 200 11 1444 1445 1446
4030 2 2 200 11 2060 2413 3397
4031 2 2 200 11 3253 3252 3254
4032 2 2 200 11 1376 1377 1378
4033 2 2 200 11 935 936 937
4034 2 2 200 11 1718 1717 1719
4035 2 2 200 11 3207 3201 3208
4036 2 2 200 11 3310 3311 3312
4037 2 2 200 11 1442 1443 1444
4038 2 2 200 11 2326 2521 2522
4039 2 2 200 11 1466 1465 1467
4040 2 2 200 11 1960 2055 2087
4041 2 2 200 11 1423 1422 1424
4042 2 2 200 11 811 812 813
4043 2 2 200 11 1650 1651 1652
4044 2 2 200 11 3189 3190 3191
4045 2 2 200 11 1374 1375 1376
4046 2 2 200 11 1358 1360 1389
4047 2 2 200 11 1440 1441 1442
4048 2 2 200 11 1040 3552 3556
4049 2 2 200 11 1639 1638 1640
4050 2 2 200 11 933 934 935
4051 2 2 200 11 3273 3272 3274
4052 2 2 200 11 3306 3307 3308
4053 2 2 200 11 809 810 811
4054 2 2 200 11 823 822 824
4055 2 2 200 11 2068 3463 3473
4056 2 2 200 11 1438 1439 1440
4057 2 2 200 11 1656 1654 2298
4058 2 2 200 11 3304 3305 3306
4059 2 2 200 11 3258 3259 3260
4060 2 2 200 11 3150 3151 3152
4061 2 2 200 11 1669 1668 1670
4062 2 2 200 11 789 791 1101
4063 2 2 200 11 1372 1373 1374
4064 2 2 200 11 1648 1649 1650
4065 2 2 200 11 892 1108 3464
4066 2 2 200 11 3492 3493 3494
4067 2 2 200 11 3265 3263 3266
4068 2 2 200 11 908 909 1102
4069 2 2 200 11 3137 3138 3139
4070 2 2 200 11 931 932 933
4071 2 2 200 11 3127 3126 3128
4072 2 2 200 11 3169 1676 3173
4073 2 2 200 11 1994 2987 2988
4074 2 2 200 11 3290 3292 3293
4075 2 2 200 11 2346 2345 2347
4076 2 2 200 11 1135 1617 3440
4077 2 2 200 11 1903 1877 1958
4078 2 2 200 11 3255 3257 3258
4079 2 2 200 11 1436 1437 1438
4080 2 2 200 11 1636 1632 3399
4081 2 2 200 11 807 808 809
4082 2 2 200 11 3296 3297 3304
4083 2 2 200 11 3293 3295 3296
4084 2 2 200 11 929 930 931
4085 2 2 200 11 1667 1666 1668
4086 2 2 200 11 1354 1356 1502
4087 2 2 200 11 1572 1574 1708
4088 2 2 200 11 1370 1371 1372
4089 2 2 200 11 2040 2077 2112
4090 2 2 200 11 1982 2150 2151
4091 2 2 200 11 1628 1629 1648
4092 2 2 200 11 1434 1435 1436
4093 2 2 200 11 3161 3571 3572
4094 2 2 200 11 1730 1731 1732
4095 2 2 200 11 1464 1463 1465
4096 2 2 200 11 2308 1907 2309
4097 2 2 200 11 1345 1294 1907
4098 2 2 200 11 1432 1433 1434
4099 2 2 200 11 3214 3215 3365
4100 2 2 200 11 3253 3254 3255
4101 2 2 200 11 927 928 929
4102 2 2 200 11 3269 3267 3270
4103 2 2 200 11 963 962 964
4104 2 2 200 11 1384 1383 1385
4105 2 2 200 11 1368 1369 1370
4106 2 2 200 11 1665 1664 1666
4107 2 2 200 11 1626 1627 1628
4108 2 2 200 11 821 820 822
4109 2 2 200 11 961 960 962
4110 2 2 200 11 3248 3250 3251
4111 2 2 200 11 805 806 807
4112 2 2 200 11 959 958 960
4113 2 2 200 11 1011 901 3415
4114 2 2 200 11 1430 1431 1432
4115 2 2 200 11 1252 1251 1500
4116 2 2 200 11 3571 1027 3572
4117 2 2 200 11 957 956 958
4118 2 2 200 11 3274 3272 3275
4119 2 2 200 11 3174 3173 3175
4120 2 2 200 11 1644 1642 3359
4121 2 2 200 11 1366 1367 1368
4122 2 2 200 11 905 907 908
4123 2 2 200 11 925 926 927
4124 2 2 200 11 1442 1444 3422
4125 2 2 200 11 3131 3132 3133
4126 2 2 200 11 955 954 956
4127 2 2 200 11 3240 3242 3244
4128 2 2 200 11 1696 1694 2315
4129 2 2 200 11 974 2283 3104
4130 2 2 200 11 3309 3308 3310
4131 2 2 200 11 3220 3217 3338
4132 2 2 200 11 1458 1569 3368
4133 2 2 200 11 1897 1474 1904
4134 2 2 200 11 1906 1407 3396
4135 2 2 200 11 819 818 820
4136 2 2 200 11 953 952 954
4137 2 2 200 11 3232 3234 3235
4138 2 2 200 11 1462 1461 1463
4139 2 2 200 11 1412 1414 1864
4140 2 2 200 11 1428 1429 1430
4141 2 2 200 11 3251 3252 3253
4142 2 2 200 11 951 950 952
4143 2 2 200 11 1364 1365 1366
4144 2 2 200 11 1460 1459 1461
4145 2 2 200 11 3218 3221 3222
4146 2 2 200 11 1012 921 3342
4147 2 2 200 11 803 804 805
4148 2 2 200 11 923 924 925
4149 2 2 200 11 1622 1625 1626
4150 2 2 200 11 3230 3231 3232
4151 2 2 200 11 1108 1109 1110
4152 2 2 200 11 949 948 950
4153 2 2 200 11 1343 1120 3358
4154 2 2 200 11 1656 2298 2299
4155 2 2 200 11 3244 3245 3247
4156 2 2 200 11 1382 1381 1383
4157 2 2 200 11 3228 3229 3230
4158 2 2 200 11 3283 2050 3284
4159 2 2 200 11 1426 1427 1428
4160 2 2 200 11 2125 2510 2511
4161 2 2 200 11 1663 1662 1664
4162 2 2 200 11 1458 1457 1459
4163 2 2 200 11 1908 1906 2303
4164 2 2 200 11 817 816 818
4165 2 2 200 11 1424 1425 1426
4166 2 2 200 11 3226 3227 3228
4167 2 2 200 11 921 922 923
4168 2 2 200 11 1456 1455 1457
4169 2 2 200 11 1724 1729 1730
4170 2 2 200 11 947 946 948
4171 2 2 200 11 1454 1453 1455
4172 2 2 200 11 3260 3263 3265
4173 2 2 200 11 1347 1839 2056
4174 2 2 200 11 2102 1685 3444
4175 2 2 200 11 1626 3280 3376
4176 2 2 200 11 945 944 946
4177 2 2 200 11 3208 3210 3211
4178 2 2 200 11 3224 3225 3226
4179 2 2 200 11 786 787 1010
4180 2 2 200 11 1452 1451 1453
4181 2 2 200 11 1362 1363 1364
4182 2 2 200 11 1562 1561 1563
4183 2 2 200 11 3199 3201 3207
4184 2 2 200 11 3222 3223 3224
4185 2 2 200 11 1510 1257 1511
4186 2 2 200 11 1380 1379 1381
4187 2 2 200 11 2449 2448 2450
4188 2 2 200 11 3248 3251 3388
4189 2 2 200 11 1090 1091 1092
4190 2 2 200 11 2443 2109 2444
4191 2 2 200 11 801 802 803
4192 2 2 200 11 3051 2288 3302
4193 2 2 200 11 943 942 944
4194 2 2 200 11 1450 1449 1451
4195 2 2 200 11 3401 2292 3458
4196 2 2 200 11 815 814 816
4197 2 2 200 11 2085 1102 2096
4198 2 2 200 11 1656 2299 3366
4199 2 2 200 11 1448 1447 1449
4200 2 2 200 11 941 940 942
4201 2 2 200 11 3387 3124 3755
4202 2 2 200 11 2310 3142 3528
4203 2 2 200 11 1378 1377 1379
4204 2 2 200 11 1473 3365 3431
4205 2 2 200 11 1409 1407 1906
4206 2 2 200 11 1446 1445 1447
4207 2 2 200 11 1376 1375 1377
4208 2 2 200 11 2083 2273 2274
4209 2 2 200 11 789 1101 3371
4210 2 2 200 11 1661 1660 1662
4211 2 2 200 11 939 938 940
4212 2 2 200 11 1993 2345 2346
4213 2 2 200 11 892 1107 1108
4214 2 2 200 11 1722 1723 1724
4215 2 2 200 11 903 3287 3415
4216 2 2 200 11 1618 1620 2297
4217 2 2 200 11 1444 1443 1445
4218 2 2 200 11 901 903 3415
4219 2 2 200 11 1674 1653 1684
4220 2 2 200 11 1557 1558 1992
4221 2 2 200 11 3306 3308 3309
4222 2 2 200 11 1360 1361 1362
4223 2 2 200 11 2413 2412 2414
4224 2 2 200 11 2235 2234 2339
4225 2 2 200 11 1563 1717 1718
4226 2 2 200 11 937 936 938
4227 2 2 200 11 917 918 919
4228 2 2 200 11 1442 1441 1443
4229 2 2 200 11 1671 1672 1737
4230 2 2 200 11 1374 1373 1375
4231 2 2 200 11 1350 1352 1553
4232 2 2 200 11 1420 1421 1422
4233 2 2 200 11 3258 3260 3369
4234 2 2 200 11 813 812 814
4235 2 2 200 11 1737 2313 3393
4236 2 2 200 11 1440 1439 1441
4237 2 2 200 11 1418 1419 1420
4238 2 2 200 11 799 800 801
4239 2 2 200 11 3255 3258 3261
4240 2 2 200 11 3377 2511 3378
4241 2 2 200 11 960 958 3401
4242 2 2 200 11 935 934 936
4243 2 2 200 11 1119 1272 2058
4244 2 2 200 11 1892 1748 2216
4245 2 2 200 11 908 907 909
4246 2 2 200 11 2346 2347 3360
4247 2 2 200 11 1720 1721 1722
4248 2 2 200 11 1351 1349 3389
4249 2 2 200 11 811 810 812
4250 2 2 200 11 1372 1371 1373
4251 2 2 200 11 1512 1277 1748
4252 2 2 200 11 1652 1651 1653
4253 2 2 200 11 1411 1410 1412
4254 2 2 200 11 1438 1437 1439
4255 2 2 200 11 1472 1475 3377
4256 2 2 200 11 3125 3126 3127
4257 2 2 200 11 3251 3264 3388
4258 2 2 200 11 1593 1596 3352
4259 2 2 200 11 2525 2062 2526
4260 2 2 200 11 1405 1840 1873
4261 2 2 200 11 1408 1410 1411
4262 2 2 200 11 1850 1743 1851
4263 2 2 200 11 1669 1670 1671
4264 2 2 200 11 2315 1694 3384
4265 2 2 200 11 933 932 934
4266 2 2 200 11 809 808 810
4267 2 2 200 11 1436 1435 1437
4268 2 2 200 11 2090 1012 3342
4269 2 2 200 11 1358 1359 1360
4270 2 2 200 11 1416 1417 1418
4271 2 2 200 11 1370 1369 1371
4272 2 2 200 11 1650 1649 1651
4273 2 2 200 11 1659 1657 1660
4274 2 2 200 11 1434 1433 1435
4275 2 2 200 11 1873 2020 2384
4276 2 2 200 11 931 930 932
4277 2 2 200 11 1406 1344 1407
4278 2 2 200 11 2016 2256 3005
4279 2 2 200 11 1127 1128 1129
4280 2 2 200 11 1432 1431 1433
4281 2 2 200 11 1368 1367 1369
4282 2 2 200 11 2056 2177 2208
4283 2 2 200 11 3260 3265 3369
4284 2 2 200 11 1718 1719 1720
4285 2 2 200 11 134 135 532
4286 2 2 200 11 1110 1111 1112
4287 2 2 200 11 915 916 917
4288 2 2 200 11 1619 1106 3395
4289 2 2 200 11 132 133 595
4290 2 2 200 11 1424 1422 1425
4291 2 2 200 11 3247 3248 3388
4292 2 2 200 11 1366 1365 1367
4293 2 2 200 11 1667 1668 1669
4294 2 2 200 11 185 186 597
4295 2 2 200 11 79 80 600
4296 2 2 200 11 144 145 608
4297 2 2 200 11 104 105 615
4298 2 2 200 11 83 84 598
4299 2 2 200 11 170 171 605
4300 2 2 200 11 53 54 604
4301 2 2 200 11 160 161 617
4302 2 2 200 11 64 65 607
4303 2 2 200 11 59 60 611
4304 2 2 200 11 155 156 601
4305 2 2 200 11 109 110 616
4306 2 2 200 11 139 140 613
4307 2 2 200 11 99 100 596
4308 2 2 200 11 179 180 612
4309 2 2 200 11 164 165 614
4310 2 2 200 11 89 90 602
4311 2 2 200 11 93 94 603
4312 2 2 200 11 73 74 609
4313 2 2 200 11 149 150 606
4314 2 2 200 11 175 176 610
4315 2 2 200 11 69 70 599
4316 2 2 200 11 797 798 799
4317 2 2 200 11 929 928 930
4318 2 2 200 11 909 911 3363
4319 2 2 200 11 1356 1357 1358
4320 2 2 200 11 1648 1629 1649
4321 2 2 200 11 1343 3358 3381
4322 2 2 200 11 3293 3296 3340
4323 2 2 200 11 3251 3253 3264
4324 2 2 200 11 91 92 454
4325 2 2 200 11 81 82 456
4326 2 2 200 11 152 153 472
4327 2 2 200 11 187 188 462
4328 2 2 200 11 147 148 455
4329 2 2 200 11 157 158 457
4330 2 2 200 11 1430 1429 1431
4331 2 2 200 11 61 62 461
4332 2 2 200 11 51 52 463
4333 2 2 200 11 137 138 453
4334 2 2 200 11 130 131 464
4335 2 2 200 11 167 168 459
4336 2 2 200 11 101 102 452
4337 2 2 200 11 111 112 451
4338 2 2 200 11 56 57 466
4339 2 2 200 11 71 72 458
4340 2 2 200 11 172 173 467
4341 2 2 200 11 177 178 460
4342 2 2 200 11 66 67 468
4343 2 2 200 11 142 143 474
4344 2 2 200 11 162 163 470
4345 2 2 200 11 106 107 475
4346 2 2 200 11 182 183 465
4347 2 2 200 11 96 97 473
4348 2 2 200 11 76 77 469
4349 2 2 200 11 86 87 471
4350 2 2 200 11 807 806 808
4351 2 2 200 11 1915 1351 3389
4352 2 2 200 11 1414 1415 1416
4353 2 2 200 11 1273 1120 1343
4354 2 2 200 11 3253 3255 3382
4355 2 2 200 11 3582 906 3609
4356 2 2 200 11 964 965 966
4357 2 2 200 11 1824 1825 1826
4358 2 2 200 11 921 919 922
4359 2 2 200 11 1405 1406 1840
4360 2 2 200 11 1380 1382 3469
4361 2 2 200 11 1665 1666 1667
4362 2 2 200 11 2058 2059 2060
4363 2 2 200 11 1353 1351 1915
4364 2 2 200 11 1560 1551 1561
4365 2 2 200 11 1873 1840 2020
4366 2 2 200 11 2084 1010 2105
4367 2 2 200 11 1412 1410 1413
4368 2 2 200 11 927 926 928
4369 2 2 200 11 1364 1363 1365
4370 2 2 200 11 1428 1427 1429
4371 2 2 200 11 1412 1413 1414
4372 2 2 200 11 1426 1425 1427
4373 2 2 200 11 1415 1413 2057
4374 2 2 200 11 1685 1385 3444
4375 2 2 200 11 1628 1627 1629
4376 2 2 200 11 1238 1237 1239
4377 2 2 200 11 1922 1500 1923
4378 2 2 200 11 1102 909 3363
4379 2 2 200 11 826 824 1018
4380 2 2 200 11 1503 3290 3390
4381 2 2 200 11 1893 3012 3030
4382 2 2 200 11 2219 2218 2448
4383 2 2 200 11 805 804 806
4384 2 2 200 11 913 914 915
4385 2 2 200 11 1549 1547 1714
4386 2 2 200 11 1405 1344 1406
4387 2 2 200 11 783 785 786
4388 2 2 200 11 3261 3258 3369
4389 2 2 200 11 1557 1992 1993
4390 2 2 200 11 2056 2208 3372
4391 2 2 200 11 925 924 926
4392 2 2 200 11 2020 2062 2525
4393 2 2 200 11 3389 1349 3423
4394 2 2 200 11 1357 1355 1917
4395 2 2 200 11 795 796 797
4396 2 2 200 11 3207 3208 3409
4397 2 2 200 11 1467 1465 3387
4398 2 2 200 11 2020 1840 2062
4399 2 2 200 11 1354 1355 1356
4400 2 2 200 11 1362 1361 1363
4401 2 2 200 11 1438 1440 3465
4402 2 2 200 11 2056 1839 2177
4403 2 2 200 11 1663 1664 1665
4404 2 2 200 11 3255 3261 3382
4405 2 2 200 11 2115 2288 3051
4406 2 2 200 11 2058 1272 2059
4407 2 2 200 11 1626 1625 1627
4408 2 2 200 11 899 901 1011
4409 2 2 200 11 3244 3247 3343
4410 2 2 200 11 1146 1147 1148
4411 2 2 200 11 1135 1290 1617
4412 2 2 200 11 1420 1419 1421
4413 2 2 200 11 911 912 913
4414 2 2 200 11 1112 1113 1115
4415 2 2 200 11 3570 2080 3576
4416 2 2 200 11 1273 1344 1405
4417 2 2 200 11 923 922 924
4418 2 2 200 11 1623 1619 3395
4419 2 2 200 11 1419 1417 1911
4420 2 2 200 11 1129 1131 3165
4421 2 2 200 11 1465 1463 1692
4422 2 2 200 11 803 802 804
4423 2 2 200 11 1867 1736 1868
4424 2 2 200 11 1418 1417 1419
4425 2 2 200 11 1621 1619 1623
4426 2 2 200 11 1388 3240 3398
4427 2 2 200 11 899 1011 3370
4428 2 2 200 11 1272 1120 1273
4429 2 2 200 11 2125 2511 3377
4430 2 2 200 11 3228 3230 3233
4431 2 2 200 11 1406 1407 1408
4432 2 2 200 11 1409 1906 1908
4433 2 2 200 11 1273 1343 1344
4434 2 2 200 11 2096 1102 3363
4435 2 2 200 11 1634 1632 1636
4436 2 2 200 11 3544 3286 3552
4437 2 2 200 11 1908 2303 2305
4438 2 2 200 11 1360 1359 1361
4439 2 2 200 11 1661 1662 1663
4440 2 2 200 11 1959 1770 1960
4441 2 2 200 11 1345 1907 2308
4442 2 2 200 11 3224 3226 3236
4443 2 2 200 11 1416 1415 1417
4444 2 2 200 11 2217 3112 3477
4445 2 2 200 11 3333 1714 3391
4446 2 2 200 11 1408 1409 1410
4447 2 2 200 11 1840 1406 3386
4448 2 2 200 11 1383 1381 1918
4449 2 2 200 11 898 899 3370
4450 2 2 200 11 958 1015 3401
4451 2 2 200 11 2060 2061 2412
4452 2 2 200 11 1475 2125 3377
4453 2 2 200 11 1352 1353 1354
4454 2 2 200 11 964 962 965
4455 2 2 200 11 909 910 911
4456 2 2 200 11 801 800 802
4457 2 2 200 11 1291 1136 1292
4458 2 2 200 11 1358 1357 1359
4459 2 2 200 11 1893 2247 3012
4460 2 2 200 11 1369 1367 1681
4461 2 2 200 11 1379 1377 1919
4462 2 2 200 11 3290 3293 3390
4463 2 2 200 11 793 794 795
4464 2 2 200 11 1427 1425 1914
4465 2 2 200 11 1740 1821 1822
4466 2 2 200 11 1422 1421 3400
4467 2 2 200 11 1459 1457 1688
4468 2 2 200 11 958 956 1015
4469 2 2 200 11 1433 1431 1678
4470 2 2 200 11 1414 1413 1415
4471 2 2 200 11 3264 3253 3382
4472 2 2 200 11 1375 1373 1920
4473 2 2 200 11 1453 1451 1686
4474 2 2 200 11 948 946 1103
4475 2 2 200 11 1547 1545 3391
4476 2 2 200 11 1363 1361 1683
4477 2 2 200 11 1425 1422 3400
4478 2 2 200 11 2093 1916 2302
4479 2 2 200 11 2412 2061 2479
4480 2 2 200 11 1633 1635 2142
4481 2 2 200 11 1010 787 3371
4482 2 2 200 11 1937 2383 2442
4483 2 2 200 11 1769 1624 1770
4484 2 2 200 11 1356 1355 1357
4485 2 2 200 11 1439 1437 1680
4486 2 2 200 11 952 950 1025
4487 2 2 200 11 1937 1737 2196
4488 2 2 200 11 1449 1447 1912
4489 2 2 200 11 1512 1748 1892
4490 2 2 200 11 1347 1348 1839
4491 2 2 200 11 3364 3504 3528
4492 2 2 200 11 1445 1443 1913
4493 2 2 200 11 820 818 1026
4494 2 2 200 11 1660 1657 3366
4495 2 2 200 11 1410 1409 3412
4496 2 2 200 11 1405 1873 3394
4497 2 2 200 11 3395 1106 3436
4498 2 2 200 11 1295 1346 1347
4499 2 2 200 11 3208 3211 3409
4500 2 2 200 11 1550 1549 1551
4501 2 2 200 11 1557 1993 3430
4502 2 2 200 11 919 918 3408
4503 2 2 200 11 1618 2297 3408
4504 2 2 200 11 1893 1892 2247
4505 2 2 200 11 1562 1563 3392
4506 2 2 200 11 1659 1660 1661
4507 2 2 200 11 963 964 3383
4508 2 2 200 11 786 785 787
4509 2 2 200 11 1406 1408 3386
4510 2 2 200 11 917 916 918
4511 2 2 200 11 2044 1958 2218
4512 2 2 200 11 942 940 1033
4513 2 2 200 11 1657 1656 3366
4514 2 2 200 11 1408 1407 1409
4515 2 2 200 11 938 936 1104
4516 2 2 200 11 799 798 800
4517 2 2 200 11 1655 1654 1656
4518 2 2 200 11 1350 1351 1352
4519 2 2 200 11 2208 2177 2440
4520 2 2 200 11 1119 1120 1272
4521 2 2 200 11 2340 2339 2341
4522 2 2 200 11 1354 1353 1355
4523 2 2 200 11 1512 1892 1893
4524 2 2 200 11 1382 1384 3430
4525 2 2 200 11 1348 1346 1349
4526 2 2 200 11 814 812 1035
4527 2 2 200 11 791 792 793
4528 2 2 200 11 2060 2059 2061
4529 2 2 200 11 3240 3244 3398
4530 2 2 200 11 2196 1737 3393
4531 2 2 200 11 3460 2634 3461
4532 2 2 200 11 2177 1839 2178
4533 2 2 200 11 3293 3340 3390
4534 2 2 200 11 1444 1473 3422
4535 2 2 200 11 1960 2087 2385
4536 2 2 200 11 1671 1737 1937
4537 2 2 200 11 1347 1346 1348
4538 2 2 200 11 1560 1561 1562
4539 2 2 200 11 1653 1651 1879
4540 2 2 200 11 2058 2060 3397
4541 2 2 200 11 932 930 1040
4542 2 2 200 11 1407 1344 3396
4543 2 2 200 11 2413 2414 3566
4544 2 2 200 11 1348 1349 1350
4545 2 2 200 11 1408 1411 3386
4546 2 2 200 11 1352 1351 1353
4547 2 2 200 11 1617 3344 3440
4548 2 2 200 11 909 907 910
4549 2 2 200 11 3372 2208 3373
4550 2 2 200 11 915 914 916
4551 2 2 200 11 1687 2115 3487
4552 2 2 200 11 922 919 3408
4553 2 2 200 11 804 802 1105
4554 2 2 200 11 895 897 898
4555 2 2 200 11 960 3401 3458
4556 2 2 200 11 797 796 798
4557 2 2 200 11 1409 1908 3412
4558 2 2 200 11 3358 1114 3473
4559 2 2 200 11 1353 1915 3410
4560 2 2 200 11 1584 1582 1654
4561 2 2 200 11 1665 1667 1991
4562 2 2 200 11 1981 1868 1982
4563 2 2 200 11 808 806 1042
4564 2 2 200 11 1465 1692 3387
4565 2 2 200 11 2287 2104 3061
4566 2 2 200 11 2062 1840 3386
4567 2 2 200 11 1893 3030 3385
4568 2 2 200 11 1381 1379 3402
4569 2 2 200 11 3365 3222 3431
4570 2 2 200 11 2105 1010 3371
4571 2 2 200 11 1185 1176 3543
4572 2 2 200 11 1127 1126 1128
4573 2 2 200 11 1714 1547 3391
4574 2 2 200 11 1347 2056 3445
4575 2 2 200 11 926 924 1034
4576 2 2 200 11 1622 1624 1625
4577 2 2 200 11 1343 3381 3396
4578 2 2 200 11 1350 1349 1351
4579 2 2 200 11 1350 1553 3403
4580 2 2 200 11 789 790 791
4581 2 2 200 11 1415 2057 3404
4582 2 2 200 11 2065 2459 2475
4583 2 2 200 11 1914 1425 3400
4584 2 2 200 11 1769 1959 2065
4585 2 2 200 11 1937 2196 2383
4586 2 2 200 11 913 912 914
4587 2 2 200 11 1563 1718 3392
4588 2 2 200 11 1734 1736 1867
4589 2 2 200 11 1629 1627 1630
4590 2 2 200 11 1917 1355 3410
4591 2 2 200 11 1873 2384 3455
4592 2 2 200 11 1344 1343 3396
4593 2 2 200 11 1377 1375 3405
4594 2 2 200 11 2040 1685 2077
4595 2 2 200 11 1272 1273 3394
4596 2 2 200 11 1593 1594 1595
4597 2 2 200 11 1700 1739 1740
4598 2 2 200 11 2057 1413 3412
4599 2 2 200 11 2193 1562 3392
4600 2 2 200 11 1451 1449 3406
4601 2 2 200 11 1661 1663 1939
4602 2 2 200 11 950 948 3407
4603 2 2 200 11 1712 2051 2145
4604 2 2 200 11 1655 1656 1657
4605 2 2 200 11 1620 1621 1622
4606 2 2 200 11 1824 1822 1825
4607 2 2 200 11 1720 1722 1874
4608 2 2 200 11 1119 1114 1120
4609 2 2 200 11 787 789 3371
4610 2 2 200 11 1108 1107 1109
4611 2 2 200 11 795 794 796
4612 2 2 200 11 1413 1410 3412
4613 2 2 200 11 905 906 907
4614 2 2 200 11 1447 1445 3411
4615 2 2 200 11 3490 1584 3511
4616 2 2 200 11 1273 1405 3394
4617 2 2 200 11 1637 1638 1639
4618 2 2 200 11 918 916 1106
4619 2 2 200 11 3244 3343 3398
4620 2 2 200 11 1826 1825 1828
4621 2 2 200 11 1697 1699 1700
4622 2 2 200 11 1911 1417 3404
4623 2 2 200 11 1769 1770 1959
4624 2 2 200 11 1278 1277 1512
4625 2 2 200 11 1293 1295 3445
4626 2 2 200 11 918 1106 1618
4627 2 2 200 11 3222 3224 3431
4628 2 2 200 11 1550 1551 1560
4629 2 2 200 11 1617 1750 1834
4630 2 2 200 11 2283 3082 3104
4631 2 2 200 11 911 910 912
4632 2 2 200 11 800 798 1039
4633 2 2 200 11 2588 2589 2590
4634 2 2 200 11 2059 1272 3394
4635 2 2 200 11 1730 1732 1741
4636 2 2 200 11 898 897 899
4637 2 2 200 11 940 938 3413
4638 2 2 200 11 1618 1619 1620
4639 2 2 200 11 2298 1654 3468
4640 2 2 200 11 1516 1293 3445
4641 2 2 200 11 1625 1624 1769
4642 2 2 200 11 1189 1187 1925
4643 2 2 200 11 2192 1562 2193
4644 2 2 200 11 796 794 1123
4645 2 2 200 11 1622 1621 1624
4646 2 2 200 11 1112 1111 1113
4647 2 2 200 11 2065 1959 2459
4648 2 2 200 11 3237 3433 3434
4649 2 2 200 11 1669 1671 3414
4650 2 2 200 11 1295 1345 1346
4651 2 2 200 11 3535 1015 3547
4652 2 2 200 11 903 904 905
4653 2 2 200 11 1918 1381 3402
4654 2 2 200 11 1417 1415 3404
4655 2 2 200 11 1839 1348 3403
4656 2 2 200 11 1379 1919 3402
4657 2 2 200 11 1295 1294 1345
4658 2 2 200 11 787 788 789
4659 2 2 200 11 2342 2341 2633
4660 2 2 200 11 1658 1657 1659
4661 2 2 200 11 2247 3417 3418
4662 2 2 200 11 1348 1350 3403
4663 2 2 200 11 1618 1106 1619
4664 2 2 200 11 1119 2058 3429
4665 2 2 200 11 1892 2216 3417
4666 2 2 200 11 1651 1649 3416
4667 2 2 200 11 914 912 1041
4668 2 2 200 11 1919 1377 3405
4669 2 2 200 11 1643 1677 1742
4670 2 2 200 11 1110 1109 1111
4671 2 2 200 11 793 792 794
4672 2 2 200 11 1375 1920 3405
4673 2 2 200 11 1658 1659 1673
4674 2 2 200 11 1278 1512 3385
4675 2 2 200 11 1620 1619 1621
4676 2 2 200 11 1068 1067 1069
4677 2 2 200 11 1655 1657 1658
4678 2 2 200 11 1560 1562 2192
4679 2 2 200 11 918 1618 3408
4680 2 2 200 11 1993 2346 3430
4681 2 2 200 11 1512 1893 3385
4682 2 2 200 11 1686 1451 3406
4683 2 2 200 11 875 1145 1146
4684 2 2 200 11 1449 1912 3406
4685 2 2 200 11 1617 1290 1750
4686 2 2 200 11 1355 1353 3410
4687 2 2 200 11 1293 1292 1294
4688 2 2 200 11 948 1103 3407
4689 2 2 200 11 1621 1623 3424
4690 2 2 200 11 1291 1293 1516
4691 2 2 200 11 1445 1913 3411
4692 2 2 200 11 1912 1447 3411
4693 2 2 200 11 1183 1182 1251
4694 2 2 200 11 3033 1278 3385
4695 2 2 200 11 1383 1918 3444
4696 2 2 200 11 777 779 1008
4697 2 2 200 11 1025 950 3407
4698 2 2 200 11 2142 1635 2850
4699 2 2 200 11 1342 2121 3527
4700 2 2 200 11 1117 1115 1281
4701 2 2 200 11 1613 1611 1614
4702 2 2 200 11 787 785 788
4703 2 2 200 11 1290 1136 1291
4704 2 2 200 11 1627 1625 3420
4705 2 2 200 11 1513 2992 3749
4706 2 2 200 11 791 790 792
4707 2 2 200 11 3372 3373 3537
4708 2 2 200 11 1129 1130 1131
4709 2 2 200 11 901 902 903
4710 2 2 200 11 3726 1918 3737
4711 2 2 200 11 1867 1868 1981
4712 2 2 200 11 1291 1292 1293
4713 2 2 200 11 1115 1113 3429
4714 2 2 200 11 1293 1294 1295
4715 2 2 200 11 965 962 3458
4716 2 2 200 11 1937 2442 3414
4717 2 2 200 11 3376 3280 3518
4718 2 2 200 11 1770 1624 3424
4719 2 2 200 11 1667 1669 3421
4720 2 2 200 11 1584 1654 1655
4721 2 2 200 11 1199 1198 1202
4722 2 2 200 11 1092 1093 1094
4723 2 2 200 11 3695 1689 3743
4724 2 2 200 11 2178 1839 3403
4725 2 2 200 11 1033 940 3413
4726 2 2 200 11 1581 1582 1583
4727 2 2 200 11 1113 1114 1119
4728 2 2 200 11 938 1104 3413
4729 2 2 200 11 1748 1277 3426
4730 2 2 200 11 1580 2292 3468
4731 2 2 200 11 781 3328 3447
4732 2 2 200 11 1113 1111 1114
4733 2 2 200 11 1649 1629 3425
4734 2 2 200 11 1647 1695 2076
4735 2 2 200 11 1384 1557 3430
4736 2 2 200 11 1300 1568 1877
4737 2 2 200 11 1828 1825 1866
4738 2 2 200 11 1580 1578 2292
4739 2 2 200 11 806 804 3419
4740 2 2 200 11 3643 1421 3645
4741 2 2 200 11 1582 1580 3468
4742 2 2 200 11 902 900 3435
4743 2 2 200 11 3224 3236 3431
4744 2 2 200 11 3228 3233 3446
4745 2 2 200 11 1716 3304 3483
4746 2 2 200 11 1583 1582 1584
4747 2 2 200 11 1828 1866 2175
4748 2 2 200 11 1822 1821 3439
4749 2 2 200 11 1579 1578 1580
4750 2 2 200 11 1671 1937 3414
4751 2 2 200 11 1579 1580 1581
4752 2 2 200 11 3236 3226 3446
4753 2 2 200 11 1867 1981 2066
4754 2 2 200 11 3304 3306 3483
4755 2 2 200 11 1158 877 3525
4756 2 2 200 11 1879 1651 3416
4757 2 2 200 11 1981 1982 2211
4758 2 2 200 11 1157 2034 2131
4759 2 2 200 11 2175 1866 2351
4760 2 2 200 11 1964 1750 2067
4761 2 2 200 11 1663 1665 3427
4762 2 2 200 11 792 790 1029
4763 2 2 200 11 1548 1547 1549
4764 2 2 200 11 789 788 790
4765 2 2 200 11 2247 1892 3417
4766 2 2 200 11 1732 1734 3442
4767 2 2 200 11 899 900 901
4768 2 2 200 11 1625 1769 3420
4769 2 2 200 11 899 897 900
4770 2 2 200 11 2021 2248 2754
4771 2 2 200 11 1769 2065 3420
4772 2 2 200 11 1281 1115 3429
4773 2 2 200 11 1085 1082 3540
4774 2 2 200 11 1036 1079 1080
4775 2 2 200 11 905 904 906
4776 2 2 200 11 1349 1346 3423
4777 2 2 200 11 1548 1550 1999
4778 2 2 200 11 783 784 785
4779 2 2 200 11 1740 1739 1821
4780 2 2 200 11 3226 3228 3446
4781 2 2 200 11 2234 1964 2236
4782 2 2 200 11 1991 1667 3421
4783 2 2 200 11 804 1105 3419
4784 2 2 200 11 1581 1580 1582
4785 2 2 200 11 1834 1964 2234
4786 2 2 200 11 760 1157 3539
4787 2 2 200 11 2053 3165 3653
4788 2 2 200 11 1634 1636 1637
4789 2 2 200 11 1135 1136 1290
4790 2 2 200 11 1095 1278 1901
4791 2 2 200 11 1548 1549 1550
4792 2 2 200 11 1042 806 3419
4793 2 2 200 11 3074 2342 3459
4794 2 2 200 11 1639 1640 1872
4795 2 2 200 11 1630 1627 3420
4796 2 2 200 11 802 800 3428
4797 2 2 200 11 1131 1132 1134
4798 2 2 200 11 904 902 1027
4799 2 2 200 11 892 893 1107
4800 2 2 200 11 1146 2049 3472
4801 2 2 200 11 1166 3594 3601
4802 2 2 200 11 2607 2608 2610
4803 2 2 200 11 1665 1991 3427
4804 2 2 200 11 889 891 892
4805 2 2 200 11 3404 3626 3628
4806 2 2 200 11 2146 2145 2332
4807 2 2 200 11 903 902 904
4808 2 2 200 11 1901 1278 3033
4809 2 2 200 11 1346 1345 3423
4810 2 2 200 11 1345 2308 3423
4811 2 2 200 11 1629 1630 3425
4812 2 2 200 11 3391 1545 3437
4813 2 2 200 11 1669 3414 3421
4814 2 2 200 11 1624 1621 3424
4815 2 2 200 11 1105 802 3428
4816 2 2 200 11 3090 1197 3656
4817 2 2 200 11 1939 1663 3427
4818 2 2 200 11 1385 1383 3444
4819 2 2 200 11 1440 1471 3465
4820 2 2 200 11 1148 1168 1169
4821 2 2 200 11 3455 2384 3484
4822 2 2 200 11 3416 1649 3425
4823 2 2 200 11 3394 1873 3455
4824 2 2 200 11 1566 1880 2316
4825 2 2 200 11 892 891 893
4826 2 2 200 11 1135 1133 1136
4827 2 2 200 11 1821 1739 2006
4828 2 2 200 11 1113 1119 3429
4829 2 2 200 11 1825 1822 3439
4830 2 2 200 11 1129 1128 1130
4831 2 2 200 11 1700 1699 1739
4832 2 2 200 11 1295 1347 3445
4833 2 2 200 11 2059 3394 3455
4834 2 2 200 11 3397 2413 3541
4835 2 2 200 11 1954 2422 2423
4836 2 2 200 11 1834 1750 1964
4837 2 2 200 11 3412 1908 3449
4838 2 2 200 11 800 1039 3428
4839 2 2 200 11 1954 1568 2072
4840 2 2 200 11 3233 3230 3481
4841 2 2 200 11 2115 3071 3487
4842 2 2 200 11 1591 2083 3516
4843 2 2 200 11 901 900 902
4844 2 2 200 11 2083 1947 2273
4845 2 2 200 11 896 894 1125
4846 2 2 200 11 1821 2006 2246
4847 2 2 200 11 1082 1081 1083
4848 2 2 200 11 962 960 3458
4849 2 2 200 11 1734 1867 3442
4850 2 2 200 11 3504 2071 3528
4851 2 2 200 11 1109 1107 2068
4852 2 2 200 11 1908 2305 3449
4853 2 2 200 11 1034 924 3466
4854 2 2 200 11 1511 1257 3443
4855 2 2 200 11 784 782 1124
4856 2 2 200 11 1546 1545 1547
4857 2 2 200 11 798 796 3432
4858 2 2 200 11 1300 1121 1568
4859 2 2 200 11 3547 1015 3555
4860 2 2 200 11 3440 3344 3510
4861 2 2 200 11 3364 1133 3504
4862 2 2 200 11 2061 2059 3455
4863 2 2 200 11 1695 1694 1696
4864 2 2 200 11 1289 1556 1707
4865 2 2 200 11 3381 3358 3463
4866 2 2 200 11 922 3408 3466
4867 2 2 200 11 3081 1585 3746
4868 2 2 200 11 924 922 3466
4869 2 2 200 11 3391 3437 3509
4870 2 2 200 11 1861 1590 2295
4871 2 2 200 11 1741 1732 3442
4872 2 2 200 11 916 914 3436
4873 2 2 200 11 1152 1154 1155
4874 2 2 200 11 1169 1170 1171
4875 2 2 200 11 796 1123 3432
4876 2 2 200 11 1658 1673 3524
4877 2 2 200 11 1131 1130 1132
4878 2 2 200 11 3430 2346 3469
4879 2 2 200 11 2346 3360 3469
4880 2 2 200 11 1039 798 3432
4881 2 2 200 11 774 775 1126
4882 2 2 200 11 2246 2006 2854
4883 2 2 200 11 1106 916 3436
4884 2 2 200 11 1291 1516 3441
4885 2 2 200 11 2479 3484 3485
4886 2 2 200 11 1382 3430 3469
4887 2 2 200 11 895 896 897
4888 2 2 200 11 1821 2246 3439
4889 2 2 200 11 1095 1277 1278
4890 2 2 200 11 781 782 783
4891 2 2 200 11 1633 1634 1635
4892 2 2 200 11 893 891 894
4893 2 2 200 11 2057 3412 3449
4894 2 2 200 11 1209 1210 1263
4895 2 2 200 11 1645 1125 1646
4896 2 2 200 11 771 773 774
4897 2 2 200 11 1695 1696 1697
4898 2 2 200 11 2077 2102 2312
4899 2 2 200 11 914 1041 3436
4900 2 2 200 11 1954 2072 2422
4901 2 2 200 11 890 888 1144
4902 2 2 200 11 1027 902 3435
4903 2 2 200 11 1513 1392 1702
4904 2 2 200 11 1550 1560 3438
4905 2 2 200 11 1118 1687 3487
4906 2 2 200 11 2083 2274 3598
4907 2 2 200 11 783 782 784
4908 2 2 200 11 1877 1568 1954
4909 2 2 200 11 3126 3123 3761
4910 2 2 200 11 1543 1542 1712
4911 2 2 200 11 1647 1646 1694
4912 2 2 200 11 1697 1696 1698
4913 2 2 200 11 1546 1547 1548
4914 2 2 200 11 1241 1240 4021
4915 2 2 200 11 1697 1698 1699
4916 2 2 200 11 3408 2297 3466
4917 2 2 200 11 1631 1124 1632
4918 2 2 200 11 2064 1158 3525
4919 2 2 200 11 1132 1130 1133
4920 2 2 200 11 1290 1291 3441
4921 2 2 200 11 2029 1923 2030
4922 2 2 200 11 1140 1138 1260
4923 2 2 200 11 1654 1582 3468
4924 2 2 200 11 893 894 895
4925 2 2 200 11 1861 2295 2296
4926 2 2 200 11 1560 2192 3438
4927 2 2 200 11 1954 2423 3512
4928 2 2 200 11 1699 1698 1898
4929 2 2 200 11 1123 794 3450
4930 2 2 200 11 1866 1825 3439
4931 2 2 200 11 895 898 3457
4932 2 2 200 11 1132 1133 1135
4933 2 2 200 11 1008 779 3447
4934 2 2 200 11 1545 1543 3437
4935 2 2 200 11 784 1124 1631
4936 2 2 200 11 1647 1694 1695
4937 2 2 200 11 1544 1546 1955
4938 2 2 200 11 3435 900 3475
4939 2 2 200 11 1742 1743 1850
4940 2 2 200 11 1633 1632 1634
4941 2 2 200 11 1697 1700 3456
4942 2 2 200 11 3230 3232 3481
4943 2 2 200 11 1867 2066 3442
4944 2 2 200 11 1095 1094 1277
4945 2 2 200 11 1637 1639 1641
4946 2 2 200 11 2633 2341 2635
4947 2 2 200 11 1146 1145 1147
4948 2 2 200 11 1999 1550 3438
4949 2 2 200 11 3237 827 3433
4950 2 2 200 11 3437 2146 3509
4951 2 2 200 11 794 792 3450
4952 2 2 200 11 1642 1638 3488
4953 2 2 200 11 1938 1501 1979
4954 2 2 200 11 1297 1856 2097
4955 2 2 200 11 1631 1632 1633
4956 2 2 200 11 3401 1015 3535
4957 2 2 200 11 896 1125 1645
4958 2 2 200 11 2076 1695 3456
4959 2 2 200 11 779 780 781
4960 2 2 200 11 2316 1880 2317
4961 2 2 200 11 1543 1712 3437
4962 2 2 200 11 1485 1486 1487
4963 2 2 200 11 886 887 3166
4964 2 2 200 11 2295 3490 3511
4965 2 2 200 11 893 895 3457
4966 2 2 200 11 2077 1685 2102
4967 2 2 200 11 3306 3309 3483
4968 2 2 200 11 2061 3455 3484
4969 2 2 200 11 780 778 1037
4970 2 2 200 11 3232 3235 3486
4971 2 2 200 11 2236 1964 3451
4972 2 2 200 11 2236 3451 3452
4973 2 2 200 11 1507 1565 1566
4974 2 2 200 11 1128 1126 2071
4975 2 2 200 11 2027 1702 2028
4976 2 2 200 11 1107 893 3457
4977 2 2 200 11 1645 1646 1647
4978 2 2 200 11 1750 1290 3441
4979 2 2 200 11 792 1029 3450
4980 2 2 200 11 2067 1750 3441
4981 2 2 200 11 1964 2067 3451
4982 2 2 200 11 2479 2061 3484
4983 2 2 200 11 788 785 3470
4984 2 2 200 11 1593 1589 1594
4985 2 2 200 11 895 894 896
4986 2 2 200 11 1591 1861 1947
4987 2 2 200 11 1544 1545 1546
4988 2 2 200 11 1544 1543 1545
4989 2 2 200 11 1155 1156 1280
4990 2 2 200 11 1262 1201 1392
4991 2 2 200 11 781 780 782
4992 2 2 200 11 1938 2038 2228
4993 2 2 200 11 2263 2264 2265
4994 2 2 200 11 777 778 779
4995 2 2 200 11 779 781 3447
4996 2 2 200 11 785 784 3470
4997 2 2 200 11 3481 3232 3486
4998 2 2 200 11 3367 3547 3555
4999 2 2 200 11 1114 1111 3473
5000 2 2 200 11 2115 3051 3071
5001 2 2 200 11 2405 2285 2406
5002 2 2 200 11 3581 3283 3592
5003 2 2 200 11 774 773 775
5004 2 2 200 11 1712 2146 3437
5005 2 2 200 11 2038 2489 2490
5006 2 2 200 11 889 890 891
5007 2 2 200 11 3041 2279 3076
5008 2 2 200 11 891 890 3448
5009 2 2 200 11 970 974 3104
5010 2 2 200 11 1655 1658 3511
5011 2 2 200 11 3554 1901 3576
5012 2 2 200 11 3548 3170 3605
5013 2 2 200 11 1034 3466 3518
5014 2 2 200 11 883 885 886
5015 2 2 200 11 1489 1487 1490
5016 2 2 200 11 2079 3096 3576
5017 2 2 200 11 2038 1979 2489
5018 2 2 200 11 1695 1697 3456
5019 2 2 200 11 3439 2246 3503
5020 2 2 200 11 1040 3282 3577
5021 2 2 200 11 1283 1085 1285
5022 2 2 200 11 1541 1543 1544
5023 2 2 200 11 1111 1109 3473
5024 2 2 200 11 2285 2284 3467
5025 2 2 200 11 1866 3439 3503
5026 2 2 200 11 2283 3013 3082
5027 2 2 200 11 3694 1681 3735
5028 2 2 200 11 1880 1565 2222
5029 2 2 200 11 779 778 780
5030 2 2 200 11 1712 2145 2146
5031 2 2 200 11 887 885 888
5032 2 2 200 11 1276 1506 1507
5033 2 2 200 11 3177 3574 3590
5034 2 2 200 11 1692 3759 3763
5035 2 2 200 11 900 897 3475
5036 2 2 200 11 1566 1565 1880
5037 2 2 200 11 3285 3281 3556
5038 2 2 200 11 2273 1947 2483
5039 2 2 200 11 2770 2025 2771
5040 2 2 200 11 1541 1538 1542
5041 2 2 200 11 1109 2068 3473
5042 2 2 200 11 775 776 777
5043 2 2 200 11 886 885 887
5044 2 2 200 11 775 773 776
5045 2 2 200 11 3367 2299 3547
5046 2 2 200 11 777 1008 3471
5047 2 2 200 11 3552 3286 3556
5048 2 2 200 11 2325 2030 2326
5049 2 2 200 11 2068 1107 3457
5050 2 2 200 11 1548 1999 3476
5051 2 2 200 11 1117 1281 3482
5052 2 2 200 11 1643 1742 3514
5053 2 2 200 11 1541 1542 1543
5054 2 2 200 11 887 888 889
5055 2 2 200 11 784 1631 3470
5056 2 2 200 11 1640 1643 3514
5057 2 2 200 11 897 896 3475
5058 2 2 200 11 1872 1640 3514
5059 2 2 200 11 1181 1275 1276
5060 2 2 200 11 1163 1166 1181
5061 2 2 200 11 1938 1979 2038
5062 2 2 200 11 880 877 1158
5063 2 2 200 11 898 3370 3549
5064 2 2 200 11 768 769 3118
5065 2 2 200 11 2092 2307 3582
5066 2 2 200 11 765 767 768
5067 2 2 200 11 2218 1958 2499
5068 2 2 200 11 2323 1930 2324
5069 2 2 200 11 894 891 3448
5070 2 2 200 11 3549 3370 3575
5071 2 2 200 11 3166 887 3464
5072 2 2 200 11 3466 2297 3518
5073 2 2 200 11 2351 1866 3503
5074 2 2 200 11 1151 1153 1679
5075 2 2 200 11 1850 1851 2181
5076 2 2 200 11 1588 1590 1591
5077 2 2 200 11 1126 775 3471
5078 2 2 200 11 777 776 778
5079 2 2 200 11 2406 2285 3467
5080 2 2 200 11 772 770 2306
5081 2 2 200 11 3159 3162 3571
5082 2 2 200 11 1583 1584 3490
5083 2 2 200 11 2072 1568 3482
5084 2 2 200 11 1148 1147 1168
5085 2 2 200 11 829 831 1036
5086 2 2 200 11 1546 1548 3476
5087 2 2 200 11 1709 1708 1710
5088 2 2 200 11 2121 3041 3527
5089 2 2 200 11 1096 3112 3426
5090 2 2 200 11 887 889 3464
5091 2 2 200 11 1034 3298 3544
5092 2 2 200 11 889 888 890
5093 2 2 200 11 1088 1090 3096
5094 2 2 200 11 1929 1514 1930
5095 2 2 200 11 651 672 2904
5096 2 2 200 11 883 881 884
5097 2 2 200 11 1595 1594 1762
5098 2 2 200 11 1086 1283 1284
5099 2 2 200 11 1955 1546 3476
5100 2 2 200 11 2292 3401 3535
5101 2 2 200 11 1125 894 3448
5102 2 2 200 11 2297 3376 3518
5103 2 2 200 11 1121 1117 3482
5104 2 2 200 11 1568 1121 3482
5105 2 2 200 11 1584 1655 3511
5106 2 2 200 11 2101 3641 3650
5107 2 2 200 11 1094 1096 3426
5108 2 2 200 11 830 828 3648
5109 2 2 200 11 896 1645 3475
5110 2 2 200 11 1506 1275 1882
5111 2 2 200 11 889 892 3464
5112 2 2 200 11 1340 1249 1706
5113 2 2 200 11 1250 1342 3527
5114 2 2 200 11 3579 1846 3580
5115 2 2 200 11 1591 1590 1861
5116 2 2 200 11 1742 1850 2070
5117 2 2 200 11 754 2137 2327
5118 2 2 200 11 1284 1283 1501
5119 2 2 200 11 3333 3391 3509
5120 2 2 200 11 775 777 3471
5121 2 2 200 11 1845 1846 3579
5122 2 2 200 11 1507 1506 1565
5123 2 2 200 11 1284 1501 1896
5124 2 2 200 11 1103 946 3548
5125 2 2 200 11 1253 1254 1270
5126 2 2 200 11 882 881 883
5127 2 2 200 11 1138 1134 3510
5128 2 2 200 11 878 881 882
5129 2 2 200 11 768 767 769
5130 2 2 200 11 3498 3497 3499
5131 2 2 200 11 2296 2295 3524
5132 2 2 200 11 3587 1900 3634
5133 2 2 200 11 1157 1016 2034
5134 2 2 200 11 1124 782 3502
5135 2 2 200 11 926 1034 3544
5136 2 2 200 11 1260 1138 3510
5137 2 2 200 11 952 1025 3551
5138 2 2 200 11 1896 1501 1938
5139 2 2 200 11 1182 1142 1564
5140 2 2 200 11 1877 1954 3512
5141 2 2 200 11 1852 1931 1995
5142 2 2 200 11 3057 2043 3058
5143 2 2 200 11 3066 2042 3067
5144 2 2 200 11 1586 1583 3490
5145 2 2 200 11 2728 2726 2729
5146 2 2 200 11 1532 1530 1533
5147 2 2 200 11 2071 1126 3471
5148 2 2 200 11 1276 1275 1506
5149 2 2 200 11 3558 3560 3561
5150 2 2 200 11 2069 3448 3521
5151 2 2 200 11 1600 1597 3618
5152 2 2 200 11 1159 1158 1160
5153 2 2 200 11 856 857 858
5154 2 2 200 11 2295 1590 3490
5155 2 2 200 11 1086 1284 1689
5156 2 2 200 11 1159 1161 2078
5157 2 2 200 11 1647 2076 3536
5158 2 2 200 11 769 767 770
5159 2 2 200 11 1130 1128 3504
5160 2 2 200 11 1958 1877 3512
5161 2 2 200 11 890 1144 3521
5162 2 2 200 11 1169 1168 1170
5163 2 2 200 11 1536 1534 1539
5164 2 2 200 11 1040 930 3552
5165 2 2 200 11 2333 1708 3599
5166 2 2 200 11 1096 3111 3112
5167 2 2 200 11 1168 1147 1576
5168 2 2 200 11 3177 3347 3574
5169 2 2 200 11 1854 1970 2039
5170 2 2 200 11 3174 3176 3604
5171 2 2 200 11 3482 1281 3541
5172 2 2 200 11 2097 1856 2127
5173 2 2 200 11 1133 1130 3504
5174 2 2 200 11 1015 956 3555
5175 2 2 200 11 3184 3730 3734
5176 2 2 200 11 2298 3535 3547
5177 2 2 200 11 771 772 773
5178 2 2 200 11 780 1037 3502
5179 2 2 200 11 1679 1153 2294
5180 2 2 200 11 3468 2292 3535
5181 2 2 200 11 883 884 885
5182 2 2 200 11 1482 3022 3750
5183 2 2 200 11 1742 2070 3514
5184 2 2 200 11 2295 3511 3524
5185 2 2 200 11 1161 1160 1162
5186 2 2 200 11 782 780 3502
5187 2 2 200 11 3117 3587 3634
5188 2 2 200 11 1181 1166 1275
5189 2 2 200 11 1171 1170 1274
5190 2 2 200 11 769 770 771
5191 2 2 200 11 758 756 1167
5192 2 2 200 11 1021 3237 3586
5193 2 2 200 11 3448 890 3521
5194 2 2 200 11 1144 888 3505
5195 2 2 200 11 1910 2285 2404
5196 2 2 200 11 1128 2071 3504
5197 2 2 200 11 3374 1185 3543
5198 2 2 200 11 1086 1085 1283
5199 2 2 200 11 1588 1586 1590
5200 2 2 200 11 1163 1162 1164
5201 2 2 200 11 1274 1170 2042
5202 2 2 200 11 1092 1094 1095
5203 2 2 200 11 2072 3482 3541
5204 2 2 200 11 3511 1658 3524
5205 2 2 200 11 766 764 1038
5206 2 2 200 11 875 876 1145
5207 2 2 200 11 1274 2042 3066
5208 2 2 200 11 885 884 3505
5209 2 2 200 11 1134 3440 3510
5210 2 2 200 11 1995 2109 2443
5211 2 2 200 11 1163 1164 1166
5212 2 2 200 11 1516 3372 3537
5213 2 2 200 11 1589 1588 3516
5214 2 2 200 11 3435 3475 3536
5215 2 2 200 11 3524 1673 3538
5216 2 2 200 11 876 874 877
5217 2 2 200 11 2301 2578 2579
5218 2 2 200 11 2121 2279 3041
5219 2 2 200 11 2499 1958 3512
5220 2 2 200 11 1161 1162 1163
5221 2 2 200 11 880 1158 1159
5222 2 2 200 11 3142 3364 3528
5223 2 2 200 11 3665 1828 3702
5224 2 2 200 11 1478 1259 3015
5225 2 2 200 11 3172 3171 3629
5226 2 2 200 11 2404 2285 2405
5227 2 2 200 11 3441 1516 3537
5228 2 2 200 11 1159 1160 1161
5229 2 2 200 11 771 774 3513
5230 2 2 200 11 1095 1901 3554
5231 2 2 200 11 1590 1586 3490
5232 2 2 200 11 2298 3468 3535
5233 2 2 200 11 1540 1538 1541
5234 2 2 200 11 771 770 772
5235 2 2 200 11 3174 3604 3605
5236 2 2 200 11 3023 3021 3024
5237 2 2 200 11 754 2327 3507
5238 2 2 200 11 3475 1645 3536
5239 2 2 200 11 1140 1260 3523
5240 2 2 200 11 1080 1081 1082
5241 2 2 200 11 932 1040 3577
5242 2 2 200 11 1151 1150 1152
5243 2 2 200 11 1910 2284 2285
5244 2 2 200 11 878 880 881
5245 2 2 200 11 2671 2673 2674
5246 2 2 200 11 888 885 3505
5247 2 2 200 11 1281 3397 3541
5248 2 2 200 11 3118 769 3513
5249 2 2 200 11 1979 1501 3520
5250 2 2 200 11 1797 1796 1798
5251 2 2 200 11 2310 3528 3585
5252 2 2 200 11 3541 2413 3566
5253 2 2 200 11 1151 1152 1153
5254 2 2 200 11 1277 1094 3426
5255 2 2 200 11 1492 1491 1493
5256 2 2 200 11 1104 936 3581
5257 2 2 200 11 821 3672 3714
5258 2 2 200 11 769 771 3513
5259 2 2 200 11 1910 1909 2284
5260 2 2 200 11 1283 1285 3520
5261 2 2 200 11 2067 3441 3537
5262 2 2 200 11 1845 1710 1846
5263 2 2 200 11 1149 1038 1150
5264 2 2 200 11 765 766 767
5265 2 2 200 11 980 983 1064
5266 2 2 200 11 2953 2954 3064
5267 2 2 200 11 2303 2304 3593
5268 2 2 200 11 2448 2218 3519
5269 2 2 200 11 1284 1896 3515
5270 2 2 200 11 1504 1476 1956
5271 2 2 200 11 2127 2403 2523
5272 2 2 200 11 3117 762 3587
5273 2 2 200 11 2076 3161 3572
5274 2 2 200 11 1142 1140 3523
5275 2 2 200 11 1594 1589 3516
5276 2 2 200 11 875 874 876
5277 2 2 200 11 3594 2300 3601
5278 2 2 200 11 2127 1856 2403
5279 2 2 200 11 2306 770 3542
5280 2 2 200 11 1645 1647 3536
5281 2 2 200 11 1223 1222 1279
5282 2 2 200 11 2095 1845 3579
5283 2 2 200 11 872 874 875
5284 2 2 200 11 2460 2095 2465
5285 2 2 200 11 1216 1215 1217
5286 2 2 200 11 928 926 3544
5287 2 2 200 11 1786 3888 3913
5288 2 2 200 11 3057 3058 3059
5289 2 2 200 11 1923 1500 1924
5290 2 2 200 11 876 877 878
5291 2 2 200 11 1297 1280 1852
5292 2 2 200 11 3492 2522 3493
5293 2 2 200 11 1297 2097 3550
5294 2 2 200 11 760 761 1016
5295 2 2 200 11 2299 2298 3547
5296 2 2 200 11 1149 1150 1151
5297 2 2 200 11 2277 2043 3057
5298 2 2 200 11 946 944 3548
5299 2 2 200 11 2110 2460 2461
5300 2 2 200 11 1536 1539 3517
5301 2 2 200 11 2034 2043 2277
5302 2 2 200 11 1513 1702 2027
5303 2 2 200 11 1297 1852 1856
5304 2 2 200 11 878 877 880
5305 2 2 200 11 2027 2028 2322
5306 2 2 200 11 2304 3381 3575
5307 2 2 200 11 1616 2085 3619
5308 2 2 200 11 1203 1202 1301
5309 2 2 200 11 1535 1537 1948
5310 2 2 200 11 868 870 871
5311 2 2 200 11 872 870 873
5312 2 2 200 11 954 952 3551
5313 2 2 200 11 3561 3563 3564
5314 2 2 200 11 1084 1085 1086
5315 2 2 200 11 1145 876 3508
5316 2 2 200 11 3169 3174 3605
5317 2 2 200 11 1528 1526 1701
5318 2 2 200 11 1501 1283 3520
5319 2 2 200 11 3096 3554 3576
5320 2 2 200 11 1542 1538 3517
5321 2 2 200 11 3626 2085 3628
5322 2 2 200 11 1504 1957 2300
5323 2 2 200 11 3287 1616 3614
5324 2 2 200 11 1251 1182 3530
5325 2 2 200 11 2218 2499 3519
5326 2 2 200 11 1896 1938 3583
5327 2 2 200 11 930 928 3552
5328 2 2 200 11 928 3544 3552
5329 2 2 200 11 761 759 762
5330 2 2 200 11 1749 1510 1909
5331 2 2 200 11 1249 1171 3522
5332 2 2 200 11 1537 1538 1540
5333 2 2 200 11 3084 2302 3665
5334 2 2 200 11 766 1038 1149
5335 2 2 200 11 3463 3549 3575
5336 2 2 200 11 1171 1274 3522
5337 2 2 200 11 1394 1257 1510
5338 2 2 200 11 3621 1033 3622
5339 2 2 200 11 876 878 3508
5340 2 2 200 11 1155 1280 1297
5341 2 2 200 11 3347 3367 3574
5342 2 2 200 11 1394 1749 1962
5343 2 2 200 11 1163 1181 3529
5344 2 2 200 11 1564 1142 3523
5345 2 2 200 11 3574 1025 3590
5346 2 2 200 11 2303 3593 3607
5347 2 2 200 11 3463 2068 3549
5348 2 2 200 11 1689 1284 3515
5349 2 2 200 11 765 764 766
5350 2 2 200 11 3172 3629 3636
5351 2 2 200 11 954 3551 3555
5352 2 2 200 11 2305 2303 3607
5353 2 2 200 11 2917 2918 2919
5354 2 2 200 11 1285 1085 3540
5355 2 2 200 11 3536 2076 3572
5356 2 2 200 11 956 954 3555
5357 2 2 200 11 3286 3285 3556
5358 2 2 200 11 3171 3168 3622
5359 2 2 200 11 2075 846 3099
5360 2 2 200 11 1986 1969 2494
5361 2 2 200 11 2034 1016 2043
5362 2 2 200 11 1262 1392 1513
5363 2 2 200 11 1182 1564 3530
5364 2 2 200 11 757 759 760
5365 2 2 200 11 2094 2095 2110
5366 2 2 200 11 2078 1161 3529
5367 2 2 200 11 1588 1591 3516
5368 2 2 200 11 3457 898 3549
5369 2 2 200 11 2296 3524 3538
5370 2 2 200 11 3551 3367 3555
5371 2 2 200 11 3129 3130 3567
5372 2 2 200 11 1537 1536 1538
5373 2 2 200 11 872 873 874
5374 2 2 200 11 1084 1082 1085
5375 2 2 200 11 2110 2095 2460
5376 2 2 200 11 871 870 872
5377 2 2 200 11 763 764 765
5378 2 2 200 11 884 881 3531
5379 2 2 200 11 1749 1909 1910
5380 2 2 200 11 867 868 3526
5381 2 2 200 11 1161 1163 3529
5382 2 2 200 11 761 762 763
5383 2 2 200 11 2068 3457 3549
5384 2 2 200 11 3016 3017 3018
5385 2 2 200 11 852 853 854
5386 2 2 200 11 3181 3726 3737
5387 2 2 200 11 1538 1536 3517
5388 2 2 200 11 1706 1249 3522
5389 2 2 200 11 2313 3691 3697
5390 2 2 200 11 3176 3177 3590
5391 2 2 200 11 3058 2043 3533
5392 2 2 200 11 2501 3001 3002
5393 2 2 200 11 3196 3713 3716
5394 2 2 200 11 864 866 867
5395 2 2 200 11 3161 3159 3571
5396 2 2 200 11 760 759 761
5397 2 2 200 11 881 880 3531
5398 2 2 200 11 860 861 862
5399 2 2 200 11 3132 3129 3567
5400 2 2 200 11 1986 2494 2495
5401 2 2 200 11 878 882 3508
5402 2 2 200 11 2300 1957 2301
5403 2 2 200 11 1016 761 3533
5404 2 2 200 11 1995 2443 2445
5405 2 2 200 11 2265 2328 2329
5406 2 2 200 11 1159 2078 3531
5407 2 2 200 11 2301 1957 2396
5408 2 2 200 11 758 1167 1900
5409 2 2 200 11 2422 2072 3566
5410 2 2 200 11 1946 1555 1988
5411 2 2 200 11 1258 1476 1504
5412 2 2 200 11 1970 1986 1987
5413 2 2 200 11 904 1027 3609
5414 2 2 200 11 3435 3536 3572
5415 2 2 200 11 2310 3585 3625
5416 2 2 200 11 880 1159 3531
5417 2 2 200 11 1394 1510 1749
5418 2 2 200 11 1153 1152 3550
5419 2 2 200 11 3614 1616 3619
5420 2 2 200 11 2326 2390 2521
5421 2 2 200 11 1901 3033 3570
5422 2 2 200 11 2072 3541 3566
5423 2 2 200 11 868 866 869
5424 2 2 200 11 2027 2322 2991
5425 2 2 200 11 844 843 845
5426 2 2 200 11 1152 1155 3550
5427 2 2 200 11 761 763 3533
5428 2 2 200 11 1063 1703 1927
5429 2 2 200 11 3654 1623 3680
5430 2 2 200 11 763 762 764
5431 2 2 200 11 1709 1710 1845
5432 2 2 200 11 770 767 3542
5433 2 2 200 11 740 3040 3722
5434 2 2 200 11 1092 1095 3554
5435 2 2 200 11 3096 1090 3554
5436 2 2 200 11 1256 1189 1257
5437 2 2 200 11 868 871 3526
5438 2 2 200 11 767 766 3542
5439 2 2 200 11 2305 3607 3614
5440 2 2 200 11 1393 1301 1567
5441 2 2 200 11 3025 3024 3026
5442 2 2 200 11 754 755 2137
5443 2 2 200 11 934 932 3577
5444 2 2 200 11 3571 3162 3609
5445 2 2 200 11 3162 2092 3582
5446 2 2 200 11 907 906 3620
5447 2 2 200 11 2304 3575 3593
5448 2 2 200 11 942 1033 3621
5449 2 2 200 11 3551 1025 3574
5450 2 2 200 11 1592 3352 3770
5451 2 2 200 11 1221 1220 1222
5452 2 2 200 11 867 866 868
5453 2 2 200 11 755 753 756
5454 2 2 200 11 3687 2318 3794
5455 2 2 200 11 2326 2030 2390
5456 2 2 200 11 3619 2085 3626
5457 2 2 200 11 1781 1780 1782
5458 2 2 200 11 1256 1257 1394
5459 2 2 200 11 1027 3435 3572
5460 2 2 200 11 3101 776 3632
5461 2 2 200 11 3582 2307 3620
5462 2 2 200 11 1316 1318 1338
5463 2 2 200 11 2301 2396 2578
5464 2 2 200 11 1188 1256 1559
5465 2 2 200 11 1504 1956 1957
5466 2 2 200 11 1882 1275 3601
5467 2 2 200 11 1080 1082 1084
5468 2 2 200 11 1532 1533 1534
5469 2 2 200 11 3404 2057 3626
5470 2 2 200 11 936 934 3581
5471 2 2 200 11 934 3577 3581
5472 2 2 200 11 3381 3463 3575
5473 2 2 200 11 1535 1536 1537
5474 2 2 200 11 3328 1682 3655
5475 2 2 200 11 2094 1845 2095
5476 2 2 200 11 864 862 865
5477 2 2 200 11 2324 1930 2922
5478 2 2 200 11 1155 1297 3550
5479 2 2 200 11 2309 2310 3625
5480 2 2 200 11 868 869 870
5481 2 2 200 11 766 1149 3542
5482 2 2 200 11 2403 1856 3573
5483 2 2 200 11 863 864 3534
5484 2 2 200 11 1070 1069 3073
5485 2 2 200 11 1188 1187 1189
5486 2 2 200 11 2043 1016 3533
5487 2 2 200 11 3367 3551 3574
5488 2 2 200 11 3604 1103 3605
5489 2 2 200 11 1682 2084 3660
5490 2 2 200 11 1856 1852 3573
5491 2 2 200 11 1709 1845 2094
5492 2 2 200 11 1090 1092 3554
5493 2 2 200 11 3561 3560 3563
5494 2 2 200 11 1186 1188 3557
5495 2 2 200 11 1756 1757 1758
5496 2 2 200 11 3176 3590 3604
5497 2 2 200 11 1938 2228 3583
5498 2 2 200 11 1962 3568 3569
5499 2 2 200 11 2133 1843 3771
5500 2 2 200 11 1025 3407 3590
5501 2 2 200 11 2041 2036 2979
5502 2 2 200 11 2073 1600 3618
5503 2 2 200 11 3560 3559 3562
5504 2 2 200 11 2250 2133 2605
5505 2 2 200 11 3283 3284 3592
5506 2 2 200 11 1852 1995 3573
5507 2 2 200 11 1151 1679 3611
5508 2 2 200 11 641 640 642
5509 2 2 200 11 3007 1996 3008
5510 2 2 200 11 1535 1534 1536
5511 2 2 200 11 1427 1914 3640
5512 2 2 200 11 3558 3559 3560
5513 2 2 200 11 755 756 757
5514 2 2 200 11 3151 3148 3627
5515 2 2 200 11 1572 1708 1709
5516 2 2 200 11 1186 1185 1187
5517 2 2 200 11 1177 1179 1180
5518 2 2 200 11 864 867 3534
5519 2 2 200 11 1910 2404 3568
5520 2 2 200 11 1421 1419 3645
5521 2 2 200 11 3471 1008 3585
5522 2 2 200 11 1247 1248 1514
5523 2 2 200 11 2790 2788 2791
5524 2 2 200 11 757 758 759
5525 2 2 200 11 1287 1070 3073
5526 2 2 200 11 1178 1176 1185
5527 2 2 200 11 3655 1682 3660
5528 2 2 200 11 3138 3135 3606
5529 2 2 200 11 751 753 754
5530 2 2 200 11 3652 3118 3653
5531 2 2 200 11 3585 1008 3625
5532 2 2 200 11 864 865 866
5533 2 2 200 11 3762 859 3774
5534 2 2 200 11 3094 2063 3595
5535 2 2 200 11 860 863 3532
5536 2 2 200 11 3602 1988 3603
5537 2 2 200 11 1970 1969 1986
5538 2 2 200 11 3109 3106 3646
5539 2 2 200 11 2077 2312 3616
5540 2 2 200 11 3548 944 3621
5541 2 2 200 11 1188 1189 1256
5542 2 2 200 11 3106 3643 3645
5543 2 2 200 11 1288 1179 1296
5544 2 2 200 11 3641 1914 3650
5545 2 2 200 11 2055 3424 3654
5546 2 2 200 11 1576 3069 3744
5547 2 2 200 11 3575 3370 3593
5548 2 2 200 11 765 768 3613
5549 2 2 200 11 1167 756 3584
5550 2 2 200 11 663 660 664
5551 2 2 200 11 2137 755 3539
5552 2 2 200 11 1027 3571 3609
5553 2 2 200 11 1928 3090 3597
5554 2 2 200 11 754 753 755
5555 2 2 200 11 3516 2083 3598
5556 2 2 200 11 3135 3136 3606
5557 2 2 200 11 3588 1924 3589
5558 2 2 200 11 3370 1011 3593
5559 2 2 200 11 757 756 758
5560 2 2 200 11 2887 2889 2890
5561 2 2 200 11 2090 3157 3658
5562 2 2 200 11 842 843 844
5563 2 2 200 11 3660 2084 3664
5564 2 2 200 11 3751 3130 3759
5565 2 2 200 11 3590 3407 3604
5566 2 2 200 11 1208 1246 1247
5567 2 2 200 11 1924 1500 3600
5568 2 2 200 11 1524 1499 1525
5569 2 2 200 11 3690 3303 3698
5570 2 2 200 11 3153 3151 3699
5571 2 2 200 11 2071 3471 3585
5572 2 2 200 11 863 862 864
5573 2 2 200 11 1041 3659 3663
5574 2 2 200 11 1894 2036 2041
5575 2 2 200 11 3528 2071 3585
5576 2 2 200 11 3171 3622 3629
5577 2 2 200 11 3170 3548 3621
5578 2 2 200 11 1186 1187 1188
5579 2 2 200 11 859 860 3532
5580 2 2 200 11 1995 2445 3573
5581 2 2 200 11 776 773 3632
5582 2 2 200 11 1021 3616 3672
5583 2 2 200 11 1261 1201 1262
5584 2 2 200 11 1251 3530 3600
5585 2 2 200 11 3389 3664 3669
5586 2 2 200 11 1768 1965 1966
5587 2 2 200 11 755 757 3539
5588 2 2 200 11 1678 1431 3657
5589 2 2 200 11 3237 3434 3586
5590 2 2 200 11 1166 1164 3594
5591 2 2 200 11 1962 1749 3568
5592 2 2 200 11 1556 1946 2336
5593 2 2 200 11 3407 1103 3604
5594 2 2 200 11 1901 3570 3576
5595 2 2 200 11 3145 3703 3708
5596 2 2 200 11 3558 1559 3559
5597 2 2 200 11 1286 1070 1287
5598 2 2 200 11 1204 1184 1205
5599 2 2 200 11 826 1018 3631
5600 2 2 200 11 3593 1011 3607
5601 2 2 200 11 1514 1248 1515
5602 2 2 200 11 2096 3109 3646
5603 2 2 200 11 1923 1924 3588
5604 2 2 200 11 1103 3548 3605
5605 2 2 200 11 2091 2093 3663
5606 2 2 200 11 1500 1251 3600
5607 2 2 200 11 2101 2086 3641
5608 2 2 200 11 2465 2095 3579
5609 2 2 200 11 1289 1555 1556
5610 2 2 200 11 748 746 1184
5611 2 2 200 11 3157 3154 3644
5612 2 2 200 11 1271 1307 3052
5613 2 2 200 11 1749 1910 3568
5614 2 2 200 11 3434 3649 3695
5615 2 2 200 11 751 749 752
5616 2 2 200 11 1011 3415 3607
5617 2 2 200 11 906 3582 3620
5618 2 2 200 11 2134 1927 3120
5619 2 2 200 11 831 832 3610
5620 2 2 200 11 1594 3516 3598
5621 2 2 200 11 836 838 2275
5622 2 2 200 11 1762 1594 3598
5623 2 2 200 11 750 751 3507
5624 2 2 200 11 1041 912 3659
5625 2 2 200 11 1909 3795 3811
5626 2 2 200 11 744 1190 1191
5627 2 2 200 11 2306 3542 3611
5628 2 2 200 11 751 754 3507
5629 2 2 200 11 1175 1176 1177
5630 2 2 200 11 1248 1246 1711
5631 2 2 200 11 3505 884 3623
5632 2 2 200 11 1572 1709 3615
5633 2 2 200 11 1177 1178 1179
5634 2 2 200 11 2030 1923 3588
5635 2 2 200 11 1573 1567 1832
5636 2 2 200 11 1532 1534 1535
5637 2 2 200 11 2321 2320 2500
5638 2 2 200 11 906 904 3609
5639 2 2 200 11 848 851 1173
5640 2 2 200 11 1853 1287 1855
5641 2 2 200 11 1178 1185 1186
5642 2 2 200 11 3395 3666 3680
5643 2 2 200 11 3759 3130 3763
5644 2 2 200 11 3016 3015 3017
5645 2 2 200 11 3628 2096 3646
5646 2 2 200 11 1826 1828 3665
5647 2 2 200 11 1556 1555 1946
5648 2 2 200 11 3499 3497 3501
5649 2 2 200 11 2302 1916 3665
5650 2 2 200 11 1200 1261 1282
5651 2 2 200 11 1595 1762 3618
5652 2 2 200 11 1711 1246 3635
5653 2 2 200 11 3567 3130 3751
5654 2 2 200 11 1751 1523 2098
5655 2 2 200 11 1275 1166 3601
5656 2 2 200 11 3284 1690 3681
5657 2 2 200 11 1083 1572 3615
5658 2 2 200 11 2336 1946 2337
5659 2 2 200 11 1394 1962 3591
5660 2 2 200 11 2085 2096 3628
5661 2 2 200 11 1188 1559 3557
5662 2 2 200 11 3147 3145 3708
5663 2 2 200 11 1261 1262 1505
5664 2 2 200 11 1218 1217 1220
5665 2 2 200 11 1180 1288 1289
5666 2 2 200 11 1504 2300 3594
5667 2 2 200 11 845 847 848
5668 2 2 200 11 757 760 3539
5669 2 2 200 11 2260 1888 2261
5670 2 2 200 11 3564 3563 3565
5671 2 2 200 11 1597 1595 3618
5672 2 2 200 11 3134 3132 3765
5673 2 2 200 11 1200 1197 1201
5674 2 2 200 11 1433 1678 3668
5675 2 2 200 11 3389 3423 3664
5676 2 2 200 11 1191 1192 1193
5677 2 2 200 11 3097 1904 3747
5678 2 2 200 11 753 752 3584
5679 2 2 200 11 3170 3621 3622
5680 2 2 200 11 3542 1149 3611
5681 2 2 200 11 762 759 3587
5682 2 2 200 11 1585 1587 3746
5683 2 2 200 11 1743 1677 3686
5684 2 2 200 11 3607 3415 3614
5685 2 2 200 11 1177 1176 1178
5686 2 2 200 11 1904 3097 3739
5687 2 2 200 11 2294 3686 3772
5688 2 2 200 11 977 980 3578
5689 2 2 200 11 3561 3564 3596
5690 2 2 200 11 3058 3533 3613
5691 2 2 200 11 3018 3017 3029
5692 2 2 200 11 751 752 753
5693 2 2 200 11 1854 1969 1970
5694 2 2 200 11 3140 3138 3757
5695 2 2 200 11 1289 1288 1555
5696 2 2 200 11 3533 763 3613
5697 2 2 200 11 3144 3141 3731
5698 2 2 200 11 828 826 3631
5699 2 2 200 11 1196 1194 1197
5700 2 2 200 11 2288 2114 3698
5701 2 2 200 11 1708 1574 3599
5702 2 2 200 11 860 862 863
5703 2 2 200 11 3613 768 3652
5704 2 2 200 11 3620 2307 3659
5705 2 2 200 11 1149 1151 3611
5706 2 2 200 11 1173 1174 1175
5707 2 2 200 11 2042 3744 3780
5708 2 2 200 11 3415 3287 3614
5709 2 2 200 11 2300 2301 3630
5710 2 2 200 11 3395 3436 3666
5711 2 2 200 11 1479 1478 3070
5712 2 2 200 11 1193 1194 1195
5713 2 2 200 11 3141 3724 3731
5714 2 2 200 11 2112 2077 3616
5715 2 2 200 11 1683 1361 3682
5716 2 2 200 11 3557 1559 3558
5717 2 2 200 11 1206 1205 1207
5718 2 2 200 11 1680 1437 3683
5719 2 2 200 11 3559 1559 3591
5720 2 2 200 11 3141 3140 3724
5721 2 2 200 11 2390 2030 3588
5722 2 2 200 11 2313 2314 3691
5723 2 2 200 11 1927 1703 2138
5724 2 2 200 11 859 858 860
5725 2 2 200 11 1180 1179 1288
5726 2 2 200 11 2078 3357 3623
5727 2 2 200 11 768 3118 3652
5728 2 2 200 11 944 942 3621
5729 2 2 200 11 2309 3625 3655
5730 2 2 200 11 1195 1196 1198
5731 2 2 200 11 2305 3614 3619
5732 2 2 200 11 1751 2098 2099
5733 2 2 200 11 3145 3144 3703
5734 2 2 200 11 3181 1014 3719
5735 2 2 200 11 1200 1201 1261
5736 2 2 200 11 3326 3682 3736
5737 2 2 200 11 1286 1853 1854
5738 2 2 200 11 1208 1207 1209
5739 2 2 200 11 1439 1680 3688
5740 2 2 200 11 910 907 3620
5741 2 2 200 11 744 1191 3546
5742 2 2 200 11 2401 683 2576
5743 2 2 200 11 3540 1083 3615
5744 2 2 200 11 3559 3591 3647
5745 2 2 200 11 758 1900 3587
5746 2 2 200 11 1289 1707 3687
5747 2 2 200 11 1531 1530 1532
5748 2 2 200 11 1256 1394 3591
5749 2 2 200 11 756 753 3584
5750 2 2 200 11 1338 2938 2939
5751 2 2 200 11 884 3531 3623
5752 2 2 200 11 3449 2305 3619
5753 2 2 200 11 3591 1962 3647
5754 2 2 200 11 1762 3692 3706
5755 2 2 200 11 1559 1256 3591
5756 2 2 200 11 1946 1988 3602
5757 2 2 200 11 3168 3170 3622
5758 2 2 200 11 763 765 3613
5759 2 2 200 11 1175 1174 1176
5760 2 2 200 11 1258 1504 3594
5761 2 2 200 11 759 758 3587
5762 2 2 200 11 3663 2093 3666
5763 2 2 200 11 1247 1246 1248
5764 2 2 200 11 747 749 750
5765 2 2 200 11 1204 1206 2108
5766 2 2 200 11 1833 1832 2000
5767 2 2 200 11 1853 1855 3612
5768 2 2 200 11 2086 2311 3641
5769 2 2 200 11 1369 1681 3693
5770 2 2 200 11 1927 2138 3120
5771 2 2 200 11 1683 3713 3723
5772 2 2 200 11 1400 1403 3745
5773 2 2 200 11 3433 1036 3649
5774 2 2 200 11 7 314 448
5775 2 2 200 11 2263 2001 2264
5776 2 2 200 11 1885 2017 2018
5777 2 2 200 11 3186 3184 3734
5778 2 2 200 11 1913 1443 3696
5779 2 2 200 11 819 821 3714
5780 2 2 200 11 2302 3654 3680
5781 2 2 200 11 1164 1258 3594
5782 2 2 200 11 1527 1887 3701
5783 2 2 200 11 3531 2078 3623
5784 2 2 200 11 1709 2094 3615
5785 2 2 200 11 3747 1904 3755
5786 2 2 200 11 750 749 751
5787 2 2 200 11 3192 3190 3735
5788 2 2 200 11 3148 3149 3627
5789 2 2 200 11 3601 2300 3630
5790 2 2 200 11 3508 3303 3690
5791 2 2 200 11 1208 1209 1246
5792 2 2 200 11 851 849 852
5793 2 2 200 11 3084 3665 3702
5794 2 2 200 11 1854 1853 1969
5795 2 2 200 11 838 3760 3803
5796 2 2 200 11 1195 1194 1196
5797 2 2 200 11 1008 3447 3625
5798 2 2 200 11 2494 1969 3612
5799 2 2 200 11 748 1184 1204
5800 2 2 200 11 1911 3404 3628
5801 2 2 200 11 3059 3652 3653
5802 2 2 200 11 694 693 695
5803 2 2 200 11 1855 2320 2321
5804 2 2 200 11 2057 3449 3626
5805 2 2 200 11 1681 1367 3711
5806 2 2 200 11 1033 3413 3629
5807 2 2 200 11 1286 1287 1853
5808 2 2 200 11 3434 3695 3743
5809 2 2 200 11 1206 1207 1208
5810 2 2 200 11 533 40 3897
5811 2 2 200 11 848 847 849
5812 2 2 200 11 1889 1401 3684
5813 2 2 200 11 2138 1703 2289
5814 2 2 200 11 1837 2073 2184
5815 2 2 200 11 3449 3619 3626
5816 2 2 200 11 2301 2579 3630
5817 2 2 200 11 3375 3374 3756
5818 2 2 200 11 2018 2017 2756
5819 2 2 200 11 3505 3623 3678
5820 2 2 200 11 1204 1205 1206
5821 2 2 200 11 529 22 3903
5822 2 2 200 11 1911 3628 3646
5823 2 2 200 11 773 772 3632
5824 2 2 200 11 855 854 856
5825 2 2 200 11 1969 1853 3612
5826 2 2 200 11 821 823 3672
5827 2 2 200 11 1363 1683 3723
5828 2 2 200 11 1453 1686 3721
5829 2 2 200 11 2018 2756 2758
5830 2 2 200 11 1915 3389 3669
5831 2 2 200 11 3721 3136 3752
5832 2 2 200 11 2256 2257 2862
5833 2 2 200 11 745 743 746
5834 2 2 200 11 1920 1373 3727
5835 2 2 200 11 3444 1918 3726
5836 2 2 200 11 3020 3018 3474
5837 2 2 200 11 3629 3413 3636
5838 2 2 200 11 3413 1104 3636
5839 2 2 200 11 2953 2952 2954
5840 2 2 200 11 1196 1197 1200
5841 2 2 200 11 1191 1190 1192
5842 2 2 200 11 1897 1904 3739
5843 2 2 200 11 3558 3561 3717
5844 2 2 200 11 2321 2500 2502
5845 2 2 200 11 1576 1147 3690
5846 2 2 200 11 1429 1427 3640
5847 2 2 200 11 1193 1192 1194
5848 2 2 200 11 1493 1494 1495
5849 2 2 200 11 3154 3155 3644
5850 2 2 200 11 3058 3613 3652
5851 2 2 200 11 2184 2426 2464
5852 2 2 200 11 3193 3194 3713
5853 2 2 200 11 840 837 3062
5854 2 2 200 11 3080 3117 3634
5855 2 2 200 11 3640 1914 3641
5856 2 2 200 11 1359 1357 3736
5857 2 2 200 11 2111 3097 3747
5858 2 2 200 11 3124 3122 3747
5859 2 2 200 11 3325 3326 3705
5860 2 2 200 11 2291 2101 3650
5861 2 2 200 11 1917 3700 3705
5862 2 2 200 11 1678 3657 3658
5863 2 2 200 11 3410 1915 3685
5864 2 2 200 11 2088 1395 2089
5865 2 2 200 11 1855 2321 3612
5866 2 2 200 11 3106 2291 3643
5867 2 2 200 11 3622 1033 3629
5868 2 2 200 11 3688 3149 3696
5869 2 2 200 11 1419 1911 3645
5870 2 2 200 11 772 2306 3639
5871 2 2 200 11 1064 2045 3578
5872 2 2 200 11 2261 1888 3671
5873 2 2 200 11 1882 3601 3630
5874 2 2 200 11 3400 1421 3643
5875 2 2 200 11 2117 2116 2318
5876 2 2 200 11 2294 1153 3712
5877 2 2 200 11 3703 3144 3731
5878 2 2 200 11 1962 3569 3647
5879 2 2 200 11 3713 3194 3723
5880 2 2 200 11 910 3620 3659
5881 2 2 200 11 1086 1689 3695
5882 2 2 200 11 1885 1494 1888
5883 2 2 200 11 1186 3557 3608
5884 2 2 200 11 741 739 742
5885 2 2 200 11 3713 1683 3716
5886 2 2 200 11 1474 1467 3755
5887 2 2 200 11 2337 1946 3602
5888 2 2 200 11 3035 3081 3746
5889 2 2 200 11 1623 3395 3680
5890 2 2 200 11 3400 3643 3650
5891 2 2 200 11 1529 1530 1531
5892 2 2 200 11 3632 772 3639
5893 2 2 200 11 1173 851 1174
5894 2 2 200 11 1459 1688 3751
5895 2 2 200 11 3118 2053 3653
5896 2 2 200 11 1899 1876 1974
5897 2 2 200 11 1913 3696 3708
5898 2 2 200 11 1243 2117 2130
5899 2 2 200 11 1914 3400 3650
5900 2 2 200 11 3052 1307 3053
5901 2 2 200 11 1296 1179 3608
5902 2 2 200 11 3643 2291 3650
5903 2 2 200 11 3106 3645 3646
5904 2 2 200 11 1688 1457 3752
5905 2 2 200 11 1495 1494 1885
5906 2 2 200 11 1240 1239 1265
5907 2 2 200 11 1915 3669 3685
5908 2 2 200 11 848 849 851
5909 2 2 200 11 1068 1069 1070
5910 2 2 200 11 2489 1979 3754
5911 2 2 200 11 1429 3640 3657
5912 2 2 200 11 741 743 744
5913 2 2 200 11 3324 3196 3716
5914 2 2 200 11 2315 3384 3773
5915 2 2 200 11 3190 3187 3694
5916 2 2 200 11 1977 1978 2200
5917 2 2 200 11 1145 3508 3690
5918 2 2 200 11 1493 1491 1494
5919 2 2 200 11 2100 2455 2934
5920 2 2 200 11 2041 2979 2980
5921 2 2 200 11 2184 2073 2426
5922 2 2 200 11 2389 2418 2419
5923 2 2 200 11 1036 1080 3649
5924 2 2 200 11 1270 1271 3052
5925 2 2 200 11 1071 1070 1286
5926 2 2 200 11 3181 3719 3726
5927 2 2 200 11 3640 2311 3657
5928 2 2 200 11 2555 2556 2558
5929 2 2 200 11 3672 2312 3714
5930 2 2 200 11 3384 2069 3768
5931 2 2 200 11 3410 3685 3700
5932 2 2 200 11 3018 3029 3474
5933 2 2 200 11 1178 1186 3608
5934 2 2 200 11 2998 2262 3825
5935 2 2 200 11 3606 3136 3721
5936 2 2 200 11 1692 1463 3759
5937 2 2 200 11 3724 3140 3757
5938 2 2 200 11 3424 1623 3654
5939 2 2 200 11 1192 1190 2118
5940 2 2 200 11 2113 3764 3780
5941 2 2 200 11 1179 1178 3608
5942 2 2 200 11 1066 1067 1068
5943 2 2 200 11 844 845 3661
5944 2 2 200 11 2425 2497 2498
5945 2 2 200 11 744 743 745
5946 2 2 200 11 744 745 1190
5947 2 2 200 11 3675 3674 3676
5948 2 2 200 11 2315 3773 3779
5949 2 2 200 11 3615 2094 3670
5950 2 2 200 11 1527 1529 1887
5951 2 2 200 11 1104 3592 3636
5952 2 2 200 11 1122 1300 3764
5953 2 2 200 11 3625 3447 3655
5954 2 2 200 11 1431 1429 3657
5955 2 2 200 11 3447 3328 3655
5956 2 2 200 11 3659 2307 3663
5957 2 2 200 11 1063 834 1703
5958 2 2 200 11 2257 1889 3684
5959 2 2 200 11 3540 3615 3670
5960 2 2 200 11 3691 1690 3697
5961 2 2 200 11 2311 2090 3658
5962 2 2 200 11 2309 3655 3660
5963 2 2 200 11 3059 3058 3652
5964 2 2 200 11 3326 3324 3716
5965 2 2 200 11 1837 1600 2073
5966 2 2 200 11 3357 3355 3678
5967 2 2 200 11 1885 1888 2017
5968 2 2 200 11 1917 3410 3700
5969 2 2 200 11 3664 2084 3669
5970 2 2 200 11 2199 2089 2386
5971 2 2 200 11 1080 1084 3649
5972 2 2 200 11 3562 3559 3647
5973 2 2 200 11 745 746 747
5974 2 2 200 11 912 910 3659
5975 2 2 200 11 2260 2261 2825
5976 2 2 200 11 980 1064 3578
5977 2 2 200 11 2825 2261 2826
5978 2 2 200 11 3668 3155 3683
5979 2 2 200 11 1678 3644 3668
5980 2 2 200 11 2308 2309 3660
5981 2 2 200 11 838 839 3760
5982 2 2 200 11 2018 2758 2760
5983 2 2 200 11 1688 3752 3765
5984 2 2 200 11 1301 1202 1705
5985 2 2 200 11 3623 3357 3678
5986 2 2 200 11 3681 1690 3691
5987 2 2 200 11 2786 2329 2787
5988 2 2 200 11 1871 2230 3793
5989 2 2 200 11 1168 1576 3744
5990 2 2 200 11 2277 3093 3758
5991 2 2 200 11 851 852 3617
5992 2 2 200 11 1055 1054 1057
5993 2 2 200 11 1924 3600 3741
5994 2 2 200 11 1263 1395 2088
5995 2 2 200 11 2042 1170 3744
5996 2 2 200 11 747 748 749
5997 2 2 200 11 3636 3592 3681
5998 2 2 200 11 1680 3627 3688
5999 2 2 200 11 3666 2093 3680
6000 2 2 200 11 3730 1920 3734
6001 2 2 200 11 1308 1310 1311
6002 2 2 200 11 2549 2548 2550
6003 2 2 200 11 2426 2073 3706
6004 2 2 200 11 1688 3567 3751
6005 2 2 200 11 3543 1174 3617
6006 2 2 200 11 3617 855 3756
6007 2 2 200 11 1529 1528 1530
6008 2 2 200 11 1686 3606 3721
6009 2 2 200 11 2307 2091 3663
6010 2 2 200 11 1401 1398 3684
6011 2 2 200 11 3393 2313 3697
6012 2 2 200 11 2956 2914 3820
6013 2 2 200 11 2308 3660 3664
6014 2 2 200 11 1916 1826 3665
6015 2 2 200 11 1068 1070 1071
6016 2 2 200 11 3678 3355 3718
6017 2 2 200 11 2088 2089 2199
6018 2 2 200 11 3172 3636 3681
6019 2 2 200 11 3423 2308 3664
6020 2 2 200 11 2130 2117 2139
6021 2 2 200 11 747 746 748
6022 2 2 200 11 3608 3557 3717
6023 2 2 200 11 1524 1525 1526
6024 2 2 200 11 3179 3181 3737
6025 2 2 200 11 3598 2274 3692
6026 2 2 200 11 2017 1888 2260
6027 2 2 200 11 1246 1209 3635
6028 2 2 200 11 1485 1483 1486
6029 2 2 200 11 1680 3683 3699
6030 2 2 200 11 2311 3640 3641
6031 2 2 200 11 3779 2316 3784
6032 2 2 200 11 1209 1263 3635
6033 2 2 200 11 1202 1198 3667
6034 2 2 200 11 1208 1247 3637
6035 2 2 200 11 2073 3618 3706
6036 2 2 200 11 2123 3709 3772
6037 2 2 200 11 741 744 3546
6038 2 2 200 11 2087 3084 3702
6039 2 2 200 11 3436 1041 3666
6040 2 2 200 11 3180 3179 3732
6041 2 2 200 11 1296 3608 3717
6042 2 2 200 11 3355 3354 3718
6043 2 2 200 11 1435 1433 3668
6044 2 2 200 11 852 855 3617
6045 2 2 200 11 845 848 3661
6046 2 2 200 11 637 634 638
6047 2 2 200 11 741 742 743
6048 2 2 200 11 834 830 3648
6049 2 2 200 11 2426 3706 3707
6050 2 2 200 11 3627 3149 3688
6051 2 2 200 11 3187 3188 3694
6052 2 2 200 11 1262 1513 3749
6053 2 2 200 11 3183 3180 3733
6054 2 2 200 11 2084 2105 3669
6055 2 2 200 11 740 741 3546
6056 2 2 200 11 2119 1341 3792
6057 2 2 200 11 1200 1282 3633
6058 2 2 200 11 3128 3126 3763
6059 2 2 200 11 1527 1526 1528
6060 2 2 200 11 3732 3179 3737
6061 2 2 200 11 3180 3732 3733
6062 2 2 200 11 2034 2277 3758
6063 2 2 200 11 1435 3668 3683
6064 2 2 200 11 1198 1196 3633
6065 2 2 200 11 3639 2306 3709
6066 2 2 200 11 1174 851 3617
6067 2 2 200 11 1041 3663 3666
6068 2 2 200 11 1971 3674 3675
6069 2 2 200 11 3184 3183 3730
6070 2 2 200 11 3600 3462 3741
6071 2 2 200 11 2103 2123 3772
6072 2 2 200 11 3550 2097 3712
6073 2 2 200 11 3920 2850 4008
6074 2 2 200 11 2105 3351 3685
6075 2 2 200 11 2093 2302 3680
6076 2 2 200 11 856 858 859
6077 2 2 200 11 1184 746 3642
6078 2 2 200 11 848 1173 3661
6079 2 2 200 11 1898 1698 3786
6080 2 2 200 11 1527 1528 1529
6081 2 2 200 11 1677 2103 3686
6082 2 2 200 11 1361 1359 3682
6083 2 2 200 11 3645 1911 3646
6084 2 2 200 11 1437 1435 3683
6085 2 2 200 11 2265 2264 2328
6086 2 2 200 11 743 742 3642
6087 2 2 200 11 752 749 3651
6088 2 2 200 11 3700 3350 3705
6089 2 2 200 11 2861 2133 3771
6090 2 2 200 11 2094 2110 3670
6091 2 2 200 11 729 732 1013
6092 2 2 200 11 3669 2105 3685
6093 2 2 200 11 1566 2316 3779
6094 2 2 200 11 842 844 1243
6095 2 2 200 11 3543 3617 3756
6096 2 2 200 11 1705 1202 3667
6097 2 2 200 11 1760 1771 1772
6098 2 2 200 11 3616 2312 3672
6099 2 2 200 11 1204 2108 3651
6100 2 2 200 11 1196 1200 3633
6101 2 2 200 11 1935 2143 3769
6102 2 2 200 11 1441 1439 3688
6103 2 2 200 11 3730 3183 3733
6104 2 2 200 11 1144 3505 3678
6105 2 2 200 11 2089 1395 3063
6106 2 2 200 11 2108 1206 3637
6107 2 2 200 11 344 345 3689
6108 2 2 200 11 1298 1299 1517
6109 2 2 200 11 2289 1703 3648
6110 2 2 200 11 737 735 738
6111 2 2 200 11 3657 2311 3658
6112 2 2 200 11 1493 1495 1496
6113 2 2 200 11 1832 1567 1971
6114 2 2 200 11 2256 1889 2257
6115 2 2 200 11 1206 1208 3637
6116 2 2 200 11 1263 2088 3635
6117 2 2 200 11 2314 3172 3691
6118 2 2 200 11 1147 1145 3690
6119 2 2 200 11 740 739 741
6120 2 2 200 11 2862 2257 2863
6121 2 2 200 11 3553 2135 3778
6122 2 2 200 11 1520 1863 1972
6123 2 2 200 11 1144 3678 3718
6124 2 2 200 11 1441 3688 3696
6125 2 2 200 11 852 854 855
6126 2 2 200 11 1931 1280 3783
6127 2 2 200 11 1701 1526 3820
6128 2 2 200 11 1243 2116 2117
6129 2 2 200 11 745 747 3624
6130 2 2 200 11 3644 3155 3668
6131 2 2 200 11 1371 1369 3693
6132 2 2 200 11 3744 3069 3780
6133 2 2 200 11 3384 3768 3773
6134 2 2 200 11 3703 1913 3708
6135 2 2 200 11 3693 1681 3694
6136 2 2 200 11 2312 2102 3719
6137 2 2 200 11 1443 1441 3696
6138 2 2 200 11 3685 3351 3700
6139 2 2 200 11 2625 2626 2627
6140 2 2 200 11 3155 3153 3699
6141 2 2 200 11 1698 1696 3784
6142 2 2 200 11 1482 1479 3070
6143 2 2 200 11 1690 1684 3697
6144 2 2 200 11 1285 3540 3670
6145 2 2 200 11 649 666 667
6146 2 2 200 11 1197 1194 3656
6147 2 2 200 11 737 739 740
6148 2 2 200 11 1403 1754 3745
6149 2 2 200 11 3303 2288 3698
6150 2 2 200 11 1084 1086 3695
6151 2 2 200 11 3670 2110 3715
6152 2 2 200 11 1243 844 2116
6153 2 2 200 11 1524 1526 1527
6154 2 2 200 11 748 1204 3651
6155 2 2 200 11 3705 3326 3736
6156 2 2 200 11 3351 3350 3700
6157 2 2 200 11 1920 3727 3734
6158 2 2 200 11 2031 2537 4342
6159 2 2 200 11 3649 1084 3695
6160 2 2 200 11 2453 2099 2480
6161 2 2 200 11 1285 3670 3715
6162 2 2 200 11 3589 3741 3742
6163 2 2 200 11 1338 1318 2938
6164 2 2 200 11 822 820 3788
6165 2 2 200 11 1013 1212 1213
6166 2 2 200 11 856 859 3762
6167 2 2 200 11 3350 3325 3705
6168 2 2 200 11 1190 745 3624
6169 2 2 200 11 3411 1913 3703
6170 2 2 200 11 3149 3147 3708
6171 2 2 200 11 2230 2229 2535
6172 2 2 200 11 733 735 736
6173 2 2 200 11 1828 2175 3702
6174 2 2 200 11 3194 3192 3735
6175 2 2 200 11 3375 3762 3774
6176 2 2 200 11 1483 1482 3750
6177 2 2 200 11 3196 3193 3713
6178 2 2 200 11 3618 1762 3706
6179 2 2 200 11 3592 3284 3681
6180 2 2 200 11 2116 844 3661
6181 2 2 200 11 1762 3598 3692
6182 2 2 200 11 1367 1365 3711
6183 2 2 200 11 1014 819 3714
6184 2 2 200 11 1048 1047 1050
6185 2 2 200 11 2135 2903 3767
6186 2 2 200 11 1371 3693 3727
6187 2 2 200 11 2129 3100 3818
6188 2 2 200 11 3130 3128 3763
6189 2 2 200 11 1683 3682 3716
6190 2 2 200 11 1615 1614 1738
6191 2 2 200 11 1064 1066 2045
6192 2 2 200 11 3693 3188 3727
6193 2 2 200 11 2266 2124 2267
6194 2 2 200 11 747 750 3624
6195 2 2 200 11 1703 834 3648
6196 2 2 200 11 1194 1192 3656
6197 2 2 200 11 2934 2455 3638
6198 2 2 200 11 733 730 734
6199 2 2 200 11 3711 1365 3723
6200 2 2 200 11 1711 3635 3729
6201 2 2 200 11 749 748 3651
6202 2 2 200 11 739 738 3662
6203 2 2 200 11 746 743 3642
6204 2 2 200 11 3194 3711 3723
6205 2 2 200 11 3411 3703 3731
6206 2 2 200 11 1455 1453 3721
6207 2 2 200 11 2110 2461 3715
6208 2 2 200 11 3520 1285 3715
6209 2 2 200 11 3712 2097 3798
6210 2 2 200 11 1365 1363 3723
6211 2 2 200 11 722 725 731
6212 2 2 200 11 1373 1371 3727
6213 2 2 200 11 1766 1764 1767
6214 2 2 200 11 3696 3149 3708
6215 2 2 200 11 2102 3444 3726
6216 2 2 200 11 3406 1912 3724
6217 2 2 200 11 1153 3550 3712
6218 2 2 200 11 3521 1144 3718
6219 2 2 200 11 1933 1725 2343
6220 2 2 200 11 2264 2001 3728
6221 2 2 200 11 3405 1920 3730
6222 2 2 200 11 3724 1912 3731
6223 2 2 200 11 1180 1289 3687
6224 2 2 200 11 3188 3186 3734
6225 2 2 200 11 1051 1050 1054
6226 2 2 200 11 2649 2648 2650
6227 2 2 200 11 2278 1897 3739
6228 2 2 200 11 3764 3067 3780
6229 2 2 200 11 1912 3411 3731
6230 2 2 200 11 1214 1212 2124
6231 2 2 200 11 3402 1919 3732
6232 2 2 200 11 1788 1789 1790
6233 2 2 200 11 1357 1917 3736
6234 2 2 200 11 736 737 3722
6235 2 2 200 11 2770 2772 2773
6236 2 2 200 11 1919 3405 3733
6237 2 2 200 11 3732 1919 3733
6238 2 2 200 11 3040 3039 3872
6239 2 2 200 11 1681 3711 3735
6240 2 2 200 11 3405 3730 3733
6241 2 2 200 11 3682 3326 3716
6242 2 2 200 11 3611 1679 3709
6243 2 2 200 11 1918 3402 3737
6244 2 2 200 11 1192 2118 3656
6245 2 2 200 11 736 735 737
6246 2 2 200 11 3402 3732 3737
6247 2 2 200 11 737 738 739
6248 2 2 200 11 1988 1555 3781
6249 2 2 200 11 1570 1203 3748
6250 2 2 200 11 3172 3681 3691
6251 2 2 200 11 1698 3784 3786
6252 2 2 200 11 1587 1592 3746
6253 2 2 200 11 1213 1214 1215
6254 2 2 200 11 1455 3721 3752
6255 2 2 200 11 3810 3507 3835
6256 2 2 200 11 2018 2760 3710
6257 2 2 200 11 2266 2267 2849
6258 2 2 200 11 2887 2890 2961
6259 2 2 200 11 3122 2111 3747
6260 2 2 200 11 2001 2000 3728
6261 2 2 200 11 1198 3633 3667
6262 2 2 200 11 3719 2102 3726
6263 2 2 200 11 2333 3599 3911
6264 2 2 200 11 3557 3558 3717
6265 2 2 200 11 1567 1301 3673
6266 2 2 200 11 3709 1679 3772
6267 2 2 200 11 2222 1565 3796
6268 2 2 200 11 1461 1459 3751
6269 2 2 200 11 3635 2088 3729
6270 2 2 200 11 3406 3724 3757
6271 2 2 200 11 3683 3155 3699
6272 2 2 200 11 1843 1753 3771
6273 2 2 200 11 1312 1314 1315
6274 2 2 200 11 1170 1168 3744
6275 2 2 200 11 2444 2109 3806
6276 2 2 200 11 1842 1869 3800
6277 2 2 200 11 1506 1882 3796
6278 2 2 200 11 1457 1455 3752
6279 2 2 200 11 742 739 3662
6280 2 2 200 11 1296 3596 3781
6281 2 2 200 11 1904 1474 3755
6282 2 2 200 11 3661 1173 3766
6283 2 2 200 11 2941 2942 2943
6284 2 2 200 11 3589 1924 3741
6285 2 2 200 11 3595 742 3662
6286 2 2 200 11 1288 1296 3781
6287 2 2 200 11 2118 1190 3624
6288 2 2 200 11 1851 3031 3798
6289 2 2 200 11 3760 2130 3803
6290 2 2 200 11 1461 3751 3759
6291 2 2 200 11 1909 1510 3795
6292 2 2 200 11 2306 3611 3709
6293 2 2 200 11 2328 2411 2567
6294 2 2 200 11 1491 1490 3671
6295 2 2 200 11 3069 2113 3780
6296 2 2 200 11 2119 3792 3811
6297 2 2 200 11 2328 2264 2411
6298 2 2 200 11 2131 2034 3758
6299 2 2 200 11 1463 1461 3759
6300 2 2 200 11 3520 3715 3754
6301 2 2 200 11 1686 3406 3757
6302 2 2 200 11 3718 3354 3768
6303 2 2 200 11 3188 3693 3694
6304 2 2 200 11 1979 3520 3754
6305 2 2 200 11 1399 1400 3745
6306 2 2 200 11 1217 1215 1219
6307 2 2 200 11 3586 3434 3743
6308 2 2 200 11 3387 1692 3761
6309 2 2 200 11 3752 3136 3765
6310 2 2 200 11 2699 2701 4108
6311 2 2 200 11 3715 2461 3754
6312 2 2 200 11 1301 1705 3673
6313 2 2 200 11 1058 1057 1059
6314 2 2 200 11 1533 1530 3801
6315 2 2 200 11 1214 2124 2266
6316 2 2 200 11 1213 1212 1214
6317 2 2 200 11 1885 2018 3710
6318 2 2 200 11 1505 1262 3749
6319 2 2 200 11 3031 3712 3798
6320 2 2 200 11 1988 3781 3807
6321 2 2 200 11 1494 1491 3671
6322 2 2 200 11 1013 732 1212
6323 2 2 200 11 737 740 3722
6324 2 2 200 11 1495 1885 3710
6325 2 2 200 11 1486 1483 3750
6326 2 2 200 11 1917 3705 3736
6327 2 2 200 11 2088 2199 3729
6328 2 2 200 11 3136 3134 3765
6329 2 2 200 11 1971 3673 3674
6330 2 2 200 11 2113 1122 3764
6331 2 2 200 11 1528 1701 3801
6332 2 2 200 11 2181 1851 3802
6333 2 2 200 11 1234 1298 3042
6334 2 2 200 11 716 718 724
6335 2 2 200 11 1523 1499 1524
6336 2 2 200 11 1514 1515 3799
6337 2 2 200 11 2468 2761 2762
6338 2 2 200 11 2953 3065 3777
6339 2 2 200 11 1304 1232 3042
6340 2 2 200 11 732 730 733
6341 2 2 200 11 1851 3798 3802
6342 2 2 200 11 3352 2041 3770
6343 2 2 200 11 733 734 735
6344 2 2 200 11 3375 3756 3762
6345 2 2 200 11 1888 1494 3671
6346 2 2 200 11 3795 3100 3811
6347 2 2 200 11 3584 752 3791
6348 2 2 200 11 1403 1752 1754
6349 2 2 200 11 1496 1495 1497
6350 2 2 200 11 1177 1180 3794
6351 2 2 200 11 2922 1930 3799
6352 2 2 200 11 1971 1567 3673
6353 2 2 200 11 3714 2312 3719
6354 2 2 200 11 855 856 3762
6355 2 2 200 11 3077 3078 3850
6356 2 2 200 11 2173 2171 2174
6357 2 2 200 11 2191 2194 2195
6358 2 2 200 11 3521 3718 3768
6359 2 2 200 11 3374 3543 3756
6360 2 2 200 11 3039 1570 3894
6361 2 2 200 11 3126 3761 3763
6362 2 2 200 11 2116 3661 3766
6363 2 2 200 11 1498 1497 1499
6364 2 2 200 11 2886 2887 2961
6365 2 2 200 11 1524 1527 3701
6366 2 2 200 11 2411 2264 3728
6367 2 2 200 11 2661 2663 2665
6368 2 2 200 11 839 842 3760
6369 2 2 200 11 3727 3188 3734
6370 2 2 200 11 655 656 657
6371 2 2 200 11 2393 2462 2493
6372 2 2 200 11 1812 2144 3902
6373 2 2 200 11 2069 3521 3768
6374 2 2 200 11 3711 3194 3735
6375 2 2 200 11 1173 1175 3766
6376 2 2 200 11 2041 2980 3770
6377 2 2 200 11 2980 3035 3770
6378 2 2 200 11 1156 2293 3862
6379 2 2 200 11 3100 2119 3811
6380 2 2 200 11 1014 3714 3719
6381 2 2 200 11 3687 1707 3813
6382 2 2 200 11 3833 2039 3850
6383 2 2 200 11 1328 1329 1330
6384 2 2 200 11 1498 1499 1523
6385 2 2 200 11 2315 3779 3784
6386 2 2 200 11 3354 1693 3773
6387 2 2 200 11 3584 3791 3816
6388 2 2 200 11 1679 2294 3772
6389 2 2 200 11 3496 3498 3846
6390 2 2 200 11 1496 1497 1498
6391 2 2 200 11 3773 1693 3779
6392 2 2 200 11 1758 1759 1760
6393 2 2 200 11 3848 3110 3866
6394 2 2 200 11 2045 1066 3775
6395 2 2 200 11 1075 1253 1554
6396 2 2 200 11 2826 2261 3753
6397 2 2 200 11 750 3507 3810
6398 2 2 200 11 3079 1071 3833
6399 2 2 200 11 1222 1220 1244
6400 2 2 200 11 2098 1523 3701
6401 2 2 200 11 733 736 3740
6402 2 2 200 11 3768 3354 3773
6403 2 2 200 11 1311 1312 3065
6404 2 2 200 11 1693 1566 3779
6405 2 2 200 11 1066 1068 3775
6406 2 2 200 11 1337 1765 3826
6407 2 2 200 11 2318 2116 3766
6408 2 2 200 11 1609 1612 3793
6409 2 2 200 11 729 730 732
6410 2 2 200 11 2876 1336 3849
6411 2 2 200 11 859 3532 3774
6412 2 2 200 11 3067 2042 3780
6413 2 2 200 11 2774 2776 2777
6414 2 2 200 11 2200 2201 2985
6415 2 2 200 11 2610 2608 2611
6416 2 2 200 11 2794 2792 3032
6417 2 2 200 11 1312 1315 3065
6418 2 2 200 11 700 699 701
6419 2 2 200 11 1517 1518 1980
6420 2 2 200 11 1696 2315 3784
6421 2 2 200 11 2965 3830 3831
6422 2 2 200 11 2251 2666 2667
6423 2 2 200 11 1497 1495 3710
6424 2 2 200 11 314 315 2817
6425 2 2 200 11 2162 2471 2822
6426 2 2 200 11 2777 2778 2779
6427 2 2 200 11 1523 1524 3701
6428 2 2 200 11 1280 1156 3783
6429 2 2 200 11 1068 1071 3775
6430 2 2 200 11 1555 1288 3781
6431 2 2 200 11 3009 552 4192
6432 2 2 200 11 2558 2560 2562
6433 2 2 200 11 3756 855 3762
6434 2 2 200 11 2108 3113 3791
6435 2 2 200 11 1525 1499 3814
6436 2 2 200 11 2316 2317 3786
6437 2 2 200 11 2179 2174 2467
6438 2 2 200 11 2117 2318 3813
6439 2 2 200 11 1243 2130 3760
6440 2 2 200 11 2551 2550 2552
6441 2 2 200 11 816 814 3832
6442 2 2 200 11 3720 1270 3815
6443 2 2 200 11 3766 1175 3794
6444 2 2 200 11 1808 1810 1811
6445 2 2 200 11 2890 2891 2892
6446 2 2 200 11 696 695 697
6447 2 2 200 11 752 3651 3791
6448 2 2 200 11 729 728 730
6449 2 2 200 11 3443 1925 3831
6450 2 2 200 11 1270 3052 3815
6451 2 2 200 11 820 1026 3788
6452 2 2 200 11 2239 2240 2241
6453 2 2 200 11 732 733 3740
6454 2 2 200 11 727 729 3837
6455 2 2 200 11 3761 1692 3763
6456 2 2 200 11 2605 2133 2861
6457 2 2 200 11 727 728 729
6458 2 2 200 11 842 1243 3760
6459 2 2 200 11 3784 2316 3786
6460 2 2 200 11 1229 1228 3857
6461 2 2 200 11 2124 1212 3740
6462 2 2 200 11 3740 736 3812
6463 2 2 200 11 2627 2626 2629
6464 2 2 200 11 730 728 3789
6465 2 2 200 11 3651 2108 3791
6466 2 2 200 11 3781 3596 3807
6467 2 2 200 11 3467 2284 3792
6468 2 2 200 11 2423 2422 4369
6469 2 2 200 11 3073 1073 3785
6470 2 2 200 11 2263 2265 3847
6471 2 2 200 11 726 723 1028
6472 2 2 200 11 1854 2039 3833
6473 2 2 200 11 2825 2826 3790
6474 2 2 200 11 2293 3634 3845
6475 2 2 200 11 2318 3687 3813
6476 2 2 200 11 3603 1988 3807
6477 2 2 200 11 2318 3766 3794
6478 2 2 200 11 1212 732 3740
6479 2 2 200 11 2779 2780 2837
6480 2 2 200 11 2209 1974 2210
6481 2 2 200 11 734 730 3789
6482 2 2 200 11 702 703 704
6483 2 2 200 11 1510 1511 3795
6484 2 2 200 11 2143 2227 3945
6485 2 2 200 11 3684 1397 3787
6486 2 2 200 11 2800 2798 2801
6487 2 2 200 11 1519 1299 3834
6488 2 2 200 11 1565 1506 3796
6489 2 2 200 11 738 735 3805
6490 2 2 200 11 1175 1177 3794
6491 2 2 200 11 2159 2157 2160
6492 2 2 200 11 725 726 727
6493 2 2 200 11 2990 1890 3804
6494 2 2 200 11 2124 3740 3812
6495 2 2 200 11 2028 1702 3844
6496 2 2 200 11 2097 2127 3798
6497 2 2 200 11 1841 1842 3800
6498 2 2 200 11 1930 1514 3799
6499 2 2 200 11 1071 1286 3833
6500 2 2 200 11 1783 1782 1784
6501 2 2 200 11 727 726 728
6502 2 2 200 11 2597 2595 2598
6503 2 2 200 11 511 2722 4049
6504 2 2 200 11 3792 2284 3811
6505 2 2 200 11 1790 1793 1794
6506 2 2 200 11 3798 2127 3802
6507 2 2 200 11 2134 3120 3836
6508 2 2 200 11 1232 1234 3042
6509 2 2 200 11 2143 1949 2226
6510 2 2 200 11 698 697 699
6511 2 2 200 11 2780 2778 4157
6512 2 2 200 11 3791 3113 3816
6513 2 2 200 11 2127 2523 3802
6514 2 2 200 11 3100 3795 3818
6515 2 2 200 11 3710 2760 3814
6516 2 2 200 11 1871 2229 2230
6517 2 2 200 11 229 230 4024
6518 2 2 200 11 1869 2148 3800
6519 2 2 200 11 3113 2323 3816
6520 2 2 200 11 1487 1486 3838
6521 2 2 200 11 722 723 725
6522 2 2 200 11 3774 2965 3831
6523 2 2 200 11 2109 2280 3806
6524 2 2 200 11 725 723 726
6525 2 2 200 11 42 495 3898
6526 2 2 200 11 3597 3810 3835
6527 2 2 200 11 1768 1767 1965
6528 2 2 200 11 2275 838 3803
6529 2 2 200 11 3816 2323 3827
6530 2 2 200 11 2021 2754 2845
6531 2 2 200 11 1530 1528 3801
6532 2 2 200 11 3111 2039 3858
6533 2 2 200 11 2966 1886 3821
6534 2 2 200 11 2755 2005 4125
6535 2 2 200 11 2155 2159 3913
6536 2 2 200 11 2284 1909 3811
6537 2 2 200 11 3467 1745 3808
6538 2 2 200 11 2257 3684 3787
6539 2 2 200 11 2406 3467 3808
6540 2 2 200 11 2863 2257 3787
6541 2 2 200 11 2908 2237 2911
6542 2 2 200 11 1219 1215 3817
6543 2 2 200 11 2106 2221 3840
6544 2 2 200 11 2081 673 2136
6545 2 2 200 11 4395 4150 4496
6546 2 2 200 11 735 734 3805
6547 2 2 200 11 2039 1970 3858
6548 2 2 200 11 810 808 3861
6549 2 2 200 11 1801 1800 1802
6550 2 2 200 11 1214 2266 3817
6551 2 2 200 11 2282 2129 3818
6552 2 2 200 11 1816 2244 3896
6553 2 2 200 11 2137 3110 3848
6554 2 2 200 11 2189 2188 4173
6555 2 2 200 11 2176 2160 2352
6556 2 2 200 11 208 209 2996
6557 2 2 200 11 30 31 2997
6558 2 2 200 11 3872 3039 3894
6559 2 2 200 11 2213 1818 2214
6560 2 2 200 11 2024 1849 2025
6561 2 2 200 11 3958 1026 3979
6562 2 2 200 11 1497 3710 3814
6563 2 2 200 11 3596 3564 3807
6564 2 2 200 11 3597 2118 3810
6565 2 2 200 11 722 721 723
6566 2 2 200 11 1315 1316 3776
6567 2 2 200 11 720 721 722
6568 2 2 200 11 2611 2608 2612
6569 2 2 200 11 2487 2200 2488
6570 2 2 200 11 1073 1075 3785
6571 2 2 200 11 2406 3808 3809
6572 2 2 200 11 657 658 659
6573 2 2 200 11 2940 2945 3776
6574 2 2 200 11 1933 2343 2344
6575 2 2 200 11 3054 3055 3056
6576 2 2 200 11 628 627 629
6577 2 2 200 11 1265 1267 3886
6578 2 2 200 11 2227 2226 2374
6579 2 2 200 11 1869 1975 2148
6580 2 2 200 11 667 677 678
6581 2 2 200 11 2282 3818 3830
6582 2 2 200 11 2253 1926 2254
6583 2 2 200 11 1534 1533 3855
6584 2 2 200 11 28 29 3006
6585 2 2 200 11 2323 2324 3827
6586 2 2 200 11 2267 2124 3812
6587 2 2 200 11 2195 2268 2269
6588 2 2 200 11 3054 3053 3055
6589 2 2 200 11 2230 2535 2923
6590 2 2 200 11 2526 4150 4395
6591 2 2 200 11 3052 3053 3054
6592 2 2 200 11 2139 2117 3813
6593 2 2 200 11 2188 2570 4173
6594 2 2 200 11 1075 1554 3785
6595 2 2 200 11 1060 1059 1268
6596 2 2 200 11 3899 2167 3983
6597 2 2 200 11 644 642 645
6598 2 2 200 11 2241 2242 2424
6599 2 2 200 11 2553 2552 2554
6600 2 2 200 11 2260 2825 3829
6601 2 2 200 11 3079 3833 3850
6602 2 2 200 11 3891 1332 3906
6603 2 2 200 11 1167 3816 3827
6604 2 2 200 11 1167 3584 3816
6605 2 2 200 11 2999 2998 3825
6606 2 2 200 11 3375 3774 3831
6607 2 2 200 11 1611 1610 3851
6608 2 2 200 11 1315 3776 3777
6609 2 2 200 11 3624 750 3810
6610 2 2 200 11 676 638 4035
6611 2 2 200 11 736 3722 3812
6612 2 2 200 11 32 33 3045
6613 2 2 200 11 206 207 3050
6614 2 2 200 11 1499 1497 3814
6615 2 2 200 11 3789 728 3797
6616 2 2 200 11 2118 3624 3810
6617 2 2 200 11 2892 2893 2894
6618 2 2 200 11 1950 1860 1951
6619 2 2 200 11 659 660 663
6620 2 2 200 11 2965 2282 3830
6621 2 2 200 11 684 685 686
6622 2 2 200 11 3818 1511 3830
6623 2 2 200 11 2779 2778 2780
6624 2 2 200 11 1215 1214 3817
6625 2 2 200 11 3065 1315 3777
6626 2 2 200 11 3788 1026 3958
6627 2 2 200 11 3507 2327 3835
6628 2 2 200 11 2546 2547 2548
6629 2 2 200 11 1738 1926 1989
6630 2 2 200 11 628 630 684
6631 2 2 200 11 2620 2618 2621
6632 2 2 200 11 1890 2021 3804
6633 2 2 200 11 2028 3848 3866
6634 2 2 200 11 1325 1322 3849
6635 2 2 200 11 2777 2776 2778
6636 2 2 200 11 2343 1725 3870
6637 2 2 200 11 728 726 3797
6638 2 2 200 11 3633 1282 3846
6639 2 2 200 11 1217 1219 3843
6640 2 2 200 11 2797 2794 3032
6641 2 2 200 11 661 3899 3983
6642 2 2 200 11 726 1028 3797
6643 2 2 200 11 1977 2200 2487
6644 2 2 200 11 2546 2549 3926
6645 2 2 200 11 2943 2946 2947
6646 2 2 200 11 3835 2327 3844
6647 2 2 200 11 2766 2206 2768
6648 2 2 200 11 1886 2251 3821
6649 2 2 200 11 1302 1265 3886
6650 2 2 200 11 1989 2253 2410
6651 2 2 200 11 719 717 1049
6652 2 2 200 11 720 719 721
6653 2 2 200 11 2773 2772 2774
6654 2 2 200 11 718 719 720
6655 2 2 200 11 702 701 703
6656 2 2 200 11 1900 1167 3827
6657 2 2 200 11 2468 2467 2761
6658 2 2 200 11 814 1035 3832
6659 2 2 200 11 2555 2554 2556
6660 2 2 200 11 1972 1973 2469
6661 2 2 200 11 2393 2392 2394
6662 2 2 200 11 1925 3375 3831
6663 2 2 200 11 1635 3930 4008
6664 2 2 200 11 2940 2939 2941
6665 2 2 200 11 1511 3443 3830
6666 2 2 200 11 716 717 718
6667 2 2 200 11 2903 2134 3836
6668 2 2 200 11 2949 2951 2952
6669 2 2 200 11 2187 2543 2544
6670 2 2 200 11 1244 1220 3843
6671 2 2 200 11 1286 1854 3833
6672 2 2 200 11 1803 1802 1804
6673 2 2 200 11 3008 1996 3009
6674 2 2 200 11 2293 3845 3862
6675 2 2 200 11 3047 580 3048
6676 2 2 200 11 196 496 3889
6677 2 2 200 11 2959 3803 3859
6678 2 2 200 11 2107 2197 2198
6679 2 2 200 11 381 526 4056
6680 2 2 200 11 2770 2771 2772
6681 2 2 200 11 720 722 3892
6682 2 2 200 11 2603 2506 2604
6683 2 2 200 11 3827 2324 3845
6684 2 2 200 11 3887 3769 3945
6685 2 2 200 11 2353 2352 2447
6686 2 2 200 11 2251 2667 3821
6687 2 2 200 11 4028 2828 4040
6688 2 2 200 11 1928 3835 3844
6689 2 2 200 11 2381 1878 2407
6690 2 2 200 11 2131 3854 3866
6691 2 2 200 11 1738 1614 1926
6692 2 2 200 11 1928 3597 3835
6693 2 2 200 11 1942 1943 1944
6694 2 2 200 11 2610 2611 4262
6695 2 2 200 11 2028 3844 3848
6696 2 2 200 11 718 717 719
6697 2 2 200 11 2375 2374 2376
6698 2 2 200 11 2945 2949 3777
6699 2 2 200 11 2180 1936 2399
6700 2 2 200 11 3795 1511 3818
6701 2 2 200 11 2410 2253 2539
6702 2 2 200 11 2802 2801 2803
6703 2 2 200 11 2945 2948 2949
6704 2 2 200 11 2021 2845 3804
6705 2 2 200 11 1805 1804 1806
6706 2 2 200 11 2167 2168 2169
6707 2 2 200 11 1989 1926 2253
6708 2 2 200 11 714 715 716
6709 2 2 200 11 2363 2362 2364
6710 2 2 200 11 2948 2944 2950
6711 2 2 200 11 1812 1883 2144
6712 2 2 200 11 1966 1965 2046
6713 2 2 200 11 2616 2618 2620
6714 2 2 200 11 2169 2170 2171
6715 2 2 200 11 1338 2940 3776
6716 2 2 200 11 2222 3796 3868
6717 2 2 200 11 3052 3054 3815
6718 2 2 200 11 2558 2556 2560
6719 2 2 200 11 1836 1858 1859
6720 2 2 200 11 716 715 717
6721 2 2 200 11 1266 1265 1302
6722 2 2 200 11 729 1013 3837
6723 2 2 200 11 1756 1747 1757
6724 2 2 200 11 1785 1784 1787
6725 2 2 200 11 1702 1928 3844
6726 2 2 200 11 2437 2136 3725
6727 2 2 200 11 2827 2263 3847
6728 2 2 200 11 562 316 2902
6729 2 2 200 11 1330 1331 1334
6730 2 2 200 11 1539 3855 3885
6731 2 2 200 11 3985 1035 3988
6732 2 2 200 11 3753 1490 3838
6733 2 2 200 11 1490 1487 3838
6734 2 2 200 11 2940 2944 2945
6735 2 2 200 11 1808 1806 1810
6736 2 2 200 11 1767 1764 3853
6737 2 2 200 11 674 2082 2167
6738 2 2 200 11 2957 2580 3868
6739 2 2 200 11 1316 1338 3776
6740 2 2 200 11 2869 2224 2870
6741 2 2 200 11 1220 1217 3843
6742 2 2 200 11 1728 1303 1847
6743 2 2 200 11 3634 1900 3845
6744 2 2 200 11 1900 3827 3845
6745 2 2 200 11 2144 2186 2187
6746 2 2 200 11 3078 3079 3850
6747 2 2 200 11 1269 1268 1521
6748 2 2 200 11 1965 1767 2212
6749 2 2 200 11 1726 1934 1935
6750 2 2 200 11 78 79 3884
6751 2 2 200 11 3854 2322 3866
6752 2 2 200 11 79 600 3884
6753 2 2 200 11 2327 2137 3848
6754 2 2 200 11 1778 1779 1780
6755 2 2 200 11 2212 1767 3853
6756 2 2 200 11 1324 1328 3891
6757 2 2 200 11 315 6 2606
6758 2 2 200 11 2162 1968 2471
6759 2 2 200 11 1222 1244 3869
6760 2 2 200 11 2169 2173 3983
6761 2 2 200 11 3925 2336 3932
6762 2 2 200 11 3580 1846 3959
6763 2 2 200 11 3500 3879 3989
6764 2 2 200 11 1255 3887 3945
6765 2 2 200 11 2702 489 4029
6766 2 2 200 11 1533 3836 3855
6767 2 2 200 11 1774 1775 1776
6768 2 2 200 11 2774 2775 2776
6769 2 2 200 11 3667 3633 3846
6770 2 2 200 11 3027 3025 3893
6771 2 2 200 11 704 705 706
6772 2 2 200 11 3793 2230 3871
6773 2 2 200 11 2365 2136 2437
6774 2 2 200 11 2620 2621 2623
6775 2 2 200 11 3776 2945 3777
6776 2 2 200 11 1311 3064 3910
6777 2 2 200 11 3631 1018 3917
6778 2 2 200 11 1255 2824 4011
6779 2 2 200 11 2201 2239 2985
6780 2 2 200 11 1522 1521 1746
6781 2 2 200 11 3110 2131 3866
6782 2 2 200 11 2955 3891 3906
6783 2 2 200 11 3908 3742 4315
6784 2 2 200 11 2774 2772 2775
6785 2 2 200 11 599 3380 4134
6786 2 2 200 11 1242 1229 3857
6787 2 2 200 11 2153 2154 2155
6788 2 2 200 11 3855 3120 3885
6789 2 2 200 11 2252 4058 4076
6790 2 2 200 11 2269 2270 2271
6791 2 2 200 11 1817 2852 3907
6792 2 2 200 11 1726 1725 1933
6793 2 2 200 11 1754 1752 3878
6794 2 2 200 11 2348 2210 2349
6795 2 2 200 11 637 638 639
6796 2 2 200 11 2602 525 4098
6797 2 2 200 11 1052 3769 3887
6798 2 2 200 11 2949 2948 2951
6799 2 2 200 11 2223 2214 2417
6800 2 2 200 11 1338 2939 2940
6801 2 2 200 11 712 713 714
6802 2 2 200 11 639 640 641
6803 2 2 200 11 714 713 715
6804 2 2 200 11 2142 3103 3915
6805 2 2 200 11 1811 1814 1829
6806 2 2 200 11 3103 1029 3914
6807 2 2 200 11 3796 2957 3868
6808 2 2 200 11 1045 1046 1047
6809 2 2 200 11 365 447 4050
6810 2 2 200 11 1935 1936 1949
6811 2 2 200 11 1633 2142 3915
6812 2 2 200 11 1029 790 3914
6813 2 2 200 11 788 3470 3914
6814 2 2 200 11 1970 1987 3858
6815 2 2 200 11 1017 1004 1023
6816 2 2 200 11 3470 1631 3915
6817 2 2 200 11 2452 4272 4342
6818 2 2 200 11 3677 597 4078
6819 2 2 200 11 1786 2810 4016
6820 2 2 200 11 810 3861 3990
6821 2 2 200 11 1539 1534 3855
6822 2 2 200 11 1975 1977 3828
6823 2 2 200 11 667 666 677
6824 2 2 200 11 2155 2156 2157
6825 2 2 200 11 808 1042 3861
6826 2 2 200 11 822 3788 3934
6827 2 2 200 11 2171 2170 2172
6828 2 2 200 11 3836 3120 3855
6829 2 2 200 11 816 3832 3982
6830 2 2 200 11 1788 1787 1789
6831 2 2 200 11 1763 1336 2876
6832 2 2 200 11 2130 2139 3859
6833 2 2 200 11 3803 2130 3859
6834 2 2 200 11 2324 2922 3862
6835 2 2 200 11 1764 1763 3853
6836 2 2 200 11 2230 2923 3871
6837 2 2 200 11 686 687 688
6838 2 2 200 11 2180 2508 2509
6839 2 2 200 11 2150 1868 3920
6840 2 2 200 11 2562 2560 2565
6841 2 2 200 11 1736 2015 3920
6842 2 2 200 11 1791 1819 2153
6843 2 2 200 11 2322 2028 3866
6844 2 2 200 11 2945 2944 2948
6845 2 2 200 11 3838 3027 3893
6846 2 2 200 11 2823 2380 4269
6847 2 2 200 11 710 711 712
6848 2 2 200 11 2131 3758 3854
6849 2 2 200 11 2436 2435 2538
6850 2 2 200 11 2565 20 4427
6851 2 2 200 11 2321 2502 3918
6852 2 2 200 11 1726 1933 1934
6853 2 2 200 11 2940 2941 2944
6854 2 2 200 11 2941 2943 3819
6855 2 2 200 11 2180 2399 2508
6856 2 2 200 11 2107 678 2197
6857 2 2 200 11 2647 2344 4159
6858 2 2 200 11 2942 2955 3906
6859 2 2 200 11 2467 2174 2470
6860 2 2 200 11 1983 1980 2215
6861 2 2 200 11 410 409 516
6862 2 2 200 11 432 431 517
6863 2 2 200 11 2514 2215 2573
6864 2 2 200 11 607 2574 4183
6865 2 2 200 11 3845 2324 3862
6866 2 2 200 11 3053 3910 3987
6867 2 2 200 11 1052 1046 1725
6868 2 2 200 11 411 9 521
6869 2 2 200 11 13 430 520
6870 2 2 200 11 3025 3026 3912
6871 2 2 200 11 2762 2761 2763
6872 2 2 200 11 2494 3612 3918
6873 2 2 200 11 420 419 476
6874 2 2 200 11 442 441 477
6875 2 2 200 11 713 711 1053
6876 2 2 200 11 1932 2334 2335
6877 2 2 200 11 2546 2544 2547
6878 2 2 200 11 712 711 713
6879 2 2 200 11 3832 1035 3985
6880 2 2 200 11 663 664 673
6881 2 2 200 11 2148 1975 3828
6882 2 2 200 11 2008 2225 2572
6883 2 2 200 11 706 707 708
6884 2 2 200 11 1279 1222 3869
6885 2 2 200 11 3844 2327 3848
6886 2 2 200 11 2198 2249 2481
6887 2 2 200 11 641 642 644
6888 2 2 200 11 505 343 4041
6889 2 2 200 11 2552 2550 2559
6890 2 2 200 11 1556 2336 3925
6891 2 2 200 11 2332 2145 3929
6892 2 2 200 11 1635 1634 3930
6893 2 2 200 11 1790 1789 1793
6894 2 2 200 11 2007 2002 2566
6895 2 2 200 11 1637 1641 3930
6896 2 2 200 11 444 443 497
6897 2 2 200 11 418 417 498
6898 2 2 200 11 3992 1042 3994
6899 2 2 200 11 1935 1934 1936
6900 2 2 200 11 416 10 539
6901 2 2 200 11 12 445 540
6902 2 2 200 11 1949 1936 2180
6903 2 2 200 11 2871 2873 2874
6904 2 2 200 11 1608 3793 3871
6905 2 2 200 11 2170 2168 2373
6906 2 2 200 11 662 648 668
6907 2 2 200 11 2556 2554 2557
6908 2 2 200 11 2727 2728 4073
6909 2 2 200 11 1334 1335 1835
6910 2 2 200 11 3854 1895 3874
6911 2 2 200 11 1045 1032 1046
6912 2 2 200 11 681 680 682
6913 2 2 200 11 704 703 705
6914 2 2 200 11 708 709 710
6915 2 2 200 11 3788 2332 3934
6916 2 2 200 11 1846 1710 3932
6917 2 2 200 11 1308 1311 3910
6918 2 2 200 11 2254 1926 3851
6919 2 2 200 11 1018 824 3934
6920 2 2 200 11 2526 2062 3935
6921 2 2 200 11 3386 1411 3935
6922 2 2 200 11 3846 3498 3919
6923 2 2 200 11 1977 2487 3828
6924 2 2 200 11 648 643 3865
6925 2 2 200 11 2548 2547 2602
6926 2 2 200 11 2244 2846 3896
6927 2 2 200 11 1042 3419 3994
6928 2 2 200 11 3753 3838 3893
6929 2 2 200 11 2169 2168 2170
6930 2 2 200 11 1614 1611 3851
6931 2 2 200 11 344 3689 4041
6932 2 2 200 11 413 412 519
6933 2 2 200 11 429 428 518
6934 2 2 200 11 2167 2082 2168
6935 2 2 200 11 1944 2202 2203
6936 2 2 200 11 2081 2136 2365
6937 2 2 200 11 2146 2332 3958
6938 2 2 200 11 594 195 3889
6939 2 2 200 11 4012 2098 4033
6940 2 2 200 11 2157 2156 2158
6941 2 2 200 11 2228 2038 3977
6942 2 2 200 11 654 653 655
6943 2 2 200 11 3893 3025 3912
6944 2 2 200 11 710 709 711
6945 2 2 200 11 3072 1539 3885
6946 2 2 200 11 2205 2415 2416
6947 2 2 200 11 1052 1725 1726
6948 2 2 200 11 536 398 4032
6949 2 2 200 11 431 13 2421
6950 2 2 200 11 2991 2322 3874
6951 2 2 200 11 665 2764 4061
6952 2 2 200 11 3334 3333 3979
6953 2 2 200 11 631 629 632
6954 2 2 200 11 706 705 707
6955 2 2 200 11 1047 1046 1052
6956 2 2 200 11 2950 2944 3819
6957 2 2 200 11 3163 2163 3996
6958 2 2 200 11 11 420 2438
6959 2 2 200 11 2175 2351 4333
6960 2 2 200 11 2156 2154 2255
6961 2 2 200 11 427 426 541
6962 2 2 200 11 415 414 542
6963 2 2 200 11 1752 1841 3878
6964 2 2 200 11 2352 2160 2428
6965 2 2 200 11 652 651 653
6966 2 2 200 11 1794 1793 1812
6967 2 2 200 11 1778 1776 1779
6968 2 2 200 11 1811 1810 1814
6969 2 2 200 11 2417 2214 4005
6970 2 2 200 11 412 411 626
6971 2 2 200 11 1795 1816 3896
6972 2 2 200 11 1026 818 3982
6973 2 2 200 11 2944 2941 3819
6974 2 2 200 11 3832 3334 3982
6975 2 2 200 11 688 689 690
6976 2 2 200 11 3676 3674 3879
6977 2 2 200 11 419 418 2359
6978 2 2 200 11 2214 1818 3881
6979 2 2 200 11 1760 1759 1771
6980 2 2 200 11 1985 2513 4297
6981 2 2 200 11 3163 3996 3998
6982 2 2 200 11 2168 2082 3863
6983 2 2 200 11 708 707 709
6984 2 2 200 11 421 11 523
6985 2 2 200 11 15 440 522
6986 2 2 200 11 3332 3334 3985
6987 2 2 200 11 2504 2505 3860
6988 2 2 200 11 2226 1949 3839
6989 2 2 200 11 22 23 3903
6990 2 2 200 11 1517 1980 1983
6991 2 2 200 11 2895 2894 2896
6992 2 2 200 11 1054 1050 1255
6993 2 2 200 11 2164 3163 3998
6994 2 2 200 11 1774 1772 1775
6995 2 2 200 11 1758 1757 1759
6996 2 2 200 11 690 692 693
6997 2 2 200 11 2332 3788 3958
6998 2 2 200 11 1983 2514 2515
6999 2 2 200 11 414 413 2472
7000 2 2 200 11 1791 2153 3888
7001 2 2 200 11 2407 1878 3909
7002 2 2 200 11 441 15 2370
7003 2 2 200 11 1265 1239 1267
7004 2 2 200 11 2667 2757 3978
7005 2 2 200 11 2271 2272 2848
7006 2 2 200 11 652 654 671
7007 2 2 200 11 1926 1614 3851
7008 2 2 200 11 2144 1883 2186
7009 2 2 200 11 3120 2138 3885
7010 2 2 200 11 2338 2149 3988
7011 2 2 200 11 428 427 2391
7012 2 2 200 11 2153 1819 2154
7013 2 2 200 11 2190 2189 2191
7014 2 2 200 11 3053 1307 3910
7015 2 2 200 11 2381 2407 2408
7016 2 2 200 11 2267 3872 3894
7017 2 2 200 11 2155 2154 2156
7018 2 2 200 11 2187 2186 2543
7019 2 2 200 11 40 41 3897
7020 2 2 200 11 426 12 2361
7021 2 2 200 11 2164 3998 4000
7022 2 2 200 11 3722 3040 3872
7023 2 2 200 11 995 2779 4489
7024 2 2 200 11 10 415 2366
7025 2 2 200 11 2478 2469 2638
7026 2 2 200 11 1798 1799 1800
7027 2 2 200 11 1983 2215 2514
7028 2 2 200 11 2241 2424 2466
7029 2 2 200 11 1035 812 3990
7030 2 2 200 11 41 42 3898
7031 2 2 200 11 3861 2338 3990
7032 2 2 200 11 4174 2838 4455
7033 2 2 200 11 654 655 665
7034 2 2 200 11 2182 2183 3916
7035 2 2 200 11 2350 2349 2388
7036 2 2 200 11 2267 3812 3872
7037 2 2 200 11 3119 2164 4000
7038 2 2 200 11 3667 3846 3919
7039 2 2 200 11 3952 591 3953
7040 2 2 200 11 3812 3722 3872
7041 2 2 200 11 2144 2187 4010
7042 2 2 200 11 2126 2338 3992
7043 2 2 200 11 657 659 661
7044 2 2 200 11 3885 2138 3900
7045 2 2 200 11 1791 1779 1818
7046 2 2 200 11 2394 2392 2395
7047 2 2 200 11 1004 1001 3867
7048 2 2 200 11 409 408 2463
7049 2 2 200 11 3072 3885 3900
7050 2 2 200 11 423 422 554
7051 2 2 200 11 439 438 553
7052 2 2 200 11 2529 486 4370
7053 2 2 200 11 3119 4000 4002
7054 2 2 200 11 649 662 666
7055 2 2 200 11 505 4041 4276
7056 2 2 200 11 674 673 2081
7057 2 2 200 11 2213 2214 2223
7058 2 2 200 11 633 632 634
7059 2 2 200 11 1819 1818 2213
7060 2 2 200 11 635 643 647
7061 2 2 200 11 3861 1042 3992
7062 2 2 200 11 2613 565 4283
7063 2 2 200 11 2515 2514 2516
7064 2 2 200 11 674 2081 2082
7065 2 2 200 11 2147 3072 3900
7066 2 2 200 11 1772 1771 3738
7067 2 2 200 11 2165 3119 4002
7068 2 2 200 11 1328 1332 3891
7069 2 2 200 11 670 680 681
7070 2 2 200 11 3823 1945 3824
7071 2 2 200 11 1784 1782 1786
7072 2 2 200 11 1806 1804 1807
7073 2 2 200 11 1323 1324 3891
7074 2 2 200 11 2138 2289 3900
7075 2 2 200 11 1949 2180 3839
7076 2 2 200 11 663 673 674
7077 2 2 200 11 1814 1810 1815
7078 2 2 200 11 653 651 2904
7079 2 2 200 11 2849 2267 3894
7080 2 2 200 11 652 653 654
7081 2 2 200 11 1972 2469 2478
7082 2 2 200 11 2543 2186 2561
7083 2 2 200 11 1829 1814 1945
7084 2 2 200 11 1789 1787 1792
7085 2 2 200 11 1831 1829 3822
7086 2 2 200 11 3910 3064 3987
7087 2 2 200 11 668 648 3865
7088 2 2 200 11 3498 3500 3919
7089 2 2 200 11 3599 2139 3911
7090 2 2 200 11 3911 1707 3925
7091 2 2 200 11 1802 1800 1809
7092 2 2 200 11 635 634 637
7093 2 2 200 11 684 630 685
7094 2 2 200 11 2551 2553 4020
7095 2 2 200 11 722 731 3892
7096 2 2 200 11 293 561 4084
7097 2 2 200 11 1780 1779 1791
7098 2 2 200 11 2375 2377 4025
7099 2 2 200 11 2198 2197 2249
7100 2 2 200 11 2165 4002 4004
7101 2 2 200 11 2180 2509 3839
7102 2 2 200 11 1846 3932 3959
7103 2 2 200 11 645 651 652
7104 2 2 200 11 2393 2394 2462
7105 2 2 200 11 2619 527 4071
7106 2 2 200 11 661 2828 4028
7107 2 2 200 11 1812 1793 1878
7108 2 2 200 11 422 421 2367
7109 2 2 200 11 2322 3854 3874
7110 2 2 200 11 2736 488 4333
7111 2 2 200 11 3116 2165 4004
7112 2 2 200 11 2893 3852 4271
7113 2 2 200 11 3334 3832 3985
7114 2 2 200 11 497 443 2356
7115 2 2 200 11 666 662 675
7116 2 2 200 11 2892 2894 2895
7117 2 2 200 11 1758 1760 4044
7118 2 2 200 11 2389 2388 2418
7119 2 2 200 11 194 594 3923
7120 2 2 200 11 686 685 687
7121 2 2 200 11 2826 3753 3893
7122 2 2 200 11 3564 3565 3999
7123 2 2 200 11 3897 41 3898
7124 2 2 200 11 2363 2364 2517
7125 2 2 200 11 2022 3821 3978
7126 2 2 200 11 195 196 3889
7127 2 2 200 11 2373 2168 3863
7128 2 2 200 11 2183 1817 3907
7129 2 2 200 11 1776 1775 3881
7130 2 2 200 11 521 9 2355
7131 2 2 200 11 540 445 2360
7132 2 2 200 11 3674 3673 3989
7133 2 2 200 11 1942 1848 1943
7134 2 2 200 11 408 407 545
7135 2 2 200 11 434 433 546
7136 2 2 200 11 1798 1796 1799
7137 2 2 200 11 3116 4004 4007
7138 2 2 200 11 4136 2894 4271
7139 2 2 200 11 2244 2540 2846
7140 2 2 200 11 701 699 1339
7141 2 2 200 11 2157 2158 3882
7142 2 2 200 11 707 705 1061
7143 2 2 200 11 498 417 2357
7144 2 2 200 11 2166 3116 4007
7145 2 2 200 11 520 430 2354
7146 2 2 200 11 1883 1878 2381
7147 2 2 200 11 1791 1818 1819
7148 2 2 200 11 3924 1509 4037
7149 2 2 200 11 1812 1878 1883
7150 2 2 200 11 1023 1004 3867
7151 2 2 200 11 1059 1057 1509
7152 2 2 200 11 639 641 646
7153 2 2 200 11 3930 2859 4008
7154 2 2 200 11 1518 1520 3905
7155 2 2 200 11 2223 2417 2527
7156 2 2 200 11 1032 1024 3870
7157 2 2 200 11 3917 1018 3929
7158 2 2 200 11 3589 3742 3908
7159 2 2 200 11 647 648 649
7160 2 2 200 11 2826 3893 3912
7161 2 2 200 11 644 645 3852
7162 2 2 200 11 1328 1330 1332
7163 2 2 200 11 1779 1776 3881
7164 2 2 200 11 3088 3086 4018
7165 2 2 200 11 2365 2437 2534
7166 2 2 200 11 2166 4007 4009
7167 2 2 200 11 635 637 643
7168 2 2 200 11 2895 2896 3011
7169 2 2 200 11 3494 3493 4048
7170 2 2 200 11 682 2189 2190
7171 2 2 200 11 3815 3054 3943
7172 2 2 200 11 2139 3813 3911
7173 2 2 200 11 2847 2166 4009
7174 2 2 200 11 2955 1323 3891
7175 2 2 200 11 3813 1707 3911
7176 2 2 200 11 649 648 662
7177 2 2 200 11 1307 1308 3910
7178 2 2 200 11 2160 2157 3882
7179 2 2 200 11 633 634 635
7180 2 2 200 11 2333 3925 3932
7181 2 2 200 11 1859 1860 1950
7182 2 2 200 11 2554 2552 3876
7183 2 2 200 11 628 629 630
7184 2 2 200 11 790 788 3914
7185 2 2 200 11 1631 1633 3915
7186 2 2 200 11 1800 1799 3856
7187 2 2 200 11 695 693 1838
7188 2 2 200 11 631 632 633
7189 2 2 200 11 406 8 557
7190 2 2 200 11 14 435 558
7191 2 2 200 11 3900 2289 3917
7192 2 2 200 11 3612 2321 3918
7193 2 2 200 11 2433 2432 2434
7194 2 2 200 11 3003 3815 3943
7195 2 2 200 11 1521 1268 1865
7196 2 2 200 11 2289 3631 3917
7197 2 2 200 11 532 2927 3938
7198 2 2 200 11 2338 3861 3992
7199 2 2 200 11 2147 3900 3917
7200 2 2 200 11 2172 2170 3875
7201 2 2 200 11 424 423 2402
7202 2 2 200 11 2560 2556 3877
7203 2 2 200 11 2874 2873 3922
7204 2 2 200 11 2373 3863 3864
7205 2 2 200 11 1046 1032 3870
7206 2 2 200 11 3786 2317 3993
7207 2 2 200 11 631 633 636
7208 2 2 200 11 3745 2652 4045
7209 2 2 200 11 619 4225 4302
7210 2 2 200 11 4131 470 4459
7211 2 2 200 11 1868 1736 3920
7212 2 2 200 11 1705 3667 3919
7213 2 2 200 11 2190 2380 2441
7214 2 2 200 11 2170 2373 3875
7215 2 2 200 11 2334 2439 3004
7216 2 2 200 11 437 436 560
7217 2 2 200 11 425 424 559
7218 2 2 200 11 1047 1052 3887
7219 2 2 200 11 1725 1046 3870
7220 2 2 200 11 1932 1835 2152
7221 2 2 200 11 3790 2826 3912
7222 2 2 200 11 2556 2557 3877
7223 2 2 200 11 1050 1047 3887
7224 2 2 200 11 688 687 689
7225 2 2 200 11 3943 3056 3944
7226 2 2 200 11 647 643 648
7227 2 2 200 11 1775 1772 3738
7228 2 2 200 11 1932 2152 2334
7229 2 2 200 11 1836 1859 3948
7230 2 2 200 11 630 629 631
7231 2 2 200 11 2552 2559 3876
7232 2 2 200 11 2557 2554 3876
7233 2 2 200 11 2334 2152 2439
7234 2 2 200 11 522 440 2369
7235 2 2 200 11 674 2167 3899
7236 2 2 200 11 673 664 3883
7237 2 2 200 11 3821 2667 3978
7238 2 2 200 11 1809 1800 3856
7239 2 2 200 11 1707 1556 3925
7240 2 2 200 11 1334 1835 1932
7241 2 2 200 11 436 14 2400
7242 2 2 200 11 3042 1298 3890
7243 2 2 200 11 494 193 3923
7244 2 2 200 11 690 689 692
7245 2 2 200 11 2859 2150 4008
7246 2 2 200 11 2205 2203 2415
7247 2 2 200 11 2600 2594 4099
7248 2 2 200 11 407 406 2378
7249 2 2 200 11 2176 2353 4036
7250 2 2 200 11 590 3950 3951
7251 2 2 200 11 664 670 3883
7252 2 2 200 11 2996 619 4302
7253 2 2 200 11 2889 2888 4213
7254 2 2 200 11 193 194 3923
7255 2 2 200 11 8 425 2429
7256 2 2 200 11 689 687 691
7257 2 2 200 11 2145 2147 3929
7258 2 2 200 11 3045 3046 4022
7259 2 2 200 11 2099 2098 4012
7260 2 2 200 11 2451 2569 4018
7261 2 2 200 11 645 652 3852
7262 2 2 200 11 1818 1779 3881
7263 2 2 200 11 553 2397 2452
7264 2 2 200 11 3064 2954 3987
7265 2 2 200 11 1759 1757 1963
7266 2 2 200 11 1634 1637 3930
7267 2 2 200 11 3863 2082 3873
7268 2 2 200 11 1829 1945 3822
7269 2 2 200 11 2082 2081 3873
7270 2 2 200 11 2545 2546 3926
7271 2 2 200 11 120 492 3936
7272 2 2 200 11 492 121 3937
7273 2 2 200 11 2081 2365 3873
7274 2 2 200 11 2428 2160 3882
7275 2 2 200 11 587 2 3936
7276 2 2 200 11 122 588 3937
7277 2 2 200 11 2946 3906 4055
7278 2 2 200 11 591 49 3957
7279 2 2 200 11 1782 1780 3888
7280 2 2 200 11 449 126 3940
7281 2 2 200 11 116 450 3939
7282 2 2 200 11 119 587 3947
7283 2 2 200 11 1710 2333 3932
7284 2 2 200 11 4035 2474 4166
7285 2 2 200 11 3603 3807 3999
7286 2 2 200 11 3865 643 3880
7287 2 2 200 11 450 117 3946
7288 2 2 200 11 49 50 3957
7289 2 2 200 11 1794 1812 3902
7290 2 2 200 11 2921 2597 4449
7291 2 2 200 11 2179 2468 4040
7292 2 2 200 11 824 822 3934
7293 2 2 200 11 127 590 3940
7294 2 2 200 11 589 115 3939
7295 2 2 200 11 2062 3386 3935
7296 2 2 200 11 1298 1517 3890
7297 2 2 200 11 546 433 2372
7298 2 2 200 11 2358 2357 2409
7299 2 2 200 11 2 120 3936
7300 2 2 200 11 121 122 3937
7301 2 2 200 11 2153 2155 3913
7302 2 2 200 11 590 128 3950
7303 2 2 200 11 637 639 3880
7304 2 2 200 11 1255 1050 3887
7305 2 2 200 11 2961 2890 3904
7306 2 2 200 11 118 119 3947
7307 2 2 200 11 126 127 3940
7308 2 2 200 11 115 116 3939
7309 2 2 200 11 1985 1984 4384
7310 2 2 200 11 117 118 3946
7311 2 2 200 11 493 47 3952
7312 2 2 200 11 192 494 3954
7313 2 2 200 11 188 189 3968
7314 2 2 200 11 462 188 3968
7315 2 2 200 11 2431 2360 2432
7316 2 2 200 11 48 591 3952
7317 2 2 200 11 592 191 3954
7318 2 2 200 11 128 129 3950
7319 2 2 200 11 2236 3452 3955
7320 2 2 200 11 2462 2394 2486
7321 2 2 200 11 2255 2154 3895
7322 2 2 200 11 47 48 3952
7323 2 2 200 11 191 192 3954
7324 2 2 200 11 2909 2908 4100
7325 2 2 200 11 129 130 3956
7326 2 2 200 11 130 464 3956
7327 2 2 200 11 108 109 3962
7328 2 2 200 11 107 108 3963
7329 2 2 200 11 109 616 3962
7330 2 2 200 11 98 99 3964
7331 2 2 200 11 153 154 3969
7332 2 2 200 11 140 141 3961
7333 2 2 200 11 131 132 3960
7334 2 2 200 11 176 177 3965
7335 2 2 200 11 90 91 3966
7336 2 2 200 11 100 101 3967
7337 2 2 200 11 52 53 3970
7338 2 2 200 11 138 139 3971
7339 2 2 200 11 65 66 3974
7340 2 2 200 11 171 172 3972
7341 2 2 200 11 178 179 3973
7342 2 2 200 11 161 162 3975
7343 2 2 200 11 105 106 3976
7344 2 2 200 11 475 107 3963
7345 2 2 200 11 99 596 3964
7346 2 2 200 11 472 153 3969
7347 2 2 200 11 613 140 3961
7348 2 2 200 11 132 595 3960
7349 2 2 200 11 602 90 3966
7350 2 2 200 11 610 176 3965
7351 2 2 200 11 596 100 3967
7352 2 2 200 11 605 171 3972
7353 2 2 200 11 139 613 3971
7354 2 2 200 11 53 604 3970
7355 2 2 200 11 607 65 3974
7356 2 2 200 11 617 161 3975
7357 2 2 200 11 615 105 3976
7358 2 2 200 11 179 612 3973
7359 2 2 200 11 464 131 3960
7360 2 2 200 11 91 454 3966
7361 2 2 200 11 177 460 3965
7362 2 2 200 11 101 452 3967
7363 2 2 200 11 463 52 3970
7364 2 2 200 11 453 138 3971
7365 2 2 200 11 460 178 3973
7366 2 2 200 11 66 468 3974
7367 2 2 200 11 172 467 3972
7368 2 2 200 11 162 470 3975
7369 2 2 200 11 106 475 3976
7370 2 2 200 11 3509 2146 3958
7371 2 2 200 11 2038 2490 3977
7372 2 2 200 11 1796 1794 3902
7373 2 2 200 11 2358 2409 2533
7374 2 2 200 11 2343 3870 3986
7375 2 2 200 11 3822 1945 3823
7376 2 2 200 11 634 632 4035
7377 2 2 200 11 2336 2337 3959
7378 2 2 200 11 2890 2892 3904
7379 2 2 200 11 1944 1943 2202
7380 2 2 200 11 501 2539 4239
7381 2 2 200 11 3509 3958 3979
7382 2 2 200 11 659 663 3899
7383 2 2 200 11 1017 1023 3986
7384 2 2 200 11 1705 3919 3989
7385 2 2 200 11 2564 2555 4060
7386 2 2 200 11 3054 3056 3943
7387 2 2 200 11 2484 2372 2520
7388 2 2 200 11 652 671 3852
7389 2 2 200 11 508 2723 4072
7390 2 2 200 11 1509 4025 4037
7391 2 2 200 11 1974 1876 1996
7392 2 2 200 11 1780 1791 3888
7393 2 2 200 11 3333 3509 3979
7394 2 2 200 11 2558 2563 4060
7395 2 2 200 11 1520 1972 3905
7396 2 2 200 11 546 2484 2485
7397 2 2 200 11 1819 2213 3895
7398 2 2 200 11 2539 501 4437
7399 2 2 200 11 4209 3822 4253
7400 2 2 200 11 3919 3500 3989
7401 2 2 200 11 2249 2197 4071
7402 2 2 200 11 540 2360 2431
7403 2 2 200 11 1786 1782 3888
7404 2 2 200 11 553 438 2371
7405 2 2 200 11 2190 2191 2380
7406 2 2 200 11 2154 1819 3895
7407 2 2 200 11 670 681 3883
7408 2 2 200 11 643 637 3880
7409 2 2 200 11 2431 2432 2433
7410 2 2 200 11 818 816 3982
7411 2 2 200 11 498 2357 2358
7412 2 2 200 11 1835 1836 3948
7413 2 2 200 11 1983 2515 3890
7414 2 2 200 11 522 2369 2537
7415 2 2 200 11 661 659 3899
7416 2 2 200 11 598 84 3991
7417 2 2 200 11 1932 2335 3949
7418 2 2 200 11 1517 1983 3890
7419 2 2 200 11 3279 3332 3985
7420 2 2 200 11 2586 2584 4346
7421 2 2 200 11 3279 3985 3988
7422 2 2 200 11 2430 2224 2869
7423 2 2 200 11 3932 2336 3959
7424 2 2 200 11 147 455 3995
7425 2 2 200 11 88 89 3997
7426 2 2 200 11 2870 2224 3980
7427 2 2 200 11 1848 1847 3980
7428 2 2 200 11 558 435 2379
7429 2 2 200 11 688 2819 4065
7430 2 2 200 11 2186 1883 3901
7431 2 2 200 11 2149 3279 3988
7432 2 2 200 11 2147 3917 3929
7433 2 2 200 11 2389 2419 3984
7434 2 2 200 11 663 674 3899
7435 2 2 200 11 2195 2269 2507
7436 2 2 200 11 2202 1943 2224
7437 2 2 200 11 3701 1887 4033
7438 2 2 200 11 1883 2381 3901
7439 2 2 200 11 3769 2143 3945
7440 2 2 200 11 2441 2380 2823
7441 2 2 200 11 1859 1950 2330
7442 2 2 200 11 1799 1796 3902
7443 2 2 200 11 1793 1789 3909
7444 2 2 200 11 639 646 3880
7445 2 2 200 11 2908 2911 4100
7446 2 2 200 11 2512 2205 4234
7447 2 2 200 11 812 810 3990
7448 2 2 200 11 1756 1758 4047
7449 2 2 200 11 3725 681 4017
7450 2 2 200 11 2203 2202 3981
7451 2 2 200 11 2561 2186 3901
7452 2 2 200 11 3673 1705 3989
7453 2 2 200 11 1998 2916 4100
7454 2 2 200 11 3870 1024 3986
7455 2 2 200 11 1024 1017 3986
7456 2 2 200 11 1859 2330 3948
7457 2 2 200 11 84 85 3991
7458 2 2 200 11 2901 582 4074
7459 2 2 200 11 2330 1950 2331
7460 2 2 200 11 1789 1792 3909
7461 2 2 200 11 3213 2126 3992
7462 2 2 200 11 2167 2169 3983
7463 2 2 200 11 1878 1793 3909
7464 2 2 200 11 2202 2224 2430
7465 2 2 200 11 2892 2895 3904
7466 2 2 200 11 568 2877 4442
7467 2 2 200 11 1972 2478 3905
7468 2 2 200 11 3393 4110 4236
7469 2 2 200 11 1943 1848 3980
7470 2 2 200 11 3213 3992 3994
7471 2 2 200 11 1268 1059 3924
7472 2 2 200 11 3055 3053 3987
7473 2 2 200 11 1898 3786 3993
7474 2 2 200 11 3046 3047 4130
7475 2 2 200 11 2750 483 4086
7476 2 2 200 11 2386 4052 4404
7477 2 2 200 11 2163 3213 3994
7478 2 2 200 11 2349 2210 2541
7479 2 2 200 11 2387 3063 4045
7480 2 2 200 11 3462 3461 4046
7481 2 2 200 11 621 3045 4022
7482 2 2 200 11 3953 2954 4229
7483 2 2 200 11 146 147 3995
7484 2 2 200 11 2656 388 4207
7485 2 2 200 11 2984 721 4034
7486 2 2 200 11 354 2741 4093
7487 2 2 200 11 482 353 4093
7488 2 2 200 11 997 2813 4057
7489 2 2 200 11 3480 2495 4224
7490 2 2 200 11 1746 1521 3921
7491 2 2 200 11 3419 1105 3996
7492 2 2 200 11 89 602 3997
7493 2 2 200 11 299 524 4080
7494 2 2 200 11 2897 2622 4422
7495 2 2 200 11 3948 2330 4013
7496 2 2 200 11 2763 301 4320
7497 2 2 200 11 93 603 4015
7498 2 2 200 11 454 92 4015
7499 2 2 200 11 3996 1105 3998
7500 2 2 200 11 2456 2628 4349
7501 2 2 200 11 546 2372 2484
7502 2 2 200 11 3954 4156 4416
7503 2 2 200 11 2669 4012 4033
7504 2 2 200 11 3675 3677 4175
7505 2 2 200 11 635 647 3927
7506 2 2 200 11 1105 3428 3998
7507 2 2 200 11 1054 1255 4011
7508 2 2 200 11 1399 3745 4045
7509 2 2 200 11 3998 3428 4000
7510 2 2 200 11 721 719 4034
7511 2 2 200 11 2543 536 4331
7512 2 2 200 11 1807 1804 4003
7513 2 2 200 11 2152 3948 4013
7514 2 2 200 11 3902 2144 4010
7515 2 2 200 11 3428 1039 4000
7516 2 2 200 11 2397 2371 2398
7517 2 2 200 11 3742 3741 4046
7518 2 2 200 11 1330 1334 3949
7519 2 2 200 11 4000 1039 4002
7520 2 2 200 11 1059 1509 3924
7521 2 2 200 11 998 997 4057
7522 2 2 200 11 1802 1809 4003
7523 2 2 200 11 1039 3432 4002
7524 2 2 200 11 2540 2493 4393
7525 2 2 200 11 1313 2775 4339
7526 2 2 200 11 4002 3432 4004
7527 2 2 200 11 633 635 3927
7528 2 2 200 11 2519 2409 4323
7529 2 2 200 11 3946 118 3947
7530 2 2 200 11 155 601 4026
7531 2 2 200 11 3432 1123 4004
7532 2 2 200 11 3501 3497 4048
7533 2 2 200 11 3807 3564 3999
7534 2 2 200 11 1332 1330 3949
7535 2 2 200 11 1521 1865 3921
7536 2 2 200 11 2415 2203 3981
7537 2 2 200 11 4004 1123 4007
7538 2 2 200 11 631 636 3928
7539 2 2 200 11 995 996 4063
7540 2 2 200 11 3950 129 3956
7541 2 2 200 11 1865 1268 3924
7542 2 2 200 11 553 2371 2397
7543 2 2 200 11 318 319 4006
7544 2 2 200 11 2503 544 4467
7545 2 2 200 11 665 655 4028
7546 2 2 200 11 1123 3450 4007
7547 2 2 200 11 108 3962 3963
7548 2 2 200 11 681 682 4017
7549 2 2 200 11 2850 1635 4008
7550 2 2 200 11 1509 1057 4011
7551 2 2 200 11 2334 3004 4014
7552 2 2 200 11 4007 3450 4009
7553 2 2 200 11 1771 1759 3941
7554 2 2 200 11 636 633 3927
7555 2 2 200 11 3450 1029 4009
7556 2 2 200 11 2152 1835 3948
7557 2 2 200 11 469 77 4031
7558 2 2 200 11 2629 2631 4019
7559 2 2 200 11 630 631 3928
7560 2 2 200 11 2787 2329 4054
7561 2 2 200 11 1792 1787 4016
7562 2 2 200 11 685 630 3928
7563 2 2 200 11 2224 1943 3980
7564 2 2 200 11 239 240 4121
7565 2 2 200 11 2651 481 4052
7566 2 2 200 11 3004 533 4014
7567 2 2 200 11 581 298 4080
7568 2 2 200 11 4084 2480 4358
7569 2 2 200 11 2328 2567 4054
7570 2 2 200 11 2809 1048 4300
7571 2 2 200 11 301 2763 4355
7572 2 2 200 11 2181 3802 4049
7573 2 2 200 11 489 2751 4029
7574 2 2 200 11 3842 2644 4363
7575 2 2 200 11 581 4080 4398
7576 2 2 200 11 1057 1054 4011
7577 2 2 200 11 1804 1802 4003
7578 2 2 200 11 2533 1744 4470
7579 2 2 200 11 3881 1775 4005
7580 2 2 200 11 1334 1932 3949
7581 2 2 200 11 3568 2404 4062
7582 2 2 200 11 1784 1786 4016
7583 2 2 200 11 197 198 4042
7584 2 2 200 11 24 552 4085
7585 2 2 200 11 2020 2525 4066
7586 2 2 200 11 4017 2441 4051
7587 2 2 200 11 657 661 4028
7588 2 2 200 11 2434 2432 4001
7589 2 2 200 11 2480 2099 4012
7590 2 2 200 11 1759 1963 3941
7591 2 2 200 11 183 184 4038
7592 2 2 200 11 1939 2835 4116
7593 2 2 200 11 4061 2765 4136
7594 2 2 200 11 2190 2441 4017
7595 2 2 200 11 92 93 4015
7596 2 2 200 11 3042 3890 4030
7597 2 2 200 11 2920 2918 4174
7598 2 2 200 11 2512 2402 4356
7599 2 2 200 11 3890 2515 4030
7600 2 2 200 11 2202 2430 3981
7601 2 2 200 11 2344 2647 4179
7602 2 2 200 11 1240 1266 4021
7603 2 2 200 11 593 2950 4314
7604 2 2 200 11 2214 3881 4005
7605 2 2 200 11 1515 1248 4073
7606 2 2 200 11 3692 2274 4072
7607 2 2 200 11 2833 4030 4058
7608 2 2 200 11 4194 2530 4370
7609 2 2 200 11 2335 2334 4014
7610 2 2 200 11 3856 1799 4010
7611 2 2 200 11 1237 2900 4079
7612 2 2 200 11 1799 3902 4010
7613 2 2 200 11 2436 2520 4327
7614 2 2 200 11 3514 2070 4077
7615 2 2 200 11 2568 2551 4020
7616 2 2 200 11 1775 3738 4005
7617 2 2 200 11 691 4109 4148
7618 2 2 200 11 2231 2571 4353
7619 2 2 200 11 3086 2451 4018
7620 2 2 200 11 2924 2408 4257
7621 2 2 200 11 1787 1784 4016
7622 2 2 200 11 2734 2733 4282
7623 2 2 200 11 527 229 4024
7624 2 2 200 11 2824 2375 4025
7625 2 2 200 11 2765 4059 4417
7626 2 2 200 11 2627 2629 4019
7627 2 2 200 11 2762 2763 4059
7628 2 2 200 11 1806 1807 4043
7629 2 2 200 11 1815 1810 4043
7630 2 2 200 11 569 358 4138
7631 2 2 200 11 359 480 4138
7632 2 2 200 11 4149 675 4164
7633 2 2 200 11 151 3256 4277
7634 2 2 200 11 2881 584 4117
7635 2 2 200 11 2597 2921 4368
7636 2 2 200 11 154 155 4026
7637 2 2 200 11 244 446 4163
7638 2 2 200 11 2012 2007 4070
7639 2 2 200 11 2725 2727 4245
7640 2 2 200 11 3969 154 4026
7641 2 2 200 11 2880 514 4286
7642 2 2 200 11 3263 3262 4088
7643 2 2 200 11 3270 3267 4088
7644 2 2 200 11 3453 3451 4446
7645 2 2 200 11 3211 3210 4090
7646 2 2 200 11 3220 3338 4090
7647 2 2 200 11 3373 3453 4446
7648 2 2 200 11 86 471 4053
7649 2 2 200 11 2447 2925 4257
7650 2 2 200 11 2532 2012 4070
7651 2 2 200 11 3725 4017 4051
7652 2 2 200 11 1861 2296 4092
7653 2 2 200 11 2483 1947 4092
7654 2 2 200 11 78 3884 4031
7655 2 2 200 11 3212 1881 4095
7656 2 2 200 11 3378 3380 4095
7657 2 2 200 11 2439 2152 4013
7658 2 2 200 11 2569 4091 4441
7659 2 2 200 11 2633 605 4251
7660 2 2 200 11 4175 3677 4200
7661 2 2 200 11 1304 3042 4030
7662 2 2 200 11 2390 3588 4096
7663 2 2 200 11 2475 2477 4132
7664 2 2 200 11 2474 627 4486
7665 2 2 200 11 3867 1001 4057
7666 2 2 200 11 2516 2518 4076
7667 2 2 200 11 77 78 4031
7668 2 2 200 11 2527 2417 4357
7669 2 2 200 11 682 2190 4017
7670 2 2 200 11 655 657 4028
7671 2 2 200 11 502 2578 4385
7672 2 2 200 11 608 145 4068
7673 2 2 200 11 654 665 4061
7674 2 2 200 11 1746 2646 4161
7675 2 2 200 11 2171 2172 4083
7676 2 2 200 11 3967 452 4066
7677 2 2 200 11 2814 1820 4039
7678 2 2 200 11 2207 2474 4486
7679 2 2 200 11 457 3270 4165
7680 2 2 200 11 1653 1879 4105
7681 2 2 200 11 619 210 4151
7682 2 2 200 11 211 585 4151
7683 2 2 200 11 2098 3701 4033
7684 2 2 200 11 2221 2937 4148
7685 2 2 200 11 398 399 4032
7686 2 2 200 11 2879 2647 4159
7687 2 2 200 11 2897 2882 4117
7688 2 2 200 11 4025 2377 4037
7689 2 2 200 11 2810 2176 4036
7690 2 2 200 11 1544 1955 4107
7691 2 2 200 11 1540 1541 4107
7692 2 2 200 11 3970 4231 4473
7693 2 2 200 11 675 662 4067
7694 2 2 200 11 597 186 4078
7695 2 2 200 11 187 462 4078
7696 2 2 200 11 496 197 4042
7697 2 2 200 11 1317 1314 4135
7698 2 2 200 11 2228 3977 4147
7699 2 2 200 11 1874 1722 4112
7700 2 2 200 11 395 396 4128
7701 2 2 200 11 1720 1874 4113
7702 2 2 200 11 3392 1718 4113
7703 2 2 200 11 2743 2744 4094
7704 2 2 200 11 2433 2434 4364
7705 2 2 200 11 599 70 4081
7706 2 2 200 11 71 458 4081
7707 2 2 200 11 638 634 4035
7708 2 2 200 11 1673 1659 4116
7709 2 2 200 11 1661 1939 4116
7710 2 2 200 11 1305 2929 4157
7711 2 2 200 11 2470 2174 4083
7712 2 2 200 11 4041 2383 4276
7713 2 2 200 11 3903 23 4085
7714 2 2 200 11 538 3904 4082
7715 2 2 200 11 2424 2425 4115
7716 2 2 200 11 569 4138 4411
7717 2 2 200 11 2828 2179 4040
7718 2 2 200 11 3393 3697 4110
7719 2 2 200 11 1760 1773 4044
7720 2 2 200 11 3824 1945 4087
7721 2 2 200 11 2952 493 4229
7722 2 2 200 11 2858 686 4065
7723 2 2 200 11 615 3976 4378
7724 2 2 200 11 719 1049 4034
7725 2 2 200 11 1239 1237 4079
7726 2 2 200 11 2548 2602 4098
7727 2 2 200 11 3235 3234 4123
7728 2 2 200 11 3294 3291 4123
7729 2 2 200 11 2896 2894 4417
7730 2 2 200 11 2835 1939 4218
7731 2 2 200 11 465 183 4038
7732 2 2 200 11 2615 2619 4119
7733 2 2 200 11 2521 2390 4325
7734 2 2 200 11 2910 709 4137
7735 2 2 200 11 343 344 4041
7736 2 2 200 11 1730 1741 4127
7737 2 2 200 11 2946 4055 4129
7738 2 2 200 11 4056 526 4126
7739 2 2 200 11 3589 3908 4096
7740 2 2 200 11 2209 2348 4190
7741 2 2 200 11 3908 610 4096
7742 2 2 200 11 451 112 4091
7743 2 2 200 11 2435 4361 4491
7744 2 2 200 11 2208 2440 4131
7745 2 2 200 11 3937 4255 4483
7746 2 2 200 11 561 2624 4198
7747 2 2 200 11 2985 2239 4097
7748 2 2 200 11 552 3009 4253
7749 2 2 200 11 3063 1399 4045
7750 2 2 200 11 2065 2475 4132
7751 2 2 200 11 1630 3420 4132
7752 2 2 200 11 1952 1756 4047
7753 2 2 200 11 3212 4095 4418
7754 2 2 200 11 2854 509 4178
7755 2 2 200 11 2534 216 4410
7756 2 2 200 11 2559 2550 4098
7757 2 2 200 11 2161 2524 4206
7758 2 2 200 11 3991 85 4053
7759 2 2 200 11 1875 1899 4238
7760 2 2 200 11 2988 2987 4147
7761 2 2 200 11 2344 2343 4141
7762 2 2 200 11 1814 1815 4087
7763 2 2 200 11 1810 1806 4043
7764 2 2 200 11 686 688 4065
7765 2 2 200 11 3270 457 4226
7766 2 2 200 11 2947 2946 4129
7767 2 2 200 11 3741 3462 4046
7768 2 2 200 11 3955 459 4186
7769 2 2 200 11 3330 3361 4142
7770 2 2 200 11 570 2753 4404
7771 2 2 200 11 3002 3003 4155
7772 2 2 200 11 592 2567 4397
7773 2 2 200 11 2241 2466 4097
7774 2 2 200 11 4036 2353 4102
7775 2 2 200 11 3322 3243 4142
7776 2 2 200 11 644 3852 4407
7777 2 2 200 11 181 182 4106
7778 2 2 200 11 1606 3043 4169
7779 2 2 200 11 2232 3479 4145
7780 2 2 200 11 2752 2004 4159
7781 2 2 200 11 3417 2216 4145
7782 2 2 200 11 525 2602 4450
7783 2 2 200 11 3497 3494 4048
7784 2 2 200 11 3738 4111 4205
7785 2 2 200 11 678 677 4118
7786 2 2 200 11 3485 103 4279
7787 2 2 200 11 2465 3579 4146
7788 2 2 200 11 3977 453 4147
7789 2 2 200 11 2380 2191 4075
7790 2 2 200 11 146 3995 4068
7791 2 2 200 11 2385 2087 4154
7792 2 2 200 11 549 37 4167
7793 2 2 200 11 2636 530 4306
7794 2 2 200 11 3256 151 4444
7795 2 2 200 11 2977 2974 4189
7796 2 2 200 11 205 579 4182
7797 2 2 200 11 159 160 4120
7798 2 2 200 11 2618 2617 4164
7799 2 2 200 11 589 2569 4441
7800 2 2 200 11 2791 2788 4156
7801 2 2 200 11 451 3519 4152
7802 2 2 200 11 2642 3842 4291
7803 2 2 200 11 3904 2895 4082
7804 2 2 200 11 2580 502 4254
7805 2 2 200 11 2687 2835 4218
7806 2 2 200 11 2696 2694 4108
7807 2 2 200 11 367 2641 4235
7808 2 2 200 11 3970 604 4231
7809 2 2 200 11 3702 2175 4154
7810 2 2 200 11 1319 1317 4171
7811 2 2 200 11 2705 2706 4114
7812 2 2 200 11 3802 2523 4049
7813 2 2 200 11 4080 2470 4398
7814 2 2 200 11 2254 3851 4101
7815 2 2 200 11 364 365 4050
7816 2 2 200 11 3380 3379 4134
7817 2 2 200 11 2341 2339 4162
7818 2 2 200 11 4202 3476 4287
7819 2 2 200 11 447 366 4235
7820 2 2 200 11 213 2823 4269
7821 2 2 200 11 1515 4073 4289
7822 2 2 200 11 2664 2662 4101
7823 2 2 200 11 3738 1771 4111
7824 2 2 200 11 85 86 4053
7825 2 2 200 11 2329 2328 4054
7826 2 2 200 11 481 2731 4052
7827 2 2 200 11 2592 4307 4467
7828 2 2 200 11 69 599 4134
7829 2 2 200 11 2195 2507 4075
7830 2 2 200 11 3876 2559 4074
7831 2 2 200 11 1001 998 4057
7832 2 2 200 11 2555 2558 4060
7833 2 2 200 11 1023 2752 4141
7834 2 2 200 11 2688 2690 4104
7835 2 2 200 11 4039 1820 4125
7836 2 2 200 11 2765 2762 4059
7837 2 2 200 11 2213 2223 4126
7838 2 2 200 11 2574 3012 4183
7839 2 2 200 11 2185 2184 4176
7840 2 2 200 11 2715 1872 4463
7841 2 2 200 11 2404 2405 4335
7842 2 2 200 11 691 687 4109
7843 2 2 200 11 1747 1746 4161
7844 2 2 200 11 1971 3675 4175
7845 2 2 200 11 2005 4238 4465
7846 2 2 200 11 3569 3568 4062
7847 2 2 200 11 3314 3311 4177
7848 2 2 200 11 3308 3307 4177
7849 2 2 200 11 2000 1832 4175
7850 2 2 200 11 709 707 4137
7851 2 2 200 11 2707 2708 4236
7852 2 2 200 11 2246 2854 4178
7853 2 2 200 11 2374 2226 4153
7854 2 2 200 11 996 999 4063
7855 2 2 200 11 3949 2335 4055
7856 2 2 200 11 616 110 4152
7857 2 2 200 11 111 451 4152
7858 2 2 200 11 2635 169 4476
7859 2 2 200 11 545 2571 4415
7860 2 2 200 11 3906 1332 4055
7861 2 2 200 11 677 666 4149
7862 2 2 200 11 159 4120 4316
7863 2 2 200 11 2247 3418 4183
7864 2 2 200 11 2422 3566 4180
7865 2 2 200 11 3928 3841 4109
7866 2 2 200 11 2384 2020 4066
7867 2 2 200 11 2997 621 4328
7868 2 2 200 11 2515 2516 4058
7869 2 2 200 11 3203 458 4392
7870 2 2 200 11 2437 3725 4051
7871 2 2 200 11 3897 2947 4324
7872 2 2 200 11 2339 2234 4186
7873 2 2 200 11 2929 1884 4069
7874 2 2 200 11 671 654 4061
7875 2 2 200 11 3782 1302 4290
7876 2 2 200 11 145 146 4068
7877 2 2 200 11 4030 2515 4058
7878 2 2 200 11 4110 2707 4236
7879 2 2 200 11 2487 2488 4163
7880 2 2 200 11 1781 1783 4248
7881 2 2 200 11 3562 3647 4185
7882 2 2 200 11 76 469 4160
7883 2 2 200 11 1332 3949 4055
7884 2 2 200 11 2592 564 4307
7885 2 2 200 11 2025 1849 4171
7886 2 2 200 11 311 312 4193
7887 2 2 200 11 2771 2025 4171
7888 2 2 200 11 2223 2527 4056
7889 2 2 200 11 2831 2830 4408
7890 2 2 200 11 662 668 4067
7891 2 2 200 11 601 156 4165
7892 2 2 200 11 157 457 4165
7893 2 2 200 11 2670 2669 4249
7894 2 2 200 11 502 321 4254
7895 2 2 200 11 322 568 4254
7896 2 2 200 11 582 2977 4074
7897 2 2 200 11 2885 2884 4244
7898 2 2 200 11 1933 2344 4179
7899 2 2 200 11 1955 3476 4202
7900 2 2 200 11 3707 3692 4072
7901 2 2 200 11 4102 2353 4170
7902 2 2 200 11 2927 2461 4197
7903 2 2 200 11 1248 1711 4073
7904 2 2 200 11 2349 2541 4103
7905 2 2 200 11 2423 3962 4211
7906 2 2 200 11 611 3480 4224
7907 2 2 200 11 4193 2621 4426
7908 2 2 200 11 685 3928 4109
7909 2 2 200 11 2382 1738 4203
7910 2 2 200 11 1302 3886 4290
7911 2 2 200 11 103 3485 4453
7912 2 2 200 11 605 2633 4476
7913 2 2 200 11 3493 2522 4133
7914 2 2 200 11 2007 2566 4070
7915 2 2 200 11 2865 703 4212
7916 2 2 200 11 2399 1936 4191
7917 2 2 200 11 2486 2394 4124
7918 2 2 200 11 1872 3514 4077
7919 2 2 200 11 4109 3841 4148
7920 2 2 200 11 679 2231 4353
7921 2 2 200 11 3055 3953 4309
7922 2 2 200 11 186 187 4078
7923 2 2 200 11 2465 3960 4337
7924 2 2 200 11 2877 2676 4220
7925 2 2 200 11 454 3305 4406
7926 2 2 200 11 1860 1858 4272
7927 2 2 200 11 1820 2755 4125
7928 2 2 200 11 70 71 4081
7929 2 2 200 11 1056 3679 4300
7930 2 2 200 11 1056 2821 4493
7931 2 2 200 11 1051 1056 4300
7932 2 2 200 11 2911 1998 4100
7933 2 2 200 11 2589 3921 4481
7934 2 2 200 11 2191 2195 4075
7935 2 2 200 11 298 299 4080
7936 2 2 200 11 991 2838 4246
7937 2 2 200 11 586 3007 4402
7938 2 2 200 11 641 644 4172
7939 2 2 200 11 471 87 4188
7940 2 2 200 11 2317 1880 4220
7941 2 2 200 11 3573 2445 4219
7942 2 2 200 11 4224 2495 4336
7943 2 2 200 11 2918 987 4246
7944 2 2 200 11 2236 3955 4186
7945 2 2 200 11 3809 3088 4344
7946 2 2 200 11 181 4106 4391
7947 2 2 200 11 1956 2962 4240
7948 2 2 200 11 3269 3270 4226
7949 2 2 200 11 3275 3272 4226
7950 2 2 200 11 500 242 4403
7951 2 2 200 11 3909 1792 4102
7952 2 2 200 11 2174 2171 4083
7953 2 2 200 11 4058 2516 4076
7954 2 2 200 11 2500 2501 4231
7955 2 2 200 11 1963 1757 4161
7956 2 2 200 11 1267 1239 4079
7957 2 2 200 11 240 241 4334
7958 2 2 200 11 988 991 4246
7959 2 2 200 11 2443 2444 4086
7960 2 2 200 11 292 293 4084
7961 2 2 200 11 4055 2335 4129
7962 2 2 200 11 3007 3008 4402
7963 2 2 200 11 3006 618 4103
7964 2 2 200 11 2869 550 4377
7965 2 2 200 11 2392 2391 4158
7966 2 2 200 11 2658 2220 4143
7967 2 2 200 11 3267 3263 4088
7968 2 2 200 11 3292 3294 4243
7969 2 2 200 11 3338 3211 4090
7970 2 2 200 11 23 24 4085
7971 2 2 200 11 3937 588 4255
7972 2 2 200 11 2951 593 4298
7973 2 2 200 11 2188 680 4353
7974 2 2 200 11 2798 2797 4232
7975 2 2 200 11 691 3704 4199
7976 2 2 200 11 112 113 4091
7977 2 2 200 11 2383 2196 4276
7978 2 2 200 11 1778 1781 4299
7979 2 2 200 11 2656 622 4351
7980 2 2 200 11 2808 2046 4488
7981 2 2 200 11 2895 3011 4082
7982 2 2 200 11 2634 2633 4251
7983 2 2 200 11 144 608 4208
7984 2 2 200 11 474 143 4208
7985 2 2 200 11 1639 1872 4250
7986 2 2 200 11 3961 2491 4468
7987 2 2 200 11 2962 1480 4262
7988 2 2 200 11 4095 3206 4418
7989 2 2 200 11 1947 1861 4092
7990 2 2 200 11 2611 2612 4240
7991 2 2 200 11 2046 3679 4233
7992 2 2 200 11 3425 1630 4259
7993 2 2 200 11 3938 2927 4197
7994 2 2 200 11 613 3961 4468
7995 2 2 200 11 1945 1814 4087
7996 2 2 200 11 551 4051 4424
7997 2 2 200 11 3943 3944 4155
7998 2 2 200 11 1489 1492 4258
7999 2 2 200 11 1966 2046 4233
8000 2 2 200 11 2746 2743 4094
8001 2 2 200 11 353 354 4093
8002 2 2 200 11 491 291 4358
8003 2 2 200 11 697 695 4204
8004 2 2 200 11 3563 3560 4255
8005 2 2 200 11 2296 3538 4379
8006 2 2 200 11 3968 2411 4294
8007 2 2 200 11 495 3819 4264
8008 2 2 200 11 1881 3378 4095
8009 2 2 200 11 501 363 4437
8010 2 2 200 11 88 3997 4188
8011 2 2 200 11 3782 2872 4454
8012 2 2 200 11 3588 3589 4096
8013 2 2 200 11 2253 2254 4239
8014 2 2 200 11 5 387 4351
8015 2 2 200 11 386 5 4351
8016 2 2 200 11 555 3875 4434
8017 2 2 200 11 2353 2447 4170
8018 2 2 200 11 2837 991 4489
8019 2 2 200 11 3944 463 4155
8020 2 2 200 11 2444 3806 4289
8021 2 2 200 11 609 74 4221
8022 2 2 200 11 2809 2808 4478
8023 2 2 200 11 2660 501 4239
8024 2 2 200 11 2808 1044 4478
8025 2 2 200 11 703 701 4212
8026 2 2 200 11 4072 2274 4293
8027 2 2 200 11 59 611 4224
8028 2 2 200 11 320 502 4385
8029 2 2 200 11 2239 2241 4097
8030 2 2 200 11 2835 2688 4104
8031 2 2 200 11 2550 2548 4098
8032 2 2 200 11 3421 2844 4429
8033 2 2 200 11 4052 2731 4404
8034 2 2 200 11 3997 3294 4188
8035 2 2 200 11 3851 1610 4101
8036 2 2 200 11 62 63 4230
8037 2 2 200 11 338 486 4447
8038 2 2 200 11 396 397 4305
8039 2 2 200 11 2193 3392 4247
8040 2 2 200 11 1939 3427 4218
8041 2 2 200 11 1831 3822 4209
8042 2 2 200 11 2471 1968 4233
8043 2 2 200 11 2522 2521 4133
8044 2 2 200 11 301 302 4320
8045 2 2 200 11 212 213 4269
8046 2 2 200 11 1792 4036 4102
8047 2 2 200 11 2499 3512 4211
8048 2 2 200 11 3361 2347 4288
8049 2 2 200 11 2345 2491 4288
8050 2 2 200 11 2407 3909 4102
8051 2 2 200 11 1492 3638 4349
8052 2 2 200 11 3485 3484 4295
8053 2 2 200 11 3009 4209 4253
8054 2 2 200 11 400 525 4450
8055 2 2 200 11 1953 4396 4408
8056 2 2 200 11 689 691 4199
8057 2 2 200 11 1684 1653 4105
8058 2 2 200 11 20 2565 4435
8059 2 2 200 11 2491 3961 4380
8060 2 2 200 11 2901 4074 4401
8061 2 2 200 11 590 3951 4267
8062 2 2 200 11 3200 3203 4303
8063 2 2 200 11 3209 3201 4303
8064 2 2 200 11 3950 3956 4144
8065 2 2 200 11 4042 198 4439
8066 2 2 200 11 2842 2705 4114
8067 2 2 200 11 4073 2728 4289
8068 2 2 200 11 182 465 4106
8069 2 2 200 11 2694 2699 4108
8070 2 2 200 11 4038 184 4274
8071 2 2 200 11 1684 4105 4110
8072 2 2 200 11 473 3315 4475
8073 2 2 200 11 2388 2349 4103
8074 2 2 200 11 2560 3877 4228
8075 2 2 200 11 3479 611 4367
8076 2 2 200 11 495 43 4314
8077 2 2 200 11 3009 1996 4209
8078 2 2 200 11 3294 3997 4243
8079 2 2 200 11 3421 3414 4313
8080 2 2 200 11 2969 2972 4412
8081 2 2 200 11 550 203 4377
8082 2 2 200 11 2525 2526 4395
8083 2 2 200 11 2499 4211 4469
8084 2 2 200 11 1541 1544 4107
8085 2 2 200 11 533 3004 4471
8086 2 2 200 11 1313 1310 4390
8087 2 2 200 11 2882 2881 4117
8088 2 2 200 11 300 301 4355
8089 2 2 200 11 3317 473 4268
8090 2 2 200 11 55 56 4263
8091 2 2 200 11 559 2512 4168
8092 2 2 200 11 1045 1048 4478
8093 2 2 200 11 999 1000 4343
8094 2 2 200 11 3519 451 4452
8095 2 2 200 11 3697 1684 4110
8096 2 2 200 11 550 2871 4241
8097 2 2 200 11 530 239 4121
8098 2 2 200 11 2617 2615 4119
8099 2 2 200 11 54 55 4266
8100 2 2 200 11 593 45 4298
8101 2 2 200 11 473 97 4268
8102 2 2 200 11 1722 1724 4112
8103 2 2 200 11 4119 677 4149
8104 2 2 200 11 3986 1023 4141
8105 2 2 200 11 1718 1720 4113
8106 2 2 200 11 468 67 4270
8107 2 2 200 11 2455 2456 4349
8108 2 2 200 11 2943 2947 4264
8109 2 2 200 11 39 533 4471
8110 2 2 200 11 124 125 4273
8111 2 2 200 11 185 597 4274
8112 2 2 200 11 2736 2351 4350
8113 2 2 200 11 44 593 4314
8114 2 2 200 11 991 992 4489
8115 2 2 200 11 1659 1661 4116
8116 2 2 200 11 389 583 4207
8117 2 2 200 11 150 151 4277
8118 2 2 200 11 1996 1876 4209
8119 2 2 200 11 1 295 4375
8120 2 2 200 11 405 3 4376
8121 2 2 200 11 3946 2405 4304
8122 2 2 200 11 223 1 4375
8123 2 2 200 11 3 16 4376
8124 2 2 200 11 524 2761 4462
8125 2 2 200 11 137 453 4278
8126 2 2 200 11 103 104 4279
8127 2 2 200 11 123 124 4281
8128 2 2 200 11 2774 2777 4223
8129 2 2 200 11 537 395 4128
8130 2 2 200 11 4066 452 4295
8131 2 2 200 11 160 617 4120
8132 2 2 200 11 4112 1724 4127
8133 2 2 200 11 199 534 4439
8134 2 2 200 11 2407 4102 4170
8135 2 2 200 11 446 2642 4291
8136 2 2 200 11 46 493 4298
8137 2 2 200 11 2975 625 4376
8138 2 2 200 11 2425 2498 4115
8139 2 2 200 11 624 2970 4375
8140 2 2 200 11 1484 1485 4485
8141 2 2 200 11 584 4193 4426
8142 2 2 200 11 2563 2562 4122
8143 2 2 200 11 531 2591 4187
8144 2 2 200 11 2779 2837 4489
8145 2 2 200 11 215 216 4332
8146 2 2 200 11 219 220 4308
8147 2 2 200 11 3291 3235 4123
8148 2 2 200 11 3274 3275 4382
8149 2 2 200 11 2412 2479 4378
8150 2 2 200 11 687 685 4109
8151 2 2 200 11 2803 4042 4439
8152 2 2 200 11 2971 555 4311
8153 2 2 200 11 2447 2352 4286
8154 2 2 200 11 4023 3046 4130
8155 2 2 200 11 556 2976 4312
8156 2 2 200 11 3922 2805 4242
8157 2 2 200 11 4296 2463 4415
8158 2 2 200 11 1724 1730 4127
8159 2 2 200 11 4138 2464 4411
8160 2 2 200 11 2511 2510 4400
8161 2 2 200 11 3984 2419 4089
8162 2 2 200 11 2491 2141 4468
8163 2 2 200 11 1607 1606 4430
8164 2 2 200 11 4120 3275 4316
8165 2 2 200 11 217 528 4410
8166 2 2 200 11 4111 2582 4205
8167 2 2 200 11 2417 4005 4205
8168 2 2 200 11 3451 2067 4446
8169 2 2 200 11 2448 3519 4452
8170 2 2 200 11 1948 1537 4409
8171 2 2 200 11 3537 3373 4446
8172 2 2 200 11 4001 2432 4261
8173 2 2 200 11 2197 678 4118
8174 2 2 200 11 26 27 4402
8175 2 2 200 11 467 173 4315
8176 2 2 200 11 457 158 4316
8177 2 2 200 11 2426 3707 4411
8178 2 2 200 11 603 94 4319
8179 2 2 200 11 2623 2621 4193
8180 2 2 200 11 1887 1529 4445
8181 2 2 200 11 4448 1056 4493
8182 2 2 200 11 2544 2543 4331
8183 2 2 200 11 2772 2771 4339
8184 2 2 200 11 594 3032 4227
8185 2 2 200 11 218 219 4352
8186 2 2 200 11 4089 4023 4387
8187 2 2 200 11 2507 2269 4225
8188 2 2 200 11 3373 2208 4131
8189 2 2 200 11 2719 2714 4463
8190 2 2 200 11 1771 3941 4111
8191 2 2 200 11 200 201 4414
8192 2 2 200 11 2394 2395 4124
8193 2 2 200 11 4006 319 4385
8194 2 2 200 11 4143 2220 4206
8195 2 2 200 11 466 57 4336
8196 2 2 200 11 2805 2802 4242
8197 2 2 200 11 63 64 4340
8198 2 2 200 11 3676 4038 4274
8199 2 2 200 11 2720 2070 4405
8200 2 2 200 11 3852 671 4271
8201 2 2 200 11 20 21 4427
8202 2 2 200 11 453 3977 4278
8203 2 2 200 11 3420 2065 4132
8204 2 2 200 11 3878 1841 4363
8205 2 2 200 11 98 3964 4268
8206 2 2 200 11 2600 4139 4307
8207 2 2 200 11 3895 2213 4126
8208 2 2 200 11 1314 1313 4135
8209 2 2 200 11 25 26 4192
8210 2 2 200 11 2624 2625 4198
8211 2 2 200 11 68 69 4134
8212 2 2 200 11 4106 3501 4391
8213 2 2 200 11 2255 3895 4216
8214 2 2 200 11 611 60 4367
8215 2 2 200 11 61 461 4367
8216 2 2 200 11 4069 1884 4174
8217 2 2 200 11 556 19 4435
8218 2 2 200 11 544 2592 4467
8219 2 2 200 11 459 168 4373
8220 2 2 200 11 1303 1302 4454
8221 2 2 200 11 142 474 4380
8222 2 2 200 11 2393 2493 4322
8223 2 2 200 11 4163 2488 4403
8224 2 2 200 11 612 180 4391
8225 2 2 200 11 2633 2635 4476
8226 2 2 200 11 2637 531 4187
8227 2 2 200 11 190 592 4397
8228 2 2 200 11 73 609 4392
8229 2 2 200 11 458 72 4392
8230 2 2 200 11 358 359 4138
8231 2 2 200 11 4134 3379 4270
8232 2 2 200 11 2046 1965 4488
8233 2 2 200 11 169 170 4476
8234 2 2 200 11 96 473 4475
8235 2 2 200 11 51 463 4443
8236 2 2 200 11 519 628 4436
8237 2 2 200 11 114 589 4441
8238 2 2 200 11 102 103 4453
8239 2 2 200 11 151 152 4444
8240 2 2 200 11 532 135 4431
8241 2 2 200 11 2663 2664 4169
8242 2 2 200 11 1302 3782 4454
8243 2 2 200 11 3865 3880 4213
8244 2 2 200 11 2151 2859 4341
8245 2 2 200 11 4086 483 4366
8246 2 2 200 11 2194 2189 4173
8247 2 2 200 11 4143 4206 4428
8248 2 2 200 11 2761 2467 4462
8249 2 2 200 11 1540 2746 4409
8250 2 2 200 11 3997 602 4243
8251 2 2 200 11 3243 3330 4142
8252 2 2 200 11 555 221 4311
8253 2 2 200 11 2873 3782 4487
8254 2 2 200 11 18 556 4312
8255 2 2 200 11 410 516 4413
8256 2 2 200 11 2542 2194 4173
8257 2 2 200 11 3873 2365 4326
8258 2 2 200 11 2820 4195 4479
8259 2 2 200 11 2987 2228 4147
8260 2 2 200 11 463 3944 4443
8261 2 2 200 11 2331 3049 4222
8262 2 2 200 11 2591 2590 4386
8263 2 2 200 11 3864 3863 4421
8264 2 2 200 11 2004 2879 4159
8265 2 2 200 11 2216 2232 4145
8266 2 2 200 11 2373 3864 4434
8267 2 2 200 11 3579 3580 4146
8268 2 2 200 11 4218 3427 4321
8269 2 2 200 11 2782 676 4166
8270 2 2 200 11 561 4198 4492
8271 2 2 200 11 707 1061 4137
8272 2 2 200 11 699 697 4461
8273 2 2 200 11 3318 3317 4150
8274 2 2 200 11 2416 2415 4284
8275 2 2 200 11 3841 2221 4148
8276 2 2 200 11 2335 4014 4129
8277 2 2 200 11 460 3973 4133
8278 2 2 200 11 110 111 4152
8279 2 2 200 11 2222 2877 4220
8280 2 2 200 11 3952 3953 4229
8281 2 2 200 11 3951 3950 4144
8282 2 2 200 11 4248 1813 4393
8283 2 2 200 11 2788 2787 4156
8284 2 2 200 11 4255 3562 4483
8285 2 2 200 11 3901 2381 4347
8286 2 2 200 11 2087 3702 4154
8287 2 2 200 11 552 25 4192
8288 2 2 200 11 2199 2753 4245
8289 2 2 200 11 2751 2682 4420
8290 2 2 200 11 210 211 4151
8291 2 2 200 11 508 4072 4293
8292 2 2 200 11 666 675 4149
8293 2 2 200 11 439 553 4425
8294 2 2 200 11 4019 2631 4485
8295 2 2 200 11 2936 1305 4157
8296 2 2 200 11 2226 3839 4153
8297 2 2 200 11 3961 141 4380
8298 2 2 200 11 3968 189 4397
8299 2 2 200 11 3538 2690 4379
8300 2 2 200 11 3957 50 4443
8301 2 2 200 11 4019 1488 4258
8302 2 2 200 11 3580 3959 4388
8303 2 2 200 11 2874 3922 4414
8304 2 2 200 11 364 4050 4437
8305 2 2 200 11 1488 4019 4485
8306 2 2 200 11 2534 2437 4458
8307 2 2 200 11 530 4115 4306
8308 2 2 200 11 4243 602 4329
8309 2 2 200 11 75 76 4160
8310 2 2 200 11 434 546 4433
8311 2 2 200 11 2331 1950 4374
8312 2 2 200 11 3922 534 4414
8313 2 2 200 11 2792 2791 4227
8314 2 2 200 11 3500 3499 4348
8315 2 2 200 11 2622 2618 4164
8316 2 2 200 11 4074 2559 4401
8317 2 2 200 11 4032 399 4450
8318 2 2 200 11 4237 1860 4272
8319 2 2 200 11 2672 2670 4249
8320 2 2 200 11 3918 2502 4263
8321 2 2 200 11 1884 2920 4174
8322 2 2 200 11 2635 2341 4162
8323 2 2 200 11 243 244 4163
8324 2 2 200 11 2753 2725 4245
8325 2 2 200 11 156 157 4165
8326 2 2 200 11 2343 3986 4141
8327 2 2 200 11 2395 2392 4158
8328 2 2 200 11 2842 4194 4370
8329 2 2 200 11 1865 3924 4140
8330 2 2 200 11 3003 3943 4155
8331 2 2 200 11 1757 1747 4161
8332 2 2 200 11 2384 4066 4295
8333 2 2 200 11 3043 2185 4169
8334 2 2 200 11 37 38 4167
8335 2 2 200 11 1813 2540 4393
8336 2 2 200 11 292 4084 4358
8337 2 2 200 11 2777 4063 4223
8338 2 2 200 11 4231 3002 4473
8339 2 2 200 11 1849 1319 4171
8340 2 2 200 11 3876 4074 4451
8341 2 2 200 11 4071 2197 4118
8342 2 2 200 11 4097 2466 4334
8343 2 2 200 11 1850 2181 4405
8344 2 2 200 11 2330 2331 4222
8345 2 2 200 11 466 3918 4263
8346 2 2 200 11 201 202 4241
8347 2 2 200 11 4077 2719 4463
8348 2 2 200 11 2452 4342 4425
8349 2 2 200 11 3032 2792 4227
8350 2 2 200 11 2664 4101 4430
8351 2 2 200 11 526 2613 4216
8352 2 2 200 11 2925 2924 4257
8353 2 2 200 11 2408 2407 4170
8354 2 2 200 11 1832 1971 4175
8355 2 2 200 11 4272 2031 4342
8356 2 2 200 11 2184 2464 4176
8357 2 2 200 11 3977 2490 4278
8358 2 2 200 11 646 641 4172
8359 2 2 200 11 3205 1761 4418
8360 2 2 200 11 2493 2462 4393
8361 2 2 200 11 509 2735 4178
8362 2 2 200 11 3999 3565 4273
8363 2 2 200 11 4094 1948 4409
8364 2 2 200 11 2986 2376 4399
8365 2 2 200 11 3924 4037 4140
8366 2 2 200 11 2679 4202 4287
8367 2 2 200 11 202 550 4241
8368 2 2 200 11 3842 2148 4291
8369 2 2 200 11 3311 3308 4177
8370 2 2 200 11 595 3938 4197
8371 2 2 200 11 3503 2246 4178
8372 2 2 200 11 442 477 4428
8373 2 2 200 11 2673 3506 4181
8374 2 2 200 11 3506 1948 4181
8375 2 2 200 11 2652 2651 4419
8376 2 2 200 11 388 389 4207
8377 2 2 200 11 4183 3418 4340
8378 2 2 200 11 462 3968 4294
8379 2 2 200 11 2619 4071 4118
8380 2 2 200 11 3453 3373 4459
8381 2 2 200 11 2663 4169 4456
8382 2 2 200 11 2669 4033 4249
8383 2 2 200 11 671 4061 4136
8384 2 2 200 11 3566 2414 4180
8385 2 2 200 11 2674 2673 4181
8386 2 2 200 11 2209 4190 4214
8387 2 2 200 11 3012 2247 4183
8388 2 2 200 11 1934 1933 4179
8389 2 2 200 11 2317 4220 4457
8390 2 2 200 11 4211 616 4469
8391 2 2 200 11 4130 3047 4374
8392 2 2 200 11 2010 2009 4195
8393 2 2 200 11 3275 4120 4382
8394 2 2 200 11 3416 3425 4494
8395 2 2 200 11 204 205 4182
8396 2 2 200 11 2376 2374 4399
8397 2 2 200 11 2234 2236 4186
8398 2 2 200 11 3647 3569 4185
8399 2 2 200 11 3729 2199 4245
8400 2 2 200 11 692 3860 4280
8401 2 2 200 11 4051 551 4458
8402 2 2 200 11 87 88 4188
8403 2 2 200 11 2032 2784 4201
8404 2 2 200 11 3953 591 4309
8405 2 2 200 11 2974 2976 4189
8406 2 2 200 11 2405 2406 4304
8407 2 2 200 11 3809 450 4304
8408 2 2 200 11 486 2842 4370
8409 2 2 200 11 2906 2533 4470
8410 2 2 200 11 4156 2787 4416
8411 2 2 200 11 605 3972 4251
8412 2 2 200 11 2681 2679 4287
8413 2 2 200 11 1934 4179 4191
8414 2 2 200 11 2443 4086 4366
8415 2 2 200 11 2479 3485 4279
8416 2 2 200 11 584 311 4193
8417 2 2 200 11 4168 2272 4310
8418 2 2 200 11 2350 2389 4265
8419 2 2 200 11 4074 2977 4451
8420 2 2 200 11 2389 3984 4265
8421 2 2 200 11 3512 2423 4211
8422 2 2 200 11 2771 4135 4339
8423 2 2 200 11 693 692 4280
8424 2 2 200 11 4287 1999 4389
8425 2 2 200 11 2456 2454 4198
8426 2 2 200 11 1936 1934 4191
8427 2 2 200 11 449 3999 4273
8428 2 2 200 11 2172 3875 4412
8429 2 2 200 11 2461 2460 4197
8430 2 2 200 11 4284 2415 4440
8431 2 2 200 11 4307 2505 4467
8432 2 2 200 11 1630 4132 4259
8433 2 2 200 11 2598 4306 4449
8434 2 2 200 11 4251 3972 4423
8435 2 2 200 11 3008 3009 4192
8436 2 2 200 11 2220 2161 4206
8437 2 2 200 11 3875 2971 4412
8438 2 2 200 11 2225 2140 4317
8439 2 2 200 11 4169 2185 4456
8440 2 2 200 11 3728 2000 4200
8441 2 2 200 11 75 4160 4221
8442 2 2 200 11 3427 1991 4321
8443 2 2 200 11 4101 1610 4430
8444 2 2 200 11 2679 2680 4202
8445 2 2 200 11 627 626 4486
8446 2 2 200 11 2617 4119 4149
8447 2 2 200 11 2600 4099 4139
8448 2 2 200 11 3476 1999 4287
8449 2 2 200 11 533 3897 4324
8450 2 2 200 11 626 2207 4486
8451 2 2 200 11 1738 1989 4203
8452 2 2 200 11 558 2379 4190
8453 2 2 200 11 2657 2656 4207
8454 2 2 200 11 68 4134 4270
8455 2 2 200 11 2773 2774 4223
8456 2 2 200 11 692 689 4199
8457 2 2 200 11 143 144 4208
8458 2 2 200 11 2597 2598 4449
8459 2 2 200 11 4089 2398 4275
8460 2 2 200 11 4203 1989 4215
8461 2 2 200 11 2388 4103 4301
8462 2 2 200 11 3049 549 4222
8463 2 2 200 11 4091 113 4441
8464 2 2 200 11 695 1838 4204
8465 2 2 200 11 243 4163 4403
8466 2 2 200 11 2530 2529 4370
8467 2 2 200 11 2906 1985 4297
8468 2 2 200 11 2802 2803 4242
8469 2 2 200 11 4103 618 4301
8470 2 2 200 11 2590 2589 4386
8471 2 2 200 11 4162 459 4373
8472 2 2 200 11 4013 2330 4222
8473 2 2 200 11 618 2997 4301
8474 2 2 200 11 1876 1831 4209
8475 2 2 200 11 2651 4052 4419
8476 2 2 200 11 4084 561 4492
8477 2 2 200 11 1989 2410 4215
8478 2 2 200 11 4278 2490 4431
8479 2 2 200 11 2685 2687 4218
8480 2 2 200 11 169 2635 4373
8481 2 2 200 11 701 1339 4212
8482 2 2 200 11 2205 2416 4234
8483 2 2 200 11 2005 1875 4238
8484 2 2 200 11 2732 2445 4366
8485 2 2 200 11 2761 524 4355
8486 2 2 200 11 602 3966 4329
8487 2 2 200 11 2403 3573 4219
8488 2 2 200 11 1880 2222 4220
8489 2 2 200 11 74 75 4221
8490 2 2 200 11 500 4097 4334
8491 2 2 200 11 595 4197 4337
8492 2 2 200 11 1838 693 4280
8493 2 2 200 11 4389 3438 4420
8494 2 2 200 11 4125 2005 4465
8495 2 2 200 11 3962 616 4211
8496 2 2 200 11 58 59 4224
8497 2 2 200 11 3272 3269 4226
8498 2 2 200 11 4080 524 4462
8499 2 2 200 11 3898 495 4264
8500 2 2 200 11 4293 2273 4474
8501 2 2 200 11 461 62 4230
8502 2 2 200 11 3493 4133 4432
8503 2 2 200 11 2631 2630 4252
8504 2 2 200 11 2954 2952 4229
8505 2 2 200 11 1641 4250 4341
8506 2 2 200 11 4051 2441 4424
8507 2 2 200 11 4005 3738 4205
8508 2 2 200 11 623 2623 4338
8509 2 2 200 11 2158 2156 4371
8510 2 2 200 11 2501 3002 4231
8511 2 2 200 11 1783 1813 4248
8512 2 2 200 11 4329 3966 4406
8513 2 2 200 11 3782 4290 4487
8514 2 2 200 11 1968 1966 4233
8515 2 2 200 11 3880 646 4213
8516 2 2 200 11 4228 556 4435
8517 2 2 200 11 2888 2885 4244
8518 2 2 200 11 468 4270 4400
8519 2 2 200 11 2565 2560 4228
8520 2 2 200 11 2406 3809 4304
8521 2 2 200 11 2196 3393 4236
8522 2 2 200 11 366 367 4235
8523 2 2 200 11 4014 533 4324
8524 2 2 200 11 2397 2398 4217
8525 2 2 200 11 2801 2798 4232
8526 2 2 200 11 3545 1956 4240
8527 2 2 200 11 987 988 4246
8528 2 2 200 11 2269 2271 4225
8529 2 2 200 11 2701 2700 4247
8530 2 2 200 11 3822 3823 4253
8531 2 2 200 11 4052 2387 4419
8532 2 2 200 11 4144 3580 4388
8533 2 2 200 11 2539 2253 4239
8534 2 2 200 11 2398 4089 4387
8535 2 2 200 11 3295 3292 4243
8536 2 2 200 11 4178 2735 4350
8537 2 2 200 11 3923 594 4227
8538 2 2 200 11 3957 3056 4309
8539 2 2 200 11 3728 4200 4294
8540 2 2 200 11 2682 4389 4420
8541 2 2 200 11 3503 4178 4350
8542 2 2 200 11 2571 2231 4415
8543 2 2 200 11 493 3952 4229
8544 2 2 200 11 2978 1484 4252
8545 2 2 200 11 4170 2447 4257
8546 2 2 200 11 3916 520 4285
8547 2 2 200 11 2871 2874 4241
8548 2 2 200 11 1641 1639 4250
8549 2 2 200 11 2741 4293 4474
8550 2 2 200 11 3461 2634 4251
8551 2 2 200 11 4033 1887 4249
8552 2 2 200 11 528 4326 4410
8553 2 2 200 11 585 212 4269
8554 2 2 200 11 2721 2720 4260
8555 2 2 200 11 321 322 4254
8556 2 2 200 11 2452 2397 4237
8557 2 2 200 11 2245 3916 4285
8558 2 2 200 11 4321 1991 4429
8559 2 2 200 11 3981 579 4440
8560 2 2 200 11 2947 4129 4324
8561 2 2 200 11 3560 3562 4255
8562 2 2 200 11 2274 2273 4293
8563 2 2 200 11 2397 4217 4237
8564 2 2 200 11 2894 2893 4271
8565 2 2 200 11 2681 4287 4389
8566 2 2 200 11 1488 1489 4258
8567 2 2 200 11 536 4032 4331
8568 2 2 200 11 4167 38 4471
8569 2 2 200 11 2520 2372 4327
8570 2 2 200 11 2409 2357 4323
8571 2 2 200 11 2741 508 4293
8572 2 2 200 11 204 4182 4377
8573 2 2 200 11 3461 4251 4423
8574 2 2 200 11 4168 4310 4497
8575 2 2 200 11 3679 2809 4300
8576 2 2 200 11 2530 4194 4494
8577 2 2 200 11 534 3922 4242
8578 2 2 200 11 1865 4140 4481
8579 2 2 200 11 520 2354 4285
8580 2 2 200 11 2708 505 4276
8581 2 2 200 11 2477 2530 4259
8582 2 2 200 11 4048 3493 4432
8583 2 2 200 11 1858 2031 4272
8584 2 2 200 11 589 3939 4344
8585 2 2 200 11 4197 2460 4337
8586 2 2 200 11 2485 4214 4433
8587 2 2 200 11 2763 2761 4355
8588 2 2 200 11 591 3957 4309
8589 2 2 200 11 4050 447 4354
8590 2 2 200 11 2685 4218 4321
8591 2 2 200 11 1480 2978 4262
8592 2 2 200 11 2538 2435 4491
8593 2 2 200 11 3485 4295 4453
8594 2 2 200 11 56 466 4263
8595 2 2 200 11 4126 526 4216
8596 2 2 200 11 3425 4259 4494
8597 2 2 200 11 2603 2011 4381
8598 2 2 200 11 4013 4222 4484
8599 2 2 200 11 604 54 4266
8600 2 2 200 11 3050 620 4284
8601 2 2 200 11 97 98 4268
8602 2 2 200 11 1391 2831 4364
8603 2 2 200 11 4198 2454 4492
8604 2 2 200 11 3864 4308 4434
8605 2 2 200 11 2855 1898 4359
8606 2 2 200 11 3819 2943 4264
8607 2 2 200 11 4254 568 4442
8608 2 2 200 11 67 68 4270
8609 2 2 200 11 2432 2360 4261
8610 2 2 200 11 4352 3864 4421
8611 2 2 200 11 125 449 4273
8612 2 2 200 11 184 185 4274
8613 2 2 200 11 2591 4140 4472
8614 2 2 200 11 222 2970 4311
8615 2 2 200 11 565 2655 4283
8616 2 2 200 11 2975 17 4312
8617 2 2 200 11 1963 4161 4346
8618 2 2 200 11 3907 2538 4491
8619 2 2 200 11 606 150 4277
8620 2 2 200 11 599 4081 4318
8621 2 2 200 11 4018 589 4344
8622 2 2 200 11 2842 4114 4194
8623 2 2 200 11 136 137 4278
8624 2 2 200 11 104 615 4279
8625 2 2 200 11 4294 4200 4482
8626 2 2 200 11 3295 4243 4329
8627 2 2 200 11 588 123 4281
8628 2 2 200 11 610 3965 4325
8629 2 2 200 11 3993 2317 4457
8630 2 2 200 11 2733 577 4282
8631 2 2 200 11 3206 3205 4418
8632 2 2 200 11 3975 2440 4495
8633 2 2 200 11 2272 2270 4310
8634 2 2 200 11 2731 570 4404
8635 2 2 200 11 4063 999 4223
8636 2 2 200 11 2347 2345 4288
8637 2 2 200 11 1048 1051 4300
8638 2 2 200 11 564 2600 4307
8639 2 2 200 11 1991 3421 4429
8640 2 2 200 11 479 4006 4330
8641 2 2 200 11 4045 2652 4419
8642 2 2 200 11 3940 590 4267
8643 2 2 200 11 1777 1778 4299
8644 2 2 200 11 58 4224 4336
8645 2 2 200 11 4194 3416 4494
8646 2 2 200 11 3806 1515 4289
8647 2 2 200 11 1872 4077 4463
8648 2 2 200 11 3484 2384 4295
8649 2 2 200 11 4133 3973 4432
8650 2 2 200 11 397 536 4305
8651 2 2 200 11 4382 617 4495
8652 2 2 200 11 2398 2371 4275
8653 2 2 200 11 2352 2428 4286
8654 2 2 200 11 4225 2271 4302
8655 2 2 200 11 2411 3728 4294
8656 2 2 200 11 2403 4219 4466
8657 2 2 200 11 2156 2255 4371
8658 2 2 200 11 483 2732 4366
8659 2 2 200 11 45 46 4298
8660 2 2 200 11 518 2393 4322
8661 2 2 200 11 2921 1339 4368
8662 2 2 200 11 2486 4124 4299
8663 2 2 200 11 221 222 4311
8664 2 2 200 11 17 18 4312
8665 2 2 200 11 4332 2534 4458
8666 2 2 200 11 2148 3828 4291
8667 2 2 200 11 1951 4130 4374
8668 2 2 200 11 1391 4364 4438
8669 2 2 200 11 539 2519 4323
8670 2 2 200 11 4132 2477 4259
8671 2 2 200 11 3201 3200 4303
8672 2 2 200 11 2646 2586 4346
8673 2 2 200 11 451 4091 4452
8674 2 2 200 11 3204 3206 4318
8675 2 2 200 11 220 555 4308
8676 2 2 200 11 2677 3993 4457
8677 2 2 200 11 517 2436 4327
8678 2 2 200 11 2977 4189 4451
8679 2 2 200 11 4206 2356 4428
8680 2 2 200 11 2374 4153 4399
8681 2 2 200 11 2859 1641 4341
8682 2 2 200 11 4222 549 4484
8683 2 2 200 11 2645 2649 4360
8684 2 2 200 11 2192 2751 4420
8685 2 2 200 11 4140 4037 4472
8686 2 2 200 11 2508 4215 4354
8687 2 2 200 11 3056 3055 4309
8688 2 2 200 11 2970 2971 4311
8689 2 2 200 11 4032 2547 4331
8690 2 2 200 11 2976 2975 4312
8691 2 2 200 11 302 535 4320
8692 2 2 200 11 43 44 4314
8693 2 2 200 11 488 2734 4333
8694 2 2 200 11 3414 2442 4313
8695 2 2 200 11 173 174 4315
8696 2 2 200 11 551 215 4332
8697 2 2 200 11 158 159 4316
8698 2 2 200 11 607 4183 4340
8699 2 2 200 11 2470 4080 4462
8700 2 2 200 11 2622 4164 4422
8701 2 2 200 11 675 4067 4422
8702 2 2 200 11 3895 4126 4216
8703 2 2 200 11 94 95 4319
8704 2 2 200 11 525 2901 4401
8705 2 2 200 11 2181 4260 4405
8706 2 2 200 11 2821 1391 4438
8707 2 2 200 11 2390 4096 4325
8708 2 2 200 11 2686 2685 4321
8709 2 2 200 11 2820 2355 4413
8710 2 2 200 11 2735 2736 4350
8711 2 2 200 11 241 500 4334
8712 2 2 200 11 2271 2848 4302
8713 2 2 200 11 3878 2645 4360
8714 2 2 200 11 620 2996 4383
8715 2 2 200 11 2140 2930 4317
8716 2 2 200 11 1997 2832 4345
8717 2 2 200 11 2418 2388 4301
8718 2 2 200 11 450 3946 4304
8719 2 2 200 11 1898 3993 4359
8720 2 2 200 11 2893 2891 4407
8721 2 2 200 11 2444 4289 4464
8722 2 2 200 11 3297 3295 4329
8723 2 2 200 11 592 3954 4416
8724 2 2 200 11 1999 3438 4389
8725 2 2 200 11 2577 2820 4372
8726 2 2 200 11 2396 3545 4330
8727 2 2 200 11 2460 2465 4337
8728 2 2 200 11 2582 543 4357
8729 2 2 200 11 4062 2404 4335
8730 2 2 200 11 4268 3964 4496
8731 2 2 200 11 4059 2763 4320
8732 2 2 200 11 3088 4018 4344
8733 2 2 200 11 680 679 4353
8734 2 2 200 11 57 58 4336
8735 2 2 200 11 528 218 4352
8736 2 2 200 11 2415 3981 4440
8737 2 2 200 11 2830 1953 4408
8738 2 2 200 11 4220 2676 4457
8739 2 2 200 11 524 300 4355
8740 2 2 200 11 2365 2534 4326
8741 2 2 200 11 64 607 4340
8742 2 2 200 11 2355 2820 4479
8743 2 2 200 11 2599 2597 4368
8744 2 2 200 11 2471 4233 4448
8745 2 2 200 11 2453 4084 4492
8746 2 2 200 11 3947 587 4335
8747 2 2 200 11 2547 2544 4331
8748 2 2 200 11 2422 4180 4369
8749 2 2 200 11 4093 2741 4474
8750 2 2 200 11 2775 2772 4339
8751 2 2 200 11 3966 454 4406
8752 2 2 200 11 4284 620 4383
8753 2 2 200 11 4232 2797 4394
8754 2 2 200 11 1000 1003 4343
8755 2 2 200 11 3638 2455 4349
8756 2 2 200 11 2351 3503 4350
8757 2 2 200 11 4081 3204 4318
8758 2 2 200 11 622 386 4351
8759 2 2 200 11 2408 4170 4257
8760 2 2 200 11 2484 2520 4465
8761 2 2 200 11 2654 2657 4365
8762 2 2 200 11 3454 3453 4459
8763 2 2 200 11 291 292 4358
8764 2 2 200 11 136 4278 4431
8765 2 2 200 11 4140 4386 4481
8766 2 2 200 11 1744 2818 4470
8767 2 2 200 11 3297 4329 4406
8768 2 2 200 11 612 4048 4432
8769 2 2 200 11 4096 610 4325
8770 2 2 200 11 60 61 4367
8771 2 2 200 11 27 586 4402
8772 2 2 200 11 2445 2443 4366
8773 2 2 200 11 2381 2408 4347
8774 2 2 200 11 1754 3878 4360
8775 2 2 200 11 4196 2350 4265
8776 2 2 200 11 4214 2379 4433
8777 2 2 200 11 3879 3500 4348
8778 2 2 200 11 203 204 4377
8779 2 2 200 11 4117 584 4426
8780 2 2 200 11 3960 595 4337
8781 2 2 200 11 1841 3800 4363
8782 2 2 200 11 295 624 4375
8783 2 2 200 11 625 405 4376
8784 2 2 200 11 2537 2369 4342
8785 2 2 200 11 168 169 4373
8786 2 2 200 11 2972 581 4398
8787 2 2 200 11 4190 2379 4214
8788 2 2 200 11 3050 4284 4440
8789 2 2 200 11 2070 1850 4405
8790 2 2 200 11 549 4167 4484
8791 2 2 200 11 2185 4176 4456
8792 2 2 200 11 1310 1309 4390
8793 2 2 200 11 621 4022 4328
8794 2 2 200 11 2414 2412 4378
8795 2 2 200 11 4120 617 4382
8796 2 2 200 11 4006 2396 4330
8797 2 2 200 11 141 142 4380
8798 2 2 200 11 2682 2681 4389
8799 2 2 200 11 3276 3274 4382
8800 2 2 200 11 475 3963 4369
8801 2 2 200 11 319 320 4385
8802 2 2 200 11 4361 2183 4491
8803 2 2 200 11 534 200 4414
8804 2 2 200 11 541 2363 4477
8805 2 2 200 11 499 2986 4399
8806 2 2 200 11 180 181 4391
8807 2 2 200 11 579 3050 4440
8808 2 2 200 11 72 73 4392
8809 2 2 200 11 583 2880 4480
8810 2 2 200 11 617 3975 4495
8811 2 2 200 11 3916 2183 4361
8812 2 2 200 11 4306 2498 4449
8813 2 2 200 11 4319 95 4475
8814 2 2 200 11 189 190 4397
8815 2 2 200 11 21 529 4427
8816 2 2 200 11 2337 3951 4388
8817 2 2 200 11 4023 4130 4387
8818 2 2 200 11 1950 1951 4374
8819 2 2 200 11 2686 4321 4429
8820 2 2 200 11 2410 4050 4354
8821 2 2 200 11 4091 2450 4452
8822 2 2 200 11 3519 2499 4469
8823 2 2 200 11 3379 2511 4400
8824 2 2 200 11 2452 4237 4272
8825 2 2 200 11 4054 592 4416
8826 2 2 200 11 2838 2837 4455
8827 2 2 200 11 242 243 4403
8828 2 2 200 11 4168 2512 4234
8829 2 2 200 11 2844 2686 4429
8830 2 2 200 11 516 4296 4372
8831 2 2 200 11 2971 2969 4412
8832 2 2 200 11 216 217 4410
8833 2 2 200 11 3002 4155 4473
8834 2 2 200 11 628 684 4436
8835 2 2 200 11 3889 496 4394
8836 2 2 200 11 3305 3297 4406
8837 2 2 200 11 2805 3922 4487
8838 2 2 200 11 4067 2897 4422
8839 2 2 200 11 3276 4382 4495
8840 2 2 200 11 4124 1777 4299
8841 2 2 200 11 2717 2875 4460
8842 2 2 200 11 1537 1540 4409
8843 2 2 200 11 2746 4094 4409
8844 2 2 200 11 2464 2426 4411
8845 2 2 200 11 3562 4185 4483
8846 2 2 200 11 2787 4054 4416
8847 2 2 200 11 4046 3461 4423
8848 2 2 200 11 1761 3212 4418
8849 2 2 200 11 2387 4045 4419
8850 2 2 200 11 463 3970 4473
8851 2 2 200 11 3438 2192 4420
8852 2 2 200 11 553 2452 4425
8853 2 2 200 11 2621 2622 4426
8854 2 2 200 11 2822 2471 4493
8855 2 2 200 11 198 199 4439
8856 2 2 200 11 3679 1056 4448
8857 2 2 200 11 3959 2337 4388
8858 2 2 200 11 3984 560 4490
8859 2 2 200 11 135 136 4431
8860 2 2 200 11 19 20 4435
8861 2 2 200 11 363 364 4437
8862 2 2 200 11 2837 2780 4455
8863 2 2 200 11 2470 4083 4398
8864 2 2 200 11 399 400 4450
8865 2 2 200 11 50 51 4443
8866 2 2 200 11 587 4062 4335
8867 2 2 200 11 2559 4098 4401
8868 2 2 200 11 113 114 4441
8869 2 2 200 11 671 4136 4271
8870 2 2 200 11 1610 1607 4430
8871 2 2 200 11 38 39 4471
8872 2 2 200 11 152 472 4444
8873 2 2 200 11 1044 1045 4478
8874 2 2 200 11 337 338 4447
8875 2 2 200 11 2067 3537 4446
8876 2 2 200 11 1529 1531 4445
8877 2 2 200 11 2454 2453 4492
8878 2 2 200 11 2714 2715 4463
8879 2 2 200 11 452 102 4453
8880 2 2 200 11 2450 2448 4452
8881 2 2 200 11 546 2485 4433
8882 2 2 200 11 1485 1488 4485
8883 2 2 200 11 2676 2677 4457
8884 2 2 200 11 4161 2646 4346
8885 2 2 200 11 2728 2729 4464
8886 2 2 200 11 3964 596 4395
8887 2 2 200 11 2417 4205 4357
8888 2 2 200 11 2141 3336 4468
8889 2 2 200 11 2523 2403 4466
8890 2 2 200 11 2665 2663 4456
8891 2 2 200 11 95 96 4475
8892 2 2 200 11 2273 2483 4474
8893 2 2 200 11 170 605 4476
8894 2 2 200 11 3860 4139 4280
8895 2 2 200 11 4172 644 4407
8896 2 2 200 11 2440 3276 4495
8897 2 2 200 11 535 4059 4320
8898 2 2 200 11 2498 2921 4449
8899 2 2 200 11 492 3937 4483
8900 2 2 200 11 3972 467 4423
8901 2 2 200 11 3868 2580 4442
8902 2 2 200 11 992 995 4489
8903 2 2 200 11 2467 2470 4462
8904 2 2 200 11 3863 3873 4421
8905 2 2 200 11 4115 2498 4306
8906 2 2 200 11 3922 2873 4487
8907 2 2 200 11 1965 2212 4488
8908 2 2 200 11 2441 2823 4424
8909 2 2 200 11 3875 2373 4434
8910 2 2 200 11 2505 2503 4467
8911 2 2 200 11 616 4152 4469
8912 2 2 200 11 3973 612 4432
8913 2 2 200 11 2183 3907 4491
8914 2 2 200 11 1339 699 4461
8915 2 2 200 11 4027 2204 4356
8916 2 2 200 11 1847 1303 4454
8917 2 2 200 11 3677 4078 4482
8918 2 2 200 11 2557 3876 4451
8919 2 2 200 11 2400 4196 4265
8920 2 2 200 11 4342 2369 4425
8921 2 2 200 11 4078 462 4482
8922 2 2 200 11 2520 4125 4465
8923 2 2 200 11 4184 2429 4310
8924 2 2 200 11 4153 499 4399
8925 2 2 200 11 4135 1313 4339
8926 2 2 200 11 4129 4014 4324
8927 2 2 200 11 4270 3379 4400
8928 2 2 200 11 4098 525 4401
8929 2 2 200 11 3921 1865 4481
8930 2 2 200 11 467 4046 4423
8931 2 2 200 11 2270 4184 4310
8932 2 2 200 11 4140 2591 4386
8933 2 2 200 11 2439 4013 4484
8934 2 2 200 11 3964 4395 4496
8935 2 2 200 11 4083 2972 4398
8936 2 2 200 11 4037 2377 4472
8937 2 2 200 11 2780 4069 4455
8938 2 2 200 11 4265 3984 4490
8939 2 2 200 11 462 4294 4482
8940 2 2 200 11 2891 4172 4407
8941 2 2 200 11 2437 4051 4458
8942 2 2 200 11 2255 4283 4371
8943 2 2 200 11 2635 4162 4373
8944 2 2 200 11 4259 2530 4494
8945 2 2 200 11 2483 4093 4474
8946 2 2 200 11 4180 475 4369
8947 2 2 200 11 4155 463 4473
8948 2 2 200 11 4189 2557 4451
8949 2 2 200 11 4200 3677 4482
8950 2 2 200 11 3951 4144 4388
8951 2 2 200 11 4205 2582 4357
8952 2 2 200 11 2363 4158 4477
8953 2 2 200 11 2471 4448 4493
8954 2 2 200 11 2622 4117 4426
8955 2 2 200 11 4152 3519 4469
8956 2 2 200 11 4295 452 4453
8957 2 2 200 11 477 4143 4428
8958 2 2 200 11 4167 2439 4484
8959 2 2 200 11 4136 2765 4417
8960 2 2 200 11 2565 4228 4435
8961 2 2 200 11 4215 2410 4354
8962 2 2 200 11 4195 2420 4479
8963 2 2 200 11 4164 675 4422
8964 2 2 200 11 3373 4131 4459
8965 2 2 200 11 4176 2665 4456
8966 2 2 200 11 2580 4254 4442
8967 2 2 200 11 3317 4268 4496
8968 2 2 200 11 4233 3679 4448
8969 2 2 200 11 4185 492 4483
8970 2 2 200 11 4217 2398 4387
8971 2 2 200 11 4158 2391 4477
8972 2 2 200 11 496 4232 4394
8973 2 2 200 11 4150 3317 4496
8974 2 2 200 11 559 4168 4497
8975 2 2 200 11 2377 4187 4472
8976 2 2 200 11 4187 2591 4472
8977 2 2 200 11 2996 4302 4383
8978 2 2 200 11 4283 2655 4371
8979 2 2 200 11 4302 2848 4383
8980 2 2 200 11 4260 2720 4405
8981 2 2 200 11 4256 583 4480
8982 2 2 200 11 4308 555 4434
8983 2 2 200 11 528 4352 4421
8984 2 2 200 11 4289 2728 4464
8985 2 2 200 11 4326 2534 4410
8986 2 2 200 11 4290 2805 4487
8987 2 2 200 11 2400 4265 4490
8988 2 2 200 11 516 4372 4413
8989 2 2 200 11 4372 2820 4413
8990 2 2 200 11 551 4332 4458
8991 2 2 200 11 4368 1339 4461
8992 2 2 200 11 4310 2429 4497
8993 2 2 200 11 4438 2822 4493
8994 2 2 200 11 2599 4368 4461
8995 2 2 200 11 4386 2589 4481
8996 2 2 200 11 2821 4438 4493
$EndElements
