$MeshFormat
2.2 0 8
$EndMeshFormat
$PhysicalNames
5
2 3 "AllBoundary"
2 4 "SymmetryPlane"
2 5 "TopCut"
3 1 "HealthyWall"
3 2 "InfarctRegion"
$EndPhysicalNames
$Nodes
2546
1 6.123233995736766e-17 -1.274795815262579e-32 -1.45
2 0.9386660406080137 -1.95420841556817e-16 0.5000000000000002
3 -4.85722573273506e-17 -0.7978661279827072 0.5
4 2.567390744445674e-16 0.7978661337126289 0.5
5 5.377642775528102e-17 -0.5908885694134294 0.5
6 4.776122516674677e-17 -9.748438587302074e-33 -1.2
7 -2.289834988289385e-16 0.5908885779064366 0.5
8 0.7090662874513216 -1.44725959885093e-16 0.4999999999999997
9 0.7380366228526354 0.1799999999999999 -0.2008617136139222
10 0.6001969003315559 0.2828659372378898 -0.5609475530867195
11 0.6526422169508096 0.18 -0.5669437145884225
12 0.0787166068138484 -1.638800689763443e-17 -1.445500698873622
13 0.1564249002171862 -3.256609307084659e-17 -1.432150290426871
14 0.2322059383111888 -4.834294404628687e-17 -1.41036663518848
15 0.3052959191735479 -6.355954393546785e-17 -1.380773417201351
16 0.3751165078625754 -7.809548921241009e-17 -1.344117625293521
17 0.4412719529615934 -9.186838840714585e-17 -1.301191465953682
18 0.5035245065369068 -1.048287447878545e-16 -1.252772368566412
19 0.5617602948051096 -1.169528509765957e-16 -1.199585071142081
20 0.6159555225522251 -1.28235753048822e-16 -1.142282349020664
21 0.6661472466152849 -1.386851658657993e-16 -1.081439363002385
22 0.7124106504340493 -1.483167418645322e-16 -1.01755609893212
23 0.7548422737662499 -1.571505796529211e-16 -0.9510642094510098
24 0.7935483699560775 -1.652088001100027e-16 -0.8823354067447705
25 0.8286370199165681 -1.725139045962906e-16 -0.8116901188834416
26 0.8602130136838281 -1.790877093447757e-16 -0.7394055607138706
27 0.8883746399383962 -1.849506770715207e-16 -0.6657229336502294
28 0.9132117773388835 -1.901215196104939e-16 -0.5908536494398545
29 0.9348048300825844 -1.946169763079808e-16 -0.5149846620027669
30 0.9532242097600004 -1.984517061498994e-16 -0.4382829924402799
31 0.968530150858204 -2.016382493514544e-16 -0.3608995730285975
32 0.9807727136202242 -2.041870279524321e-16 -0.2829725588610845
33 0.9899918929315658 -2.061063684862801e-16 -0.2046301521827917
34 0.9962177542401777 -2.074025302772797e-16 -0.1259931202578995
35 0.9994705679220564 -2.080797334141147e-16 -0.04717703424892556
36 0.9997609118238808 -2.081401800982183e-16 0.03170560825856539
37 0.9970897298046716 -2.075840668315583e-16 0.1105435601231202
38 0.9914483363929275 -2.064095853862063e-16 0.1892247014647464
39 0.9828183699652064 -2.046129130565886e-16 0.2676342254139215
40 0.971171695080231 -2.021881923264274e-16 0.345652564093148
41 0.956470278301773 -1.991275050163135e-16 0.4231531467920376
42 0 -0.8129474558426806 0.4234453596607938
43 0 -0.8253859701258202 0.3464159345473052
44 0 -0.8352433440502119 0.2690136691329126
45 0 -0.8425676757809031 0.1913306312081632
46 0 -0.847394167754725 0.1134523940756095
47 0 -0.84974578592267 0.03546012797346168
48 0 -0.8496336440977152 -0.04256750863792123
49 0 -0.8470572116514328 -0.1205526691472381
50 0 -0.8420042912410416 -0.1984165358699079
51 0 -0.8344508627916631 -0.2760776208100912
52 0 -0.8243605678148023 -0.3534498516392433
53 0 -0.8116840683430202 -0.4304404490454267
54 0 -0.7963581961339481 -0.506947466174448
55 0 -0.7783048223381193 -0.5828568227163238
56 0 -0.7574294595395266 -0.6580386597229742
57 0 -0.7336196227052438 -0.732342746993593
58 0 -0.7067429923127121 -0.805592632490581
59 0 -0.6766454933149608 -0.8775780647528246
60 0 -0.6431495166058709 -0.9480450949087008
61 0 -0.6060527172784884 -1.016683103644711
62 0 -0.5651282779611017 -1.083107707239677
63 0 -0.5201282012402088 -1.146838515464843
64 0 -0.470792750713833 -1.207270901899124
65 0 -0.4168705764622246 -1.263641972833522
66 0 -0.3581575678743705 -1.314994270268871
67 0 -0.2945642934420872 -1.360147702128064
68 0 -0.2262211210214672 -1.397703856842559
69 0 -0.1536148710385935 -1.426124252269073
70 0 -0.07771543093983442 -1.443926693280426
71 0.9344274606577272 -0.07573704023462087 0.5
72 0.9218074457339105 -0.1505363629955946 0.5
73 0.9010830424367446 -0.2235084349550548 0.5
74 0.8726851319361204 -0.2938525228059249 0.5
75 0.8371595917657556 -0.3608825525367467 0.5
76 0.7951254756935098 -0.4240379048260908 0.5
77 0.7472363369823202 -0.4828806416326009 0.5
78 0.6941492458891357 -0.5370834927491136 0.5
79 0.6365026417790107 -0.5864127362081537 0.5
80 0.5749025948275241 -0.6307097057421753 0.5
81 0.5099160197927769 -0.6698731192584988 0.5
82 0.4420688684684714 -0.7038436564445985 0.5
83 0.3718478748891332 -0.7325910791868492 0.5
84 0.2997044562794935 -0.7561041632475486 0.5
85 0.2260597669405066 -0.7743826354310468 0.5
86 0.1513105853627774 -0.787431778118361 0.5
87 0.07583529522914334 -0.7952580071303967 0.5
88 0.07583529469874394 0.7952579916543071 0.5
89 0.1513105911200711 0.7874317807028413 0.5
90 0.2260597648440713 0.7743826224939605 0.5
91 0.299704448362031 0.7561041286999176 0.5
92 0.3718478766676814 0.7325910752452898 0.5
93 0.4420688713960531 0.7038436550205012 0.5
94 0.5099160228131363 0.6698731175972625 0.5
95 0.574902598140634 0.6307097035602484 0.5
96 0.6365026441860343 0.5864127343201813 0.5
97 0.6941492478659255 0.5370834909317499 0.5
98 0.7472363397429471 0.482880639672149 0.5
99 0.7951254848195761 0.4240379064853945 0.5
100 0.8371596263439739 0.3608825720961397 0.5
101 0.8726851380703025 0.293852525862578 0.5
102 0.9010830474248173 0.2235084384429605 0.5
103 0.9218074409407818 0.1505363622354449 0.5
104 0.9344274656304214 0.07573708889285234 0.5
105 0 0.8129474558426787 0.4234453596607942
106 0 0.8253859701258196 0.3464159345473062
107 0 0.8352433440502113 0.2690136691329139
108 0 0.8425676757809006 0.191330631208165
109 0 0.847394167754724 0.1134523940756113
110 0 0.8497457859226704 0.03546012797346428
111 0 0.8496336440977155 -0.04256750863791833
112 0 0.8470572116514338 -0.1205526691472345
113 0 0.842004291241049 -0.1984165358699054
114 0 0.8344508627916736 -0.2760776208100876
115 0 0.8243605678148073 -0.3534498516392386
116 0 0.8116840683430178 -0.4304404490454211
117 0 0.7963581961339421 -0.5069474661744421
118 0 0.7783048223381153 -0.5828568227163191
119 0 0.7574294595395281 -0.6580386597229712
120 0 0.7336196227052496 -0.7323427469935913
121 0 0.7067429923127191 -0.8055926324905796
122 0 0.6766454933149638 -0.8775780647528209
123 0 0.6431495166058698 -0.9480450949086927
124 0 0.6060527172784862 -1.016683103644703
125 0 0.5651282779611034 -1.083107707239671
126 0 0.5201282012402113 -1.146838515464838
127 0 0.4707927507138366 -1.207270901899117
128 0 0.4168705764622294 -1.263641972833518
129 0 0.3581575678743752 -1.314994270268868
130 0 0.2945642934420907 -1.360147702128062
131 0 0.2262211210214716 -1.397703856842557
132 0 0.1536148710385969 -1.426124252269072
133 0 0.07771543093983642 -1.443926693280425
134 0 -0.7288736084596144 0.5
135 0 -0.6598810889365225 0.5
136 0 -0.6084082538204125 0.4223594907085506
137 0 -0.6227098737721817 0.3440609297449881
138 0 -0.6339206120001981 0.2652599805021445
139 0 -0.6421367172090748 0.1860904505509273
140 0 -0.6474267738949557 0.1066715241835198
141 0 -0.6498340667003075 0.02711291018675167
142 0 -0.6493780847782323 -0.05248083004639739
143 0 -0.6460551459632593 -0.1320064374563239
144 0 -0.6398382713758016 -0.2113581407151159
145 0 -0.6306763539877543 -0.2904237121891526
146 0 -0.6184922747473388 -0.3690799190077575
147 0 -0.6031802627086127 -0.4471869989241073
148 0 -0.5846021685523899 -0.5245815842553725
149 0 -0.5625823601375364 -0.6010672048055682
150 0 -0.5369011387234939 -0.6764010959812596
151 0 -0.5072866113105139 -0.7502754331440459
152 0 -0.4734052617326209 -0.8222899297583011
153 0 -0.434852272771071 -0.8919110980970542
154 0 -0.3911450503636091 -0.9584109036431465
155 0 -0.3417301177000837 -1.020775379546882
156 0 -0.2860260989063948 -1.077573713260314
157 0 -0.2235533095052758 -1.126795151667753
158 0 -0.1542360184246746 -1.165727755925239
159 0 -0.07893710717070446 -1.191118277904346
160 0 0.6084082538204114 0.4223594907085506
161 0 0.6227098737721812 0.3440609297449886
162 0 0.6339206120001983 0.2652599805021457
163 0 0.6421367172090751 0.1860904505509289
164 0 0.6474267738949561 0.1066715241835211
165 0 0.6498340667003081 0.02711291018675373
166 0 0.6493780847782321 -0.05248083004639556
167 0 0.6460551459632589 -0.1320064374563218
168 0 0.6398382713757993 -0.2113581407151135
169 0 0.6306763539877525 -0.2904237121891499
170 0 0.6184922747473397 -0.3690799190077552
171 0 0.6031802627086147 -0.4471869989241055
172 0 0.5846021685523908 -0.5245815842553706
173 0 0.5625823601375374 -0.6010672048055647
174 0 0.5369011387234953 -0.6764010959812566
175 0 0.5072866113105144 -0.7502754331440427
176 0 0.4734052617326213 -0.8222899297582984
177 0 0.4348522727710717 -0.891911098097053
178 0 0.3911450503636092 -0.958410903643147
179 0 0.3417301177000834 -1.02077537954688
180 0 0.2860260989063947 -1.077573713260313
181 0 0.2235533095052754 -1.126795151667753
182 0 0.1542360184246743 -1.165727755925238
183 0 0.07893710717070368 -1.191118277904345
184 0 0.6598810965085011 0.5
185 0 0.7288736151105653 0.5
186 0.7028026470225369 -0.0783662995409361 0.5
187 0.6843078124137949 -0.1547799018134881 0.5
188 0.6544058455068822 -0.2274984558233829 0.5
189 0.614287794078566 -0.2951288645020382 0.5
190 0.565322930980072 -0.3566676300096759 0.5
191 0.5089022924021662 -0.4114620391663563 0.5
192 0.4463390289159346 -0.4591329942157386 0.5
193 0.3788216170142928 -0.4994922287664889 0.5
194 0.3074042853066933 -0.5324716986817826 0.5
195 0.2330185113012951 -0.5580704466210672 0.5
196 0.156494618546193 -0.5763175909247347 0.5
197 0.07858702511039292 -0.5872482235209792 0.5
198 0.07858702273918629 0.5872481734694786 0.5
199 0.1564946220610448 0.5763175902619335 0.5
200 0.2330185144393006 0.5580704457111676 0.5
201 0.3074042880177247 0.5324716975948924 0.5
202 0.3788216193178344 0.4994922275532687 0.5
203 0.4463390307150843 0.4591329930011432 0.5
204 0.5089022937358367 0.4114620380208693 0.5
205 0.5653229321475853 0.3566676287245863 0.5
206 0.6142877948487601 0.2951288633887748 0.5
207 0.6544058459983859 0.2274984548415622 0.5
208 0.684307812609271 0.1547799012133216 0.5
209 0.7028026470758901 0.07836629920866453 0.5
210 0.07964793065471419 -1.625676388916767e-17 -1.193727400063573
211 0.1573982838321742 -3.212621741439312e-17 -1.175313912741307
212 0.23167763746687 -4.72872128596372e-17 -1.145844534719348
213 0.3014077010337898 -6.151966271823217e-17 -1.10678744853329
214 0.3659960123551182 -7.47026408385651e-17 -1.059693959326141
215 0.4252230382798785 -8.679133879219425e-17 -1.006000185532973
216 0.4791101335656193 -9.779011525169941e-17 -0.9469396110719642
217 0.5278127323122865 -1.077306955292434e-16 -0.8835293930728961
218 0.5715483550336899 -1.166574772583239e-16 -0.8165919622434882
219 0.6105528474645155 -1.246185983929535e-16 -0.7467883431565399
220 0.6450560949751254 -1.316609803302964e-16 -0.6746511425229748
221 0.675269640685821 -1.378278006712123e-16 -0.6006129263191382
222 0.7013811452257865 -1.43157362413844e-16 -0.525029137814723
223 0.7235525393411202 -1.47682716886507e-16 -0.4481961817205886
224 0.7419201019953752 -1.51431679688619e-16 -0.3703654432458608
225 0.7565953768404761 -1.544270177495624e-16 -0.2917542767005499
226 0.7676663758188329 -1.566866949932638e-16 -0.21255468039778
227 0.7751987521757916 -1.582241117591843e-16 -0.1329403000335402
228 0.7792367806637591 -1.590483048696268e-16 -0.05307223303204515
229 0.7798040577963132 -1.591640905570621e-16 0.02689587392319842
230 0.7769038908824628 -1.585721438690554e-16 0.1068133840392577
231 0.7705193526921934 -1.572690098259308e-16 0.1865280861622319
232 0.7606129997657611 -1.55247045925501e-16 0.2658818734342376
233 0.7471262736861171 -1.524942999380987e-16 0.344705795722223
234 0.7299786042971328 -1.489943268664227e-16 0.4228145683573019
235 0.7111344158398116 0.2474352103038264 -0.1854150805672351
236 0.6734606469816171 0.3111130131700877 -0.1913593717393479
237 0.62994183723729 0.3644974744416196 -0.2189657073133636
238 0.5878135595223322 0.4020238211933586 -0.2670810034970806
239 0.5557525677585803 0.4192250502977445 -0.331607492762882
240 0.5413010435838708 0.4136824636355028 -0.4040077282245338
241 0.546942525407713 0.386299945788473 -0.4726009167736274
242 0.5688976560307079 0.3409640807859223 -0.5270125525734894
243 0.6818799669789505 0.1177377010929358 -0.5406071390572054
244 0.7065495524217935 0.0674185921419474 -0.4928903932916883
245 0.7271033950002033 0.0383624958865053 -0.4285697486539709
246 0.7433049520233039 0.0379255459548264 -0.3569314638254467
247 0.7526947739201918 0.06643845185785338 -0.2898451714633543
248 0.7517416336580076 0.1169297510374579 -0.2363230155011638
249 0.6268436333114074 0.2320801256193575 -0.5713203924715766
250 0.7121519055354729 0.18 -0.5269371626629495
251 0.7571863632371522 0.1799999999999999 -0.4711355063082779
252 0.7837253833813151 0.1799999999999999 -0.4045201353928737
253 0.7893998390512826 0.1799999999999999 -0.3330377754342185
254 0.7737031740293722 0.1799999999999999 -0.2630696259689144
255 0.0675534865358354 -0.8277696710743782 -0.3145503758411747
256 0.06738349418969522 -0.7684256332364287 -0.612080262049214
257 0.6723117067612615 -0.5752372658467769 0.4350163830149433
258 0.9832595930262503 -0.07144518489397753 -0.2344145505099064
259 0.922420223572838 -0.06541513496605064 -0.5487407061667163
260 0.8103153443806098 -0.06608088774742912 -0.8421806584444693
261 0.06918939626134482 -0.6934414889071685 -0.8325338036174772
262 0.07525432132304778 -0.8475760845807059 -0.008200583436880708
263 0.9978657913036185 -0.05541215371134254 -0.005430472389891501
264 0.6375604513476114 -0.06960343460765549 -1.11075232882382
265 0.7829295703781153 -0.4635818721219853 0.4339609413336607
266 0.4815423821198744 -0.7004328852085631 0.432764091122386
267 0.06890157056470195 -0.5837981206767724 -1.049151956509149
268 0.0683849786569492 -0.4433399724136249 -1.233166405205816
269 0.4707956884895298 -0.07017485475675211 -1.273637846768655
270 0.0700834324827158 -0.322023360092349 -1.338060301135786
271 0.9839518119140608 -0.06814822458842451 0.2311415538779508
272 0.2741657293249664 -0.7755625175094424 0.4405496394477601
273 0.9014280432689968 -0.2656169583008224 0.4344611017148217
274 0.06471173924686355 -0.8374217593165798 0.2301313655806131
275 0.2763872569210352 -0.07416606826031576 -1.387761956961775
276 0.07547162702496162 -0.8427218326466115 -0.1545173224920726
277 0.9580301806468461 -0.0682525413546617 -0.399028164570273
278 0.07076967194698999 -0.8028012581610923 -0.4652764317685407
279 0.8722174417322445 -0.07459743965776178 -0.6977116434478714
280 0.7327151663985784 -0.07027276440089064 -0.9794677779120878
281 0.1169719455373027 -0.0681909308025635 -1.435340032348805
282 0.9617915161955093 -0.0703934531720446 0.3783878230295272
283 0.07797308541575206 -0.8175638417070052 0.3802882317001344
284 0.06749478209204954 -0.1892514710139573 -1.410211267483019
285 0.9266782514799344 -0.1924287724374936 0.4350397258858742
286 0.927216939343705 -0.234194819238759 0.3678420213842435
287 0.8967723354556314 -0.3080037826030635 0.3682443344416763
288 0.9224654169152088 -0.2771925447368818 0.2996647174860991
289 0.8878046783483865 -0.3492050392214145 0.3007553411364036
290 0.9134857967264308 -0.3179858238558118 0.2319644903674819
291 0.8751329446406837 -0.3880542145417506 0.2325372290602515
292 0.9006519858234869 -0.3567000442331517 0.1635501195001567
293 0.858750600342628 -0.4248488888898619 0.1635684361528408
294 0.8840225065742611 -0.3934499400621083 0.09446391650961257
295 0.838662456146263 -0.4596435713931563 0.09427227321356613
296 0.8638699562466329 -0.4279041021230948 0.02513293282503496
297 0.8155532832725576 -0.49166456807014 0.02481346195703393
298 0.8403904067678918 -0.4599515902377329 -0.04430530774522938
299 0.7890161327921337 -0.521530299123389 -0.04565686104504863
300 0.8137685627450785 -0.4894920053313205 -0.1137217416525531
301 0.7596379304719374 -0.5486213944820503 -0.1156494578639605
302 0.7841778751189817 -0.516432158159071 -0.1829938094100974
303 0.727486617856584 -0.5732369909880669 -0.1831404279365362
304 0.7517810461428864 -0.540683107619692 -0.2520034965746833
305 0.7008196086453043 -0.6024709959974226 -0.1166277156481954
306 0.6928428998499025 -0.5949251801738366 -0.2515319185007662
307 0.7166982652015962 -0.5622192670029403 -0.3204732553471025
308 0.6556484633358471 -0.6138128833565478 -0.3198205212867568
309 0.6791711504314361 -0.5807671276649169 -0.3887745728180044
310 0.6160270662521165 -0.6298694930929044 -0.3874395287987701
311 0.6392382426291042 -0.5964207298524715 -0.4563047706039279
312 0.590485921129264 -0.6601847337526418 -0.3179511406352997
313 0.7001495802789937 -0.5446507227790383 -0.4567156295851906
314 0.6598822954045687 -0.5598208317569349 -0.524380247424879
315 0.596920949279504 -0.6091558003360559 -0.5229910860167839
316 0.617198725755345 -0.5720843711534159 -0.5909213511388434
317 0.5523364306721106 -0.6188600204200286 -0.5887029480594127
318 0.572225818319774 -0.5812411861007351 -0.6564468449318192
319 0.6349567240824249 -0.5316075322219843 -0.6576017755941408
320 0.5895387772546579 -0.5401965085433509 -0.722896795248802
321 0.5253710667256106 -0.587226941090784 -0.720205381821299
322 0.5417651853704299 -0.5456081716889305 -0.7868373756377766
323 0.6041705843540007 -0.4955591931657601 -0.7876534188242658
324 0.5558438685809837 -0.5002752777597447 -0.8512324018980507
325 0.4943557853467545 -0.5477785486057075 -0.8458641169813714
326 0.5057793922405011 -0.5024641451335339 -0.911019502282547
327 0.8053519989329988 -0.4818836933027312 -0.2511792300863465
328 0.7890122739633445 -0.5195065580955662 0.09070931974439529
329 0.5674249810856018 -0.4514930024084141 -0.9123360289046601
330 0.5159466406569341 -0.452201533363411 -0.9735248001372804
331 0.4517606810716104 -0.4999404805100175 -0.9726613626767074
332 0.4618137508047493 -0.4492956551510081 -1.032790877061603
333 0.8849129391863446 -0.3950781079152215 -0.0433091316969509
334 0.5749341946953224 -0.398129489440355 -0.9727584077090128
335 0.3994812955720538 -0.4949443170269174 -1.026694246964144
336 0.405528345094448 -0.443345242923602 -1.088464607418911
337 0.5490731353224582 -0.6735909695238578 -0.3850723296463145
338 0.5218398762473908 -0.701166654664232 -0.3150871084263241
339 0.478893274755788 -0.7118483456577698 -0.3817316198120753
340 0.4502643540354925 -0.7366980557684528 -0.3112839313772696
341 0.4929648926323258 -0.7255126150080486 -0.2445639949374304
342 0.4201368387573506 -0.7583579325577279 -0.2404095173716579
343 0.4626015505366586 -0.7466838498516151 -0.1735318229288078
344 0.3886622687540922 -0.7768649829892036 -0.1692277744354466
345 0.4309246598114908 -0.7646778267883834 -0.1023872820756394
346 0.4060282793666848 -0.7445980270602706 -0.3774712424835875
347 0.718350293863798 -0.5052180958280348 -0.5241948134020986
348 0.3912948256466573 -0.5397022182776282 -0.9658945631903342
349 0.6243475938200763 -0.3954197579271213 -0.9099016392424039
350 0.4683614853713958 -0.3936994936411355 -1.090979872765891
351 0.4109350821009774 -0.3860894463639845 -1.146155006547914
352 0.629082800701207 -0.3395282167998128 -0.9669429702770934
353 0.6762405571630821 -0.3349877029329937 -0.9024795718303052
354 0.3559769045505352 -0.7922468318966972 -0.09784804558278397
355 0.3980642873922938 -0.7795424179653391 -0.03097730569713088
356 0.4718925433311855 -0.7491199997109187 -0.03541780847342586
357 0.4388396211126206 -0.7634902859493086 0.0359200387221004
358 0.5113189655688589 -0.7302534112901553 0.03119651266472186
359 0.363978196275797 -0.7913420985261068 0.04039704749596081
360 0.4045512777588214 -0.7747864900990731 0.1073526044495052
361 0.4717899729229554 -0.3341916635498315 -1.144337755322613
362 0.4132391450940273 -0.3253117630375343 -1.198123886689718
363 0.3324215528432949 -0.4963596746088622 -1.073876814142497
364 0.3451059787667741 -0.785718612824904 -0.2357444102590109
365 0.3506816476151715 -0.3751747998092396 -1.197636985173928
366 0.3518396621935977 -0.3129425877205069 -1.247894430202293
367 0.3287928766356193 -0.8000661342900163 0.1117124349085739
368 0.3692017704034543 -0.7829774194024947 0.1786086016742861
369 0.4439308722092222 -0.7547886193555982 0.1740311684178564
370 0.9219910759680697 -0.3244062223477402 0.09477711399374078
371 0.8250019339767166 -0.4594536356042612 0.2391187611895246
372 0.7563174901063399 -0.4876046426389343 -0.4560166770496397
373 0.7716415841813875 -0.4455807854823246 -0.5223428978866906
374 0.8070331489493666 -0.4257906190857225 -0.4533806875269972
375 0.8190512002455685 -0.3812433393921669 -0.5187343891440647
376 0.7832673556554612 -0.4007512887857264 -0.5875744674185357
377 0.8516105100099296 -0.3595080457877542 -0.4489671449701395
378 0.8270834885139905 -0.3339889539948023 -0.5827851924637489
379 0.7908573925287947 -0.3532176222656175 -0.6514723694764031
380 0.434440063033561 -0.7193113621931844 -0.4472140264623427
381 0.3604142433168357 -0.7491845620305888 -0.4427771313876409
382 0.388533444467752 -0.7231278339368373 -0.5132376320485181
383 0.3134713931242342 -0.7502606044550519 -0.5078061302255323
384 0.3412173223101856 -0.7238265590063493 -0.5771203748553474
385 0.2846565188454452 -0.7735397576524752 -0.4368942541576474
386 0.2877555580284783 -0.3607352086354057 -1.24487897344771
387 0.2877814290709849 -0.2968523239174009 -1.293034724618209
388 0.2926129459909479 -0.8056982834769518 0.1828411317481675
389 0.287473472268084 -0.8136978149492362 0.04473659567937895
390 0.8307800089926417 -0.284169008262503 -0.6452696604819936
391 0.7940490513541816 -0.3031230273615327 -0.7137647837441176
392 0.4712617474674986 -0.2704992154747274 -1.19274222862901
393 0.527916779048183 -0.277695984097893 -1.136720679935857
394 0.4083661599951803 -0.7624563987836446 0.2452797221138226
395 0.4819039590864732 -0.7313339342009989 0.2404233548353909
396 0.3496776987685972 -0.2461807589326626 -1.29191924287712
397 0.2842567845808469 -0.228483903038076 -1.334427186585152
398 0.8638982487860467 -0.2638181900874271 -0.5751724049375837
399 0.6772424888835105 -0.2764303867642781 -0.9569776163451822
400 0.7219929370333675 -0.270384456493693 -0.8909409286818043
401 0.5340363117986503 -0.7110777180674795 -0.1774056024441638
402 0.7516522287475386 -0.3704902890672198 -0.7177653213115951
403 0.2654371453040353 -0.7479089910801144 -0.5714757991197071
404 0.2931499154705408 -0.7205307388652996 -0.6411169414629951
405 0.3681935662085346 -0.693353396403388 -0.6469192388234801
406 0.3196990193832338 -0.689499620063447 -0.7100352498527742
407 0.2436511341850623 -0.7136178631466582 -0.7040928940125015
408 0.269933412439198 -0.6817185563966629 -0.772588704677325
409 0.5239094324113663 -0.2113674602655945 -1.181268049096804
410 0.3450380688293854 -0.6546637818327488 -0.7778164921447973
411 0.2950154419887509 -0.6460260989847643 -0.8396479342996592
412 0.9445726527203951 -0.2440539075796344 0.2308339914014283
413 0.5785415289867302 -0.2172617430613403 -1.123125195244376
414 0.3436828239447754 -0.1752599665754104 -1.3284473510579
415 0.8297729125663452 -0.231976638270263 -0.7058909626068728
416 0.5163397158534476 -0.7211585056307988 0.1689346192940206
417 0.5528494371436971 -0.6947583817195654 0.2350411523205018
418 0.5859392229150137 -0.6821164652889739 0.1633107680571324
419 0.6206892212781995 -0.6527732211659001 0.2291242289757953
420 0.5873192881902646 -0.6649699033159148 0.3008018999076655
421 0.6520939896812445 -0.6378049437658944 0.1570769938913358
422 0.6848284463073763 -0.6054986064805369 0.2225909259797818
423 0.5431192307606918 -0.7133244409639296 -0.03987083631820397
424 0.6172124602515476 -0.6666180249872616 0.09159732910940691
425 0.2223813762575723 -0.3425629694598537 -1.287258049460883
426 0.2207949931953251 -0.403476839162243 -1.235421924342292
427 0.8392435398652667 -0.4038266778457525 -0.3835231467582768
428 0.8808613660615738 -0.3356953159110234 -0.3784168698745417
429 0.8893261603625519 -0.2892114622114348 -0.4429738106534061
430 0.9153742145044222 -0.2639857303863336 -0.3714814634935109
431 0.9065964230150895 -0.3102958873549979 -0.3069705606403079
432 0.9378542930643508 -0.2368950141659305 -0.2998227860184268
433 0.9288374871764562 -0.2831370629811757 -0.235167004119618
434 0.9185254901778392 -0.2191769290200441 -0.4345686872852375
435 0.4664957596717701 -0.204005473585784 -1.234441994773134
436 0.8937974885952173 -0.3537423478306155 -0.242330912950665
437 0.6704639193772799 -0.3905002289491667 -0.8447649672655883
438 0.9564394941771063 -0.2095120805296758 -0.2268160479917938
439 0.947249102920516 -0.2552311078236372 -0.1624771951688501
440 0.9714616997225576 -0.1802494232854021 -0.1540928384754021
441 0.9621223226511774 -0.2256733945005099 -0.0897524140635635
442 0.6804833734074189 -0.620808863583194 0.08592675842068724
443 0.6462251584681834 -0.6485628855693238 0.02055274347334398
444 0.2190437211319813 -0.6702598305927395 -0.8332429454332474
445 0.2438210063327125 -0.6334872748813229 -0.89983022112813
446 0.7187008329010928 -0.2095085329152395 -0.9427413531863647
447 0.6738779852956316 -0.2161553506377708 -1.005865074337934
448 0.7581767460359381 -0.2056657182418823 -0.8779669663886518
449 0.3685282161398435 -0.6166250815126484 -0.8429002460073968
450 0.4458724029264515 -0.7389194870332951 0.3092468886532138
451 0.3715408690579582 -0.7671691108146432 0.3155456515439328
452 0.5301496492303156 -0.6531103446655445 -0.5198940676853024
453 0.484703437067558 -0.6596949153807937 -0.5848971122324969
454 0.5787387747024343 -0.3414488350427874 -1.029086274595415
455 0.8594776666749724 -0.3771078007180142 0.3681609239420807
456 0.1704077372310203 -0.6555382425009948 -0.8893343761810719
457 0.1921123927453929 -0.6175139455733802 -0.9566808094058123
458 0.2656937347044609 -0.5938876100784453 -0.9631725804151875
459 0.2150146757586395 -0.5746543065926081 -1.021922212172963
460 0.4168090930474489 -0.6231628750826258 -0.7792134411150348
461 0.5711386415179853 -0.1482426165982181 -1.163062904249903
462 0.706379715974115 -0.6015523635001663 0.01924436034475628
463 0.7538225992710028 -0.3200565896466637 -0.7808101938875548
464 0.9341015408969462 -0.2979093802128282 -0.09852472785363475
465 0.949047992373604 -0.2674218224953685 -0.02618029308537521
466 0.9729853858713114 -0.1960120112147526 -0.01601496044326359
467 0.1578766122492714 -0.383466673963702 -1.273649943838052
468 0.1203273102007279 -0.6397611762049963 -0.9386148605725284
469 0.9638135542649531 -0.1504319316766954 -0.2890630809678996
470 0.9602292187020528 -0.2357783728394055 0.04623377876481412
471 0.9807658423510149 -0.1624761205238748 0.0572825324298657
472 0.9677034510737546 -0.2026338301729588 0.1188551798089443
473 0.9841243039378796 -0.1303187247179805 0.1296393545268939
474 0.4095198095166879 -0.7419969958589099 0.3843823880926562
475 0.2901003552608786 -0.5474153138031109 -1.026414205661933
476 0.2370546066288794 -0.5280135337675514 -1.083068591929565
477 0.272421559790428 -0.4738385527853086 -1.137144001226177
478 0.182560816558994 -0.4922408253868351 -1.152094852117545
479 0.1553490966217319 -0.4414964126624256 -1.218416338715997
480 0.152164507114438 -0.5493097234988715 -1.084316090621706
481 0.114528584857491 -0.5114035153405861 -1.146233064746163
482 0.7508062852161309 -0.1408930923833087 -0.9271099511715633
483 0.9492488951202245 -0.157402796295277 0.3686394845471464
484 0.2766564896093419 -0.1561350137945858 -1.367711923927095
485 0.2158789357208049 -0.2080752589126717 -1.37059287515625
486 0.2068305198718113 -0.134244682776731 -1.400040662814327
487 0.1524905008029534 -0.317175764242758 -1.326973620799713
488 0.627813064392758 -0.1477409568278043 -1.1001285169228
489 0.9679551641797454 -0.1795228833369007 0.1969862611980424
490 0.3256556824079515 -0.7720675149848457 0.3806429231453565
491 0.2950484942441453 -0.7902244421768387 0.319820390844944
492 0.3497385724398037 -0.1044543807971874 -1.346691425817779
493 0.403976047292829 -0.1218161515523515 -1.310036846069035
494 0.9537499918896075 -0.1940264504808996 0.2836053141900981
495 0.9680303857322421 -0.123359493201329 0.2966474596579176
496 0.1371755412597892 -0.6003304798969007 -1.007060158049411
497 0.7278304655303528 -0.5288200291793774 0.4182518082297644
498 0.7742868954280774 -0.495690454121213 0.3563523795444024
499 0.2516939421009163 -0.8198237685493641 0.115933862742433
500 0.2146440532084354 -0.8229457024484129 0.1866620446333378
501 0.175243673443858 -0.8339474301021829 0.1187208269463613
502 0.3127717333997841 -0.8015877078838179 -0.1643124087172813
503 0.2683834914418476 -0.8075831765068694 -0.2305653566729564
504 0.2353980735598142 -0.8208423889635014 -0.1589532687533796
505 0.1925625653761466 -0.8237241299026831 -0.2236463878833979
506 0.2234476990080644 -0.8101482240266344 -0.2958918884314839
507 0.1595574778822596 -0.8343116024649117 -0.1528676158165704
508 0.2018538514600362 -0.830938569865485 -0.08703088395139036
509 0.1228833031307198 -0.8422205082428909 -0.08100057316336264
510 0.167829945736361 -0.8378976640651471 -0.01496186551405802
511 0.1309361546402585 -0.842058927316088 0.05527751372522599
512 0.1395233369489335 -0.824905209309992 -0.2852787225828882
513 0.1792418289156785 -0.8092668234794869 -0.3593504783274161
514 0.3004905197266279 -0.7912099798379589 -0.3015551963367071
515 0.5629881397145333 -0.6872874438801959 -0.2480021811317126
516 0.6021780323584801 -0.6702987978778364 -0.1805959896788784
517 0.3223841781129547 -0.8044676558219982 -0.02649559129815542
518 0.2796238569453508 -0.8142764766871829 -0.09283989107242023
519 0.3763141833290465 -0.7667149917909664 -0.3067420671389889
520 0.503553078525476 -0.7317118925559781 -0.1064843131535286
521 0.2367557111953955 -0.7718124086218136 -0.5011553726002027
522 0.1909087983084707 -0.7658674375328705 -0.5647854472331796
523 0.1489327961195432 -0.787780055422911 -0.4999045314349782
524 0.7135607424508998 -0.5888860515757691 0.151032392580999
525 0.7438114129690141 -0.5538265124148762 0.2161101460091439
526 0.7126853823136565 -0.5721409442178245 0.2863759968095289
527 0.7722173792198602 -0.5145220097461783 0.2799213750347089
528 0.6526752373870951 -0.6205243519134127 0.2938646201229353
529 0.6194480095764437 -0.6318238248877597 0.3661252851759825
530 0.551978741404002 -0.6744094420557838 0.3719458127902507
531 0.6665986042346868 -0.6245061886952472 -0.1825092639647005
532 0.2174375829192493 -0.7419750930619166 -0.6332795235910345
533 0.1662690795674665 -0.7321076185925181 -0.6961685365987662
534 0.4782155503344507 -0.7440789053444379 0.1026081681332439
535 0.8348503096621221 -0.4555794294279631 -0.1820018778540876
536 0.5741788611720913 -0.6429340174757969 -0.4543577321087106
537 0.3328192111871079 -0.7880543222029908 0.2497824918046213
538 0.2554675569996047 -0.8082731746587969 0.2532616139167367
539 0.2173066148192747 -0.8076869979854127 0.3237749389996123
540 0.762722136660707 -0.5495973520809048 0.01959511347680718
541 0.518167341510914 -0.7048657540278632 0.3036034587651612
542 0.6775436115022522 -0.5202392157675221 -0.5913692729415989
543 0.6930553839686506 -0.4767812607063764 -0.6565858165370575
544 0.7332789932578813 -0.4628507847650962 -0.590398678347311
545 0.1931818584150689 -0.703060699766372 -0.7652598663473291
546 0.1150301300757901 -0.7169890034338889 -0.7607292390184086
547 0.07233032874897809 -0.7438486147380651 -0.6937917109286325
548 0.5063029357729888 -0.6252485676714152 -0.6526123885049329
549 0.505935170121888 -0.6838193518157349 -0.4511808342344417
550 0.7378786834148677 -0.5264222307890434 -0.389014894716096
551 0.7730960799714288 -0.5053871846217168 -0.3203325693873588
552 0.8110387622186387 -0.4880380868935891 0.1624621390815382
553 0.393510974262919 -0.6598181150283613 -0.7141522990872914
554 0.8609521774682499 -0.4273486172365071 -0.1122288235528423
555 0.915974890177497 -0.3259450312269376 -0.1712276981566231
556 0.8683012339412738 -0.3795298169757121 -0.3132995254984812
557 0.9828584895925183 -0.1493634084798453 -0.080876844397404
558 0.9869532996510281 -0.1037615332630172 -0.1522259377738181
559 0.9048188285669495 -0.3615989261825077 0.02629233373608644
560 0.8469548430412921 -0.4155502998510838 0.3029812868716569
561 0.9348633668010308 -0.2861017308066114 0.163647609754066
562 0.3311120223142596 -0.7717756558926756 -0.372378627991214
563 0.6498105565381923 -0.4880059166621604 -0.7222792991911265
564 0.8597129341558239 -0.312849579581523 -0.5135267425321137
565 0.31490626590257 -0.6079871552368894 -0.904607095789541
566 0.94202731828446 -0.1896017000955145 -0.3634511138814746
567 0.7445141469196668 -0.4181571557077124 -0.6544052268576936
568 0.8630817599205165 -0.2121966850013239 -0.6366278938323917
569 0.8954532450947463 -0.1887834276612718 -0.5593992085802074
570 0.8860430386287309 -0.1386199087214373 -0.6292597643583256
571 0.8932382159324276 -0.2404308630512688 -0.5067035345310165
572 0.4444561079652927 -0.5461242120005942 -0.9051226016026052
573 0.7932323975668902 -0.2510624066145477 -0.7721033945921756
574 0.8260517294584409 -0.1803622095445513 -0.7570799645821313
575 0.3438189939520047 -0.4342343566140806 -1.142473509068902
576 0.6164826716257172 -0.4466981372514652 -0.8501629043299909
577 0.6300824942606768 -0.2810415469596158 -1.018799293897898
578 0.1443166828407659 -0.6881142571005512 -0.8251094627527806
579 0.5229397513877821 -0.3976747272429203 -1.033116546323167
580 0.7096487860519158 -0.1461375469508427 -0.9907223763691987
581 0.683606791475978 -0.08657093647941444 -1.047928459450429
582 0.2079753033591252 -0.7921898774148941 -0.4304924515897599
583 0.2000695414307351 -0.7923337350960007 0.4375418683308572
584 0.994897822358106 -0.07597462665001849 0.06784383381780422
585 0.6297335077438624 -0.6437879631039246 -0.2502440364591469
586 0.9718247296228346 -0.06941598314643627 -0.3206021213539642
587 0.9418336599211246 -0.06889684602132998 -0.4729299552128456
588 0.9235364706659049 -0.13163134633825 -0.5087385319235078
589 0.5493117832071028 -0.707969595003487 0.0975403874894238
590 0.5731620339615779 -0.6935003072892355 -0.1106253937966129
591 0.8423950188608783 -0.06593057240832594 -0.7732107075611101
592 0.4118678232460901 -0.2601661974047145 -1.244536974872034
593 0.1338132290084489 -0.8349792609150052 0.1897487463828414
594 0.1792567337060531 -0.8224408787646426 0.2580054734172614
595 0.139458085640701 -0.8209224682623195 0.3170129728160672
596 0.5145142038378346 -0.141779294640832 -1.219598414141981
597 0.7738109708668955 -0.06810729017996391 -0.9110759392924532
598 0.7914421754262496 -0.4674430411563892 -0.3868892106114462
599 0.5863351301031432 -0.0696312462867147 -1.168577997618075
600 0.06211678258830824 -0.8436649734989651 0.1520213029344016
601 0.06804611995252842 -0.8364065912995514 -0.2386933640392291
602 0.06720351875310662 -0.8163294155402659 -0.3921424278813455
603 0.06885037567954064 -0.7870052031353694 -0.5386318865740899
604 0.8684781146325538 -0.3358363463362034 0.4341303457533891
605 0.8287817296002653 -0.4017947459028711 0.4342159001186928
606 0.530720837766985 -0.06405805141452495 -1.224074763914317
607 0.5255286893211858 -0.3406837269748524 -1.088152731304983
608 0.2231439080636888 -0.2782901170362255 -1.331330547515722
609 0.5807716657816336 -0.6917863231358654 0.02617958711841003
610 0.1518580120378551 -0.1931135941360269 -1.394808602256626
611 0.4607883369076828 -0.6909727945283521 -0.516437789719373
612 0.4093222773280716 -0.1930078836726206 -1.281340109995945
613 0.1937902986456627 -0.05485034569022088 -1.419431671721352
614 0.1454333428274564 -0.1265288932424184 -1.418253132116837
615 0.1097395368073998 -0.2607731521727025 -1.370872006505226
616 0.2455547909394643 -0.8238826515089815 -0.02107864607582048
617 0.05033542605362483 -0.07593393986874625 -1.442357042352031
618 0.04177241261257882 -0.1387011105769694 -1.429282349724368
619 0.06356782444972876 -0.3908215801203231 -1.284336794779919
620 0.6615710413664297 -0.4412524912011119 -0.7846598103175391
621 0.2545494062788487 -0.7933419937403559 -0.3670375626087029
622 0.6829154563723576 -0.5843169283927832 0.3583118824633388
623 0.8237102396741163 -0.4446392207477476 -0.3172241987381888
624 0.8571377208351317 -0.1610243338497819 -0.6945292109734983
625 0.9395437364963954 -0.1419076252606962 -0.4335117248694741
626 0.6391513946334655 -0.6502896201335776 -0.114073411552737
627 0.6101724445655364 -0.6729239154020863 -0.04445554720277538
628 0.2103331563504747 -0.8304723329413485 0.04980118161508367
629 0.413626981384363 -0.6943769084126408 -0.5828282543178608
630 0.703408455950606 -0.4321681232798381 -0.720217117841369
631 0.8527597685411507 -0.4196007344091507 -0.2474046133069424
632 0.0666280449717076 -0.8294584447714176 0.3017594345343631
633 0.5785435304332653 -0.2819313983468008 -1.080491421211164
634 0.4557449183431237 -0.1445193390823903 -1.266895821256092
635 0.9431552589316107 -0.117773520276004 0.4380346381839373
636 0.4392293721926682 -0.6620312470933396 -0.6491956319069916
637 0.8180505401914439 -0.4388605116604132 0.367456801579213
638 0.2854790900530013 -0.4170952644714349 -1.193689894481293
639 0.6097322499653286 -0.6230180283548581 0.4373925026963602
640 0.1419571650812722 -0.7574647799589584 -0.6248919842529091
641 0.1225808547814257 -0.8031762893380997 0.4400763719932731
642 0.6736832810558004 -0.6275425723086393 -0.0477738298658693
643 0.8785449819695128 -0.3924935149539758 -0.1772272370918096
644 0.7114771952076413 -0.3833257706320505 -0.7814207422862494
645 0.4615362273744273 -0.6265397665639553 -0.715747427689322
646 0.9001248501208947 -0.06522294123974423 -0.6217902310588114
647 0.1325531008121143 -0.8063760939186062 -0.4163297909515833
648 0.6272458456557176 -0.2203532732629449 -1.064894170969948
649 0.974635630025835 -0.1437628785261059 -0.2125102767074566
650 0.9951596022559186 -0.06787855166941892 -0.08304597603295254
651 0.5464446095961271 -0.6617819324070345 0.4474648018261885
652 0.9010173976978324 -0.363310316385734 -0.1073044808079223
653 0.06529713063554543 -0.5433414661088407 -1.111051426548193
654 0.4808721742702434 -0.5881162951657627 -0.7808949839079471
655 0.7334236131518126 -0.577137531429442 -0.04740244566672731
656 0.7169105582559848 -0.3310163948847682 -0.8384745914857666
657 0.9922035928959448 -0.05930609700081232 0.1497360398977182
658 0.7861794983802414 -0.1340636800750981 -0.8664227145300687
659 0.06057662527774225 -0.6605304458796979 -0.9083696130749758
660 0.06193478367172684 -0.8471876065003312 0.07632196668913084
661 0.4330523323642518 -0.586089437433753 -0.841789634961788
662 0.4825993709924181 -0.7137838341552101 0.3608287282239452
663 0.7365379945943269 -0.572713821063366 0.08616212387529215
664 0.9201033324233824 -0.3322623722961798 -0.03579663615110332
665 0.756612077227198 -0.267717746221329 -0.8308602092732905
666 0.66730888153498 -0.1619318899449773 -1.044005556548657
667 0.0589957148690942 -0.6244777873683265 -0.9799738627104962
668 0.9752720080266817 -0.05506318496585739 0.3063861795085953
669 0.05507818099279745 -0.8473630500245226 -0.08152763361326704
670 0.05537774918303527 -0.4946767496184547 -1.176414894582062
671 0.4093338034335621 -0.7287989850134464 0.4522813604619897
672 0.226200895267705 -0.4482129705730784 -1.187565027282894
673 0.95771402564134 -0.1236589407661995 -0.3599363031359692
674 0.3802965927445492 -0.5793835535946172 -0.9064044598091963
675 0.4062166516349947 -0.05325411914800663 -1.321858341691926
676 0.9356321053210052 -0.2993499046278208 0.03444707131929343
677 0.7649289758173589 -0.53993996265445 0.1546463268850456
678 0.3483200848399613 -0.753469306180046 0.4419695023456889
679 0.7920920343763405 -0.1968203764039872 -0.8189268806853205
680 0.05152230441576199 -0.719399914824863 -0.7686809834597652
681 0.8201495421742426 -0.1231091534281717 -0.8025953083232717
682 0.1276400973008822 -0.8338748524360809 -0.2115690594446237
683 0.1716649209725128 -0.2548736562915113 -1.360699899194631
684 0.2532856217521786 -0.7920794555983278 0.376683991983652
685 0.9886549451387351 -0.1276303727337822 -0.005683190116550437
686 0.8085718558745655 -0.4663014149093216 0.3084810699159868
687 0.3282214452208092 -0.5674219767811016 -0.9690520955108582
688 0.1696314492379276 -0.807561213328382 0.3797459379464304
689 0.9477364387378973 -0.2640053791210712 0.1058267548007449
690 0.7872463904231174 -0.5084885151328189 0.2168892710890755
691 0.1257023590088318 -0.7750657909109976 -0.566693853826748
692 0.7337391602866421 -0.5416720475773389 0.3416741746402583
693 0.8459922857276801 -0.1212258568575078 -0.744962772893722
694 0.1170440323364296 -0.8301593715387112 0.2611597778800895
695 0.1158308903932341 -0.8185200691333838 -0.3530445499173509
696 0.949266311081543 -0.05541595399105335 0.4460796065926617
697 0.975052790055135 -0.1282998351394603 0.2359933529492863
698 0.04861643659542208 -0.2530771715297545 -1.38244296952291
699 0.05612547088829299 -0.8068748333908372 0.4486732584719328
700 0.9077149777430262 -0.1255352539503613 -0.5694672930255752
701 0.3483010794122299 -0.528710159595047 -1.016849642657313
702 0.113334533954822 -0.8417225043357136 0.1172341873726902
703 0.9920878397813905 -0.0447047821460216 -0.1652974809643235
704 0.3398215651931024 -0.04325291434550485 -1.361712857427623
705 0.1109945291645231 -0.475518198219932 -1.191044808745846
706 0.9550188713144597 -0.2312484984288865 0.1710994665912876
707 0.1125324012814549 -0.671245352144149 -0.8744710826506961
708 0.60802390861491 -0.1104311855166135 -1.135663816939373
709 0.9148032279219039 -0.1888136944426922 -0.4891287552552145
710 0.9829239387965154 -0.1113650859238515 0.1873525704249334
711 0.1115536307561692 -0.3562341281032269 -1.306539183427939
712 0.1074722276151285 -0.4077789058265601 -1.262665594005691
713 0.5518560806610858 -0.107424640147224 -1.195245540389081
714 0.07092758653603654 0.8274348998591857 -0.31555037841422
715 0.06503719332380888 0.7662712451488038 -0.6204168226654029
716 0.6736858698536778 0.573316626617976 0.4379153344712386
717 0.9809283969281712 0.0748632582663696 -0.2512410124505517
718 0.9211778156960398 0.06825016836224752 -0.5521135712650481
719 0.8083469699110393 0.06824235288267458 -0.8456489947947999
720 0.06522153026490037 0.6903736962421887 -0.840587709232983
721 0.06752838357690599 0.8480554628367999 -0.004600281904538365
722 0.9967565051269004 0.06825497313252421 -0.007725188989568652
723 0.6428225961292025 0.07161745002711971 -1.103982490340702
724 0.7828737990208073 0.4629755263034052 0.4360511464852844
725 0.4690171667286613 0.7044309799697314 0.4426872769026055
726 0.06629036887996381 0.5879478786896144 -1.0427425880212
727 0.06598122165199953 0.4512734382168719 -1.225040742384973
728 0.4703234877020777 0.0682143693816393 -1.274314416265347
729 0.06444574514340003 0.3273125088130992 -1.334917845436525
730 0.9823723313829866 0.07709926756063287 0.2370082629383123
731 0.2641921441647652 0.7802739188370089 0.4290011798479541
732 0.9015622589344275 0.2649635596907042 0.4350362264824183
733 0.06755382526286868 0.8372702897001304 0.2300179737167027
734 0.2674395986065135 0.06819816606488012 -1.392331274175082
735 0.06396395525747661 0.8432675710591886 -0.156753566345952
736 0.9580301806471777 0.06825254135274121 -0.399028164569556
737 0.06798702847077366 0.8032559350916804 -0.4638630614133307
738 0.8710174784010658 0.07263760543433347 -0.7014551257704553
739 0.7309737744296217 0.06823648695369905 -0.9826173485737338
740 0.1169719455468523 0.06819093080572641 -1.435340032346731
741 0.9618560877542827 0.07532793194543617 0.3752648399930207
742 0.06375216589341806 0.8168710822172449 0.3900661440282843
743 0.06222670119047028 0.2039904362390439 -1.404729914755468
744 0.9267138525308749 0.1913587528769456 0.4362520713199142
745 0.9276555973000195 0.2326055441428203 0.3684507069848253
746 0.8974722365720934 0.306530494794057 0.3682367276711022
747 0.923410280652829 0.274800939390718 0.299956087390749
748 0.889531164856219 0.3463880937736767 0.2995066238533516
749 0.9141252885431952 0.3166898948242677 0.2318269441676402
750 0.8771987517566069 0.3851848947031618 0.2300412220381331
751 0.9019988653283185 0.3542910987671027 0.1631808776169596
752 0.8599742100492397 0.4232733763892049 0.1619303603560722
753 0.8868538890369646 0.3889576525182032 0.0927880711690386
754 0.8406009732176351 0.4572170357797582 0.09228902290928152
755 0.8677594425026991 0.4222302627764596 0.02253089171295777
756 0.8211359142275049 0.4849823440458401 0.01991203575509456
757 0.8460043294607779 0.4523229393530471 -0.04806400000043022
758 0.7958835652941296 0.5139478093593892 -0.04526233392702166
759 0.8205272080360048 0.4809690479737442 -0.117382622127558
760 0.7668985747690699 0.5413604266978368 -0.1144657174323152
761 0.7919866736425163 0.5072475074696429 -0.1870021914891478
762 0.7362891085255947 0.5644594823971989 -0.1884409382216319
763 0.760764767044764 0.5306438937455707 -0.2573608814612645
764 0.7092240503486236 0.5949857070055953 -0.1215303080522772
765 0.7027322914288242 0.585403471115633 -0.2587586216583285
766 0.7268700076850374 0.5513646511006934 -0.3271176340518135
767 0.6666221959143261 0.6036580936567816 -0.3282599655573109
768 0.6904557730101599 0.5693179748396665 -0.3961917363832042
769 0.6280603046670329 0.619200426286285 -0.396754884062101
770 0.651598945871381 0.5844329536685627 -0.4646086246461266
771 0.6021081341283688 0.650911948130769 -0.327612352171485
772 0.5852066801495399 0.6337858008007738 -0.4621123312922569
773 0.6104433331486783 0.5965676654733667 -0.532316898215326
774 0.7111413682904046 0.5324545715832157 -0.4628192789198988
775 0.541815780765574 0.643811044844353 -0.5282925206566618
776 0.5671191009727621 0.6056809190343792 -0.5989499194277853
777 0.5005002699046687 0.6477601572942663 -0.5956440743653469
778 0.5219041079248804 0.6117802229792885 -0.6638219144183564
779 0.5877503854541452 0.5664576505210926 -0.6651579232147522
780 0.5420093236220571 0.5718214732908137 -0.7302858453278256
781 0.6057696607001537 0.5234242755999317 -0.7305493320602497
782 0.5595478452021545 0.5282070913079931 -0.7951809241263041
783 0.6209305724745081 0.4768620476385062 -0.7938115299468123
784 0.574037115834964 0.4807792917244578 -0.8585081985099339
785 0.5112501467119887 0.5299007248162461 -0.8578070537196499
786 0.5247942734558912 0.4818161821105947 -0.9208133349298353
787 0.4820514086935713 0.6750749780121678 -0.536428468889996
788 0.7946140067092043 0.5135427489441245 0.08663286712166197
789 0.8127064252940169 0.472207218087613 -0.2548285952910598
790 0.4568657365729601 0.6500618471627201 -0.6587331405856598
791 0.5856439320048914 0.4299077236835125 -0.9184511701868245
792 0.5353072562671172 0.4295989201468058 -0.9813044382845248
793 0.4725800792368504 0.4792438215629675 -0.9821321007720613
794 0.4824674396378639 0.4262928052792202 -1.041279628013857
795 0.6652229851579913 0.4699799506526531 -0.7275482752747411
796 0.4179930288041542 0.4736444618118412 -1.04034636960227
797 0.4270456637594065 0.4195387743950282 -1.098575437854485
798 0.4891233350455568 0.3691075652829964 -1.096827331682835
799 0.4326871289276055 0.3611449439094903 -1.152966010861049
800 0.8971814617679903 0.3745353733429699 -0.04375923850903751
801 0.3609648537586423 0.4645399249243491 -1.095707860361126
802 0.3500594239311891 0.5155623943199944 -1.035063163832503
803 0.6775179456633278 0.4205008729545811 -0.7891977263373956
804 0.7195796269042319 0.411571273360802 -0.7217360540909608
805 0.5934690686121299 0.3753109432074312 -0.9757485961699175
806 0.7284995850070198 0.3593135415532998 -0.781649022752013
807 0.7681312771869933 0.3485935041838462 -0.7129874631007093
808 0.4920203166454842 0.3077105233386913 -1.148032904993748
809 0.4343530663266914 0.2985155928907238 -1.202713262479107
810 0.373256809906296 0.3500927581725013 -1.205367216681722
811 0.3736601742739953 0.2860600527152903 -1.253321882033666
812 0.9265412787136139 0.3150797753390052 0.09302682909645997
813 0.3109588600245692 0.3357443119778158 -1.253461785318234
814 0.3101027517447235 0.2701283425888027 -1.299219971905481
815 0.8305990326902136 0.4534760229499563 0.2314633904963637
816 0.2916754895238076 0.5038707369202785 -1.088491820472571
817 0.279399303563004 0.5518846711939401 -1.025690885974585
818 0.3372095421605407 0.5622295811813244 -0.97136815453876
819 0.2653830263333106 0.5956395153816213 -0.9601999890290397
820 0.3227231938903369 0.6047340983906351 -0.9051600603914682
821 0.7585714343695799 0.4003987120254823 -0.6527809032774808
822 0.8046047567234438 0.3357110022037108 -0.6429608507792131
823 0.7944602252068829 0.3871351343073045 -0.5825237171799188
824 0.8378904037845391 0.3208188321510524 -0.5717548891548782
825 0.8272079395370215 0.37204283712583 -0.5109022320024292
826 0.867957736047291 0.3040605842107793 -0.4995391245561871
827 0.7731559171922221 0.2937889995384039 -0.7710496647760297
828 0.732777159773826 0.3040593470498303 -0.8393437048626651
829 0.8568924082864482 0.3544138973043367 -0.4395242093595811
830 0.8947742093713642 0.2855722396415129 -0.4264702674860019
831 0.8838172582831099 0.3352926238898447 -0.3647170999147313
832 0.9183043614969671 0.2654837167176551 -0.3526950467972518
833 0.9068899528696029 0.3151468419394421 -0.2903148462838225
834 0.8438412666996414 0.2670774285819151 -0.6307163068191832
835 0.2500317613590082 0.6355178603798628 -0.8920465215188775
836 0.3068551800242246 0.6432724035416809 -0.8368738599404387
837 0.4905754756787526 0.2422698426077574 -1.194026706098385
838 0.5463183719298642 0.2499733209268709 -1.137163836496818
839 0.2331851395018666 0.6711814296753751 -0.8229522440247811
840 0.2898166339533872 0.678032238491813 -0.7668635619691034
841 0.2154196259232738 0.7033485461720179 -0.7518912621606371
842 0.2717834359459048 0.7091862468397099 -0.6954196571663239
843 0.9385092130619758 0.24392035787205 -0.2783526932662329
844 0.9268468171109563 0.2921487208231094 -0.2190521413535911
845 0.541122727834661 0.182073607495519 -1.179147573805165
846 0.9557010796006413 0.2197075877289743 -0.2041556066397512
847 0.9476864320547246 0.2385519063134453 0.2205067973496072
848 0.3703377385399177 0.2176750372448527 -1.294703654348312
849 0.2459906488140584 0.3179067571276499 -1.296600551747906
850 0.24393110934042 0.2505292051360711 -1.339682146249254
851 0.2450339802091643 0.3805865862813611 -1.246898199666322
852 0.9014852154103075 0.2326770822711196 -0.4861114003114735
853 0.9402824810990569 0.2777129327930786 -0.1384896529518749
854 0.9689510518002254 0.1962384154258341 -0.128335169911879
855 0.9557527997566971 0.2468988885363695 -0.06745512780709853
856 0.1913095482009917 0.6239666848380251 -0.9447609411121726
857 0.7731843888033443 0.2362035329939418 -0.826582657061945
858 0.7332285802703455 0.2490576816646205 -0.8897396054607305
859 0.2199272639910468 0.5374081261393844 -1.077203080185616
860 0.8109159252084278 0.224677209587632 -0.7569875780028199
861 0.7447152608757041 0.4492207285748836 -0.5909390310860403
862 0.3786002056885497 0.6097157007088847 -0.8481254814865009
863 0.2316552666036282 0.487849518049456 -1.138899095606533
864 0.1590107844205598 0.5185694283425476 -1.125517529184186
865 0.8135060568086994 0.4179125567145113 -0.450379754602708
866 0.1982009495350154 0.7321713703715725 -0.6781663828656287
867 0.2532451664027432 0.7370453899728275 -0.6219524427633619
868 0.326396020960773 0.7118036819454727 -0.635688862303125
869 0.3080571463096378 0.738032784695313 -0.5638268480084275
870 0.2332439181627099 0.7614089297090086 -0.5486751817969271
871 0.2880244922511513 0.7614481388686153 -0.4907473941076658
872 0.2125131479170665 0.782543168069707 -0.4748876281114566
873 0.2671937703514408 0.781862051067421 -0.4164961423467288
874 0.3418376768897842 0.7575958313881613 -0.4319699201383062
875 0.3208546191614027 0.7773297451852421 -0.357335585314384
876 0.3945263835451557 0.7499478792111001 -0.3722588741045441
877 0.3733189659254643 0.7690188179385075 -0.2975156822142562
878 0.2988966867130605 0.7940877497695812 -0.2822555048339894
879 0.3511817163214365 0.7851233606857521 -0.2222653849457109
880 0.4245280427622596 0.7569312780874049 -0.2372535728098301
881 0.4021440723040887 0.7724221096546687 -0.1620273007774985
882 0.3279820200604718 0.7983483592864888 -0.1469336071591834
883 0.3787614140053872 0.7850317330511456 -0.08656705502726798
884 0.4516337726388363 0.7560372080322707 -0.1014562813767725
885 0.4281749448294288 0.7679902156088305 -0.02600395029562655
886 0.3543410584902288 0.7948231269110775 -0.01090180763862351
887 0.4035070913368753 0.7771876884787589 0.04953852859888961
888 0.4761420226598704 0.7471887315799901 0.03454733133079574
889 0.4511853388881986 0.7558126191824133 0.1101484013463225
890 0.5224493891968013 0.7226278497439501 0.09498234508813083
891 0.3777393800333014 0.783601285844492 0.1250964248538776
892 0.4973014625919825 0.7306524375281593 0.1703018116732559
893 0.5668409714897998 0.694319962325742 0.1551721410145017
894 0.5908036441110638 0.6842034161265539 0.07960865051329516
895 0.6333673516516871 0.6526649273262131 0.139576015429305
896 0.6089512197619937 0.6623315368399688 0.2150923372062369
897 0.6732927289748097 0.6175268812452779 0.1991913469011361
898 0.6559689262344744 0.6404779020010347 0.0638226147727196
899 0.6131782211290893 0.6714492429031977 0.003785042460139739
900 0.6486251906137512 0.6265650491553961 0.2748001921569924
901 0.7105363493279998 0.5786003831783555 0.2584784506944505
902 0.5828724077913148 0.6693644502342549 0.290445728849385
903 0.191636582648736 0.8006431378904375 -0.3998358867474859
904 0.1408102152179362 0.7261805901245196 -0.7254240781442221
905 0.59485217347616 0.188669278902028 -1.12024389149451
906 0.5984141952584606 0.2557002287286956 -1.076721899741407
907 0.645451854206595 0.1947833735908106 -1.056490950214149
908 0.6467839063100452 0.258982408094509 -1.013795283741336
909 0.8946151679540296 0.3547398829285739 -0.2315017463487183
910 0.9456950088038385 0.1926991421709859 -0.3377779616002136
911 0.6414136268293421 0.3728361677176175 -0.9126844059598803
912 0.8599742534756922 0.3763580817219185 0.3679552608888613
913 0.6912664249483687 0.1962005967604928 -0.9928751560234146
914 0.1854549722322129 0.3673019756313646 -1.279684587164631
915 0.76498185671357 0.1820460209239643 -0.8807281422094589
916 0.733816507833238 0.5672344737451778 0.1844281692486646
917 0.1643889049939905 0.7788489190532345 -0.5295651488526215
918 0.1757337831104327 0.4729135465272401 -1.177602936769146
919 0.6742283598312931 0.6277198967580466 -0.009479096671191968
920 0.6295893058997873 0.6591894537483648 -0.06786684328021696
921 0.5674853991345787 0.6991153070301467 -0.0556473349564744
922 0.587480945443727 0.6837892954759477 -0.1273482552591933
923 0.6212638709649601 0.6345805265029061 0.3451835101912847
924 0.4804699137622791 0.1737776241818876 -1.236630869942613
925 0.9781419514525926 0.1738135471254932 -0.05470908761961615
926 0.9657524681282263 0.2205065023171532 0.007064594269000905
927 0.9864584490615881 0.1222419118994008 -0.1143319037460904
928 0.9369150967159933 0.2971233821497862 0.0003584245647820877
929 0.7159075142327196 0.5927771462779317 0.04875888932239462
930 0.4153653829312823 0.7282777213821021 -0.4430692099587224
931 0.476083081898975 0.7130316418350812 -0.3826943460059167
932 0.3768450706431024 0.7116531522459563 -0.5745708846649432
933 0.5549939681447761 0.6738704427800742 0.365295502623594
934 0.5142194752867595 0.7070885114256276 0.3026736311243859
935 0.533373168935361 0.1132224243376432 -1.21122316569335
936 0.7691815721385677 0.5242389674516551 0.2425318089317976
937 0.7444636344608679 0.5361839730392535 0.3172133421510641
938 0.6845293515056098 0.1280417115069636 -1.034214945602468
939 0.1031012763474197 0.4908718714220761 -1.174292441895655
940 0.9484977782804155 0.1589744009492223 0.3707359006282736
941 0.7328459638366132 0.5777974884256853 -0.04254100940945474
942 0.7977842336574621 0.4799884817777365 0.3064371395296989
943 0.7991304302714564 0.5025176667126274 0.1580191422288639
944 0.9869566567161588 0.1363739906558889 0.01921278404025708
945 0.972304595792883 0.192729572859979 0.08218366399602189
946 0.9863348480670555 0.1229268938028782 0.1144366900153776
947 0.9711579259200853 0.177447926841055 0.1670372236620088
948 0.9523751005496663 0.2470768834760089 0.1335856056436421
949 0.9686801978581938 0.1577303020267913 0.2392468466083499
950 0.1424452489230786 0.5661918578734254 -1.061583603928399
951 0.6083224978820365 0.6269352667932176 0.4250575589421731
952 0.8686654291621588 0.3354423897401849 0.4342287326234636
953 0.8287422205696503 0.4020140009607859 0.4337836703968417
954 0.7322723086743883 0.5189225856803857 0.4375793558813451
955 0.3038784043082449 0.8087230394264957 -0.07135992311730584
956 0.278842860723479 0.8162826311226992 0.004135585162823113
957 0.2522429948685664 0.8188914544331329 -0.1315479653318954
958 0.3289249834247502 0.8018126593930539 0.06446330395409379
959 0.3024635832169262 0.8060316682475279 0.1397949660579545
960 0.3511241033153691 0.7871659081395616 0.2003533576754563
961 0.2751267094374429 0.8074217412057204 0.2149730346148999
962 0.2256574789859819 0.8231320807302273 0.1541247476667713
963 0.3236601954229908 0.7878667063868079 0.2754875845358515
964 0.2470657522605781 0.8059295232206443 0.2898751929149491
965 0.39849496330764 0.764505547641344 0.2603890823906143
966 0.3709775085664221 0.764438278577478 0.3355889571060338
967 0.2528070575451092 0.8210747823228872 0.07928608846223695
968 0.1763586594045354 0.8348719667167976 0.09370453830533239
969 0.1379965578385376 0.8355646099372874 0.1754089985786731
970 0.09705611562627074 0.8436684228371696 0.1067740925051469
971 0.1977866992641575 0.8223122824480011 0.2291134938367345
972 0.1693216568363143 0.8185824201814113 0.3037662263506877
973 0.2190139408485627 0.801365082296014 0.3645074652955176
974 0.2761255896551161 0.8079097577290978 -0.2067890001600168
975 0.2230782438146726 0.8137406727263018 -0.2663127554432644
976 0.4739567295802152 0.7412772596409932 -0.1765341004728384
977 0.4999616995594641 0.7214537663682495 -0.2495906662430535
978 0.3597431968911003 0.7364461027376883 -0.5021344583323172
979 0.4476338982696619 0.7378328749654942 -0.3114387668397334
980 0.2456983662033143 0.7992514547752955 -0.3415236886156803
981 0.1828262601684162 0.7572148886119343 -0.6030619385839826
982 0.6947403375286171 0.6069587312388502 0.1250803833589263
983 0.5605465514970644 0.6648798915706077 -0.3942627547427833
984 0.5302711782872394 0.6955362816144027 -0.3217354534610219
985 0.5725954753926591 0.6802265319970257 -0.2581974792757101
986 0.4990511093709282 0.6839422238321197 -0.466498653474622
987 0.6756743868394856 0.6161300343737598 -0.1947741897534687
988 0.5412635420423039 0.7019241088306605 0.2297213034191094
989 0.747869247499134 0.5150434210232325 -0.3932047620815854
990 0.7821178156014206 0.4944598260671196 -0.3238942338122864
991 0.8300468872875416 0.4364580149652232 -0.3155555697184194
992 0.3436234666638895 0.6822370900044312 -0.7069474865655321
993 0.841144953822538 0.447053601952647 -0.1825882702996523
994 0.8686332691587129 0.4160013039379843 -0.1118556984329772
995 0.9090082635440634 0.3478220185972184 -0.1147003457199202
996 0.6310718131827692 0.5580845929552545 -0.5990168463075267
997 0.6494748582022243 0.5159078481940316 -0.6641468681730603
998 0.6723238696735618 0.546851873383201 -0.5309352192222182
999 0.2954174813711946 0.7856700558482477 0.3503041479890791
1000 0.3474183220940175 0.7572933430065804 0.4240804684119502
1001 0.4219275234472118 0.735890490568171 0.39028443735114
1002 0.5459839191837587 0.7120366606339709 0.01927503698840805
1003 0.4994250816038779 0.7360154926356564 -0.04077502516963612
1004 0.847192404347112 0.4158775713574798 0.3002659685256585
1005 0.4252047270957756 0.7616083499489413 0.1855055917610749
1006 0.1467627749434375 0.6944405538901911 -0.8086137225631898
1007 0.9628678322553887 0.169523193491544 -0.2638426409986958
1008 0.9643762259989684 0.1159477778351542 -0.3286451099150792
1009 0.978541960845137 0.1344444976180711 -0.1914762353295065
1010 0.7807508611228008 0.43467325936634 -0.5206252741431212
1011 0.6847986256607869 0.589443719891393 0.3247470212111815
1012 0.1761022899439682 0.659912305180447 -0.8775095427184767
1013 0.1168366075284871 0.6450989936250876 -0.928859740531468
1014 0.4950941610580926 0.5737258973025282 -0.7932640456157257
1015 0.706535596079392 0.4607782661555446 -0.6596203327615807
1016 0.3932916296263397 0.5683608084273662 -0.9150129612347258
1017 0.9252484278305925 0.2139800606135582 -0.4115080864933299
1018 0.92724773700043 0.1584934681274129 -0.470844315655906
1019 0.902612327146366 0.1809984329604664 -0.5424392197168691
1020 0.2276532898557465 0.8270296607190617 -0.05599974403699557
1021 0.1792837400338928 0.8332417196425272 -0.120445021620083
1022 0.1421333356227852 0.8409109121215306 -0.04742769862619511
1023 0.4767812556324065 0.6140282024987738 -0.7262139778646969
1024 0.4596740430833848 0.52805287712231 -0.920221543554629
1025 0.8741744103764818 0.2509578892617531 -0.559049264443731
1026 0.4064147279642805 0.5236557418570035 -0.9783904109443593
1027 0.8100361988880588 0.2818399331498875 -0.7012642134092679
1028 0.6400228374706312 0.6348977359812289 -0.2612159020341667
1029 0.3609008969461334 0.6482790093164735 -0.7782434468780974
1030 0.8068067260748357 0.1553032707837586 -0.8146884856659407
1031 0.8424124572721543 0.1515594250739563 -0.7372911450118694
1032 0.6328119612858294 0.4266249689497721 -0.8549267369311403
1033 0.2056879561119159 0.5840380316492976 -1.010412972526502
1034 0.5424641603352176 0.3743942310397146 -1.037256133879398
1035 0.3023124588816547 0.4520304640815308 -1.147054809957114
1036 0.2008881949192871 0.8250317175448141 -0.1919811758046852
1037 0.1460790787688231 0.8280068408257062 -0.2500568319406684
1038 0.5462668804716232 0.3149961939493258 -1.089200172443222
1039 0.06609702250817337 0.541211786171939 -1.113972959075182
1040 0.1289325852323842 0.6084175202460717 -0.9951562089995839
1041 0.3695988505885479 0.4090234878222392 -1.152580639041499
1042 0.974206346225016 0.06757534165815471 0.3062270961855909
1043 0.9412801567615554 0.07946049989614709 -0.4704185419123995
1044 0.8452429670439938 0.2123427462315063 -0.6849723795580982
1045 0.8743778393651395 0.1397853702070144 -0.6619666578632731
1046 0.8400556225539098 0.08043351812572774 -0.7745662700579676
1047 0.3085728279305506 0.3965336805668384 -1.201971315737143
1048 0.1658635644998035 0.8161419094550159 -0.3260685438478583
1049 0.1123218739468585 0.813242539812039 -0.3890809308664545
1050 0.897746996463459 0.06753715287478496 -0.6282653696398254
1051 0.431425567146139 0.2318753719180874 -1.24687784894013
1052 0.5933430916157098 0.125118684061878 -1.147495766195451
1053 0.7707197173713334 0.06698119951258286 -0.9168099633079293
1054 0.7403083763530641 0.1367395028567653 -0.9464672713343679
1055 0.4708851988881704 0.7360089502665721 0.2447737660891896
1056 0.2017929195158114 0.8324470453644308 0.01800820457276184
1057 0.305271972469674 0.2002470425511977 -1.337862791117635
1058 0.371288704128833 0.1473875378727829 -1.322665602138761
1059 0.2396519846725564 0.181178999900295 -1.373398216566784
1060 0.1748682897337742 0.228492968674416 -1.373418261085407
1061 0.1820706412060653 0.1681607664425795 -1.396607544158131
1062 0.06505955255756031 0.8468241060251107 -0.08235675844972715
1063 0.06835383418601004 0.8370303790569873 -0.2320529661954157
1064 0.08179624416683365 0.8275174555987466 0.3093291278718931
1065 0.06181102584129698 0.7862489901736183 -0.5436177341315349
1066 0.06768250090111973 0.7437752995370979 -0.6950054214715363
1067 0.06999487928680517 0.7187025883717725 -0.7675084100187144
1068 0.1836383044654144 0.3041809804944454 -1.327532776972011
1069 0.8158957659600371 0.440959788288862 0.3702055626148288
1070 0.408999335049703 0.07000104414915012 -1.31777587099087
1071 0.4428291902833373 0.1334602102427608 -1.279989121079195
1072 0.6906226171284329 0.5060400125614599 -0.5953998515824657
1073 0.3533559457401645 0.07316513755719621 -1.350704683782159
1074 0.1896918115309782 0.06292122840140817 -1.419621327969916
1075 0.1874296978040243 0.7949819040948567 0.4353257532931558
1076 0.6857783703543413 0.3677547474069027 -0.848615168202591
1077 0.0719286020963813 0.0950442211199715 -1.437127248224449
1078 0.08769913982243507 0.1616473675660373 -1.417847153238754
1079 0.1462552295134599 0.1305522866348023 -1.417013741130125
1080 0.06323807528188433 0.3865060921493941 -1.288165660172163
1081 0.5455138622039103 0.7038996821326232 -0.1870241912623709
1082 0.5218593239016356 0.721947813365084 -0.1147865032816532
1083 0.060193387309363 0.2598005248519228 -1.377848149921764
1084 0.8757935488360694 0.19626541345679 -0.6146197926021294
1085 0.4443481625863325 0.7384704004621379 0.3168868561800456
1086 0.6905797612413284 0.3137068975684204 -0.9019060475591583
1087 0.2443506858279684 0.4374265203539419 -1.191702045088463
1088 0.5977825178096295 0.3186975972484817 -1.027432486061852
1089 0.4463405603614194 0.5717916793072889 -0.8556966738639524
1090 0.7292393309334239 0.4930064849594429 -0.5264142037205192
1091 0.2993044607543895 0.1253364168115843 -1.366907838691702
1092 0.9431447545573208 0.1182281308764733 0.4377257015016022
1093 0.1436471230566803 0.8114970804632495 0.3778599304805142
1094 0.4293836191778571 0.613517335263669 -0.7870922377335539
1095 0.6433841106409434 0.3178837720904945 -0.9685687055104875
1096 0.9913668612823511 0.06636317644882019 0.1527404568382964
1097 0.9492107218379752 0.2010786027296808 0.3008074651465742
1098 0.990699713584318 0.06540932036880352 -0.1627132952930618
1099 0.9010333045887468 0.1291426689598626 -0.5890918048873356
1100 0.9058644165568543 0.3595737704358274 0.03099744122931753
1101 0.765453108428698 0.4767655249503768 -0.4573182214382862
1102 0.9467056239083946 0.1398152966507321 -0.4015530615518068
1103 0.1424953992762673 0.7970406928072779 -0.4594996564895797
1104 0.1240450283311122 0.4077666077850916 -1.259478673482488
1105 0.1263062486603565 0.8429242115319533 0.03628910011910383
1106 0.6123280058347003 0.6619070777377496 -0.1980648719185094
1107 0.6891762076808017 0.2575679599497383 -0.9543758016280661
1108 0.7990093135776553 0.457879286810091 -0.3874684980854207
1109 0.4113199807427825 0.6514166412260328 -0.7154968182903997
1110 0.1134696538946797 0.8039055561434462 0.4413372087876977
1111 0.7676242863312892 0.4986907039352174 0.374038160818939
1112 0.7697387418822981 0.5422893777408424 0.0315758924579361
1113 0.1298439000250251 0.7517742369881919 -0.6499267420736728
1114 0.05962124753267184 0.6258767314564545 -0.9772935105613884
1115 0.6875687495507403 0.05771701874210053 -1.048259227786796
1116 0.870470054076084 0.3775516564450965 -0.3075484412287163
1117 0.392977638388388 0.683155525147041 -0.6478352409735252
1118 0.843821834534936 0.3983742515447946 -0.3789688189599639
1119 0.9956415945220595 0.06160268761986932 -0.08511105746573965
1120 0.6362071437771498 0.1401973831651467 -1.092838262195626
1121 0.9526494911351916 0.255703934420322 0.06421660739025237
1122 0.7500539069150515 0.5584624937780636 0.1099595584963078
1123 0.1311101032928997 0.8359390495364828 -0.1812272778165728
1124 0.4852263799468041 0.7112466045054843 0.3679312425878456
1125 0.9963878426979723 0.05898889131658231 0.07096247207626503
1126 0.1867159068595662 0.4229714630893851 -1.228243286657229
1127 0.5847054198184407 0.06014480226694173 -1.171823215790844
1128 0.1318029278626545 0.8299034895061504 0.2484324654002706
1129 0.6501623578750602 0.6413167666459226 -0.1299613809862442
1130 0.06105072393386013 0.8429178029168364 0.164479988485815
1131 0.05564885240536131 0.6598086676445972 -0.9105562939078016
1132 0.4392834813643774 0.6797676716032675 -0.5933800974762282
1133 0.2260816722168473 0.110658026856479 -1.399786100762126
1134 0.9645463683080238 0.1334688013666597 0.3075721647605318
1135 0.1252239251437802 0.2812526159778415 -1.356221982335086
1136 0.8576118548832129 0.4132281959424605 -0.243320575726259
1137 0.5378642291934618 0.668698268501654 0.4393263848244813
1138 0.7122021725108576 0.5536568531996137 0.379492753010254
1139 0.9732570806395541 0.05059229774966648 -0.3217170092139558
1140 0.884943374506865 0.3827374804428856 -0.1723225777225713
1141 0.1256642388199512 0.3539004900799166 -1.3056911828782
1142 0.7260835470475904 0.2042470983248564 -0.9341681242280566
1143 0.9307768935850904 0.3079282962269927 -0.07126934473891831
1144 0.4252198128923189 0.7077426465247025 -0.5144975008038393
1145 0.1191392793564252 0.7738212053764312 -0.5745695796528995
1146 0.5324974726387018 0.06036431800884542 -1.222998328438501
1147 0.04859845943046397 0.8173334964624906 -0.3918317358845826
1148 0.9908881210657804 0.1105929681276606 -0.05048587374901263
1149 0.9302903769908266 0.294967228249996 0.1724021811235643
1150 0.05861942167346439 0.8478881082682931 0.05665673987447063
1151 0.7817614347369499 0.1193583209247482 -0.8809640199191791
1152 0.4110151704620203 0.728297171069874 0.4514268779632679
1153 0.9215027418025559 0.1229276490633439 -0.5226390821182769
1154 0.9492306623053562 0.05664872728132118 0.4457883897384865
1155 0.9822557122150172 0.1147829378541334 0.1887132062515145
1156 0.1164692596597763 0.6710158085619664 -0.8738997510560748
1157 0.1167880274606915 0.8413581837442961 -0.1177171161675214
1158 0.05392343953471648 0.8072571476575962 0.4472375154404064
1159 0.1232092606772393 0.2004118946302882 -1.397748769925531
1160 0.682660698609148 0.6196745909271686 -0.07237212867320995
1161 0.6572532759289385 0.5995045453658998 0.3851948832518542
1162 0.9143797503642588 0.3291019306638006 -0.1715803687048746
1163 0.1316514219274574 0.4515372868611174 -1.213566718417914
1164 0.4154484050506503 0.1857991742338311 -1.280295177038522
1165 0.4898485922054587 0.1151331126800289 -1.248770322133115
1166 0.04276489346106793 0.4959861612272386 -1.175916556558513
1167 0.1082472139540761 0.7910838941862145 -0.5066798198785011
1168 0 -0.03359807756579247 -1.379659809180261
1169 0 -0.1670351119654283 -1.357484732259916
1170 0 0.1670120387543141 -1.357386361266648
1171 0 0.2171138981560636 -1.215456068015695
1172 0 -0.2171138981560681 -1.215456068015697
1173 0 -0.3926399040322055 -1.18368856259139
1174 0 0.3926399040322064 -1.183688562591385
1175 0 0.4828369396749634 -1.075079486450831
1176 0 -0.4828369396749617 -1.075079486450835
1177 0 0.04091329150663636 -1.266784822730502
1178 0 -0.5651596171056203 -0.950237739089947
1179 0 0.565159617105615 -0.9502377390899426
1180 0 -0.7016201263386543 -0.6068974534463054
1181 0 0.7016201263386481 -0.6068974534463116
1182 0 -0.7810267176022681 0.07241970069001358
1183 0 0.7810267176022672 0.07241970069004289
1184 0 0.6574195048292779 -0.7437433388765644
1185 0 -0.6574195048292726 -0.7437433388765635
1186 0 0.5518351034699025 -0.8170380456636099
1187 0 -0.5518351034699016 -0.8170380456636179
1188 0 0.6879938272895281 0.3913625501702258
1189 0 -0.6881978739513368 0.3918282374334696
1190 0 -0.7733662662283072 0.2177467266358821
1191 0 0.7733273375017387 0.2177417689642702
1192 0 -0.7375014110360905 -0.4587571216308781
1193 0 0.7375014110360887 -0.458757121630879
1194 0 0.7821483930651247 -0.07384556016320332
1195 0 -0.7821483930651247 -0.07384556016320509
1196 0 0.7640829189109724 -0.3061017678167381
1197 0 -0.7640829189109732 -0.3061017678167417
1198 0 0.7094722823669226 -0.1798470029899626
1199 0 -0.7094722823669306 -0.1798470029899626
1200 0 -0.05075842702197164 -1.254920431045494
1201 0 -0.1300526255564769 -1.237687493743802
1202 0 0.1284117696372498 -1.239664892357972
1203 0 -0.3058619462421079 -1.168481567967612
1204 0 0.3058619462421071 -1.168481567967612
1205 0 -0.2945077298638994 -1.239656064552413
1206 0 0.2945077298639012 -1.239656064552413
1207 0 -0.4705860402325293 -0.9630105005267335
1208 0 0.4705860402325222 -0.9630105005267424
1209 0 0.3630603224806732 -1.09740918294554
1210 0 -0.3630603224806732 -1.097409182945543
1211 0 0.6170184151597091 -0.6607773894809013
1212 0 -0.6170184151597038 -0.6607773894809217
1213 0 -0.713560467270157 0.1509623051124498
1214 0 0.7135604672701579 0.1509623051124196
1215 0 0.2451577237338114 -1.277603816295693
1216 0 -0.2451577237338123 -1.277603816295693
1217 0 -0.7185362481168536 -0.01307885169391287
1218 0 0.7185362481168527 -0.01307885169389422
1219 0 -0.6597009045446107 -0.4935546561747604
1220 0 0.6597009045446107 -0.4935546561747488
1221 0 0.6946404524339558 0.3178685705526378
1222 0 -0.6947289604958806 0.3179531258476995
1223 0 0.4204421654893213 -1.032384052888198
1224 0 -0.4204421654893213 -1.032384052888202
1225 0 -0.5138407054133012 -0.8901662286770984
1226 0 0.513840705413303 -0.8901662286770913
1227 0 0.6907634670914273 -0.3369407392590746
1228 0 -0.6907634670914273 -0.3369407392590738
1229 0 0.7016651556521101 -0.2592973614736298
1230 0 -0.701665155652119 -0.2592973614736369
1231 0 -0.7501279869553983 -0.3843145763821054
1232 0 0.7501279869553965 -0.3843145763821028
1233 0 0.7561500060909481 0.3721181911602631
1234 0 -0.7562026895577612 0.3721685218030011
1235 0 -0.6313420754944161 -0.8147289466402832
1236 0 0.631342075494425 -0.8147289466402814
1237 0 0.5969954185673458 -0.8829656866220743
1238 0 -0.5969954185673458 -0.8829656866220787
1239 0 0.5816861444095984 -0.7372274385750144
1240 0 -0.5816861444095904 -0.7372274385750206
1241 0 0.7723005511694554 -0.2291958826557536
1242 0 -0.7723005511694581 -0.2291958826557527
1243 0 0.5320137302433894 -1.016886564641474
1244 0 -0.5320137302433823 -1.016886564641474
1245 0 0.7770284771644285 -0.1494449736758519
1246 0 -0.7770284771644285 -0.1494449736758536
1247 0 0.763958205695598 0.2925268486416606
1248 0 -0.6745449932866698 -0.4175316137627529
1249 0 0.6745449932866707 -0.4175316137627512
1250 0 0.6934214257144831 -0.6803599177040676
1251 0 -0.6934214257144804 -0.6803599177040711
1252 0 -0.7639882257381512 0.292550155909888
1253 0 0.4475735620254628 -1.13796106016807
1254 0 -0.4475735620254575 -1.137961060168097
1255 0 -0.7177263953177366 -0.5381507502701997
1256 0 0.7177263953177304 -0.5381507502701961
1257 0 -0.6328729115149958 -0.5798909814784823
1258 0 0.6328729115149807 -0.5798909814784725
1259 0 0.7103807715643677 -0.09619314832380788
1260 0 -0.7103807715643606 -0.09619314832381054
1261 0 -0.7002033814815203 0.2336752207684158
1262 0 0.7001965502640104 0.2336703260963127
1263 0 -0.7962181577609266 -0.004322418366312419
1264 0 0.7962181577609257 -0.004322418366301761
1265 0 -0.0973421028746051 -1.317099594816156
1266 0 0.1070406391202372 -1.31119766487984
1267 0 0.03557553395367208 -1.341590746280073
1268 0 -0.791583058927273 0.1491823515444244
1269 0 0.791575273181957 0.1491813600101013
1270 0 0.7020768547169078 0.06881751769576905
1271 0 -0.7020768547169087 0.06881751769576461
1272 0 0.09603881590016616 -1.380222649902199
1273 0 -0.1058611188768515 -1.384859016361167
1274 0 -0.7502621800933209 0.4390462438635003
1275 0 0.7502621808924292 0.4390462428828945
1276 0 -0.6871246010522407 0.4506467944011048
1277 0 0.6870837947242876 0.4505536567523336
1278 0 -0.356083407199896 -1.240987473916494
1279 0 0.3560834071998951 -1.240987473916505
1280 0 -0.2989486531053949 -1.298293578793128
1281 0 0.2989486531053966 -1.298293578793128
1282 0 0.03527438159434571 -1.401110181437129
1283 0 -0.02199759140353752 -1.315803011120904
1284 0 0.1813726238702733 -1.290658443513239
1285 0 -0.1774243644364351 -1.290902402649073
1286 0 0.2379503943191796 -1.336345388074582
1287 0 -0.2384275551084079 -1.338165712943536
1288 0 -0.428478247417603 -1.085708445613169
1289 0 0.4284782474176048 -1.08570844561316
1290 0 0.4764697189100486 -1.021840151126812
1291 0 -0.4764697189100486 -1.021840151126812
1292 0.8799389825535124 -0.0408039893952914 0.5
1293 0.844801798608688 0.1622561496565149 0.5
1294 0.8448017933951713 -0.1622561459154337 0.5
1295 0.7620362708554111 0.34892710864764 0.5
1296 0.7620362644938403 -0.3489271046844076 0.5
1297 0.5721646708789123 0.5528746364235095 0.5
1298 0.5721646684387851 -0.5528746381561582 0.5
1299 0.6701873796789046 -0.4589934924532439 0.5
1300 0.6701873800294003 0.4589934880412132 0.5
1301 0.3191636875870731 -0.6931498805418892 0.5
1302 0.3191636805982334 0.6931498572019876 0.5
1303 0.05974927457809098 -0.6943773486980627 0.5
1304 0.05974927378045791 0.6943773558095492 0.5
1305 0.4444592159849963 -0.6251097169403392 0.5
1306 0.4444592191638472 0.6251097154384517 0.5
1307 0.1776880422650544 0.7158400970460157 0.5
1308 0.1776880534230472 -0.7158401018956706 0.5
1309 0.7241512436156281 0.2137038414589494 0.5
1310 0.724151243789553 -0.2137038427910891 0.5
1311 0.7648849367770989 0.04406355866621325 0.5
1312 0.6484638650403394 -0.3716897794629723 0.5
1313 0.6484638671259653 0.3716897775057157 0.5
1314 0.7633988113779857 -0.04415423560189957 0.5
1315 0.7603629730142112 0.1330227832763153 0.5
1316 0.7603077076869473 -0.133026155519425 0.5
1317 0.5845637801568495 0.4329242915189813 0.5
1318 0.5845637788939344 -0.432924292989961 0.5
1319 0.4452763658192502 0.5416632125199898 0.5
1320 0.4452763633789178 -0.5416632139225213 0.5
1321 0.3753232045845305 0.5782243897765937 0.5
1322 0.3753232019575581 -0.578224392658548 0.5
1323 0.6957176204418998 0.2992849625675147 0.5
1324 0.695717617449036 -0.2992849618976203 0.5
1325 0.2105588514027987 0.6334647822663007 0.5
1326 0.21055884786609 -0.633464783394543 0.5
1327 0.1205272917877966 -0.6547897905477322 0.5
1328 0.1205272949192127 0.654789779850641 0.5
1329 0.5189033084817378 0.4894767753347784 0.5
1330 0.5189033068727698 -0.4894767767835475 0.5
1331 0.2968372818189549 -0.623459611028407 0.5
1332 0.2968372784485513 0.6234595972118298 0.5
1333 0.82531463180214 0.08511145235666806 0.5
1334 0.8254151789211406 -0.08933627725627513 0.5
1335 0.248288342772919 0.7064445965117727 0.5
1336 0.2482883767062907 -0.7064446626348957 0.5
1337 0.3841040620076868 -0.6623914126661159 0.5
1338 0.3841040673243619 0.6623914114200966 0.5
1339 0.5109370282159613 -0.5849511951338746 0.5
1340 0.5109370308829186 0.5849511934790401 0.5
1341 0.7686209259858812 -0.2706123556595239 0.5
1342 0.7686209263756068 0.2706123576627295 0.5
1343 0.6266420368961203 0.516541743640401 0.5
1344 0.6266420354087616 -0.5165417460436972 0.5
1345 0.720768770447247 0.4069744733198331 0.5
1346 0.7207687636197209 -0.4069744717756834 0.5
1347 0.8323127511875006 -0.2398246033379259 0.5
1348 0.8323127572299205 0.2398246092782639 0.5
1349 0.8800751582624553 0.0376214721378183 0.5
1350 0.1080822576931588 0.7383931964242194 0.5
1351 0.1080822421449792 -0.7383932047368402 0.5
1352 0.7872183227882852 0.1963837285119467 0.5
1353 0.7872126789573883 -0.1963840708863094 0.5
1354 0.8207154268536181 -0.0006375866784056328 0.5
1355 0.8825851502091151 -0.1046892143713061 0.5
1356 0.8829767291802888 0.10443363379974 0.5
1357 0.05253099449278675 0.6378872636769932 0.5
1358 0.05253098084578589 -0.6378872806632847 0.5
1359 0.70420784751194 0.3560327975991768 0.5
1360 0.704207835248452 -0.3560327911970234 0.5
1361 0.8163218268275516 0.3060875794753493 0.5
1362 0.8163218275772008 -0.3060875635797258 0.5
1363 0.05061915411538553 -0.7475560357004918 0.5
1364 0.05061914819332536 0.7475560330152398 0.5
1365 0.5761530387441702 -0.489552881542151 0.5
1366 0.5761530401182018 0.4895528798498736 0.5
1367 0.06023751516554655 -0.6461927827992343 -0.09072593108647539
1368 0.5498626751140474 -0.3970880816938575 0.4323962631930782
1369 0.7718238224376665 -0.08037115518384809 -0.08952570084149458
1370 0.06787079530689631 -0.6221773251577495 -0.3312622324910157
1371 0.7281815539408316 -0.06650235462160355 -0.4121903780725935
1372 0.06424628564747042 -0.5482722338087037 -0.6369396091761134
1373 0.656209357476499 -0.06911985213655561 -0.6360186842902724
1374 0.5458935797854471 -0.0690968183234152 -0.8475863486946921
1375 0.3484536623091719 -0.5342989318562644 0.4238330118419703
1376 0.06878082888501431 -0.4523121363688121 -0.8552863400110366
1377 0.7695591944618962 -0.06992352563991729 0.1470664224490827
1378 0.05500267980779599 -0.6433453788285241 0.1489083520337671
1379 0.3923584246555726 -0.06905929127316077 -1.029260939166574
1380 0.06885463884867028 -0.3644246793016506 -0.9879982023267778
1381 0.649483229989447 -0.2712803697263694 0.4367647540998368
1382 0.1981471481019389 -0.583967145631289 0.4298680809465439
1383 0.06889183170305946 -0.5916820558537206 -0.4853539963738212
1384 0.7581372990764992 -0.06913807238330773 -0.2515962321466686
1385 0.06881561722499029 -0.2531820123153303 -1.100143919221466
1386 0.2640793770220987 -0.06902675638101219 -1.121918184713032
1387 0.7503273253029098 -0.06678438193637168 0.3037683780422582
1388 0.06400730447212326 -0.6261737920901151 0.3064909438992289
1389 0.1276537673912635 -0.07422780203217226 -1.175862218486158
1390 0.06972357808098958 -0.1903444804718616 -1.142369542034674
1391 0.1372209929623535 -0.2143277229042628 -1.113044784237258
1392 0.1359846880776639 -0.2778189837699813 -1.064504314191076
1393 0.2034120411900032 -0.2357702311268825 -1.073596394564906
1394 0.2021478932010637 -0.2979597784996004 -1.020143842561171
1395 0.2676996686075939 -0.2527394389665261 -1.02599777945278
1396 0.2631167771439649 -0.3105088370810856 -0.9734108870529453
1397 0.3269825042460154 -0.2623921766913007 -0.9758491245266201
1398 0.3220536578373606 -0.3195285441747209 -0.9200715370855791
1399 0.3843032513538397 -0.2690820720515747 -0.9185112451946819
1400 0.3775832353694488 -0.3242529641880883 -0.8626768883396968
1401 0.3143615814680815 -0.3709786689273584 -0.8585064053152113
1402 0.3677476853354038 -0.374904236491816 -0.800539834597659
1403 0.4299171789564986 -0.3245746672603267 -0.8021702370267594
1404 0.4192159230879711 -0.3741974051088393 -0.7394606778053998
1405 0.3538049857071051 -0.4201870833416626 -0.736181875004489
1406 0.4046226959894471 -0.418374680263881 -0.6752192835073549
1407 0.467637079999207 -0.3691129175170065 -0.6767896780194312
1408 0.4526956766834714 -0.4128783627901522 -0.6115107360319648
1409 0.5131225984366993 -0.3604514090169291 -0.6115513006409805
1410 0.4977744447400103 -0.4038245315271677 -0.5456523784590388
1411 0.4342296189134422 -0.4523273689185742 -0.5444079743457597
1412 0.4789172106765237 -0.4426858060858797 -0.4787569316384311
1413 0.4127672543378578 -0.4875845536244838 -0.4758784344856489
1414 0.4571666517698204 -0.4775100303233291 -0.4100969972260922
1415 0.5209299690607075 -0.4292342989452143 -0.4120187485002397
1416 0.4989383835707862 -0.4637367636088615 -0.3432732024643633
1417 0.4326414325788412 -0.5084252706152241 -0.3405070443497676
1418 0.4742061575883845 -0.4943409277500058 -0.2736190415321004
1419 0.5380889006644263 -0.4462316869061114 -0.2757394383095191
1420 0.5131050786145124 -0.4766898146545764 -0.2058746672823878
1421 0.5741734830731384 -0.4253584038330895 -0.2074696246174948
1422 0.5493618155500015 -0.4553410001243874 -0.137935596049837
1423 0.4853855863731877 -0.5034585032774611 -0.13590253755334
1424 0.521143116841261 -0.4822263940209336 -0.06791827387413187
1425 0.5820117701561788 -0.4310582591805924 -0.07040270564386103
1426 0.4550265428301982 -0.5267359606050747 -0.06566425918673534
1427 0.4907047513394296 -0.5052547187207497 0.002328458314711655
1428 0.4224250819244097 -0.5464201158264818 0.004649176349059191
1429 0.4583698387695682 -0.5244405008512349 0.0728555812712845
1430 0.3879900872089326 -0.5624137849459128 0.0750281984331862
1431 0.4168941395623744 -0.5445822769018563 -0.1335778327645678
1432 0.5962578163245448 -0.3913200616263395 -0.2767837853225982
1433 0.6293844189391722 -0.3670185034715947 -0.2081393210819284
1434 0.5550649233196411 -0.3486832493133485 -0.5444235187318617
1435 0.3660006978844449 -0.4938730687599798 -0.5400245744162498
1436 0.5241559023913036 -0.4798578961775128 0.07018159427500043
1437 0.4915467977339291 -0.4988966097103685 0.1407408504186595
1438 0.555113904949745 -0.4504662975234544 0.1379813711547763
1439 0.3424460383235517 -0.5253873264428293 -0.4707914957620591
1440 0.5234232053107468 -0.3162634977433192 -0.6712976114663071
1441 0.3503733558394769 -0.580719740752249 0.006795509604347161
1442 0.6475477667666596 -0.3299252410760737 -0.2766534267876901
1443 0.6769599929633554 -0.3027064588919096 -0.2074142843421756
1444 0.3142201073305522 -0.5934575595749401 0.07706792708455686
1445 0.3514832937752963 -0.574921260746423 0.1450556104173864
1446 0.2938655159267995 -0.5279874011522939 -0.5342987587733062
1447 0.5223002190838879 -0.4693372464205949 0.2087038153910373
1448 0.5829423685567565 -0.4172428788390772 0.2057531250350997
1449 0.6129234479235401 -0.3953381607413538 0.1346834171672515
1450 0.6371940045856042 -0.358567804397412 0.2020120519904161
1451 0.6639014221899672 -0.3337582806454065 0.1307845435291083
1452 0.6838651681181365 -0.2937540411836499 0.1974318126309439
1453 0.2689053925979635 -0.5560634911875645 -0.4636678490259111
1454 0.2752833700963256 -0.6081544110642727 0.008769482429166434
1455 0.7068792740140204 -0.2661704917066918 0.1259510548840919
1456 0.6870152246117827 -0.3060949370529752 0.05939661191683794
1457 0.7257722641080167 -0.2363117982009781 0.05418175976820317
1458 0.2766869689062674 -0.6024851932459725 0.1470902279252882
1459 0.3139906345223337 -0.583471890867365 0.2152586287005628
1460 0.6901252847548959 -0.2640751851502529 -0.2739484615654241
1461 0.6612512159778565 -0.2901196555831854 -0.3438138770174878
1462 0.7158938176816667 -0.2328494193236149 -0.2053768065983802
1463 0.7060025441907204 -0.2762721508442653 -0.01093646827900386
1464 0.2378100585609475 -0.60783068609362 0.2166263665764017
1465 0.7216907860333032 -0.2236290302812622 0.1918338233585904
1466 0.6986892224234187 -0.2513607798960196 0.2631216447127343
1467 0.6071109614891823 -0.3810400711276426 0.269737847226021
1468 0.2751650365125748 -0.5883702950447819 0.2844513988702204
1469 0.349780473113713 -0.5604336105457892 0.2827172581099318
1470 0.2189852367946222 -0.5549483939171219 -0.5261717257283411
1471 0.2440188671970911 -0.5265618937634323 -0.5950281106861119
1472 0.7039716932782278 -0.2116917298082346 -0.3380857202577598
1473 0.6702075199065479 -0.2471717867269112 -0.4106472753540347
1474 0.4056994973515702 -0.5355147404482253 -0.2702198282263777
1475 0.3621650101183086 -0.5460688031858451 -0.3365022556191671
1476 0.3335135191084935 -0.5696943268370765 -0.2656437579274796
1477 0.3112767496066887 -0.5950668080561446 -0.06146719800859927
1478 0.2345516661589966 -0.6190853357863431 -0.05921649383707922
1479 0.1979834118405837 -0.6286858784540654 0.01070574812979433
1480 0.6276517195697073 -0.314564680087709 -0.4127092426396629
1481 0.2885171828850266 -0.5767253279292228 -0.3306669093973341
1482 0.2589568013361837 -0.5967320027641857 -0.260055048085467
1483 0.6581161076744144 -0.3405752402563051 -0.1397837472886315
1484 0.7399404210946425 -0.2054049211902814 -0.0177338412460017
1485 0.1950666204958165 -0.3514602354983847 -0.96381149878354
1486 0.3847610907786812 -0.2072569680945458 -0.9711861275202766
1487 0.4388393439344287 -0.2110413073101212 -0.9123539826522129
1488 0.6364459567400994 -0.2715269458437531 -0.4795704034411986
1489 0.6739609288765008 -0.2009234255189924 -0.4767829703380096
1490 0.6400645563978047 -0.2255455334217794 -0.5449356499272692
1491 0.7138778877450145 -0.1240727170129282 0.4258258806720525
1492 0.2049595752438559 -0.601115648230411 -0.330185316614329
1493 0.1876456533402316 -0.6167421154628008 -0.2454562399609098
1494 0.1978086684244325 -0.5780592838724455 -0.456620151669428
1495 0.7530825878030687 -0.1675665988003139 0.04441552848517024
1496 0.201349228388587 -0.6227439773618998 0.1492545571601583
1497 0.4564391289336004 -0.5145842467935823 0.2106946405299292
1498 0.4868033274737468 -0.4849177828616614 0.2786839380700877
1499 0.336787761410209 -0.4604600676659718 -0.6699999140276723
1500 0.2771654880308677 -0.4579266764473868 -0.7372038026426649
1501 0.6627471345656467 -0.3427350720763022 -0.005606622493958566
1502 0.2003889328316601 -0.6086697326452214 0.2868095921055481
1503 0.3031449203034681 -0.5893835370906643 -0.1963338771514043
1504 0.6720312884659135 -0.1523549942148873 -0.5403233824278053
1505 0.6379499266172682 -0.17963614181924 -0.6055997556617634
1506 0.2664654916852651 -0.1865350865807706 -1.073941867305904
1507 0.7226758949955899 -0.2407454417364284 -0.07963676829193264
1508 0.4381614040161951 -0.1451861279626788 -0.9559044876980426
1509 0.7297607601892722 -0.1799044833771553 0.2630847302823814
1510 0.7083087123719618 -0.205879320722223 0.3287505613952315
1511 0.6015572797283074 -0.2480851999869277 -0.6113371037909289
1512 0.6009670203886578 -0.1989753304342939 -0.6710009094435763
1513 0.4861715478708113 -0.1482618247252234 -0.8975756527655845
1514 0.4884368762681155 -0.2122364354653579 -0.8495952664891515
1515 0.1712557043988642 -0.5460575993566587 -0.5952352527755718
1516 0.192189449283832 -0.5196422463182944 -0.657452143636769
1517 0.6721648588570888 -0.2798377449608475 0.3220834801954465
1518 0.7512389457409386 -0.1682890412342989 -0.08780716346990848
1519 0.3123175637271577 -0.5636838170777105 0.3552245316196331
1520 0.3879513757984125 -0.5308796801701305 0.3510048866932071
1521 0.421393449472607 -0.4951787048185496 0.4289432540372279
1522 0.1617718364742852 -0.6351011156315749 -0.05758323912983009
1523 0.1977796388791911 -0.6250516459533865 -0.1258368238764742
1524 0.1243519780935049 -0.6416768433646053 0.006486920350955931
1525 0.7509280208635351 -0.1426186640348918 0.189782731490663
1526 0.7013700511263677 -0.1260106101507092 -0.470715836613569
1527 0.4896177939920004 -0.4492770032138094 0.4296983031839338
1528 0.5322249018951997 -0.4348583882483628 0.3536120835424198
1529 0.5888970082171784 -0.3754901042647054 0.3723288462388947
1530 0.6852949501436497 -0.1998169402620396 0.4385997770231999
1531 0.2739406153084462 -0.5631703249058257 0.4259204189742211
1532 0.1191432854349295 -0.6005272149927631 0.421025656000899
1533 0.1646848316214936 -0.6055712790701573 0.3548715564749919
1534 0.1354856881520974 -0.1442107866721382 -1.151378188195494
1535 0.1378816033297665 -0.5729234726287218 -0.5256074165695782
1536 0.5347100736290495 -0.1530514865140349 -0.8267044237931286
1537 0.5801595210040279 -0.1065260571440808 -0.7776068536531378
1538 0.532883017688446 -0.2118837913329959 -0.7841435419503289
1539 0.4966185574636239 -0.0700749241241536 -0.9162554301308462
1540 0.6028275659459734 -0.3386268092029474 0.4348075513186095
1541 0.1629388333138803 -0.6245189518963338 0.218745697957658
1542 0.2383040963847036 -0.6174375537586331 0.07906564461007518
1543 0.7756658252367145 -0.06830981165624621 -0.007403154483499531
1544 0.774712278894246 -0.06579691346880207 0.06857446566672028
1545 0.767533736876282 -0.06840257502168871 -0.1723786192518408
1546 0.7476563774502329 -0.1450571292383961 -0.2126757088431354
1547 0.737214753215105 -0.1399767538428175 -0.2947259471771077
1548 0.3848637160415266 -0.5643273595928086 -0.06324160536606729
1549 0.7615845390305528 -0.06870715719068821 0.2260607874616353
1550 0.5543309168378812 -0.4572845775673589 -0.0001410786354067744
1551 0.5851869499841564 -0.4281971585487974 0.06755566768211352
1552 0.06428498155433303 -0.6410975047123706 -0.171445548875337
1553 0.7449604888876382 -0.06923906354635782 -0.3318602435950849
1554 0.7223032035441961 -0.1342565014038681 -0.3791062625575782
1555 0.07746812368535563 -0.635381688071235 0.223243698297417
1556 0.06606825713114067 -0.6330231339176359 -0.2527980721023703
1557 0.4466743575313097 -0.521362759169717 -0.2033010182515504
1558 0.06739474481880701 -0.6087570849854493 -0.4076640829185924
1559 0.1308216991420717 -0.6087509247549633 -0.3694032025309395
1560 0.5597646467001961 -0.4123897466287949 -0.344593075532141
1561 0.3887074099936765 -0.5187284625997648 -0.4065513079230808
1562 0.06488189049898882 -0.5717141346634015 -0.562151795143472
1563 0.4232846983039349 -0.5404554297542371 0.1428159832977526
1564 0.3868858851452041 -0.5525223908334983 0.2127013232709131
1565 0.6866161290525196 -0.07277672824253234 -0.5532719249576367
1566 0.06888394919213735 -0.5198820499225519 -0.7124515946120729
1567 0.6396331368221724 -0.3703599530919979 0.06435290440153502
1568 0.6204123337005261 -0.07150675437417132 -0.7152200063155021
1569 0.5498176573007342 -0.4361264420711504 0.2760820987503361
1570 0.3765364437093857 -0.5588132899458744 -0.2002850312698513
1571 0.3869226815896344 -0.4583219095516399 -0.6080445282577056
1572 0.539752325368055 -0.3909282044257172 -0.4791502028769331
1573 0.6145953935495627 -0.3539057620607 -0.3450873378969391
1574 0.06868499528726389 -0.4886471819732328 -0.7842304226865177
1575 0.1368311263254042 -0.4625211377857507 -0.8164348630891853
1576 0.1364331057842625 -0.4238131620544221 -0.8852996269174741
1577 0.1981337509353721 -0.4331124998735342 -0.8412705897291685
1578 0.2037915667973476 -0.4672997394557808 -0.7729411596807566
1579 0.6068601786562413 -0.4013069201301397 -0.1394213909157898
1580 0.657276220018607 -0.319458959440455 0.2639265275827192
1581 0.4788992509274619 -0.3225093054518359 -0.7366610493408738
1582 0.7399493972357282 -0.1953310200640064 0.1184998027668618
1583 0.3025825516619273 -0.4132104332282032 -0.800848777493639
1584 0.06799313466726414 -0.4120387010926848 -0.922178601747726
1585 0.3182463818225731 -0.4956555217148851 -0.6024567256811491
1586 0.3168838900378723 -0.5525580831715997 -0.4021338745960606
1587 0.1612841837392491 -0.634495950264918 0.0794187817925467
1588 0.2597646327934535 -0.3622082565911295 -0.9127652155444248
1589 0.0688135669298392 -0.3145230613667879 -1.044810273172964
1590 0.3327816058490669 -0.0695552074276511 -1.077680819244623
1591 0.3411607170154779 -0.1327267007543909 -1.050941288032201
1592 0.4377220002536722 -0.2693728239776143 -0.8597654505326662
1593 0.2024931070626191 -0.1719889101260243 -1.114510081446091
1594 0.1983625916842217 -0.09570561986887681 -1.147018267369028
1595 0.06031110069903174 -0.1256512433931107 -1.173703502554164
1596 0.5787057240774106 -0.3743318961962888 -0.412010783640602
1597 0.592498358956645 -0.33402544139597 -0.4783615555044518
1598 0.145960658413736 -0.5010018102145783 -0.7308120380470985
1599 0.7354965102655979 -0.06656148974955062 0.3801745517060495
1600 0.4240999383546916 -0.5238205520320111 0.2812506491657784
1601 0.3446701670515945 -0.5787922481061765 -0.1305591455530914
1602 0.2441514085823522 -0.5786510367426774 -0.3971042447060125
1603 0.4680940708122593 -0.4831860938709372 0.3544906070600821
1604 0.4852681797949648 -0.2702062058836555 -0.7961124281360459
1605 0.2379265327758334 -0.5881438320264528 0.3564320372380209
1606 0.2674832476834624 -0.4936684415589875 -0.663347131689098
1607 0.6361550156595067 -0.3741314661409294 -0.07123137320753221
1608 0.612434957280662 -0.4025282839050692 -0.001967334367443982
1609 0.4456544074809983 -0.06969952230882862 -0.9764039752060707
1610 0.270703039282946 -0.6056626383156893 -0.1276890753324392
1611 0.07035319264865943 -0.6462137612874219 0.07079638082748094
1612 0.06008482958122078 -0.6146483147599575 0.3792503975215182
1613 0.730941140320498 -0.1328585488104721 0.3395334147561726
1614 0.1365124468754382 -0.3324658288090393 -1.009535686230564
1615 0.2325863719097036 -0.6118904908459432 -0.1893821707497548
1616 0.5291900094815296 -0.2672641289917578 -0.7305644551552756
1617 0.3296373335214916 -0.2015932228636972 -1.021911281298713
1618 0.6826634406514123 -0.3118180944715079 -0.07471717372039431
1619 0.6011470874070129 -0.2910555686752299 -0.544004359232848
1620 0.6308248916299433 -0.130415438570543 -0.6634465637031167
1621 0.1318501273569013 -0.3832554499621004 -0.9477491471753844
1622 0.5959934469173286 -0.1489843762081635 -0.7236153075232734
1623 0.7017118954669513 -0.2729488951071844 -0.1436533690466206
1624 0.5634150357461805 -0.3069887515276137 -0.6061907110271163
1625 0.7625893408744071 -0.135894917764324 -0.02501596621185411
1626 0.1254034542625825 -0.6309532278978539 -0.2143222619963944
1627 0.6386881865538299 -0.3122456637940486 0.3770995184919297
1628 0.7099516810267422 -0.05665597084927078 -0.4858868692443336
1629 0.6969108762824705 -0.1864499596021101 -0.4146879189068834
1630 0.7620657781893512 -0.1271172529902365 0.1019000956552813
1631 0.1270254555707563 -0.5945232820425176 -0.4439870734153453
1632 0.721628625478267 -0.1997535566816143 -0.2673295100529768
1633 0.7398597383150152 -0.1882390566916702 -0.1537129459619125
1634 0.1260819826678966 -0.6376381525841096 -0.1289434353126429
1635 0.1262163628907506 -0.5315419895079182 -0.6628186415053894
1636 0.1310844364646791 -0.6204890091990934 -0.2951575703686001
1637 0.0556048867417654 -0.6483098770051127 -0.01267653418015639
1638 0.2909969860164576 -0.1210838619105134 -1.090690547019364
1639 0.5671075957338243 -0.2599578869385953 -0.6696753723273968
1640 0.1980321316346066 -0.3964287068345896 -0.9008596008173674
1641 0.1307765967616006 -0.6212308468824859 0.2901193387142513
1642 0.2179543857546018 -0.4902521142932396 -0.7130167770020267
1643 0.7579049273877764 -0.1314600889389567 -0.1467146638170153
1644 0.1312080365149585 -0.6352658610312854 0.1542620740734385
1645 0.5663254058323313 -0.2111953404439545 -0.72723279568887
1646 0.662691854672209 -0.1171998249324435 -0.5947700171960779
1647 0.7214535155476085 -0.05873136534737812 0.4430601689866034
1648 0.6806097618736142 -0.2411011208121452 0.3814128558273871
1649 0.7479297402542172 -0.1165895900403308 0.2639122717557983
1650 0.255713991751408 -0.4036195688260493 -0.8543958664188884
1651 0.05645123187436333 -0.6021726035587293 0.4433658309516357
1652 0.7071667561220991 -0.1795697029967145 0.3827090553067213
1653 0.3975750438522749 -0.1268532620440277 -1.005501981701657
1654 0.0523426768555065 -0.07845809084751477 -1.188501195725313
1655 0.5897490769519771 -0.04496905665423984 -0.7809628939250867
1656 0.6260099715112846 -0.3465576426043845 0.321108833606592
1657 0.2473337399088933 -0.4372483970642401 -0.8022423450693089
1658 0.1848552235221636 -0.5934346072052854 -0.3985520383563845
1659 0.5776261931922541 -0.4015719713882812 0.3172869886895975
1660 0.2407076605001952 -0.1277028479069917 -1.116817410951116
1661 0.1108610580286915 -0.5552741659515325 -0.6000305529013782
1662 0.7682137840804414 -0.1113013005697057 0.03110933026796095
1663 0.564077860677371 -0.1655871806740106 -0.7703570867273264
1664 0.1086875623372232 -0.6148680105145062 0.3514189949614704
1665 0.1753135747589883 -0.6256629596865713 -0.1818458295390171
1666 0.1017785000206811 -0.6439698352181105 -0.04556659337742527
1667 0.1846546018960205 -0.0370686302622666 -1.163878435644943
1668 0.5753110792063176 0.4252097644667767 -0.2009465593151234
1669 0.06867899736195587 0.4111999572793954 -0.9233335698518447
1670 0.4242875261876912 0.4934132366787147 0.4291247711817804
1671 0.06889663771021716 0.6464467414602373 0.06682614320407644
1672 0.5527173571943735 0.3273218504853141 -0.5931013822686179
1673 0.6978005184688582 0.2831973201478878 -0.1190236070712996
1674 0.4553278727278517 0.07119899258581762 -0.9654097346312017
1675 0.6011320734119681 0.3430894204056076 0.4283926909130122
1676 0.06334445338698563 0.6413881105297605 -0.1685450459089169
1677 0.4951830219947627 0.4369432425746673 -0.4570806325472477
1678 0.06893537555309856 0.5200807744480221 -0.7119453086977977
1679 0.07129145275292499 0.6081979648641997 -0.4089376276129833
1680 0.06722645212185342 0.3133245970943408 -1.046281086840402
1681 0.7697187513472268 0.06913998847674464 0.1463509367055344
1682 0.5871833572974455 0.06910585980715141 -0.7795292348362478
1683 0.6865546417760808 0.1984086735948343 0.4361088874526974
1684 0.2754557301215271 0.5604062954223646 0.4359160382123139
1685 0.07804774746337569 0.6355106684496258 0.2215078137388155
1686 0.06819330173285607 0.5745752039127984 -0.5511749173463286
1687 0.2640793770220218 0.06902675638082138 -1.121918184713115
1688 0.7755282429514627 0.06914097318899066 -0.01305985988551801
1689 0.6259057751338301 0.1959728951164717 -0.6179527562050359
1690 0.06878699370824418 0.1876400374039066 -1.144027662448885
1691 0.749876132850203 0.06913669130264595 0.3046105484474885
1692 0.1187101977534974 0.5981600815310528 0.4326398757475766
1693 0.482313804686514 0.4659108601898109 -0.3867276616886924
1694 0.433845024796261 0.4843646297234022 -0.4414644760863675
1695 0.4224363432805569 0.5089536779072417 -0.3671054127447953
1696 0.3683352847450043 0.5255391504792521 -0.4213629727453083
1697 0.3785140631918019 0.50074279692636 -0.4962741222754178
1698 0.3566451313295728 0.5469977962585273 -0.3452012944297002
1699 0.4120005841279434 0.5285400907419593 -0.293458685528009
1700 0.343582372275793 0.5651196050613171 -0.2685596536856605
1701 0.3980567404305599 0.5469530836628548 -0.212974306581789
1702 0.3286720317395089 0.5803051069257189 -0.1912209966780881
1703 0.3843624035201871 0.5606220471277598 -0.1382712192444824
1704 0.3128555915041675 0.5922019496331845 -0.1141870580913295
1705 0.3670552394715126 0.5726438915908656 -0.05886848056278676
1706 0.4367543949643926 0.5365345641901909 -0.08584768315973955
1707 0.4186177209370563 0.5484553299033004 -0.002444800021059369
1708 0.4845347652707509 0.5091507219155126 -0.0278815016197734
1709 0.4676943478623879 0.5194098759578964 0.05260695542546542
1710 0.4003690165635236 0.5563819464809651 0.07437307592033489
1711 0.5325545833194044 0.4746584935910773 0.02888985860670814
1712 0.5139670504610657 0.4853494316622095 0.1090638927553596
1713 0.5758319627464038 0.436036049125279 0.08474176076836619
1714 0.5564668985237062 0.4466290349124698 0.1649600869549037
1715 0.6128789988006451 0.3946245098570949 0.1420916229619008
1716 0.4945229110255331 0.4923980037437141 0.1865967203558146
1717 0.295355455534729 0.6012767648151507 -0.03629458369639407
1718 0.3107041019787817 0.5377022368799315 -0.475493737607146
1719 0.3204818092913105 0.5121720674911789 -0.5503098286859377
1720 0.3866941959083938 0.4722172968906701 -0.5710225151378752
1721 0.3290801550431718 0.4829614543179315 -0.6234542219526815
1722 0.3924951392765794 0.4409731317559776 -0.6423496981641437
1723 0.3342420636369685 0.4497372747190424 -0.6972857529145422
1724 0.3971466049639458 0.4036389556730002 -0.7151172846292168
1725 0.3378024643159806 0.4125411351877438 -0.7680230889995472
1726 0.3985859649769616 0.3630571992903945 -0.7840451402683809
1727 0.3407771727388553 0.3726321128383506 -0.8317944710206268
1728 0.3976728828084763 0.3187688668061918 -0.8481552666247361
1729 0.3361266738779182 0.3248156186546287 -0.9016636708695346
1730 0.4542700339015713 0.3068760484213865 -0.7941051265159801
1731 0.2764954745385377 0.419694908371476 -0.8116068616556684
1732 0.2726437628379266 0.5942479951354606 -0.2459479898122283
1733 0.5365926257247511 0.4531438782363065 0.2421777669068664
1734 0.6363648746542288 0.3746030928907051 0.05690600853418794
1735 0.6638741729241354 0.3345712517531357 0.1238482954882623
1736 0.6467671067578868 0.3471277609093407 0.1980714530612575
1737 0.6916856161714879 0.2851666730116087 0.1745334485532591
1738 0.7055381464566131 0.271467413284919 0.1031545353008031
1739 0.4488256949442607 0.2576632066808155 -0.8584469575917267
1740 0.2632117674517386 0.5189362475791218 -0.5984892452371637
1741 0.6750083096096077 0.2957101893178443 0.2520621639413952
1742 0.5023902319134366 0.242979736305193 -0.8008688708138761
1743 0.2397218837878925 0.616542808006272 -0.09170791456042177
1744 0.4730051342366005 0.4967430307785452 0.2635259477151856
1745 0.5145768859507117 0.4569327676484868 0.3188609552766116
1746 0.5747404207598132 0.4089580297979027 0.2968802031570652
1747 0.714210843061581 0.230209759037574 0.2281277743723111
1748 0.4928069428462357 0.1908797215614421 -0.8608167568012348
1749 0.2218099404412054 0.6231180677135039 -0.01399310342501195
1750 0.4383177441083682 0.204928913351585 -0.9176810463945146
1751 0.4279938809791541 0.531672802328093 0.207366370262332
1752 0.4050907695562292 0.5337412021578131 0.2839899254479971
1753 0.3577258558001547 0.5643423184546738 0.2272436777635476
1754 0.2770425484692722 0.6072116832026964 0.04101509907987277
1755 0.5471906725629755 0.4624916315594664 -0.0478784091628436
1756 0.5303722792268327 0.4535353059915641 -0.2704608872981302
1757 0.5177356044712894 0.4752475953085431 -0.1891184482392133
1758 0.5053422621278154 0.2908348106282063 -0.7397856089918974
1759 0.551422163247665 0.2247953736557851 -0.7403279865731703
1760 0.5180056212357392 0.3799031683999577 -0.5594590273120624
1761 0.2041836823405131 0.626378746691243 0.0638886321067476
1762 0.2578180943519291 0.6101220408618502 0.1180853907394439
1763 0.1659422786572009 0.6340622265863397 -0.06763798186557785
1764 0.3347835625229461 0.5638200249279284 0.3020796428172136
1765 0.2855613058096083 0.5899677774725057 0.2463724589229
1766 0.7580896116048723 0.1270462920008481 -0.157325621913676
1767 0.1847580048792412 0.6269395855969332 0.1398884449015178
1768 0.6480794486989689 0.3539340035653325 -0.1376494698051315
1769 0.6636320171238802 0.3395662056078275 -0.06798966752683193
1770 0.706210449762801 0.2751658655189713 -0.03878008207185419
1771 0.6986146758972673 0.2371162090164224 0.3052783599227147
1772 0.1845176349328979 0.6266508982861949 -0.1449562334584601
1773 0.7357764238386175 0.2026127854075485 -0.1368993873714658
1774 0.5021307958388964 0.361179565328258 -0.6313612361820399
1775 0.1366049971950839 0.0759331932612779 -1.173107188485622
1776 0.2620379632457996 0.5875399851464428 0.3176967727304862
1777 0.2101839902329307 0.6092955588692162 0.2648457755827534
1778 0.6562093574764593 0.06911985213642148 -0.6360186842904193
1779 0.6571239070635064 0.3032959131943146 0.3231679687927326
1780 0.1855091675817713 0.6052578442317821 0.331612467974999
1781 0.5586758095044903 0.4066440138601645 0.3710336436763446
1782 0.7293877861911886 0.1719723497718935 0.2828686234926771
1783 0.7424695907196244 0.1647230470678485 0.2067866547018635
1784 0.7553248819571086 0.155576631793433 -0.08469137088571774
1785 0.5855007090973635 0.2666365923982708 -0.6215308746341733
1786 0.6112472099929995 0.4016703357484384 -0.07612826085506326
1787 0.6755784043146328 0.324863706765784 0.00711084540498639
1788 0.3807062905421387 0.5327165115763085 0.3601761918772133
1789 0.4771849872665745 0.1350272750146487 -0.9159208285085226
1790 0.5276752173502699 0.1190422504533407 -0.8559607112982626
1791 0.4978981563296383 0.4531663123977706 0.3915662625366162
1792 0.4242839396792424 0.1480203677249303 -0.9691485879613516
1793 0.3801541597480111 0.216862445473913 -0.9683275323140518
1794 0.3607446479070726 0.1587573873866088 -1.022781532156258
1795 0.3147137387623188 0.2239471232708717 -1.017173168879196
1796 0.2950971527376502 0.1653826551631656 -1.068019925196568
1797 0.2461148872309487 0.2278588342463503 -1.05814750335606
1798 0.2249916095274815 0.1677170007344777 -1.106487621279915
1799 0.2627928268043908 0.2878651111726434 -0.9970517796413481
1800 0.1779971253964013 0.2302784932763421 -1.088244270482034
1801 0.3317042949100801 0.09825329129861327 -1.070829926901253
1802 0.1530843064284204 0.168545674443199 -1.134773847841716
1803 0.1997050347871626 0.1020768339393993 -1.144592183223958
1804 0.1332120855209822 0.6221054257847424 0.2809649843725965
1805 0.7116926779427992 0.121727496172246 0.4366527120584308
1806 0.7156664180216847 0.1649312742307508 0.3674644604643979
1807 0.4564907991226691 0.4214194209711226 -0.5843730620483706
1808 0.6491611010923841 0.27093682508921 0.4386210933329404
1809 0.4439493871147478 0.4557818772472787 -0.515252542015285
1810 0.1992022249537035 0.5822956905438236 0.4363923184941239
1811 0.5608148630204779 0.4468084693637427 -0.1231561809251307
1812 0.5934854889819442 0.4217716086446297 0.005221025169724603
1813 0.5000224662544948 0.4952082835794396 -0.1114141662858217
1814 0.4727718133507121 0.4994501187095464 -0.2465295505282548
1815 0.1120044896189324 0.6138758022078502 0.3548492588797927
1816 0.3501173324694558 0.5311500062327397 0.4339568314095814
1817 0.2997188147375898 0.5597534198609994 -0.3993551873297488
1818 0.2402955865623267 0.5677233159213562 -0.4525587260568306
1819 0.2285283188201499 0.5871782096178669 -0.3758827958874896
1820 0.1651611031723429 0.5914250754038187 -0.4281054934505164
1821 0.181123941764789 0.5710628229635272 -0.500867320959656
1822 0.1505628961363495 0.6086877690488472 -0.3515297492067
1823 0.07166678404348073 0.6230039896915088 -0.3239948629070833
1824 0.1403474721698265 0.6217962163459364 -0.275013144998728
1825 0.1060359671107787 0.5894708503948618 -0.4786348968377142
1826 0.1365133985004307 0.6399223064222641 0.01404035941521211
1827 0.08871642159946783 0.6452437273503316 -0.04866412046601162
1828 0.2567892882427208 0.6069040207877611 -0.1689541459320398
1829 0.7738907172629432 0.07183324307618297 0.06987285844349551
1830 0.7621094643926366 0.1372763798753937 0.03273150026951484
1831 0.3490860762302536 0.5811807064622785 0.01875736384094159
1832 0.7616788127726425 0.06830931388249635 0.2257196898621701
1833 0.7349589174361426 0.07673506156783791 0.3760784299127818
1834 0.0692300317776762 0.6430877246356127 0.1382749137949949
1835 0.4503760451042041 0.497415468701251 0.3415021607582019
1836 0.4489026716285248 0.5268541247591784 0.1303432370709214
1837 0.3806026727762147 0.5614485463041716 0.1508819709082071
1838 0.2519052054182317 0.5450930645859956 -0.5264184688518208
1839 0.0673042576203402 0.549023991730328 -0.6339782578405636
1840 0.1357785076564232 0.5265140183523658 -0.6719603050187113
1841 0.1378741468104861 0.4965092084673874 -0.7448440719193142
1842 0.2059155965059816 0.4963256732027383 -0.7071408499055407
1843 0.2065437828886473 0.4636915985700265 -0.7785974520885314
1844 0.1379109363548343 0.4624005686472437 -0.8162375828266664
1845 0.06846499201503128 0.4881812686973134 -0.7852642494586868
1846 0.6237750698345326 0.06895769345901037 -0.7091243484839045
1847 0.5889276178774344 0.1430981494684598 -0.7411445892234845
1848 0.5948243102720344 0.403250218052614 0.2198685818981607
1849 0.7282165889613615 0.2181250292137943 0.1506398087321096
1850 0.7570179720276021 0.1418005023130611 0.1227800196747344
1851 0.7383816108357836 0.2060336582367812 0.06990757024456321
1852 0.7420712158961869 0.2001299683756411 -0.01145347468780307
1853 0.06654273619904756 0.4521468297814585 -0.8560030084527874
1854 0.2871572400792116 0.5784700211922289 -0.3229927555857558
1855 0.3923584246061366 0.06905929129296046 -1.02926093920665
1856 0.4510703218647551 0.3521538585481957 -0.7319549813211792
1857 0.06506441364139237 0.3647212420349771 -0.9882331858993981
1858 0.1355402250138187 0.378322389045936 -0.9532563587545427
1859 0.1375897884267169 0.4223585621412636 -0.8872430844411862
1860 0.2051992551587531 0.3861787958110882 -0.9121665683054641
1861 0.2001941420507456 0.3381546485004289 -0.9774503362289958
1862 0.5415455959324464 0.1752609986638241 -0.8007344647834241
1863 0.3915271829290026 0.2690467695633422 -0.9112971294447569
1864 0.3301199495423213 0.5866357519214521 0.09554640238832136
1865 0.06184376963456693 0.2536589256173021 -1.100749226687148
1866 0.2714176297246934 0.338108090814592 -0.935956143118149
1867 0.1892270781632013 0.2848880269774526 -1.038570937020588
1868 0.6283131787327626 0.3554200136136973 0.2739881804543512
1869 0.6101422951300288 0.3581865599061746 0.3487180881004958
1870 0.2011743599475897 0.6163346755575895 -0.2225103382763545
1871 0.2144750974139818 0.6036409726482099 -0.298674556144895
1872 0.1927070207718994 0.5490431221878829 -0.5698092281477783
1873 0.2080164588343294 0.4271729259603499 -0.845961785705313
1874 0.6279056860018961 0.137498976004429 -0.6651241908988683
1875 0.3305457048497209 0.2776561431393245 -0.958457479063232
1876 0.3091015165276498 0.5894931859745202 0.1716819751050303
1877 0.06822710931230901 0.6337724719688971 -0.2449189939264936
1878 0.2754949541300099 0.455959259811514 -0.7428207730724022
1879 0.7719506500246548 0.07675749365061572 -0.09739965188470615
1880 0.4562066143880534 0.5189705719599762 -0.1715896468754513
1881 0.7122177903971245 0.2644821517256071 0.03140326311055985
1882 0.1313130214360176 0.3296527168183066 -1.014301023983902
1883 0.2351288136919592 0.6109732165757574 0.1920264416876237
1884 0.5092073098213438 0.06485726491503416 -0.9010849558944523
1885 0.1585314782088315 0.6260299715109499 0.2115722719034645
1886 0.2722619187786897 0.4887376156174577 -0.6711442663966178
1887 0.5911173845546139 0.2109324601948458 -0.6792112266504234
1888 0.6585180919947858 0.1253147084447991 -0.6000798464736957
1889 0.06842555594663505 0.1148511301426519 -1.176418410729879
1890 0.473948762602948 0.4868712029169446 -0.3169000446307026
1891 0.681725997886919 0.2410986746196928 0.3766703130640049
1892 0.30901915205679 0.5618723803495452 0.371462295969365
1893 0.06230548770999721 0.6259519347533167 0.3088564084756967
1894 0.5436315664864318 0.400192467352594 0.4412004715121329
1895 0.1287801459765543 0.632343922721793 -0.1947169044649913
1896 0.1335318820099523 0.6383368628463553 0.09492130421236702
1897 0.4490686489635082 0.3913095614186776 -0.663931235483741
1898 0.1229140052352494 0.276110499958509 -1.069768382305489
1899 0.1115961259387946 0.6402067738286127 -0.1165694813933659
1900 0.6844910189787277 0.06084969362253042 -0.564303368470489
1901 0.2785707330350081 0.3794982529130632 -0.8749114527478223
1902 0.1271132608497891 0.5529611522238567 -0.5996826128299397
1903 0.5495149197108528 0.2725189966778276 -0.6871421718006268
1904 0.76550679711507 0.06352378504753514 -0.1981485483434482
1905 0.5527643273900475 0.0629978720228643 -0.8386190740625264
1906 0.2021897919429465 0.524260871209603 -0.6375546182924108
1907 0.2338340839243135 0.584984363584512 0.3797974080820372
1908 0.6378519879269935 0.3740435799662274 -0.01345234054926966
1909 0.114691024819297 0.2244853385420494 -1.112254587548795
1910 0.720843309675726 0.05913967233013902 0.4452205667890923
1911 0.05344810829508163 0.6143303837091326 0.3833353419943231
1912 0.7311853312332316 0.223042727450605 -0.07101641584637274
1913 0.4931922517757854 0.4183559107800962 -0.5174589730103999
1914 0.1309818061493657 0.5701679489940769 -0.5398049631813685
1915 0.05836096615832236 0.602063139248752 0.443287245979979
1916 0.05245074052821582 0.6461357258945259 -0.102758843081742
1917 0.63827052267605 0.3094793772237526 0.3864300623764632
1918 0.7365864363366084 0.1246933462381029 0.3206896479274753
1919 0.4851764854834965 0.4452137623750862 0.4552748159575884
1920 0.4985108351672211 0.3328130569002922 -0.6886845754860734
1921 0.07006331161872943 0.06358144633496612 -1.189370862389299
1922 0.7485706492220616 0.1160850287504738 0.2603453614645868
1923 0.05785265098779879 0.6482004569365379 0.006371563479063634
1924 0.04557401016182969 0.5929603666931926 -0.4865435017860341
1925 0.1262554747320908 0.6354712798214996 0.161012761682403
1926 0.5617580425687182 0.1180157554836676 -0.8035011948947181
1927 0.2628535627722318 0.1245130133618464 -1.106177359569346
1928 0.1940275414302619 0.04511109533520801 -1.15929268114836
1929 0.6065621646773744 0.4003843012247842 -0.1510469396930591
1930 0.5374360058900778 0.3145876083664108 -0.6473476451249671
1931 0.6799166895752271 0.316489435188981 0.06661529779490226
1932 0.7616019026737678 0.04647329131642983 -0.2444773565263926
1933 0.1630923263344457 0.5992723875910281 0.3911973577462616
1934 0.3275008026871157 0.04492438155064986 -1.085937019277429
1935 0.7647012798209674 0.1269051093600566 -0.03230354825232111
1936 0.1242619062703179 0.126240248800089 -1.161523457925953
1937 0.7594565988290375 0.1086410903082782 0.1860808371145301
1938 0.5133519355645879 0.4536817301434733 -0.338736771270636
1939 0.603572223777543 0.4110044874504648 -0.3869722006009502
1940 0.6351511040270001 0.3255990498333582 -0.5207343145668331
1941 0.7808739317309816 0.2431953073609398 -0.3674235695147234
1942 0.691807418897201 0.3486164762046763 -0.2548204859329927
1943 0.731566514075539 0.2284209359369933 -0.4992950566142185
1944 0.6887452771601995 0.2344540245862913 -0.5381077012567401
1945 0.7630061568835875 0.243949512692297 -0.4402155028590002
1946 0.7452684547355077 0.3087230861684177 -0.4038571970351696
1947 0.7548904019049996 0.3021252475113697 -0.3234416279208518
1948 0.7154201388506568 0.3533587866468783 -0.3635243763239407
1949 0.6935569955772042 0.351954969991169 -0.4361561217568591
1950 0.7755128686813049 0.2403226148358353 -0.2942763228196842
1951 0.7370358287258695 0.2957893191748024 -0.2540290026212972
1952 0.6482492603564465 0.3850944856639962 -0.2732971005135263
1953 0.6191867148734547 0.4080202394822166 -0.321364901405934
1954 0.6017441259927815 0.3698943408615331 -0.4873414894851772
1955 0.699685120675521 0.3029641366885735 -0.4916833996514359
1956 0.7545237113077007 0.2311960670552343 -0.2353308488258491
1957 0.6614797244977482 0.2842815898803423 -0.5351961690692717
1958 0.6378900094779534 0.3840825562355901 -0.4406954049239126
1959 0.6613989268312478 0.3905487222590064 -0.3793174803819508
1960 0.5874699862221142 0.3997281218951058 -0.4389693912588151
1961 0.6805373841318065 0.3784376567144898 -0.3156126805102887
1962 0.7201955130212039 0.3425789069776232 -0.303078934864918
1963 0.7654190102147052 0.08625628999049331 -0.3990588103379026
1964 0.7793106295864761 0.1254298949911337 -0.304847604737121
1965 0.7336467380589375 0.1259096821471291 -0.4947346299780651
1966 0.745685562793213 0.08812239025020244 -0.4542385022003261
1967 0.7714688252662648 0.08772705916765944 -0.3438955896818737
1968 0.7691845701665977 0.1360328864534856 -0.4373213440532825
1969 0.7843953368724846 0.1325252638231863 -0.3701240025187937
1970 0.648017653857054 0.229851039603501 -0.5157765666977695
1971 0.6894202974581152 0.2716209185276476 -0.2521361695731589
1972 0.7342979451631896 0.1086464646213392 -0.351526475384032
1973 0.5899877966943162 0.3601374876978727 -0.4172261892376916
1974 0.6986485292539463 0.1332087002284574 -0.473531537199983
1975 0.6151249131685336 0.2968849550259446 -0.4939845648584331
1976 0.6576587664109961 0.2526458005729745 -0.4458085936688658
1977 0.7293923193050033 0.1761794696257018 -0.2738737608968235
1978 0.631640136236152 0.3472555894643795 -0.291034711279169
1979 0.6260897180468055 0.30971088046596 -0.4304550241611652
1980 0.6637078077642481 0.2729249296003863 -0.3788153479034738
1981 0.6914008242118085 0.2127461724312528 -0.3928025701782001
1982 0.6994290818813865 0.2328472192682955 -0.3119903191805372
1983 0.6656238404227043 0.293732145002369 -0.3119086421011817
1984 0.6264399487362909 0.3308816490194047 -0.3715247714631511
1985 0.7202001141775297 0.170512767592907 -0.3365131538796082
1986 0.5934586955829116 0.3781606928083979 -0.3449683729064114
1987 0.714057748597942 0.1463435628329865 -0.4002421172454075
1988 0.71520661204446 0.2229319943400482 -0.2447721383730223
1989 0.6838028047562142 0.192587881024003 -0.4548333249478076
1990 0.6747132207260299 0.1699559546744048 -0.5138729416677844
1991 0.7239503946225061 0.09030166845729 -0.4143962675354309
1992 0.6584018214460994 0.3219503121962973 -0.24638525873696
1993 0.5858345353419478 0.344448428426979 -0.4725594433606961
1994 0.7413389755614385 0.1240019696223096 -0.2946239400903236
1995 0.1187022934312517 -0.2114853471460156 -1.255752490670636
1996 0.478219810400187 -0.05320364896434741 -1.114478257105757
1997 0.3230722010719844 -0.1345115736090354 -1.211328187693449
1998 0.8341228556548979 0.01866866785631273 -0.4570644593096356
1999 0.2564602962287902 -0.04332789085803795 -1.267228319797076
2000 0.1486790531725114 0.02002050020816385 -1.303700901103453
2001 0.1746893783065659 0.1389739062001011 -1.275239805856181
2002 0.1814396136961499 0.2715844463382329 -1.203448140936278
2003 0.6426122858873983 -0.2424188055664003 -0.8099688359763673
2004 0.1300605324361496 0.3822157639025611 -1.119061602376601
2005 0.8647701001473301 0.05307285231739528 -0.2906589640236525
2006 0.7780631002889422 0.1259982707482628 -0.5901601706524959
2007 0.2655875380954417 -0.2597997350635143 -1.177442049852299
2008 0.6451346250859614 0.1821268400017964 -0.8534526042248697
2009 0.3005875233867082 0.2072126700115847 -1.194485381412685
2010 0.4265899206354529 0.05808353135870447 -1.158953969250667
2011 0.7186544686299717 -0.1120003507859737 -0.7202079510979025
2012 0.7009927980973465 0.2834757849115279 -0.6443007933296628
2013 0.7283717908972893 0.375790199528978 0.3929851426811696
2014 0.5318648959663791 -0.2158931979952083 -0.9900667250266709
2015 0.5808366046980684 0.4869414123815927 -0.5083796113259477
2016 0.3190933004549749 -0.4580219892024531 -0.9321551579220909
2017 0.5391109561387746 0.14823491100825 -1.019875486379945
2018 0.3739437357532124 -0.2315941378465879 -1.134366561500917
2019 0.6867782556695722 0.03015917375567048 -0.8351803387548804
2020 0.8065962237323243 -0.04517396539283075 -0.5519409482243783
2021 0.2780000717434988 0.07697287595936425 -1.245083527604134
2022 0.7956019653446675 -0.2543684937899027 0.3883930401594552
2023 0.4104140449549029 0.284855174791228 -1.06275236532711
2024 0.5417861446261062 0.02879673764805576 -1.04863676128602
2025 0.1240462410743968 -0.3334185406925949 -1.170070390053804
2026 0.1134728046801263 -0.4127080428205427 -1.088024558774561
2027 0.8473679617778792 0.1990260026173977 -0.1795057778735845
2028 0.8610598745008239 -0.03053786223886977 0.3185227707744667
2029 0.8714588055063179 0.08576602423909653 0.1969270042003153
2030 0.623316853386962 0.4185374840522544 -0.5846584837120721
2031 0.5052463190987052 0.2955398335840632 -0.9561991542611239
2032 0.6116527786253571 -0.1578407554595061 -0.9199949705978256
2033 0.3615154339419129 -0.02253288848530166 -1.216486769217078
2034 0.4045946378750902 0.1752304726281177 -1.14341312551006
2035 0.7155724363675006 -0.2624799200329833 -0.6362093208876411
2036 0.866799539535557 -0.1714620975406134 0.02304174647860548
2037 0.5439786096268617 -0.3111399946950141 -0.8900921070065961
2038 0.3354715600214613 -0.3445680432357287 -1.06274549613711
2039 0.1523712192061382 -0.1006196677102452 -1.291644575494476
2040 0.8388355410123602 -0.2220685911748273 0.184902769220979
2041 0.8869232632155926 0.05920821341536883 -0.04435201072128898
2042 0.4376140001123344 -0.3070948113297793 -1.016802170741941
2043 0.8321972122593948 0.1659256671416898 0.3730136894450061
2044 0.3048406094849476 0.3164478894067667 -1.11313221345995
2045 0.6144520541840213 0.04316433727059113 -0.9543247594931179
2046 0.6885694275064674 0.4619771985899425 -0.1999748634014895
2047 0.6189522302510945 0.3588880674748865 -0.7134036554188077
2048 0.6771347549379921 -0.0916655859962601 -0.8463439861328939
2049 0.1128071605190807 0.4584092468693598 -1.034715396894813
2050 0.806499396605317 0.3018395191279761 -0.1666759592780665
2051 0.5788029511197246 0.3276056022404014 -0.8253206333407376
2052 0.7288183075831515 -0.3753505977386533 0.3932821643990497
2053 0.6248351840570188 -0.3485766671885131 -0.714489771933786
2054 0.8669014511964254 -0.109717847465957 0.1970563314971182
2055 0.8859852628083376 -0.04425451890161395 0.1009194091848971
2056 0.6178940044689148 0.5009597074404055 0.3463237360245558
2057 0.7469000128531528 -0.2834989228793096 -0.5148778385826265
2058 0.8199019813377378 -0.2851399083181062 0.007746877347197072
2059 0.6086787563493707 0.5132921251078866 -0.3488052026281875
2060 0.6526277966435756 -0.3790750962269951 -0.5972700622645659
2061 0.111821203928414 -0.4845905329544458 -0.9990271247094844
2062 0.7700815612701231 -0.3664089363394823 -0.1483712367443263
2063 0.7753852634868313 -0.358320524374277 0.1125667455367456
2064 0.7705739613001458 -0.3417943506324199 0.2570644379790783
2065 0.689710072575592 -0.458054276886839 0.1893343375532725
2066 0.8073553662591624 -0.1914359467693176 -0.4474018975782502
2067 0.2237349729400837 -0.3569888713153507 -1.116927694603226
2068 0.5332539786806068 0.4337227030339534 -0.732488859789908
2069 0.3533028083929164 0.377172856317317 -1.017138251629545
2070 0.7827160680714729 -0.3293805742982122 -0.2560252283673816
2071 0.7049120137094752 -0.4290208899912159 -0.2683902252638379
2072 0.8724191888597425 -0.1201459285939447 -0.1626237605457879
2073 0.849102645290006 0.05520495626572706 0.3921068067985625
2074 0.6766590265498256 -0.4501685235318178 0.3314949589722941
2075 0.7748323464030573 -0.1486478942148404 -0.594937472965461
2076 0.4881651014773177 0.4057255456255023 -0.8425090647062194
2077 0.6856521747623306 -0.3983639711877731 -0.4640473578853865
2078 0.4604030354335421 -0.4392053417716116 -0.8256431002294259
2079 0.8174969132129495 -0.2386168361385505 -0.3171129893015403
2080 0.8415159253280862 -0.1306774422713744 -0.3539768855468878
2081 0.5827612906813229 -0.5656939450759545 -0.02237095040503046
2082 0.8379559689752483 -0.1232482157573718 0.3865116224334245
2083 0.239817519773946 0.3989491416074167 -1.066548632398902
2084 0.2005129740696766 -0.5081487530160888 -0.9266821502579107
2085 0.4978605708370499 -0.4737939182473904 -0.7100653701599841
2086 0.5451105022227335 -0.5325455398460933 -0.4567579946812441
2087 0.7758864162612269 0.3247806920751973 0.3006610830153248
2088 0.6850429214861099 -0.4745538511044188 -0.05114574737905117
2089 0.4120124789937327 -0.3933952982955323 -0.9466727747502874
2090 0.4690536766942004 -0.1968078250319203 -1.082821267089871
2091 0.5249660973178756 -0.5063681402195592 -0.5856376352060133
2092 0.2263178127282055 -0.1766568202013309 -1.252184332419665
2093 0.6896476449760836 -0.4721949971643909 0.06221054603314966
2094 0.8066738151269836 0.2936957913127117 0.192480678835565
2095 0.7784839943348644 0.3580519653051251 0.1037006334023725
2096 0.8276584573195679 0.2741533504520985 0.04014449025197953
2097 0.2052853703675329 -0.5928950690011634 -0.754325795475667
2098 0.5976672034753853 -0.5189031394355449 -0.3405228700398392
2099 0.3919276050588184 0.4255190398508832 -0.9201927747218561
2100 0.7325053130472233 0.4185684440989533 0.02307847413345426
2101 0.8450651586359856 0.1774143532582334 0.2599870073888639
2102 0.3933412492506398 -0.5596237507622966 -0.6564413762978999
2103 0.5526880174230222 -0.08884992171664402 -1.027310437627342
2104 0.6651933584887907 0.2502477773129538 -0.7606210756353513
2105 0.8421806134388683 -0.1735178576714407 0.2861449774100652
2106 0.423060452904312 0.5136722826180976 -0.7287029241313843
2107 0.2810961108749495 0.452225642069997 -0.9681019555230425
2108 0.5836776879437283 0.5528542634486838 0.2200536708207467
2109 0.5794750593197441 -0.5625007455081094 -0.1495117182538138
2110 0.7706394064075873 -0.3148324952825887 -0.3851172553214092
2111 0.825813422645806 -0.2660494791074684 -0.1278283409760965
2112 0.7667786015011414 -0.3751518900423684 -0.03446908970350351
2113 0.7625068020329129 0.03249896449385516 -0.674432823349042
2114 0.3156996820818783 -0.5181972767784953 -0.8379712983719002
2115 0.7239807960884406 0.4132351835462694 0.2502739880450703
2116 0.5786470685582323 0.2131757763928493 -0.9378531502889805
2117 0.6090887863782998 -0.5273849347239991 0.2493639694368247
2118 0.6071896088341611 0.5299374980699922 -0.2375628939780573
2119 0.4625370755249951 0.5654433663815703 -0.5307192193026384
2120 0.8824133277204622 -0.08354692822668544 -0.05219619946206064
2121 0.1314461344485402 0.5339301287806526 -0.9090846024291984
2122 0.3864074543854494 0.5783118507869889 -0.6109397071972184
2123 0.5107173043720099 -0.6079204657180581 0.1278713984998177
2124 0.4168597950418695 -0.6454086966699765 -0.2572478945531466
2125 0.4008083922609781 0.6671060021728676 0.066358683445303
2126 0.7931272672785592 0.266943251524097 0.3927344497991165
2127 0.4250821111906755 -0.6537297074241591 -0.1152566943050389
2128 0.5029551408015304 -0.5917119151328221 -0.3188220238722377
2129 0.2394905980489301 -0.6872594951086899 -0.3876793735433253
2130 0.1687953139465027 0.671343692281608 -0.5390602417262386
2131 0.4869014748222263 0.6203812912876322 0.1763075042729315
2132 0.6148639001662615 -0.458711391877905 -0.524023279423926
2133 0.4266807909252234 -0.5857458511494081 -0.525828301135437
2134 0.1683179477967486 0.705510109403799 0.3695253100748612
2135 0.6028158239384802 -0.5477933494976052 0.1156474414483002
2136 0.265971461323393 -0.7113959869766984 0.1317680399244332
2137 0.4307710900483186 -0.656578354129891 0.008944482815657509
2138 0.5627039770717062 0.5810501941421954 0.04638233417097953
2139 0.3305254677197491 0.6890073619165391 -0.1720404673961632
2140 0.4211799768568169 -0.1353873707027072 -1.1609321108195
2141 0.2405306319086946 0.7184977599883126 0.116358695504425
2142 0.8250754720922733 0.100236902023827 -0.5062030053284015
2143 0.3641457480709945 0.5003676558172881 -0.8315346328372329
2144 0.4700391028295667 -0.6206652735281909 0.2415399065155696
2145 0.8721241295279586 -0.06649640944418411 -0.263990612071102
2146 0.8778815742911036 0.01494681977674842 -0.1828187110766436
2147 0.2275861664316099 -0.7185009099562234 -0.1882329544980909
2148 0.3034559988281518 -0.621027961987299 -0.593598676034417
2149 0.5329210424982173 0.5737083851704776 0.3165782819952059
2150 0.8401809631117252 0.2438334341209337 -0.07800788146130815
2151 0.8681961415439922 0.1632962287417848 -0.003033651525723182
2152 0.3714107362427526 -0.6735744257422628 0.1893161626950405
2153 0.4116753758154157 -0.6256258694035057 -0.3941821913329833
2154 0.723956267525085 0.1275699942375413 -0.7342533654836143
2155 0.5402176653040351 0.5943690621579215 -0.0811387276049306
2156 0.2998318139517818 0.643062174876337 -0.5075931848452204
2157 0.6840366711908089 -0.4732162003726726 -0.1700288243823752
2158 0.2936828398206839 0.6861852391442431 -0.3023174776035793
2159 0.2734942346033153 -0.7159235065492507 0.008813715892795745
2160 0.776741018606287 0.3596757251839949 -0.07189868550731655
2161 0.5495659179220566 -0.4014259151751309 -0.7741994623456913
2162 0.1194112425080165 0.5813915143020881 -0.8112907914195026
2163 0.2195456396632953 0.7147042814248887 0.235025540836313
2164 0.1061787024762828 0.2232862187746649 -1.265846738133694
2165 0.3690124500495369 0.6716774552750158 0.2112033299434212
2166 0.09845880523292103 -0.7223592009207365 -0.309481645665368
2167 0.4443562320006321 0.6485251492916813 -0.07873470283731318
2168 0.2507188737577136 0.6260725144028962 -0.6248631195092886
2169 0.626400354762874 0.5292330193668884 -0.09530628687989802
2170 0.1035146864998523 -0.7081607121710931 0.3994765996298861
2171 0.3296157196117498 -0.646571187431401 -0.4627801603489902
2172 0.2692433410315218 -0.7008531275257699 0.2634358532260865
2173 0.1559338429437264 0.7315076263592808 -0.1573648399488486
2174 0.2044797512457904 -0.657497950961366 -0.5652790304411512
2175 0.2872205719132596 0.5663843581272344 -0.7577702029951104
2176 0.2548245753949855 0.5284894242617192 -0.8583935318686539
2177 0.400919901764916 -0.5169444481522806 -0.7571517525152265
2178 0.4971062970684527 0.5047165270834796 -0.6460584086115064
2179 0.09943694186076617 -0.6724934361750909 -0.5490598466483873
2180 0.1295039341069093 -0.5713881825396647 -0.8312701578638008
2181 0.2128089207109193 0.695734911767294 -0.3758013306305117
2182 0.3277896954812323 -0.6887183552140934 -0.1643250717462528
2183 0.580029775452281 -0.4392323219623119 -0.6494872126887442
2184 0.8682451772900566 0.1580979466198945 0.109987266350254
2185 0.303191993678311 0.684232139919615 0.2952175533566805
2186 0.3019102921453177 0.6640194979376128 0.3994059609617875
2187 0.2941342952729114 0.7109531872306555 0.01886471492843586
2188 0.8640988450283889 -0.02589820179557438 -0.3637895918850845
2189 0.134231964674472 -0.7300449990913846 0.2206016361371629
2190 0.4910723378870085 0.5800560128282285 -0.4222072006779051
2191 0.3049727870835023 -0.6647342516130097 0.3956444657994136
2192 0.6705447046036629 -0.4453449950833147 -0.3687432687183791
2193 0.8555833396188978 0.07385930600351268 -0.3806837455505644
2194 0.2579252134697362 -0.4218306351185058 -1.028843157723682
2195 0.3069121757126007 -0.5639428705969176 -0.7345188676783138
2196 0.8371760361509658 -0.08876898399815115 -0.4585665584053368
2197 0.3121334600835457 -0.6903336770771894 -0.2696079559840829
2198 0.8825975549408458 0.05921050343687003 0.06510365893786493
2199 0.5021237997990896 -0.6127337833429889 -0.2025955991984778
2200 0.4096363844873127 -0.6381251831245938 0.3309209345467314
2201 0.8487076206896749 -0.2102164212839232 -0.2175553620718543
2202 0.4156526045121609 0.6329806089716399 0.3307074599214347
2203 0.490138478829325 0.6130048185688579 -0.2225378144210261
2204 0.6498034015369637 0.5052825016619021 0.1424443393715164
2205 0.8841479444028695 0.1097581419226645 -0.1369319724605789
2206 0.7124823356499745 0.4499769567781577 -0.08177166772639369
2207 0.6664915002578629 0.501789604132679 0.001573140055514457
2208 0.1185857130162608 0.7331786013130057 0.204292806813825
2209 0.3526433000610386 -0.691139039145694 0.07030679664505593
2210 0.6192497293797208 -0.5211023511371954 -0.2376218896064816
2211 0.2391906772210943 0.7237091560834653 -0.08332883663354884
2212 0.6841197855048184 0.4692008528828952 -0.2931576826881357
2213 0.5207765311236894 0.5825224728211076 -0.3199198503136714
2214 0.2045202193711078 -0.7262560350762142 -0.08638117567630409
2215 0.3471535117970762 0.68664305940465 -0.06848187216130716
2216 0.3446189647322116 -0.6944747229604109 -0.06099307488820795
2217 0.3576811673866326 0.6488732242061339 -0.380793765909567
2218 0.09822743989005892 0.7228343521071569 -0.296088361584823
2219 0.1095709770779897 -0.7389453777560784 -0.1630086839165394
2220 0.3961514212246491 0.6551855018054333 -0.248401658147816
2221 0.1060224139924116 0.6969075722088247 -0.4567779265888171
2222 0.1681228729555834 -0.6294827329778401 -0.6614237930740064
2223 0.1043021629241393 0.623807674021932 -0.7113758841371384
2224 0.1983446133920064 0.7116821804800174 -0.2664255620409804
2225 0.8675249475922807 -0.1834869102653817 -0.08026928940582453
2226 0.1097896341336058 -0.7022586040465716 -0.444603113035705
2227 0.1325522229764877 -0.7387733129093379 0.08865531576333169
2228 0.5148668893495849 -0.611787463188502 -0.08542668438746651
2229 0.6885633559003298 -0.2138628278518744 -0.7226109251027379
2230 0.3920753343113018 0.6129031394155235 -0.4715659539274757
2231 0.6175975617710139 -0.4727413706613606 0.4047284554545825
2232 0.4893134365171233 0.1248645686535342 -1.108713113926822
2233 0.2014613770852615 -0.7048071932710896 0.3451913326974703
2234 0.6292138348424695 -0.06141020071158637 -0.9596840579943244
2235 0.7581249230259804 0.38856735323956 -0.1888085564639274
2236 0.8913325824296068 -0.01247612639194437 0.2215236928623523
2237 0.1057728121817351 -0.6109942835376716 -0.7401721495910921
2238 0.2121334907723932 -0.7074641345193867 -0.2899517956770568
2239 0.6580841373367197 0.4911762060140506 0.2529775097094946
2240 0.4816137888085431 0.6334963230891745 0.01464385465659662
2241 0.7396582346649943 -0.02127899357285961 -0.761114770099121
2242 0.4986670540167292 0.2392521551993944 -1.040711981916427
2243 0.7626212829191246 0.2197854418683065 -0.6014862891858271
2244 0.874307045337149 0.06636589615958562 0.2954784571467371
2245 0.09982098895404522 0.7499242746389975 -0.07246517645988167
2246 0.1007778741451219 0.740791834595085 0.03247734454241036
2247 0.4870852912551266 -0.5863556106455696 0.3914848673566127
2248 0.537599015364462 -0.575964779736988 0.3034980441577677
2249 0.2185948753610123 0.3491244363579145 -1.152127809802384
2250 0.3587602099016206 0.1300569714572977 -1.219814671370296
2251 0.09889715537786518 0.1033811757916876 -1.331913134518079
2252 0.7118813115236796 0.4230597250047891 0.1482678785399642
2253 0.2028548998081045 0.5980891611608502 -0.7103101301171435
2254 0.1891720884672521 0.4905721149941852 -0.9784821803554464
2255 0.1156497118370398 -0.7452302266738265 -0.01614952515397165
2256 0.871826409696979 0.1483975896288693 -0.2959943956135634
2257 0.83463187274031 -0.2798482590967188 0.1051057607030601
2258 0.09580397719279404 0.6597006704321814 -0.6133132561786674
2259 0.7563341861015721 -0.06447513793476042 -0.6473578572227771
2260 0.09429721832614193 0.321854742606855 -1.214908870825737
2261 0.5177735971567713 -0.6167400018611106 0.03044784130990144
2262 0.2251714249078348 -0.5550072742575347 -0.844301043649744
2263 0.3331420350723218 -0.6746711584138516 -0.3635478919413564
2264 0.1972574055017621 0.7330806005559821 0.00704894475347138
2265 0.4413285381580077 0.3652374563753389 -0.9780350136052672
2266 0.7011631772238386 0.3606085831437116 -0.585420484663152
2267 0.09475258112384206 -0.5280384198422825 -0.9124429363681543
2268 0.6012659771617385 -0.3299377613152183 -0.8142488173110491
2269 0.6963949149354429 0.4464226570755399 0.3361661845492047
2270 0.4730904633248288 0.5822375887157031 0.4022573602066813
2271 0.09580704213953464 0.7205061110559376 0.3014438852906277
2272 0.1827095385797599 -0.2784963420008604 -1.225338601135994
2273 0.7903787471696369 -0.2544201697781848 0.2922738640002908
2274 0.8789863804874625 -0.1645831144388434 0.1185552326921397
2275 0.43173230883307 -0.6611069288181662 0.115682892687518
2276 0.3264362186871066 0.677382564207116 0.1256926935393406
2277 0.6363259306525118 0.4850703580230828 -0.4333605015837536
2278 0.4311521908383152 0.6157790008160796 -0.3286291100397481
2279 0.09157766986119209 -0.7359857478372038 0.3074172965640045
2280 0.9074174897432603 -0.01646824991545141 0.01164787782441865
2281 0.5649804057581775 0.5839761593083949 -0.1720745096949435
2282 0.4947647083763099 -0.3916505262422007 -0.9002403956280679
2283 0.2608031664343408 -0.623367244735905 -0.6776571092512128
2284 0.1467934357080025 0.7298317578915857 0.1142216604998839
2285 0.6376886485207622 0.1361099708746129 -0.9386149910793875
2286 0.2282116804739788 0.6899605785065384 -0.4684755282598657
2287 0.8198276122240615 -0.03295010787847075 0.4023523317634143
2288 0.5529888768833926 -0.5910400156814291 0.2097191130576274
2289 0.7468387106897337 -0.3962706371537575 -0.3454649894580316
2290 0.7040863521660118 0.1931539897198379 -0.6699806730866208
2291 0.7031970134965944 -0.1712927359617878 -0.8046554405195876
2292 0.2444393021918611 0.7225452095363122 -0.1858967691698989
2293 0.5578477427517609 0.5201863902325455 0.414371561241848
2294 0.6263459457471695 -0.4909376012050242 -0.4371681469401618
2295 0.3225596178756261 0.5964105975992106 -0.6766805015551867
2296 0.08969460549269473 -0.2956531804811434 -1.243953004414321
2297 0.1994957451600343 -0.6877502139461158 -0.4746216833974808
2298 0.4992818253530946 -0.5995862920831599 -0.4114213760158081
2299 0.3659295788593361 0.2591805504200833 -1.15355579262202
2300 0.2302539572174035 0.2115621816069028 -1.25585680787241
2301 0.6117731488674837 -0.2480015849168352 -0.8974595045615951
2302 0.7077361372874491 0.1198919099334656 -0.8251874561390458
2303 0.373546438816024 -0.4481216319507528 -0.857491190133217
2304 0.8167359089769073 0.03826462336321951 -0.6037407278577739
2305 0.5771592338618523 0.458516640393435 -0.6545608022341173
2306 0.8583170487954219 0.250560275876542 0.1262613495242048
2307 0.08572948238933591 0.7198421110795562 0.411070429508156
2308 0.5652606269683675 0.5905927473778894 0.1380137982657034
2309 0.3498215510905334 -0.4189352341942217 -1.009948960447524
2310 0.908820873467734 -0.01007708533157835 -0.1002373072250135
2311 0.8138099828642141 0.1818057319101885 -0.5395837833574559
2312 0.8252700021907675 -0.3123114960068013 0.1900328912140463
2313 0.7628523504921597 -0.4196113737033172 0.04558322472568348
2314 0.840679275124523 0.116163313092765 -0.2167103861976234
2315 0.6226190493453285 -0.1580035295580899 -0.8339345674130101
2316 0.09006971292049995 -0.04678095272494455 -1.344013721375533
2317 0.741597192028842 -0.4283418904789962 0.259399006697593
2318 0.08466489064951049 -0.1561377301791424 -1.321682631969344
2319 0.4506350149663141 0.4819390292067111 -0.8095486683404283
2320 0.4809058993849513 0.6299635178049494 0.2669120498757956
2321 0.5085761911279052 0.03005897419760252 -1.132814546495852
2322 0.7249187604339491 -0.3746351915264055 0.186026275112683
2323 0.5498117532052506 0.5112075076615089 -0.426771501279709
2324 0.5768660171130092 0.2413008517212904 -0.8520040216827817
2325 0.8000456670668913 -0.2126703225508664 -0.5355060663132518
2326 0.7110610207429052 0.482472411336191 0.08162716888178549
2327 0.418612532287114 0.6712453082438342 -0.1623407028025532
2328 0.08207710517797998 -0.6647563852247129 -0.6421169878835946
2329 0.5104116467140614 -0.3337706688901926 -0.9706999528368118
2330 0.7914426770005467 0.2347901397265081 0.3070357198640037
2331 0.8434143240611385 0.2653906038037663 -0.2404595625121884
2332 0.7592461088678728 -0.18603328724083 -0.6749480253713124
2333 0.0812336294615596 0.7378982684811516 -0.2083257882319386
2334 0.8641374289275481 0.1625023501051092 -0.3802695010367225
2335 0.7660456956026698 0.3350809896983638 0.0144193422792625
2336 0.2047096815853722 0.5620262039707009 -0.7922265862000061
2337 0.5374054291235257 0.3568389710864092 -0.8992542132621051
2338 0.7876301033960503 -0.3307989067373369 0.3436432494858649
2339 0.6405242140619147 -0.5434043088236601 -0.08695709816117811
2340 0.3807403059256677 0.6171530105027175 0.4155764244535097
2341 0.3570678928315038 -0.6872438480904052 0.2770089373979993
2342 0.6305706293232377 -0.02316242880596078 -0.8792088166156409
2343 0.8512484980084524 -0.08704018353185404 0.03417004538676405
2344 0.7182943624240506 -0.3640492672775847 -0.5392715891181005
2345 0.4800086920052172 -0.5404560020930872 -0.6541980474525633
2346 0.7505256837303089 0.419713597594557 -0.2986700534812834
2347 0.6398394857060881 0.4355201175167744 0.4124512020404866
2348 0.1496759817121114 -0.7481080842514852 -0.2416858876152462
2349 0.6432310945740032 -0.5428917367434475 0.03751222272968338
2350 0.3930754248138716 -0.03848652300416454 -1.135016385450347
2351 0.5097022174092162 0.493741789547437 -0.5596881911116661
2352 0.1695253049879897 -0.4200716458509728 -1.019388378246895
2353 0.7053874048214841 -0.4123156696077031 -0.1100709770532803
2354 0.4029857067244891 -0.6118497485850523 0.4188945078895261
2355 0.331039199061369 -0.3083483531685478 -1.143239091223045
2356 0.3373878047732743 0.4944442062747539 -0.9151956447016447
2357 0.2671711914463553 0.2885756251280126 -1.193500915239308
2358 0.08074878121271858 -0.7580183931079382 0.1568604138849976
2359 0.3377744289973494 0.05429418484447868 -1.175236045590974
2360 0.6579678470284055 0.4449675270716945 -0.5084233279883024
2361 0.6319712615361098 0.09377612950350134 -0.8616349463409441
2362 0.6984824400544645 -0.3006790586558354 -0.7134615972091825
2363 0.4293044709270917 0.6800754590085307 0.1482606593775343
2364 0.4896295043086805 0.5945964141368782 0.09267618626061529
2365 0.6298558678229977 0.3403056843406213 -0.629750321668781
2366 0.1595489706044134 -0.7237995464194716 -0.3741039893544896
2367 0.08196608704821091 0.523931941723544 -0.9826304759361182
2368 0.2112070228975449 -0.6947957590376457 0.1980963523398783
2369 0.7809933237156941 -0.1716581054542091 0.4101232629148928
2370 0.564615162775069 -0.5861800198578214 -0.2573631324916551
2371 0.4049347267679395 -0.3040691321199961 -1.097427615785933
2372 0.7434135843681832 0.3534671990413754 0.1900187489000148
2373 0.8323671149562194 -0.3280182486931223 -0.06700788879483616
2374 0.2974137731012615 0.7188409577711269 0.1964542690046227
2375 0.7592074637612075 -0.3520448665035256 -0.4628464790654037
2376 0.2169588262047917 -0.7457302087290996 0.06855580996189115
2377 0.6096295682529658 -0.5348212792176524 0.3394744462125748
2378 0.559741464694703 -0.5397763211584032 0.4129237489701675
2379 0.9119708084653276 0.02905243122398105 0.142717950206483
2380 0.2382089627740411 0.03263930854648692 -1.313851859237232
2381 0.8223018751407977 -0.1406893658762634 -0.2672138588740347
2382 0.5115012014216282 -0.5690258165879745 -0.5275870791097013
2383 0.334925382228315 -0.2202029188127773 -1.210731922078635
2384 0.3285182684166464 0.6388571025593144 -0.5891479065715434
2385 0.2828326571224243 0.641005385575638 -0.4230143536454721
2386 0.5025462702900885 0.642373907977322 -0.1422657108791709
2387 0.1732486205391204 0.6538868371994349 -0.6512878435971824
2388 0.1306714929735389 0.7277244666260985 -0.3779289732517047
2389 0.2809755244790597 -0.6732179280152157 -0.5287751415270627
2390 0.8963600612859813 0.177715179977522 -0.08404640242389548
2391 0.8400872171154226 0.1683765259424692 -0.4630157572770954
2392 0.2004418456729196 -0.04223096976352449 -1.33228556526312
2393 0.8308835616573774 -0.1326957234709513 -0.5319842780470897
2394 0.7483479819720705 -0.438914381913107 0.1286648062703771
2395 0.8432368426074957 -0.2948360314956331 -0.2064507271094184
2396 0.09164819102654001 0.1397402671526422 -1.254859593875105
2397 0.7540364497222973 -0.433542075188579 -0.1986712148854362
2398 0.5933678047406248 -0.1589975043651745 -1.002725168140185
2399 0.8209030667409053 0.1894751007070031 0.1766653461157926
2400 0.5190370607824649 -0.1275558726053704 -1.097072377282964
2401 0.805463982219799 -0.2766279903503779 -0.4530979219810013
2402 0.7185814061881738 -0.3693380695672175 0.308073043319984
2403 0.07106275856683915 0.3946211275801904 -1.063984013447759
2404 0.2330490076975123 0.7268050411325269 0.3183156570629187
2405 0.4572693101691843 0.2365238641874274 -1.115481398013817
2406 0.08961511464517609 0.7020859112242517 -0.5399607629103187
2407 0.8549750313269202 0.2275256675955226 -0.3146992929793797
2408 0.2436057080814403 0.1441914714629975 -1.204790951554328
2409 0.8082031517443056 0.3433806730801695 -0.2414739288187858
2410 0.1774218344512906 -0.03730891212308985 -1.245698239207795
2411 0.5408877599471978 0.5619535006075946 -0.495562542636739
2412 0.193608422796588 0.06152164526047088 -1.243516576035902
2413 0.6059843539354838 0.5786901459371696 -0.02793458975867466
2414 0.179859024309597 -0.6704518172242117 0.423945254839231
2415 0.7916655481461592 0.1435085327720539 -0.6792365894367738
2416 0.5576534446685889 -0.01712591120796905 -0.9776219983531983
2417 0.5650676780786471 0.4092100015455531 -0.8071006514133161
2418 0.4323283754072733 -0.526189513092597 -0.5857212466959834
2419 0.7799931379327651 0.03039253628919902 -0.5207392529113957
2420 0.3191603766952317 0.01217178575379694 -1.281402541262525
2421 0.6558940685450648 -0.534596670733031 0.1797060933930274
2422 0.1868476397410389 -0.2845459110328329 -1.140901241837366
2423 0.7880196889148579 -0.3260382158248446 0.4262988889630684
2424 0.7213192539528139 -0.2159901731067554 -0.5659251349911679
2425 0.3646836943964136 -0.6412915288408453 -0.5392803756937558
2426 0.5059309735748494 -0.3518104028298063 -0.8266924501259901
2427 0.4407761476147989 0.1748116369233204 -1.055202877137129
2428 0.3120744956822097 -0.1792314834789772 -1.143944460269205
2429 0.4556029316348471 -0.01573131661671308 -1.185896749993805
2430 0.6681603430545098 -0.4967868863454375 -0.3010981224835366
2431 0.6253581511853187 -0.2683897803182657 -0.7336470504453153
2432 0.2854505115396702 -0.7320036062383759 -0.1066439786804537
2433 0.284175601932601 -0.1228545014774062 -1.287970331981114
2434 0.6416852713780063 0.5515107244579915 0.06886904124506882
2435 0.6051578717296562 0.09102323802584703 -1.027210390398529
2436 0.6472725585003417 -0.309963640456553 -0.6438910190849301
2437 0.6812540974153293 -0.2946534738063795 -0.567238265813946
2438 0.6485199603969068 0.2821822709299114 -0.8364481712033561
2439 0.4940435315236795 -0.147796973636045 -1.02005129488326
2440 0.5023746617498583 -0.2660603724142235 -1.050027072448037
2441 0.829393122926916 -0.09183328678245785 0.2702752222514225
2442 0.4099395426373772 0.6876703011139005 -0.01380580391948878
2443 0.69107924483786 0.3178027537936747 -0.7194705846917622
2444 0.1288858396290316 0.2952036703484727 -1.147528220558123
2445 0.2484204938172764 0.6800179994534817 -0.561566007086153
2446 0.6593346917345329 0.5354587139107971 -0.1721501902309907
2447 0.08133100271237963 -0.7679460781696079 -0.08939100959796552
2448 0.6942170851087693 0.05011435791588514 -0.7528609031985999
2449 0.4371221028835849 -0.1190455018247705 -1.079978560965087
2450 0.07773862464996367 0.7658913675197202 0.140770443979014
2451 0.2800313658448826 -0.5291010837632578 -0.9125995313623014
2452 0.814750642307449 0.1187970510421152 0.3050778130980424
2453 0.758383583779492 0.3006510241240716 -0.5837469535496239
2454 0.2568561974861919 0.1416323424401843 -1.295486706102386
2455 0.8246191744726583 -0.3582234118705871 0.0461353142222676
2456 0.7948634936237428 0.110963009435498 0.4254067290595894
2457 0.55874400952842 -0.03927856592238757 -1.094894375429334
2458 0.6379135126468253 -0.4737480632532177 0.1266905410217771
2459 0.4449393063068723 0.5650363099857595 -0.6677609518600791
2460 0.3951375850812607 0.05190187211967784 -1.236766481313344
2461 0.2205332980386545 0.659188690483028 0.4141409465664621
2462 0.5385573301900954 0.07514279749609754 -0.9788972938843252
2463 0.6649413828965282 0.1689073757693031 -0.7744549002737606
2464 0.84157407875588 0.2872010857161502 0.2672164232019252
2465 0.3686482893708722 0.5586969664986611 -0.7725076809157032
2466 0.4547128419191156 0.3533418531068385 -0.8972027340672144
2467 0.1798645076050567 0.4156763709662591 -1.012171855441583
2468 0.3669585971144712 -0.3372763503334364 -0.9868988082062332
2469 0.6985940598279263 -0.3531346055981406 -0.3964283097546416
2470 0.3185924028345272 0.3941237953676761 -1.089774863560385
2471 0.8558805981922536 -0.2065800361634241 -0.38258125363071
2472 0.1897342407740767 -0.7553584483262842 0.1460442564645421
2473 0.4066506172435964 -0.6880815930665212 -0.187679958189845
2474 0.5031615426650663 0.2009986994230721 -0.9680747687418673
2475 0.180406449983106 -0.2039323898404811 -1.188226854367074
2476 0.1620954172487956 0.1924480930319103 -1.214141438795546
2477 0.1982788183736159 -0.7429134004275475 0.2716379951707912
2478 0.1904102416159085 0.5786022802708743 -0.8720196689625398
2479 0.8175529241942873 -0.2034435646675297 0.08041053943682323
2480 0.8076019655696839 -0.2334190430228671 -0.05476714352685383
2481 0.5649697917012256 0.5985541385280332 -0.2527526887902678
2482 0.4821054867620294 0.3191140839753053 -1.032205554223155
2483 0.3109318945726693 -0.5629811191339413 -0.6518906783201656
2484 0.8382452882700878 0.1210121914890272 -0.06927900221113176
2485 0.8967283448473398 -0.1471344566081807 -0.2352913064683641
2486 0.4040060356970169 -0.2365198662471427 -1.04752392382713
2487 0.5854790002992502 0.2922172556069945 -0.916056156658704
2488 0.3626765904913035 -0.5677370532826916 -0.5750251229918137
2489 0.2591941979129759 -0.4871261023348398 -0.9796208506576143
2490 0.4400997511495861 0.01510707489380213 -1.090735932274448
2491 0.07447587416062343 0.1808959099406102 -1.3276610231441
2492 0.5721383626764909 -0.280932885307855 -0.9610227097192047
2493 0.3106766367235146 -0.7275083682173928 0.198243934572129
2494 0.2642808122546229 -0.2876044411843777 -1.100226138287383
2495 0.801083145387017 0.2637782754159488 -0.5243523479505314
2496 0.6848945052218482 0.02509621177093483 -0.9168241406214929
2497 0.4524997505757271 -0.6547342118354331 -0.3299387967335708
2498 0.8217122625623403 -0.1812577746182145 -0.1469586731656519
2499 0.6854482881706845 -0.4989455482890435 0.2605730722188561
2500 0.4486652906416951 -0.3262909337867869 -0.917527443564371
2501 0.169260172692088 -0.1782306713848455 -1.310569225310186
2502 0.8822888807655894 0.2166876470530075 0.05604593252207893
2503 0.1950250837322418 -0.761385243451688 -0.00824135304367263
2504 0.3980904496800417 -0.09614404511267544 -1.230858644268062
2505 0.7635030215651206 0.4027886622817797 0.3207912019321598
2506 0.426767707117933 0.2852316301041457 -0.9829434745798518
2507 0.6867514428514115 0.4666414023964782 -0.3734902782897778
2508 0.3600641073141683 0.2132376384488212 -1.085268449176434
2509 0.7447732512481339 -0.09125770740829842 -0.8016875240848115
2510 0.6761230053071426 -0.2044385362046591 -0.8737234909264727
2511 0.8565387408498517 -0.2015343099522595 0.3956136331433957
2512 0.40831518499696 0.4201752449160794 -0.8408810834400726
2513 0.07050251251501044 -0.7325164725210392 -0.2337659216782711
2514 0.4647494630467173 -0.5488115556719294 -0.4644415606683785
2515 0.8267475697019894 0.3095387641751174 -0.03266264822279097
2516 0.5358242914747749 -0.5288509401929843 -0.3828895061958975
2517 0.2474863309721447 -0.1066431177933201 -1.217806707224062
2518 0.49676962894553 -0.2628518948568559 -0.9344598323313232
2519 0.1172032350897399 -0.2536478093294621 -1.180692782839396
2520 0.6938091157955275 -0.4164908777050643 0.004086126391270145
2521 0.5575305299487673 0.1357581099311777 -0.9290750021058952
2522 0.7697961941712682 -0.2316157225580406 -0.3849465887062415
2523 0.3339407191290435 0.300581832691521 -1.038349551624498
2524 0.2059799995754427 -0.4360840981778535 -1.093716707486533
2525 0.4405261616801941 -0.4551377091300274 -0.9025845905891524
2526 0.4107025463949688 -0.6447533793005367 -0.4728061738495042
2527 0.2309025071038106 -0.3413617189329237 -1.195242974368049
2528 0.3551421133033254 0.58363667761421 -0.5368950758267068
2529 0.08284259873590238 0.5907547120983697 -0.8814896675177896
2530 0.6539154551838088 -0.4000197725929721 0.4159721474870471
2531 0.7975579636891215 0.3794036550113117 0.2446575843994205
2532 0.9069858882309971 -0.07380378497771323 0.269894525014828
2533 0.8960965142922269 0.1639874036962525 0.1972080487341056
2534 0.3285422159737604 0.1480400986910954 -1.147015336132073
2535 0.8486604360907005 0.04174287770153289 -0.1128733548619737
2536 0.2840897173841472 0.005200043275836522 -1.20941631167967
2537 0.076452383753948 0.03503007299991018 -1.371348465847681
2538 0.1784259025596253 0.08746767155138477 -1.338083067176144
2539 0.07166462611872949 -0.0887335297072617 -1.27432959891865
2540 0.5463477849608752 -0.2038359522685296 -0.9120379962132726
2541 0.7267995191173245 0.1018102206945532 -0.655582773045657
2542 0.5043619125684565 0.5626338207070165 0.2295775639630242
2543 0.8441002928762055 -0.04612218907876603 -0.1377898537621657
2544 0.7365984579451956 0.2522200753706641 -0.7131864314596051
2545 0.7627405882924498 -0.4485885595701436 -0.06695178134981981
2546 0.7852878007298363 0.2782703642636178 0.1081045347700138
$EndNodes
$Elements
14010
1 2 2 3 29 12 617 1
2 2 2 3 29 1 617 70
3 2 2 3 29 2 696 41
4 2 2 3 29 71 696 2
5 2 2 3 29 42 699 3
6 2 2 3 29 3 699 87
7 2 2 3 29 13 281 12
8 2 2 3 29 281 617 12
9 2 2 3 29 14 613 13
10 2 2 3 29 13 613 281
11 2 2 3 29 15 275 14
12 2 2 3 29 275 613 14
13 2 2 3 29 16 704 15
14 2 2 3 29 15 704 275
15 2 2 3 29 17 675 16
16 2 2 3 29 675 704 16
17 2 2 3 29 18 269 17
18 2 2 3 29 269 675 17
19 2 2 3 29 19 606 18
20 2 2 3 29 18 606 269
21 2 2 3 29 20 599 19
22 2 2 3 29 599 606 19
23 2 2 3 29 21 264 20
24 2 2 3 29 264 599 20
25 2 2 3 29 22 581 21
26 2 2 3 29 21 581 264
27 2 2 3 29 23 280 22
28 2 2 3 29 280 581 22
29 2 2 3 29 24 597 23
30 2 2 3 29 23 597 280
31 2 2 3 29 25 260 24
32 2 2 3 29 260 597 24
33 2 2 3 29 26 591 25
34 2 2 3 29 25 591 260
35 2 2 3 29 27 279 26
36 2 2 3 29 279 591 26
37 2 2 3 29 28 646 27
38 2 2 3 29 27 646 279
39 2 2 3 29 29 259 28
40 2 2 3 29 259 646 28
41 2 2 3 29 30 587 29
42 2 2 3 29 29 587 259
43 2 2 3 29 31 277 30
44 2 2 3 29 277 587 30
45 2 2 3 29 32 586 31
46 2 2 3 29 31 586 277
47 2 2 3 29 33 258 32
48 2 2 3 29 258 586 32
49 2 2 3 29 34 703 33
50 2 2 3 29 33 703 258
51 2 2 3 29 35 650 34
52 2 2 3 29 650 703 34
53 2 2 3 29 36 263 35
54 2 2 3 29 263 650 35
55 2 2 3 29 37 584 36
56 2 2 3 29 36 584 263
57 2 2 3 29 38 657 37
58 2 2 3 29 37 657 584
59 2 2 3 29 39 271 38
60 2 2 3 29 271 657 38
61 2 2 3 29 40 668 39
62 2 2 3 29 39 668 271
63 2 2 3 29 41 282 40
64 2 2 3 29 282 668 40
65 2 2 3 29 41 696 282
66 2 2 3 29 43 283 42
67 2 2 3 29 283 699 42
68 2 2 3 29 44 632 43
69 2 2 3 29 43 632 283
70 2 2 3 29 45 274 44
71 2 2 3 29 274 632 44
72 2 2 3 29 46 600 45
73 2 2 3 29 45 600 274
74 2 2 3 29 47 660 46
75 2 2 3 29 46 660 600
76 2 2 3 29 48 262 47
77 2 2 3 29 262 660 47
78 2 2 3 29 49 669 48
79 2 2 3 29 48 669 262
80 2 2 3 29 50 276 49
81 2 2 3 29 276 669 49
82 2 2 3 29 51 601 50
83 2 2 3 29 50 601 276
84 2 2 3 29 52 255 51
85 2 2 3 29 255 601 51
86 2 2 3 29 53 602 52
87 2 2 3 29 52 602 255
88 2 2 3 29 54 278 53
89 2 2 3 29 278 602 53
90 2 2 3 29 55 603 54
91 2 2 3 29 54 603 278
92 2 2 3 29 56 256 55
93 2 2 3 29 256 603 55
94 2 2 3 29 57 547 56
95 2 2 3 29 56 547 256
96 2 2 3 29 58 680 57
97 2 2 3 29 57 680 547
98 2 2 3 29 59 261 58
99 2 2 3 29 261 680 58
100 2 2 3 29 60 659 59
101 2 2 3 29 59 659 261
102 2 2 3 29 61 667 60
103 2 2 3 29 60 667 659
104 2 2 3 29 62 267 61
105 2 2 3 29 267 667 61
106 2 2 3 29 63 653 62
107 2 2 3 29 62 653 267
108 2 2 3 29 64 670 63
109 2 2 3 29 63 670 653
110 2 2 3 29 65 268 64
111 2 2 3 29 268 670 64
112 2 2 3 29 66 619 65
113 2 2 3 29 65 619 268
114 2 2 3 29 67 270 66
115 2 2 3 29 270 619 66
116 2 2 3 29 68 698 67
117 2 2 3 29 67 698 270
118 2 2 3 29 69 284 68
119 2 2 3 29 284 698 68
120 2 2 3 29 70 618 69
121 2 2 3 29 69 618 284
122 2 2 3 29 617 618 70
123 2 2 3 29 72 635 71
124 2 2 3 29 635 696 71
125 2 2 3 29 73 285 72
126 2 2 3 29 285 635 72
127 2 2 3 29 74 273 73
128 2 2 3 29 273 285 73
129 2 2 3 29 75 604 74
130 2 2 3 29 74 604 273
131 2 2 3 29 76 605 75
132 2 2 3 29 75 605 604
133 2 2 3 29 77 265 76
134 2 2 3 29 265 605 76
135 2 2 3 29 78 497 77
136 2 2 3 29 77 497 265
137 2 2 3 29 79 257 78
138 2 2 3 29 257 497 78
139 2 2 3 29 80 639 79
140 2 2 3 29 79 639 257
141 2 2 3 29 81 651 80
142 2 2 3 29 80 651 639
143 2 2 3 29 82 266 81
144 2 2 3 29 266 651 81
145 2 2 3 29 83 671 82
146 2 2 3 29 82 671 266
147 2 2 3 29 84 678 83
148 2 2 3 29 83 678 671
149 2 2 3 29 85 272 84
150 2 2 3 29 272 678 84
151 2 2 3 29 86 583 85
152 2 2 3 29 85 583 272
153 2 2 3 29 87 641 86
154 2 2 3 29 86 641 583
155 2 2 3 29 87 699 641
156 2 2 3 29 512 601 255
157 2 2 3 29 255 695 512
158 2 2 3 29 602 695 255
159 2 2 3 29 547 640 256
160 2 2 3 29 256 691 603
161 2 2 3 29 640 691 256
162 2 2 3 29 257 622 497
163 2 2 3 29 529 622 257
164 2 2 3 29 257 639 529
165 2 2 3 29 469 586 258
166 2 2 3 29 258 649 469
167 2 2 3 29 558 649 258
168 2 2 3 29 258 703 558
169 2 2 3 29 587 588 259
170 2 2 3 29 588 700 259
171 2 2 3 29 259 700 646
172 2 2 3 29 591 681 260
173 2 2 3 29 260 658 597
174 2 2 3 29 260 681 658
175 2 2 3 29 261 578 546
176 2 2 3 29 546 680 261
177 2 2 3 29 261 707 578
178 2 2 3 29 659 707 261
179 2 2 3 29 509 510 262
180 2 2 3 29 262 669 509
181 2 2 3 29 510 511 262
182 2 2 3 29 511 660 262
183 2 2 3 29 584 685 263
184 2 2 3 29 263 685 650
185 2 2 3 29 264 581 488
186 2 2 3 29 488 708 264
187 2 2 3 29 264 708 599
188 2 2 3 29 497 498 265
189 2 2 3 29 498 637 265
190 2 2 3 29 265 637 605
191 2 2 3 29 474 662 266
192 2 2 3 29 266 671 474
193 2 2 3 29 530 651 266
194 2 2 3 29 266 662 530
195 2 2 3 29 480 496 267
196 2 2 3 29 267 653 480
197 2 2 3 29 496 667 267
198 2 2 3 29 479 705 268
199 2 2 3 29 268 712 479
200 2 2 3 29 619 712 268
201 2 2 3 29 268 705 670
202 2 2 3 29 269 634 493
203 2 2 3 29 493 675 269
204 2 2 3 29 269 606 596
205 2 2 3 29 596 634 269
206 2 2 3 29 270 615 487
207 2 2 3 29 487 711 270
208 2 2 3 29 270 698 615
209 2 2 3 29 270 711 619
210 2 2 3 29 271 668 495
211 2 2 3 29 495 697 271
212 2 2 3 29 271 710 657
213 2 2 3 29 697 710 271
214 2 2 3 29 490 678 272
215 2 2 3 29 272 684 490
216 2 2 3 29 583 684 272
217 2 2 3 29 273 286 285
218 2 2 3 29 273 287 286
219 2 2 3 29 273 604 287
220 2 2 3 29 274 600 593
221 2 2 3 29 593 694 274
222 2 2 3 29 274 694 632
223 2 2 3 29 484 486 275
224 2 2 3 29 275 492 484
225 2 2 3 29 486 613 275
226 2 2 3 29 275 704 492
227 2 2 3 29 507 509 276
228 2 2 3 29 276 682 507
229 2 2 3 29 509 669 276
230 2 2 3 29 601 682 276
231 2 2 3 29 586 673 277
232 2 2 3 29 277 625 587
233 2 2 3 29 277 673 625
234 2 2 3 29 278 603 523
235 2 2 3 29 523 647 278
236 2 2 3 29 278 647 602
237 2 2 3 29 570 624 279
238 2 2 3 29 279 646 570
239 2 2 3 29 279 693 591
240 2 2 3 29 624 693 279
241 2 2 3 29 482 580 280
242 2 2 3 29 280 597 482
243 2 2 3 29 580 581 280
244 2 2 3 29 613 614 281
245 2 2 3 29 614 618 281
246 2 2 3 29 281 618 617
247 2 2 3 29 483 495 282
248 2 2 3 29 282 635 483
249 2 2 3 29 495 668 282
250 2 2 3 29 282 696 635
251 2 2 3 29 283 632 595
252 2 2 3 29 595 688 283
253 2 2 3 29 283 688 641
254 2 2 3 29 641 699 283
255 2 2 3 29 284 614 610
256 2 2 3 29 610 615 284
257 2 2 3 29 284 618 614
258 2 2 3 29 615 698 284
259 2 2 3 29 286 483 285
260 2 2 3 29 483 635 285
261 2 2 3 29 287 288 286
262 2 2 3 29 288 494 286
263 2 2 3 29 286 494 483
264 2 2 3 29 287 289 288
265 2 2 3 29 287 455 289
266 2 2 3 29 287 604 455
267 2 2 3 29 289 290 288
268 2 2 3 29 290 412 288
269 2 2 3 29 412 494 288
270 2 2 3 29 289 291 290
271 2 2 3 29 289 560 291
272 2 2 3 29 455 560 289
273 2 2 3 29 291 292 290
274 2 2 3 29 292 561 290
275 2 2 3 29 290 561 412
276 2 2 3 29 291 293 292
277 2 2 3 29 291 371 293
278 2 2 3 29 291 560 371
279 2 2 3 29 293 294 292
280 2 2 3 29 294 370 292
281 2 2 3 29 370 561 292
282 2 2 3 29 293 295 294
283 2 2 3 29 293 552 295
284 2 2 3 29 371 552 293
285 2 2 3 29 295 296 294
286 2 2 3 29 296 559 294
287 2 2 3 29 294 559 370
288 2 2 3 29 295 297 296
289 2 2 3 29 295 328 297
290 2 2 3 29 295 552 328
291 2 2 3 29 297 298 296
292 2 2 3 29 298 333 296
293 2 2 3 29 333 559 296
294 2 2 3 29 297 299 298
295 2 2 3 29 297 540 299
296 2 2 3 29 328 540 297
297 2 2 3 29 299 300 298
298 2 2 3 29 300 554 298
299 2 2 3 29 298 554 333
300 2 2 3 29 299 301 300
301 2 2 3 29 299 655 301
302 2 2 3 29 540 655 299
303 2 2 3 29 301 302 300
304 2 2 3 29 302 535 300
305 2 2 3 29 535 554 300
306 2 2 3 29 301 303 302
307 2 2 3 29 301 305 303
308 2 2 3 29 301 655 305
309 2 2 3 29 303 304 302
310 2 2 3 29 304 327 302
311 2 2 3 29 327 535 302
312 2 2 3 29 303 306 304
313 2 2 3 29 305 531 303
314 2 2 3 29 303 531 306
315 2 2 3 29 306 307 304
316 2 2 3 29 307 551 304
317 2 2 3 29 304 551 327
318 2 2 3 29 305 626 531
319 2 2 3 29 305 642 626
320 2 2 3 29 305 655 642
321 2 2 3 29 306 308 307
322 2 2 3 29 306 585 308
323 2 2 3 29 531 585 306
324 2 2 3 29 308 309 307
325 2 2 3 29 309 550 307
326 2 2 3 29 550 551 307
327 2 2 3 29 308 310 309
328 2 2 3 29 308 312 310
329 2 2 3 29 308 585 312
330 2 2 3 29 310 311 309
331 2 2 3 29 311 313 309
332 2 2 3 29 313 550 309
333 2 2 3 29 310 536 311
334 2 2 3 29 312 337 310
335 2 2 3 29 337 536 310
336 2 2 3 29 311 314 313
337 2 2 3 29 311 315 314
338 2 2 3 29 311 536 315
339 2 2 3 29 312 338 337
340 2 2 3 29 312 515 338
341 2 2 3 29 312 585 515
342 2 2 3 29 314 347 313
343 2 2 3 29 347 372 313
344 2 2 3 29 372 550 313
345 2 2 3 29 315 316 314
346 2 2 3 29 316 542 314
347 2 2 3 29 314 542 347
348 2 2 3 29 315 317 316
349 2 2 3 29 315 452 317
350 2 2 3 29 315 536 452
351 2 2 3 29 317 318 316
352 2 2 3 29 318 319 316
353 2 2 3 29 319 542 316
354 2 2 3 29 317 548 318
355 2 2 3 29 452 453 317
356 2 2 3 29 453 548 317
357 2 2 3 29 318 320 319
358 2 2 3 29 318 321 320
359 2 2 3 29 318 548 321
360 2 2 3 29 320 563 319
361 2 2 3 29 319 543 542
362 2 2 3 29 319 563 543
363 2 2 3 29 321 322 320
364 2 2 3 29 322 323 320
365 2 2 3 29 323 563 320
366 2 2 3 29 321 654 322
367 2 2 3 29 548 645 321
368 2 2 3 29 645 654 321
369 2 2 3 29 322 324 323
370 2 2 3 29 322 325 324
371 2 2 3 29 322 654 325
372 2 2 3 29 324 576 323
373 2 2 3 29 323 620 563
374 2 2 3 29 576 620 323
375 2 2 3 29 325 326 324
376 2 2 3 29 326 329 324
377 2 2 3 29 329 576 324
378 2 2 3 29 325 572 326
379 2 2 3 29 325 661 572
380 2 2 3 29 654 661 325
381 2 2 3 29 326 330 329
382 2 2 3 29 326 331 330
383 2 2 3 29 326 572 331
384 2 2 3 29 327 631 535
385 2 2 3 29 551 623 327
386 2 2 3 29 623 631 327
387 2 2 3 29 328 663 540
388 2 2 3 29 552 677 328
389 2 2 3 29 328 677 663
390 2 2 3 29 330 334 329
391 2 2 3 29 334 349 329
392 2 2 3 29 349 576 329
393 2 2 3 29 331 332 330
394 2 2 3 29 332 579 330
395 2 2 3 29 330 579 334
396 2 2 3 29 331 335 332
397 2 2 3 29 331 348 335
398 2 2 3 29 331 572 348
399 2 2 3 29 335 336 332
400 2 2 3 29 336 350 332
401 2 2 3 29 350 579 332
402 2 2 3 29 554 652 333
403 2 2 3 29 333 664 559
404 2 2 3 29 652 664 333
405 2 2 3 29 334 352 349
406 2 2 3 29 334 454 352
407 2 2 3 29 334 579 454
408 2 2 3 29 335 363 336
409 2 2 3 29 348 701 335
410 2 2 3 29 335 701 363
411 2 2 3 29 336 351 350
412 2 2 3 29 336 575 351
413 2 2 3 29 363 575 336
414 2 2 3 29 338 339 337
415 2 2 3 29 339 549 337
416 2 2 3 29 337 549 536
417 2 2 3 29 338 340 339
418 2 2 3 29 338 341 340
419 2 2 3 29 338 515 341
420 2 2 3 29 340 346 339
421 2 2 3 29 346 380 339
422 2 2 3 29 380 549 339
423 2 2 3 29 341 342 340
424 2 2 3 29 342 519 340
425 2 2 3 29 340 519 346
426 2 2 3 29 341 343 342
427 2 2 3 29 341 401 343
428 2 2 3 29 341 515 401
429 2 2 3 29 343 344 342
430 2 2 3 29 344 364 342
431 2 2 3 29 364 519 342
432 2 2 3 29 343 345 344
433 2 2 3 29 343 520 345
434 2 2 3 29 401 520 343
435 2 2 3 29 345 354 344
436 2 2 3 29 354 502 344
437 2 2 3 29 344 502 364
438 2 2 3 29 345 355 354
439 2 2 3 29 345 356 355
440 2 2 3 29 345 520 356
441 2 2 3 29 346 381 380
442 2 2 3 29 346 562 381
443 2 2 3 29 519 562 346
444 2 2 3 29 347 373 372
445 2 2 3 29 347 544 373
446 2 2 3 29 542 544 347
447 2 2 3 29 572 674 348
448 2 2 3 29 674 687 348
449 2 2 3 29 687 701 348
450 2 2 3 29 352 353 349
451 2 2 3 29 353 437 349
452 2 2 3 29 437 576 349
453 2 2 3 29 351 361 350
454 2 2 3 29 361 607 350
455 2 2 3 29 350 607 579
456 2 2 3 29 351 362 361
457 2 2 3 29 351 365 362
458 2 2 3 29 351 575 365
459 2 2 3 29 352 399 353
460 2 2 3 29 352 577 399
461 2 2 3 29 454 577 352
462 2 2 3 29 399 400 353
463 2 2 3 29 400 656 353
464 2 2 3 29 353 656 437
465 2 2 3 29 355 517 354
466 2 2 3 29 354 518 502
467 2 2 3 29 517 518 354
468 2 2 3 29 356 357 355
469 2 2 3 29 357 359 355
470 2 2 3 29 359 517 355
471 2 2 3 29 356 358 357
472 2 2 3 29 356 423 358
473 2 2 3 29 356 520 423
474 2 2 3 29 358 534 357
475 2 2 3 29 357 360 359
476 2 2 3 29 357 534 360
477 2 2 3 29 423 609 358
478 2 2 3 29 358 589 534
479 2 2 3 29 358 609 589
480 2 2 3 29 360 367 359
481 2 2 3 29 367 389 359
482 2 2 3 29 389 517 359
483 2 2 3 29 360 368 367
484 2 2 3 29 360 369 368
485 2 2 3 29 360 534 369
486 2 2 3 29 362 392 361
487 2 2 3 29 392 393 361
488 2 2 3 29 393 607 361
489 2 2 3 29 365 366 362
490 2 2 3 29 366 592 362
491 2 2 3 29 362 592 392
492 2 2 3 29 475 476 363
493 2 2 3 29 363 701 475
494 2 2 3 29 476 477 363
495 2 2 3 29 477 575 363
496 2 2 3 29 502 503 364
497 2 2 3 29 503 514 364
498 2 2 3 29 514 519 364
499 2 2 3 29 365 386 366
500 2 2 3 29 365 638 386
501 2 2 3 29 575 638 365
502 2 2 3 29 386 387 366
503 2 2 3 29 387 396 366
504 2 2 3 29 396 592 366
505 2 2 3 29 368 388 367
506 2 2 3 29 388 499 367
507 2 2 3 29 367 499 389
508 2 2 3 29 369 394 368
509 2 2 3 29 368 537 388
510 2 2 3 29 394 537 368
511 2 2 3 29 369 395 394
512 2 2 3 29 369 416 395
513 2 2 3 29 369 534 416
514 2 2 3 29 559 676 370
515 2 2 3 29 370 689 561
516 2 2 3 29 676 689 370
517 2 2 3 29 371 686 527
518 2 2 3 29 527 690 371
519 2 2 3 29 371 690 552
520 2 2 3 29 560 686 371
521 2 2 3 29 373 374 372
522 2 2 3 29 374 598 372
523 2 2 3 29 372 598 550
524 2 2 3 29 373 375 374
525 2 2 3 29 373 376 375
526 2 2 3 29 373 544 376
527 2 2 3 29 375 377 374
528 2 2 3 29 377 427 374
529 2 2 3 29 427 598 374
530 2 2 3 29 376 378 375
531 2 2 3 29 375 564 377
532 2 2 3 29 378 564 375
533 2 2 3 29 376 379 378
534 2 2 3 29 376 567 379
535 2 2 3 29 544 567 376
536 2 2 3 29 377 428 427
537 2 2 3 29 377 429 428
538 2 2 3 29 377 564 429
539 2 2 3 29 379 390 378
540 2 2 3 29 390 398 378
541 2 2 3 29 398 564 378
542 2 2 3 29 379 391 390
543 2 2 3 29 379 402 391
544 2 2 3 29 379 567 402
545 2 2 3 29 381 382 380
546 2 2 3 29 382 611 380
547 2 2 3 29 380 611 549
548 2 2 3 29 381 383 382
549 2 2 3 29 381 385 383
550 2 2 3 29 381 562 385
551 2 2 3 29 383 384 382
552 2 2 3 29 384 629 382
553 2 2 3 29 382 629 611
554 2 2 3 29 383 403 384
555 2 2 3 29 385 521 383
556 2 2 3 29 383 521 403
557 2 2 3 29 403 404 384
558 2 2 3 29 404 405 384
559 2 2 3 29 405 629 384
560 2 2 3 29 385 582 521
561 2 2 3 29 562 621 385
562 2 2 3 29 385 621 582
563 2 2 3 29 386 425 387
564 2 2 3 29 386 426 425
565 2 2 3 29 386 638 426
566 2 2 3 29 387 397 396
567 2 2 3 29 387 608 397
568 2 2 3 29 425 608 387
569 2 2 3 29 388 500 499
570 2 2 3 29 388 538 500
571 2 2 3 29 537 538 388
572 2 2 3 29 499 628 389
573 2 2 3 29 389 616 517
574 2 2 3 29 389 628 616
575 2 2 3 29 391 415 390
576 2 2 3 29 390 568 398
577 2 2 3 29 415 568 390
578 2 2 3 29 402 463 391
579 2 2 3 29 391 573 415
580 2 2 3 29 463 573 391
581 2 2 3 29 392 409 393
582 2 2 3 29 392 435 409
583 2 2 3 29 392 592 435
584 2 2 3 29 409 413 393
585 2 2 3 29 413 633 393
586 2 2 3 29 393 633 607
587 2 2 3 29 395 450 394
588 2 2 3 29 450 451 394
589 2 2 3 29 451 537 394
590 2 2 3 29 416 417 395
591 2 2 3 29 417 541 395
592 2 2 3 29 395 541 450
593 2 2 3 29 397 414 396
594 2 2 3 29 414 612 396
595 2 2 3 29 396 612 592
596 2 2 3 29 397 484 414
597 2 2 3 29 397 485 484
598 2 2 3 29 397 608 485
599 2 2 3 29 398 571 564
600 2 2 3 29 568 569 398
601 2 2 3 29 569 571 398
602 2 2 3 29 399 446 400
603 2 2 3 29 399 447 446
604 2 2 3 29 399 577 447
605 2 2 3 29 446 448 400
606 2 2 3 29 448 665 400
607 2 2 3 29 400 665 656
608 2 2 3 29 515 516 401
609 2 2 3 29 516 590 401
610 2 2 3 29 401 590 520
611 2 2 3 29 402 644 463
612 2 2 3 29 567 630 402
613 2 2 3 29 630 644 402
614 2 2 3 29 403 532 404
615 2 2 3 29 521 522 403
616 2 2 3 29 522 532 403
617 2 2 3 29 404 406 405
618 2 2 3 29 404 407 406
619 2 2 3 29 404 532 407
620 2 2 3 29 406 553 405
621 2 2 3 29 553 636 405
622 2 2 3 29 405 636 629
623 2 2 3 29 407 408 406
624 2 2 3 29 408 410 406
625 2 2 3 29 410 553 406
626 2 2 3 29 407 545 408
627 2 2 3 29 532 533 407
628 2 2 3 29 533 545 407
629 2 2 3 29 408 411 410
630 2 2 3 29 408 444 411
631 2 2 3 29 408 545 444
632 2 2 3 29 409 461 413
633 2 2 3 29 435 596 409
634 2 2 3 29 409 596 461
635 2 2 3 29 411 449 410
636 2 2 3 29 449 460 410
637 2 2 3 29 460 553 410
638 2 2 3 29 444 445 411
639 2 2 3 29 445 565 411
640 2 2 3 29 411 565 449
641 2 2 3 29 489 494 412
642 2 2 3 29 412 706 489
643 2 2 3 29 561 706 412
644 2 2 3 29 461 488 413
645 2 2 3 29 488 648 413
646 2 2 3 29 413 648 633
647 2 2 3 29 484 492 414
648 2 2 3 29 492 493 414
649 2 2 3 29 493 612 414
650 2 2 3 29 415 624 568
651 2 2 3 29 573 574 415
652 2 2 3 29 574 624 415
653 2 2 3 29 416 418 417
654 2 2 3 29 416 589 418
655 2 2 3 29 534 589 416
656 2 2 3 29 418 419 417
657 2 2 3 29 419 420 417
658 2 2 3 29 420 541 417
659 2 2 3 29 418 421 419
660 2 2 3 29 418 424 421
661 2 2 3 29 418 589 424
662 2 2 3 29 419 528 420
663 2 2 3 29 421 422 419
664 2 2 3 29 422 528 419
665 2 2 3 29 528 529 420
666 2 2 3 29 529 530 420
667 2 2 3 29 530 541 420
668 2 2 3 29 421 524 422
669 2 2 3 29 424 442 421
670 2 2 3 29 442 524 421
671 2 2 3 29 524 525 422
672 2 2 3 29 525 526 422
673 2 2 3 29 526 528 422
674 2 2 3 29 520 590 423
675 2 2 3 29 590 627 423
676 2 2 3 29 423 627 609
677 2 2 3 29 424 443 442
678 2 2 3 29 424 609 443
679 2 2 3 29 589 609 424
680 2 2 3 29 426 467 425
681 2 2 3 29 467 487 425
682 2 2 3 29 487 608 425
683 2 2 3 29 426 479 467
684 2 2 3 29 426 672 479
685 2 2 3 29 638 672 426
686 2 2 3 29 428 556 427
687 2 2 3 29 556 623 427
688 2 2 3 29 427 623 598
689 2 2 3 29 429 430 428
690 2 2 3 29 430 431 428
691 2 2 3 29 431 556 428
692 2 2 3 29 429 434 430
693 2 2 3 29 429 571 434
694 2 2 3 29 564 571 429
695 2 2 3 29 430 432 431
696 2 2 3 29 430 566 432
697 2 2 3 29 434 566 430
698 2 2 3 29 432 433 431
699 2 2 3 29 433 436 431
700 2 2 3 29 436 556 431
701 2 2 3 29 432 438 433
702 2 2 3 29 432 469 438
703 2 2 3 29 432 566 469
704 2 2 3 29 433 555 436
705 2 2 3 29 438 439 433
706 2 2 3 29 439 555 433
707 2 2 3 29 434 625 566
708 2 2 3 29 571 709 434
709 2 2 3 29 434 709 625
710 2 2 3 29 592 612 435
711 2 2 3 29 435 634 596
712 2 2 3 29 612 634 435
713 2 2 3 29 555 643 436
714 2 2 3 29 436 631 556
715 2 2 3 29 436 643 631
716 2 2 3 29 437 620 576
717 2 2 3 29 437 644 620
718 2 2 3 29 437 656 644
719 2 2 3 29 438 440 439
720 2 2 3 29 438 649 440
721 2 2 3 29 469 649 438
722 2 2 3 29 440 441 439
723 2 2 3 29 441 464 439
724 2 2 3 29 464 555 439
725 2 2 3 29 440 557 441
726 2 2 3 29 440 558 557
727 2 2 3 29 440 649 558
728 2 2 3 29 441 465 464
729 2 2 3 29 441 466 465
730 2 2 3 29 441 557 466
731 2 2 3 29 443 462 442
732 2 2 3 29 462 663 442
733 2 2 3 29 442 663 524
734 2 2 3 29 443 642 462
735 2 2 3 29 609 627 443
736 2 2 3 29 627 642 443
737 2 2 3 29 444 456 445
738 2 2 3 29 444 578 456
739 2 2 3 29 545 578 444
740 2 2 3 29 456 457 445
741 2 2 3 29 457 458 445
742 2 2 3 29 458 565 445
743 2 2 3 29 447 580 446
744 2 2 3 29 446 482 448
745 2 2 3 29 446 580 482
746 2 2 3 29 577 648 447
747 2 2 3 29 447 666 580
748 2 2 3 29 648 666 447
749 2 2 3 29 482 658 448
750 2 2 3 29 658 679 448
751 2 2 3 29 448 679 665
752 2 2 3 29 449 661 460
753 2 2 3 29 565 674 449
754 2 2 3 29 449 674 661
755 2 2 3 29 450 474 451
756 2 2 3 29 450 662 474
757 2 2 3 29 541 662 450
758 2 2 3 29 474 490 451
759 2 2 3 29 490 491 451
760 2 2 3 29 491 537 451
761 2 2 3 29 452 611 453
762 2 2 3 29 536 549 452
763 2 2 3 29 549 611 452
764 2 2 3 29 453 636 548
765 2 2 3 29 611 629 453
766 2 2 3 29 629 636 453
767 2 2 3 29 454 633 577
768 2 2 3 29 579 607 454
769 2 2 3 29 607 633 454
770 2 2 3 29 455 637 560
771 2 2 3 29 604 605 455
772 2 2 3 29 605 637 455
773 2 2 3 29 456 468 457
774 2 2 3 29 456 707 468
775 2 2 3 29 578 707 456
776 2 2 3 29 457 459 458
777 2 2 3 29 457 496 459
778 2 2 3 29 468 496 457
779 2 2 3 29 459 475 458
780 2 2 3 29 475 687 458
781 2 2 3 29 458 687 565
782 2 2 3 29 459 476 475
783 2 2 3 29 459 480 476
784 2 2 3 29 459 496 480
785 2 2 3 29 460 645 553
786 2 2 3 29 460 654 645
787 2 2 3 29 460 661 654
788 2 2 3 29 461 708 488
789 2 2 3 29 596 713 461
790 2 2 3 29 599 708 461
791 2 2 3 29 461 713 599
792 2 2 3 29 462 655 540
793 2 2 3 29 540 663 462
794 2 2 3 29 642 655 462
795 2 2 3 29 463 665 573
796 2 2 3 29 644 656 463
797 2 2 3 29 656 665 463
798 2 2 3 29 465 664 464
799 2 2 3 29 464 652 555
800 2 2 3 29 464 664 652
801 2 2 3 29 466 470 465
802 2 2 3 29 470 676 465
803 2 2 3 29 465 676 664
804 2 2 3 29 466 471 470
805 2 2 3 29 466 685 471
806 2 2 3 29 557 685 466
807 2 2 3 29 479 712 467
808 2 2 3 29 467 711 487
809 2 2 3 29 467 712 711
810 2 2 3 29 468 667 496
811 2 2 3 29 659 667 468
812 2 2 3 29 468 707 659
813 2 2 3 29 566 673 469
814 2 2 3 29 469 673 586
815 2 2 3 29 471 472 470
816 2 2 3 29 472 689 470
817 2 2 3 29 470 689 676
818 2 2 3 29 471 473 472
819 2 2 3 29 471 584 473
820 2 2 3 29 471 685 584
821 2 2 3 29 473 489 472
822 2 2 3 29 489 706 472
823 2 2 3 29 472 706 689
824 2 2 3 29 473 710 489
825 2 2 3 29 584 657 473
826 2 2 3 29 657 710 473
827 2 2 3 29 474 678 490
828 2 2 3 29 671 678 474
829 2 2 3 29 475 701 687
830 2 2 3 29 476 478 477
831 2 2 3 29 476 480 478
832 2 2 3 29 478 672 477
833 2 2 3 29 477 638 575
834 2 2 3 29 477 672 638
835 2 2 3 29 479 672 478
836 2 2 3 29 478 705 479
837 2 2 3 29 480 481 478
838 2 2 3 29 481 705 478
839 2 2 3 29 480 653 481
840 2 2 3 29 653 670 481
841 2 2 3 29 670 705 481
842 2 2 3 29 597 658 482
843 2 2 3 29 494 495 483
844 2 2 3 29 485 486 484
845 2 2 3 29 485 610 486
846 2 2 3 29 608 683 485
847 2 2 3 29 485 683 610
848 2 2 3 29 610 614 486
849 2 2 3 29 486 614 613
850 2 2 3 29 487 683 608
851 2 2 3 29 615 683 487
852 2 2 3 29 581 666 488
853 2 2 3 29 488 666 648
854 2 2 3 29 489 697 494
855 2 2 3 29 489 710 697
856 2 2 3 29 490 684 491
857 2 2 3 29 491 538 537
858 2 2 3 29 491 539 538
859 2 2 3 29 491 684 539
860 2 2 3 29 492 675 493
861 2 2 3 29 492 704 675
862 2 2 3 29 493 634 612
863 2 2 3 29 494 697 495
864 2 2 3 29 497 692 498
865 2 2 3 29 622 692 497
866 2 2 3 29 527 686 498
867 2 2 3 29 498 692 527
868 2 2 3 29 498 686 637
869 2 2 3 29 500 501 499
870 2 2 3 29 501 628 499
871 2 2 3 29 500 593 501
872 2 2 3 29 538 594 500
873 2 2 3 29 500 594 593
874 2 2 3 29 511 628 501
875 2 2 3 29 501 702 511
876 2 2 3 29 593 702 501
877 2 2 3 29 502 504 503
878 2 2 3 29 502 518 504
879 2 2 3 29 504 505 503
880 2 2 3 29 505 506 503
881 2 2 3 29 506 514 503
882 2 2 3 29 504 507 505
883 2 2 3 29 504 508 507
884 2 2 3 29 504 518 508
885 2 2 3 29 505 512 506
886 2 2 3 29 507 682 505
887 2 2 3 29 505 682 512
888 2 2 3 29 512 513 506
889 2 2 3 29 513 621 506
890 2 2 3 29 506 621 514
891 2 2 3 29 508 509 507
892 2 2 3 29 508 510 509
893 2 2 3 29 508 616 510
894 2 2 3 29 518 616 508
895 2 2 3 29 510 628 511
896 2 2 3 29 616 628 510
897 2 2 3 29 511 702 660
898 2 2 3 29 512 695 513
899 2 2 3 29 512 682 601
900 2 2 3 29 582 621 513
901 2 2 3 29 513 647 582
902 2 2 3 29 513 695 647
903 2 2 3 29 514 562 519
904 2 2 3 29 514 621 562
905 2 2 3 29 515 585 516
906 2 2 3 29 516 585 531
907 2 2 3 29 531 626 516
908 2 2 3 29 516 626 590
909 2 2 3 29 517 616 518
910 2 2 3 29 521 523 522
911 2 2 3 29 521 582 523
912 2 2 3 29 523 691 522
913 2 2 3 29 522 640 532
914 2 2 3 29 522 691 640
915 2 2 3 29 582 647 523
916 2 2 3 29 603 691 523
917 2 2 3 29 524 677 525
918 2 2 3 29 663 677 524
919 2 2 3 29 525 527 526
920 2 2 3 29 525 690 527
921 2 2 3 29 677 690 525
922 2 2 3 29 527 692 526
923 2 2 3 29 526 622 528
924 2 2 3 29 526 692 622
925 2 2 3 29 528 622 529
926 2 2 3 29 529 639 530
927 2 2 3 29 530 662 541
928 2 2 3 29 639 651 530
929 2 2 3 29 532 640 533
930 2 2 3 29 533 546 545
931 2 2 3 29 533 547 546
932 2 2 3 29 533 640 547
933 2 2 3 29 535 643 554
934 2 2 3 29 631 643 535
935 2 2 3 29 539 594 538
936 2 2 3 29 539 595 594
937 2 2 3 29 539 688 595
938 2 2 3 29 684 688 539
939 2 2 3 29 543 544 542
940 2 2 3 29 543 567 544
941 2 2 3 29 563 630 543
942 2 2 3 29 543 630 567
943 2 2 3 29 546 578 545
944 2 2 3 29 547 680 546
945 2 2 3 29 636 645 548
946 2 2 3 29 550 598 551
947 2 2 3 29 598 623 551
948 2 2 3 29 552 690 677
949 2 2 3 29 553 645 636
950 2 2 3 29 643 652 554
951 2 2 3 29 555 652 643
952 2 2 3 29 556 631 623
953 2 2 3 29 558 650 557
954 2 2 3 29 650 685 557
955 2 2 3 29 558 703 650
956 2 2 3 29 664 676 559
957 2 2 3 29 637 686 560
958 2 2 3 29 689 706 561
959 2 2 3 29 620 630 563
960 2 2 3 29 565 687 674
961 2 2 3 29 625 673 566
962 2 2 3 29 568 570 569
963 2 2 3 29 568 624 570
964 2 2 3 29 570 700 569
965 2 2 3 29 569 709 571
966 2 2 3 29 569 700 588
967 2 2 3 29 588 709 569
968 2 2 3 29 646 700 570
969 2 2 3 29 661 674 572
970 2 2 3 29 573 679 574
971 2 2 3 29 665 679 573
972 2 2 3 29 574 693 624
973 2 2 3 29 679 681 574
974 2 2 3 29 681 693 574
975 2 2 3 29 633 648 577
976 2 2 3 29 580 666 581
977 2 2 3 29 641 688 583
978 2 2 3 29 583 688 684
979 2 2 3 29 587 625 588
980 2 2 3 29 625 709 588
981 2 2 3 29 626 627 590
982 2 2 3 29 591 693 681
983 2 2 3 29 594 694 593
984 2 2 3 29 600 702 593
985 2 2 3 29 595 694 594
986 2 2 3 29 632 694 595
987 2 2 3 29 606 713 596
988 2 2 3 29 599 713 606
989 2 2 3 29 660 702 600
990 2 2 3 29 647 695 602
991 2 2 3 29 610 683 615
992 2 2 3 29 711 712 619
993 2 2 3 29 620 644 630
994 2 2 3 29 626 642 627
995 2 2 3 29 658 681 679
996 2 2 3 30 1 1077 12
997 2 2 3 30 133 1077 1
998 2 2 3 30 41 1154 2
999 2 2 3 30 2 1154 104
1000 2 2 3 30 88 1158 4
1001 2 2 3 30 4 1158 105
1002 2 2 3 30 12 740 13
1003 2 2 3 30 12 1077 740
1004 2 2 3 30 13 1074 14
1005 2 2 3 30 740 1074 13
1006 2 2 3 30 14 734 15
1007 2 2 3 30 14 1074 734
1008 2 2 3 30 15 1073 16
1009 2 2 3 30 734 1073 15
1010 2 2 3 30 16 1070 17
1011 2 2 3 30 16 1073 1070
1012 2 2 3 30 17 728 18
1013 2 2 3 30 17 1070 728
1014 2 2 3 30 18 1146 19
1015 2 2 3 30 728 1146 18
1016 2 2 3 30 19 1127 20
1017 2 2 3 30 19 1146 1127
1018 2 2 3 30 20 723 21
1019 2 2 3 30 20 1127 723
1020 2 2 3 30 21 1115 22
1021 2 2 3 30 723 1115 21
1022 2 2 3 30 22 739 23
1023 2 2 3 30 22 1115 739
1024 2 2 3 30 23 1053 24
1025 2 2 3 30 739 1053 23
1026 2 2 3 30 24 719 25
1027 2 2 3 30 24 1053 719
1028 2 2 3 30 25 1046 26
1029 2 2 3 30 719 1046 25
1030 2 2 3 30 26 738 27
1031 2 2 3 30 26 1046 738
1032 2 2 3 30 27 1050 28
1033 2 2 3 30 738 1050 27
1034 2 2 3 30 28 718 29
1035 2 2 3 30 28 1050 718
1036 2 2 3 30 29 1043 30
1037 2 2 3 30 718 1043 29
1038 2 2 3 30 30 736 31
1039 2 2 3 30 30 1043 736
1040 2 2 3 30 31 1139 32
1041 2 2 3 30 736 1139 31
1042 2 2 3 30 32 717 33
1043 2 2 3 30 32 1139 717
1044 2 2 3 30 33 1098 34
1045 2 2 3 30 717 1098 33
1046 2 2 3 30 34 1119 35
1047 2 2 3 30 1098 1119 34
1048 2 2 3 30 35 722 36
1049 2 2 3 30 35 1119 722
1050 2 2 3 30 36 1125 37
1051 2 2 3 30 722 1125 36
1052 2 2 3 30 37 1096 38
1053 2 2 3 30 37 1125 1096
1054 2 2 3 30 38 730 39
1055 2 2 3 30 38 1096 730
1056 2 2 3 30 39 1042 40
1057 2 2 3 30 730 1042 39
1058 2 2 3 30 40 741 41
1059 2 2 3 30 40 1042 741
1060 2 2 3 30 741 1154 41
1061 2 2 3 30 89 1110 88
1062 2 2 3 30 1110 1158 88
1063 2 2 3 30 90 1075 89
1064 2 2 3 30 1075 1110 89
1065 2 2 3 30 91 731 90
1066 2 2 3 30 731 1075 90
1067 2 2 3 30 92 1000 91
1068 2 2 3 30 91 1000 731
1069 2 2 3 30 93 1152 92
1070 2 2 3 30 92 1152 1000
1071 2 2 3 30 94 725 93
1072 2 2 3 30 725 1152 93
1073 2 2 3 30 95 1137 94
1074 2 2 3 30 94 1137 725
1075 2 2 3 30 96 951 95
1076 2 2 3 30 951 1137 95
1077 2 2 3 30 97 716 96
1078 2 2 3 30 716 951 96
1079 2 2 3 30 98 954 97
1080 2 2 3 30 97 954 716
1081 2 2 3 30 99 724 98
1082 2 2 3 30 724 954 98
1083 2 2 3 30 100 953 99
1084 2 2 3 30 99 953 724
1085 2 2 3 30 101 952 100
1086 2 2 3 30 952 953 100
1087 2 2 3 30 102 732 101
1088 2 2 3 30 732 952 101
1089 2 2 3 30 103 744 102
1090 2 2 3 30 102 744 732
1091 2 2 3 30 104 1092 103
1092 2 2 3 30 103 1092 744
1093 2 2 3 30 104 1154 1092
1094 2 2 3 30 105 742 106
1095 2 2 3 30 105 1158 742
1096 2 2 3 30 106 1064 107
1097 2 2 3 30 742 1064 106
1098 2 2 3 30 107 733 108
1099 2 2 3 30 107 1064 733
1100 2 2 3 30 108 1130 109
1101 2 2 3 30 733 1130 108
1102 2 2 3 30 109 1150 110
1103 2 2 3 30 109 1130 970
1104 2 2 3 30 970 1150 109
1105 2 2 3 30 110 721 111
1106 2 2 3 30 110 1150 721
1107 2 2 3 30 111 1062 112
1108 2 2 3 30 721 1062 111
1109 2 2 3 30 112 735 113
1110 2 2 3 30 112 1062 735
1111 2 2 3 30 113 1063 114
1112 2 2 3 30 735 1063 113
1113 2 2 3 30 114 714 115
1114 2 2 3 30 114 1063 714
1115 2 2 3 30 115 1147 116
1116 2 2 3 30 714 1147 115
1117 2 2 3 30 116 737 117
1118 2 2 3 30 116 1147 737
1119 2 2 3 30 117 1065 118
1120 2 2 3 30 737 1065 117
1121 2 2 3 30 118 715 119
1122 2 2 3 30 118 1065 715
1123 2 2 3 30 119 1066 120
1124 2 2 3 30 715 1066 119
1125 2 2 3 30 120 1067 121
1126 2 2 3 30 1066 1067 120
1127 2 2 3 30 121 720 122
1128 2 2 3 30 121 1067 720
1129 2 2 3 30 122 1131 123
1130 2 2 3 30 720 1131 122
1131 2 2 3 30 123 1114 124
1132 2 2 3 30 123 1131 1114
1133 2 2 3 30 124 726 125
1134 2 2 3 30 124 1114 726
1135 2 2 3 30 125 1039 126
1136 2 2 3 30 726 1039 125
1137 2 2 3 30 126 1166 127
1138 2 2 3 30 1039 1166 126
1139 2 2 3 30 127 727 128
1140 2 2 3 30 127 1166 727
1141 2 2 3 30 128 1080 129
1142 2 2 3 30 727 1080 128
1143 2 2 3 30 129 729 130
1144 2 2 3 30 129 1080 729
1145 2 2 3 30 130 1083 131
1146 2 2 3 30 729 1083 130
1147 2 2 3 30 131 743 132
1148 2 2 3 30 131 1083 743
1149 2 2 3 30 132 1078 133
1150 2 2 3 30 743 1078 132
1151 2 2 3 30 133 1078 1077
1152 2 2 3 30 1037 1048 714
1153 2 2 3 30 714 1063 1037
1154 2 2 3 30 1048 1049 714
1155 2 2 3 30 1049 1147 714
1156 2 2 3 30 1065 1145 715
1157 2 2 3 30 715 1113 1066
1158 2 2 3 30 715 1145 1113
1159 2 2 3 30 716 1161 951
1160 2 2 3 30 954 1138 716
1161 2 2 3 30 1138 1161 716
1162 2 2 3 30 717 1008 1007
1163 2 2 3 30 1007 1009 717
1164 2 2 3 30 717 1139 1008
1165 2 2 3 30 1009 1098 717
1166 2 2 3 30 718 1153 1043
1167 2 2 3 30 1050 1099 718
1168 2 2 3 30 1099 1153 718
1169 2 2 3 30 1030 1046 719
1170 2 2 3 30 719 1151 1030
1171 2 2 3 30 1053 1151 719
1172 2 2 3 30 720 1067 1006
1173 2 2 3 30 1006 1156 720
1174 2 2 3 30 720 1156 1131
1175 2 2 3 30 1022 1062 721
1176 2 2 3 30 721 1105 1022
1177 2 2 3 30 721 1150 1105
1178 2 2 3 30 944 1125 722
1179 2 2 3 30 722 1148 944
1180 2 2 3 30 1119 1148 722
1181 2 2 3 30 938 1115 723
1182 2 2 3 30 723 1120 938
1183 2 2 3 30 1052 1120 723
1184 2 2 3 30 723 1127 1052
1185 2 2 3 30 953 1069 724
1186 2 2 3 30 724 1111 954
1187 2 2 3 30 1069 1111 724
1188 2 2 3 30 725 1124 1001
1189 2 2 3 30 1001 1152 725
1190 2 2 3 30 725 1137 1124
1191 2 2 3 30 950 1039 726
1192 2 2 3 30 726 1040 950
1193 2 2 3 30 726 1114 1040
1194 2 2 3 30 939 1163 727
1195 2 2 3 30 727 1166 939
1196 2 2 3 30 727 1104 1080
1197 2 2 3 30 727 1163 1104
1198 2 2 3 30 1070 1071 728
1199 2 2 3 30 1071 1165 728
1200 2 2 3 30 728 1165 1146
1201 2 2 3 30 1080 1141 729
1202 2 2 3 30 729 1135 1083
1203 2 2 3 30 729 1141 1135
1204 2 2 3 30 949 1134 730
1205 2 2 3 30 730 1155 949
1206 2 2 3 30 730 1134 1042
1207 2 2 3 30 1096 1155 730
1208 2 2 3 30 731 999 973
1209 2 2 3 30 973 1075 731
1210 2 2 3 30 731 1000 999
1211 2 2 3 30 744 745 732
1212 2 2 3 30 745 746 732
1213 2 2 3 30 746 952 732
1214 2 2 3 30 733 1128 969
1215 2 2 3 30 969 1130 733
1216 2 2 3 30 1064 1128 733
1217 2 2 3 30 734 1091 1073
1218 2 2 3 30 1074 1133 734
1219 2 2 3 30 734 1133 1091
1220 2 2 3 30 1062 1157 735
1221 2 2 3 30 735 1123 1063
1222 2 2 3 30 735 1157 1123
1223 2 2 3 30 736 1102 1008
1224 2 2 3 30 1008 1139 736
1225 2 2 3 30 1043 1102 736
1226 2 2 3 30 1049 1103 737
1227 2 2 3 30 737 1147 1049
1228 2 2 3 30 737 1167 1065
1229 2 2 3 30 1103 1167 737
1230 2 2 3 30 1031 1045 738
1231 2 2 3 30 738 1046 1031
1232 2 2 3 30 1045 1050 738
1233 2 2 3 30 938 1054 739
1234 2 2 3 30 739 1115 938
1235 2 2 3 30 739 1054 1053
1236 2 2 3 30 740 1079 1074
1237 2 2 3 30 1077 1078 740
1238 2 2 3 30 1078 1079 740
1239 2 2 3 30 940 1092 741
1240 2 2 3 30 741 1134 940
1241 2 2 3 30 1042 1134 741
1242 2 2 3 30 1092 1154 741
1243 2 2 3 30 742 1093 1064
1244 2 2 3 30 742 1110 1093
1245 2 2 3 30 742 1158 1110
1246 2 2 3 30 743 1159 1078
1247 2 2 3 30 1083 1159 743
1248 2 2 3 30 744 940 745
1249 2 2 3 30 744 1092 940
1250 2 2 3 30 745 747 746
1251 2 2 3 30 745 1097 747
1252 2 2 3 30 940 1097 745
1253 2 2 3 30 747 748 746
1254 2 2 3 30 748 912 746
1255 2 2 3 30 912 952 746
1256 2 2 3 30 747 749 748
1257 2 2 3 30 747 847 749
1258 2 2 3 30 747 1097 847
1259 2 2 3 30 749 750 748
1260 2 2 3 30 750 1004 748
1261 2 2 3 30 748 1004 912
1262 2 2 3 30 749 751 750
1263 2 2 3 30 749 1149 751
1264 2 2 3 30 847 1149 749
1265 2 2 3 30 751 752 750
1266 2 2 3 30 752 815 750
1267 2 2 3 30 815 1004 750
1268 2 2 3 30 751 753 752
1269 2 2 3 30 751 812 753
1270 2 2 3 30 751 1149 812
1271 2 2 3 30 753 754 752
1272 2 2 3 30 754 943 752
1273 2 2 3 30 752 943 815
1274 2 2 3 30 753 755 754
1275 2 2 3 30 753 1100 755
1276 2 2 3 30 812 1100 753
1277 2 2 3 30 755 756 754
1278 2 2 3 30 756 788 754
1279 2 2 3 30 788 943 754
1280 2 2 3 30 755 757 756
1281 2 2 3 30 755 800 757
1282 2 2 3 30 755 1100 800
1283 2 2 3 30 757 758 756
1284 2 2 3 30 758 1112 756
1285 2 2 3 30 756 1112 788
1286 2 2 3 30 757 759 758
1287 2 2 3 30 757 994 759
1288 2 2 3 30 800 994 757
1289 2 2 3 30 759 760 758
1290 2 2 3 30 760 941 758
1291 2 2 3 30 941 1112 758
1292 2 2 3 30 759 761 760
1293 2 2 3 30 759 993 761
1294 2 2 3 30 759 994 993
1295 2 2 3 30 761 762 760
1296 2 2 3 30 762 764 760
1297 2 2 3 30 764 941 760
1298 2 2 3 30 761 763 762
1299 2 2 3 30 761 789 763
1300 2 2 3 30 761 993 789
1301 2 2 3 30 763 765 762
1302 2 2 3 30 762 987 764
1303 2 2 3 30 765 987 762
1304 2 2 3 30 763 766 765
1305 2 2 3 30 763 990 766
1306 2 2 3 30 789 990 763
1307 2 2 3 30 764 1160 941
1308 2 2 3 30 987 1129 764
1309 2 2 3 30 1129 1160 764
1310 2 2 3 30 766 767 765
1311 2 2 3 30 767 1028 765
1312 2 2 3 30 765 1028 987
1313 2 2 3 30 766 768 767
1314 2 2 3 30 766 989 768
1315 2 2 3 30 766 990 989
1316 2 2 3 30 768 769 767
1317 2 2 3 30 769 771 767
1318 2 2 3 30 771 1028 767
1319 2 2 3 30 768 770 769
1320 2 2 3 30 768 774 770
1321 2 2 3 30 768 989 774
1322 2 2 3 30 770 772 769
1323 2 2 3 30 769 983 771
1324 2 2 3 30 772 983 769
1325 2 2 3 30 770 773 772
1326 2 2 3 30 770 998 773
1327 2 2 3 30 774 998 770
1328 2 2 3 30 983 984 771
1329 2 2 3 30 984 985 771
1330 2 2 3 30 985 1028 771
1331 2 2 3 30 773 775 772
1332 2 2 3 30 775 986 772
1333 2 2 3 30 772 986 983
1334 2 2 3 30 773 776 775
1335 2 2 3 30 773 996 776
1336 2 2 3 30 773 998 996
1337 2 2 3 30 989 1101 774
1338 2 2 3 30 774 1090 998
1339 2 2 3 30 774 1101 1090
1340 2 2 3 30 776 777 775
1341 2 2 3 30 777 787 775
1342 2 2 3 30 787 986 775
1343 2 2 3 30 776 778 777
1344 2 2 3 30 776 779 778
1345 2 2 3 30 776 996 779
1346 2 2 3 30 778 790 777
1347 2 2 3 30 777 1132 787
1348 2 2 3 30 790 1132 777
1349 2 2 3 30 779 780 778
1350 2 2 3 30 780 1023 778
1351 2 2 3 30 778 1023 790
1352 2 2 3 30 779 781 780
1353 2 2 3 30 779 997 781
1354 2 2 3 30 996 997 779
1355 2 2 3 30 781 782 780
1356 2 2 3 30 782 1014 780
1357 2 2 3 30 1014 1023 780
1358 2 2 3 30 781 783 782
1359 2 2 3 30 781 795 783
1360 2 2 3 30 781 997 795
1361 2 2 3 30 783 784 782
1362 2 2 3 30 784 785 782
1363 2 2 3 30 785 1014 782
1364 2 2 3 30 783 1032 784
1365 2 2 3 30 795 803 783
1366 2 2 3 30 803 1032 783
1367 2 2 3 30 784 786 785
1368 2 2 3 30 784 791 786
1369 2 2 3 30 784 1032 791
1370 2 2 3 30 786 1024 785
1371 2 2 3 30 785 1089 1014
1372 2 2 3 30 1024 1089 785
1373 2 2 3 30 791 792 786
1374 2 2 3 30 792 793 786
1375 2 2 3 30 793 1024 786
1376 2 2 3 30 787 1144 986
1377 2 2 3 30 1132 1144 787
1378 2 2 3 30 788 1122 943
1379 2 2 3 30 1112 1122 788
1380 2 2 3 30 789 991 990
1381 2 2 3 30 789 1136 991
1382 2 2 3 30 993 1136 789
1383 2 2 3 30 1023 1109 790
1384 2 2 3 30 1109 1117 790
1385 2 2 3 30 1117 1132 790
1386 2 2 3 30 791 805 792
1387 2 2 3 30 791 911 805
1388 2 2 3 30 791 1032 911
1389 2 2 3 30 792 794 793
1390 2 2 3 30 792 1034 794
1391 2 2 3 30 805 1034 792
1392 2 2 3 30 794 796 793
1393 2 2 3 30 796 1026 793
1394 2 2 3 30 793 1026 1024
1395 2 2 3 30 794 797 796
1396 2 2 3 30 794 798 797
1397 2 2 3 30 794 1034 798
1398 2 2 3 30 795 804 803
1399 2 2 3 30 795 1015 804
1400 2 2 3 30 997 1015 795
1401 2 2 3 30 797 801 796
1402 2 2 3 30 801 802 796
1403 2 2 3 30 802 1026 796
1404 2 2 3 30 798 799 797
1405 2 2 3 30 799 1041 797
1406 2 2 3 30 797 1041 801
1407 2 2 3 30 798 808 799
1408 2 2 3 30 798 1038 808
1409 2 2 3 30 1034 1038 798
1410 2 2 3 30 808 809 799
1411 2 2 3 30 809 810 799
1412 2 2 3 30 810 1041 799
1413 2 2 3 30 800 1100 928
1414 2 2 3 30 928 1143 800
1415 2 2 3 30 800 995 994
1416 2 2 3 30 800 1143 995
1417 2 2 3 30 801 816 802
1418 2 2 3 30 801 1035 816
1419 2 2 3 30 801 1041 1035
1420 2 2 3 30 816 817 802
1421 2 2 3 30 817 818 802
1422 2 2 3 30 818 1026 802
1423 2 2 3 30 804 806 803
1424 2 2 3 30 806 1076 803
1425 2 2 3 30 803 1076 1032
1426 2 2 3 30 804 807 806
1427 2 2 3 30 804 821 807
1428 2 2 3 30 804 1015 821
1429 2 2 3 30 911 1095 805
1430 2 2 3 30 805 1088 1034
1431 2 2 3 30 805 1095 1088
1432 2 2 3 30 807 827 806
1433 2 2 3 30 827 828 806
1434 2 2 3 30 828 1076 806
1435 2 2 3 30 821 822 807
1436 2 2 3 30 822 1027 807
1437 2 2 3 30 807 1027 827
1438 2 2 3 30 808 837 809
1439 2 2 3 30 808 838 837
1440 2 2 3 30 808 1038 838
1441 2 2 3 30 809 811 810
1442 2 2 3 30 809 1051 811
1443 2 2 3 30 837 1051 809
1444 2 2 3 30 811 813 810
1445 2 2 3 30 813 1047 810
1446 2 2 3 30 810 1047 1041
1447 2 2 3 30 811 814 813
1448 2 2 3 30 811 848 814
1449 2 2 3 30 811 1051 848
1450 2 2 3 30 928 1100 812
1451 2 2 3 30 812 1121 928
1452 2 2 3 30 948 1121 812
1453 2 2 3 30 812 1149 948
1454 2 2 3 30 814 849 813
1455 2 2 3 30 849 851 813
1456 2 2 3 30 851 1047 813
1457 2 2 3 30 848 1057 814
1458 2 2 3 30 814 850 849
1459 2 2 3 30 814 1057 850
1460 2 2 3 30 936 942 815
1461 2 2 3 30 815 943 936
1462 2 2 3 30 942 1004 815
1463 2 2 3 30 816 859 817
1464 2 2 3 30 816 863 859
1465 2 2 3 30 816 1035 863
1466 2 2 3 30 817 819 818
1467 2 2 3 30 817 1033 819
1468 2 2 3 30 859 1033 817
1469 2 2 3 30 819 820 818
1470 2 2 3 30 820 1016 818
1471 2 2 3 30 1016 1026 818
1472 2 2 3 30 819 835 820
1473 2 2 3 30 819 856 835
1474 2 2 3 30 819 1033 856
1475 2 2 3 30 835 836 820
1476 2 2 3 30 836 862 820
1477 2 2 3 30 862 1016 820
1478 2 2 3 30 821 823 822
1479 2 2 3 30 821 861 823
1480 2 2 3 30 821 1015 861
1481 2 2 3 30 823 824 822
1482 2 2 3 30 824 834 822
1483 2 2 3 30 834 1027 822
1484 2 2 3 30 823 825 824
1485 2 2 3 30 823 1010 825
1486 2 2 3 30 861 1010 823
1487 2 2 3 30 825 826 824
1488 2 2 3 30 826 1025 824
1489 2 2 3 30 824 1025 834
1490 2 2 3 30 825 829 826
1491 2 2 3 30 825 865 829
1492 2 2 3 30 825 1010 865
1493 2 2 3 30 829 830 826
1494 2 2 3 30 830 852 826
1495 2 2 3 30 852 1025 826
1496 2 2 3 30 827 857 828
1497 2 2 3 30 827 860 857
1498 2 2 3 30 827 1027 860
1499 2 2 3 30 857 858 828
1500 2 2 3 30 858 1086 828
1501 2 2 3 30 828 1086 1076
1502 2 2 3 30 829 831 830
1503 2 2 3 30 829 1118 831
1504 2 2 3 30 865 1118 829
1505 2 2 3 30 831 832 830
1506 2 2 3 30 832 1017 830
1507 2 2 3 30 830 1017 852
1508 2 2 3 30 831 833 832
1509 2 2 3 30 831 1116 833
1510 2 2 3 30 831 1118 1116
1511 2 2 3 30 833 843 832
1512 2 2 3 30 843 910 832
1513 2 2 3 30 910 1017 832
1514 2 2 3 30 833 844 843
1515 2 2 3 30 833 909 844
1516 2 2 3 30 833 1116 909
1517 2 2 3 30 1025 1084 834
1518 2 2 3 30 834 1044 1027
1519 2 2 3 30 834 1084 1044
1520 2 2 3 30 835 839 836
1521 2 2 3 30 835 1012 839
1522 2 2 3 30 856 1012 835
1523 2 2 3 30 839 840 836
1524 2 2 3 30 840 1029 836
1525 2 2 3 30 836 1029 862
1526 2 2 3 30 838 845 837
1527 2 2 3 30 845 924 837
1528 2 2 3 30 924 1051 837
1529 2 2 3 30 838 905 845
1530 2 2 3 30 838 906 905
1531 2 2 3 30 838 1038 906
1532 2 2 3 30 839 841 840
1533 2 2 3 30 839 1006 841
1534 2 2 3 30 839 1012 1006
1535 2 2 3 30 841 842 840
1536 2 2 3 30 842 992 840
1537 2 2 3 30 992 1029 840
1538 2 2 3 30 841 866 842
1539 2 2 3 30 841 904 866
1540 2 2 3 30 841 1006 904
1541 2 2 3 30 866 867 842
1542 2 2 3 30 867 868 842
1543 2 2 3 30 868 992 842
1544 2 2 3 30 844 846 843
1545 2 2 3 30 846 1007 843
1546 2 2 3 30 843 1007 910
1547 2 2 3 30 844 853 846
1548 2 2 3 30 844 1162 853
1549 2 2 3 30 909 1162 844
1550 2 2 3 30 905 1052 845
1551 2 2 3 30 845 935 924
1552 2 2 3 30 845 1052 935
1553 2 2 3 30 853 854 846
1554 2 2 3 30 854 1009 846
1555 2 2 3 30 846 1009 1007
1556 2 2 3 30 947 948 847
1557 2 2 3 30 847 949 947
1558 2 2 3 30 948 1149 847
1559 2 2 3 30 847 1097 949
1560 2 2 3 30 1051 1164 848
1561 2 2 3 30 848 1058 1057
1562 2 2 3 30 848 1164 1058
1563 2 2 3 30 850 1068 849
1564 2 2 3 30 849 914 851
1565 2 2 3 30 849 1068 914
1566 2 2 3 30 1057 1059 850
1567 2 2 3 30 1059 1060 850
1568 2 2 3 30 1060 1068 850
1569 2 2 3 30 914 1126 851
1570 2 2 3 30 851 1087 1047
1571 2 2 3 30 851 1126 1087
1572 2 2 3 30 1017 1018 852
1573 2 2 3 30 1018 1019 852
1574 2 2 3 30 1019 1025 852
1575 2 2 3 30 853 855 854
1576 2 2 3 30 853 1143 855
1577 2 2 3 30 995 1143 853
1578 2 2 3 30 853 1162 995
1579 2 2 3 30 855 925 854
1580 2 2 3 30 925 927 854
1581 2 2 3 30 927 1009 854
1582 2 2 3 30 855 926 925
1583 2 2 3 30 855 928 926
1584 2 2 3 30 855 1143 928
1585 2 2 3 30 856 1013 1012
1586 2 2 3 30 856 1040 1013
1587 2 2 3 30 1033 1040 856
1588 2 2 3 30 857 915 858
1589 2 2 3 30 860 1030 857
1590 2 2 3 30 857 1030 915
1591 2 2 3 30 915 1142 858
1592 2 2 3 30 858 1107 1086
1593 2 2 3 30 858 1142 1107
1594 2 2 3 30 863 864 859
1595 2 2 3 30 864 950 859
1596 2 2 3 30 950 1033 859
1597 2 2 3 30 1027 1044 860
1598 2 2 3 30 860 1031 1030
1599 2 2 3 30 860 1044 1031
1600 2 2 3 30 861 1090 1010
1601 2 2 3 30 1015 1072 861
1602 2 2 3 30 1072 1090 861
1603 2 2 3 30 862 1089 1016
1604 2 2 3 30 1029 1094 862
1605 2 2 3 30 862 1094 1089
1606 2 2 3 30 863 918 864
1607 2 2 3 30 863 1087 918
1608 2 2 3 30 1035 1087 863
1609 2 2 3 30 918 939 864
1610 2 2 3 30 939 1039 864
1611 2 2 3 30 864 1039 950
1612 2 2 3 30 1010 1101 865
1613 2 2 3 30 1101 1108 865
1614 2 2 3 30 1108 1118 865
1615 2 2 3 30 866 981 867
1616 2 2 3 30 904 1113 866
1617 2 2 3 30 866 1113 981
1618 2 2 3 30 867 869 868
1619 2 2 3 30 867 870 869
1620 2 2 3 30 867 981 870
1621 2 2 3 30 869 932 868
1622 2 2 3 30 932 1117 868
1623 2 2 3 30 868 1117 992
1624 2 2 3 30 870 871 869
1625 2 2 3 30 871 978 869
1626 2 2 3 30 869 978 932
1627 2 2 3 30 870 872 871
1628 2 2 3 30 870 917 872
1629 2 2 3 30 870 981 917
1630 2 2 3 30 872 873 871
1631 2 2 3 30 873 874 871
1632 2 2 3 30 874 978 871
1633 2 2 3 30 872 903 873
1634 2 2 3 30 872 1103 903
1635 2 2 3 30 917 1103 872
1636 2 2 3 30 873 875 874
1637 2 2 3 30 873 980 875
1638 2 2 3 30 903 980 873
1639 2 2 3 30 875 876 874
1640 2 2 3 30 876 930 874
1641 2 2 3 30 930 978 874
1642 2 2 3 30 875 877 876
1643 2 2 3 30 875 878 877
1644 2 2 3 30 875 980 878
1645 2 2 3 30 877 979 876
1646 2 2 3 30 876 931 930
1647 2 2 3 30 876 979 931
1648 2 2 3 30 878 879 877
1649 2 2 3 30 879 880 877
1650 2 2 3 30 880 979 877
1651 2 2 3 30 878 974 879
1652 2 2 3 30 878 975 974
1653 2 2 3 30 878 980 975
1654 2 2 3 30 879 881 880
1655 2 2 3 30 879 882 881
1656 2 2 3 30 879 974 882
1657 2 2 3 30 881 976 880
1658 2 2 3 30 976 977 880
1659 2 2 3 30 977 979 880
1660 2 2 3 30 882 883 881
1661 2 2 3 30 883 884 881
1662 2 2 3 30 884 976 881
1663 2 2 3 30 882 955 883
1664 2 2 3 30 882 957 955
1665 2 2 3 30 882 974 957
1666 2 2 3 30 883 885 884
1667 2 2 3 30 883 886 885
1668 2 2 3 30 883 955 886
1669 2 2 3 30 885 1003 884
1670 2 2 3 30 884 1082 976
1671 2 2 3 30 1003 1082 884
1672 2 2 3 30 886 887 885
1673 2 2 3 30 887 888 885
1674 2 2 3 30 888 1003 885
1675 2 2 3 30 886 958 887
1676 2 2 3 30 955 956 886
1677 2 2 3 30 956 958 886
1678 2 2 3 30 887 889 888
1679 2 2 3 30 887 891 889
1680 2 2 3 30 887 958 891
1681 2 2 3 30 889 890 888
1682 2 2 3 30 890 1002 888
1683 2 2 3 30 1002 1003 888
1684 2 2 3 30 889 892 890
1685 2 2 3 30 891 1005 889
1686 2 2 3 30 889 1005 892
1687 2 2 3 30 892 893 890
1688 2 2 3 30 893 894 890
1689 2 2 3 30 894 1002 890
1690 2 2 3 30 958 959 891
1691 2 2 3 30 959 960 891
1692 2 2 3 30 960 1005 891
1693 2 2 3 30 892 988 893
1694 2 2 3 30 892 1055 988
1695 2 2 3 30 1005 1055 892
1696 2 2 3 30 893 895 894
1697 2 2 3 30 893 896 895
1698 2 2 3 30 893 988 896
1699 2 2 3 30 895 898 894
1700 2 2 3 30 898 899 894
1701 2 2 3 30 899 1002 894
1702 2 2 3 30 896 897 895
1703 2 2 3 30 897 982 895
1704 2 2 3 30 895 982 898
1705 2 2 3 30 896 900 897
1706 2 2 3 30 896 902 900
1707 2 2 3 30 896 988 902
1708 2 2 3 30 900 901 897
1709 2 2 3 30 901 916 897
1710 2 2 3 30 916 982 897
1711 2 2 3 30 898 919 899
1712 2 2 3 30 898 929 919
1713 2 2 3 30 898 982 929
1714 2 2 3 30 919 920 899
1715 2 2 3 30 920 921 899
1716 2 2 3 30 921 1002 899
1717 2 2 3 30 900 1011 901
1718 2 2 3 30 902 923 900
1719 2 2 3 30 923 1011 900
1720 2 2 3 30 901 936 916
1721 2 2 3 30 901 937 936
1722 2 2 3 30 901 1011 937
1723 2 2 3 30 902 933 923
1724 2 2 3 30 902 934 933
1725 2 2 3 30 902 988 934
1726 2 2 3 30 903 1048 980
1727 2 2 3 30 903 1049 1048
1728 2 2 3 30 903 1103 1049
1729 2 2 3 30 1006 1067 904
1730 2 2 3 30 904 1067 1066
1731 2 2 3 30 1066 1113 904
1732 2 2 3 30 906 907 905
1733 2 2 3 30 907 1120 905
1734 2 2 3 30 905 1120 1052
1735 2 2 3 30 906 908 907
1736 2 2 3 30 906 1088 908
1737 2 2 3 30 1038 1088 906
1738 2 2 3 30 908 913 907
1739 2 2 3 30 913 938 907
1740 2 2 3 30 938 1120 907
1741 2 2 3 30 908 1107 913
1742 2 2 3 30 1088 1095 908
1743 2 2 3 30 1095 1107 908
1744 2 2 3 30 1116 1136 909
1745 2 2 3 30 1136 1140 909
1746 2 2 3 30 1140 1162 909
1747 2 2 3 30 1007 1008 910
1748 2 2 3 30 1008 1102 910
1749 2 2 3 30 910 1102 1017
1750 2 2 3 30 1032 1076 911
1751 2 2 3 30 1076 1086 911
1752 2 2 3 30 1086 1095 911
1753 2 2 3 30 912 953 952
1754 2 2 3 30 912 1069 953
1755 2 2 3 30 1004 1069 912
1756 2 2 3 30 913 1054 938
1757 2 2 3 30 913 1142 1054
1758 2 2 3 30 1107 1142 913
1759 2 2 3 30 1068 1141 914
1760 2 2 3 30 1104 1126 914
1761 2 2 3 30 914 1141 1104
1762 2 2 3 30 1030 1151 915
1763 2 2 3 30 1054 1142 915
1764 2 2 3 30 915 1151 1054
1765 2 2 3 30 936 943 916
1766 2 2 3 30 943 1122 916
1767 2 2 3 30 916 1122 982
1768 2 2 3 30 981 1145 917
1769 2 2 3 30 917 1167 1103
1770 2 2 3 30 1145 1167 917
1771 2 2 3 30 918 1163 939
1772 2 2 3 30 1087 1126 918
1773 2 2 3 30 1126 1163 918
1774 2 2 3 30 919 1160 920
1775 2 2 3 30 929 941 919
1776 2 2 3 30 941 1160 919
1777 2 2 3 30 920 922 921
1778 2 2 3 30 920 1129 922
1779 2 2 3 30 920 1160 1129
1780 2 2 3 30 922 1082 921
1781 2 2 3 30 921 1003 1002
1782 2 2 3 30 921 1082 1003
1783 2 2 3 30 1081 1082 922
1784 2 2 3 30 922 1106 1081
1785 2 2 3 30 922 1129 1106
1786 2 2 3 30 933 951 923
1787 2 2 3 30 951 1161 923
1788 2 2 3 30 923 1161 1011
1789 2 2 3 30 935 1165 924
1790 2 2 3 30 924 1164 1051
1791 2 2 3 30 1071 1164 924
1792 2 2 3 30 924 1165 1071
1793 2 2 3 30 926 944 925
1794 2 2 3 30 925 1148 927
1795 2 2 3 30 944 1148 925
1796 2 2 3 30 928 1121 926
1797 2 2 3 30 926 945 944
1798 2 2 3 30 926 1121 945
1799 2 2 3 30 927 1098 1009
1800 2 2 3 30 927 1119 1098
1801 2 2 3 30 927 1148 1119
1802 2 2 3 30 929 1112 941
1803 2 2 3 30 982 1122 929
1804 2 2 3 30 929 1122 1112
1805 2 2 3 30 931 986 930
1806 2 2 3 30 930 1144 978
1807 2 2 3 30 986 1144 930
1808 2 2 3 30 979 984 931
1809 2 2 3 30 931 984 983
1810 2 2 3 30 983 986 931
1811 2 2 3 30 978 1144 932
1812 2 2 3 30 932 1132 1117
1813 2 2 3 30 932 1144 1132
1814 2 2 3 30 934 1124 933
1815 2 2 3 30 933 1137 951
1816 2 2 3 30 1124 1137 933
1817 2 2 3 30 988 1055 934
1818 2 2 3 30 1055 1085 934
1819 2 2 3 30 1085 1124 934
1820 2 2 3 30 1052 1127 935
1821 2 2 3 30 1127 1146 935
1822 2 2 3 30 1146 1165 935
1823 2 2 3 30 937 942 936
1824 2 2 3 30 937 1111 942
1825 2 2 3 30 1011 1138 937
1826 2 2 3 30 937 1138 1111
1827 2 2 3 30 939 1166 1039
1828 2 2 3 30 940 1134 1097
1829 2 2 3 30 942 1069 1004
1830 2 2 3 30 942 1111 1069
1831 2 2 3 30 945 946 944
1832 2 2 3 30 946 1125 944
1833 2 2 3 30 945 947 946
1834 2 2 3 30 945 948 947
1835 2 2 3 30 945 1121 948
1836 2 2 3 30 947 1155 946
1837 2 2 3 30 1096 1125 946
1838 2 2 3 30 946 1155 1096
1839 2 2 3 30 949 1155 947
1840 2 2 3 30 1097 1134 949
1841 2 2 3 30 950 1040 1033
1842 2 2 3 30 1111 1138 954
1843 2 2 3 30 955 1020 956
1844 2 2 3 30 957 1020 955
1845 2 2 3 30 956 967 958
1846 2 2 3 30 956 1056 967
1847 2 2 3 30 1020 1056 956
1848 2 2 3 30 974 1036 957
1849 2 2 3 30 957 1021 1020
1850 2 2 3 30 957 1036 1021
1851 2 2 3 30 958 967 959
1852 2 2 3 30 959 961 960
1853 2 2 3 30 959 962 961
1854 2 2 3 30 959 967 962
1855 2 2 3 30 961 963 960
1856 2 2 3 30 963 965 960
1857 2 2 3 30 965 1005 960
1858 2 2 3 30 962 971 961
1859 2 2 3 30 961 964 963
1860 2 2 3 30 961 971 964
1861 2 2 3 30 967 968 962
1862 2 2 3 30 968 969 962
1863 2 2 3 30 969 971 962
1864 2 2 3 30 964 999 963
1865 2 2 3 30 963 966 965
1866 2 2 3 30 963 999 966
1867 2 2 3 30 971 972 964
1868 2 2 3 30 972 973 964
1869 2 2 3 30 973 999 964
1870 2 2 3 30 966 1085 965
1871 2 2 3 30 965 1055 1005
1872 2 2 3 30 965 1085 1055
1873 2 2 3 30 999 1000 966
1874 2 2 3 30 1000 1001 966
1875 2 2 3 30 1001 1085 966
1876 2 2 3 30 967 1056 968
1877 2 2 3 30 968 970 969
1878 2 2 3 30 968 1105 970
1879 2 2 3 30 1056 1105 968
1880 2 2 3 30 970 1130 969
1881 2 2 3 30 969 1128 971
1882 2 2 3 30 1105 1150 970
1883 2 2 3 30 971 1128 972
1884 2 2 3 30 972 1093 973
1885 2 2 3 30 1064 1093 972
1886 2 2 3 30 972 1128 1064
1887 2 2 3 30 973 1093 1075
1888 2 2 3 30 975 1036 974
1889 2 2 3 30 980 1048 975
1890 2 2 3 30 975 1037 1036
1891 2 2 3 30 975 1048 1037
1892 2 2 3 30 976 1081 977
1893 2 2 3 30 976 1082 1081
1894 2 2 3 30 977 984 979
1895 2 2 3 30 977 985 984
1896 2 2 3 30 977 1081 985
1897 2 2 3 30 1113 1145 981
1898 2 2 3 30 985 1106 1028
1899 2 2 3 30 1081 1106 985
1900 2 2 3 30 1028 1106 987
1901 2 2 3 30 1106 1129 987
1902 2 2 3 30 990 1108 989
1903 2 2 3 30 989 1108 1101
1904 2 2 3 30 991 1108 990
1905 2 2 3 30 991 1118 1108
1906 2 2 3 30 1116 1118 991
1907 2 2 3 30 991 1136 1116
1908 2 2 3 30 992 1109 1029
1909 2 2 3 30 992 1117 1109
1910 2 2 3 30 994 1140 993
1911 2 2 3 30 993 1140 1136
1912 2 2 3 30 995 1140 994
1913 2 2 3 30 995 1162 1140
1914 2 2 3 30 996 1072 997
1915 2 2 3 30 998 1072 996
1916 2 2 3 30 997 1072 1015
1917 2 2 3 30 998 1090 1072
1918 2 2 3 30 1000 1152 1001
1919 2 2 3 30 1001 1124 1085
1920 2 2 3 30 1012 1156 1006
1921 2 2 3 30 1090 1101 1010
1922 2 2 3 30 1011 1161 1138
1923 2 2 3 30 1013 1156 1012
1924 2 2 3 30 1040 1114 1013
1925 2 2 3 30 1114 1131 1013
1926 2 2 3 30 1131 1156 1013
1927 2 2 3 30 1014 1094 1023
1928 2 2 3 30 1089 1094 1014
1929 2 2 3 30 1024 1026 1016
1930 2 2 3 30 1016 1089 1024
1931 2 2 3 30 1017 1102 1018
1932 2 2 3 30 1018 1153 1019
1933 2 2 3 30 1018 1102 1043
1934 2 2 3 30 1043 1153 1018
1935 2 2 3 30 1019 1084 1025
1936 2 2 3 30 1019 1099 1084
1937 2 2 3 30 1019 1153 1099
1938 2 2 3 30 1021 1022 1020
1939 2 2 3 30 1022 1056 1020
1940 2 2 3 30 1021 1157 1022
1941 2 2 3 30 1036 1123 1021
1942 2 2 3 30 1123 1157 1021
1943 2 2 3 30 1022 1105 1056
1944 2 2 3 30 1022 1157 1062
1945 2 2 3 30 1094 1109 1023
1946 2 2 3 30 1029 1109 1094
1947 2 2 3 30 1031 1046 1030
1948 2 2 3 30 1044 1045 1031
1949 2 2 3 30 1034 1088 1038
1950 2 2 3 30 1041 1047 1035
1951 2 2 3 30 1047 1087 1035
1952 2 2 3 30 1037 1123 1036
1953 2 2 3 30 1063 1123 1037
1954 2 2 3 30 1044 1084 1045
1955 2 2 3 30 1045 1099 1050
1956 2 2 3 30 1084 1099 1045
1957 2 2 3 30 1054 1151 1053
1958 2 2 3 30 1058 1091 1057
1959 2 2 3 30 1057 1091 1059
1960 2 2 3 30 1058 1071 1070
1961 2 2 3 30 1070 1073 1058
1962 2 2 3 30 1058 1164 1071
1963 2 2 3 30 1073 1091 1058
1964 2 2 3 30 1059 1061 1060
1965 2 2 3 30 1059 1133 1061
1966 2 2 3 30 1091 1133 1059
1967 2 2 3 30 1061 1159 1060
1968 2 2 3 30 1060 1135 1068
1969 2 2 3 30 1060 1159 1135
1970 2 2 3 30 1061 1133 1079
1971 2 2 3 30 1079 1159 1061
1972 2 2 3 30 1065 1167 1145
1973 2 2 3 30 1135 1141 1068
1974 2 2 3 30 1079 1133 1074
1975 2 2 3 30 1093 1110 1075
1976 2 2 3 30 1078 1159 1079
1977 2 2 3 30 1104 1141 1080
1978 2 2 3 30 1135 1159 1083
1979 2 2 3 30 1086 1107 1095
1980 2 2 3 30 1104 1163 1126
1981 2 2 3 31 1 1168 70
1982 2 2 4 31 1 70 1168
1983 2 2 3 31 133 1282 1
1984 2 2 4 31 133 1 1282
1985 2 2 3 31 1 1282 1168
1986 2 2 4 31 1 1168 1282
1987 2 2 3 31 42 1274 3
1988 2 2 4 31 42 3 1274
1989 2 2 3 31 3 1274 134
1990 2 2 4 31 3 134 1274
1991 2 2 3 31 4 1275 105
1992 2 2 4 31 4 105 1275
1993 2 2 3 31 185 1275 4
1994 2 2 4 31 185 4 1275
1995 2 2 3 31 5 135 136
1996 2 2 4 31 5 136 135
1997 2 2 3 31 159 1200 6
1998 2 2 4 31 159 6 1200
1999 2 2 3 31 6 1177 183
2000 2 2 4 31 6 183 1177
2001 2 2 3 31 6 1200 1177
2002 2 2 4 31 6 1177 1200
2003 2 2 3 31 160 184 7
2004 2 2 4 31 160 7 184
2005 2 2 3 31 43 1234 42
2006 2 2 4 31 43 42 1234
2007 2 2 3 31 1234 1274 42
2008 2 2 4 31 1234 42 1274
2009 2 2 3 31 44 1252 43
2010 2 2 4 31 44 43 1252
2011 2 2 3 31 43 1252 1234
2012 2 2 4 31 43 1234 1252
2013 2 2 3 31 45 1190 44
2014 2 2 4 31 45 44 1190
2015 2 2 3 31 1190 1252 44
2016 2 2 4 31 1190 44 1252
2017 2 2 3 31 46 1268 45
2018 2 2 4 31 46 45 1268
2019 2 2 3 31 45 1268 1190
2020 2 2 4 31 45 1190 1268
2021 2 2 3 31 47 1182 46
2022 2 2 4 31 47 46 1182
2023 2 2 3 31 1182 1268 46
2024 2 2 4 31 1182 46 1268
2025 2 2 3 31 48 1263 47
2026 2 2 4 31 48 47 1263
2027 2 2 3 31 47 1263 1182
2028 2 2 4 31 47 1182 1263
2029 2 2 3 31 49 1195 48
2030 2 2 4 31 49 48 1195
2031 2 2 3 31 1195 1263 48
2032 2 2 4 31 1195 48 1263
2033 2 2 3 31 50 1246 49
2034 2 2 4 31 50 49 1246
2035 2 2 3 31 49 1246 1195
2036 2 2 4 31 49 1195 1246
2037 2 2 3 31 51 1242 50
2038 2 2 4 31 51 50 1242
2039 2 2 3 31 1242 1246 50
2040 2 2 4 31 1242 50 1246
2041 2 2 3 31 52 1197 51
2042 2 2 4 31 52 51 1197
2043 2 2 3 31 1197 1242 51
2044 2 2 4 31 1197 51 1242
2045 2 2 3 31 53 1231 52
2046 2 2 4 31 53 52 1231
2047 2 2 3 31 52 1231 1197
2048 2 2 4 31 52 1197 1231
2049 2 2 3 31 54 1192 53
2050 2 2 4 31 54 53 1192
2051 2 2 3 31 1192 1231 53
2052 2 2 4 31 1192 53 1231
2053 2 2 3 31 55 1255 54
2054 2 2 4 31 55 54 1255
2055 2 2 3 31 54 1255 1192
2056 2 2 4 31 54 1192 1255
2057 2 2 3 31 56 1180 55
2058 2 2 4 31 56 55 1180
2059 2 2 3 31 1180 1255 55
2060 2 2 4 31 1180 55 1255
2061 2 2 3 31 57 1251 56
2062 2 2 4 31 57 56 1251
2063 2 2 3 31 56 1251 1180
2064 2 2 4 31 56 1180 1251
2065 2 2 3 31 58 1185 57
2066 2 2 4 31 58 57 1185
2067 2 2 3 31 1185 1251 57
2068 2 2 4 31 1185 57 1251
2069 2 2 3 31 59 1235 58
2070 2 2 4 31 59 58 1235
2071 2 2 3 31 58 1235 1185
2072 2 2 4 31 58 1185 1235
2073 2 2 3 31 60 1238 59
2074 2 2 4 31 60 59 1238
2075 2 2 3 31 59 1238 1235
2076 2 2 4 31 59 1235 1238
2077 2 2 3 31 61 1178 60
2078 2 2 4 31 61 60 1178
2079 2 2 3 31 1178 1238 60
2080 2 2 4 31 1178 60 1238
2081 2 2 3 31 62 1244 61
2082 2 2 4 31 62 61 1244
2083 2 2 3 31 61 1244 1178
2084 2 2 4 31 61 1178 1244
2085 2 2 3 31 63 1176 62
2086 2 2 4 31 63 62 1176
2087 2 2 3 31 1176 1244 62
2088 2 2 4 31 1176 62 1244
2089 2 2 3 31 64 1254 63
2090 2 2 4 31 64 63 1254
2091 2 2 3 31 63 1254 1176
2092 2 2 4 31 63 1176 1254
2093 2 2 3 31 65 1173 64
2094 2 2 4 31 65 64 1173
2095 2 2 3 31 1173 1254 64
2096 2 2 4 31 1173 64 1254
2097 2 2 3 31 66 1278 65
2098 2 2 4 31 66 65 1278
2099 2 2 3 31 65 1278 1173
2100 2 2 4 31 65 1173 1278
2101 2 2 3 31 67 1280 66
2102 2 2 4 31 67 66 1280
2103 2 2 3 31 66 1280 1278
2104 2 2 4 31 66 1278 1280
2105 2 2 3 31 68 1287 67
2106 2 2 4 31 68 67 1287
2107 2 2 3 31 67 1287 1280
2108 2 2 4 31 67 1280 1287
2109 2 2 3 31 69 1169 68
2110 2 2 4 31 69 68 1169
2111 2 2 3 31 1169 1287 68
2112 2 2 4 31 1169 68 1287
2113 2 2 3 31 70 1273 69
2114 2 2 4 31 70 69 1273
2115 2 2 3 31 69 1273 1169
2116 2 2 4 31 69 1169 1273
2117 2 2 3 31 1168 1273 70
2118 2 2 4 31 1168 70 1273
2119 2 2 3 31 105 1233 106
2120 2 2 4 31 105 106 1233
2121 2 2 3 31 105 1275 1233
2122 2 2 4 31 105 1233 1275
2123 2 2 3 31 106 1247 107
2124 2 2 4 31 106 107 1247
2125 2 2 3 31 1233 1247 106
2126 2 2 4 31 1233 106 1247
2127 2 2 3 31 107 1191 108
2128 2 2 4 31 107 108 1191
2129 2 2 3 31 107 1247 1191
2130 2 2 4 31 107 1191 1247
2131 2 2 3 31 108 1269 109
2132 2 2 4 31 108 109 1269
2133 2 2 3 31 1191 1269 108
2134 2 2 4 31 1191 108 1269
2135 2 2 3 31 109 1183 110
2136 2 2 4 31 109 110 1183
2137 2 2 3 31 109 1269 1183
2138 2 2 4 31 109 1183 1269
2139 2 2 3 31 110 1264 111
2140 2 2 4 31 110 111 1264
2141 2 2 3 31 1183 1264 110
2142 2 2 4 31 1183 110 1264
2143 2 2 3 31 111 1194 112
2144 2 2 4 31 111 112 1194
2145 2 2 3 31 111 1264 1194
2146 2 2 4 31 111 1194 1264
2147 2 2 3 31 112 1245 113
2148 2 2 4 31 112 113 1245
2149 2 2 3 31 1194 1245 112
2150 2 2 4 31 1194 112 1245
2151 2 2 3 31 113 1241 114
2152 2 2 4 31 113 114 1241
2153 2 2 3 31 113 1245 1241
2154 2 2 4 31 113 1241 1245
2155 2 2 3 31 114 1196 115
2156 2 2 4 31 114 115 1196
2157 2 2 3 31 114 1241 1196
2158 2 2 4 31 114 1196 1241
2159 2 2 3 31 115 1232 116
2160 2 2 4 31 115 116 1232
2161 2 2 3 31 1196 1232 115
2162 2 2 4 31 1196 115 1232
2163 2 2 3 31 116 1193 117
2164 2 2 4 31 116 117 1193
2165 2 2 3 31 116 1232 1193
2166 2 2 4 31 116 1193 1232
2167 2 2 3 31 117 1256 118
2168 2 2 4 31 117 118 1256
2169 2 2 3 31 1193 1256 117
2170 2 2 4 31 1193 117 1256
2171 2 2 3 31 118 1181 119
2172 2 2 4 31 118 119 1181
2173 2 2 3 31 118 1256 1181
2174 2 2 4 31 118 1181 1256
2175 2 2 3 31 119 1250 120
2176 2 2 4 31 119 120 1250
2177 2 2 3 31 1181 1250 119
2178 2 2 4 31 1181 119 1250
2179 2 2 3 31 120 1184 121
2180 2 2 4 31 120 121 1184
2181 2 2 3 31 120 1250 1184
2182 2 2 4 31 120 1184 1250
2183 2 2 3 31 121 1236 122
2184 2 2 4 31 121 122 1236
2185 2 2 3 31 1184 1236 121
2186 2 2 4 31 1184 121 1236
2187 2 2 3 31 122 1237 123
2188 2 2 4 31 122 123 1237
2189 2 2 3 31 1236 1237 122
2190 2 2 4 31 1236 122 1237
2191 2 2 3 31 123 1179 124
2192 2 2 4 31 123 124 1179
2193 2 2 3 31 123 1237 1179
2194 2 2 4 31 123 1179 1237
2195 2 2 3 31 124 1243 125
2196 2 2 4 31 124 125 1243
2197 2 2 3 31 1179 1243 124
2198 2 2 4 31 1179 124 1243
2199 2 2 3 31 125 1175 126
2200 2 2 4 31 125 126 1175
2201 2 2 3 31 125 1243 1175
2202 2 2 4 31 125 1175 1243
2203 2 2 3 31 126 1253 127
2204 2 2 4 31 126 127 1253
2205 2 2 3 31 1175 1253 126
2206 2 2 4 31 1175 126 1253
2207 2 2 3 31 127 1174 128
2208 2 2 4 31 127 128 1174
2209 2 2 3 31 127 1253 1174
2210 2 2 4 31 127 1174 1253
2211 2 2 3 31 128 1279 129
2212 2 2 4 31 128 129 1279
2213 2 2 3 31 1174 1279 128
2214 2 2 4 31 1174 128 1279
2215 2 2 3 31 129 1281 130
2216 2 2 4 31 129 130 1281
2217 2 2 3 31 1279 1281 129
2218 2 2 4 31 1279 129 1281
2219 2 2 3 31 130 1286 131
2220 2 2 4 31 130 131 1286
2221 2 2 3 31 1281 1286 130
2222 2 2 4 31 1281 130 1286
2223 2 2 3 31 131 1170 132
2224 2 2 4 31 131 132 1170
2225 2 2 3 31 131 1286 1170
2226 2 2 4 31 131 1170 1286
2227 2 2 3 31 132 1272 133
2228 2 2 4 31 132 133 1272
2229 2 2 3 31 1170 1272 132
2230 2 2 4 31 1170 132 1272
2231 2 2 3 31 1272 1282 133
2232 2 2 4 31 1272 133 1282
2233 2 2 3 31 134 1276 135
2234 2 2 4 31 134 135 1276
2235 2 2 3 31 1274 1276 134
2236 2 2 4 31 1274 134 1276
2237 2 2 3 31 135 1276 136
2238 2 2 4 31 135 136 1276
2239 2 2 3 31 136 1189 137
2240 2 2 4 31 136 137 1189
2241 2 2 3 31 136 1276 1189
2242 2 2 4 31 136 1189 1276
2243 2 2 3 31 137 1222 138
2244 2 2 4 31 137 138 1222
2245 2 2 3 31 1189 1222 137
2246 2 2 4 31 1189 137 1222
2247 2 2 3 31 138 1261 139
2248 2 2 4 31 138 139 1261
2249 2 2 3 31 1222 1261 138
2250 2 2 4 31 1222 138 1261
2251 2 2 3 31 139 1213 140
2252 2 2 4 31 139 140 1213
2253 2 2 3 31 139 1261 1213
2254 2 2 4 31 139 1213 1261
2255 2 2 3 31 140 1271 141
2256 2 2 4 31 140 141 1271
2257 2 2 3 31 1213 1271 140
2258 2 2 4 31 1213 140 1271
2259 2 2 3 31 141 1217 142
2260 2 2 4 31 141 142 1217
2261 2 2 3 31 141 1271 1217
2262 2 2 4 31 141 1217 1271
2263 2 2 3 31 142 1260 143
2264 2 2 4 31 142 143 1260
2265 2 2 3 31 1217 1260 142
2266 2 2 4 31 1217 142 1260
2267 2 2 3 31 143 1199 144
2268 2 2 4 31 143 144 1199
2269 2 2 3 31 143 1260 1199
2270 2 2 4 31 143 1199 1260
2271 2 2 3 31 144 1230 145
2272 2 2 4 31 144 145 1230
2273 2 2 3 31 1199 1230 144
2274 2 2 4 31 1199 144 1230
2275 2 2 3 31 145 1228 146
2276 2 2 4 31 145 146 1228
2277 2 2 3 31 145 1230 1228
2278 2 2 4 31 145 1228 1230
2279 2 2 3 31 146 1248 147
2280 2 2 4 31 146 147 1248
2281 2 2 3 31 1228 1248 146
2282 2 2 4 31 1228 146 1248
2283 2 2 3 31 147 1219 148
2284 2 2 4 31 147 148 1219
2285 2 2 3 31 147 1248 1219
2286 2 2 4 31 147 1219 1248
2287 2 2 3 31 148 1257 149
2288 2 2 4 31 148 149 1257
2289 2 2 3 31 1219 1257 148
2290 2 2 4 31 1219 148 1257
2291 2 2 3 31 149 1212 150
2292 2 2 4 31 149 150 1212
2293 2 2 3 31 149 1257 1212
2294 2 2 4 31 149 1212 1257
2295 2 2 3 31 150 1240 151
2296 2 2 4 31 150 151 1240
2297 2 2 3 31 1212 1240 150
2298 2 2 4 31 1212 150 1240
2299 2 2 3 31 151 1187 152
2300 2 2 4 31 151 152 1187
2301 2 2 3 31 151 1240 1187
2302 2 2 4 31 151 1187 1240
2303 2 2 3 31 152 1225 153
2304 2 2 4 31 152 153 1225
2305 2 2 3 31 1187 1225 152
2306 2 2 4 31 1187 152 1225
2307 2 2 3 31 153 1207 154
2308 2 2 4 31 153 154 1207
2309 2 2 3 31 153 1225 1207
2310 2 2 4 31 153 1207 1225
2311 2 2 3 31 154 1224 155
2312 2 2 4 31 154 155 1224
2313 2 2 3 31 1207 1224 154
2314 2 2 4 31 1207 154 1224
2315 2 2 3 31 155 1210 156
2316 2 2 4 31 155 156 1210
2317 2 2 3 31 155 1224 1210
2318 2 2 4 31 155 1210 1224
2319 2 2 3 31 156 1203 157
2320 2 2 4 31 156 157 1203
2321 2 2 3 31 156 1210 1203
2322 2 2 4 31 156 1203 1210
2323 2 2 3 31 157 1172 158
2324 2 2 4 31 157 158 1172
2325 2 2 3 31 157 1203 1172
2326 2 2 4 31 157 1172 1203
2327 2 2 3 31 158 1201 159
2328 2 2 4 31 158 159 1201
2329 2 2 3 31 1172 1201 158
2330 2 2 4 31 1172 158 1201
2331 2 2 3 31 159 1201 1200
2332 2 2 4 31 159 1200 1201
2333 2 2 3 31 161 1188 160
2334 2 2 4 31 161 160 1188
2335 2 2 3 31 160 1277 184
2336 2 2 4 31 160 184 1277
2337 2 2 3 31 1188 1277 160
2338 2 2 4 31 1188 160 1277
2339 2 2 3 31 162 1221 161
2340 2 2 4 31 162 161 1221
2341 2 2 3 31 161 1221 1188
2342 2 2 4 31 161 1188 1221
2343 2 2 3 31 163 1262 162
2344 2 2 4 31 163 162 1262
2345 2 2 3 31 162 1262 1221
2346 2 2 4 31 162 1221 1262
2347 2 2 3 31 164 1214 163
2348 2 2 4 31 164 163 1214
2349 2 2 3 31 1214 1262 163
2350 2 2 4 31 1214 163 1262
2351 2 2 3 31 165 1270 164
2352 2 2 4 31 165 164 1270
2353 2 2 3 31 164 1270 1214
2354 2 2 4 31 164 1214 1270
2355 2 2 3 31 166 1218 165
2356 2 2 4 31 166 165 1218
2357 2 2 3 31 1218 1270 165
2358 2 2 4 31 1218 165 1270
2359 2 2 3 31 167 1259 166
2360 2 2 4 31 167 166 1259
2361 2 2 3 31 166 1259 1218
2362 2 2 4 31 166 1218 1259
2363 2 2 3 31 168 1198 167
2364 2 2 4 31 168 167 1198
2365 2 2 3 31 1198 1259 167
2366 2 2 4 31 1198 167 1259
2367 2 2 3 31 169 1229 168
2368 2 2 4 31 169 168 1229
2369 2 2 3 31 168 1229 1198
2370 2 2 4 31 168 1198 1229
2371 2 2 3 31 170 1227 169
2372 2 2 4 31 170 169 1227
2373 2 2 3 31 1227 1229 169
2374 2 2 4 31 1227 169 1229
2375 2 2 3 31 171 1249 170
2376 2 2 4 31 171 170 1249
2377 2 2 3 31 170 1249 1227
2378 2 2 4 31 170 1227 1249
2379 2 2 3 31 172 1220 171
2380 2 2 4 31 172 171 1220
2381 2 2 3 31 1220 1249 171
2382 2 2 4 31 1220 171 1249
2383 2 2 3 31 173 1258 172
2384 2 2 4 31 173 172 1258
2385 2 2 3 31 172 1258 1220
2386 2 2 4 31 172 1220 1258
2387 2 2 3 31 174 1211 173
2388 2 2 4 31 174 173 1211
2389 2 2 3 31 1211 1258 173
2390 2 2 4 31 1211 173 1258
2391 2 2 3 31 175 1239 174
2392 2 2 4 31 175 174 1239
2393 2 2 3 31 174 1239 1211
2394 2 2 4 31 174 1211 1239
2395 2 2 3 31 176 1186 175
2396 2 2 4 31 176 175 1186
2397 2 2 3 31 1186 1239 175
2398 2 2 4 31 1186 175 1239
2399 2 2 3 31 177 1226 176
2400 2 2 4 31 177 176 1226
2401 2 2 3 31 176 1226 1186
2402 2 2 4 31 176 1186 1226
2403 2 2 3 31 178 1208 177
2404 2 2 4 31 178 177 1208
2405 2 2 3 31 1208 1226 177
2406 2 2 4 31 1208 177 1226
2407 2 2 3 31 179 1223 178
2408 2 2 4 31 179 178 1223
2409 2 2 3 31 178 1223 1208
2410 2 2 4 31 178 1208 1223
2411 2 2 3 31 180 1209 179
2412 2 2 4 31 180 179 1209
2413 2 2 3 31 1209 1223 179
2414 2 2 4 31 1209 179 1223
2415 2 2 3 31 181 1204 180
2416 2 2 4 31 181 180 1204
2417 2 2 3 31 1204 1209 180
2418 2 2 4 31 1204 180 1209
2419 2 2 3 31 182 1171 181
2420 2 2 4 31 182 181 1171
2421 2 2 3 31 1171 1204 181
2422 2 2 4 31 1171 181 1204
2423 2 2 3 31 183 1202 182
2424 2 2 4 31 183 182 1202
2425 2 2 3 31 182 1202 1171
2426 2 2 4 31 182 1171 1202
2427 2 2 3 31 1177 1202 183
2428 2 2 4 31 1177 183 1202
2429 2 2 3 31 184 1277 185
2430 2 2 4 31 184 185 1277
2431 2 2 3 31 185 1277 1275
2432 2 2 4 31 185 1275 1277
2433 2 2 3 31 1265 1273 1168
2434 2 2 4 31 1265 1168 1273
2435 2 2 3 31 1168 1283 1265
2436 2 2 4 31 1168 1265 1283
2437 2 2 3 31 1168 1282 1267
2438 2 2 4 31 1168 1267 1282
2439 2 2 3 31 1267 1283 1168
2440 2 2 4 31 1267 1168 1283
2441 2 2 3 31 1169 1273 1265
2442 2 2 4 31 1169 1265 1273
2443 2 2 3 31 1265 1285 1169
2444 2 2 4 31 1265 1169 1285
2445 2 2 3 31 1285 1287 1169
2446 2 2 4 31 1285 1169 1287
2447 2 2 3 31 1266 1272 1170
2448 2 2 4 31 1266 1170 1272
2449 2 2 3 31 1170 1284 1266
2450 2 2 4 31 1170 1266 1284
2451 2 2 3 31 1170 1286 1284
2452 2 2 4 31 1170 1284 1286
2453 2 2 3 31 1202 1284 1171
2454 2 2 4 31 1202 1171 1284
2455 2 2 3 31 1171 1206 1204
2456 2 2 4 31 1171 1204 1206
2457 2 2 3 31 1171 1215 1206
2458 2 2 4 31 1171 1206 1215
2459 2 2 3 31 1171 1284 1215
2460 2 2 4 31 1171 1215 1284
2461 2 2 3 31 1172 1285 1201
2462 2 2 4 31 1172 1201 1285
2463 2 2 3 31 1203 1205 1172
2464 2 2 4 31 1203 1172 1205
2465 2 2 3 31 1205 1216 1172
2466 2 2 4 31 1205 1172 1216
2467 2 2 3 31 1216 1285 1172
2468 2 2 4 31 1216 1172 1285
2469 2 2 3 31 1203 1210 1173
2470 2 2 4 31 1203 1173 1210
2471 2 2 3 31 1173 1278 1203
2472 2 2 4 31 1173 1203 1278
2473 2 2 3 31 1210 1254 1173
2474 2 2 4 31 1210 1173 1254
2475 2 2 3 31 1174 1209 1204
2476 2 2 4 31 1174 1204 1209
2477 2 2 3 31 1204 1279 1174
2478 2 2 4 31 1204 1174 1279
2479 2 2 3 31 1174 1253 1209
2480 2 2 4 31 1174 1209 1253
2481 2 2 3 31 1223 1289 1175
2482 2 2 4 31 1223 1175 1289
2483 2 2 3 31 1175 1290 1223
2484 2 2 4 31 1175 1223 1290
2485 2 2 3 31 1243 1290 1175
2486 2 2 4 31 1243 1175 1290
2487 2 2 3 31 1175 1289 1253
2488 2 2 4 31 1175 1253 1289
2489 2 2 3 31 1176 1288 1224
2490 2 2 4 31 1176 1224 1288
2491 2 2 3 31 1224 1291 1176
2492 2 2 4 31 1224 1176 1291
2493 2 2 3 31 1176 1291 1244
2494 2 2 4 31 1176 1244 1291
2495 2 2 3 31 1254 1288 1176
2496 2 2 4 31 1254 1176 1288
2497 2 2 3 31 1200 1283 1177
2498 2 2 4 31 1200 1177 1283
2499 2 2 3 31 1177 1266 1202
2500 2 2 4 31 1177 1202 1266
2501 2 2 3 31 1177 1267 1266
2502 2 2 4 31 1177 1266 1267
2503 2 2 3 31 1177 1283 1267
2504 2 2 4 31 1177 1267 1283
2505 2 2 3 31 1207 1225 1178
2506 2 2 4 31 1207 1178 1225
2507 2 2 3 31 1178 1244 1207
2508 2 2 4 31 1178 1207 1244
2509 2 2 3 31 1225 1238 1178
2510 2 2 4 31 1225 1178 1238
2511 2 2 3 31 1179 1226 1208
2512 2 2 4 31 1179 1208 1226
2513 2 2 3 31 1208 1243 1179
2514 2 2 4 31 1208 1179 1243
2515 2 2 3 31 1179 1237 1226
2516 2 2 4 31 1179 1226 1237
2517 2 2 3 31 1180 1251 1212
2518 2 2 4 31 1180 1212 1251
2519 2 2 3 31 1212 1257 1180
2520 2 2 4 31 1212 1180 1257
2521 2 2 3 31 1180 1257 1255
2522 2 2 4 31 1180 1255 1257
2523 2 2 3 31 1211 1250 1181
2524 2 2 4 31 1211 1181 1250
2525 2 2 3 31 1181 1258 1211
2526 2 2 4 31 1181 1211 1258
2527 2 2 3 31 1256 1258 1181
2528 2 2 4 31 1256 1181 1258
2529 2 2 3 31 1213 1268 1182
2530 2 2 4 31 1213 1182 1268
2531 2 2 3 31 1182 1271 1213
2532 2 2 4 31 1182 1213 1271
2533 2 2 3 31 1182 1263 1217
2534 2 2 4 31 1182 1217 1263
2535 2 2 3 31 1217 1271 1182
2536 2 2 4 31 1217 1182 1271
2537 2 2 3 31 1183 1269 1214
2538 2 2 4 31 1183 1214 1269
2539 2 2 3 31 1214 1270 1183
2540 2 2 4 31 1214 1183 1270
2541 2 2 3 31 1218 1264 1183
2542 2 2 4 31 1218 1183 1264
2543 2 2 3 31 1183 1270 1218
2544 2 2 4 31 1183 1218 1270
2545 2 2 3 31 1211 1239 1184
2546 2 2 4 31 1211 1184 1239
2547 2 2 3 31 1184 1250 1211
2548 2 2 4 31 1184 1211 1250
2549 2 2 3 31 1184 1239 1236
2550 2 2 4 31 1184 1236 1239
2551 2 2 3 31 1185 1240 1212
2552 2 2 4 31 1185 1212 1240
2553 2 2 3 31 1212 1251 1185
2554 2 2 4 31 1212 1185 1251
2555 2 2 3 31 1235 1240 1185
2556 2 2 4 31 1235 1185 1240
2557 2 2 3 31 1226 1237 1186
2558 2 2 4 31 1226 1186 1237
2559 2 2 3 31 1186 1237 1236
2560 2 2 4 31 1186 1236 1237
2561 2 2 3 31 1236 1239 1186
2562 2 2 4 31 1236 1186 1239
2563 2 2 3 31 1187 1238 1225
2564 2 2 4 31 1187 1225 1238
2565 2 2 3 31 1235 1238 1187
2566 2 2 4 31 1235 1187 1238
2567 2 2 3 31 1187 1240 1235
2568 2 2 4 31 1187 1235 1240
2569 2 2 3 31 1221 1233 1188
2570 2 2 4 31 1221 1188 1233
2571 2 2 3 31 1233 1275 1188
2572 2 2 4 31 1233 1188 1275
2573 2 2 3 31 1275 1277 1188
2574 2 2 4 31 1275 1188 1277
2575 2 2 3 31 1189 1234 1222
2576 2 2 4 31 1189 1222 1234
2577 2 2 3 31 1189 1274 1234
2578 2 2 4 31 1189 1234 1274
2579 2 2 3 31 1189 1276 1274
2580 2 2 4 31 1189 1274 1276
2581 2 2 3 31 1213 1261 1190
2582 2 2 4 31 1213 1190 1261
2583 2 2 3 31 1190 1268 1213
2584 2 2 4 31 1190 1213 1268
2585 2 2 3 31 1190 1261 1252
2586 2 2 4 31 1190 1252 1261
2587 2 2 3 31 1191 1262 1214
2588 2 2 4 31 1191 1214 1262
2589 2 2 3 31 1214 1269 1191
2590 2 2 4 31 1214 1191 1269
2591 2 2 3 31 1247 1262 1191
2592 2 2 4 31 1247 1191 1262
2593 2 2 3 31 1219 1248 1192
2594 2 2 4 31 1219 1192 1248
2595 2 2 3 31 1192 1255 1219
2596 2 2 4 31 1192 1219 1255
2597 2 2 3 31 1192 1248 1231
2598 2 2 4 31 1192 1231 1248
2599 2 2 3 31 1193 1249 1220
2600 2 2 4 31 1193 1220 1249
2601 2 2 3 31 1220 1256 1193
2602 2 2 4 31 1220 1193 1256
2603 2 2 3 31 1232 1249 1193
2604 2 2 4 31 1232 1193 1249
2605 2 2 3 31 1218 1259 1194
2606 2 2 4 31 1218 1194 1259
2607 2 2 3 31 1194 1264 1218
2608 2 2 4 31 1194 1218 1264
2609 2 2 3 31 1194 1259 1245
2610 2 2 4 31 1194 1245 1259
2611 2 2 3 31 1195 1260 1217
2612 2 2 4 31 1195 1217 1260
2613 2 2 3 31 1217 1263 1195
2614 2 2 4 31 1217 1195 1263
2615 2 2 3 31 1246 1260 1195
2616 2 2 4 31 1246 1195 1260
2617 2 2 3 31 1196 1229 1227
2618 2 2 4 31 1196 1227 1229
2619 2 2 3 31 1227 1232 1196
2620 2 2 4 31 1227 1196 1232
2621 2 2 3 31 1196 1241 1229
2622 2 2 4 31 1196 1229 1241
2623 2 2 3 31 1228 1230 1197
2624 2 2 4 31 1228 1197 1230
2625 2 2 3 31 1197 1231 1228
2626 2 2 4 31 1197 1228 1231
2627 2 2 3 31 1230 1242 1197
2628 2 2 4 31 1230 1197 1242
2629 2 2 3 31 1229 1241 1198
2630 2 2 4 31 1229 1198 1241
2631 2 2 3 31 1241 1245 1198
2632 2 2 4 31 1241 1198 1245
2633 2 2 3 31 1245 1259 1198
2634 2 2 4 31 1245 1198 1259
2635 2 2 3 31 1199 1242 1230
2636 2 2 4 31 1199 1230 1242
2637 2 2 3 31 1199 1246 1242
2638 2 2 4 31 1199 1242 1246
2639 2 2 3 31 1199 1260 1246
2640 2 2 4 31 1199 1246 1260
2641 2 2 3 31 1201 1265 1200
2642 2 2 4 31 1201 1200 1265
2643 2 2 3 31 1265 1283 1200
2644 2 2 4 31 1265 1200 1283
2645 2 2 3 31 1201 1285 1265
2646 2 2 4 31 1201 1265 1285
2647 2 2 3 31 1266 1284 1202
2648 2 2 4 31 1266 1202 1284
2649 2 2 3 31 1203 1278 1205
2650 2 2 4 31 1203 1205 1278
2651 2 2 3 31 1206 1279 1204
2652 2 2 4 31 1206 1204 1279
2653 2 2 3 31 1205 1280 1216
2654 2 2 4 31 1205 1216 1280
2655 2 2 3 31 1278 1280 1205
2656 2 2 4 31 1278 1205 1280
2657 2 2 3 31 1215 1281 1206
2658 2 2 4 31 1215 1206 1281
2659 2 2 3 31 1206 1281 1279
2660 2 2 4 31 1206 1279 1281
2661 2 2 3 31 1207 1291 1224
2662 2 2 4 31 1207 1224 1291
2663 2 2 3 31 1244 1291 1207
2664 2 2 4 31 1244 1207 1291
2665 2 2 3 31 1223 1290 1208
2666 2 2 4 31 1223 1208 1290
2667 2 2 3 31 1208 1290 1243
2668 2 2 4 31 1208 1243 1290
2669 2 2 3 31 1209 1289 1223
2670 2 2 4 31 1209 1223 1289
2671 2 2 3 31 1253 1289 1209
2672 2 2 4 31 1253 1209 1289
2673 2 2 3 31 1224 1288 1210
2674 2 2 4 31 1224 1210 1288
2675 2 2 3 31 1210 1288 1254
2676 2 2 4 31 1210 1254 1288
2677 2 2 3 31 1215 1286 1281
2678 2 2 4 31 1215 1281 1286
2679 2 2 3 31 1284 1286 1215
2680 2 2 4 31 1284 1215 1286
2681 2 2 3 31 1280 1287 1216
2682 2 2 4 31 1280 1216 1287
2683 2 2 3 31 1216 1287 1285
2684 2 2 4 31 1216 1285 1287
2685 2 2 3 31 1255 1257 1219
2686 2 2 4 31 1255 1219 1257
2687 2 2 3 31 1220 1258 1256
2688 2 2 4 31 1220 1256 1258
2689 2 2 3 31 1221 1247 1233
2690 2 2 4 31 1221 1233 1247
2691 2 2 3 31 1221 1262 1247
2692 2 2 4 31 1221 1247 1262
2693 2 2 3 31 1234 1252 1222
2694 2 2 4 31 1234 1222 1252
2695 2 2 3 31 1252 1261 1222
2696 2 2 4 31 1252 1222 1261
2697 2 2 3 31 1227 1249 1232
2698 2 2 4 31 1227 1232 1249
2699 2 2 3 31 1231 1248 1228
2700 2 2 4 31 1231 1228 1248
2701 2 2 3 31 1267 1272 1266
2702 2 2 4 31 1267 1266 1272
2703 2 2 3 31 1267 1282 1272
2704 2 2 4 31 1267 1272 1282
2705 2 2 3 32 2 1292 71
2706 2 2 5 32 2 1292 71
2707 2 2 3 32 104 1349 2
2708 2 2 5 32 104 1349 2
2709 2 2 3 32 2 1349 1292
2710 2 2 5 32 2 1349 1292
2711 2 2 3 32 87 1363 3
2712 2 2 5 32 87 1363 3
2713 2 2 3 32 3 1363 134
2714 2 2 5 32 3 1363 134
2715 2 2 3 32 4 1364 88
2716 2 2 5 32 4 1364 88
2717 2 2 3 32 185 1364 4
2718 2 2 5 32 185 1364 4
2719 2 2 3 32 135 1358 5
2720 2 2 5 32 135 1358 5
2721 2 2 3 32 5 1358 197
2722 2 2 5 32 5 1358 197
2723 2 2 3 32 7 1357 184
2724 2 2 5 32 7 1357 184
2725 2 2 3 32 198 1357 7
2726 2 2 5 32 198 1357 7
2727 2 2 3 32 186 1314 8
2728 2 2 5 32 186 1314 8
2729 2 2 3 32 8 1311 209
2730 2 2 5 32 8 1311 209
2731 2 2 3 32 8 1314 1311
2732 2 2 5 32 8 1314 1311
2733 2 2 3 32 71 1355 72
2734 2 2 5 32 71 1355 72
2735 2 2 3 32 1292 1355 71
2736 2 2 5 32 1292 1355 71
2737 2 2 3 32 72 1294 73
2738 2 2 5 32 72 1294 73
2739 2 2 3 32 72 1355 1294
2740 2 2 5 32 72 1355 1294
2741 2 2 3 32 73 1347 74
2742 2 2 5 32 73 1347 74
2743 2 2 3 32 1294 1347 73
2744 2 2 5 32 1294 1347 73
2745 2 2 3 32 74 1362 75
2746 2 2 5 32 74 1362 75
2747 2 2 3 32 1347 1362 74
2748 2 2 5 32 1347 1362 74
2749 2 2 3 32 75 1296 76
2750 2 2 5 32 75 1296 76
2751 2 2 3 32 75 1362 1296
2752 2 2 5 32 75 1362 1296
2753 2 2 3 32 76 1346 77
2754 2 2 5 32 76 1346 77
2755 2 2 3 32 1296 1346 76
2756 2 2 5 32 1296 1346 76
2757 2 2 3 32 77 1299 78
2758 2 2 5 32 77 1299 78
2759 2 2 3 32 77 1346 1299
2760 2 2 5 32 77 1346 1299
2761 2 2 3 32 78 1344 79
2762 2 2 5 32 78 1344 79
2763 2 2 3 32 1299 1344 78
2764 2 2 5 32 1299 1344 78
2765 2 2 3 32 79 1298 80
2766 2 2 5 32 79 1298 80
2767 2 2 3 32 79 1344 1298
2768 2 2 5 32 79 1344 1298
2769 2 2 3 32 80 1339 81
2770 2 2 5 32 80 1339 81
2771 2 2 3 32 1298 1339 80
2772 2 2 5 32 1298 1339 80
2773 2 2 3 32 81 1305 82
2774 2 2 5 32 81 1305 82
2775 2 2 3 32 81 1339 1305
2776 2 2 5 32 81 1339 1305
2777 2 2 3 32 82 1337 83
2778 2 2 5 32 82 1337 83
2779 2 2 3 32 1305 1337 82
2780 2 2 5 32 1305 1337 82
2781 2 2 3 32 83 1301 84
2782 2 2 5 32 83 1301 84
2783 2 2 3 32 83 1337 1301
2784 2 2 5 32 83 1337 1301
2785 2 2 3 32 84 1336 85
2786 2 2 5 32 84 1336 85
2787 2 2 3 32 1301 1336 84
2788 2 2 5 32 1301 1336 84
2789 2 2 3 32 85 1308 86
2790 2 2 5 32 85 1308 86
2791 2 2 3 32 85 1336 1308
2792 2 2 5 32 85 1336 1308
2793 2 2 3 32 86 1351 87
2794 2 2 5 32 86 1351 87
2795 2 2 3 32 1308 1351 86
2796 2 2 5 32 1308 1351 86
2797 2 2 3 32 1351 1363 87
2798 2 2 5 32 1351 1363 87
2799 2 2 3 32 88 1350 89
2800 2 2 5 32 88 1350 89
2801 2 2 3 32 88 1364 1350
2802 2 2 5 32 88 1364 1350
2803 2 2 3 32 89 1307 90
2804 2 2 5 32 89 1307 90
2805 2 2 3 32 89 1350 1307
2806 2 2 5 32 89 1350 1307
2807 2 2 3 32 90 1335 91
2808 2 2 5 32 90 1335 91
2809 2 2 3 32 1307 1335 90
2810 2 2 5 32 1307 1335 90
2811 2 2 3 32 91 1302 92
2812 2 2 5 32 91 1302 92
2813 2 2 3 32 91 1335 1302
2814 2 2 5 32 91 1335 1302
2815 2 2 3 32 92 1338 93
2816 2 2 5 32 92 1338 93
2817 2 2 3 32 1302 1338 92
2818 2 2 5 32 1302 1338 92
2819 2 2 3 32 93 1306 94
2820 2 2 5 32 93 1306 94
2821 2 2 3 32 93 1338 1306
2822 2 2 5 32 93 1338 1306
2823 2 2 3 32 94 1340 95
2824 2 2 5 32 94 1340 95
2825 2 2 3 32 1306 1340 94
2826 2 2 5 32 1306 1340 94
2827 2 2 3 32 95 1297 96
2828 2 2 5 32 95 1297 96
2829 2 2 3 32 95 1340 1297
2830 2 2 5 32 95 1340 1297
2831 2 2 3 32 96 1343 97
2832 2 2 5 32 96 1343 97
2833 2 2 3 32 1297 1343 96
2834 2 2 5 32 1297 1343 96
2835 2 2 3 32 97 1300 98
2836 2 2 5 32 97 1300 98
2837 2 2 3 32 97 1343 1300
2838 2 2 5 32 97 1343 1300
2839 2 2 3 32 98 1345 99
2840 2 2 5 32 98 1345 99
2841 2 2 3 32 1300 1345 98
2842 2 2 5 32 1300 1345 98
2843 2 2 3 32 99 1295 100
2844 2 2 5 32 99 1295 100
2845 2 2 3 32 99 1345 1295
2846 2 2 5 32 99 1345 1295
2847 2 2 3 32 100 1361 101
2848 2 2 5 32 100 1361 101
2849 2 2 3 32 1295 1361 100
2850 2 2 5 32 1295 1361 100
2851 2 2 3 32 101 1348 102
2852 2 2 5 32 101 1348 102
2853 2 2 3 32 101 1361 1348
2854 2 2 5 32 101 1361 1348
2855 2 2 3 32 102 1293 103
2856 2 2 5 32 102 1293 103
2857 2 2 3 32 102 1348 1293
2858 2 2 5 32 102 1348 1293
2859 2 2 3 32 103 1356 104
2860 2 2 5 32 103 1356 104
2861 2 2 3 32 1293 1356 103
2862 2 2 5 32 1293 1356 103
2863 2 2 3 32 104 1356 1349
2864 2 2 5 32 104 1356 1349
2865 2 2 3 32 134 1303 135
2866 2 2 5 32 134 1303 135
2867 2 2 3 32 134 1363 1303
2868 2 2 5 32 134 1363 1303
2869 2 2 3 32 1303 1358 135
2870 2 2 5 32 1303 1358 135
2871 2 2 3 32 184 1304 185
2872 2 2 5 32 184 1304 185
2873 2 2 3 32 184 1357 1304
2874 2 2 5 32 184 1357 1304
2875 2 2 3 32 1304 1364 185
2876 2 2 5 32 1304 1364 185
2877 2 2 3 32 187 1316 186
2878 2 2 5 32 187 1316 186
2879 2 2 3 32 186 1316 1314
2880 2 2 5 32 186 1316 1314
2881 2 2 3 32 188 1310 187
2882 2 2 5 32 188 1310 187
2883 2 2 3 32 1310 1316 187
2884 2 2 5 32 1310 1316 187
2885 2 2 3 32 189 1324 188
2886 2 2 5 32 189 1324 188
2887 2 2 3 32 188 1324 1310
2888 2 2 5 32 188 1324 1310
2889 2 2 3 32 190 1312 189
2890 2 2 5 32 190 1312 189
2891 2 2 3 32 1312 1324 189
2892 2 2 5 32 1312 1324 189
2893 2 2 3 32 191 1318 190
2894 2 2 5 32 191 1318 190
2895 2 2 3 32 190 1318 1312
2896 2 2 5 32 190 1318 1312
2897 2 2 3 32 192 1330 191
2898 2 2 5 32 192 1330 191
2899 2 2 3 32 191 1330 1318
2900 2 2 5 32 191 1330 1318
2901 2 2 3 32 193 1320 192
2902 2 2 5 32 193 1320 192
2903 2 2 3 32 1320 1330 192
2904 2 2 5 32 1320 1330 192
2905 2 2 3 32 194 1322 193
2906 2 2 5 32 194 1322 193
2907 2 2 3 32 193 1322 1320
2908 2 2 5 32 193 1322 1320
2909 2 2 3 32 195 1331 194
2910 2 2 5 32 195 1331 194
2911 2 2 3 32 194 1331 1322
2912 2 2 5 32 194 1331 1322
2913 2 2 3 32 196 1326 195
2914 2 2 5 32 196 1326 195
2915 2 2 3 32 1326 1331 195
2916 2 2 5 32 1326 1331 195
2917 2 2 3 32 197 1327 196
2918 2 2 5 32 197 1327 196
2919 2 2 3 32 196 1327 1326
2920 2 2 5 32 196 1327 1326
2921 2 2 3 32 197 1358 1327
2922 2 2 5 32 197 1358 1327
2923 2 2 3 32 199 1328 198
2924 2 2 5 32 199 1328 198
2925 2 2 3 32 1328 1357 198
2926 2 2 5 32 1328 1357 198
2927 2 2 3 32 200 1325 199
2928 2 2 5 32 200 1325 199
2929 2 2 3 32 1325 1328 199
2930 2 2 5 32 1325 1328 199
2931 2 2 3 32 201 1332 200
2932 2 2 5 32 201 1332 200
2933 2 2 3 32 200 1332 1325
2934 2 2 5 32 200 1332 1325
2935 2 2 3 32 202 1321 201
2936 2 2 5 32 202 1321 201
2937 2 2 3 32 1321 1332 201
2938 2 2 5 32 1321 1332 201
2939 2 2 3 32 203 1319 202
2940 2 2 5 32 203 1319 202
2941 2 2 3 32 1319 1321 202
2942 2 2 5 32 1319 1321 202
2943 2 2 3 32 204 1329 203
2944 2 2 5 32 204 1329 203
2945 2 2 3 32 203 1329 1319
2946 2 2 5 32 203 1329 1319
2947 2 2 3 32 205 1317 204
2948 2 2 5 32 205 1317 204
2949 2 2 3 32 1317 1329 204
2950 2 2 5 32 1317 1329 204
2951 2 2 3 32 206 1313 205
2952 2 2 5 32 206 1313 205
2953 2 2 3 32 1313 1317 205
2954 2 2 5 32 1313 1317 205
2955 2 2 3 32 207 1323 206
2956 2 2 5 32 207 1323 206
2957 2 2 3 32 206 1323 1313
2958 2 2 5 32 206 1323 1313
2959 2 2 3 32 208 1309 207
2960 2 2 5 32 208 1309 207
2961 2 2 3 32 1309 1323 207
2962 2 2 5 32 1309 1323 207
2963 2 2 3 32 209 1315 208
2964 2 2 5 32 209 1315 208
2965 2 2 3 32 208 1315 1309
2966 2 2 5 32 208 1315 1309
2967 2 2 3 32 1311 1315 209
2968 2 2 5 32 1311 1315 209
2969 2 2 3 32 1292 1354 1334
2970 2 2 5 32 1292 1354 1334
2971 2 2 3 32 1334 1355 1292
2972 2 2 5 32 1334 1355 1292
2973 2 2 3 32 1349 1354 1292
2974 2 2 5 32 1349 1354 1292
2975 2 2 3 32 1315 1333 1293
2976 2 2 5 32 1315 1333 1293
2977 2 2 3 32 1293 1352 1315
2978 2 2 5 32 1293 1352 1315
2979 2 2 3 32 1333 1356 1293
2980 2 2 5 32 1333 1356 1293
2981 2 2 3 32 1348 1352 1293
2982 2 2 5 32 1348 1352 1293
2983 2 2 3 32 1294 1334 1316
2984 2 2 5 32 1294 1334 1316
2985 2 2 3 32 1316 1353 1294
2986 2 2 5 32 1316 1353 1294
2987 2 2 3 32 1294 1355 1334
2988 2 2 5 32 1294 1355 1334
2989 2 2 3 32 1294 1353 1347
2990 2 2 5 32 1294 1353 1347
2991 2 2 3 32 1323 1342 1295
2992 2 2 5 32 1323 1342 1295
2993 2 2 3 32 1295 1359 1323
2994 2 2 5 32 1295 1359 1323
2995 2 2 3 32 1342 1361 1295
2996 2 2 5 32 1342 1361 1295
2997 2 2 3 32 1345 1359 1295
2998 2 2 5 32 1345 1359 1295
2999 2 2 3 32 1296 1341 1324
3000 2 2 5 32 1296 1341 1324
3001 2 2 3 32 1324 1360 1296
3002 2 2 5 32 1324 1360 1296
3003 2 2 3 32 1296 1362 1341
3004 2 2 5 32 1296 1362 1341
3005 2 2 3 32 1296 1360 1346
3006 2 2 5 32 1296 1360 1346
3007 2 2 3 32 1297 1340 1329
3008 2 2 5 32 1297 1340 1329
3009 2 2 3 32 1329 1366 1297
3010 2 2 5 32 1329 1366 1297
3011 2 2 3 32 1297 1366 1343
3012 2 2 5 32 1297 1366 1343
3013 2 2 3 32 1330 1339 1298
3014 2 2 5 32 1330 1339 1298
3015 2 2 3 32 1298 1365 1330
3016 2 2 5 32 1298 1365 1330
3017 2 2 3 32 1344 1365 1298
3018 2 2 5 32 1344 1365 1298
3019 2 2 3 32 1312 1318 1299
3020 2 2 5 32 1312 1318 1299
3021 2 2 3 32 1299 1346 1312
3022 2 2 5 32 1299 1346 1312
3023 2 2 3 32 1318 1344 1299
3024 2 2 5 32 1318 1344 1299
3025 2 2 3 32 1300 1317 1313
3026 2 2 5 32 1300 1317 1313
3027 2 2 3 32 1313 1345 1300
3028 2 2 5 32 1313 1345 1300
3029 2 2 3 32 1300 1343 1317
3030 2 2 5 32 1300 1343 1317
3031 2 2 3 32 1331 1336 1301
3032 2 2 5 32 1331 1336 1301
3033 2 2 3 32 1301 1337 1331
3034 2 2 5 32 1301 1337 1331
3035 2 2 3 32 1302 1335 1332
3036 2 2 5 32 1302 1335 1332
3037 2 2 3 32 1332 1338 1302
3038 2 2 5 32 1332 1338 1302
3039 2 2 3 32 1303 1351 1327
3040 2 2 5 32 1303 1351 1327
3041 2 2 3 32 1327 1358 1303
3042 2 2 5 32 1327 1358 1303
3043 2 2 3 32 1303 1363 1351
3044 2 2 5 32 1303 1363 1351
3045 2 2 3 32 1328 1350 1304
3046 2 2 5 32 1328 1350 1304
3047 2 2 3 32 1304 1357 1328
3048 2 2 5 32 1304 1357 1328
3049 2 2 3 32 1350 1364 1304
3050 2 2 5 32 1350 1364 1304
3051 2 2 3 32 1320 1322 1305
3052 2 2 5 32 1320 1322 1305
3053 2 2 3 32 1305 1339 1320
3054 2 2 5 32 1305 1339 1320
3055 2 2 3 32 1322 1337 1305
3056 2 2 5 32 1322 1337 1305
3057 2 2 3 32 1306 1321 1319
3058 2 2 5 32 1306 1321 1319
3059 2 2 3 32 1319 1340 1306
3060 2 2 5 32 1319 1340 1306
3061 2 2 3 32 1306 1338 1321
3062 2 2 5 32 1306 1338 1321
3063 2 2 3 32 1307 1328 1325
3064 2 2 5 32 1307 1328 1325
3065 2 2 3 32 1325 1335 1307
3066 2 2 5 32 1325 1335 1307
3067 2 2 3 32 1307 1350 1328
3068 2 2 5 32 1307 1350 1328
3069 2 2 3 32 1326 1327 1308
3070 2 2 5 32 1326 1327 1308
3071 2 2 3 32 1308 1336 1326
3072 2 2 5 32 1308 1336 1326
3073 2 2 3 32 1327 1351 1308
3074 2 2 5 32 1327 1351 1308
3075 2 2 3 32 1315 1352 1309
3076 2 2 5 32 1315 1352 1309
3077 2 2 3 32 1309 1342 1323
3078 2 2 5 32 1309 1342 1323
3079 2 2 3 32 1309 1352 1342
3080 2 2 5 32 1309 1352 1342
3081 2 2 3 32 1310 1353 1316
3082 2 2 5 32 1310 1353 1316
3083 2 2 3 32 1324 1341 1310
3084 2 2 5 32 1324 1341 1310
3085 2 2 3 32 1341 1353 1310
3086 2 2 5 32 1341 1353 1310
3087 2 2 3 32 1314 1354 1311
3088 2 2 5 32 1314 1354 1311
3089 2 2 3 32 1311 1333 1315
3090 2 2 5 32 1311 1333 1315
3091 2 2 3 32 1311 1354 1333
3092 2 2 5 32 1311 1354 1333
3093 2 2 3 32 1312 1360 1324
3094 2 2 5 32 1312 1360 1324
3095 2 2 3 32 1346 1360 1312
3096 2 2 5 32 1346 1360 1312
3097 2 2 3 32 1323 1359 1313
3098 2 2 5 32 1323 1359 1313
3099 2 2 3 32 1313 1359 1345
3100 2 2 5 32 1313 1359 1345
3101 2 2 3 32 1316 1334 1314
3102 2 2 5 32 1316 1334 1314
3103 2 2 3 32 1334 1354 1314
3104 2 2 5 32 1334 1354 1314
3105 2 2 3 32 1317 1366 1329
3106 2 2 5 32 1317 1366 1329
3107 2 2 3 32 1343 1366 1317
3108 2 2 5 32 1343 1366 1317
3109 2 2 3 32 1330 1365 1318
3110 2 2 5 32 1330 1365 1318
3111 2 2 3 32 1318 1365 1344
3112 2 2 5 32 1318 1365 1344
3113 2 2 3 32 1329 1340 1319
3114 2 2 5 32 1329 1340 1319
3115 2 2 3 32 1320 1339 1330
3116 2 2 5 32 1320 1339 1330
3117 2 2 3 32 1321 1338 1332
3118 2 2 5 32 1321 1338 1332
3119 2 2 3 32 1331 1337 1322
3120 2 2 5 32 1331 1337 1322
3121 2 2 3 32 1332 1335 1325
3122 2 2 5 32 1332 1335 1325
3123 2 2 3 32 1326 1336 1331
3124 2 2 5 32 1326 1336 1331
3125 2 2 3 32 1333 1354 1349
3126 2 2 5 32 1333 1354 1349
3127 2 2 3 32 1349 1356 1333
3128 2 2 5 32 1349 1356 1333
3129 2 2 3 32 1347 1353 1341
3130 2 2 5 32 1347 1353 1341
3131 2 2 3 32 1341 1362 1347
3132 2 2 5 32 1341 1362 1347
3133 2 2 3 32 1342 1352 1348
3134 2 2 5 32 1342 1352 1348
3135 2 2 3 32 1348 1361 1342
3136 2 2 5 32 1348 1361 1342
3137 2 2 3 33 136 1651 5
3138 2 2 3 33 5 1651 197
3139 2 2 3 33 6 1654 159
3140 2 2 3 33 210 1654 6
3141 2 2 3 33 186 1647 8
3142 2 2 3 33 8 1647 234
3143 2 2 3 33 137 1612 136
3144 2 2 3 33 1612 1651 136
3145 2 2 3 33 138 1388 137
3146 2 2 3 33 1388 1612 137
3147 2 2 3 33 139 1555 138
3148 2 2 3 33 138 1555 1388
3149 2 2 3 33 140 1378 139
3150 2 2 3 33 1378 1555 139
3151 2 2 3 33 141 1611 140
3152 2 2 3 33 140 1611 1378
3153 2 2 3 33 142 1637 141
3154 2 2 3 33 141 1637 1611
3155 2 2 3 33 143 1367 142
3156 2 2 3 33 1367 1637 142
3157 2 2 3 33 144 1552 143
3158 2 2 3 33 143 1552 1367
3159 2 2 3 33 145 1556 144
3160 2 2 3 33 144 1556 1552
3161 2 2 3 33 146 1370 145
3162 2 2 3 33 1370 1556 145
3163 2 2 3 33 147 1558 146
3164 2 2 3 33 146 1558 1370
3165 2 2 3 33 148 1383 147
3166 2 2 3 33 1383 1558 147
3167 2 2 3 33 149 1562 148
3168 2 2 3 33 148 1562 1383
3169 2 2 3 33 150 1372 149
3170 2 2 3 33 1372 1562 149
3171 2 2 3 33 151 1566 150
3172 2 2 3 33 150 1566 1372
3173 2 2 3 33 152 1574 151
3174 2 2 3 33 151 1574 1566
3175 2 2 3 33 153 1376 152
3176 2 2 3 33 1376 1574 152
3177 2 2 3 33 154 1584 153
3178 2 2 3 33 153 1584 1376
3179 2 2 3 33 155 1380 154
3180 2 2 3 33 1380 1584 154
3181 2 2 3 33 156 1589 155
3182 2 2 3 33 155 1589 1380
3183 2 2 3 33 157 1385 156
3184 2 2 3 33 1385 1589 156
3185 2 2 3 33 158 1390 157
3186 2 2 3 33 157 1390 1385
3187 2 2 3 33 159 1595 158
3188 2 2 3 33 158 1595 1390
3189 2 2 3 33 159 1654 1595
3190 2 2 3 33 187 1491 186
3191 2 2 3 33 1491 1647 186
3192 2 2 3 33 188 1530 187
3193 2 2 3 33 187 1530 1491
3194 2 2 3 33 189 1381 188
3195 2 2 3 33 1381 1530 188
3196 2 2 3 33 190 1540 189
3197 2 2 3 33 189 1540 1381
3198 2 2 3 33 191 1368 190
3199 2 2 3 33 1368 1540 190
3200 2 2 3 33 192 1527 191
3201 2 2 3 33 191 1527 1368
3202 2 2 3 33 193 1521 192
3203 2 2 3 33 1521 1527 192
3204 2 2 3 33 194 1375 193
3205 2 2 3 33 1375 1521 193
3206 2 2 3 33 195 1531 194
3207 2 2 3 33 194 1531 1375
3208 2 2 3 33 196 1382 195
3209 2 2 3 33 1382 1531 195
3210 2 2 3 33 197 1532 196
3211 2 2 3 33 196 1532 1382
3212 2 2 3 33 197 1651 1532
3213 2 2 3 33 211 1389 210
3214 2 2 3 33 1389 1654 210
3215 2 2 3 33 212 1667 211
3216 2 2 3 33 211 1667 1389
3217 2 2 3 33 213 1386 212
3218 2 2 3 33 1386 1594 212
3219 2 2 3 33 1594 1667 212
3220 2 2 3 33 214 1590 213
3221 2 2 3 33 213 1590 1386
3222 2 2 3 33 215 1379 214
3223 2 2 3 33 1379 1590 214
3224 2 2 3 33 216 1609 215
3225 2 2 3 33 215 1609 1379
3226 2 2 3 33 217 1539 216
3227 2 2 3 33 1539 1609 216
3228 2 2 3 33 218 1374 217
3229 2 2 3 33 1374 1539 217
3230 2 2 3 33 219 1655 218
3231 2 2 3 33 218 1655 1374
3232 2 2 3 33 220 1568 219
3233 2 2 3 33 1568 1655 219
3234 2 2 3 33 221 1373 220
3235 2 2 3 33 1373 1568 220
3236 2 2 3 33 222 1565 221
3237 2 2 3 33 221 1565 1373
3238 2 2 3 33 223 1628 222
3239 2 2 3 33 222 1628 1565
3240 2 2 3 33 224 1371 223
3241 2 2 3 33 1371 1628 223
3242 2 2 3 33 225 1553 224
3243 2 2 3 33 224 1553 1371
3244 2 2 3 33 226 1384 225
3245 2 2 3 33 1384 1553 225
3246 2 2 3 33 227 1545 226
3247 2 2 3 33 226 1545 1384
3248 2 2 3 33 228 1369 227
3249 2 2 3 33 1369 1545 227
3250 2 2 3 33 229 1543 228
3251 2 2 3 33 228 1543 1369
3252 2 2 3 33 230 1544 229
3253 2 2 3 33 229 1544 1543
3254 2 2 3 33 231 1377 230
3255 2 2 3 33 1377 1544 230
3256 2 2 3 33 232 1549 231
3257 2 2 3 33 231 1549 1377
3258 2 2 3 33 233 1387 232
3259 2 2 3 33 1387 1549 232
3260 2 2 3 33 234 1599 233
3261 2 2 3 33 233 1599 1387
3262 2 2 3 33 234 1647 1599
3263 2 2 3 33 1552 1634 1367
3264 2 2 3 33 1634 1666 1367
3265 2 2 3 33 1367 1666 1637
3266 2 2 3 33 1527 1528 1368
3267 2 2 3 33 1528 1529 1368
3268 2 2 3 33 1529 1540 1368
3269 2 2 3 33 1369 1625 1518
3270 2 2 3 33 1518 1643 1369
3271 2 2 3 33 1543 1625 1369
3272 2 2 3 33 1369 1643 1545
3273 2 2 3 33 1370 1636 1556
3274 2 2 3 33 1558 1559 1370
3275 2 2 3 33 1559 1636 1370
3276 2 2 3 33 1371 1554 1526
3277 2 2 3 33 1526 1628 1371
3278 2 2 3 33 1553 1554 1371
3279 2 2 3 33 1372 1661 1562
3280 2 2 3 33 1566 1635 1372
3281 2 2 3 33 1635 1661 1372
3282 2 2 3 33 1565 1646 1373
3283 2 2 3 33 1373 1620 1568
3284 2 2 3 33 1373 1646 1620
3285 2 2 3 33 1374 1536 1513
3286 2 2 3 33 1513 1539 1374
3287 2 2 3 33 1374 1537 1536
3288 2 2 3 33 1374 1655 1537
3289 2 2 3 33 1519 1520 1375
3290 2 2 3 33 1375 1531 1519
3291 2 2 3 33 1520 1521 1375
3292 2 2 3 33 1376 1575 1574
3293 2 2 3 33 1376 1576 1575
3294 2 2 3 33 1376 1584 1576
3295 2 2 3 33 1377 1549 1525
3296 2 2 3 33 1525 1630 1377
3297 2 2 3 33 1377 1630 1544
3298 2 2 3 33 1378 1644 1555
3299 2 2 3 33 1611 1644 1378
3300 2 2 3 33 1379 1591 1590
3301 2 2 3 33 1379 1653 1591
3302 2 2 3 33 1609 1653 1379
3303 2 2 3 33 1380 1621 1584
3304 2 2 3 33 1589 1614 1380
3305 2 2 3 33 1614 1621 1380
3306 2 2 3 33 1381 1648 1530
3307 2 2 3 33 1540 1627 1381
3308 2 2 3 33 1627 1648 1381
3309 2 2 3 33 1382 1605 1531
3310 2 2 3 33 1532 1533 1382
3311 2 2 3 33 1533 1605 1382
3312 2 2 3 33 1383 1562 1535
3313 2 2 3 33 1535 1631 1383
3314 2 2 3 33 1383 1631 1558
3315 2 2 3 33 1545 1546 1384
3316 2 2 3 33 1546 1547 1384
3317 2 2 3 33 1547 1553 1384
3318 2 2 3 33 1390 1391 1385
3319 2 2 3 33 1391 1392 1385
3320 2 2 3 33 1392 1589 1385
3321 2 2 3 33 1590 1638 1386
3322 2 2 3 33 1386 1660 1594
3323 2 2 3 33 1638 1660 1386
3324 2 2 3 33 1387 1649 1549
3325 2 2 3 33 1599 1613 1387
3326 2 2 3 33 1613 1649 1387
3327 2 2 3 33 1555 1641 1388
3328 2 2 3 33 1388 1664 1612
3329 2 2 3 33 1641 1664 1388
3330 2 2 3 33 1389 1594 1534
3331 2 2 3 33 1534 1595 1389
3332 2 2 3 33 1389 1667 1594
3333 2 2 3 33 1595 1654 1389
3334 2 2 3 33 1390 1534 1391
3335 2 2 3 33 1390 1595 1534
3336 2 2 3 33 1391 1393 1392
3337 2 2 3 33 1391 1593 1393
3338 2 2 3 33 1534 1593 1391
3339 2 2 3 33 1393 1394 1392
3340 2 2 3 33 1394 1614 1392
3341 2 2 3 33 1392 1614 1589
3342 2 2 3 33 1393 1395 1394
3343 2 2 3 33 1393 1506 1395
3344 2 2 3 33 1393 1593 1506
3345 2 2 3 33 1395 1396 1394
3346 2 2 3 33 1396 1485 1394
3347 2 2 3 33 1485 1614 1394
3348 2 2 3 33 1395 1397 1396
3349 2 2 3 33 1395 1617 1397
3350 2 2 3 33 1506 1617 1395
3351 2 2 3 33 1397 1398 1396
3352 2 2 3 33 1398 1588 1396
3353 2 2 3 33 1396 1588 1485
3354 2 2 3 33 1397 1399 1398
3355 2 2 3 33 1397 1486 1399
3356 2 2 3 33 1397 1617 1486
3357 2 2 3 33 1399 1400 1398
3358 2 2 3 33 1400 1401 1398
3359 2 2 3 33 1401 1588 1398
3360 2 2 3 33 1399 1592 1400
3361 2 2 3 33 1486 1487 1399
3362 2 2 3 33 1487 1592 1399
3363 2 2 3 33 1400 1402 1401
3364 2 2 3 33 1400 1403 1402
3365 2 2 3 33 1400 1592 1403
3366 2 2 3 33 1402 1583 1401
3367 2 2 3 33 1583 1650 1401
3368 2 2 3 33 1401 1650 1588
3369 2 2 3 33 1403 1404 1402
3370 2 2 3 33 1404 1405 1402
3371 2 2 3 33 1405 1583 1402
3372 2 2 3 33 1403 1581 1404
3373 2 2 3 33 1403 1604 1581
3374 2 2 3 33 1592 1604 1403
3375 2 2 3 33 1404 1406 1405
3376 2 2 3 33 1404 1407 1406
3377 2 2 3 33 1404 1581 1407
3378 2 2 3 33 1406 1499 1405
3379 2 2 3 33 1499 1500 1405
3380 2 2 3 33 1500 1583 1405
3381 2 2 3 33 1407 1408 1406
3382 2 2 3 33 1408 1571 1406
3383 2 2 3 33 1406 1571 1499
3384 2 2 3 33 1407 1409 1408
3385 2 2 3 33 1407 1440 1409
3386 2 2 3 33 1407 1581 1440
3387 2 2 3 33 1409 1410 1408
3388 2 2 3 33 1410 1411 1408
3389 2 2 3 33 1411 1571 1408
3390 2 2 3 33 1409 1434 1410
3391 2 2 3 33 1409 1624 1434
3392 2 2 3 33 1440 1624 1409
3393 2 2 3 33 1410 1412 1411
3394 2 2 3 33 1410 1572 1412
3395 2 2 3 33 1434 1572 1410
3396 2 2 3 33 1412 1413 1411
3397 2 2 3 33 1413 1435 1411
3398 2 2 3 33 1435 1571 1411
3399 2 2 3 33 1412 1414 1413
3400 2 2 3 33 1412 1415 1414
3401 2 2 3 33 1412 1572 1415
3402 2 2 3 33 1414 1561 1413
3403 2 2 3 33 1413 1439 1435
3404 2 2 3 33 1413 1561 1439
3405 2 2 3 33 1415 1416 1414
3406 2 2 3 33 1416 1417 1414
3407 2 2 3 33 1417 1561 1414
3408 2 2 3 33 1415 1560 1416
3409 2 2 3 33 1415 1596 1560
3410 2 2 3 33 1572 1596 1415
3411 2 2 3 33 1416 1418 1417
3412 2 2 3 33 1416 1419 1418
3413 2 2 3 33 1416 1560 1419
3414 2 2 3 33 1418 1474 1417
3415 2 2 3 33 1474 1475 1417
3416 2 2 3 33 1475 1561 1417
3417 2 2 3 33 1419 1420 1418
3418 2 2 3 33 1420 1557 1418
3419 2 2 3 33 1418 1557 1474
3420 2 2 3 33 1419 1421 1420
3421 2 2 3 33 1419 1432 1421
3422 2 2 3 33 1419 1560 1432
3423 2 2 3 33 1421 1422 1420
3424 2 2 3 33 1422 1423 1420
3425 2 2 3 33 1423 1557 1420
3426 2 2 3 33 1421 1579 1422
3427 2 2 3 33 1432 1433 1421
3428 2 2 3 33 1433 1579 1421
3429 2 2 3 33 1422 1424 1423
3430 2 2 3 33 1422 1425 1424
3431 2 2 3 33 1422 1579 1425
3432 2 2 3 33 1424 1426 1423
3433 2 2 3 33 1426 1431 1423
3434 2 2 3 33 1431 1557 1423
3435 2 2 3 33 1425 1550 1424
3436 2 2 3 33 1424 1427 1426
3437 2 2 3 33 1424 1550 1427
3438 2 2 3 33 1425 1608 1550
3439 2 2 3 33 1579 1607 1425
3440 2 2 3 33 1607 1608 1425
3441 2 2 3 33 1427 1428 1426
3442 2 2 3 33 1428 1548 1426
3443 2 2 3 33 1426 1548 1431
3444 2 2 3 33 1427 1429 1428
3445 2 2 3 33 1427 1436 1429
3446 2 2 3 33 1427 1550 1436
3447 2 2 3 33 1429 1430 1428
3448 2 2 3 33 1430 1441 1428
3449 2 2 3 33 1441 1548 1428
3450 2 2 3 33 1429 1563 1430
3451 2 2 3 33 1436 1437 1429
3452 2 2 3 33 1437 1563 1429
3453 2 2 3 33 1430 1444 1441
3454 2 2 3 33 1430 1445 1444
3455 2 2 3 33 1430 1563 1445
3456 2 2 3 33 1548 1601 1431
3457 2 2 3 33 1431 1570 1557
3458 2 2 3 33 1431 1601 1570
3459 2 2 3 33 1432 1442 1433
3460 2 2 3 33 1432 1573 1442
3461 2 2 3 33 1560 1573 1432
3462 2 2 3 33 1442 1443 1433
3463 2 2 3 33 1443 1483 1433
3464 2 2 3 33 1483 1579 1433
3465 2 2 3 33 1434 1597 1572
3466 2 2 3 33 1434 1619 1597
3467 2 2 3 33 1434 1624 1619
3468 2 2 3 33 1439 1446 1435
3469 2 2 3 33 1446 1585 1435
3470 2 2 3 33 1435 1585 1571
3471 2 2 3 33 1436 1438 1437
3472 2 2 3 33 1436 1551 1438
3473 2 2 3 33 1550 1551 1436
3474 2 2 3 33 1438 1447 1437
3475 2 2 3 33 1447 1497 1437
3476 2 2 3 33 1497 1563 1437
3477 2 2 3 33 1438 1448 1447
3478 2 2 3 33 1438 1449 1448
3479 2 2 3 33 1438 1551 1449
3480 2 2 3 33 1439 1453 1446
3481 2 2 3 33 1439 1586 1453
3482 2 2 3 33 1561 1586 1439
3483 2 2 3 33 1581 1616 1440
3484 2 2 3 33 1616 1639 1440
3485 2 2 3 33 1440 1639 1624
3486 2 2 3 33 1444 1454 1441
3487 2 2 3 33 1454 1477 1441
3488 2 2 3 33 1477 1548 1441
3489 2 2 3 33 1442 1460 1443
3490 2 2 3 33 1442 1461 1460
3491 2 2 3 33 1442 1573 1461
3492 2 2 3 33 1460 1462 1443
3493 2 2 3 33 1462 1623 1443
3494 2 2 3 33 1443 1623 1483
3495 2 2 3 33 1445 1458 1444
3496 2 2 3 33 1444 1542 1454
3497 2 2 3 33 1458 1542 1444
3498 2 2 3 33 1445 1459 1458
3499 2 2 3 33 1445 1564 1459
3500 2 2 3 33 1563 1564 1445
3501 2 2 3 33 1453 1470 1446
3502 2 2 3 33 1470 1471 1446
3503 2 2 3 33 1471 1585 1446
3504 2 2 3 33 1448 1569 1447
3505 2 2 3 33 1447 1498 1497
3506 2 2 3 33 1447 1569 1498
3507 2 2 3 33 1449 1450 1448
3508 2 2 3 33 1450 1467 1448
3509 2 2 3 33 1467 1569 1448
3510 2 2 3 33 1449 1451 1450
3511 2 2 3 33 1449 1567 1451
3512 2 2 3 33 1551 1567 1449
3513 2 2 3 33 1451 1452 1450
3514 2 2 3 33 1452 1580 1450
3515 2 2 3 33 1450 1580 1467
3516 2 2 3 33 1451 1455 1452
3517 2 2 3 33 1451 1456 1455
3518 2 2 3 33 1451 1567 1456
3519 2 2 3 33 1455 1465 1452
3520 2 2 3 33 1465 1466 1452
3521 2 2 3 33 1466 1580 1452
3522 2 2 3 33 1453 1494 1470
3523 2 2 3 33 1453 1602 1494
3524 2 2 3 33 1586 1602 1453
3525 2 2 3 33 1454 1478 1477
3526 2 2 3 33 1454 1479 1478
3527 2 2 3 33 1454 1542 1479
3528 2 2 3 33 1456 1457 1455
3529 2 2 3 33 1457 1582 1455
3530 2 2 3 33 1455 1582 1465
3531 2 2 3 33 1456 1463 1457
3532 2 2 3 33 1456 1501 1463
3533 2 2 3 33 1456 1567 1501
3534 2 2 3 33 1463 1484 1457
3535 2 2 3 33 1484 1495 1457
3536 2 2 3 33 1495 1582 1457
3537 2 2 3 33 1459 1464 1458
3538 2 2 3 33 1464 1496 1458
3539 2 2 3 33 1496 1542 1458
3540 2 2 3 33 1459 1468 1464
3541 2 2 3 33 1459 1469 1468
3542 2 2 3 33 1459 1564 1469
3543 2 2 3 33 1461 1472 1460
3544 2 2 3 33 1460 1632 1462
3545 2 2 3 33 1472 1632 1460
3546 2 2 3 33 1461 1473 1472
3547 2 2 3 33 1461 1480 1473
3548 2 2 3 33 1461 1573 1480
3549 2 2 3 33 1462 1632 1546
3550 2 2 3 33 1546 1633 1462
3551 2 2 3 33 1462 1633 1623
3552 2 2 3 33 1463 1507 1484
3553 2 2 3 33 1501 1618 1463
3554 2 2 3 33 1463 1618 1507
3555 2 2 3 33 1468 1502 1464
3556 2 2 3 33 1464 1541 1496
3557 2 2 3 33 1502 1541 1464
3558 2 2 3 33 1465 1509 1466
3559 2 2 3 33 1465 1525 1509
3560 2 2 3 33 1465 1582 1525
3561 2 2 3 33 1509 1510 1466
3562 2 2 3 33 1510 1517 1466
3563 2 2 3 33 1517 1580 1466
3564 2 2 3 33 1467 1659 1569
3565 2 2 3 33 1580 1656 1467
3566 2 2 3 33 1656 1659 1467
3567 2 2 3 33 1469 1519 1468
3568 2 2 3 33 1468 1605 1502
3569 2 2 3 33 1519 1605 1468
3570 2 2 3 33 1469 1520 1519
3571 2 2 3 33 1469 1600 1520
3572 2 2 3 33 1564 1600 1469
3573 2 2 3 33 1470 1515 1471
3574 2 2 3 33 1494 1535 1470
3575 2 2 3 33 1470 1535 1515
3576 2 2 3 33 1515 1516 1471
3577 2 2 3 33 1516 1606 1471
3578 2 2 3 33 1471 1606 1585
3579 2 2 3 33 1473 1629 1472
3580 2 2 3 33 1472 1554 1547
3581 2 2 3 33 1547 1632 1472
3582 2 2 3 33 1472 1629 1554
3583 2 2 3 33 1480 1488 1473
3584 2 2 3 33 1488 1489 1473
3585 2 2 3 33 1489 1629 1473
3586 2 2 3 33 1474 1476 1475
3587 2 2 3 33 1474 1570 1476
3588 2 2 3 33 1557 1570 1474
3589 2 2 3 33 1476 1481 1475
3590 2 2 3 33 1481 1586 1475
3591 2 2 3 33 1475 1586 1561
3592 2 2 3 33 1476 1482 1481
3593 2 2 3 33 1476 1503 1482
3594 2 2 3 33 1476 1570 1503
3595 2 2 3 33 1478 1610 1477
3596 2 2 3 33 1477 1601 1548
3597 2 2 3 33 1477 1610 1601
3598 2 2 3 33 1479 1522 1478
3599 2 2 3 33 1522 1523 1478
3600 2 2 3 33 1523 1610 1478
3601 2 2 3 33 1479 1524 1522
3602 2 2 3 33 1479 1587 1524
3603 2 2 3 33 1542 1587 1479
3604 2 2 3 33 1480 1597 1488
3605 2 2 3 33 1573 1596 1480
3606 2 2 3 33 1596 1597 1480
3607 2 2 3 33 1482 1492 1481
3608 2 2 3 33 1492 1602 1481
3609 2 2 3 33 1481 1602 1586
3610 2 2 3 33 1482 1493 1492
3611 2 2 3 33 1482 1615 1493
3612 2 2 3 33 1503 1615 1482
3613 2 2 3 33 1483 1607 1579
3614 2 2 3 33 1483 1618 1607
3615 2 2 3 33 1483 1623 1618
3616 2 2 3 33 1484 1625 1495
3617 2 2 3 33 1507 1518 1484
3618 2 2 3 33 1518 1625 1484
3619 2 2 3 33 1588 1640 1485
3620 2 2 3 33 1485 1621 1614
3621 2 2 3 33 1485 1640 1621
3622 2 2 3 33 1486 1508 1487
3623 2 2 3 33 1486 1653 1508
3624 2 2 3 33 1617 1653 1486
3625 2 2 3 33 1508 1513 1487
3626 2 2 3 33 1513 1514 1487
3627 2 2 3 33 1514 1592 1487
3628 2 2 3 33 1488 1490 1489
3629 2 2 3 33 1488 1619 1490
3630 2 2 3 33 1597 1619 1488
3631 2 2 3 33 1490 1504 1489
3632 2 2 3 33 1504 1526 1489
3633 2 2 3 33 1526 1629 1489
3634 2 2 3 33 1490 1505 1504
3635 2 2 3 33 1490 1511 1505
3636 2 2 3 33 1490 1619 1511
3637 2 2 3 33 1530 1652 1491
3638 2 2 3 33 1491 1613 1599
3639 2 2 3 33 1599 1647 1491
3640 2 2 3 33 1491 1652 1613
3641 2 2 3 33 1493 1636 1492
3642 2 2 3 33 1492 1636 1559
3643 2 2 3 33 1559 1658 1492
3644 2 2 3 33 1492 1658 1602
3645 2 2 3 33 1615 1665 1493
3646 2 2 3 33 1626 1636 1493
3647 2 2 3 33 1493 1665 1626
3648 2 2 3 33 1494 1631 1535
3649 2 2 3 33 1602 1658 1494
3650 2 2 3 33 1494 1658 1631
3651 2 2 3 33 1495 1630 1582
3652 2 2 3 33 1625 1662 1495
3653 2 2 3 33 1495 1662 1630
3654 2 2 3 33 1541 1644 1496
3655 2 2 3 33 1496 1587 1542
3656 2 2 3 33 1496 1644 1587
3657 2 2 3 33 1498 1600 1497
3658 2 2 3 33 1497 1564 1563
3659 2 2 3 33 1497 1600 1564
3660 2 2 3 33 1498 1569 1528
3661 2 2 3 33 1528 1603 1498
3662 2 2 3 33 1498 1603 1600
3663 2 2 3 33 1499 1606 1500
3664 2 2 3 33 1571 1585 1499
3665 2 2 3 33 1585 1606 1499
3666 2 2 3 33 1500 1642 1578
3667 2 2 3 33 1578 1657 1500
3668 2 2 3 33 1500 1657 1583
3669 2 2 3 33 1606 1642 1500
3670 2 2 3 33 1567 1608 1501
3671 2 2 3 33 1501 1608 1607
3672 2 2 3 33 1607 1618 1501
3673 2 2 3 33 1502 1605 1533
3674 2 2 3 33 1533 1641 1502
3675 2 2 3 33 1502 1641 1541
3676 2 2 3 33 1570 1601 1503
3677 2 2 3 33 1601 1610 1503
3678 2 2 3 33 1610 1615 1503
3679 2 2 3 33 1505 1646 1504
3680 2 2 3 33 1504 1565 1526
3681 2 2 3 33 1504 1646 1565
3682 2 2 3 33 1511 1512 1505
3683 2 2 3 33 1512 1620 1505
3684 2 2 3 33 1620 1646 1505
3685 2 2 3 33 1591 1617 1506
3686 2 2 3 33 1506 1638 1591
3687 2 2 3 33 1593 1660 1506
3688 2 2 3 33 1506 1660 1638
3689 2 2 3 33 1507 1633 1518
3690 2 2 3 33 1618 1623 1507
3691 2 2 3 33 1623 1633 1507
3692 2 2 3 33 1508 1539 1513
3693 2 2 3 33 1508 1609 1539
3694 2 2 3 33 1508 1653 1609
3695 2 2 3 33 1509 1613 1510
3696 2 2 3 33 1525 1649 1509
3697 2 2 3 33 1509 1649 1613
3698 2 2 3 33 1510 1648 1517
3699 2 2 3 33 1613 1652 1510
3700 2 2 3 33 1510 1652 1648
3701 2 2 3 33 1511 1639 1512
3702 2 2 3 33 1619 1624 1511
3703 2 2 3 33 1624 1639 1511
3704 2 2 3 33 1512 1622 1620
3705 2 2 3 33 1512 1645 1622
3706 2 2 3 33 1639 1645 1512
3707 2 2 3 33 1513 1536 1514
3708 2 2 3 33 1536 1538 1514
3709 2 2 3 33 1538 1604 1514
3710 2 2 3 33 1514 1604 1592
3711 2 2 3 33 1515 1635 1516
3712 2 2 3 33 1535 1661 1515
3713 2 2 3 33 1515 1661 1635
3714 2 2 3 33 1516 1635 1598
3715 2 2 3 33 1598 1642 1516
3716 2 2 3 33 1516 1642 1606
3717 2 2 3 33 1517 1656 1580
3718 2 2 3 33 1517 1648 1627
3719 2 2 3 33 1627 1656 1517
3720 2 2 3 33 1633 1643 1518
3721 2 2 3 33 1531 1605 1519
3722 2 2 3 33 1520 1603 1521
3723 2 2 3 33 1600 1603 1520
3724 2 2 3 33 1521 1603 1527
3725 2 2 3 33 1522 1634 1523
3726 2 2 3 33 1524 1666 1522
3727 2 2 3 33 1522 1666 1634
3728 2 2 3 33 1523 1615 1610
3729 2 2 3 33 1523 1665 1615
3730 2 2 3 33 1634 1665 1523
3731 2 2 3 33 1587 1611 1524
3732 2 2 3 33 1611 1637 1524
3733 2 2 3 33 1637 1666 1524
3734 2 2 3 33 1549 1649 1525
3735 2 2 3 33 1582 1630 1525
3736 2 2 3 33 1554 1629 1526
3737 2 2 3 33 1565 1628 1526
3738 2 2 3 33 1527 1603 1528
3739 2 2 3 33 1528 1659 1529
3740 2 2 3 33 1569 1659 1528
3741 2 2 3 33 1529 1627 1540
3742 2 2 3 33 1529 1656 1627
3743 2 2 3 33 1529 1659 1656
3744 2 2 3 33 1648 1652 1530
3745 2 2 3 33 1532 1664 1533
3746 2 2 3 33 1532 1651 1612
3747 2 2 3 33 1612 1664 1532
3748 2 2 3 33 1533 1664 1641
3749 2 2 3 33 1534 1594 1593
3750 2 2 3 33 1562 1661 1535
3751 2 2 3 33 1537 1663 1536
3752 2 2 3 33 1536 1663 1538
3753 2 2 3 33 1568 1622 1537
3754 2 2 3 33 1537 1655 1568
3755 2 2 3 33 1622 1663 1537
3756 2 2 3 33 1538 1616 1604
3757 2 2 3 33 1538 1645 1616
3758 2 2 3 33 1538 1663 1645
3759 2 2 3 33 1541 1641 1555
3760 2 2 3 33 1555 1644 1541
3761 2 2 3 33 1544 1662 1543
3762 2 2 3 33 1543 1662 1625
3763 2 2 3 33 1630 1662 1544
3764 2 2 3 33 1545 1643 1546
3765 2 2 3 33 1546 1632 1547
3766 2 2 3 33 1546 1643 1633
3767 2 2 3 33 1547 1554 1553
3768 2 2 3 33 1550 1608 1551
3769 2 2 3 33 1551 1608 1567
3770 2 2 3 33 1556 1626 1552
3771 2 2 3 33 1626 1634 1552
3772 2 2 3 33 1556 1636 1626
3773 2 2 3 33 1558 1631 1559
3774 2 2 3 33 1631 1658 1559
3775 2 2 3 33 1560 1596 1573
3776 2 2 3 33 1574 1598 1566
3777 2 2 3 33 1598 1635 1566
3778 2 2 3 33 1620 1622 1568
3779 2 2 3 33 1572 1597 1596
3780 2 2 3 33 1575 1598 1574
3781 2 2 3 33 1576 1577 1575
3782 2 2 3 33 1577 1578 1575
3783 2 2 3 33 1578 1598 1575
3784 2 2 3 33 1576 1640 1577
3785 2 2 3 33 1584 1621 1576
3786 2 2 3 33 1621 1640 1576
3787 2 2 3 33 1577 1657 1578
3788 2 2 3 33 1640 1650 1577
3789 2 2 3 33 1650 1657 1577
3790 2 2 3 33 1578 1642 1598
3791 2 2 3 33 1604 1616 1581
3792 2 2 3 33 1583 1657 1650
3793 2 2 3 33 1587 1644 1611
3794 2 2 3 33 1588 1650 1640
3795 2 2 3 33 1591 1638 1590
3796 2 2 3 33 1591 1653 1617
3797 2 2 3 33 1594 1660 1593
3798 2 2 3 33 1616 1645 1639
3799 2 2 3 33 1645 1663 1622
3800 2 2 3 33 1626 1665 1634
3801 2 2 3 34 183 1921 6
3802 2 2 3 34 6 1921 210
3803 2 2 3 34 7 1915 160
3804 2 2 3 34 198 1915 7
3805 2 2 3 34 8 1910 209
3806 2 2 3 34 234 1910 8
3807 2 2 3 34 235 1773 9
3808 2 2 3 34 9 1766 248
3809 2 2 3 34 9 1773 1766
3810 2 2 3 34 10 1672 242
3811 2 2 3 34 249 1785 10
3812 2 2 3 34 10 1785 1672
3813 2 2 3 34 243 1888 11
3814 2 2 3 34 11 1689 249
3815 2 2 3 34 11 1888 1689
3816 2 2 3 34 160 1911 161
3817 2 2 3 34 160 1915 1911
3818 2 2 3 34 161 1893 162
3819 2 2 3 34 161 1911 1893
3820 2 2 3 34 162 1685 163
3821 2 2 3 34 162 1893 1685
3822 2 2 3 34 163 1834 164
3823 2 2 3 34 1685 1834 163
3824 2 2 3 34 164 1671 165
3825 2 2 3 34 164 1834 1671
3826 2 2 3 34 165 1923 166
3827 2 2 3 34 1671 1923 165
3828 2 2 3 34 166 1916 167
3829 2 2 3 34 1827 1916 166
3830 2 2 3 34 166 1923 1827
3831 2 2 3 34 167 1676 168
3832 2 2 3 34 167 1916 1676
3833 2 2 3 34 168 1877 169
3834 2 2 3 34 1676 1877 168
3835 2 2 3 34 169 1823 170
3836 2 2 3 34 169 1877 1823
3837 2 2 3 34 170 1679 171
3838 2 2 3 34 170 1823 1679
3839 2 2 3 34 171 1924 172
3840 2 2 3 34 1679 1924 171
3841 2 2 3 34 172 1686 173
3842 2 2 3 34 172 1924 1686
3843 2 2 3 34 173 1839 174
3844 2 2 3 34 1686 1839 173
3845 2 2 3 34 174 1678 175
3846 2 2 3 34 174 1839 1678
3847 2 2 3 34 175 1845 176
3848 2 2 3 34 1678 1845 175
3849 2 2 3 34 176 1853 177
3850 2 2 3 34 1845 1853 176
3851 2 2 3 34 177 1669 178
3852 2 2 3 34 177 1853 1669
3853 2 2 3 34 178 1857 179
3854 2 2 3 34 1669 1857 178
3855 2 2 3 34 179 1680 180
3856 2 2 3 34 179 1857 1680
3857 2 2 3 34 180 1865 181
3858 2 2 3 34 1680 1865 180
3859 2 2 3 34 181 1690 182
3860 2 2 3 34 181 1865 1690
3861 2 2 3 34 182 1889 183
3862 2 2 3 34 1690 1889 182
3863 2 2 3 34 1889 1921 183
3864 2 2 3 34 199 1692 198
3865 2 2 3 34 1692 1915 198
3866 2 2 3 34 200 1810 199
3867 2 2 3 34 199 1810 1692
3868 2 2 3 34 201 1684 200
3869 2 2 3 34 1684 1810 200
3870 2 2 3 34 202 1816 201
3871 2 2 3 34 201 1816 1684
3872 2 2 3 34 203 1670 202
3873 2 2 3 34 1670 1816 202
3874 2 2 3 34 204 1919 203
3875 2 2 3 34 203 1919 1670
3876 2 2 3 34 205 1894 204
3877 2 2 3 34 1894 1919 204
3878 2 2 3 34 206 1675 205
3879 2 2 3 34 1675 1894 205
3880 2 2 3 34 207 1808 206
3881 2 2 3 34 206 1808 1675
3882 2 2 3 34 208 1683 207
3883 2 2 3 34 1683 1808 207
3884 2 2 3 34 209 1805 208
3885 2 2 3 34 208 1805 1683
3886 2 2 3 34 209 1910 1805
3887 2 2 3 34 210 1775 211
3888 2 2 3 34 210 1921 1775
3889 2 2 3 34 211 1928 212
3890 2 2 3 34 1775 1928 211
3891 2 2 3 34 212 1687 213
3892 2 2 3 34 212 1928 1687
3893 2 2 3 34 213 1934 214
3894 2 2 3 34 1687 1934 213
3895 2 2 3 34 214 1855 215
3896 2 2 3 34 214 1934 1855
3897 2 2 3 34 215 1674 216
3898 2 2 3 34 215 1855 1674
3899 2 2 3 34 216 1884 217
3900 2 2 3 34 1674 1884 216
3901 2 2 3 34 217 1905 218
3902 2 2 3 34 1884 1905 217
3903 2 2 3 34 218 1682 219
3904 2 2 3 34 218 1905 1682
3905 2 2 3 34 219 1846 220
3906 2 2 3 34 1682 1846 219
3907 2 2 3 34 220 1778 221
3908 2 2 3 34 220 1846 1778
3909 2 2 3 34 221 1900 222
3910 2 2 3 34 1778 1900 221
3911 2 2 3 34 244 223 222
3912 2 2 3 34 222 1900 244
3913 2 2 3 34 224 223 245
3914 2 2 3 34 245 223 244
3915 2 2 3 34 224 246 225
3916 2 2 3 34 224 245 246
3917 2 2 3 34 225 1932 226
3918 2 2 3 34 225 246 247
3919 2 2 3 34 247 1932 225
3920 2 2 3 34 226 1904 227
3921 2 2 3 34 226 1932 1904
3922 2 2 3 34 227 1879 228
3923 2 2 3 34 227 1904 1879
3924 2 2 3 34 228 1688 229
3925 2 2 3 34 228 1879 1688
3926 2 2 3 34 229 1829 230
3927 2 2 3 34 1688 1829 229
3928 2 2 3 34 230 1681 231
3929 2 2 3 34 230 1829 1681
3930 2 2 3 34 231 1832 232
3931 2 2 3 34 1681 1832 231
3932 2 2 3 34 232 1691 233
3933 2 2 3 34 232 1832 1691
3934 2 2 3 34 233 1833 234
3935 2 2 3 34 1691 1833 233
3936 2 2 3 34 1833 1910 234
3937 2 2 3 34 236 1673 235
3938 2 2 3 34 1673 1773 235
3939 2 2 3 34 237 1768 236
3940 2 2 3 34 236 1768 1673
3941 2 2 3 34 238 1668 237
3942 2 2 3 34 1668 1929 237
3943 2 2 3 34 237 1929 1768
3944 2 2 3 34 239 1756 238
3945 2 2 3 34 238 1756 1668
3946 2 2 3 34 240 1938 239
3947 2 2 3 34 239 1938 1756
3948 2 2 3 34 241 1677 240
3949 2 2 3 34 1677 1693 240
3950 2 2 3 34 1693 1938 240
3951 2 2 3 34 242 1760 241
3952 2 2 3 34 241 1913 1677
3953 2 2 3 34 1760 1913 241
3954 2 2 3 34 1672 1760 242
3955 2 2 3 34 244 1900 243
3956 2 2 3 34 243 1900 1888
3957 2 2 3 34 248 1932 247
3958 2 2 3 34 1766 1904 248
3959 2 2 3 34 1904 1932 248
3960 2 2 3 34 1689 1785 249
3961 2 2 3 34 1756 1757 1668
3962 2 2 3 34 1757 1811 1668
3963 2 2 3 34 1811 1929 1668
3964 2 2 3 34 1853 1859 1669
3965 2 2 3 34 1669 1858 1857
3966 2 2 3 34 1669 1859 1858
3967 2 2 3 34 1788 1816 1670
3968 2 2 3 34 1670 1835 1788
3969 2 2 3 34 1791 1835 1670
3970 2 2 3 34 1670 1919 1791
3971 2 2 3 34 1671 1896 1826
3972 2 2 3 34 1826 1923 1671
3973 2 2 3 34 1834 1896 1671
3974 2 2 3 34 1672 1774 1760
3975 2 2 3 34 1672 1930 1774
3976 2 2 3 34 1785 1930 1672
3977 2 2 3 34 1768 1769 1673
3978 2 2 3 34 1769 1770 1673
3979 2 2 3 34 1770 1912 1673
3980 2 2 3 34 1673 1912 1773
3981 2 2 3 34 1674 1792 1789
3982 2 2 3 34 1789 1884 1674
3983 2 2 3 34 1674 1855 1792
3984 2 2 3 34 1675 1869 1781
3985 2 2 3 34 1781 1894 1675
3986 2 2 3 34 1808 1917 1675
3987 2 2 3 34 1675 1917 1869
3988 2 2 3 34 1676 1895 1877
3989 2 2 3 34 1676 1899 1895
3990 2 2 3 34 1676 1916 1899
3991 2 2 3 34 1677 1694 1693
3992 2 2 3 34 1677 1809 1694
3993 2 2 3 34 1677 1913 1809
3994 2 2 3 34 1839 1840 1678
3995 2 2 3 34 1840 1841 1678
3996 2 2 3 34 1841 1845 1678
3997 2 2 3 34 1679 1822 1820
3998 2 2 3 34 1820 1825 1679
3999 2 2 3 34 1679 1823 1822
4000 2 2 3 34 1825 1924 1679
4001 2 2 3 34 1857 1882 1680
4002 2 2 3 34 1680 1898 1865
4003 2 2 3 34 1882 1898 1680
4004 2 2 3 34 1829 1850 1681
4005 2 2 3 34 1681 1937 1832
4006 2 2 3 34 1850 1937 1681
4007 2 2 3 34 1682 1847 1846
4008 2 2 3 34 1682 1926 1847
4009 2 2 3 34 1905 1926 1682
4010 2 2 3 34 1805 1806 1683
4011 2 2 3 34 1806 1891 1683
4012 2 2 3 34 1683 1891 1808
4013 2 2 3 34 1684 1907 1810
4014 2 2 3 34 1816 1892 1684
4015 2 2 3 34 1892 1907 1684
4016 2 2 3 34 1804 1885 1685
4017 2 2 3 34 1685 1893 1804
4018 2 2 3 34 1685 1925 1834
4019 2 2 3 34 1885 1925 1685
4020 2 2 3 34 1825 1914 1686
4021 2 2 3 34 1686 1924 1825
4022 2 2 3 34 1686 1902 1839
4023 2 2 3 34 1686 1914 1902
4024 2 2 3 34 1687 1927 1801
4025 2 2 3 34 1801 1934 1687
4026 2 2 3 34 1803 1927 1687
4027 2 2 3 34 1687 1928 1803
4028 2 2 3 34 1688 1830 1829
4029 2 2 3 34 1688 1935 1830
4030 2 2 3 34 1879 1935 1688
4031 2 2 3 34 1689 1887 1785
4032 2 2 3 34 1874 1887 1689
4033 2 2 3 34 1689 1888 1874
4034 2 2 3 34 1690 1909 1802
4035 2 2 3 34 1802 1936 1690
4036 2 2 3 34 1865 1909 1690
4037 2 2 3 34 1690 1936 1889
4038 2 2 3 34 1832 1922 1691
4039 2 2 3 34 1691 1918 1833
4040 2 2 3 34 1691 1922 1918
4041 2 2 3 34 1810 1933 1692
4042 2 2 3 34 1815 1911 1692
4043 2 2 3 34 1692 1933 1815
4044 2 2 3 34 1911 1915 1692
4045 2 2 3 34 1694 1695 1693
4046 2 2 3 34 1695 1890 1693
4047 2 2 3 34 1890 1938 1693
4048 2 2 3 34 1694 1696 1695
4049 2 2 3 34 1694 1697 1696
4050 2 2 3 34 1694 1809 1697
4051 2 2 3 34 1696 1698 1695
4052 2 2 3 34 1698 1699 1695
4053 2 2 3 34 1699 1890 1695
4054 2 2 3 34 1697 1718 1696
4055 2 2 3 34 1696 1817 1698
4056 2 2 3 34 1718 1817 1696
4057 2 2 3 34 1697 1719 1718
4058 2 2 3 34 1697 1720 1719
4059 2 2 3 34 1697 1809 1720
4060 2 2 3 34 1698 1700 1699
4061 2 2 3 34 1698 1854 1700
4062 2 2 3 34 1817 1854 1698
4063 2 2 3 34 1700 1701 1699
4064 2 2 3 34 1701 1814 1699
4065 2 2 3 34 1814 1890 1699
4066 2 2 3 34 1700 1702 1701
4067 2 2 3 34 1700 1732 1702
4068 2 2 3 34 1700 1854 1732
4069 2 2 3 34 1702 1703 1701
4070 2 2 3 34 1703 1880 1701
4071 2 2 3 34 1701 1880 1814
4072 2 2 3 34 1702 1704 1703
4073 2 2 3 34 1702 1828 1704
4074 2 2 3 34 1732 1828 1702
4075 2 2 3 34 1704 1705 1703
4076 2 2 3 34 1705 1706 1703
4077 2 2 3 34 1706 1880 1703
4078 2 2 3 34 1704 1717 1705
4079 2 2 3 34 1704 1743 1717
4080 2 2 3 34 1704 1828 1743
4081 2 2 3 34 1705 1707 1706
4082 2 2 3 34 1705 1831 1707
4083 2 2 3 34 1717 1831 1705
4084 2 2 3 34 1707 1708 1706
4085 2 2 3 34 1708 1813 1706
4086 2 2 3 34 1813 1880 1706
4087 2 2 3 34 1707 1709 1708
4088 2 2 3 34 1707 1710 1709
4089 2 2 3 34 1707 1831 1710
4090 2 2 3 34 1709 1711 1708
4091 2 2 3 34 1711 1755 1708
4092 2 2 3 34 1755 1813 1708
4093 2 2 3 34 1710 1836 1709
4094 2 2 3 34 1709 1712 1711
4095 2 2 3 34 1709 1836 1712
4096 2 2 3 34 1831 1864 1710
4097 2 2 3 34 1710 1837 1836
4098 2 2 3 34 1710 1864 1837
4099 2 2 3 34 1712 1713 1711
4100 2 2 3 34 1713 1812 1711
4101 2 2 3 34 1711 1812 1755
4102 2 2 3 34 1712 1714 1713
4103 2 2 3 34 1712 1716 1714
4104 2 2 3 34 1712 1836 1716
4105 2 2 3 34 1714 1715 1713
4106 2 2 3 34 1715 1734 1713
4107 2 2 3 34 1734 1812 1713
4108 2 2 3 34 1714 1848 1715
4109 2 2 3 34 1716 1733 1714
4110 2 2 3 34 1733 1848 1714
4111 2 2 3 34 1715 1735 1734
4112 2 2 3 34 1715 1736 1735
4113 2 2 3 34 1715 1848 1736
4114 2 2 3 34 1716 1744 1733
4115 2 2 3 34 1716 1751 1744
4116 2 2 3 34 1716 1836 1751
4117 2 2 3 34 1743 1749 1717
4118 2 2 3 34 1749 1754 1717
4119 2 2 3 34 1754 1831 1717
4120 2 2 3 34 1719 1838 1718
4121 2 2 3 34 1718 1818 1817
4122 2 2 3 34 1718 1838 1818
4123 2 2 3 34 1720 1721 1719
4124 2 2 3 34 1721 1740 1719
4125 2 2 3 34 1740 1838 1719
4126 2 2 3 34 1720 1722 1721
4127 2 2 3 34 1720 1807 1722
4128 2 2 3 34 1720 1809 1807
4129 2 2 3 34 1722 1723 1721
4130 2 2 3 34 1723 1886 1721
4131 2 2 3 34 1721 1886 1740
4132 2 2 3 34 1722 1724 1723
4133 2 2 3 34 1722 1897 1724
4134 2 2 3 34 1807 1897 1722
4135 2 2 3 34 1724 1725 1723
4136 2 2 3 34 1725 1878 1723
4137 2 2 3 34 1878 1886 1723
4138 2 2 3 34 1724 1726 1725
4139 2 2 3 34 1724 1856 1726
4140 2 2 3 34 1724 1897 1856
4141 2 2 3 34 1726 1727 1725
4142 2 2 3 34 1727 1731 1725
4143 2 2 3 34 1731 1878 1725
4144 2 2 3 34 1726 1728 1727
4145 2 2 3 34 1726 1730 1728
4146 2 2 3 34 1726 1856 1730
4147 2 2 3 34 1728 1729 1727
4148 2 2 3 34 1729 1901 1727
4149 2 2 3 34 1727 1901 1731
4150 2 2 3 34 1728 1863 1729
4151 2 2 3 34 1730 1739 1728
4152 2 2 3 34 1739 1863 1728
4153 2 2 3 34 1863 1875 1729
4154 2 2 3 34 1729 1875 1866
4155 2 2 3 34 1866 1901 1729
4156 2 2 3 34 1730 1742 1739
4157 2 2 3 34 1730 1758 1742
4158 2 2 3 34 1730 1856 1758
4159 2 2 3 34 1731 1873 1843
4160 2 2 3 34 1843 1878 1731
4161 2 2 3 34 1731 1901 1873
4162 2 2 3 34 1732 1870 1828
4163 2 2 3 34 1854 1871 1732
4164 2 2 3 34 1732 1871 1870
4165 2 2 3 34 1744 1745 1733
4166 2 2 3 34 1745 1746 1733
4167 2 2 3 34 1746 1848 1733
4168 2 2 3 34 1735 1931 1734
4169 2 2 3 34 1787 1908 1734
4170 2 2 3 34 1734 1931 1787
4171 2 2 3 34 1734 1908 1812
4172 2 2 3 34 1736 1737 1735
4173 2 2 3 34 1737 1738 1735
4174 2 2 3 34 1738 1931 1735
4175 2 2 3 34 1736 1741 1737
4176 2 2 3 34 1736 1868 1741
4177 2 2 3 34 1848 1868 1736
4178 2 2 3 34 1737 1849 1738
4179 2 2 3 34 1741 1747 1737
4180 2 2 3 34 1747 1849 1737
4181 2 2 3 34 1849 1851 1738
4182 2 2 3 34 1851 1881 1738
4183 2 2 3 34 1881 1931 1738
4184 2 2 3 34 1742 1748 1739
4185 2 2 3 34 1748 1750 1739
4186 2 2 3 34 1750 1863 1739
4187 2 2 3 34 1740 1872 1838
4188 2 2 3 34 1740 1906 1872
4189 2 2 3 34 1886 1906 1740
4190 2 2 3 34 1741 1771 1747
4191 2 2 3 34 1741 1779 1771
4192 2 2 3 34 1741 1868 1779
4193 2 2 3 34 1742 1862 1748
4194 2 2 3 34 1758 1759 1742
4195 2 2 3 34 1759 1862 1742
4196 2 2 3 34 1743 1763 1749
4197 2 2 3 34 1743 1772 1763
4198 2 2 3 34 1743 1828 1772
4199 2 2 3 34 1744 1835 1745
4200 2 2 3 34 1751 1752 1744
4201 2 2 3 34 1752 1835 1744
4202 2 2 3 34 1745 1781 1746
4203 2 2 3 34 1745 1791 1781
4204 2 2 3 34 1745 1835 1791
4205 2 2 3 34 1781 1869 1746
4206 2 2 3 34 1746 1868 1848
4207 2 2 3 34 1746 1869 1868
4208 2 2 3 34 1771 1782 1747
4209 2 2 3 34 1782 1783 1747
4210 2 2 3 34 1783 1849 1747
4211 2 2 3 34 1748 1789 1750
4212 2 2 3 34 1748 1790 1789
4213 2 2 3 34 1748 1862 1790
4214 2 2 3 34 1749 1761 1754
4215 2 2 3 34 1749 1826 1761
4216 2 2 3 34 1763 1826 1749
4217 2 2 3 34 1789 1792 1750
4218 2 2 3 34 1792 1793 1750
4219 2 2 3 34 1793 1863 1750
4220 2 2 3 34 1751 1753 1752
4221 2 2 3 34 1751 1837 1753
4222 2 2 3 34 1836 1837 1751
4223 2 2 3 34 1753 1764 1752
4224 2 2 3 34 1764 1788 1752
4225 2 2 3 34 1788 1835 1752
4226 2 2 3 34 1753 1765 1764
4227 2 2 3 34 1753 1876 1765
4228 2 2 3 34 1837 1876 1753
4229 2 2 3 34 1761 1762 1754
4230 2 2 3 34 1762 1864 1754
4231 2 2 3 34 1754 1864 1831
4232 2 2 3 34 1786 1811 1755
4233 2 2 3 34 1755 1812 1786
4234 2 2 3 34 1811 1813 1755
4235 2 2 3 34 1756 1814 1757
4236 2 2 3 34 1756 1890 1814
4237 2 2 3 34 1756 1938 1890
4238 2 2 3 34 1757 1813 1811
4239 2 2 3 34 1757 1880 1813
4240 2 2 3 34 1814 1880 1757
4241 2 2 3 34 1758 1903 1759
4242 2 2 3 34 1856 1920 1758
4243 2 2 3 34 1758 1920 1903
4244 2 2 3 34 1847 1862 1759
4245 2 2 3 34 1759 1887 1847
4246 2 2 3 34 1759 1903 1887
4247 2 2 3 34 1774 1807 1760
4248 2 2 3 34 1807 1913 1760
4249 2 2 3 34 1761 1767 1762
4250 2 2 3 34 1761 1896 1767
4251 2 2 3 34 1826 1896 1761
4252 2 2 3 34 1767 1883 1762
4253 2 2 3 34 1762 1876 1864
4254 2 2 3 34 1762 1883 1876
4255 2 2 3 34 1772 1899 1763
4256 2 2 3 34 1763 1827 1826
4257 2 2 3 34 1763 1899 1827
4258 2 2 3 34 1765 1776 1764
4259 2 2 3 34 1776 1892 1764
4260 2 2 3 34 1764 1892 1788
4261 2 2 3 34 1765 1777 1776
4262 2 2 3 34 1765 1883 1777
4263 2 2 3 34 1876 1883 1765
4264 2 2 3 34 1773 1784 1766
4265 2 2 3 34 1784 1879 1766
4266 2 2 3 34 1879 1904 1766
4267 2 2 3 34 1767 1885 1883
4268 2 2 3 34 1767 1925 1885
4269 2 2 3 34 1896 1925 1767
4270 2 2 3 34 1768 1786 1769
4271 2 2 3 34 1768 1929 1786
4272 2 2 3 34 1769 1787 1770
4273 2 2 3 34 1786 1908 1769
4274 2 2 3 34 1769 1908 1787
4275 2 2 3 34 1787 1881 1770
4276 2 2 3 34 1770 1881 1852
4277 2 2 3 34 1852 1912 1770
4278 2 2 3 34 1779 1891 1771
4279 2 2 3 34 1771 1806 1782
4280 2 2 3 34 1771 1891 1806
4281 2 2 3 34 1828 1870 1772
4282 2 2 3 34 1870 1895 1772
4283 2 2 3 34 1895 1899 1772
4284 2 2 3 34 1773 1912 1784
4285 2 2 3 34 1774 1897 1807
4286 2 2 3 34 1774 1920 1897
4287 2 2 3 34 1774 1930 1920
4288 2 2 3 34 1803 1928 1775
4289 2 2 3 34 1775 1936 1803
4290 2 2 3 34 1775 1921 1889
4291 2 2 3 34 1889 1936 1775
4292 2 2 3 34 1777 1780 1776
4293 2 2 3 34 1780 1907 1776
4294 2 2 3 34 1776 1907 1892
4295 2 2 3 34 1777 1804 1780
4296 2 2 3 34 1777 1885 1804
4297 2 2 3 34 1883 1885 1777
4298 2 2 3 34 1846 1874 1778
4299 2 2 3 34 1874 1888 1778
4300 2 2 3 34 1888 1900 1778
4301 2 2 3 34 1868 1869 1779
4302 2 2 3 34 1869 1917 1779
4303 2 2 3 34 1779 1917 1891
4304 2 2 3 34 1804 1815 1780
4305 2 2 3 34 1815 1933 1780
4306 2 2 3 34 1780 1933 1907
4307 2 2 3 34 1791 1894 1781
4308 2 2 3 34 1782 1922 1783
4309 2 2 3 34 1806 1918 1782
4310 2 2 3 34 1918 1922 1782
4311 2 2 3 34 1783 1850 1849
4312 2 2 3 34 1783 1937 1850
4313 2 2 3 34 1922 1937 1783
4314 2 2 3 34 1784 1912 1852
4315 2 2 3 34 1852 1935 1784
4316 2 2 3 34 1784 1935 1879
4317 2 2 3 34 1887 1903 1785
4318 2 2 3 34 1903 1930 1785
4319 2 2 3 34 1786 1929 1811
4320 2 2 3 34 1812 1908 1786
4321 2 2 3 34 1787 1931 1881
4322 2 2 3 34 1788 1892 1816
4323 2 2 3 34 1790 1884 1789
4324 2 2 3 34 1862 1926 1790
4325 2 2 3 34 1790 1905 1884
4326 2 2 3 34 1790 1926 1905
4327 2 2 3 34 1791 1919 1894
4328 2 2 3 34 1792 1794 1793
4329 2 2 3 34 1792 1855 1794
4330 2 2 3 34 1794 1795 1793
4331 2 2 3 34 1795 1875 1793
4332 2 2 3 34 1793 1875 1863
4333 2 2 3 34 1794 1796 1795
4334 2 2 3 34 1794 1801 1796
4335 2 2 3 34 1794 1855 1801
4336 2 2 3 34 1796 1797 1795
4337 2 2 3 34 1797 1799 1795
4338 2 2 3 34 1799 1875 1795
4339 2 2 3 34 1796 1798 1797
4340 2 2 3 34 1796 1927 1798
4341 2 2 3 34 1801 1927 1796
4342 2 2 3 34 1798 1800 1797
4343 2 2 3 34 1797 1867 1799
4344 2 2 3 34 1800 1867 1797
4345 2 2 3 34 1798 1802 1800
4346 2 2 3 34 1798 1803 1802
4347 2 2 3 34 1798 1927 1803
4348 2 2 3 34 1861 1866 1799
4349 2 2 3 34 1799 1867 1861
4350 2 2 3 34 1866 1875 1799
4351 2 2 3 34 1802 1909 1800
4352 2 2 3 34 1800 1898 1867
4353 2 2 3 34 1800 1909 1898
4354 2 2 3 34 1855 1934 1801
4355 2 2 3 34 1803 1936 1802
4356 2 2 3 34 1804 1893 1815
4357 2 2 3 34 1805 1833 1806
4358 2 2 3 34 1805 1910 1833
4359 2 2 3 34 1833 1918 1806
4360 2 2 3 34 1809 1913 1807
4361 2 2 3 34 1891 1917 1808
4362 2 2 3 34 1907 1933 1810
4363 2 2 3 34 1893 1911 1815
4364 2 2 3 34 1818 1819 1817
4365 2 2 3 34 1819 1854 1817
4366 2 2 3 34 1818 1820 1819
4367 2 2 3 34 1818 1821 1820
4368 2 2 3 34 1818 1838 1821
4369 2 2 3 34 1820 1822 1819
4370 2 2 3 34 1822 1871 1819
4371 2 2 3 34 1819 1871 1854
4372 2 2 3 34 1821 1825 1820
4373 2 2 3 34 1821 1914 1825
4374 2 2 3 34 1838 1872 1821
4375 2 2 3 34 1872 1914 1821
4376 2 2 3 34 1823 1824 1822
4377 2 2 3 34 1824 1871 1822
4378 2 2 3 34 1823 1877 1824
4379 2 2 3 34 1870 1871 1824
4380 2 2 3 34 1824 1895 1870
4381 2 2 3 34 1877 1895 1824
4382 2 2 3 34 1827 1923 1826
4383 2 2 3 34 1899 1916 1827
4384 2 2 3 34 1830 1850 1829
4385 2 2 3 34 1830 1851 1850
4386 2 2 3 34 1830 1852 1851
4387 2 2 3 34 1830 1935 1852
4388 2 2 3 34 1832 1937 1922
4389 2 2 3 34 1834 1925 1896
4390 2 2 3 34 1864 1876 1837
4391 2 2 3 34 1839 1902 1840
4392 2 2 3 34 1840 1842 1841
4393 2 2 3 34 1840 1906 1842
4394 2 2 3 34 1902 1906 1840
4395 2 2 3 34 1842 1843 1841
4396 2 2 3 34 1843 1844 1841
4397 2 2 3 34 1844 1845 1841
4398 2 2 3 34 1842 1878 1843
4399 2 2 3 34 1842 1886 1878
4400 2 2 3 34 1842 1906 1886
4401 2 2 3 34 1843 1873 1844
4402 2 2 3 34 1844 1853 1845
4403 2 2 3 34 1844 1859 1853
4404 2 2 3 34 1844 1873 1859
4405 2 2 3 34 1847 1874 1846
4406 2 2 3 34 1847 1926 1862
4407 2 2 3 34 1847 1887 1874
4408 2 2 3 34 1850 1851 1849
4409 2 2 3 34 1852 1881 1851
4410 2 2 3 34 1897 1920 1856
4411 2 2 3 34 1858 1882 1857
4412 2 2 3 34 1859 1860 1858
4413 2 2 3 34 1860 1861 1858
4414 2 2 3 34 1861 1882 1858
4415 2 2 3 34 1859 1873 1860
4416 2 2 3 34 1860 1866 1861
4417 2 2 3 34 1860 1901 1866
4418 2 2 3 34 1873 1901 1860
4419 2 2 3 34 1867 1882 1861
4420 2 2 3 34 1898 1909 1865
4421 2 2 3 34 1867 1898 1882
4422 2 2 3 34 1872 1906 1902
4423 2 2 3 34 1902 1914 1872
4424 2 2 3 34 1920 1930 1903
4425 2 2 3 35 9 1956 235
4426 2 2 3 35 9 235 1956
4427 2 2 3 35 254 1956 9
4428 2 2 3 35 254 9 1956
4429 2 2 3 35 242 1940 10
4430 2 2 3 35 242 10 1940
4431 2 2 3 35 10 1957 249
4432 2 2 3 35 10 249 1957
4433 2 2 3 35 1940 1957 10
4434 2 2 3 35 1940 10 1957
4435 2 2 3 35 249 1944 11
4436 2 2 3 35 249 11 1944
4437 2 2 3 35 11 1944 250
4438 2 2 3 35 11 250 1944
4439 2 2 3 35 235 1951 236
4440 2 2 3 35 235 236 1951
4441 2 2 3 35 235 1956 1951
4442 2 2 3 35 235 1951 1956
4443 2 2 3 35 236 1942 237
4444 2 2 3 35 236 237 1942
4445 2 2 3 35 236 1951 1942
4446 2 2 3 35 236 1942 1951
4447 2 2 3 35 237 1952 238
4448 2 2 3 35 237 238 1952
4449 2 2 3 35 1942 1952 237
4450 2 2 3 35 1942 237 1952
4451 2 2 3 35 238 1953 239
4452 2 2 3 35 238 239 1953
4453 2 2 3 35 1952 1953 238
4454 2 2 3 35 1952 238 1953
4455 2 2 3 35 239 1939 240
4456 2 2 3 35 239 240 1939
4457 2 2 3 35 239 1953 1939
4458 2 2 3 35 239 1939 1953
4459 2 2 3 35 240 1960 241
4460 2 2 3 35 240 241 1960
4461 2 2 3 35 1939 1960 240
4462 2 2 3 35 1939 240 1960
4463 2 2 3 35 241 1954 242
4464 2 2 3 35 241 242 1954
4465 2 2 3 35 241 1960 1954
4466 2 2 3 35 241 1954 1960
4467 2 2 3 35 242 1954 1940
4468 2 2 3 35 242 1940 1954
4469 2 2 3 35 249 1957 1944
4470 2 2 3 35 249 1944 1957
4471 2 2 3 35 250 1943 251
4472 2 2 3 35 250 251 1943
4473 2 2 3 35 250 1944 1943
4474 2 2 3 35 250 1943 1944
4475 2 2 3 35 251 1945 252
4476 2 2 3 35 251 252 1945
4477 2 2 3 35 1943 1945 251
4478 2 2 3 35 1943 251 1945
4479 2 2 3 35 252 1941 253
4480 2 2 3 35 252 253 1941
4481 2 2 3 35 252 1945 1941
4482 2 2 3 35 252 1941 1945
4483 2 2 3 35 253 1950 254
4484 2 2 3 35 253 254 1950
4485 2 2 3 35 1941 1950 253
4486 2 2 3 35 1941 253 1950
4487 2 2 3 35 1950 1956 254
4488 2 2 3 35 1950 254 1956
4489 2 2 3 35 1953 1959 1939
4490 2 2 3 35 1953 1939 1959
4491 2 2 3 35 1939 1959 1958
4492 2 2 3 35 1939 1958 1959
4493 2 2 3 35 1958 1960 1939
4494 2 2 3 35 1958 1939 1960
4495 2 2 3 35 1949 1955 1940
4496 2 2 3 35 1949 1940 1955
4497 2 2 3 35 1940 1958 1949
4498 2 2 3 35 1940 1949 1958
4499 2 2 3 35 1954 1958 1940
4500 2 2 3 35 1954 1940 1958
4501 2 2 3 35 1955 1957 1940
4502 2 2 3 35 1955 1940 1957
4503 2 2 3 35 1945 1946 1941
4504 2 2 3 35 1945 1941 1946
4505 2 2 3 35 1946 1947 1941
4506 2 2 3 35 1946 1941 1947
4507 2 2 3 35 1947 1950 1941
4508 2 2 3 35 1947 1941 1950
4509 2 2 3 35 1951 1962 1942
4510 2 2 3 35 1951 1942 1962
4511 2 2 3 35 1942 1961 1952
4512 2 2 3 35 1942 1952 1961
4513 2 2 3 35 1942 1962 1961
4514 2 2 3 35 1942 1961 1962
4515 2 2 3 35 1944 1955 1943
4516 2 2 3 35 1944 1943 1955
4517 2 2 3 35 1943 1955 1945
4518 2 2 3 35 1943 1945 1955
4519 2 2 3 35 1944 1957 1955
4520 2 2 3 35 1944 1955 1957
4521 2 2 3 35 1945 1955 1946
4522 2 2 3 35 1945 1946 1955
4523 2 2 3 35 1946 1948 1947
4524 2 2 3 35 1946 1947 1948
4525 2 2 3 35 1946 1949 1948
4526 2 2 3 35 1946 1948 1949
4527 2 2 3 35 1946 1955 1949
4528 2 2 3 35 1946 1949 1955
4529 2 2 3 35 1948 1962 1947
4530 2 2 3 35 1948 1947 1962
4531 2 2 3 35 1947 1951 1950
4532 2 2 3 35 1947 1950 1951
4533 2 2 3 35 1947 1962 1951
4534 2 2 3 35 1947 1951 1962
4535 2 2 3 35 1949 1959 1948
4536 2 2 3 35 1949 1948 1959
4537 2 2 3 35 1959 1961 1948
4538 2 2 3 35 1959 1948 1961
4539 2 2 3 35 1961 1962 1948
4540 2 2 3 35 1961 1948 1962
4541 2 2 3 35 1958 1959 1949
4542 2 2 3 35 1958 1949 1959
4543 2 2 3 35 1951 1956 1950
4544 2 2 3 35 1951 1950 1956
4545 2 2 3 35 1952 1961 1953
4546 2 2 3 35 1952 1953 1961
4547 2 2 3 35 1953 1961 1959
4548 2 2 3 35 1953 1959 1961
4549 2 2 3 35 1954 1960 1958
4550 2 2 3 35 1954 1958 1960
4551 2 2 3 36 248 254 9
4552 2 2 3 36 248 9 254
4553 2 2 3 36 243 11 250
4554 2 2 3 36 243 250 11
4555 2 2 3 36 243 1965 244
4556 2 2 3 36 243 244 1965
4557 2 2 3 36 250 1965 243
4558 2 2 3 36 250 243 1965
4559 2 2 3 36 244 1966 245
4560 2 2 3 36 244 245 1966
4561 2 2 3 36 1965 1966 244
4562 2 2 3 36 1965 244 1966
4563 2 2 3 36 245 1963 246
4564 2 2 3 36 245 246 1963
4565 2 2 3 36 245 1966 1963
4566 2 2 3 36 245 1963 1966
4567 2 2 3 36 246 1967 247
4568 2 2 3 36 246 247 1967
4569 2 2 3 36 1963 1967 246
4570 2 2 3 36 1963 246 1967
4571 2 2 3 36 247 1964 248
4572 2 2 3 36 247 248 1964
4573 2 2 3 36 247 1967 1964
4574 2 2 3 36 247 1964 1967
4575 2 2 3 36 248 1964 254
4576 2 2 3 36 248 254 1964
4577 2 2 3 36 251 1965 250
4578 2 2 3 36 251 250 1965
4579 2 2 3 36 252 1968 251
4580 2 2 3 36 252 251 1968
4581 2 2 3 36 251 1968 1965
4582 2 2 3 36 251 1965 1968
4583 2 2 3 36 253 1969 252
4584 2 2 3 36 253 252 1969
4585 2 2 3 36 252 1969 1968
4586 2 2 3 36 252 1968 1969
4587 2 2 3 36 254 1964 253
4588 2 2 3 36 254 253 1964
4589 2 2 3 36 1964 1969 253
4590 2 2 3 36 1964 253 1969
4591 2 2 3 36 1966 1968 1963
4592 2 2 3 36 1966 1963 1968
4593 2 2 3 36 1963 1969 1967
4594 2 2 3 36 1963 1967 1969
4595 2 2 3 36 1968 1969 1963
4596 2 2 3 36 1968 1963 1969
4597 2 2 3 36 1967 1969 1964
4598 2 2 3 36 1967 1964 1969
4599 2 2 3 36 1965 1968 1966
4600 2 2 3 36 1965 1966 1968
4601 2 2 3 37 9 1988 235
4602 2 2 3 37 248 1977 9
4603 2 2 3 37 1977 1988 9
4604 2 2 3 37 242 1975 10
4605 2 2 3 37 10 1970 249
4606 2 2 3 37 10 1975 1970
4607 2 2 3 37 11 1990 243
4608 2 2 3 37 249 1970 11
4609 2 2 3 37 1970 1990 11
4610 2 2 3 37 235 1971 236
4611 2 2 3 37 235 1988 1971
4612 2 2 3 37 236 1992 237
4613 2 2 3 37 1971 1992 236
4614 2 2 3 37 237 1978 238
4615 2 2 3 37 237 1992 1978
4616 2 2 3 37 238 1986 239
4617 2 2 3 37 1978 1986 238
4618 2 2 3 37 239 1986 240
4619 2 2 3 37 240 1973 241
4620 2 2 3 37 240 1986 1973
4621 2 2 3 37 241 1993 242
4622 2 2 3 37 1973 1993 241
4623 2 2 3 37 242 1993 1975
4624 2 2 3 37 243 1974 244
4625 2 2 3 37 243 1990 1974
4626 2 2 3 37 244 1991 245
4627 2 2 3 37 1974 1991 244
4628 2 2 3 37 245 1991 246
4629 2 2 3 37 246 1972 247
4630 2 2 3 37 246 1991 1972
4631 2 2 3 37 247 1994 248
4632 2 2 3 37 1972 1994 247
4633 2 2 3 37 248 1994 1977
4634 2 2 3 37 1975 1976 1970
4635 2 2 3 37 1976 1989 1970
4636 2 2 3 37 1989 1990 1970
4637 2 2 3 37 1982 1983 1971
4638 2 2 3 37 1971 1988 1982
4639 2 2 3 37 1983 1992 1971
4640 2 2 3 37 1972 1987 1985
4641 2 2 3 37 1985 1994 1972
4642 2 2 3 37 1972 1991 1987
4643 2 2 3 37 1973 1984 1979
4644 2 2 3 37 1979 1993 1973
4645 2 2 3 37 1973 1986 1984
4646 2 2 3 37 1974 1989 1987
4647 2 2 3 37 1987 1991 1974
4648 2 2 3 37 1974 1990 1989
4649 2 2 3 37 1975 1979 1976
4650 2 2 3 37 1975 1993 1979
4651 2 2 3 37 1979 1980 1976
4652 2 2 3 37 1980 1981 1976
4653 2 2 3 37 1981 1989 1976
4654 2 2 3 37 1977 1985 1982
4655 2 2 3 37 1982 1988 1977
4656 2 2 3 37 1977 1994 1985
4657 2 2 3 37 1983 1984 1978
4658 2 2 3 37 1978 1992 1983
4659 2 2 3 37 1984 1986 1978
4660 2 2 3 37 1979 1984 1980
4661 2 2 3 37 1980 1982 1981
4662 2 2 3 37 1980 1983 1982
4663 2 2 3 37 1980 1984 1983
4664 2 2 3 37 1982 1985 1981
4665 2 2 3 37 1985 1987 1981
4666 2 2 3 37 1987 1989 1981
4667 4 2 1 1 1899 1676 1916 2333
4668 4 2 1 1 316 315 2132 2382
4669 4 2 1 1 2069 2099 802 2107
4670 4 2 1 1 819 2107 2176 2254
4671 4 2 1 1 965 2185 2165 2202
4672 4 2 1 1 780 782 2068 2106
4673 4 2 1 1 443 2261 424 2349
4674 4 2 1 1 1370 2166 1228 2226
4675 4 2 1 1 1674 2232 2024 2490
4676 4 2 1 1 315 2086 2132 2382
4677 4 2 1 1 2035 2060 379 2437
4678 4 2 1 1 424 2261 2135 2349
4679 4 2 1 1 316 2132 2091 2382
4680 4 2 1 1 1534 2039 1995 2539
4681 4 2 1 1 542 2091 2132 2183
4682 4 2 1 1 390 2325 2332 2424
4683 4 2 1 1 2083 2107 816 2254
4684 4 2 1 1 1798 2009 2002 2357
4685 4 2 1 1 379 2060 2035 2436
4686 4 2 1 1 2094 2399 2306 2464
4687 4 2 1 1 542 319 2091 2183
4688 4 2 1 1 796 802 2069 2099
4689 4 2 1 1 390 2035 378 2057
4690 4 2 1 1 1475 2153 2124 2263
4691 4 2 1 1 2158 2181 875 2385
4692 4 2 1 1 1355 696 2082 2287
4693 4 2 1 1 900 2108 2056 2149
4694 4 2 1 1 931 2230 2190 2278
4695 4 2 1 1 2068 2106 782 2319
4696 4 2 1 1 1442 1460 2070 2289
4697 4 2 1 1 390 2057 378 2325
4698 4 2 1 1 1590 1638 1997 2428
4699 4 2 1 1 1475 2124 1476 2263
4700 4 2 1 1 1165 2010 2034 2250
4701 4 2 1 1 1800 1798 2002 2357
4702 4 2 1 1 931 2217 2230 2278
4703 4 2 1 1 1696 2190 2230 2278
4704 4 2 1 1 350 2038 2309 2468
4705 4 2 1 1 1355 1292 696 2287
4706 4 2 1 1 542 319 316 2091
4707 4 2 1 1 965 1085 2185 2202
4708 4 2 1 1 2200 2247 541 2248
4709 4 2 1 1 322 2085 2078 2177
4710 4 2 1 1 2131 2165 1753 2320
4711 4 2 1 1 1899 1916 2245 2333
4712 4 2 1 1 2060 2344 379 2437
4713 4 2 1 1 1798 2002 2009 2476
4714 4 2 1 1 1291 1176 2026 2061
4715 4 2 1 1 390 2332 2035 2424
4716 4 2 1 1 231 2236 2055 2379
4717 4 2 1 1 1721 2106 1723 2295
4718 4 2 1 1 2127 2137 356 2228
4719 4 2 1 1 825 1010 823 2266
4720 4 2 1 1 1092 1356 2043 2456
4721 4 2 1 1 2040 290 2273 2312
4722 4 2 1 1 591 2011 693 2259
4723 4 2 1 1 1440 1407 2161 2183
4724 4 2 1 1 542 2091 316 2132
4725 4 2 1 1 2158 2217 877 2220
4726 4 2 1 1 1929 2046 2169 2206
4727 4 2 1 1 1903 2047 2365 2443
4728 4 2 1 1 2109 2157 303 2210
4729 4 2 1 1 1759 2051 2047 2104
4730 4 2 1 1 1798 2009 2408 2476
4731 4 2 1 1 491 2191 2172 2233
4732 4 2 1 1 2070 2079 556 2110
4733 4 2 1 1 873 875 2181 2385
4734 4 2 1 1 2038 2486 2018 2494
4735 4 2 1 1 531 2109 303 2210
4736 4 2 1 1 471 2274 2055 2343
4737 4 2 1 1 2047 1758 2068 2417
4738 4 2 1 1 2158 875 2217 2385
4739 4 2 1 1 246 1967 2005 2193
4740 4 2 1 1 2047 2438 1076 2443
4741 4 2 1 1 303 2157 2109 2339
4742 4 2 1 1 395 2144 416 2275
4743 4 2 1 1 322 2078 325 2177
4744 4 2 1 1 1443 2071 2070 2397
4745 4 2 1 1 1903 2365 1785 2443
4746 4 2 1 1 2056 2108 1733 2149
4747 4 2 1 1 395 416 369 2275
4748 4 2 1 1 1534 2092 2039 2517
4749 4 2 1 1 825 2266 823 2453
4750 4 2 1 1 2047 2051 1076 2438
4751 4 2 1 1 864 2049 2004 2467
4752 4 2 1 1 1248 1370 1228 2226
4753 4 2 1 1 268 705 2025 2026
4754 4 2 1 1 2035 2436 2060 2437
4755 4 2 1 1 661 2177 2078 2303
4756 4 2 1 1 1538 2268 2037 2301
4757 4 2 1 1 2102 2177 1406 2345
4758 4 2 1 1 1832 232 2236 2244
4759 4 2 1 1 1440 2161 2053 2183
4760 4 2 1 1 423 356 2137 2228
4761 4 2 1 1 1751 2131 1753 2320
4762 4 2 1 1 2085 1406 2177 2345
4763 4 2 1 1 1655 2048 2019 2241
4764 4 2 1 1 2106 1723 2295 2465
4765 4 2 1 1 1456 2112 2058 2455
4766 4 2 1 1 1759 1903 2047 2051
4767 4 2 1 1 2022 2273 1510 2369
4768 4 2 1 1 2056 2108 900 2239
4769 4 2 1 1 1456 1463 2058 2112
4770 4 2 1 1 2019 2048 24 2509
4771 4 2 1 1 646 2259 2020 2304
4772 4 2 1 1 873 874 875 2385
4773 4 2 1 1 323 2161 2085 2183
4774 4 2 1 1 1412 2086 2091 2132
4775 4 2 1 1 428 556 2079 2110
4776 4 2 1 1 215 1609 1996 2103
4777 4 2 1 1 780 2106 2068 2178
4778 4 2 1 1 1797 2249 2044 2357
4779 4 2 1 1 252 830 2334 2391
4780 4 2 1 1 465 2058 2036 2480
4781 4 2 1 1 563 2053 2161 2183
4782 4 2 1 1 1916 1259 2245 2333
4783 4 2 1 1 2075 2332 2325 2424
4784 4 2 1 1 1595 1534 1995 2539
4785 4 2 1 1 2107 1873 2176 2254
4786 4 2 1 1 859 2083 816 2254
4787 4 2 1 1 231 2055 230 2379
4788 4 2 1 1 1577 1650 1657 2451
4789 4 2 1 1 996 2305 2015 2351
4790 4 2 1 1 2049 1669 2254 2367
4791 4 2 1 1 630 2060 2053 2183
4792 4 2 1 1 303 2109 531 2339
4793 4 2 1 1 315 314 316 2132
4794 4 2 1 1 780 1014 782 2106
4795 4 2 1 1 2121 2176 1873 2254
4796 4 2 1 1 2119 777 2178 2459
4797 4 2 1 1 2047 2305 1930 2365
4798 4 2 1 1 1655 2019 219 2241
4799 4 2 1 1 1538 2003 2268 2301
4800 4 2 1 1 231 1377 2055 2236
4801 4 2 1 1 1832 2236 2029 2244
4802 4 2 1 1 379 378 2035 2437
4803 4 2 1 1 2114 2195 1578 2262
4804 4 2 1 1 769 2213 2190 2323
4805 4 2 1 1 786 2099 793 2466
4806 4 2 1 1 379 2344 378 2437
4807 4 2 1 1 1806 1352 2043 2126
4808 4 2 1 1 2025 2067 2026 2524
4809 4 2 1 1 1055 2202 2165 2320
4810 4 2 1 1 379 567 2060 2436
4811 4 2 1 1 1568 2048 2011 2291
4812 4 2 1 1 2009 2299 2044 2508
4813 4 2 1 1 1797 1800 2249 2357
4814 4 2 1 1 1434 2132 1410 2183
4815 4 2 1 1 799 2023 797 2470
4816 4 2 1 1 1759 2047 1903 2104
4817 4 2 1 1 1563 2144 1564 2275
4818 4 2 1 1 2060 2077 1597 2132
4819 4 2 1 1 2144 2152 1564 2275
4820 4 2 1 1 520 2127 356 2228
4821 4 2 1 1 978 2217 2156 2230
4822 4 2 1 1 874 2217 875 2385
4823 4 2 1 1 1696 2230 2217 2278
4824 4 2 1 1 602 1231 2166 2226
4825 4 2 1 1 782 2106 1014 2319
4826 4 2 1 1 978 2156 2217 2385
4827 4 2 1 1 1804 2163 2271 2404
4828 4 2 1 1 1283 2316 210 2539
4829 4 2 1 1 635 1355 696 2082
4830 4 2 1 1 1891 2087 2013 2126
4831 4 2 1 1 2139 2158 879 2220
4832 4 2 1 1 465 2036 2225 2480
4833 4 2 1 1 1165 2034 924 2250
4834 4 2 1 1 1674 2024 2232 2462
4835 4 2 1 1 2054 2055 1377 2236
4836 4 2 1 1 2039 2092 1534 2475
4837 4 2 1 1 1126 2249 2004 2260
4838 4 2 1 1 863 2083 859 2467
4839 4 2 1 1 1696 1695 2190 2278
4840 4 2 1 1 1126 914 2249 2260
4841 4 2 1 1 1602 2171 2129 2297
4842 4 2 1 1 1920 2047 1758 2068
4843 4 2 1 1 315 2086 314 2132
4844 4 2 1 1 646 27 2259 2304
4845 4 2 1 1 1646 2011 2259 2332
4846 4 2 1 1 1011 2056 900 2239
4847 4 2 1 1 1422 2157 1579 2339
4848 4 2 1 1 778 2178 777 2459
4849 4 2 1 1 996 2030 2015 2305
4850 4 2 1 1 1891 2013 1808 2126
4851 4 2 1 1 1394 2067 2038 2194
4852 4 2 1 1 2047 2051 1758 2417
4853 4 2 1 1 1428 2137 1548 2228
4854 4 2 1 1 1394 2038 2067 2494
4855 4 2 1 1 1605 2172 2191 2233
4856 4 2 1 1 597 24 2019 2048
4857 4 2 1 1 1231 1228 2166 2226
4858 4 2 1 1 1578 1642 2097 2195
4859 4 2 1 1 802 2107 2099 2356
4860 4 2 1 1 2144 2200 541 2248
4861 4 2 1 1 799 2044 2023 2470
4862 4 2 1 1 2018 2355 2038 2494
4863 4 2 1 1 1564 2152 2144 2341
4864 4 2 1 1 288 2040 290 2273
4865 4 2 1 1 423 520 356 2228
4866 4 2 1 1 1947 833 2331 2407
4867 4 2 1 1 323 563 2161 2183
4868 4 2 1 1 819 2176 2107 2356
4869 4 2 1 1 713 1996 2140 2400
4870 4 2 1 1 1797 2009 2044 2508
4871 4 2 1 1 1422 1579 1425 2339
4872 4 2 1 1 1804 2271 2134 2404
4873 4 2 1 1 745 2101 2043 2330
4874 4 2 1 1 1055 1085 2202 2320
4875 4 2 1 1 320 323 2085 2183
4876 4 2 1 1 906 2116 1088 2242
4877 4 2 1 1 786 793 792 2466
4878 4 2 1 1 1428 1548 1426 2228
4879 4 2 1 1 572 661 2078 2303
4880 4 2 1 1 268 2025 1173 2026
4881 4 2 1 1 2175 2295 1723 2465
4882 4 2 1 1 457 2180 2084 2267
4883 4 2 1 1 830 1941 252 2334
4884 4 2 1 1 479 2025 2026 2524
4885 4 2 1 1 479 2067 2025 2524
4886 4 2 1 1 272 2191 2233 2414
4887 4 2 1 1 1291 2026 1224 2061
4888 4 2 1 1 1443 2070 2062 2397
4889 4 2 1 1 1785 2365 2012 2443
4890 4 2 1 1 1947 831 833 2407
4891 4 2 1 1 1216 1995 1287 2318
4892 4 2 1 1 1808 2013 1323 2126
4893 4 2 1 1 2061 459 2352 2489
4894 4 2 1 1 1453 2171 2297 2389
4895 4 2 1 1 443 2081 2261 2349
4896 4 2 1 1 1997 2033 1386 2350
4897 4 2 1 1 630 543 2060 2183
4898 4 2 1 1 1436 2135 2123 2261
4899 4 2 1 1 1859 2254 1669 2367
4900 4 2 1 1 797 2023 2069 2470
4901 4 2 1 1 1811 2118 2281 2446
4902 4 2 1 1 349 2282 576 2426
4903 4 2 1 1 1620 2011 1646 2332
4904 4 2 1 1 1248 1558 1370 2226
4905 4 2 1 1 2011 2241 220 2259
4906 4 2 1 1 806 1076 2438 2443
4907 4 2 1 1 1590 2140 1997 2350
4908 4 2 1 1 1295 2013 953 2126
4909 4 2 1 1 879 2158 2139 2292
4910 4 2 1 1 2124 2263 2153 2497
4911 4 2 1 1 769 2059 2213 2323
4912 4 2 1 1 1947 2331 833 2409
4913 4 2 1 1 776 2119 777 2178
4914 4 2 1 1 1590 1997 2140 2428
4915 4 2 1 1 1469 2144 2200 2341
4916 4 2 1 1 489 2054 2040 2105
4917 4 2 1 1 735 1157 2245 2333
4918 4 2 1 1 1758 2047 1903 2051
4919 4 2 1 1 1648 2022 1341 2423
4920 4 2 1 1 2078 2085 322 2161
4921 4 2 1 1 602 2226 2166 2366
4922 4 2 1 1 2102 2133 636 2418
4923 4 2 1 1 2053 2060 567 2436
4924 4 2 1 1 1460 2079 2070 2110
4925 4 2 1 1 906 2017 2116 2242
4926 4 2 1 1 1739 2051 2324 2337
4927 4 2 1 1 1092 2073 1356 2456
4928 4 2 1 1 786 2076 2099 2466
4929 4 2 1 1 542 2132 2060 2183
4930 4 2 1 1 1352 1806 2043 2456
4931 4 2 1 1 1456 2058 1457 2063
4932 4 2 1 1 514 2129 2197 2263
4933 4 2 1 1 1394 2038 1396 2194
4934 4 2 1 1 288 2105 2040 2273
4935 4 2 1 1 2165 2202 1753 2320
4936 4 2 1 1 567 2053 630 2060
4937 4 2 1 1 597 2048 2019 2496
4938 4 2 1 1 1443 2062 1483 2397
4939 4 2 1 1 2078 2085 1404 2177
4940 4 2 1 1 1020 2245 2211 2264
4941 4 2 1 1 1381 2052 1360 2530
4942 4 2 1 1 1570 2199 2127 2473
4943 4 2 1 1 1681 2029 231 2379
4944 4 2 1 1 230 1681 231 2379
4945 4 2 1 1 1681 2184 2029 2198
4946 4 2 1 1 453 636 2133 2418
4947 4 2 1 1 1443 1483 1433 2397
4948 4 2 1 1 636 2133 2102 2488
4949 4 2 1 1 390 2325 568 2332
4950 4 2 1 1 1858 2049 1669 2254
4951 4 2 1 1 1443 1433 2071 2397
4952 4 2 1 1 591 2241 2011 2259
4953 4 2 1 1 2078 1400 2282 2525
4954 4 2 1 1 1800 1797 1798 2357
4955 4 2 1 1 597 24 2048 2509
4956 4 2 1 1 1903 2104 2047 2443
4957 4 2 1 1 402 2053 567 2436
4958 4 2 1 1 1995 2039 1534 2475
4959 4 2 1 1 514 2197 2129 2238
4960 4 2 1 1 1674 2232 2017 2462
4961 4 2 1 1 1564 2144 1469 2341
4962 4 2 1 1 2081 2088 1550 2349
4963 4 2 1 1 2165 2185 1764 2202
4964 4 2 1 1 2072 703 2146 2543
4965 4 2 1 1 1076 2047 803 2051
4966 4 2 1 1 287 2273 2022 2511
4967 4 2 1 1 1548 2137 2127 2228
4968 4 2 1 1 464 2373 465 2480
4969 4 2 1 1 1613 2273 2105 2369
4970 4 2 1 1 1797 2009 1798 2357
4971 4 2 1 1 489 2040 412 2105
4972 4 2 1 1 1764 2185 2186 2202
4973 4 2 1 1 2089 2282 1400 2525
4974 4 2 1 1 1837 1753 2131 2165
4975 4 2 1 1 28 2020 29 2304
4976 4 2 1 1 1568 2048 2241 2509
4977 4 2 1 1 923 2056 1161 2293
4978 4 2 1 1 1916 1676 1198 2333
4979 4 2 1 1 996 779 2305 2351
4980 4 2 1 1 793 2265 792 2466
4981 4 2 1 1 923 900 2056 2149
4982 4 2 1 1 1577 1657 2262 2451
4983 4 2 1 1 1732 2139 2158 2292
4984 4 2 1 1 1456 2313 2112 2455
4985 4 2 1 1 1371 2188 2080 2196
4986 4 2 1 1 2097 1578 2195 2262
4987 4 2 1 1 776 777 778 2178
4988 4 2 1 1 320 563 323 2183
4989 4 2 1 1 1739 2051 1742 2324
4990 4 2 1 1 349 576 2268 2426
4991 4 2 1 1 1216 615 1287 1995
4992 4 2 1 1 347 544 2132 2344
4993 4 2 1 1 2156 2230 2217 2385
4994 4 2 1 1 2079 2080 432 2471
4995 4 2 1 1 2129 2171 385 2297
4996 4 2 1 1 1371 1998 2188 2196
4997 4 2 1 1 620 563 2053 2161
4998 4 2 1 1 1550 2088 2081 2339
4999 4 2 1 1 223 1628 2020 2196
5000 4 2 1 1 385 2297 2171 2389
5001 4 2 1 1 1568 2048 1655 2241
5002 4 2 1 1 349 329 576 2282
5003 4 2 1 1 918 2083 2004 2249
5004 4 2 1 1 1475 2124 2153 2497
5005 4 2 1 1 1468 2191 2172 2341
5006 4 2 1 1 2060 2132 1434 2183
5007 4 2 1 1 887 958 2187 2276
5008 4 2 1 1 1805 1683 1352 2456
5009 4 2 1 1 2017 2232 2024 2462
5010 4 2 1 1 847 2306 2399 2464
5011 4 2 1 1 2117 1447 2135 2288
5012 4 2 1 1 1519 2200 2191 2341
5013 4 2 1 1 378 2057 2035 2437
5014 4 2 1 1 796 1026 802 2099
5015 4 2 1 1 978 2217 874 2385
5016 4 2 1 1 2070 2079 1462 2201
5017 4 2 1 1 347 2132 2077 2344
5018 4 2 1 1 1400 2078 2303 2525
5019 4 2 1 1 1797 2044 2009 2357
5020 4 2 1 1 1015 795 2047 2305
5021 4 2 1 1 258 2145 2072 2146
5022 4 2 1 1 1429 1430 2261 2275
5023 4 2 1 1 887 2187 2125 2276
5024 4 2 1 1 457 2084 2180 2262
5025 4 2 1 1 2038 2371 2018 2486
5026 4 2 1 1 940 2244 2043 2452
5027 4 2 1 1 464 465 2225 2480
5028 4 2 1 1 1422 2109 2157 2339
5029 4 2 1 1 1806 1683 1352 2126
5030 4 2 1 1 2018 2090 392 2140
5031 4 2 1 1 2178 2305 779 2351
5032 4 2 1 1 1442 1461 1460 2289
5033 4 2 1 1 1088 2116 2031 2242
5034 4 2 1 1 224 1371 1998 2188
5035 4 2 1 1 1410 2132 2091 2183
5036 4 2 1 1 819 2254 2176 2478
5037 4 2 1 1 878 2158 879 2292
5038 4 2 1 1 662 541 2200 2247
5039 4 2 1 1 568 2325 2075 2332
5040 4 2 1 1 2085 2161 1407 2183
5041 4 2 1 1 439 440 2201 2498
5042 4 2 1 1 2143 862 2176 2465
5043 4 2 1 1 2068 1724 2106 2319
5044 4 2 1 1 2164 2260 1690 2444
5045 4 2 1 1 231 1832 232 2236
5046 4 2 1 1 1438 2117 1447 2135
5047 4 2 1 1 2079 2201 2070 2395
5048 4 2 1 1 1901 2107 2176 2356
5049 4 2 1 1 1739 2337 2324 2487
5050 4 2 1 1 615 1995 1216 2296
5051 4 2 1 1 402 630 567 2053
5052 4 2 1 1 877 879 2158 2220
5053 4 2 1 1 1899 2245 2173 2333
5054 4 2 1 1 2124 2197 1476 2263
5055 4 2 1 1 732 744 1348 2043
5056 4 2 1 1 1026 802 2099 2356
5057 4 2 1 1 1730 1856 1758 2417
5058 4 2 1 1 1163 2004 727 2260
5059 4 2 1 1 2129 2197 1492 2238
5060 4 2 1 1 2000 2316 1177 2537
5061 4 2 1 1 1422 2157 2109 2210
5062 4 2 1 1 906 908 1088 2116
5063 4 2 1 1 324 2078 322 2161
5064 4 2 1 1 2099 2265 793 2466
5065 4 2 1 1 1730 2076 1856 2417
5066 4 2 1 1 1720 2122 2119 2178
5067 4 2 1 1 1024 2099 2076 2512
5068 4 2 1 1 2129 1481 2197 2263
5069 4 2 1 1 439 2225 440 2498
5070 4 2 1 1 591 26 2241 2259
5071 4 2 1 1 863 2083 918 2249
5072 4 2 1 1 1700 2217 2158 2220
5073 4 2 1 1 1116 1947 833 2409
5074 4 2 1 1 1650 2114 1657 2451
5075 4 2 1 1 1724 2068 1856 2319
5076 4 2 1 1 732 2043 1348 2126
5077 4 2 1 1 676 2036 465 2058
5078 4 2 1 1 689 470 2257 2479
5079 4 2 1 1 786 2076 1024 2099
5080 4 2 1 1 1457 2063 2058 2257
5081 4 2 1 1 2032 2048 482 2234
5082 4 2 1 1 2102 2133 2418 2488
5083 4 2 1 1 1605 2172 1468 2191
5084 4 2 1 1 906 2017 907 2116
5085 4 2 1 1 1429 2261 2123 2275
5086 4 2 1 1 514 562 2129 2263
5087 4 2 1 1 453 548 636 2418
5088 4 2 1 1 1929 2169 2046 2446
5089 4 2 1 1 1848 2204 2239 2252
5090 4 2 1 1 654 322 325 2177
5091 4 2 1 1 1456 2058 2063 2455
5092 4 2 1 1 1618 2112 2062 2373
5093 4 2 1 1 1425 2088 1550 2339
5094 4 2 1 1 745 2126 746 2330
5095 4 2 1 1 1811 2281 2169 2446
5096 4 2 1 1 2114 2177 661 2303
5097 4 2 1 1 1400 2303 2089 2525
5098 4 2 1 1 1162 2027 2050 2331
5099 4 2 1 1 1730 1758 2051 2417
5100 4 2 1 1 1568 1537 2048 2291
5101 4 2 1 1 966 2186 2185 2202
5102 4 2 1 1 21 2103 2234 2416
5103 4 2 1 1 246 1967 225 2005
5104 4 2 1 1 1745 2056 1733 2149
5105 4 2 1 1 519 2263 2124 2497
5106 4 2 1 1 2068 2076 1856 2319
5107 4 2 1 1 1622 1568 2011 2291
5108 4 2 1 1 1412 2091 1410 2132
5109 4 2 1 1 1100 2096 2095 2335
5110 4 2 1 1 1613 1510 2273 2369
5111 4 2 1 1 2062 2070 1623 2395
5112 4 2 1 1 940 2073 2043 2244
5113 4 2 1 1 1733 2108 2056 2239
5114 4 2 1 1 916 2239 2204 2252
5115 4 2 1 1 1597 2077 2060 2344
5116 4 2 1 1 1177 2316 1283 2537
5117 4 2 1 1 1739 2031 2337 2487
5118 4 2 1 1 2137 2261 1430 2275
5119 4 2 1 1 1519 2191 1468 2341
5120 4 2 1 1 1767 2208 2163 2284
5121 4 2 1 1 1293 1092 1356 2043
5122 4 2 1 1 2123 2144 1563 2275
5123 4 2 1 1 912 953 2013 2126
5124 4 2 1 1 2091 2132 2086 2382
5125 4 2 1 1 745 2043 2126 2330
5126 4 2 1 1 543 542 2060 2183
5127 4 2 1 1 1739 1730 2051 2337
5128 4 2 1 1 1999 2420 2033 2433
5129 4 2 1 1 1231 1248 1228 2226
5130 4 2 1 1 833 1947 1116 831
5131 4 2 1 1 2148 2174 1471 2283
5132 4 2 1 1 379 2060 567 2344
5133 4 2 1 1 2002 2249 914 2260
5134 4 2 1 1 1570 1431 2127 2199
5135 4 2 1 1 804 821 1015 2365
5136 4 2 1 1 1550 2088 1608 2349
5137 4 2 1 1 2095 2100 1931 2252
5138 4 2 1 1 1441 2209 1454 2216
5139 4 2 1 1 637 2338 686 2402
5140 4 2 1 1 2146 2205 717 2314
5141 4 2 1 1 21 2103 2416 2457
5142 4 2 1 1 1891 1779 2013 2087
5143 4 2 1 1 1903 1785 1887 2443
5144 4 2 1 1 1021 2211 1020 2245
5145 4 2 1 1 1837 1753 1751 2131
5146 4 2 1 1 1132 2119 787 2230
5147 4 2 1 1 1176 1224 1291 2026
5148 4 2 1 1 289 2273 290 2312
5149 4 2 1 1 2173 2245 1157 2333
5150 4 2 1 1 1590 1997 1386 2350
5151 4 2 1 1 1858 1669 1859 2254
5152 4 2 1 1 1712 2308 2204 2434
5153 4 2 1 1 1674 2017 2232 2427
5154 4 2 1 1 378 2344 2057 2437
5155 4 2 1 1 471 473 2055 2274
5156 4 2 1 1 1428 2137 2228 2261
5157 4 2 1 1 2160 2206 759 2235
5158 4 2 1 1 2166 2226 1370 2366
5159 4 2 1 1 2096 2306 753 2546
5160 4 2 1 1 1768 2206 2160 2235
5161 4 2 1 1 1389 2039 1534 2539
5162 4 2 1 1 1859 2121 2254 2367
5163 4 2 1 1 1392 2026 2025 2067
5164 4 2 1 1 1177 2000 210 2316
5165 4 2 1 1 656 2003 2268 2362
5166 4 2 1 1 2058 465 2373 2480
5167 4 2 1 1 2093 2313 2088 2520
5168 4 2 1 1 231 2029 1832 2236
5169 4 2 1 1 761 2206 2046 2235
5170 4 2 1 1 797 2069 2023 2265
5171 4 2 1 1 2000 210 2316 2539
5172 4 2 1 1 597 2019 24 2496
5173 4 2 1 1 1732 2158 2224 2292
5174 4 2 1 1 548 2345 636 2418
5175 4 2 1 1 1681 230 2198 2379
5176 4 2 1 1 1323 2013 1295 2126
5177 4 2 1 1 223 2020 1998 2196
5178 4 2 1 1 637 560 686 2338
5179 4 2 1 1 1868 2115 2269 2505
5180 4 2 1 1 2072 2201 440 2498
5181 4 2 1 1 325 2078 661 2177
5182 4 2 1 1 1569 1467 2074 2499
5183 4 2 1 1 797 2265 2023 2482
5184 4 2 1 1 857 2463 2154 2544
5185 4 2 1 1 1856 2068 1758 2417
5186 4 2 1 1 2052 2074 497 2530
5187 4 2 1 1 392 2090 409 2140
5188 4 2 1 1 2088 2313 540 2545
5189 4 2 1 1 2020 2196 1628 2393
5190 4 2 1 1 1514 1538 2037 2301
5191 4 2 1 1 804 1015 2047 2365
5192 4 2 1 1 492 2033 2420 2433
5193 4 2 1 1 325 572 661 2078
5194 4 2 1 1 1868 2269 1779 2505
5195 4 2 1 1 2163 2208 962 2284
5196 4 2 1 1 2078 2161 324 2282
5197 4 2 1 1 1629 2057 1489 2066
5198 4 2 1 1 2018 2038 2355 2371
5199 4 2 1 1 1570 2124 2199 2473
5200 4 2 1 1 280 2342 2048 2496
5201 4 2 1 1 2079 2110 1460 2522
5202 4 2 1 1 226 2145 2005 2146
5203 4 2 1 1 2103 2234 2032 2398
5204 4 2 1 1 471 2055 584 2343
5205 4 2 1 1 1732 2158 2139 2220
5206 4 2 1 1 1811 2118 1757 2281
5207 4 2 1 1 1732 2224 1870 2292
5208 4 2 1 1 2005 2145 32 2146
5209 4 2 1 1 1569 2074 2117 2499
5210 4 2 1 1 1646 2259 2075 2332
5211 4 2 1 1 2069 2107 802 2470
5212 4 2 1 1 1538 1604 2037 2268
5213 4 2 1 1 1515 1471 2174 2283
5214 4 2 1 1 1442 2070 2071 2289
5215 4 2 1 1 318 2091 2183 2345
5216 4 2 1 1 431 428 556 2079
5217 4 2 1 1 2113 2241 26 2259
5218 4 2 1 1 1800 2002 2249 2357
5219 4 2 1 1 1283 1177 210 2316
5220 4 2 1 1 1021 2173 2211 2245
5221 4 2 1 1 560 686 2338 2402
5222 4 2 1 1 1011 923 900 2056
5223 4 2 1 1 802 2107 816 2470
5224 4 2 1 1 644 656 2268 2362
5225 4 2 1 1 1553 2080 1371 2188
5226 4 2 1 1 1515 2174 2222 2283
5227 4 2 1 1 1534 2475 2092 2517
5228 4 2 1 1 1666 2214 2255 2447
5229 4 2 1 1 2060 2183 1624 2436
5230 4 2 1 1 2268 2362 2003 2431
5231 4 2 1 1 1352 1348 2043 2126
5232 4 2 1 1 1831 2215 2187 2442
5233 4 2 1 1 1386 1590 1638 1997
5234 4 2 1 1 1342 1323 1295 2126
5235 4 2 1 1 2038 2067 575 2194
5236 4 2 1 1 2124 2182 1503 2197
5237 4 2 1 1 402 2362 2053 2436
5238 4 2 1 1 2088 2093 540 2313
5239 4 2 1 1 2161 576 2282 2426
5240 4 2 1 1 755 2100 2160 2335
5241 4 2 1 1 560 2317 686 2402
5242 4 2 1 1 2080 2145 673 2188
5243 4 2 1 1 457 468 2180 2267
5244 4 2 1 1 287 288 2273 2511
5245 4 2 1 1 1681 2198 2029 2379
5246 4 2 1 1 2095 2096 753 2546
5247 4 2 1 1 1866 2069 2083 2107
5248 4 2 1 1 2137 355 2209 2216
5249 4 2 1 1 2059 2118 1953 2212
5250 4 2 1 1 1753 2165 1764 2202
5251 4 2 1 1 1227 1823 1249 2388
5252 4 2 1 1 1764 2186 1892 2202
5253 4 2 1 1 2105 2273 288 2511
5254 4 2 1 1 1618 2062 1507 2373
5255 4 2 1 1 1767 2163 2141 2284
5256 4 2 1 1 1739 1730 1742 2051
5257 4 2 1 1 340 519 2124 2497
5258 4 2 1 1 570 2075 2020 2259
5259 4 2 1 1 906 907 908 2116
5260 4 2 1 1 238 1953 2059 2118
5261 4 2 1 1 1916 1198 1259 2333
5262 4 2 1 1 1866 2099 2069 2107
5263 4 2 1 1 1406 1404 2085 2177
5264 4 2 1 1 1569 2074 1659 2377
5265 4 2 1 1 2064 2312 293 2322
5266 4 2 1 1 1429 1436 2123 2261
5267 4 2 1 1 1175 1289 1253 2403
5268 4 2 1 1 597 280 2048 2496
5269 4 2 1 1 2002 2300 2009 2476
5270 4 2 1 1 492 2033 2433 2504
5271 4 2 1 1 912 2013 2087 2126
5272 4 2 1 1 724 954 2269 2347
5273 4 2 1 1 431 556 2070 2079
5274 4 2 1 1 623 2071 2070 2289
5275 4 2 1 1 1445 1564 2152 2275
5276 4 2 1 1 2114 2262 1657 2451
5277 4 2 1 1 724 2269 2013 2347
5278 4 2 1 1 1997 1386 2033 2536
5279 4 2 1 1 226 225 2005 2145
5280 4 2 1 1 1434 2060 1597 2132
5281 4 2 1 1 1524 2376 2227 2503
5282 4 2 1 1 703 258 2072 2146
5283 4 2 1 1 654 2085 322 2177
5284 4 2 1 1 2068 2106 1897 2178
5285 4 2 1 1 1730 2051 2076 2417
5286 4 2 1 1 519 2197 2124 2263
5287 4 2 1 1 288 412 2040 2105
5288 4 2 1 1 483 2105 2082 2532
5289 4 2 1 1 1445 1563 1564 2275
5290 4 2 1 1 1628 1565 2020 2393
5291 4 2 1 1 2090 2014 2400 2439
5292 4 2 1 1 1720 2178 2119 2351
5293 4 2 1 1 349 2037 2282 2426
5294 4 2 1 1 2014 2486 2440 2518
5295 4 2 1 1 1342 1683 1891 2126
5296 4 2 1 1 1634 2219 2214 2447
5297 4 2 1 1 231 2029 2236 2379
5298 4 2 1 1 1118 1948 1947 2346
5299 4 2 1 1 1614 2026 1392 2067
5300 4 2 1 1 1381 2052 1648 2423
5301 4 2 1 1 336 350 2038 2309
5302 4 2 1 1 821 2266 1015 2365
5303 4 2 1 1 2062 2111 1507 2373
5304 4 2 1 1 2052 2338 1648 2423
5305 4 2 1 1 1389 1534 2039 2517
5306 4 2 1 1 689 2274 470 2479
5307 4 2 1 1 1107 2008 2438 2487
5308 4 2 1 1 359 2159 2209 2216
5309 4 2 1 1 1465 2257 2040 2312
5310 4 2 1 1 349 2268 2037 2426
5311 4 2 1 1 848 2250 2009 2454
5312 4 2 1 1 1421 2071 2157 2210
5313 4 2 1 1 1244 1176 1291 2061
5314 4 2 1 1 2070 2201 1462 2395
5315 4 2 1 1 882 2211 2139 2215
5316 4 2 1 1 2144 2152 395 2341
5317 4 2 1 1 1455 2257 1465 2312
5318 4 2 1 1 801 2069 802 2470
5319 4 2 1 1 2186 2404 1776 2461
5320 4 2 1 1 2171 2389 1446 2425
5321 4 2 1 1 514 2129 621 2238
5322 4 2 1 1 1568 2011 2048 2509
5323 4 2 1 1 2211 2245 1763 2264
5324 4 2 1 1 2036 2120 466 2225
5325 4 2 1 1 1774 1930 2305 2365
5326 4 2 1 1 1785 2012 1887 2443
5327 4 2 1 1 2063 1567 2313 2394
5328 4 2 1 1 1107 2116 2008 2487
5329 4 2 1 1 1456 2063 2313 2455
5330 4 2 1 1 1524 1479 2376 2503
5331 4 2 1 1 1848 2239 2115 2252
5332 4 2 1 1 636 2345 2102 2418
5333 4 2 1 1 1024 2076 2319 2512
5334 4 2 1 1 1293 2043 1356 2456
5335 4 2 1 1 1377 2055 2054 2274
5336 4 2 1 1 1500 1578 2114 2195
5337 4 2 1 1 514 562 621 2129
5338 4 2 1 1 2398 2400 2014 2439
5339 4 2 1 1 1442 2070 1443 2071
5340 4 2 1 1 804 821 2365 2443
5341 4 2 1 1 280 2234 2048 2342
5342 4 2 1 1 2440 2486 2042 2518
5343 4 2 1 1 221 2020 2259 2304
5344 4 2 1 1 1903 1887 2104 2443
5345 4 2 1 1 1092 2043 2073 2456
5346 4 2 1 1 2300 2408 2009 2476
5347 4 2 1 1 1632 1462 2079 2201
5348 4 2 1 1 1085 966 2185 2202
5349 4 2 1 1 2119 2178 776 2351
5350 4 2 1 1 1577 2084 1650 2451
5351 4 2 1 1 2139 2211 1743 2215
5352 4 2 1 1 966 965 1085 2185
5353 4 2 1 1 570 2020 646 2259
5354 4 2 1 1 457 2180 456 2262
5355 4 2 1 1 1997 2517 1386 2536
5356 4 2 1 1 1492 2129 1481 2197
5357 4 2 1 1 470 2274 2036 2479
5358 4 2 1 1 1396 2038 1394 2494
5359 4 2 1 1 544 2060 2132 2344
5360 4 2 1 1 1162 844 2027 2331
5361 4 2 1 1 1488 2077 2344 2375
5362 4 2 1 1 966 1001 2186 2202
5363 4 2 1 1 1373 2011 220 2259
5364 4 2 1 1 1998 2142 718 2419
5365 4 2 1 1 2088 2093 1608 2349
5366 4 2 1 1 1696 2217 1698 2278
5367 4 2 1 1 2277 2360 1101 2507
5368 4 2 1 1 1650 1640 2016 2084
5369 4 2 1 1 387 2092 2007 2383
5370 4 2 1 1 598 2077 2192 2289
5371 4 2 1 1 1453 1446 2171 2389
5372 4 2 1 1 1118 1947 1116 2346
5373 4 2 1 1 471 2036 2274 2343
5374 4 2 1 1 479 672 2067 2524
5375 4 2 1 1 1437 2135 1447 2288
5376 4 2 1 1 1776 2186 2185 2404
5377 4 2 1 1 2186 2202 1001 2340
5378 4 2 1 1 1458 2152 2136 2209
5379 4 2 1 1 2019 24 2241 2509
5380 4 2 1 1 1345 724 2013 2347
5381 4 2 1 1 411 2097 2195 2262
5382 4 2 1 1 2125 1831 2187 2442
5383 4 2 1 1 1704 2215 2167 2327
5384 4 2 1 1 1046 2241 2113 2448
5385 4 2 1 1 1743 2211 2139 2292
5386 4 2 1 1 2141 2163 962 2284
5387 4 2 1 1 1868 1779 2115 2505
5388 4 2 1 1 972 2208 2163 2271
5389 4 2 1 1 220 2011 1568 2241
5390 4 2 1 1 1673 1912 2050 2160
5391 4 2 1 1 411 2195 2114 2262
5392 4 2 1 1 1406 1571 2102 2345
5393 4 2 1 1 435 392 409 2140
5394 4 2 1 1 2137 2209 1441 2216
5395 4 2 1 1 1873 1859 2121 2254
5396 4 2 1 1 374 2077 598 2289
5397 4 2 1 1 958 887 891 2276
5398 4 2 1 1 1672 2305 2030 2365
5399 4 2 1 1 356 2137 2127 2216
5400 4 2 1 1 1921 2000 2251 2396
5401 4 2 1 1 223 1998 2020 2419
5402 4 2 1 1 761 759 2206 2235
5403 4 2 1 1 2007 2092 387 2272
5404 4 2 1 1 896 902 2320 2542
5405 4 2 1 1 2062 1623 2111 2395
5406 4 2 1 1 1921 2000 1177 2251
5407 4 2 1 1 233 2073 2028 2244
5408 4 2 1 1 416 2144 2123 2275
5409 4 2 1 1 2088 2520 2313 2545
5410 4 2 1 1 490 2191 491 2233
5411 4 2 1 1 2102 2177 460 2195
5412 4 2 1 1 1427 2081 1436 2261
5413 4 2 1 1 1488 2344 2057 2375
5414 4 2 1 1 1568 2241 2011 2509
5415 4 2 1 1 1955 1010 825 2266
5416 4 2 1 1 1454 2209 2159 2216
5417 4 2 1 1 1828 1743 2139 2292
5418 4 2 1 1 944 2184 2151 2198
5419 4 2 1 1 2072 440 2225 2498
5420 4 2 1 1 896 2108 902 2542
5421 4 2 1 1 1475 2153 1417 2497
5422 4 2 1 1 1622 1537 1568 2291
5423 4 2 1 1 1723 2175 1886 2295
5424 4 2 1 1 2119 2178 2122 2459
5425 4 2 1 1 1648 1530 1341 2022
5426 4 2 1 1 843 2256 2027 2331
5427 4 2 1 1 745 747 2101 2330
5428 4 2 1 1 265 2052 498 2074
5429 4 2 1 1 1666 1634 2214 2447
5430 4 2 1 1 372 598 2077 2192
5431 4 2 1 1 1650 2084 2016 2451
5432 4 2 1 1 289 2064 2273 2312
5433 4 2 1 1 847 2399 2101 2464
5434 4 2 1 1 905 838 2232 2242
5435 4 2 1 1 1567 2063 1451 2394
5436 4 2 1 1 1445 2152 1458 2209
5437 4 2 1 1 1467 2074 2065 2317
5438 4 2 1 1 1925 2208 1767 2284
5439 4 2 1 1 1885 2163 1767 2208
5440 4 2 1 1 1542 2136 2159 2209
5441 4 2 1 1 923 2149 2056 2293
5442 4 2 1 1 553 2102 460 2195
5443 4 2 1 1 1132 2119 2230 2528
5444 4 2 1 1 2148 1446 2389 2425
5445 4 2 1 1 1953 2118 238 2212
5446 4 2 1 1 912 952 953 2126
5447 4 2 1 1 899 2138 2240 2413
5448 4 2 1 1 703 2310 2146 2543
5449 4 2 1 1 755 1100 2095 2335
5450 4 2 1 1 801 802 816 2470
5451 4 2 1 1 29 718 28 2304
5452 4 2 1 1 233 1691 2073 2244
5453 4 2 1 1 1006 2253 2162 2336
5454 4 2 1 1 2072 2310 703 2543
5455 4 2 1 1 2022 1648 2338 2423
5456 4 2 1 1 2113 2259 27 2304
5457 4 2 1 1 2428 2475 1660 2517
5458 4 2 1 1 2143 2176 2175 2465
5459 4 2 1 1 338 341 2199 2497
5460 4 2 1 1 2013 1779 2269 2505
5461 4 2 1 1 1568 1655 219 2241
5462 4 2 1 1 1620 1646 1505 2332
5463 4 2 1 1 223 2020 1628 2419
5464 4 2 1 1 1776 2404 1780 2461
5465 4 2 1 1 540 2313 297 2545
5466 4 2 1 1 572 2303 2078 2525
5467 4 2 1 1 1177 2251 2000 2537
5468 4 2 1 1 1759 1758 1903 2051
5469 4 2 1 1 1462 2070 1632 2079
5470 4 2 1 1 435 2018 392 2140
5471 4 2 1 1 2124 2199 341 2497
5472 4 2 1 1 1418 2098 1419 2370
5473 4 2 1 1 2123 2135 424 2261
5474 4 2 1 1 1925 1885 1767 2208
5475 4 2 1 1 1432 2071 1421 2210
5476 4 2 1 1 1855 2010 2034 2232
5477 4 2 1 1 1808 1917 1359 2013
5478 4 2 1 1 1830 2151 2096 2502
5479 4 2 1 1 1403 2078 1400 2282
5480 4 2 1 1 1400 2282 2089 2500
5481 4 2 1 1 1998 587 2188 2196
5482 4 2 1 1 1717 2187 1831 2215
5483 4 2 1 1 2226 2297 1658 2366
5484 4 2 1 1 1856 2076 1726 2319
5485 4 2 1 1 1646 2075 1505 2332
5486 4 2 1 1 1595 1389 1534 2539
5487 4 2 1 1 1569 2117 2074 2377
5488 4 2 1 1 1559 1370 2226 2366
5489 4 2 1 1 1051 2034 2009 2250
5490 4 2 1 1 1488 2077 2375 2469
5491 4 2 1 1 1006 2223 2162 2253
5492 4 2 1 1 1747 2094 2330 2399
5493 4 2 1 1 659 1235 707 2180
5494 4 2 1 1 1891 1808 1342 2126
5495 4 2 1 1 492 2033 675 2420
5496 4 2 1 1 692 2231 2074 2377
5497 4 2 1 1 225 2145 1553 2188
5498 4 2 1 1 379 2035 2362 2436
5499 4 2 1 1 1087 863 918 2249
5500 4 2 1 1 905 2232 2017 2242
5501 4 2 1 1 2121 1844 2176 2478
5502 4 2 1 1 2087 2115 1779 2505
5503 4 2 1 1 674 2114 661 2303
5504 4 2 1 1 32 2145 2005 2188
5505 4 2 1 1 2217 2220 1700 2278
5506 4 2 1 1 936 2115 2239 2252
5507 4 2 1 1 863 859 864 2467
5508 4 2 1 1 1452 1455 2312 2322
5509 4 2 1 1 338 2199 2128 2497
5510 4 2 1 1 972 2271 2163 2404
5511 4 2 1 1 401 2199 2127 2228
5512 4 2 1 1 664 2058 465 2373
5513 4 2 1 1 1052 2232 2024 2435
5514 4 2 1 1 2079 2381 2201 2485
5515 4 2 1 1 872 1103 2221 2388
5516 4 2 1 1 996 776 779 2351
5517 4 2 1 1 1486 2486 2014 2518
5518 4 2 1 1 1867 2044 1797 2249
5519 4 2 1 1 2142 2304 718 2419
5520 4 2 1 1 2151 2184 1830 2198
5521 4 2 1 1 2169 2206 2046 2446
5522 4 2 1 1 859 2083 2254 2467
5523 4 2 1 1 1763 2211 2173 2245
5524 4 2 1 1 397 2092 387 2383
5525 4 2 1 1 896 2320 2131 2542
5526 4 2 1 1 1418 2128 2098 2370
5527 4 2 1 1 280 2234 2342 2496
5528 4 2 1 1 652 643 2062 2111
5529 4 2 1 1 1464 1458 1459 2493
5530 4 2 1 1 2086 2132 1572 2294
5531 4 2 1 1 1503 2182 2124 2473
5532 4 2 1 1 1797 1796 2009 2508
5533 4 2 1 1 1711 2138 2207 2413
5534 4 2 1 1 1664 2233 2170 2279
5535 4 2 1 1 2053 2183 2060 2436
5536 4 2 1 1 1046 2113 2154 2448
5537 4 2 1 1 1804 2163 2208 2271
5538 4 2 1 1 1700 1854 2158 2217
5539 4 2 1 1 629 2133 636 2488
5540 4 2 1 1 566 2080 432 2485
5541 4 2 1 1 1596 2132 2077 2294
5542 4 2 1 1 2005 2145 225 2188
5543 4 2 1 1 2065 2074 1467 2499
5544 4 2 1 1 836 820 862 2176
5545 4 2 1 1 1616 2053 1440 2161
5546 4 2 1 1 228 2280 2120 2310
5547 4 2 1 1 1565 2075 2020 2393
5548 4 2 1 1 710 657 473 2055
5549 4 2 1 1 1867 2004 2083 2249
5550 4 2 1 1 1417 2153 2128 2497
5551 4 2 1 1 1873 2107 1860 2254
5552 4 2 1 1 1421 2157 1422 2210
5553 4 2 1 1 1937 1922 1832 2029
5554 4 2 1 1 228 2041 2280 2310
5555 4 2 1 1 1958 1101 2360 2507
5556 4 2 1 1 2061 2084 459 2489
5557 4 2 1 1 735 2245 1245 2333
5558 4 2 1 1 1712 2138 2308 2434
5559 4 2 1 1 1897 2068 1724 2106
5560 4 2 1 1 1995 2092 2039 2475
5561 4 2 1 1 939 2004 2049 2403
5562 4 2 1 1 2009 2034 1051 2299
5563 4 2 1 1 675 2033 492 2504
5564 4 2 1 1 1851 2306 2184 2502
5565 4 2 1 1 1404 2085 2078 2161
5566 4 2 1 1 1630 2055 2274 2343
5567 4 2 1 1 1937 1922 2029 2101
5568 4 2 1 1 907 2116 2017 2285
5569 4 2 1 1 1616 2053 2161 2268
5570 4 2 1 1 988 2131 896 2320
5571 4 2 1 1 464 2225 2111 2480
5572 4 2 1 1 2063 2312 1455 2322
5573 4 2 1 1 1694 1677 1809 2411
5574 4 2 1 1 1867 1797 1800 2249
5575 4 2 1 1 786 792 2337 2466
5576 4 2 1 1 277 2080 2188 2196
5577 4 2 1 1 2050 2160 994 2235
5578 4 2 1 1 1162 2027 853 2050
5579 4 2 1 1 1553 2145 2080 2188
5580 4 2 1 1 1948 1108 1118 865
5581 4 2 1 1 2105 2441 2082 2532
5582 4 2 1 1 2061 2352 2084 2489
5583 4 2 1 1 820 2143 862 2176
5584 4 2 1 1 716 2293 2056 2347
5585 4 2 1 1 1415 2086 1572 2294
5586 4 2 1 1 2085 2177 654 2345
5587 4 2 1 1 21 2234 2045 2416
5588 4 2 1 1 1859 1669 2121 2367
5589 4 2 1 1 643 2062 2111 2395
5590 4 2 1 1 2161 2268 576 2426
5591 4 2 1 1 872 2221 2286 2388
5592 4 2 1 1 1711 2207 2138 2434
5593 4 2 1 1 636 2102 405 2488
5594 4 2 1 1 847 2101 2399 2533
5595 4 2 1 1 2164 2444 1690 2476
5596 4 2 1 1 355 357 2137 2209
5597 4 2 1 1 1845 2162 2121 2529
5598 4 2 1 1 423 2228 2137 2261
5599 4 2 1 1 890 2125 2240 2364
5600 4 2 1 1 2202 2270 725 2340
5601 4 2 1 1 1804 1777 2163 2404
5602 4 2 1 1 2070 2110 556 2289
5603 4 2 1 1 21 264 2103 2457
5604 4 2 1 1 2203 2220 977 2278
5605 4 2 1 1 735 1123 1157 2333
5606 4 2 1 1 890 2363 2125 2364
5607 4 2 1 1 829 825 826 2495
5608 4 2 1 1 1444 1445 1458 2209
5609 4 2 1 1 816 2107 2083 2470
5610 4 2 1 1 1892 2202 2186 2340
5611 4 2 1 1 996 2351 2015 2411
5612 4 2 1 1 626 2081 2109 2228
5613 4 2 1 1 1426 1428 2228 2261
5614 4 2 1 1 2041 2151 1148 2390
5615 4 2 1 1 1396 1588 2194 2309
5616 4 2 1 1 591 693 279 2259
5617 4 2 1 1 457 468 456 2180
5618 4 2 1 1 413 2014 2398 2400
5619 4 2 1 1 2050 995 2160 2515
5620 4 2 1 1 412 290 288 2040
5621 4 2 1 1 1723 2106 2143 2465
5622 4 2 1 1 312 2098 310 2128
5623 4 2 1 1 1412 1572 2086 2132
5624 4 2 1 1 2048 2291 1537 2315
5625 4 2 1 1 1901 2107 1873 2176
5626 4 2 1 1 1519 1469 2200 2341
5627 4 2 1 1 259 29 2020 2196
5628 4 2 1 1 962 2163 971 2208
5629 4 2 1 1 2092 2475 2428 2517
5630 4 2 1 1 1488 2057 1473 2375
5631 4 2 1 1 1474 2128 1557 2199
5632 4 2 1 1 270 615 1216 2296
5633 4 2 1 1 232 2028 2236 2244
5634 4 2 1 1 572 674 661 2303
5635 4 2 1 1 933 2202 2149 2270
5636 4 2 1 1 1502 2172 1605 2233
5637 4 2 1 1 1488 2375 1473 2469
5638 4 2 1 1 2015 2305 2030 2351
5639 4 2 1 1 1097 940 2043 2101
5640 4 2 1 1 644 2268 2053 2362
5641 4 2 1 1 2104 2324 2051 2438
5642 4 2 1 1 1855 2232 2034 2427
5643 4 2 1 1 580 2032 482 2234
5644 4 2 1 1 689 470 676 2257
5645 4 2 1 1 2232 2242 838 2405
5646 4 2 1 1 955 2211 882 2215
5647 4 2 1 1 465 676 470 2036
5648 4 2 1 1 372 598 374 2077
5649 4 2 1 1 2266 2365 821 2443
5650 4 2 1 1 1724 1856 1726 2319
5651 4 2 1 1 629 2425 2133 2488
5652 4 2 1 1 1723 2106 1725 2143
5653 4 2 1 1 1524 2227 2255 2503
5654 4 2 1 1 1440 1624 1409 2183
5655 4 2 1 1 41 1292 1349 2287
5656 4 2 1 1 1467 2065 1450 2317
5657 4 2 1 1 623 327 631 2397
5658 4 2 1 1 1551 1550 1608 2349
5659 4 2 1 1 1867 2083 2044 2249
5660 4 2 1 1 653 2026 1176 2061
5661 4 2 1 1 1433 1483 2353 2397
5662 4 2 1 1 767 2118 2059 2212
5663 4 2 1 1 606 2140 1996 2429
5664 4 2 1 1 2005 2146 717 2314
5665 4 2 1 1 1551 1608 2093 2349
5666 4 2 1 1 623 2071 327 2397
5667 4 2 1 1 574 2229 2011 2291
5668 4 2 1 1 2041 2151 1688 2198
5669 4 2 1 1 1494 1453 2297 2389
5670 4 2 1 1 652 2111 2062 2373
5671 4 2 1 1 397 2092 2383 2433
5672 4 2 1 1 1474 2124 2128 2199
5673 4 2 1 1 1459 2172 1464 2493
5674 4 2 1 1 1572 2077 1596 2132
5675 4 2 1 1 753 2095 1100 2096
5676 4 2 1 1 1996 215 2024 2490
5677 4 2 1 1 606 2140 2429 2504
5678 4 2 1 1 579 2042 332 2089
5679 4 2 1 1 1694 1809 2119 2411
5680 4 2 1 1 1648 1530 1381 1341
5681 4 2 1 1 1717 2211 2187 2215
5682 4 2 1 1 464 2111 2373 2480
5683 4 2 1 1 1204 2260 2004 2444
5684 4 2 1 1 1041 2044 799 2470
5685 4 2 1 1 359 2209 355 2216
5686 4 2 1 1 517 2159 359 2216
5687 4 2 1 1 1909 1690 2444 2476
5688 4 2 1 1 511 660 2227 2255
5689 4 2 1 1 1046 2154 2113 2415
5690 4 2 1 1 751 2094 2095 2546
5691 4 2 1 1 933 2149 2202 2320
5692 4 2 1 1 664 465 464 2373
5693 4 2 1 1 1998 2020 29 2196
5694 4 2 1 1 21 2045 2024 2416
5695 4 2 1 1 265 497 2052 2074
5696 4 2 1 1 1572 1597 1596 2077
5697 4 2 1 1 1949 1948 1108 2507
5698 4 2 1 1 940 1134 2244 2452
5699 4 2 1 1 840 842 2253 2295
5700 4 2 1 1 776 2178 779 2351
5701 4 2 1 1 376 379 567 2344
5702 4 2 1 1 574 573 2229 2291
5703 4 2 1 1 1764 2165 1765 2185
5704 4 2 1 1 1539 2032 2103 2234
5705 4 2 1 1 390 378 398 2325
5706 4 2 1 1 1735 2095 1931 2252
5707 4 2 1 1 2054 2105 697 2532
5708 4 2 1 1 1020 1022 2245 2264
5709 4 2 1 1 630 2053 563 2183
5710 4 2 1 1 786 2337 2076 2466
5711 4 2 1 1 1929 1811 2169 2446
5712 4 2 1 1 1236 2162 720 2223
5713 4 2 1 1 507 2214 2147 2219
5714 4 2 1 1 1572 1597 2077 2132
5715 4 2 1 1 265 2052 497 2530
5716 4 2 1 1 1732 1828 2139 2292
5717 4 2 1 1 1753 2202 1752 2320
5718 4 2 1 1 1449 1567 1451 2394
5719 4 2 1 1 1821 2286 2156 2445
5720 4 2 1 1 1851 2184 2306 2399
5721 4 2 1 1 2072 2120 558 2310
5722 4 2 1 1 2023 2044 799 2299
5723 4 2 1 1 383 385 2171 2389
5724 4 2 1 1 2207 2413 2138 2434
5725 4 2 1 1 1421 2071 1433 2157
5726 4 2 1 1 751 2306 2094 2546
5727 4 2 1 1 1677 2351 1809 2411
5728 4 2 1 1 439 2111 2225 2498
5729 4 2 1 1 450 2144 395 2341
5730 4 2 1 1 1600 2247 2200 2248
5731 4 2 1 1 1505 2332 2075 2424
5732 4 2 1 1 767 765 2118 2212
5733 4 2 1 1 1517 1648 2052 2338
5734 4 2 1 1 1142 2008 1107 2285
5735 4 2 1 1 2047 2104 2051 2438
5736 4 2 1 1 2058 2373 1463 2480
5737 4 2 1 1 1458 2152 1459 2493
5738 4 2 1 1 1852 2150 2096 2151
5739 4 2 1 1 2014 1486 2439 2486
5740 4 2 1 1 1165 2010 2250 2460
5741 4 2 1 1 1683 1806 1352 2456
5742 4 2 1 1 2127 2137 1548 2216
5743 4 2 1 1 1489 2066 2057 2325
5744 4 2 1 1 405 553 406 2483
5745 4 2 1 1 2026 2067 1614 2352
5746 4 2 1 1 1503 2124 1570 2473
5747 4 2 1 1 574 2011 2229 2332
5748 4 2 1 1 586 673 2145 2188
5749 4 2 1 1 41 1349 2073 2287
5750 4 2 1 1 345 356 2127 2216
5751 4 2 1 1 1438 1448 2117 2458
5752 4 2 1 1 1955 2266 825 2453
5753 4 2 1 1 413 2090 2014 2400
5754 4 2 1 1 371 2064 293 2322
5755 4 2 1 1 1780 1777 1804 2404
5756 4 2 1 1 1891 1683 1342 1808
5757 4 2 1 1 1941 2334 830 2407
5758 4 2 1 1 374 2077 2289 2375
5759 4 2 1 1 1428 1430 2137 2261
5760 4 2 1 1 2108 2204 1714 2308
5761 4 2 1 1 665 2229 2003 2362
5762 4 2 1 1 1473 2057 2110 2375
5763 4 2 1 1 1710 2363 1837 2364
5764 4 2 1 1 2135 2421 663 2458
5765 4 2 1 1 645 654 2177 2345
5766 4 2 1 1 1780 1804 2134 2404
5767 4 2 1 1 663 2349 2135 2458
5768 4 2 1 1 1573 1442 2071 2289
5769 4 2 1 1 2110 2375 2057 2401
5770 4 2 1 1 471 473 584 2055
5771 4 2 1 1 819 856 2254 2478
5772 4 2 1 1 1323 1342 1808 2126
5773 4 2 1 1 2147 2182 364 2197
5774 4 2 1 1 1646 1505 2075 2424
5775 4 2 1 1 368 2152 2209 2493
5776 4 2 1 1 1432 2071 2210 2430
5777 4 2 1 1 951 2270 2149 2293
5778 4 2 1 1 2150 2151 928 2502
5779 4 2 1 1 1377 1630 2055 2274
5780 4 2 1 1 744 1293 1348 2043
5781 4 2 1 1 1768 2046 2206 2235
5782 4 2 1 1 1756 2118 2059 2213
5783 4 2 1 1 428 2110 2079 2471
5784 4 2 1 1 1123 2173 1157 2333
5785 4 2 1 1 2103 2398 1539 2439
5786 4 2 1 1 1539 2103 2032 2398
5787 4 2 1 1 11 250 1888 2243
5788 4 2 1 1 41 2073 2028 2287
5789 4 2 1 1 754 2095 2252 2326
5790 4 2 1 1 2018 2140 435 2383
5791 4 2 1 1 1681 1937 2029 2184
5792 4 2 1 1 2104 2438 2047 2443
5793 4 2 1 1 939 2049 1039 2403
5794 4 2 1 1 449 2177 2114 2195
5795 4 2 1 1 1175 1039 2049 2403
5796 4 2 1 1 704 2420 1999 2433
5797 4 2 1 1 1878 2175 2143 2176
5798 4 2 1 1 1722 2106 1721 2459
5799 4 2 1 1 2153 2171 1439 2526
5800 4 2 1 1 1465 2273 2064 2312
5801 4 2 1 1 272 2233 583 2414
5802 4 2 1 1 1952 238 2046 2212
5803 4 2 1 1 428 2401 2110 2471
5804 4 2 1 1 1538 2301 1514 2540
5805 4 2 1 1 755 1100 753 2095
5806 4 2 1 1 1476 2124 1503 2197
5807 4 2 1 1 1696 1698 1695 2278
5808 4 2 1 1 1845 2121 1853 2529
5809 4 2 1 1 608 387 2092 2272
5810 4 2 1 1 1448 2065 1467 2499
5811 4 2 1 1 401 2127 520 2228
5812 4 2 1 1 1711 2138 1712 2434
5813 4 2 1 1 783 2047 795 2068
5814 4 2 1 1 1996 2103 1609 2449
5815 4 2 1 1 1837 2165 2131 2363
5816 4 2 1 1 1456 2063 1567 2313
5817 4 2 1 1 677 2394 2093 2458
5818 4 2 1 1 1473 2057 1629 2522
5819 4 2 1 1 1866 1729 2069 2099
5820 4 2 1 1 1674 1855 2232 2490
5821 4 2 1 1 1396 1588 2309 2468
5822 4 2 1 1 1324 1360 1381 2052
5823 4 2 1 1 1968 1963 2142 2193
5824 4 2 1 1 754 2100 2095 2326
5825 4 2 1 1 1024 2076 786 2319
5826 4 2 1 1 1287 1995 615 2318
5827 4 2 1 1 1646 2011 1373 2259
5828 4 2 1 1 2176 2254 2121 2478
5829 4 2 1 1 1630 1544 2055 2343
5830 4 2 1 1 1439 2514 1561 2526
5831 4 2 1 1 1175 1290 2049 2367
5832 4 2 1 1 1968 1963 1966 2142
5833 4 2 1 1 557 466 2120 2225
5834 4 2 1 1 887 2125 891 2276
5835 4 2 1 1 1866 2069 1799 2083
5836 4 2 1 1 566 432 2080 2471
5837 4 2 1 1 994 2160 759 2235
5838 4 2 1 1 652 643 2111 2395
5839 4 2 1 1 589 2261 358 2275
5840 4 2 1 1 579 2042 2089 2329
5841 4 2 1 1 1360 1540 1381 2530
5842 4 2 1 1 1620 1505 2229 2332
5843 4 2 1 1 405 2102 553 2483
5844 4 2 1 1 2123 2144 416 2288
5845 4 2 1 1 2102 2148 405 2488
5846 4 2 1 1 857 2154 860 2544
5847 4 2 1 1 230 231 1377 2055
5848 4 2 1 1 1616 1440 1581 2161
5849 4 2 1 1 843 846 2027 2256
5850 4 2 1 1 829 1946 825 2495
5851 4 2 1 1 1573 2071 2192 2289
5852 4 2 1 1 1712 1714 2204 2308
5853 4 2 1 1 2324 2438 2008 2487
5854 4 2 1 1 367 368 2209 2493
5855 4 2 1 1 626 2109 2081 2339
5856 4 2 1 1 1433 2353 2157 2397
5857 4 2 1 1 1734 1931 2100 2252
5858 4 2 1 1 1577 2262 2084 2451
5859 4 2 1 1 1542 2159 1454 2209
5860 4 2 1 1 1821 2130 2286 2445
5861 4 2 1 1 1373 1646 1620 2011
5862 4 2 1 1 515 2128 338 2199
5863 4 2 1 1 1617 2486 2038 2494
5864 4 2 1 1 1474 1418 1557 2128
5865 4 2 1 1 1068 2164 2002 2260
5866 4 2 1 1 1937 2029 2184 2399
5867 4 2 1 1 2058 2112 1463 2373
5868 4 2 1 1 2016 2084 1640 2489
5869 4 2 1 1 1108 1101 1949 2507
5870 4 2 1 1 991 1118 1116 2346
5871 4 2 1 1 1209 2004 1680 2444
5872 4 2 1 1 944 2151 2041 2198
5873 4 2 1 1 575 2067 2038 2355
5874 4 2 1 1 916 936 2239 2252
5875 4 2 1 1 299 540 297 2545
5876 4 2 1 1 2147 2219 1665 2348
5877 4 2 1 1 2109 2199 516 2228
5878 4 2 1 1 1474 2124 1475 2497
5879 4 2 1 1 819 817 2107 2254
5880 4 2 1 1 1710 2125 2363 2364
5881 4 2 1 1 1779 2087 1741 2115
5882 4 2 1 1 1009 717 2205 2314
5883 4 2 1 1 1830 2096 1851 2502
5884 4 2 1 1 663 2093 2349 2458
5885 4 2 1 1 1519 1468 1469 2341
5886 4 2 1 1 1009 2205 2027 2314
5887 4 2 1 1 1428 1429 1430 2261
5888 4 2 1 1 1134 2101 2244 2452
5889 4 2 1 1 1403 2282 1400 2500
5890 4 2 1 1 1615 2182 2147 2197
5891 4 2 1 1 2024 2045 21 2435
5892 4 2 1 1 1832 2029 1922 2452
5893 4 2 1 1 776 2351 996 2411
5894 4 2 1 1 1873 2121 1844 2176
5895 4 2 1 1 299 2088 540 2545
5896 4 2 1 1 1730 2337 1739 2466
5897 4 2 1 1 1754 2125 1831 2187
5898 4 2 1 1 406 553 2195 2483
5899 4 2 1 1 224 1998 1963 2193
5900 4 2 1 1 1359 1917 1675 2013
5901 4 2 1 1 2098 2128 312 2370
5902 4 2 1 1 1426 2228 1427 2261
5903 4 2 1 1 2029 2101 1922 2452
5904 4 2 1 1 1838 1821 2156 2445
5905 4 2 1 1 1055 2320 2165 2363
5906 4 2 1 1 1408 1571 1406 2345
5907 4 2 1 1 744 1092 1293 2043
5908 4 2 1 1 590 516 2199 2228
5909 4 2 1 1 1548 2137 1441 2216
5910 4 2 1 1 2098 2128 1418 2516
5911 4 2 1 1 1116 2346 1947 2409
5912 4 2 1 1 2116 2324 2008 2487
5913 4 2 1 1 1439 1561 2153 2526
5914 4 2 1 1 902 2108 2149 2542
5915 4 2 1 1 2044 2023 2470 2523
5916 4 2 1 1 2065 2317 2074 2499
5917 4 2 1 1 1061 2251 2001 2491
5918 4 2 1 1 1702 1732 2139 2220
5919 4 2 1 1 1868 2239 1746 2269
5920 4 2 1 1 2050 2150 995 2515
5921 4 2 1 1 659 1238 2180 2267
5922 4 2 1 1 677 2065 2394 2458
5923 4 2 1 1 1809 2351 2119 2411
5924 4 2 1 1 819 2107 818 2356
5925 4 2 1 1 2145 2146 226 2543
5926 4 2 1 1 1705 2167 1704 2215
5927 4 2 1 1 238 2118 2046 2212
5928 4 2 1 1 2000 2396 1921 2412
5929 4 2 1 1 1402 1400 2078 2303
5930 4 2 1 1 2122 2178 1720 2459
5931 4 2 1 1 1929 2169 1786 2206
5932 4 2 1 1 1895 2224 2218 2333
5933 4 2 1 1 587 30 1998 2188
5934 4 2 1 1 291 293 2064 2312
5935 4 2 1 1 1473 1489 1629 2057
5936 4 2 1 1 1710 2125 1837 2363
5937 4 2 1 1 665 2003 463 2362
5938 4 2 1 1 830 1017 2334 2391
5939 4 2 1 1 1439 2153 1586 2171
5940 4 2 1 1 1821 1838 1872 2445
5941 4 2 1 1 1287 615 1216 270
5942 4 2 1 1 321 2085 654 2345
5943 4 2 1 1 303 531 305 2339
5944 4 2 1 1 1887 2012 2104 2443
5945 4 2 1 1 1092 2043 940 2073
5946 4 2 1 1 310 2128 2098 2516
5947 4 2 1 1 897 2108 2204 2239
5948 4 2 1 1 1408 1406 2085 2345
5949 4 2 1 1 1472 2079 1460 2522
5950 4 2 1 1 2028 2073 40 2244
5951 4 2 1 1 2018 2486 1617 2494
5952 4 2 1 1 450 2200 2144 2341
5953 4 2 1 1 2289 2375 2077 2469
5954 4 2 1 1 996 1072 2015 2030
5955 4 2 1 1 417 416 2144 2288
5956 4 2 1 1 250 2006 1888 2243
5957 4 2 1 1 331 2089 2016 2525
5958 4 2 1 1 1774 2305 1672 2365
5959 4 2 1 1 1856 1920 1758 2068
5960 4 2 1 1 393 2090 392 2371
5961 4 2 1 1 385 2171 2129 2263
5962 4 2 1 1 277 625 2080 2196
5963 4 2 1 1 1538 2315 2301 2540
5964 4 2 1 1 1405 2177 2114 2303
5965 4 2 1 1 712 1278 1173 2025
5966 4 2 1 1 2112 2313 1456 2520
5967 4 2 1 1 1621 2084 2061 2352
5968 4 2 1 1 336 332 350 2309
5969 4 2 1 1 1412 1410 1572 2132
5970 4 2 1 1 397 2383 414 2433
5971 4 2 1 1 1634 1665 1523 2147
5972 4 2 1 1 1856 2076 2068 2417
5973 4 2 1 1 1173 2025 1210 2026
5974 4 2 1 1 331 335 2016 2089
5975 4 2 1 1 830 252 1945 2391
5976 4 2 1 1 1765 1764 1753 2165
5977 4 2 1 1 1482 1492 2197 2238
5978 4 2 1 1 2017 2116 2242 2474
5979 4 2 1 1 1694 2323 1677 2411
5980 4 2 1 1 1437 1438 1447 2135
5981 4 2 1 1 1704 2139 1743 2215
5982 4 2 1 1 1052 2024 2232 2321
5983 4 2 1 1 1634 1665 2147 2219
5984 4 2 1 1 1578 1500 1642 2195
5985 4 2 1 1 1642 2097 2195 2283
5986 4 2 1 1 1621 1576 2061 2084
5987 4 2 1 1 1883 2185 1765 2374
5988 4 2 1 1 1600 2200 2144 2248
5989 4 2 1 1 1883 2163 2185 2374
5990 4 2 1 1 1690 2164 1171 2260
5991 4 2 1 1 2107 2254 2083 2467
5992 4 2 1 1 220 1373 1568 2011
5993 4 2 1 1 1900 2304 2113 2541
5994 4 2 1 1 1488 2077 1597 2344
5995 4 2 1 1 2087 2094 1741 2372
5996 4 2 1 1 282 2082 2028 2532
5997 4 2 1 1 1572 2132 1596 2294
5998 4 2 1 1 716 2056 1138 2347
5999 4 2 1 1 1174 727 2004 2260
6000 4 2 1 1 368 2152 360 2209
6001 4 2 1 1 626 627 2081 2228
6002 4 2 1 1 745 746 747 2330
6003 4 2 1 1 2100 2206 1908 2207
6004 4 2 1 1 2004 2260 2249 2444
6005 4 2 1 1 1688 2151 1830 2198
6006 4 2 1 1 2024 2232 2017 2435
6007 4 2 1 1 347 2077 373 2344
6008 4 2 1 1 1752 2202 2149 2320
6009 4 2 1 1 1514 2301 2037 2540
6010 4 2 1 1 1731 1901 2176 2356
6011 4 2 1 1 1640 2352 2194 2489
6012 4 2 1 1 246 224 1963 2193
6013 4 2 1 1 1407 2085 1404 2161
6014 4 2 1 1 724 954 1111 2269
6015 4 2 1 1 1462 1623 2070 2395
6016 4 2 1 1 1227 1249 1232 2388
6017 4 2 1 1 221 2259 2113 2304
6018 4 2 1 1 1455 2063 1457 2257
6019 4 2 1 1 1395 1617 2038 2494
6020 4 2 1 1 1087 2083 863 2249
6021 4 2 1 1 1932 2146 2005 2314
6022 4 2 1 1 859 2049 864 2467
6023 4 2 1 1 1409 1434 1410 2183
6024 4 2 1 1 439 2201 2111 2498
6025 4 2 1 1 2075 2259 624 2332
6026 4 2 1 1 2129 1658 2297 2366
6027 4 2 1 1 1431 2127 2199 2228
6028 4 2 1 1 335 2016 2089 2309
6029 4 2 1 1 1769 2100 2160 2206
6030 4 2 1 1 1725 2143 2106 2319
6031 4 2 1 1 1641 2233 1664 2279
6032 4 2 1 1 1295 1323 1359 2013
6033 4 2 1 1 2069 2470 2023 2523
6034 4 2 1 1 994 1140 2050 2235
6035 4 2 1 1 2120 2280 1543 2343
6036 4 2 1 1 1210 2025 1589 2026
6037 4 2 1 1 1459 2152 2172 2493
6038 4 2 1 1 629 453 636 2133
6039 4 2 1 1 804 2365 2047 2443
6040 4 2 1 1 896 2131 2108 2542
6041 4 2 1 1 1502 1468 1605 2172
6042 4 2 1 1 1412 2091 2086 2382
6043 4 2 1 1 1658 1559 2226 2366
6044 4 2 1 1 1866 2083 1861 2107
6045 4 2 1 1 2203 2327 1703 2386
6046 4 2 1 1 289 288 290 2273
6047 4 2 1 1 338 341 515 2199
6048 4 2 1 1 2147 2214 1634 2219
6049 4 2 1 1 272 2191 684 2233
6050 4 2 1 1 780 2068 781 2178
6051 4 2 1 1 1431 2199 1423 2228
6052 4 2 1 1 1507 1463 2112 2373
6053 4 2 1 1 574 2229 573 2332
6054 4 2 1 1 803 2051 2047 2417
6055 4 2 1 1 1024 2319 2143 2512
6056 4 2 1 1 486 2392 2039 2433
6057 4 2 1 1 432 2079 2201 2485
6058 4 2 1 1 502 364 2147 2182
6059 4 2 1 1 872 2286 2181 2388
6060 4 2 1 1 1995 2272 683 2501
6061 4 2 1 1 1852 2096 1830 2151
6062 4 2 1 1 783 2047 2068 2417
6063 4 2 1 1 1162 844 853 2027
6064 4 2 1 1 1051 2009 848 2250
6065 4 2 1 1 1902 1914 1872 2130
6066 4 2 1 1 1754 2125 2187 2276
6067 4 2 1 1 1851 2096 2306 2502
6068 4 2 1 1 2008 2104 857 2438
6069 4 2 1 1 1703 1704 2167 2327
6070 4 2 1 1 1947 1941 831 2407
6071 4 2 1 1 392 2090 2018 2371
6072 4 2 1 1 1997 2433 2033 2504
6073 4 2 1 1 507 508 2214 2447
6074 4 2 1 1 1281 2164 729 2260
6075 4 2 1 1 1523 2147 1610 2432
6076 4 2 1 1 848 2009 1057 2454
6077 4 2 1 1 1439 2171 1446 2425
6078 4 2 1 1 394 395 2152 2341
6079 4 2 1 1 1283 210 1200 2539
6080 4 2 1 1 2039 486 2433 2501
6081 4 2 1 1 1736 1848 2115 2252
6082 4 2 1 1 653 481 2026 2061
6083 4 2 1 1 2127 2182 345 2216
6084 4 2 1 1 2031 2116 1748 2474
6085 4 2 1 1 2062 2353 1483 2397
6086 4 2 1 1 2093 2313 1567 2394
6087 4 2 1 1 1245 2245 1259 2333
6088 4 2 1 1 1694 2190 2119 2230
6089 4 2 1 1 1741 2087 1747 2094
6090 4 2 1 1 1412 1411 2091 2382
6091 4 2 1 1 476 2061 459 2352
6092 4 2 1 1 1811 1668 2118 2446
6093 4 2 1 1 1209 1680 1865 2444
6094 4 2 1 1 433 2201 2079 2395
6095 4 2 1 1 503 2147 364 2197
6096 4 2 1 1 1162 853 995 2050
6097 4 2 1 1 757 2160 2100 2206
6098 4 2 1 1 322 2085 323 2161
6099 4 2 1 1 2298 2514 452 2526
6100 4 2 1 1 507 2214 2219 2447
6101 4 2 1 1 1952 2046 1942 2346
6102 4 2 1 1 1784 2027 2150 2484
6103 4 2 1 1 557 2120 2072 2225
6104 4 2 1 1 1868 2115 2239 2269
6105 4 2 1 1 724 1300 954 2347
6106 4 2 1 1 958 2141 2187 2276
6107 4 2 1 1 902 2149 2320 2542
6108 4 2 1 1 2016 1398 2089 2468
6109 4 2 1 1 1458 1464 2368 2493
6110 4 2 1 1 1908 2100 1769 2206
6111 4 2 1 1 1030 2302 2154 2463
6112 4 2 1 1 859 2254 2049 2467
6113 4 2 1 1 21 2416 2024 2457
6114 4 2 1 1 1760 2015 1954 2030
6115 4 2 1 1 405 406 2283 2483
6116 4 2 1 1 643 631 2062 2070
6117 4 2 1 1 268 712 1173 2025
6118 4 2 1 1 229 2041 2198 2280
6119 4 2 1 1 1804 2163 1885 2208
6120 4 2 1 1 858 2008 857 2438
6121 4 2 1 1 1514 1538 1604 2037
6122 4 2 1 1 1848 1715 2204 2252
6123 4 2 1 1 1712 2204 1713 2434
6124 4 2 1 1 433 2079 431 2395
6125 4 2 1 1 1830 1851 2184 2502
6126 4 2 1 1 591 279 26 2259
6127 4 2 1 1 347 373 544 2344
6128 4 2 1 1 504 2147 507 2214
6129 4 2 1 1 755 2095 2100 2335
6130 4 2 1 1 1046 719 2241 2448
6131 4 2 1 1 741 2073 940 2244
6132 4 2 1 1 1851 2306 2096 2546
6133 4 2 1 1 1345 1300 724 2347
6134 4 2 1 1 542 544 2060 2132
6135 4 2 1 1 449 460 2177 2195
6136 4 2 1 1 2074 2231 497 2530
6137 4 2 1 1 1486 2014 1487 2518
6138 4 2 1 1 358 2261 2137 2275
6139 4 2 1 1 695 602 2166 2366
6140 4 2 1 1 1727 2356 2143 2512
6141 4 2 1 1 1599 1647 2082 2287
6142 4 2 1 1 411 2097 408 2195
6143 4 2 1 1 1182 1271 2227 2255
6144 4 2 1 1 954 716 1138 2347
6145 4 2 1 1 1829 2184 1681 2198
6146 4 2 1 1 840 2253 2175 2295
6147 4 2 1 1 2155 2167 1706 2240
6148 4 2 1 1 1578 2097 2180 2262
6149 4 2 1 1 1147 2218 1232 2388
6150 4 2 1 1 324 322 323 2161
6151 4 2 1 1 1281 1206 1215 2164
6152 4 2 1 1 2074 2231 1659 2377
6153 4 2 1 1 1108 1948 1949 865
6154 4 2 1 1 1405 2078 1404 2177
6155 4 2 1 1 348 2016 674 2303
6156 4 2 1 1 1723 2143 1878 2465
6157 4 2 1 1 1132 2122 2119 2528
6158 4 2 1 1 1104 1163 727 2260
6159 4 2 1 1 1392 2067 2025 2422
6160 4 2 1 1 226 2005 1932 2146
6161 4 2 1 1 1148 2205 2041 2390
6162 4 2 1 1 1436 2081 1550 2349
6163 4 2 1 1 907 2285 2017 2435
6164 4 2 1 1 608 683 2272 2501
6165 4 2 1 1 757 755 2100 2160
6166 4 2 1 1 855 2151 2150 2390
6167 4 2 1 1 1618 1507 2112 2373
6168 4 2 1 1 1052 2017 2232 2435
6169 4 2 1 1 1486 2042 2486 2518
6170 4 2 1 1 1439 2133 2514 2526
6171 4 2 1 1 994 2050 995 2160
6172 4 2 1 1 381 2171 385 2263
6173 4 2 1 1 1526 1628 2196 2393
6174 4 2 1 1 1465 2040 2273 2312
6175 4 2 1 1 797 2023 798 2482
6176 4 2 1 1 1640 2084 2352 2489
6177 4 2 1 1 345 2182 2127 2473
6178 4 2 1 1 1224 1176 1288 2026
6179 4 2 1 1 418 2135 2123 2288
6180 4 2 1 1 32 2005 31 2188
6181 4 2 1 1 2007 2428 2092 2475
6182 4 2 1 1 1467 2317 1450 2402
6183 4 2 1 1 1808 1359 1323 2013
6184 4 2 1 1 1447 1438 1448 2117
6185 4 2 1 1 1235 261 707 2180
6186 4 2 1 1 1488 2344 1597 2437
6187 4 2 1 1 842 2168 2253 2295
6188 4 2 1 1 1593 1660 2428 2475
6189 4 2 1 1 2030 1015 2266 2365
6190 4 2 1 1 1501 2112 1456 2520
6191 4 2 1 1 2257 2274 689 2479
6192 4 2 1 1 1165 2010 935 2232
6193 4 2 1 1 1779 1869 2013 2269
6194 4 2 1 1 2081 1427 2228 2261
6195 4 2 1 1 1713 2326 2207 2434
6196 4 2 1 1 799 797 1041 2470
6197 4 2 1 1 795 2068 2047 2305
6198 4 2 1 1 254 2027 2256 2331
6199 4 2 1 1 696 282 2082 2287
6200 4 2 1 1 2075 1526 2325 2393
6201 4 2 1 1 996 2015 773 2411
6202 4 2 1 1 2072 2146 2145 2543
6203 4 2 1 1 1396 2194 2038 2309
6204 4 2 1 1 719 2019 2241 2448
6205 4 2 1 1 1021 1020 1022 2245
6206 4 2 1 1 2065 677 2421 2458
6207 4 2 1 1 1727 2099 2356 2512
6208 4 2 1 1 311 2098 309 2294
6209 4 2 1 1 2003 2301 1538 2315
6210 4 2 1 1 1452 1465 2064 2312
6211 4 2 1 1 449 2114 411 2195
6212 4 2 1 1 405 2148 2102 2483
6213 4 2 1 1 2016 2194 1588 2309
6214 4 2 1 1 2080 2145 1553 2381
6215 4 2 1 1 2098 2210 1419 2370
6216 4 2 1 1 1868 1779 1741 2115
6217 4 2 1 1 310 309 311 2098
6218 4 2 1 1 406 2195 2283 2483
6219 4 2 1 1 401 2127 2199 2473
6220 4 2 1 1 1101 1108 1949 865
6221 4 2 1 1 1412 1411 2382 2514
6222 4 2 1 1 1768 1769 2160 2206
6223 4 2 1 1 1420 1557 1418 2370
6224 4 2 1 1 2016 2114 674 2303
6225 4 2 1 1 857 2104 2008 2463
6226 4 2 1 1 878 2224 2158 2292
6227 4 2 1 1 931 986 2190 2230
6228 4 2 1 1 1866 1901 2099 2107
6229 4 2 1 1 638 2067 575 2355
6230 4 2 1 1 1714 1716 2108 2308
6231 4 2 1 1 1779 1868 1869 2269
6232 4 2 1 1 2027 2390 2150 2484
6233 4 2 1 1 476 2352 459 2489
6234 4 2 1 1 424 2123 418 2135
6235 4 2 1 1 1801 1855 2010 2034
6236 4 2 1 1 706 689 2040 2274
6237 4 2 1 1 2161 2282 2078 2426
6238 4 2 1 1 1724 1725 2106 2319
6239 4 2 1 1 2398 2439 2014 2540
6240 4 2 1 1 1452 1455 1465 2312
6241 4 2 1 1 1455 2063 2257 2312
6242 4 2 1 1 1634 2147 1523 2214
6243 4 2 1 1 1175 1243 1290 2367
6244 4 2 1 1 921 2167 2155 2240
6245 4 2 1 1 1458 2368 2136 2493
6246 4 2 1 1 2088 2157 1579 2353
6247 4 2 1 1 1616 2161 1581 2268
6248 4 2 1 1 2008 2116 1107 2285
6249 4 2 1 1 955 2187 2211 2215
6250 4 2 1 1 710 2054 271 2236
6251 4 2 1 1 397 396 414 2383
6252 4 2 1 1 2218 2224 1822 2388
6253 4 2 1 1 2256 2331 843 2407
6254 4 2 1 1 2139 2211 882 2292
6255 4 2 1 1 1446 1453 1470 2389
6256 4 2 1 1 220 2241 2113 2259
6257 4 2 1 1 2119 2122 777 2459
6258 4 2 1 1 1482 1615 2147 2197
6259 4 2 1 1 1821 1872 2130 2445
6260 4 2 1 1 1642 2195 1606 2283
6261 4 2 1 1 1589 1210 1385 2025
6262 4 2 1 1 252 1945 1941 830
6263 4 2 1 1 1174 2004 1204 2260
6264 4 2 1 1 1420 2199 1557 2370
6265 4 2 1 1 1615 1482 2147 2238
6266 4 2 1 1 2109 2199 1420 2370
6267 4 2 1 1 983 2190 2213 2278
6268 4 2 1 1 2082 2369 2105 2511
6269 4 2 1 1 1622 1537 2291 2315
6270 4 2 1 1 1721 1723 1886 2295
6271 4 2 1 1 2194 2489 2352 2524
6272 4 2 1 1 2100 2252 2095 2326
6273 4 2 1 1 1722 1721 2122 2459
6274 4 2 1 1 1426 1427 1428 2261
6275 4 2 1 1 317 2345 548 2382
6276 4 2 1 1 853 2050 2027 2150
6277 4 2 1 1 928 2150 855 2151
6278 4 2 1 1 1424 2109 2081 2228
6279 4 2 1 1 2117 2248 1447 2288
6280 4 2 1 1 367 2209 2136 2493
6281 4 2 1 1 1799 2083 2069 2523
6282 4 2 1 1 890 2240 894 2364
6283 4 2 1 1 732 745 2043 2126
6284 4 2 1 1 2067 2194 1394 2352
6285 4 2 1 1 847 2399 2306 2533
6286 4 2 1 1 1796 1798 1797 2009
6287 4 2 1 1 1249 2221 1232 2388
6288 4 2 1 1 1799 2044 1867 2083
6289 4 2 1 1 1650 2016 2114 2451
6290 4 2 1 1 1559 1370 1558 2226
6291 4 2 1 1 1623 2062 1443 2070
6292 4 2 1 1 1554 2080 2066 2196
6293 4 2 1 1 1759 2051 2104 2324
6294 4 2 1 1 1867 2004 2249 2444
6295 4 2 1 1 781 2178 2068 2305
6296 4 2 1 1 1741 2094 1747 2372
6297 4 2 1 1 2182 2197 2124 2473
6298 4 2 1 1 1963 1998 1966 2142
6299 4 2 1 1 2128 2199 2124 2497
6300 4 2 1 1 280 482 2048 2234
6301 4 2 1 1 1872 2130 2168 2387
6302 4 2 1 1 782 2068 2319 2417
6303 4 2 1 1 1324 2052 1381 2423
6304 4 2 1 1 1505 2035 2229 2332
6305 4 2 1 1 1503 2182 1615 2197
6306 4 2 1 1 1134 2244 2101 2533
6307 4 2 1 1 33 32 2145 2146
6308 4 2 1 1 592 2018 435 2383
6309 4 2 1 1 1588 1640 2194 2489
6310 4 2 1 1 1730 2076 2051 2337
6311 4 2 1 1 1569 1467 1659 2074
6312 4 2 1 1 2181 1822 2224 2388
6313 4 2 1 1 717 2146 1098 2205
6314 4 2 1 1 41 40 2028 2073
6315 4 2 1 1 453 317 548 2382
6316 4 2 1 1 949 2029 2244 2533
6317 4 2 1 1 549 2298 452 2526
6318 4 2 1 1 421 2135 418 2288
6319 4 2 1 1 364 503 502 2147
6320 4 2 1 1 228 1543 2120 2280
6321 4 2 1 1 746 2126 2087 2464
6322 4 2 1 1 224 2188 1998 2193
6323 4 2 1 1 968 2264 2141 2284
6324 4 2 1 1 2055 2280 2198 2379
6325 4 2 1 1 2066 625 2196 2471
6326 4 2 1 1 1119 2041 2205 2310
6327 4 2 1 1 453 2133 2382 2418
6328 4 2 1 1 812 753 2096 2306
6329 4 2 1 1 1861 2107 2083 2467
6330 4 2 1 1 1837 2125 2276 2363
6331 4 2 1 1 2076 1726 2319 2512
6332 4 2 1 1 221 2113 1900 2304
6333 4 2 1 1 1060 2164 2001 2300
6334 4 2 1 1 1334 2082 1647 2287
6335 4 2 1 1 272 1336 2191 2414
6336 4 2 1 1 371 2317 2064 2322
6337 4 2 1 1 2005 717 2256 2314
6338 4 2 1 1 1244 267 2061 2267
6339 4 2 1 1 2063 293 2312 2322
6340 4 2 1 1 927 2205 1148 2390
6341 4 2 1 1 452 2514 2133 2526
6342 4 2 1 1 1408 2085 1407 2183
6343 4 2 1 1 713 2140 596 2400
6344 4 2 1 1 1864 1837 2125 2276
6345 4 2 1 1 1401 2016 1398 2089
6346 4 2 1 1 684 490 491 2233
6347 4 2 1 1 923 1161 951 2293
6348 4 2 1 1 755 2335 2160 2515
6349 4 2 1 1 1714 2204 2108 2239
6350 4 2 1 1 2059 769 2277 2323
6351 4 2 1 1 331 335 348 2016
6352 4 2 1 1 1999 2033 1997 2433
6353 4 2 1 1 1613 2105 2082 2369
6354 4 2 1 1 238 1953 1756 2059
6355 4 2 1 1 2162 2223 1841 2253
6356 4 2 1 1 745 1097 2043 2101
6357 4 2 1 1 659 1238 1235 2180
6358 4 2 1 1 1482 1492 1481 2197
6359 4 2 1 1 1895 2173 2224 2333
6360 4 2 1 1 1784 2150 2151 2484
6361 4 2 1 1 1405 2114 1583 2303
6362 4 2 1 1 238 2059 1756 2118
6363 4 2 1 1 959 2141 958 2276
6364 4 2 1 1 1798 1802 2002 2476
6365 4 2 1 1 2053 2362 2268 2431
6366 4 2 1 1 1733 2056 1746 2239
6367 4 2 1 1 877 2158 876 2217
6368 4 2 1 1 2031 2116 1088 2487
6369 4 2 1 1 348 331 2016 2525
6370 4 2 1 1 440 2201 2072 2485
6371 4 2 1 1 1851 2399 2306 2546
6372 4 2 1 1 1061 2001 1060 2491
6373 4 2 1 1 1560 1432 2098 2430
6374 4 2 1 1 1872 1838 2168 2445
6375 4 2 1 1 558 2072 557 2120
6376 4 2 1 1 946 2029 2184 2379
6377 4 2 1 1 2012 2266 821 2443
6378 4 2 1 1 1410 2091 1408 2183
6379 4 2 1 1 532 2174 404 2283
6380 4 2 1 1 2148 2425 405 2488
6381 4 2 1 1 1947 2331 1950 2407
6382 4 2 1 1 660 1182 2227 2255
6383 4 2 1 1 1616 2268 1581 2426
6384 4 2 1 1 967 2141 968 2264
6385 4 2 1 1 1829 1830 2184 2198
6386 4 2 1 1 1446 1470 2148 2389
6387 4 2 1 1 574 679 573 2291
6388 4 2 1 1 1853 2121 1669 2367
6389 4 2 1 1 1352 1348 1293 2043
6390 4 2 1 1 830 2334 1017 2407
6391 4 2 1 1 1679 1249 1823 2388
6392 4 2 1 1 1587 2227 1524 2376
6393 4 2 1 1 2149 2202 1835 2270
6394 4 2 1 1 1723 1725 1878 2143
6395 4 2 1 1 1405 2078 2177 2303
6396 4 2 1 1 1845 1853 1186 2529
6397 4 2 1 1 1415 1560 2098 2294
6398 4 2 1 1 435 2140 612 2383
6399 4 2 1 1 213 1386 2033 2350
6400 4 2 1 1 522 2174 2179 2297
6401 4 2 1 1 274 2189 1190 2279
6402 4 2 1 1 1418 1419 1420 2370
6403 4 2 1 1 1232 2221 737 2388
6404 4 2 1 1 1396 2309 2038 2468
6405 4 2 1 1 1482 2197 2147 2238
6406 4 2 1 1 1497 1563 2123 2144
6407 4 2 1 1 2006 2304 1900 2541
6408 4 2 1 1 367 368 360 2209
6409 4 2 1 1 872 2181 903 2388
6410 4 2 1 1 532 2222 2174 2283
6411 4 2 1 1 894 893 890 2364
6412 4 2 1 1 1938 2213 2059 2323
6413 4 2 1 1 224 1553 1371 2188
6414 4 2 1 1 2142 2193 1043 2391
6415 4 2 1 1 971 2163 972 2208
6416 4 2 1 1 710 271 657 2236
6417 4 2 1 1 1734 1735 1931 2252
6418 4 2 1 1 839 2253 1006 2336
6419 4 2 1 1 2016 2089 2309 2468
6420 4 2 1 1 1831 2125 2240 2442
6421 4 2 1 1 1731 2143 1727 2356
6422 4 2 1 1 857 2104 2463 2544
6423 4 2 1 1 689 561 706 2040
6424 4 2 1 1 1673 1768 2160 2235
6425 4 2 1 1 300 2397 2157 2545
6426 4 2 1 1 771 2213 2059 2481
6427 4 2 1 1 771 2059 767 2481
6428 4 2 1 1 645 2177 2102 2345
6429 4 2 1 1 1587 1524 1479 2376
6430 4 2 1 1 1377 1630 1544 2055
6431 4 2 1 1 2059 2118 767 2481
6432 4 2 1 1 1560 2192 1432 2430
6433 4 2 1 1 1900 2006 1965 2419
6434 4 2 1 1 1152 2186 1001 2340
6435 4 2 1 1 289 287 2273 2338
6436 4 2 1 1 1507 1463 2373 2480
6437 4 2 1 1 354 345 2182 2216
6438 4 2 1 1 1459 2172 2152 2341
6439 4 2 1 1 477 575 2067 2194
6440 4 2 1 1 1835 2149 1752 2202
6441 4 2 1 1 1805 1806 1683 2456
6442 4 2 1 1 1917 1808 1891 2013
6443 4 2 1 1 1622 2011 2229 2291
6444 4 2 1 1 1948 1118 1108 2346
6445 4 2 1 1 1914 2130 1902 2258
6446 4 2 1 1 932 2156 2384 2528
6447 4 2 1 1 1581 2268 2161 2426
6448 4 2 1 1 1693 2190 2213 2323
6449 4 2 1 1 2075 2325 1526 2424
6450 4 2 1 1 354 345 344 2182
6451 4 2 1 1 897 982 2204 2308
6452 4 2 1 1 1561 2514 2153 2526
6453 4 2 1 1 988 896 902 2320
6454 4 2 1 1 2080 2196 625 2471
6455 4 2 1 1 1400 1403 1402 2078
6456 4 2 1 1 1655 2019 2048 2342
6457 4 2 1 1 1419 2210 1420 2370
6458 4 2 1 1 2014 2439 2090 2486
6459 4 2 1 1 254 2331 2256 2407
6460 4 2 1 1 464 439 2111 2225
6461 4 2 1 1 1759 2324 2104 2463
6462 4 2 1 1 1118 1116 1947 831
6463 4 2 1 1 1432 1419 2098 2430
6464 4 2 1 1 925 1148 2151 2390
6465 4 2 1 1 265 498 497 2074
6466 4 2 1 1 31 2188 2005 2193
6467 4 2 1 1 1177 1921 2251 2396
6468 4 2 1 1 489 412 494 2105
6469 4 2 1 1 2245 2246 1826 2264
6470 4 2 1 1 1630 2274 2040 2479
6471 4 2 1 1 1406 1405 1404 2177
6472 4 2 1 1 1844 2121 1845 2162
6473 4 2 1 1 221 2304 1900 2419
6474 4 2 1 1 1603 2248 2377 2378
6475 4 2 1 1 1589 2025 1392 2026
6476 4 2 1 1 931 2217 930 2230
6477 4 2 1 1 1740 2122 2295 2384
6478 4 2 1 1 1522 1666 1634 2214
6479 4 2 1 1 1449 1451 2322 2394
6480 4 2 1 1 978 930 2217 2230
6481 4 2 1 1 405 2283 2148 2483
6482 4 2 1 1 784 782 2319 2417
6483 4 2 1 1 804 1015 795 2047
6484 4 2 1 1 2133 452 2382 2514
6485 4 2 1 1 897 2204 2108 2308
6486 4 2 1 1 1281 1206 2164 2260
6487 4 2 1 1 1622 2003 1663 2315
6488 4 2 1 1 749 2094 1149 2464
6489 4 2 1 1 1640 2084 1621 2352
6490 4 2 1 1 1929 2046 1668 2446
6491 4 2 1 1 689 2257 2040 2274
6492 4 2 1 1 356 355 2137 2216
6493 4 2 1 1 1826 1763 2245 2264
6494 4 2 1 1 1586 1439 1561 2153
6495 4 2 1 1 2152 2209 1445 2275
6496 4 2 1 1 1380 1224 2026 2061
6497 4 2 1 1 232 1549 2236 2441
6498 4 2 1 1 1451 1567 1456 2063
6499 4 2 1 1 1997 612 2140 2383
6500 4 2 1 1 1104 914 1126 2260
6501 4 2 1 1 1800 1798 1802 2002
6502 4 2 1 1 1631 2226 2179 2297
6503 4 2 1 1 318 319 320 2183
6504 4 2 1 1 1608 2093 2088 2520
6505 4 2 1 1 2108 2131 896 2308
6506 4 2 1 1 776 996 773 2411
6507 4 2 1 1 694 2189 274 2279
6508 4 2 1 1 424 418 421 2135
6509 4 2 1 1 944 2041 722 2198
6510 4 2 1 1 760 2046 2206 2446
6511 4 2 1 1 1517 2273 2022 2338
6512 4 2 1 1 2002 2444 2164 2476
6513 4 2 1 1 541 2247 530 2248
6514 4 2 1 1 894 2308 893 2364
6515 4 2 1 1 1138 2269 954 2347
6516 4 2 1 1 1844 2336 2176 2478
6517 4 2 1 1 659 2180 468 2267
6518 4 2 1 1 1475 1476 1481 2263
6519 4 2 1 1 590 2109 516 2228
6520 4 2 1 1 912 2087 746 2126
6521 4 2 1 1 2055 2198 230 2379
6522 4 2 1 1 2062 2070 631 2397
6523 4 2 1 1 2191 2200 474 2341
6524 4 2 1 1 1460 1632 2070 2079
6525 4 2 1 1 767 766 765 2212
6526 4 2 1 1 1499 1406 2102 2177
6527 4 2 1 1 1757 2281 2118 2481
6528 4 2 1 1 874 873 2286 2385
6529 4 2 1 1 912 2087 2013 2505
6530 4 2 1 1 1780 1776 1777 2404
6531 4 2 1 1 1457 1456 1463 2058
6532 4 2 1 1 760 2206 2169 2446
6533 4 2 1 1 1714 1712 1716 2308
6534 4 2 1 1 684 2191 490 2233
6535 4 2 1 1 1226 2121 1853 2367
6536 4 2 1 1 769 983 2190 2213
6537 4 2 1 1 225 1932 226 2005
6538 4 2 1 1 1097 1134 940 2101
6539 4 2 1 1 984 2203 977 2278
6540 4 2 1 1 1657 2114 1578 2262
6541 4 2 1 1 2121 2254 856 2478
6542 4 2 1 1 1751 1753 1752 2320
6543 4 2 1 1 1949 865 825 1010
6544 4 2 1 1 2012 2365 2266 2443
6545 4 2 1 1 830 832 831 2407
6546 4 2 1 1 232 1549 231 2236
6547 4 2 1 1 1693 2213 1938 2323
6548 4 2 1 1 2193 2334 1018 2391
6549 4 2 1 1 1409 2060 1434 2183
6550 4 2 1 1 1867 1898 2004 2444
6551 4 2 1 1 1929 1668 1811 2446
6552 4 2 1 1 643 2070 2062 2395
6553 4 2 1 1 1881 2335 2096 2515
6554 4 2 1 1 229 2198 2055 2280
6555 4 2 1 1 1733 2149 2108 2542
6556 4 2 1 1 1525 2054 2040 2274
6557 4 2 1 1 1837 2363 2131 2364
6558 4 2 1 1 1906 2253 2168 2295
6559 4 2 1 1 1692 1933 2134 2461
6560 4 2 1 1 318 2091 319 2183
6561 4 2 1 1 917 872 2221 2286
6562 4 2 1 1 1439 1453 1446 2171
6563 4 2 1 1 1165 924 1071 2250
6564 4 2 1 1 2115 2372 2252 2531
6565 4 2 1 1 524 663 2135 2421
6566 4 2 1 1 731 2404 2186 2461
6567 4 2 1 1 1473 2375 2110 2469
6568 4 2 1 1 1673 2160 2050 2235
6569 4 2 1 1 1101 1010 1949 2360
6570 4 2 1 1 383 2297 385 2389
6571 4 2 1 1 1814 2118 2213 2481
6572 4 2 1 1 1462 2111 1623 2395
6573 4 2 1 1 646 27 279 2259
6574 4 2 1 1 1165 935 924 2232
6575 4 2 1 1 404 2174 2148 2283
6576 4 2 1 1 304 2210 2157 2430
6577 4 2 1 1 1734 2207 1713 2326
6578 4 2 1 1 1187 1235 2180 2237
6579 4 2 1 1 2096 2150 928 2502
6580 4 2 1 1 2129 2171 1602 2263
6581 4 2 1 1 1478 1610 2216 2432
6582 4 2 1 1 2123 2261 589 2275
6583 4 2 1 1 685 2280 2120 2343
6584 4 2 1 1 431 2079 2070 2395
6585 4 2 1 1 1787 2160 2100 2335
6586 4 2 1 1 758 2206 2100 2207
6587 4 2 1 1 1626 1665 2219 2348
6588 4 2 1 1 709 2066 625 2196
6589 4 2 1 1 300 2157 301 2545
6590 4 2 1 1 1488 1480 2077 2469
6591 4 2 1 1 2233 2279 1641 2477
6592 4 2 1 1 747 2330 746 2464
6593 4 2 1 1 1948 2346 1108 2507
6594 4 2 1 1 939 1253 2004 2403
6595 4 2 1 1 1139 31 2005 2193
6596 4 2 1 1 1432 2210 1419 2430
6597 4 2 1 1 946 2029 1155 2533
6598 4 2 1 1 1462 2201 2111 2395
6599 4 2 1 1 926 928 2151 2502
6600 4 2 1 1 1381 1627 1648 2052
6601 4 2 1 1 371 291 293 2064
6602 4 2 1 1 1743 2211 1717 2215
6603 4 2 1 1 1732 1870 1828 2292
6604 4 2 1 1 1573 1442 2289 2469
6605 4 2 1 1 893 2131 890 2364
6606 4 2 1 1 2139 2215 1704 2327
6607 4 2 1 1 21 2103 581 2234
6608 4 2 1 1 2028 2082 2441 2532
6609 4 2 1 1 332 579 350 2042
6610 4 2 1 1 1616 2268 1538 2431
6611 4 2 1 1 492 2420 704 2433
6612 4 2 1 1 1663 1622 1645 2003
6613 4 2 1 1 397 387 396 2383
6614 4 2 1 1 1001 2202 725 2340
6615 4 2 1 1 583 2233 2170 2414
6616 4 2 1 1 590 2199 401 2228
6617 4 2 1 1 1432 1433 1421 2071
6618 4 2 1 1 1132 787 1144 2230
6619 4 2 1 1 1897 2068 2178 2305
6620 4 2 1 1 1713 2204 2326 2434
6621 4 2 1 1 1747 2094 2087 2330
6622 4 2 1 1 1138 2056 2269 2347
6623 4 2 1 1 1787 1769 2100 2160
6624 4 2 1 1 2048 2342 2019 2496
6625 4 2 1 1 1625 2120 2036 2225
6626 4 2 1 1 2090 2449 2018 2486
6627 4 2 1 1 1456 1457 1455 2063
6628 4 2 1 1 2058 2257 2063 2455
6629 4 2 1 1 2028 2082 282 2287
6630 4 2 1 1 570 624 2075 2259
6631 4 2 1 1 2102 2195 553 2483
6632 4 2 1 1 2103 2439 1609 2449
6633 4 2 1 1 1784 2151 1935 2484
6634 4 2 1 1 1507 1463 1618 2112
6635 4 2 1 1 1706 1708 2155 2240
6636 4 2 1 1 857 2008 2302 2463
6637 4 2 1 1 1560 2098 2192 2430
6638 4 2 1 1 1147 1232 737 2388
6639 4 2 1 1 567 630 543 2060
6640 4 2 1 1 1360 2052 1324 2423
6641 4 2 1 1 770 2277 769 2323
6642 4 2 1 1 1754 2187 2141 2276
6643 4 2 1 1 1409 1624 2060 2183
6644 4 2 1 1 2147 2197 503 2238
6645 4 2 1 1 1824 1822 2218 2224
6646 4 2 1 1 1880 2155 2281 2386
6647 4 2 1 1 1058 2250 848 2454
6648 4 2 1 1 1733 1714 2108 2239
6649 4 2 1 1 698 1287 615 2318
6650 4 2 1 1 2008 1790 2324 2521
6651 4 2 1 1 1622 2229 2003 2291
6652 4 2 1 1 1403 2078 2282 2426
6653 4 2 1 1 2081 2339 2088 2349
6654 4 2 1 1 819 856 1033 2254
6655 4 2 1 1 884 2215 881 2327
6656 4 2 1 1 1622 2291 2003 2315
6657 4 2 1 1 1962 1947 1948 2346
6658 4 2 1 1 1465 1466 2064 2273
6659 4 2 1 1 1545 2145 226 2543
6660 4 2 1 1 1523 1610 1478 2432
6661 4 2 1 1 1801 2034 2010 2534
6662 4 2 1 1 1543 2280 229 2343
6663 4 2 1 1 1522 2214 1479 2503
6664 4 2 1 1 754 2252 788 2326
6665 4 2 1 1 656 463 2003 2362
6666 4 2 1 1 1271 1611 2227 2255
6667 4 2 1 1 1437 2123 1436 2135
6668 4 2 1 1 2175 2253 1886 2295
6669 4 2 1 1 1372 2237 2222 2328
6670 4 2 1 1 887 2125 2187 2442
6671 4 2 1 1 1148 2041 944 2151
6672 4 2 1 1 1711 2207 1755 2413
6673 4 2 1 1 372 2077 347 2294
6674 4 2 1 1 1542 2159 2136 2376
6675 4 2 1 1 760 2046 761 2206
6676 4 2 1 1 1888 2243 2006 2290
6677 4 2 1 1 1415 2294 2098 2516
6678 4 2 1 1 2096 2335 1100 2515
6679 4 2 1 1 2015 2030 1072 2360
6680 4 2 1 1 1387 2082 2028 2287
6681 4 2 1 1 1545 2145 2072 2381
6682 4 2 1 1 1141 2164 1068 2260
6683 4 2 1 1 304 303 2157 2210
6684 4 2 1 1 1572 1415 1412 2086
6685 4 2 1 1 1440 1409 1407 2183
6686 4 2 1 1 2249 2260 2002 2444
6687 4 2 1 1 917 2221 2130 2286
6688 4 2 1 1 2072 2120 1369 2225
6689 4 2 1 1 479 2025 705 2026
6690 4 2 1 1 830 831 1941 2407
6691 4 2 1 1 1693 1890 1938 2213
6692 4 2 1 1 2157 2397 2353 2545
6693 4 2 1 1 1227 2218 1823 2388
6694 4 2 1 1 1055 2131 2320 2363
6695 4 2 1 1 1714 1848 2204 2239
6696 4 2 1 1 1538 2268 2003 2431
6697 4 2 1 1 2189 1641 2279 2477
6698 4 2 1 1 1675 1313 1359 2013
6699 4 2 1 1 1175 1253 1039 2403
6700 4 2 1 1 1694 2119 2190 2411
6701 4 2 1 1 967 2187 2141 2264
6702 4 2 1 1 1497 2144 2123 2288
6703 4 2 1 1 1776 2185 1777 2404
6704 4 2 1 1 1749 2187 1717 2211
6705 4 2 1 1 1767 1883 2141 2163
6706 4 2 1 1 1420 2109 1423 2199
6707 4 2 1 1 348 2303 572 2525
6708 4 2 1 1 308 2098 312 2370
6709 4 2 1 1 894 2240 2138 2364
6710 4 2 1 1 1238 1187 2180 2267
6711 4 2 1 1 1536 2315 1538 2540
6712 4 2 1 1 429 2401 428 2471
6713 4 2 1 1 393 2090 2371 2440
6714 4 2 1 1 1800 2249 2002 2444
6715 4 2 1 1 817 818 819 2107
6716 4 2 1 1 477 2194 2067 2524
6717 4 2 1 1 612 1997 2140 2504
6718 4 2 1 1 1449 2322 2065 2394
6719 4 2 1 1 1165 2250 1071 2460
6720 4 2 1 1 765 2046 2118 2212
6721 4 2 1 1 308 310 312 2098
6722 4 2 1 1 232 2236 2028 2441
6723 4 2 1 1 1614 2067 1394 2352
6724 4 2 1 1 2026 2061 480 2352
6725 4 2 1 1 480 2026 2352 2524
6726 4 2 1 1 1343 2293 716 2347
6727 4 2 1 1 663 524 677 2421
6728 4 2 1 1 971 972 1128 2208
6729 4 2 1 1 1522 1479 1524 2503
6730 4 2 1 1 1209 1204 2004 2444
6731 4 2 1 1 1485 2194 1640 2352
6732 4 2 1 1 465 2036 466 2225
6733 4 2 1 1 1713 1711 1712 2434
6734 4 2 1 1 355 359 357 2209
6735 4 2 1 1 1292 41 696 2287
6736 4 2 1 1 1713 2207 1711 2434
6737 4 2 1 1 1872 1902 2130 2387
6738 4 2 1 1 1384 1553 225 2145
6739 4 2 1 1 793 786 1024 2099
6740 4 2 1 1 1693 2190 1890 2213
6741 4 2 1 1 640 2174 2222 2328
6742 4 2 1 1 1416 2098 1418 2516
6743 4 2 1 1 1694 1696 2190 2230
6744 4 2 1 1 1423 2199 2109 2228
6745 4 2 1 1 1504 2075 1526 2424
6746 4 2 1 1 1424 2081 2109 2339
6747 4 2 1 1 1668 2046 238 2118
6748 4 2 1 1 423 627 2228 2261
6749 4 2 1 1 685 584 2280 2343
6750 4 2 1 1 1621 1640 1576 2084
6751 4 2 1 1 2251 2396 2000 2412
6752 4 2 1 1 2097 2180 578 2237
6753 4 2 1 1 229 2041 1688 2198
6754 4 2 1 1 2114 2177 1500 2195
6755 4 2 1 1 1631 1658 2226 2297
6756 4 2 1 1 345 344 2182 2473
6757 4 2 1 1 811 2009 1051 2299
6758 4 2 1 1 310 2298 2128 2516
6759 4 2 1 1 630 563 543 2183
6760 4 2 1 1 1888 11 2243 2290
6761 4 2 1 1 1759 1862 2324 2463
6762 4 2 1 1 703 2072 558 2310
6763 4 2 1 1 544 543 542 2060
6764 4 2 1 1 1766 2205 2027 2484
6765 4 2 1 1 2055 2280 584 2343
6766 4 2 1 1 2066 2325 1526 2393
6767 4 2 1 1 2147 2182 1610 2432
6768 4 2 1 1 890 2131 2363 2364
6769 4 2 1 1 1068 2002 2164 2300
6770 4 2 1 1 1661 2174 1535 2179
6771 4 2 1 1 348 674 572 2303
6772 4 2 1 1 1417 2153 1561 2298
6773 4 2 1 1 1235 261 2180 2237
6774 4 2 1 1 1700 2158 1732 2220
6775 4 2 1 1 1570 2127 1601 2473
6776 4 2 1 1 1938 1756 2059 2213
6777 4 2 1 1 32 586 2145 2188
6778 4 2 1 1 2128 2153 1417 2298
6779 4 2 1 1 1515 2174 1661 2222
6780 4 2 1 1 1424 2109 1422 2339
6781 4 2 1 1 1870 2224 2173 2292
6782 4 2 1 1 1409 1410 1408 2183
6783 4 2 1 1 2014 2090 413 2440
6784 4 2 1 1 1703 1704 1705 2167
6785 4 2 1 1 2013 2087 1779 2505
6786 4 2 1 1 1830 1852 1851 2096
6787 4 2 1 1 1821 1818 2156 2286
6788 4 2 1 1 1547 2080 2079 2522
6789 4 2 1 1 1478 2216 2159 2432
6790 4 2 1 1 416 418 2123 2288
6791 4 2 1 1 1895 1824 2218 2224
6792 4 2 1 1 286 2105 288 2511
6793 4 2 1 1 796 2099 2069 2265
6794 4 2 1 1 1067 1236 720 2223
6795 4 2 1 1 517 359 355 2216
6796 4 2 1 1 1616 1604 1538 2268
6797 4 2 1 1 1109 2459 2295 2465
6798 4 2 1 1 746 2330 2126 2464
6799 4 2 1 1 1507 2062 1623 2111
6800 4 2 1 1 767 2059 766 2212
6801 4 2 1 1 693 624 279 2259
6802 4 2 1 1 857 1030 2154 2463
6803 4 2 1 1 722 2198 2041 2280
6804 4 2 1 1 640 2179 2174 2328
6805 4 2 1 1 1500 2114 1405 2177
6806 4 2 1 1 1754 1864 2125 2276
6807 4 2 1 1 1746 2269 2056 2347
6808 4 2 1 1 707 468 659 2180
6809 4 2 1 1 886 2187 955 2215
6810 4 2 1 1 1813 2169 1811 2281
6811 4 2 1 1 483 2082 282 2532
6812 4 2 1 1 1396 1398 1588 2468
6813 4 2 1 1 937 2239 2115 2269
6814 4 2 1 1 310 2086 2298 2516
6815 4 2 1 1 899 1002 921 2240
6816 4 2 1 1 2038 2194 575 2309
6817 4 2 1 1 1527 2231 1365 2378
6818 4 2 1 1 1595 1995 1201 2539
6819 4 2 1 1 1929 1768 2046 2206
6820 4 2 1 1 314 2132 2086 2294
6821 4 2 1 1 815 2115 2252 2531
6822 4 2 1 1 1505 2035 2332 2424
6823 4 2 1 1 1872 2168 2130 2445
6824 4 2 1 1 1549 2054 2236 2441
6825 4 2 1 1 300 302 2157 2397
6826 4 2 1 1 304 2157 2071 2430
6827 4 2 1 1 1359 1313 1345 2013
6828 4 2 1 1 2081 2228 627 2261
6829 4 2 1 1 883 881 884 2215
6830 4 2 1 1 1479 2214 2159 2503
6831 4 2 1 1 1003 2167 921 2240
6832 4 2 1 1 24 25 2019 2241
6833 4 2 1 1 2096 2151 2150 2502
6834 4 2 1 1 2090 2440 2014 2486
6835 4 2 1 1 2031 2242 2116 2474
6836 4 2 1 1 1226 1186 1853 2529
6837 4 2 1 1 460 2102 645 2177
6838 4 2 1 1 830 1017 832 2407
6839 4 2 1 1 1845 1844 1853 2121
6840 4 2 1 1 2079 2471 2110 2522
6841 4 2 1 1 2008 2104 2324 2463
6842 4 2 1 1 590 516 401 2199
6843 4 2 1 1 923 951 2149 2293
6844 4 2 1 1 1452 2312 2064 2322
6845 4 2 1 1 738 1046 2113 2415
6846 4 2 1 1 2106 2295 2459 2465
6847 4 2 1 1 487 683 1995 2272
6848 4 2 1 1 2165 2320 2131 2363
6849 4 2 1 1 273 604 1362 2022
6850 4 2 1 1 1554 2066 1371 2196
6851 4 2 1 1 653 481 670 2026
6852 4 2 1 1 228 2041 229 2280
6853 4 2 1 1 657 2055 2236 2379
6854 4 2 1 1 946 2184 2029 2533
6855 4 2 1 1 507 2219 2147 2348
6856 4 2 1 1 287 286 288 2511
6857 4 2 1 1 2020 2075 570 2393
6858 4 2 1 1 2069 2265 1875 2506
6859 4 2 1 1 803 2047 783 2417
6860 4 2 1 1 1968 2193 2142 2391
6861 4 2 1 1 1692 2134 1328 2461
6862 4 2 1 1 848 1051 811 2009
6863 4 2 1 1 1615 2147 1493 2238
6864 4 2 1 1 1134 949 2244 2533
6865 4 2 1 1 692 497 2231 2377
6866 4 2 1 1 2008 2324 1862 2463
6867 4 2 1 1 2040 2054 1525 2105
6868 4 2 1 1 534 589 358 2275
6869 4 2 1 1 260 2241 24 2509
6870 4 2 1 1 372 2192 2077 2294
6871 4 2 1 1 1679 2221 1249 2388
6872 4 2 1 1 1952 2212 2046 2346
6873 4 2 1 1 1586 1602 2171 2263
6874 4 2 1 1 522 691 523 2179
6875 4 2 1 1 653 670 1176 2026
6876 4 2 1 1 1801 1855 2034 2427
6877 4 2 1 1 890 2125 888 2240
6878 4 2 1 1 835 2176 836 2336
6879 4 2 1 1 857 2302 1030 2463
6880 4 2 1 1 1436 1551 2135 2349
6881 4 2 1 1 1783 2330 2101 2399
6882 4 2 1 1 482 2048 2032 2510
6883 4 2 1 1 1467 2074 2317 2402
6884 4 2 1 1 2001 2396 2251 2412
6885 4 2 1 1 1437 2123 2135 2288
6886 4 2 1 1 719 2302 2019 2448
6887 4 2 1 1 1694 2190 2323 2411
6888 4 2 1 1 273 1362 1347 2022
6889 4 2 1 1 1522 1524 2255 2503
6890 4 2 1 1 37 2198 2280 2379
6891 4 2 1 1 229 230 2055 2198
6892 4 2 1 1 1914 2130 2258 2406
6893 4 2 1 1 795 783 803 2047
6894 4 2 1 1 1299 1346 265 2530
6895 4 2 1 1 1523 1478 2214 2432
6896 4 2 1 1 692 497 2074 2231
6897 4 2 1 1 476 480 2061 2352
6898 4 2 1 1 2110 2471 2401 2522
6899 4 2 1 1 1254 670 705 2026
6900 4 2 1 1 1900 243 1965 2006
6901 4 2 1 1 1906 1886 2253 2295
6902 4 2 1 1 861 2266 1010 2360
6903 4 2 1 1 522 2179 523 2297
6904 4 2 1 1 1098 1119 2205 2310
6905 4 2 1 1 1442 1443 1433 2071
6906 4 2 1 1 685 2036 471 2343
6907 4 2 1 1 652 555 643 2395
6908 4 2 1 1 1387 2028 2082 2441
6909 4 2 1 1 581 21 264 2103
6910 4 2 1 1 1760 2030 2305 2351
6911 4 2 1 1 1657 1500 1578 2114
6912 4 2 1 1 480 2026 481 2061
6913 4 2 1 1 997 2030 996 2305
6914 4 2 1 1 1783 1747 2330 2399
6915 4 2 1 1 2165 2276 891 2363
6916 4 2 1 1 1947 2346 1962 2409
6917 4 2 1 1 765 2118 2046 2446
6918 4 2 1 1 1770 1912 2160 2515
6919 4 2 1 1 1812 2100 1908 2207
6920 4 2 1 1 1477 1548 1441 2216
6921 4 2 1 1 620 323 563 2161
6922 4 2 1 1 464 441 439 2225
6923 4 2 1 1 1494 2297 2174 2389
6924 4 2 1 1 1694 2119 1697 2230
6925 4 2 1 1 1829 1688 1830 2198
6926 4 2 1 1 37 2280 2055 2379
6927 4 2 1 1 939 1039 1253 2403
6928 4 2 1 1 416 417 418 2288
6929 4 2 1 1 2066 1526 2196 2393
6930 4 2 1 1 301 2157 2088 2545
6931 4 2 1 1 1005 2165 891 2363
6932 4 2 1 1 401 343 2127 2473
6933 4 2 1 1 540 2088 655 2349
6934 4 2 1 1 1185 680 2237 2328
6935 4 2 1 1 1837 2276 2165 2363
6936 4 2 1 1 2066 2196 2080 2471
6937 4 2 1 1 946 1155 2029 2379
6938 4 2 1 1 1517 2022 1648 2338
6939 4 2 1 1 1439 2133 2171 2425
6940 4 2 1 1 1439 2425 1446 2488
6941 4 2 1 1 1998 2142 1963 2193
6942 4 2 1 1 1703 1880 2203 2386
6943 4 2 1 1 1754 2141 1762 2276
6944 4 2 1 1 620 563 630 2053
6945 4 2 1 1 1666 2214 1522 2255
6946 4 2 1 1 1523 2214 2147 2432
6947 4 2 1 1 566 469 2080 2485
6948 4 2 1 1 1295 1361 1342 2126
6949 4 2 1 1 1650 2114 2016 2303
6950 4 2 1 1 1433 2157 2071 2397
6951 4 2 1 1 2133 1439 2171 2526
6952 4 2 1 1 1596 2077 2192 2294
6953 4 2 1 1 648 413 2014 2398
6954 4 2 1 1 799 2044 810 2299
6955 4 2 1 1 1692 1328 2134 2307
6956 4 2 1 1 2039 2092 1995 2501
6957 4 2 1 1 1642 1516 2097 2283
6958 4 2 1 1 2101 2330 747 2464
6959 4 2 1 1 1949 1959 1948 2507
6960 4 2 1 1 228 229 1543 2280
6961 4 2 1 1 2009 2300 1057 2454
6962 4 2 1 1 1128 2208 972 2271
6963 4 2 1 1 2077 2132 2060 2344
6964 4 2 1 1 784 2319 2076 2417
6965 4 2 1 1 1286 1083 1215 2164
6966 4 2 1 1 652 2111 555 2395
6967 4 2 1 1 466 2036 685 2120
6968 4 2 1 1 492 675 704 2420
6969 4 2 1 1 2156 2168 1838 2445
6970 4 2 1 1 1967 247 225 2005
6971 4 2 1 1 858 1107 2008 2438
6972 4 2 1 1 2077 2132 347 2294
6973 4 2 1 1 1890 2190 1695 2213
6974 4 2 1 1 300 302 301 2157
6975 4 2 1 1 1730 2076 2337 2466
6976 4 2 1 1 1018 1043 2193 2391
6977 4 2 1 1 540 2093 2088 2349
6978 4 2 1 1 1510 2022 1517 2273
6979 4 2 1 1 578 2097 444 2180
6980 4 2 1 1 1596 2192 1560 2294
6981 4 2 1 1 573 2229 391 2332
6982 4 2 1 1 955 882 883 2215
6983 4 2 1 1 348 2016 2303 2525
6984 4 2 1 1 645 321 654 2345
6985 4 2 1 1 2095 752 2252 2372
6986 4 2 1 1 1346 2052 265 2530
6987 4 2 1 1 1786 2206 2169 2207
6988 4 2 1 1 1838 2168 2156 2384
6989 4 2 1 1 561 2040 689 2257
6990 4 2 1 1 978 930 874 2217
6991 4 2 1 1 946 2184 2198 2379
6992 4 2 1 1 1411 2418 2382 2514
6993 4 2 1 1 1830 2184 2151 2502
6994 4 2 1 1 1722 1720 2178 2459
6995 4 2 1 1 390 379 378 2035
6996 4 2 1 1 1851 1850 2184 2399
6997 4 2 1 1 946 2184 944 2198
6998 4 2 1 1 1132 2230 1144 2528
6999 4 2 1 1 1436 1550 1551 2349
7000 4 2 1 1 1493 2147 1665 2348
7001 4 2 1 1 1997 2350 2140 2504
7002 4 2 1 1 1811 1668 1757 2118
7003 4 2 1 1 1587 2376 2136 2472
7004 4 2 1 1 2181 2221 1820 2388
7005 4 2 1 1 1868 2115 1848 2239
7006 4 2 1 1 213 2033 1386 2536
7007 4 2 1 1 995 2050 853 2150
7008 4 2 1 1 1416 1419 1418 2098
7009 4 2 1 1 371 2322 293 2394
7010 4 2 1 1 1744 2149 1733 2542
7011 4 2 1 1 1187 2180 1574 2237
7012 4 2 1 1 1650 1577 1640 2084
7013 4 2 1 1 1588 2194 2016 2489
7014 4 2 1 1 1560 1432 1419 2098
7015 4 2 1 1 1474 1557 2124 2199
7016 4 2 1 1 662 530 541 2247
7017 4 2 1 1 1674 2232 1855 2427
7018 4 2 1 1 1774 1672 1930 2365
7019 4 2 1 1 345 355 356 2216
7020 4 2 1 1 685 2120 2036 2343
7021 4 2 1 1 1060 1068 2164 2300
7022 4 2 1 1 1746 1869 2269 2347
7023 4 2 1 1 1772 2211 1743 2292
7024 4 2 1 1 1404 2161 2078 2426
7025 4 2 1 1 391 2332 2229 2362
7026 4 2 1 1 2088 2157 301 2339
7027 4 2 1 1 933 2149 951 2270
7028 4 2 1 1 272 684 583 2233
7029 4 2 1 1 1717 1754 1831 2187
7030 4 2 1 1 39 2236 2028 2244
7031 4 2 1 1 1784 1766 2027 2484
7032 4 2 1 1 2083 2470 2069 2523
7033 4 2 1 1 1841 2162 2253 2336
7034 4 2 1 1 1688 2151 2041 2484
7035 4 2 1 1 1371 1628 223 2196
7036 4 2 1 1 2022 2273 287 2338
7037 4 2 1 1 1424 1422 1425 2339
7038 4 2 1 1 1427 1436 1429 2261
7039 4 2 1 1 407 2097 545 2222
7040 4 2 1 1 1371 223 1998 2196
7041 4 2 1 1 2317 2322 371 2394
7042 4 2 1 1 872 903 1103 2388
7043 4 2 1 1 1876 1765 2165 2374
7044 4 2 1 1 1118 1946 1948 865
7045 4 2 1 1 1866 1901 1729 2099
7046 4 2 1 1 397 608 387 2092
7047 4 2 1 1 2072 2225 1369 2498
7048 4 2 1 1 926 928 855 2151
7049 4 2 1 1 1573 2071 1432 2192
7050 4 2 1 1 769 2059 771 2213
7051 4 2 1 1 1762 2276 2141 2374
7052 4 2 1 1 2032 2048 2234 2342
7053 4 2 1 1 1838 1740 2168 2384
7054 4 2 1 1 427 556 2110 2289
7055 4 2 1 1 1831 2240 1707 2442
7056 4 2 1 1 1362 2022 604 2423
7057 4 2 1 1 1937 2101 2029 2399
7058 4 2 1 1 2181 2286 873 2385
7059 4 2 1 1 1408 1407 1409 2183
7060 4 2 1 1 717 2005 32 2146
7061 4 2 1 1 519 342 2124 2197
7062 4 2 1 1 1698 2217 1700 2278
7063 4 2 1 1 1878 2143 1731 2176
7064 4 2 1 1 2139 881 2215 2327
7065 4 2 1 1 263 2280 35 2310
7066 4 2 1 1 1896 1761 2264 2284
7067 4 2 1 1 1762 2141 1883 2374
7068 4 2 1 1 1820 2221 2181 2286
7069 4 2 1 1 1588 2016 1640 2489
7070 4 2 1 1 1870 1895 2173 2224
7071 4 2 1 1 789 2235 2046 2346
7072 4 2 1 1 282 41 2028 2287
7073 4 2 1 1 749 1149 847 2464
7074 4 2 1 1 491 490 451 2341
7075 4 2 1 1 1254 1288 1176 2026
7076 4 2 1 1 388 2368 538 2493
7077 4 2 1 1 379 376 378 2344
7078 4 2 1 1 2097 2222 407 2283
7079 4 2 1 1 1958 2360 2277 2507
7080 4 2 1 1 1635 2222 1372 2237
7081 4 2 1 1 2000 2410 210 2539
7082 4 2 1 1 1476 2197 1481 2263
7083 4 2 1 1 1355 2082 1334 2287
7084 4 2 1 1 2101 2244 2029 2533
7085 4 2 1 1 2130 1902 2258 2387
7086 4 2 1 1 836 2176 2175 2336
7087 4 2 1 1 637 2052 2338 2402
7088 4 2 1 1 1320 2247 1521 2378
7089 4 2 1 1 1618 1623 1507 2062
7090 4 2 1 1 2084 2180 1575 2267
7091 4 2 1 1 1512 2229 2035 2436
7092 4 2 1 1 1819 2181 2158 2385
7093 4 2 1 1 40 39 2028 2244
7094 4 2 1 1 998 996 1072 2015
7095 4 2 1 1 1227 1232 2218 2388
7096 4 2 1 1 1526 2066 1489 2325
7097 4 2 1 1 2110 2289 1461 2469
7098 4 2 1 1 673 2080 469 2145
7099 4 2 1 1 755 2095 754 2100
7100 4 2 1 1 984 2213 2203 2278
7101 4 2 1 1 1591 2018 2140 2449
7102 4 2 1 1 545 2222 2097 2237
7103 4 2 1 1 996 997 1072 2030
7104 4 2 1 1 1448 2117 2065 2499
7105 4 2 1 1 1051 848 1164 2250
7106 4 2 1 1 1444 1458 2136 2209
7107 4 2 1 1 839 2175 2253 2336
7108 4 2 1 1 2069 2099 1729 2265
7109 4 2 1 1 2141 2163 1883 2374
7110 4 2 1 1 1587 2136 1496 2472
7111 4 2 1 1 665 2003 2229 2291
7112 4 2 1 1 1734 2100 2207 2326
7113 4 2 1 1 841 2223 1006 2253
7114 4 2 1 1 1601 2182 2127 2216
7115 4 2 1 1 1560 2192 2098 2294
7116 4 2 1 1 1426 2081 1427 2228
7117 4 2 1 1 891 1005 960 2165
7118 4 2 1 1 1022 2246 2245 2264
7119 4 2 1 1 1163 939 727 2004
7120 4 2 1 1 1445 2209 1444 2275
7121 4 2 1 1 1620 2229 2011 2332
7122 4 2 1 1 939 1253 727 2004
7123 4 2 1 1 1786 1908 2206 2207
7124 4 2 1 1 1441 2137 1430 2209
7125 4 2 1 1 1430 2209 2137 2275
7126 4 2 1 1 1890 1693 1695 2190
7127 4 2 1 1 1484 2036 2479 2480
7128 4 2 1 1 215 216 1609 2416
7129 4 2 1 1 2088 2339 655 2349
7130 4 2 1 1 1250 2223 1066 2258
7131 4 2 1 1 1750 2031 1748 2474
7132 4 2 1 1 2171 2425 2133 2526
7133 4 2 1 1 1681 1850 1937 2184
7134 4 2 1 1 1591 2018 2449 2486
7135 4 2 1 1 829 826 1945 2495
7136 4 2 1 1 552 690 2317 2394
7137 4 2 1 1 1198 1245 1259 2333
7138 4 2 1 1 1633 2111 2201 2498
7139 4 2 1 1 2061 2084 1576 2267
7140 4 2 1 1 2073 2244 1691 2452
7141 4 2 1 1 1449 2394 2065 2458
7142 4 2 1 1 388 500 538 2368
7143 4 2 1 1 2109 1420 2210 2370
7144 4 2 1 1 1456 2313 1567 2520
7145 4 2 1 1 839 2175 840 2253
7146 4 2 1 1 557 2072 440 2225
7147 4 2 1 1 1434 1409 1624 2060
7148 4 2 1 1 1702 2139 1704 2327
7149 4 2 1 1 1799 2044 2083 2523
7150 4 2 1 1 1682 2448 2302 2463
7151 4 2 1 1 943 2252 2204 2326
7152 4 2 1 1 1838 1740 2384 2528
7153 4 2 1 1 974 878 879 2292
7154 4 2 1 1 1132 932 2384 2528
7155 4 2 1 1 1575 2180 2084 2262
7156 4 2 1 1 731 2134 2404 2461
7157 4 2 1 1 597 260 24 2509
7158 4 2 1 1 507 509 508 2447
7159 4 2 1 1 2001 2164 1060 2491
7160 4 2 1 1 902 2108 900 2149
7161 4 2 1 1 1724 1725 2319 2512
7162 4 2 1 1 1239 2162 1236 2223
7163 4 2 1 1 1727 2099 1901 2356
7164 4 2 1 1 755 1100 2335 2515
7165 4 2 1 1 1450 2317 2322 2402
7166 4 2 1 1 1535 1631 2179 2297
7167 4 2 1 1 221 1900 222 2419
7168 4 2 1 1 1997 2033 2350 2504
7169 4 2 1 1 871 874 2286 2385
7170 4 2 1 1 1497 2248 2144 2288
7171 4 2 1 1 1731 2176 2143 2356
7172 4 2 1 1 972 2134 2271 2404
7173 4 2 1 1 1708 2138 1711 2413
7174 4 2 1 1 608 2272 2092 2501
7175 4 2 1 1 959 958 891 2276
7176 4 2 1 1 2173 2224 1036 2292
7177 4 2 1 1 2117 2288 2135 2421
7178 4 2 1 1 536 310 2086 2298
7179 4 2 1 1 917 872 1103 2221
7180 4 2 1 1 584 685 471 2343
7181 4 2 1 1 1876 1883 1765 2374
7182 4 2 1 1 514 503 2197 2238
7183 4 2 1 1 1456 1501 1463 2112
7184 4 2 1 1 2040 2054 489 2274
7185 4 2 1 1 1946 1118 1947 831
7186 4 2 1 1 2039 2410 1389 2517
7187 4 2 1 1 1733 1848 1714 2239
7188 4 2 1 1 1408 1571 2345 2418
7189 4 2 1 1 1417 2298 1561 2514
7190 4 2 1 1 1723 1878 2175 2465
7191 4 2 1 1 1424 1423 2109 2228
7192 4 2 1 1 1867 2249 1800 2444
7193 4 2 1 1 1887 2104 2012 2290
7194 4 2 1 1 1861 1866 1799 2083
7195 4 2 1 1 1828 1772 1743 2292
7196 4 2 1 1 1642 1606 1516 2283
7197 4 2 1 1 2298 2382 452 2514
7198 4 2 1 1 1689 1944 11 2290
7199 4 2 1 1 1680 2004 1209 2403
7200 4 2 1 1 2011 2291 2048 2509
7201 4 2 1 1 2143 2175 1878 2465
7202 4 2 1 1 1474 2128 2124 2497
7203 4 2 1 1 2172 2368 1464 2493
7204 4 2 1 1 1419 2210 2098 2430
7205 4 2 1 1 1526 1371 2066 2196
7206 4 2 1 1 496 2084 2061 2267
7207 4 2 1 1 1073 2250 2021 2460
7208 4 2 1 1 1132 1144 932 2528
7209 4 2 1 1 2169 2206 941 2207
7210 4 2 1 1 620 2161 2053 2268
7211 4 2 1 1 1381 1627 2052 2530
7212 4 2 1 1 857 2008 915 2302
7213 4 2 1 1 26 2113 1046 2241
7214 4 2 1 1 1630 1525 2040 2274
7215 4 2 1 1 1914 1825 2130 2406
7216 4 2 1 1 391 2035 2332 2362
7217 4 2 1 1 2203 2213 1699 2278
7218 4 2 1 1 1478 1610 1477 2216
7219 4 2 1 1 602 647 2226 2366
7220 4 2 1 1 442 424 2135 2349
7221 4 2 1 1 825 1946 1955 2495
7222 4 2 1 1 1254 1176 670 2026
7223 4 2 1 1 980 2181 2158 2224
7224 4 2 1 1 977 2220 979 2278
7225 4 2 1 1 1796 2009 2508 2534
7226 4 2 1 1 1739 1748 1750 2031
7227 4 2 1 1 2173 1037 2224 2333
7228 4 2 1 1 1627 1517 1648 2052
7229 4 2 1 1 993 994 759 2235
7230 4 2 1 1 1420 1422 2109 2210
7231 4 2 1 1 288 289 287 2273
7232 4 2 1 1 579 2089 330 2329
7233 4 2 1 1 360 2209 2152 2275
7234 4 2 1 1 2032 2398 2492 2540
7235 4 2 1 1 1814 2118 1756 2213
7236 4 2 1 1 1478 1454 2159 2216
7237 4 2 1 1 219 2241 2019 2448
7238 4 2 1 1 1601 1477 2182 2216
7239 4 2 1 1 505 507 2147 2348
7240 4 2 1 1 674 2114 2016 2451
7241 4 2 1 1 707 659 261 1235
7242 4 2 1 1 1807 2305 2178 2351
7243 4 2 1 1 1850 1937 2184 2399
7244 4 2 1 1 1765 2185 2165 2374
7245 4 2 1 1 474 2200 2191 2354
7246 4 2 1 1 409 2140 2090 2400
7247 4 2 1 1 1772 1870 2173 2292
7248 4 2 1 1 1535 2179 2174 2297
7249 4 2 1 1 1405 1402 2078 2303
7250 4 2 1 1 1421 1579 1422 2157
7251 4 2 1 1 1009 717 1098 2205
7252 4 2 1 1 890 1002 894 2240
7253 4 2 1 1 1120 2017 1052 2435
7254 4 2 1 1 745 747 1097 2101
7255 4 2 1 1 2204 2252 1715 2326
7256 4 2 1 1 1763 2173 1899 2245
7257 4 2 1 1 1509 2040 2105 2273
7258 4 2 1 1 1601 1477 1610 2182
7259 4 2 1 1 956 955 2187 2211
7260 4 2 1 1 2136 2152 1458 2493
7261 4 2 1 1 1384 1553 2145 2381
7262 4 2 1 1 2098 2192 309 2294
7263 4 2 1 1 1061 2001 2251 2538
7264 4 2 1 1 277 2080 673 2188
7265 4 2 1 1 1415 1572 1596 2294
7266 4 2 1 1 1190 2189 1261 2279
7267 4 2 1 1 1425 1608 1550 2088
7268 4 2 1 1 741 40 2073 2244
7269 4 2 1 1 432 2079 433 2201
7270 4 2 1 1 1570 2124 1557 2199
7271 4 2 1 1 1901 1873 1731 2176
7272 4 2 1 1 738 2006 1045 2415
7273 4 2 1 1 1610 2182 1477 2216
7274 4 2 1 1 1868 1848 1746 2239
7275 4 2 1 1 11 1944 2243 2290
7276 4 2 1 1 1852 1881 2096 2515
7277 4 2 1 1 887 2187 886 2442
7278 4 2 1 1 304 306 303 2210
7279 4 2 1 1 410 449 411 2195
7280 4 2 1 1 1769 1908 1787 2100
7281 4 2 1 1 2015 2351 1677 2411
7282 4 2 1 1 1489 2325 2057 2424
7283 4 2 1 1 2203 2281 1814 2481
7284 4 2 1 1 2007 2383 2092 2428
7285 4 2 1 1 277 2188 587 2196
7286 4 2 1 1 1734 1812 1713 2207
7287 4 2 1 1 229 2280 2055 2343
7288 4 2 1 1 282 696 41 2287
7289 4 2 1 1 1632 2201 2079 2381
7290 4 2 1 1 1503 1476 1570 2124
7291 4 2 1 1 1411 2091 2382 2418
7292 4 2 1 1 1545 2072 2145 2543
7293 4 2 1 1 1542 1444 2136 2209
7294 4 2 1 1 732 746 745 2126
7295 4 2 1 1 661 2114 449 2177
7296 4 2 1 1 1770 2335 1881 2515
7297 4 2 1 1 998 2015 1072 2360
7298 4 2 1 1 289 2273 2064 2338
7299 4 2 1 1 1382 2191 1326 2414
7300 4 2 1 1 625 2066 709 2471
7301 4 2 1 1 1041 810 799 2044
7302 4 2 1 1 1494 2174 1470 2389
7303 4 2 1 1 1907 1776 1780 2461
7304 4 2 1 1 494 697 2105 2532
7305 4 2 1 1 1522 2255 2214 2503
7306 4 2 1 1 1729 1875 2069 2265
7307 4 2 1 1 1513 2398 2032 2540
7308 4 2 1 1 1954 1760 241 2015
7309 4 2 1 1 871 2286 2156 2385
7310 4 2 1 1 928 2150 2096 2515
7311 4 2 1 1 513 2348 2238 2366
7312 4 2 1 1 1484 2036 1495 2479
7313 4 2 1 1 1722 2122 1720 2459
7314 4 2 1 1 545 2097 578 2237
7315 4 2 1 1 2141 2264 1761 2284
7316 4 2 1 1 620 2053 644 2268
7317 4 2 1 1 1371 223 224 1998
7318 4 2 1 1 2143 2176 820 2356
7319 4 2 1 1 2041 2310 228 2535
7320 4 2 1 1 2109 2210 531 2370
7321 4 2 1 1 1619 1597 1434 2060
7322 4 2 1 1 2222 2237 533 2328
7323 4 2 1 1 1430 1445 1444 2275
7324 4 2 1 1 1729 1875 2265 2506
7325 4 2 1 1 1177 1921 210 2000
7326 4 2 1 1 1542 1454 1444 2209
7327 4 2 1 1 1554 1371 2080 2196
7328 4 2 1 1 1746 2239 2056 2269
7329 4 2 1 1 1707 1706 2167 2240
7330 4 2 1 1 1429 1436 1437 2123
7331 4 2 1 1 1431 1570 1557 2199
7332 4 2 1 1 1424 2081 1426 2228
7333 4 2 1 1 1376 1187 1225 2267
7334 4 2 1 1 848 814 1057 2009
7335 4 2 1 1 1057 2009 814 2300
7336 4 2 1 1 1043 2142 1998 2193
7337 4 2 1 1 1415 1596 1560 2294
7338 4 2 1 1 1591 2140 2018 2428
7339 4 2 1 1 2062 2112 554 2373
7340 4 2 1 1 268 1173 712 1278
7341 4 2 1 1 1075 2134 731 2461
7342 4 2 1 1 2031 792 2265 2337
7343 4 2 1 1 2155 2169 1813 2281
7344 4 2 1 1 1756 1953 239 2059
7345 4 2 1 1 1666 1367 1634 2447
7346 4 2 1 1 2165 2185 965 2374
7347 4 2 1 1 1852 2096 2150 2515
7348 4 2 1 1 2032 2492 2301 2540
7349 4 2 1 1 310 337 2128 2298
7350 4 2 1 1 918 2004 1126 2249
7351 4 2 1 1 1819 2158 1854 2385
7352 4 2 1 1 1740 2295 2168 2384
7353 4 2 1 1 1573 2289 2192 2469
7354 4 2 1 1 956 2211 2187 2264
7355 4 2 1 1 1485 1588 1640 2194
7356 4 2 1 1 442 443 424 2349
7357 4 2 1 1 2002 2260 2164 2444
7358 4 2 1 1 1897 2106 1722 2178
7359 4 2 1 1 733 1191 2208 2271
7360 4 2 1 1 1605 2233 2191 2414
7361 4 2 1 1 963 965 2185 2374
7362 4 2 1 1 1341 1530 1310 2022
7363 4 2 1 1 1906 2168 1740 2295
7364 4 2 1 1 515 2128 2199 2370
7365 4 2 1 1 1505 2035 1512 2229
7366 4 2 1 1 905 2017 906 2242
7367 4 2 1 1 449 410 460 2195
7368 4 2 1 1 1862 2008 1790 2324
7369 4 2 1 1 513 2166 2348 2366
7370 4 2 1 1 1124 725 2202 2270
7371 4 2 1 1 727 1253 1174 2004
7372 4 2 1 1 2036 2120 1625 2343
7373 4 2 1 1 882 2139 883 2215
7374 4 2 1 1 1355 1334 1292 2287
7375 4 2 1 1 1430 1444 2209 2275
7376 4 2 1 1 554 2112 2062 2545
7377 4 2 1 1 1766 2314 2205 2535
7378 4 2 1 1 2083 2107 2069 2470
7379 4 2 1 1 893 2308 2131 2364
7380 4 2 1 1 309 2192 2098 2430
7381 4 2 1 1 433 432 431 2079
7382 4 2 1 1 1054 2302 2361 2496
7383 4 2 1 1 635 696 282 2082
7384 4 2 1 1 578 2180 261 2237
7385 4 2 1 1 32 31 586 2188
7386 4 2 1 1 2029 2198 2184 2379
7387 4 2 1 1 865 829 1946 825
7388 4 2 1 1 671 474 2191 2354
7389 4 2 1 1 645 460 553 2102
7390 4 2 1 1 1828 1743 1704 2139
7391 4 2 1 1 1403 2426 2282 2500
7392 4 2 1 1 752 2095 2094 2372
7393 4 2 1 1 792 1034 2031 2265
7394 4 2 1 1 1897 2178 1774 2305
7395 4 2 1 1 1900 2304 2006 2419
7396 4 2 1 1 250 243 1888 2006
7397 4 2 1 1 1407 1404 1581 2161
7398 4 2 1 1 1465 1466 1452 2064
7399 4 2 1 1 1299 265 497 2530
7400 4 2 1 1 1098 2205 2146 2310
7401 4 2 1 1 1190 2189 274 2358
7402 4 2 1 1 1420 1423 1557 2199
7403 4 2 1 1 994 1140 995 2050
7404 4 2 1 1 1853 1669 1208 2367
7405 4 2 1 1 1512 2431 2229 2436
7406 4 2 1 1 1307 1075 2134 2307
7407 4 2 1 1 1099 2142 2006 2304
7408 4 2 1 1 760 941 2169 2206
7409 4 2 1 1 830 1945 852 2391
7410 4 2 1 1 797 794 2265 2482
7411 4 2 1 1 883 2139 881 2215
7412 4 2 1 1 1731 1727 1901 2356
7413 4 2 1 1 2141 2187 1761 2264
7414 4 2 1 1 215 2024 216 2416
7415 4 2 1 1 1197 255 602 2166
7416 4 2 1 1 2065 2317 690 2394
7417 4 2 1 1 428 2079 430 2471
7418 4 2 1 1 1067 1184 1236 2223
7419 4 2 1 1 293 2322 2063 2394
7420 4 2 1 1 962 2208 969 2284
7421 4 2 1 1 797 799 798 2023
7422 4 2 1 1 757 2100 758 2206
7423 4 2 1 1 2009 2300 2002 2357
7424 4 2 1 1 787 2119 986 2230
7425 4 2 1 1 2143 2319 1725 2512
7426 4 2 1 1 1739 2337 2031 2466
7427 4 2 1 1 1367 2219 1634 2447
7428 4 2 1 1 1827 1826 1763 2245
7429 4 2 1 1 1045 2006 738 2304
7430 4 2 1 1 1477 2127 1548 2216
7431 4 2 1 1 1394 1614 1392 2067
7432 4 2 1 1 623 2070 556 2289
7433 4 2 1 1 361 393 392 2371
7434 4 2 1 1 2043 2244 2073 2452
7435 4 2 1 1 2179 2226 523 2297
7436 4 2 1 1 1858 2049 2254 2467
7437 4 2 1 1 1437 1497 2123 2288
7438 4 2 1 1 1832 1691 232 2244
7439 4 2 1 1 1526 2325 1489 2424
7440 4 2 1 1 1938 1890 1756 2213
7441 4 2 1 1 1713 2204 1715 2326
7442 4 2 1 1 825 1955 2453 2495
7443 4 2 1 1 1216 1285 1995 2318
7444 4 2 1 1 1700 1698 1854 2217
7445 4 2 1 1 2034 2232 845 2405
7446 4 2 1 1 2016 2089 1401 2303
7447 4 2 1 1 871 874 873 2286
7448 4 2 1 1 1914 2258 1686 2406
7449 4 2 1 1 1052 1127 2024 2321
7450 4 2 1 1 483 495 2105 2532
7451 4 2 1 1 797 798 794 2482
7452 4 2 1 1 845 905 838 2232
7453 4 2 1 1 655 2339 642 2349
7454 4 2 1 1 1414 2298 1417 2514
7455 4 2 1 1 543 319 542 2183
7456 4 2 1 1 2192 2289 2077 2469
7457 4 2 1 1 1174 1209 1204 2004
7458 4 2 1 1 839 841 1006 2253
7459 4 2 1 1 1773 2027 1956 2050
7460 4 2 1 1 2427 2474 2242 2506
7461 4 2 1 1 1942 2046 2235 2346
7462 4 2 1 1 1012 2336 2162 2478
7463 4 2 1 1 799 2023 2299 2405
7464 4 2 1 1 769 768 2059 2277
7465 4 2 1 1 1706 2155 1880 2386
7466 4 2 1 1 1267 1177 1283 2537
7467 4 2 1 1 1484 2479 2058 2480
7468 4 2 1 1 1424 1427 1426 2081
7469 4 2 1 1 1831 1754 1864 2125
7470 4 2 1 1 2181 2286 2221 2388
7471 4 2 1 1 1880 2155 1813 2281
7472 4 2 1 1 1671 2284 2246 2450
7473 4 2 1 1 1695 2213 2190 2278
7474 4 2 1 1 424 443 609 2261
7475 4 2 1 1 469 2145 2080 2485
7476 4 2 1 1 462 655 642 2349
7477 4 2 1 1 865 1949 1101 1010
7478 4 2 1 1 21 22 2045 2234
7479 4 2 1 1 2087 2330 2094 2464
7480 4 2 1 1 939 2004 864 2049
7481 4 2 1 1 625 709 434 2471
7482 4 2 1 1 1706 1707 1708 2240
7483 4 2 1 1 1032 1076 803 2051
7484 4 2 1 1 625 673 277 2080
7485 4 2 1 1 879 877 880 2220
7486 4 2 1 1 346 2153 380 2263
7487 4 2 1 1 313 372 347 2294
7488 4 2 1 1 401 2199 341 2473
7489 4 2 1 1 1216 1287 1285 2318
7490 4 2 1 1 803 1032 2051 2417
7491 4 2 1 1 897 2204 916 2239
7492 4 2 1 1 1450 2317 2065 2322
7493 4 2 1 1 2204 2308 982 2434
7494 4 2 1 1 1615 1493 1482 2238
7495 4 2 1 1 1586 2153 1475 2263
7496 4 2 1 1 228 2310 2120 2543
7497 4 2 1 1 596 2140 606 2504
7498 4 2 1 1 956 2187 967 2264
7499 4 2 1 1 924 845 2034 2232
7500 4 2 1 1 1671 2246 1270 2450
7501 4 2 1 1 1200 210 1283 1177
7502 4 2 1 1 2167 1703 2327 2386
7503 4 2 1 1 224 245 1963 1998
7504 4 2 1 1 2099 2107 1901 2356
7505 4 2 1 1 1752 2320 2149 2542
7506 4 2 1 1 1912 1773 2050 2150
7507 4 2 1 1 1645 2003 1622 2229
7508 4 2 1 1 1674 2024 215 2490
7509 4 2 1 1 897 895 982 2308
7510 4 2 1 1 1478 2159 2214 2432
7511 4 2 1 1 1601 2127 1477 2216
7512 4 2 1 1 2136 2209 2152 2493
7513 4 2 1 1 2027 2050 1773 2150
7514 4 2 1 1 1757 1814 2281 2481
7515 4 2 1 1 716 1161 2056 2293
7516 4 2 1 1 1631 1658 1559 2226
7517 4 2 1 1 550 2192 372 2294
7518 4 2 1 1 1494 1470 1453 2389
7519 4 2 1 1 780 2106 2178 2459
7520 4 2 1 1 1470 1471 2148 2174
7521 4 2 1 1 447 2398 577 2492
7522 4 2 1 1 2015 1677 2323 2411
7523 4 2 1 1 381 346 380 2263
7524 4 2 1 1 2147 2238 503 2348
7525 4 2 1 1 1761 2141 1754 2187
7526 4 2 1 1 1007 2256 717 2314
7527 4 2 1 1 1740 2122 1721 2295
7528 4 2 1 1 1215 1083 1286 1281
7529 4 2 1 1 1721 1722 1723 2106
7530 4 2 1 1 1760 2015 2030 2351
7531 4 2 1 1 388 500 2368 2472
7532 4 2 1 1 1063 1241 2218 2333
7533 4 2 1 1 1873 1860 1859 2254
7534 4 2 1 1 444 2180 2097 2262
7535 4 2 1 1 2044 2299 2009 2357
7536 4 2 1 1 579 332 330 2089
7537 4 2 1 1 852 1945 830 826
7538 4 2 1 1 2067 2355 638 2527
7539 4 2 1 1 921 2155 2167 2386
7540 4 2 1 1 765 763 2046 2212
7541 4 2 1 1 1598 1578 2097 2180
7542 4 2 1 1 1793 2474 2427 2506
7543 4 2 1 1 1888 2290 2006 2541
7544 4 2 1 1 797 796 2069 2265
7545 4 2 1 1 1907 2186 1776 2461
7546 4 2 1 1 2090 2140 2018 2449
7547 4 2 1 1 1442 1432 1573 2071
7548 4 2 1 1 980 875 2158 2181
7549 4 2 1 1 643 631 535 2062
7550 4 2 1 1 962 2163 2141 2374
7551 4 2 1 1 358 423 2137 2261
7552 4 2 1 1 254 2256 2027 2314
7553 4 2 1 1 797 794 796 2265
7554 4 2 1 1 1955 1949 825 1010
7555 4 2 1 1 1387 1599 2082 2287
7556 4 2 1 1 441 464 465 2225
7557 4 2 1 1 457 2084 496 2267
7558 4 2 1 1 261 578 707 2180
7559 4 2 1 1 1917 1891 1779 2013
7560 4 2 1 1 1129 2169 2155 2281
7561 4 2 1 1 1519 2191 2200 2354
7562 4 2 1 1 2223 2253 904 2387
7563 4 2 1 1 29 259 587 2196
7564 4 2 1 1 879 880 2139 2220
7565 4 2 1 1 1291 1224 1207 2061
7566 4 2 1 1 752 2372 2094 2531
7567 4 2 1 1 438 439 440 2201
7568 4 2 1 1 1174 2004 1253 2403
7569 4 2 1 1 819 820 2176 2356
7570 4 2 1 1 342 2124 2197 2473
7571 4 2 1 1 665 2229 573 2291
7572 4 2 1 1 789 2046 763 2346
7573 4 2 1 1 31 32 1139 2005
7574 4 2 1 1 2121 2162 1844 2478
7575 4 2 1 1 729 2164 1141 2260
7576 4 2 1 1 1574 2180 1187 2267
7577 4 2 1 1 1604 2268 1616 2426
7578 4 2 1 1 570 646 279 2259
7579 4 2 1 1 1650 1640 1588 2016
7580 4 2 1 1 1610 2147 1615 2182
7581 4 2 1 1 2144 2248 417 2288
7582 4 2 1 1 1361 732 1348 2126
7583 4 2 1 1 2014 2492 2398 2540
7584 4 2 1 1 1328 2134 1307 2461
7585 4 2 1 1 1510 1648 1517 2022
7586 4 2 1 1 1412 2382 2086 2514
7587 4 2 1 1 758 2100 1112 2207
7588 4 2 1 1 748 746 2087 2464
7589 4 2 1 1 2162 2336 1844 2478
7590 4 2 1 1 524 663 442 2135
7591 4 2 1 1 1239 1678 1845 2162
7592 4 2 1 1 1616 2053 2268 2431
7593 4 2 1 1 1012 839 2162 2336
7594 4 2 1 1 793 2099 796 2265
7595 4 2 1 1 751 753 812 2306
7596 4 2 1 1 1998 2188 30 2193
7597 4 2 1 1 1479 2159 1542 2376
7598 4 2 1 1 1478 2159 1479 2214
7599 4 2 1 1 29 587 1998 2196
7600 4 2 1 1 845 2232 838 2405
7601 4 2 1 1 528 2248 2117 2288
7602 4 2 1 1 1361 952 732 2126
7603 4 2 1 1 878 980 2158 2224
7604 4 2 1 1 1255 603 2179 2226
7605 4 2 1 1 2159 2376 1479 2503
7606 4 2 1 1 535 2062 631 2397
7607 4 2 1 1 799 2299 809 2405
7608 4 2 1 1 1405 1500 1583 2114
7609 4 2 1 1 752 754 2095 2252
7610 4 2 1 1 1115 21 2045 2435
7611 4 2 1 1 573 391 2229 2362
7612 4 2 1 1 1369 2120 1625 2225
7613 4 2 1 1 1440 1407 1581 2161
7614 4 2 1 1 1645 2003 2229 2431
7615 4 2 1 1 792 2031 805 2337
7616 4 2 1 1 550 372 313 2294
7617 4 2 1 1 1107 1142 858 2008
7618 4 2 1 1 541 2144 450 2200
7619 4 2 1 1 1593 2428 2007 2475
7620 4 2 1 1 1088 2116 908 2487
7621 4 2 1 1 805 792 1034 2031
7622 4 2 1 1 602 278 1231 2226
7623 4 2 1 1 1239 1678 2162 2223
7624 4 2 1 1 772 769 2190 2323
7625 4 2 1 1 487 608 683 2272
7626 4 2 1 1 1583 2114 1650 2303
7627 4 2 1 1 1582 1630 2040 2479
7628 4 2 1 1 912 748 746 2087
7629 4 2 1 1 1845 1186 2162 2529
7630 4 2 1 1 325 572 2078 2525
7631 4 2 1 1 1760 1954 242 2030
7632 4 2 1 1 1092 940 741 2073
7633 4 2 1 1 933 1124 2202 2270
7634 4 2 1 1 1478 1477 1454 2216
7635 4 2 1 1 1840 1841 2223 2253
7636 4 2 1 1 1075 1307 2134 2461
7637 4 2 1 1 401 520 590 2228
7638 4 2 1 1 1567 2313 2093 2520
7639 4 2 1 1 2019 2241 2048 2509
7640 4 2 1 1 626 2109 590 2228
7641 4 2 1 1 967 958 2141 2187
7642 4 2 1 1 1831 1705 2215 2442
7643 4 2 1 1 1820 2130 2221 2286
7644 4 2 1 1 2092 2383 1997 2428
7645 4 2 1 1 294 2063 292 2257
7646 4 2 1 1 1048 2181 2224 2388
7647 4 2 1 1 1379 1996 1609 2449
7648 4 2 1 1 1969 2193 1968 2334
7649 4 2 1 1 1307 2134 1328 2307
7650 4 2 1 1 643 631 2070 2395
7651 4 2 1 1 962 961 2163 2374
7652 4 2 1 1 986 2119 2190 2230
7653 4 2 1 1 1129 2155 2169 2413
7654 4 2 1 1 1408 2345 2091 2418
7655 4 2 1 1 1626 1493 1665 2348
7656 4 2 1 1 1073 2021 2420 2460
7657 4 2 1 1 1905 2361 2045 2521
7658 4 2 1 1 663 442 2135 2349
7659 4 2 1 1 1046 2154 1030 2302
7660 4 2 1 1 280 580 482 2234
7661 4 2 1 1 1707 2240 2167 2442
7662 4 2 1 1 1450 2322 1580 2402
7663 4 2 1 1 1744 1745 1733 2149
7664 4 2 1 1 826 852 1945 2495
7665 4 2 1 1 884 2167 2215 2327
7666 4 2 1 1 1539 2234 2103 2416
7667 4 2 1 1 616 2214 2159 2432
7668 4 2 1 1 441 440 439 2225
7669 4 2 1 1 907 913 2116 2285
7670 4 2 1 1 1905 2342 2045 2361
7671 4 2 1 1 897 901 2108 2239
7672 4 2 1 1 1743 1749 1717 2211
7673 4 2 1 1 1617 1397 2038 2486
7674 4 2 1 1 1425 2088 1579 2353
7675 4 2 1 1 392 435 592 2018
7676 4 2 1 1 438 2201 440 2485
7677 4 2 1 1 1459 1468 2172 2341
7678 4 2 1 1 949 2029 730 2244
7679 4 2 1 1 983 2213 984 2278
7680 4 2 1 1 1947 1941 1946 831
7681 4 2 1 1 619 268 712 1278
7682 4 2 1 1 268 705 1254 670
7683 4 2 1 1 2082 2105 1613 2441
7684 4 2 1 1 13 2000 1074 2537
7685 4 2 1 1 1380 2061 2026 2352
7686 4 2 1 1 1036 2173 1037 2224
7687 4 2 1 1 914 2002 851 2249
7688 4 2 1 1 1226 1853 2121 2529
7689 4 2 1 1 1724 2319 1726 2512
7690 4 2 1 1 1312 1540 1360 2530
7691 4 2 1 1 737 1232 1193 2221
7692 4 2 1 1 1826 1896 2264 2284
7693 4 2 1 1 901 1011 900 2239
7694 4 2 1 1 802 801 796 2069
7695 4 2 1 1 1705 1707 2167 2442
7696 4 2 1 1 975 2224 878 2292
7697 4 2 1 1 846 843 2027 2331
7698 4 2 1 1 2044 2470 2083 2523
7699 4 2 1 1 1555 2189 1261 2358
7700 4 2 1 1 899 2138 1002 2240
7701 4 2 1 1 1513 2439 2398 2540
7702 4 2 1 1 1011 937 2056 2239
7703 4 2 1 1 1101 1958 1949 2507
7704 4 2 1 1 1610 2182 2216 2432
7705 4 2 1 1 1641 1502 2233 2477
7706 4 2 1 1 1612 1222 1388 2170
7707 4 2 1 1 1525 2105 2054 2441
7708 4 2 1 1 1914 1686 1825 2406
7709 4 2 1 1 350 336 2038 2371
7710 4 2 1 1 1058 848 1057 2454
7711 4 2 1 1 1772 1870 1895 2173
7712 4 2 1 1 1997 2092 2428 2517
7713 4 2 1 1 602 1231 1197 2166
7714 4 2 1 1 2232 2321 2024 2490
7715 4 2 1 1 1551 2135 2349 2458
7716 4 2 1 1 2012 2243 1944 2290
7717 4 2 1 1 511 262 660 2255
7718 4 2 1 1 2126 2330 2087 2464
7719 4 2 1 1 760 2169 764 2446
7720 4 2 1 1 547 2237 680 2328
7721 4 2 1 1 1682 2302 2361 2463
7722 4 2 1 1 1701 2220 2203 2278
7723 4 2 1 1 837 2034 845 2405
7724 4 2 1 1 2324 2337 2051 2487
7725 4 2 1 1 1807 1774 2178 2305
7726 4 2 1 1 1462 1623 1443 2070
7727 4 2 1 1 1316 1491 1647 1334
7728 4 2 1 1 1477 1441 1454 2216
7729 4 2 1 1 1488 2057 2344 2437
7730 4 2 1 1 1159 1061 1060 2491
7731 4 2 1 1 1622 2011 1620 2229
7732 4 2 1 1 528 419 2248 2288
7733 4 2 1 1 1235 1238 1187 2180
7734 4 2 1 1 1757 2118 1814 2481
7735 4 2 1 1 2229 2332 2035 2362
7736 4 2 1 1 1244 1178 267 2267
7737 4 2 1 1 557 466 685 2120
7738 4 2 1 1 1692 2134 1815 2307
7739 4 2 1 1 1807 1760 2305 2351
7740 4 2 1 1 1813 1811 1757 2281
7741 4 2 1 1 420 417 2248 2288
7742 4 2 1 1 1306 725 2270 2340
7743 4 2 1 1 777 2119 1132 2122
7744 4 2 1 1 1101 1949 1958 2360
7745 4 2 1 1 2067 2352 2026 2524
7746 4 2 1 1 1244 653 1176 2061
7747 4 2 1 1 1488 1597 1619 2437
7748 4 2 1 1 1929 1811 1786 2169
7749 4 2 1 1 1414 1417 2298 2516
7750 4 2 1 1 1118 1948 1946 1947
7751 4 2 1 1 489 2054 710 2274
7752 4 2 1 1 706 2040 489 2274
7753 4 2 1 1 1511 1512 2035 2436
7754 4 2 1 1 754 788 2100 2326
7755 4 2 1 1 1000 1152 1302 2186
7756 4 2 1 1 388 2472 2368 2493
7757 4 2 1 1 1900 1965 244 2419
7758 4 2 1 1 721 1264 2245 2246
7759 4 2 1 1 1436 1427 1550 2081
7760 4 2 1 1 1209 1865 1204 2444
7761 4 2 1 1 969 962 971 2208
7762 4 2 1 1 1414 1417 1561 2514
7763 4 2 1 1 2238 2348 2166 2366
7764 4 2 1 1 534 358 2137 2275
7765 4 2 1 1 1952 238 1668 2046
7766 4 2 1 1 1755 2207 2169 2413
7767 4 2 1 1 1734 1715 2252 2326
7768 4 2 1 1 2039 2433 2092 2501
7769 4 2 1 1 1689 2012 1944 2290
7770 4 2 1 1 1615 1610 1523 2147
7771 4 2 1 1 1404 1581 2161 2426
7772 4 2 1 1 901 900 2108 2239
7773 4 2 1 1 1461 2289 1442 2469
7774 4 2 1 1 983 931 2190 2278
7775 4 2 1 1 1694 1697 1696 2230
7776 4 2 1 1 933 2202 1124 2320
7777 4 2 1 1 1002 2138 894 2240
7778 4 2 1 1 2000 2316 13 2392
7779 4 2 1 1 2066 2196 709 2393
7780 4 2 1 1 2071 1432 2192 2430
7781 4 2 1 1 1128 733 2208 2271
7782 4 2 1 1 2003 353 2268 2301
7783 4 2 1 1 1954 2030 2015 2360
7784 4 2 1 1 878 877 879 2158
7785 4 2 1 1 364 2197 2182 2473
7786 4 2 1 1 1997 2383 2092 2433
7787 4 2 1 1 532 407 2222 2283
7788 4 2 1 1 2059 2213 2118 2481
7789 4 2 1 1 1964 1932 247 2005
7790 4 2 1 1 1857 1208 1669 2049
7791 4 2 1 1 2265 2337 792 2466
7792 4 2 1 1 1895 2218 1877 2333
7793 4 2 1 1 1636 2166 2238 2348
7794 4 2 1 1 2037 2268 353 2301
7795 4 2 1 1 1186 1239 1845 2162
7796 4 2 1 1 1499 1406 1571 2102
7797 4 2 1 1 1601 1548 1477 2127
7798 4 2 1 1 1271 1637 1611 2255
7799 4 2 1 1 688 2170 583 2233
7800 4 2 1 1 1871 2158 1819 2181
7801 4 2 1 1 1054 1053 2302 2496
7802 4 2 1 1 2058 2479 2036 2480
7803 4 2 1 1 1522 1478 1479 2214
7804 4 2 1 1 394 450 395 2341
7805 4 2 1 1 324 325 322 2078
7806 4 2 1 1 1208 1226 1853 2367
7807 4 2 1 1 536 310 311 2086
7808 4 2 1 1 1636 1492 2238 2366
7809 4 2 1 1 1897 1774 2068 2305
7810 4 2 1 1 1876 2165 1837 2276
7811 4 2 1 1 2097 2222 1635 2237
7812 4 2 1 1 937 2056 2239 2269
7813 4 2 1 1 1873 1859 1844 2121
7814 4 2 1 1 2000 1074 2537 2538
7815 4 2 1 1 2176 2336 835 2478
7816 4 2 1 1 1801 2010 2359 2534
7817 4 2 1 1 1110 1075 1350 2307
7818 4 2 1 1 843 1007 846 2256
7819 4 2 1 1 1016 1024 2143 2356
7820 4 2 1 1 1105 2246 1022 2264
7821 4 2 1 1 1752 2149 1744 2542
7822 4 2 1 1 1713 1812 1711 2207
7823 4 2 1 1 1299 497 2231 2530
7824 4 2 1 1 942 937 2115 2269
7825 4 2 1 1 1221 1893 2271 2307
7826 4 2 1 1 1945 829 830 826
7827 4 2 1 1 1867 1898 1882 2004
7828 4 2 1 1 1682 2361 2302 2448
7829 4 2 1 1 1586 2171 2153 2263
7830 4 2 1 1 342 2197 364 2473
7831 4 2 1 1 1163 1126 918 2004
7832 4 2 1 1 226 1384 225 2145
7833 4 2 1 1 646 2020 570 2393
7834 4 2 1 1 2009 2250 2408 2454
7835 4 2 1 1 643 436 631 2395
7836 4 2 1 1 292 2257 2063 2312
7837 4 2 1 1 1969 1964 1967 2193
7838 4 2 1 1 1705 1831 1707 2442
7839 4 2 1 1 533 2222 545 2237
7840 4 2 1 1 309 550 2192 2430
7841 4 2 1 1 353 2037 349 2268
7842 4 2 1 1 1129 920 2155 2413
7843 4 2 1 1 615 1287 698 270
7844 4 2 1 1 388 2136 2472 2493
7845 4 2 1 1 1420 1421 1422 2210
7846 4 2 1 1 1954 2015 1960 2360
7847 4 2 1 1 480 459 476 2061
7848 4 2 1 1 528 419 420 2248
7849 4 2 1 1 300 2062 2397 2545
7850 4 2 1 1 2368 2472 2136 2493
7851 4 2 1 1 2008 2324 2116 2521
7852 4 2 1 1 1692 1933 1815 2134
7853 4 2 1 1 780 781 779 2178
7854 4 2 1 1 1395 1617 1397 2038
7855 4 2 1 1 2158 2217 1854 2385
7856 4 2 1 1 1960 2015 1677 2323
7857 4 2 1 1 769 770 768 2277
7858 4 2 1 1 1204 1690 1171 2260
7859 4 2 1 1 1024 786 785 2319
7860 4 2 1 1 1886 1906 1740 2295
7861 4 2 1 1 1605 2191 1382 2414
7862 4 2 1 1 411 408 410 2195
7863 4 2 1 1 757 759 2160 2206
7864 4 2 1 1 2119 2351 776 2411
7865 4 2 1 1 1444 1458 1542 2136
7866 4 2 1 1 1311 2073 1354 2287
7867 4 2 1 1 599 606 713 1996
7868 4 2 1 1 953 952 100 1361
7869 4 2 1 1 863 816 859 2083
7870 4 2 1 1 1570 1474 1557 2124
7871 4 2 1 1 2218 2224 1037 2333
7872 4 2 1 1 779 2178 781 2305
7873 4 2 1 1 1641 2189 1541 2477
7874 4 2 1 1 2046 2118 1668 2446
7875 4 2 1 1 789 761 2046 2235
7876 4 2 1 1 1790 1748 2324 2521
7877 4 2 1 1 1368 1365 1527 2231
7878 4 2 1 1 33 2145 258 2146
7879 4 2 1 1 558 2120 650 2310
7880 4 2 1 1 317 2091 2345 2382
7881 4 2 1 1 1499 2177 2102 2195
7882 4 2 1 1 1780 2404 2134 2461
7883 4 2 1 1 2072 2145 258 2485
7884 4 2 1 1 2120 2310 2072 2543
7885 4 2 1 1 234 2073 1311 2287
7886 4 2 1 1 1027 2012 2243 2453
7887 4 2 1 1 1964 2005 1967 2193
7888 4 2 1 1 1467 1450 1580 2402
7889 4 2 1 1 957 882 2211 2292
7890 4 2 1 1 1917 1675 1808 1359
7891 4 2 1 1 2076 2319 2068 2417
7892 4 2 1 1 1515 2222 1516 2283
7893 4 2 1 1 1772 2173 2211 2292
7894 4 2 1 1 616 518 2214 2432
7895 4 2 1 1 1286 2164 1215 2491
7896 4 2 1 1 1485 1394 2194 2352
7897 4 2 1 1 550 309 2192 2294
7898 4 2 1 1 1517 2338 2052 2402
7899 4 2 1 1 1596 2192 2077 2469
7900 4 2 1 1 2157 2353 2088 2545
7901 4 2 1 1 1385 1210 1203 2025
7902 4 2 1 1 72 635 285 1355
7903 4 2 1 1 353 656 2003 2268
7904 4 2 1 1 1577 1575 2084 2262
7905 4 2 1 1 2071 2157 304 2397
7906 4 2 1 1 1734 1908 1812 2100
7907 4 2 1 1 436 2070 631 2395
7908 4 2 1 1 1261 2189 1555 2279
7909 4 2 1 1 719 25 1046 2241
7910 4 2 1 1 479 268 705 2025
7911 4 2 1 1 2137 2209 357 2275
7912 4 2 1 1 853 2150 2027 2390
7913 4 2 1 1 1340 2270 951 2293
7914 4 2 1 1 1053 2019 2302 2496
7915 4 2 1 1 1189 1222 1612 2170
7916 4 2 1 1 1708 1709 2138 2240
7917 4 2 1 1 2000 2316 2410 2539
7918 4 2 1 1 891 2276 2125 2363
7919 4 2 1 1 553 460 410 2195
7920 4 2 1 1 1755 1786 2169 2207
7921 4 2 1 1 1681 230 1829 2198
7922 4 2 1 1 1467 1448 1450 2065
7923 4 2 1 1 2127 2182 1601 2473
7924 4 2 1 1 2001 2408 1803 2412
7925 4 2 1 1 1474 1476 1475 2124
7926 4 2 1 1 1382 1531 1326 2191
7927 4 2 1 1 2148 2174 404 2389
7928 4 2 1 1 653 480 481 2061
7929 4 2 1 1 1826 2245 1827 2246
7930 4 2 1 1 1021 2173 957 2211
7931 4 2 1 1 476 2352 2489 2524
7932 4 2 1 1 1561 2298 2153 2514
7933 4 2 1 1 1609 1379 215 1996
7934 4 2 1 1 25 719 24 2019
7935 4 2 1 1 719 2019 25 2241
7936 4 2 1 1 1035 2249 1047 2470
7937 4 2 1 1 1378 1555 1261 2358
7938 4 2 1 1 957 2211 2173 2292
7939 4 2 1 1 626 627 642 2081
7940 4 2 1 1 954 1343 716 2347
7941 4 2 1 1 589 2123 424 2261
7942 4 2 1 1 2087 1741 2115 2372
7943 4 2 1 1 1058 2021 2250 2454
7944 4 2 1 1 1509 2040 1525 2105
7945 4 2 1 1 781 2068 795 2305
7946 4 2 1 1 1703 2167 1706 2386
7947 4 2 1 1 1689 249 1944 2012
7948 4 2 1 1 1641 1541 1502 2477
7949 4 2 1 1 1832 2244 2029 2452
7950 4 2 1 1 1174 1209 2004 2403
7951 4 2 1 1 1441 1430 1444 2209
7952 4 2 1 1 1493 2238 2147 2348
7953 4 2 1 1 1763 1772 2173 2211
7954 4 2 1 1 1415 2098 1560 2516
7955 4 2 1 1 1515 1516 1471 2283
7956 4 2 1 1 484 2433 486 2501
7957 4 2 1 1 1838 1821 1818 2156
7958 4 2 1 1 1572 1434 1597 2132
7959 4 2 1 1 444 2097 411 2262
7960 4 2 1 1 2011 2241 591 2509
7961 4 2 1 1 266 2247 2200 2354
7962 4 2 1 1 785 784 782 2319
7963 4 2 1 1 1852 1770 1881 2515
7964 4 2 1 1 1502 2368 2172 2477
7965 4 2 1 1 2046 2212 763 2346
7966 4 2 1 1 1773 1784 2027 2150
7967 4 2 1 1 439 2111 2201 2395
7968 4 2 1 1 463 665 656 2003
7969 4 2 1 1 1545 1384 2145 2381
7970 4 2 1 1 420 2248 419 2288
7971 4 2 1 1 790 777 2122 2459
7972 4 2 1 1 1733 1745 1746 2056
7973 4 2 1 1 642 626 2081 2339
7974 4 2 1 1 780 782 781 2068
7975 4 2 1 1 921 2167 1082 2386
7976 4 2 1 1 1369 2120 2072 2543
7977 4 2 1 1 1054 2361 2285 2496
7978 4 2 1 1 1018 2193 1102 2334
7979 4 2 1 1 656 644 463 2362
7980 4 2 1 1 437 620 644 2268
7981 4 2 1 1 1465 2040 1509 2273
7982 4 2 1 1 599 1996 713 2400
7983 4 2 1 1 799 809 808 2405
7984 4 2 1 1 1224 1589 1380 2026
7985 4 2 1 1 1942 2046 237 2235
7986 4 2 1 1 505 2147 503 2348
7987 4 2 1 1 401 343 520 2127
7988 4 2 1 1 1734 2252 2100 2326
7989 4 2 1 1 1052 2017 905 2232
7990 4 2 1 1 237 2046 1768 2235
7991 4 2 1 1 1152 1000 1001 2186
7992 4 2 1 1 751 2094 752 2095
7993 4 2 1 1 1389 1594 1534 2517
7994 4 2 1 1 1997 414 2383 2433
7995 4 2 1 1 421 2288 419 2421
7996 4 2 1 1 1376 1574 1187 2267
7997 4 2 1 1 479 712 268 2025
7998 4 2 1 1 314 2086 311 2294
7999 4 2 1 1 1035 2083 2249 2470
8000 4 2 1 1 2121 2367 1226 2529
8001 4 2 1 1 1796 1798 2009 2534
8002 4 2 1 1 1703 1702 1704 2327
8003 4 2 1 1 2189 2358 2227 2472
8004 4 2 1 1 1446 2425 2148 2488
8005 4 2 1 1 1571 2102 2345 2418
8006 4 2 1 1 1905 217 2045 2342
8007 4 2 1 1 1060 2001 1059 2300
8008 4 2 1 1 1397 2468 2038 2486
8009 4 2 1 1 1815 2271 1893 2307
8010 4 2 1 1 1139 736 31 2193
8011 4 2 1 1 1745 2056 2149 2293
8012 4 2 1 1 1118 1946 829 831
8013 4 2 1 1 1190 1261 2189 2358
8014 4 2 1 1 570 279 624 2259
8015 4 2 1 1 462 540 655 2349
8016 4 2 1 1 1337 671 2191 2354
8017 4 2 1 1 1531 1331 2191 2354
8018 4 2 1 1 534 2137 357 2275
8019 4 2 1 1 1512 1505 1511 2035
8020 4 2 1 1 856 2121 1033 2254
8021 4 2 1 1 1048 2181 980 2224
8022 4 2 1 1 1673 1770 1912 2160
8023 4 2 1 1 977 2220 2203 2327
8024 4 2 1 1 429 428 430 2471
8025 4 2 1 1 760 761 759 2206
8026 4 2 1 1 857 1030 860 2154
8027 4 2 1 1 892 2131 1055 2363
8028 4 2 1 1 249 11 1689 1944
8029 4 2 1 1 1999 2039 2392 2433
8030 4 2 1 1 2006 2142 1965 2419
8031 4 2 1 1 2089 2282 330 2329
8032 4 2 1 1 538 2368 2172 2493
8033 4 2 1 1 829 1945 1946 2495
8034 4 2 1 1 446 2032 447 2301
8035 4 2 1 1 533 2237 546 2328
8036 4 2 1 1 1729 2265 2099 2466
8037 4 2 1 1 695 647 602 2366
8038 4 2 1 1 312 310 337 2128
8039 4 2 1 1 978 932 1144 2156
8040 4 2 1 1 1132 2384 2122 2528
8041 4 2 1 1 391 2035 415 2332
8042 4 2 1 1 1964 1932 2005 2314
8043 4 2 1 1 351 2038 336 2371
8044 4 2 1 1 889 2125 890 2363
8045 4 2 1 1 2140 2350 1590 2449
8046 4 2 1 1 1584 1207 1380 2061
8047 4 2 1 1 391 390 415 2035
8048 4 2 1 1 799 808 2023 2405
8049 4 2 1 1 1092 1154 1356 2073
8050 4 2 1 1 1233 2271 742 2307
8051 4 2 1 1 1868 1746 1869 2269
8052 4 2 1 1 390 415 2035 2332
8053 4 2 1 1 1702 1700 1732 2220
8054 4 2 1 1 360 2152 369 2275
8055 4 2 1 1 1701 2203 1699 2278
8056 4 2 1 1 457 456 445 2262
8057 4 2 1 1 28 259 29 2020
8058 4 2 1 1 1754 1761 1762 2141
8059 4 2 1 1 1052 1120 905 2017
8060 4 2 1 1 516 590 626 2109
8061 4 2 1 1 676 2257 2058 2455
8062 4 2 1 1 646 2020 28 2304
8063 4 2 1 1 924 845 837 2034
8064 4 2 1 1 1161 923 1011 2056
8065 4 2 1 1 1073 1058 2021 2250
8066 4 2 1 1 2082 2105 483 2511
8067 4 2 1 1 1541 2368 1502 2477
8068 4 2 1 1 505 507 504 2147
8069 4 2 1 1 837 1051 2034 2299
8070 4 2 1 1 1636 2238 2166 2366
8071 4 2 1 1 652 643 554 2062
8072 4 2 1 1 1035 2083 1087 2249
8073 4 2 1 1 597 23 280 2496
8074 4 2 1 1 944 1148 722 2041
8075 4 2 1 1 1507 2373 2111 2480
8076 4 2 1 1 1177 2251 1266 2396
8077 4 2 1 1 1838 1719 1740 2528
8078 4 2 1 1 1946 1949 865 825
8079 4 2 1 1 1404 1405 1402 2078
8080 4 2 1 1 1703 2203 1701 2327
8081 4 2 1 1 2136 2368 1496 2472
8082 4 2 1 1 521 385 383 2297
8083 4 2 1 1 1884 1905 2045 2521
8084 4 2 1 1 513 2166 512 2348
8085 4 2 1 1 1432 1421 1419 2210
8086 4 2 1 1 1587 2227 2376 2472
8087 4 2 1 1 597 280 482 2048
8088 4 2 1 1 1508 2014 1486 2439
8089 4 2 1 1 556 428 427 2110
8090 4 2 1 1 857 858 915 2008
8091 4 2 1 1 1604 2037 2268 2426
8092 4 2 1 1 266 662 2200 2247
8093 4 2 1 1 606 2429 269 2504
8094 4 2 1 1 1217 1637 1271 2255
8095 4 2 1 1 633 2014 413 2440
8096 4 2 1 1 1633 2111 1462 2201
8097 4 2 1 1 576 2161 620 2268
8098 4 2 1 1 2113 2415 2154 2541
8099 4 2 1 1 1841 2162 1678 2223
8100 4 2 1 1 685 263 2120 2280
8101 4 2 1 1 2028 2073 233 2287
8102 4 2 1 1 1996 2400 2103 2449
8103 4 2 1 1 1415 2086 2294 2516
8104 4 2 1 1 1439 2133 2425 2488
8105 4 2 1 1 2015 2323 770 2411
8106 4 2 1 1 2010 2232 1855 2490
8107 4 2 1 1 652 2062 554 2373
8108 4 2 1 1 1387 2082 1613 2441
8109 4 2 1 1 936 2115 937 2239
8110 4 2 1 1 685 584 263 2280
8111 4 2 1 1 1568 1537 1655 2048
8112 4 2 1 1 963 2163 2185 2404
8113 4 2 1 1 350 351 336 2371
8114 4 2 1 1 1066 2223 904 2258
8115 4 2 1 1 852 2391 1945 2495
8116 4 2 1 1 431 2070 436 2395
8117 4 2 1 1 953 100 1295 1361
8118 4 2 1 1 692 2377 2074 2499
8119 4 2 1 1 1661 1515 1535 2174
8120 4 2 1 1 1671 1834 2284 2450
8121 4 2 1 1 1734 1713 1715 2326
8122 4 2 1 1 975 878 974 2292
8123 4 2 1 1 1826 1896 1761 2264
8124 4 2 1 1 2170 2233 688 2279
8125 4 2 1 1 1482 1503 1615 2197
8126 4 2 1 1 963 2185 2163 2374
8127 4 2 1 1 1144 978 2156 2230
8128 4 2 1 1 1852 2150 1912 2515
8129 4 2 1 1 944 946 945 2184
8130 4 2 1 1 456 2180 444 2262
8131 4 2 1 1 503 2238 506 2348
8132 4 2 1 1 308 2210 2098 2370
8133 4 2 1 1 566 432 469 2485
8134 4 2 1 1 1588 1398 1401 2016
8135 4 2 1 1 881 883 882 2139
8136 4 2 1 1 422 421 419 2421
8137 4 2 1 1 2242 2405 2232 2427
8138 4 2 1 1 839 1006 2162 2336
8139 4 2 1 1 1926 1790 2008 2361
8140 4 2 1 1 1576 2084 1575 2267
8141 4 2 1 1 421 2135 2288 2421
8142 4 2 1 1 1366 1317 2293 2347
8143 4 2 1 1 13 14 2000 2392
8144 4 2 1 1 552 2317 371 2394
8145 4 2 1 1 1710 1864 1837 2125
8146 4 2 1 1 574 693 2011 2332
8147 4 2 1 1 2187 2215 886 2442
8148 4 2 1 1 1208 2049 1290 2367
8149 4 2 1 1 1311 2073 234 2456
8150 4 2 1 1 1826 2264 2246 2284
8151 4 2 1 1 443 2081 609 2261
8152 4 2 1 1 1513 1539 2032 2398
8153 4 2 1 1 1691 2244 1832 2452
8154 4 2 1 1 519 342 340 2124
8155 4 2 1 1 1579 2157 1433 2353
8156 4 2 1 1 2079 2080 1547 2381
8157 4 2 1 1 1860 2107 1861 2467
8158 4 2 1 1 1843 2176 1844 2336
8159 4 2 1 1 220 1568 219 2241
8160 4 2 1 1 2145 2381 2080 2485
8161 4 2 1 1 1460 1632 1462 2070
8162 4 2 1 1 13 2316 2000 2537
8163 4 2 1 1 259 2196 2020 2393
8164 4 2 1 1 1815 2134 2271 2307
8165 4 2 1 1 2084 2016 2451 2489
8166 4 2 1 1 221 2020 1565 2259
8167 4 2 1 1 532 640 2174 2222
8168 4 2 1 1 1734 2100 1812 2207
8169 4 2 1 1 1891 1771 1779 2087
8170 4 2 1 1 413 633 648 2014
8171 4 2 1 1 447 399 2301 2492
8172 4 2 1 1 1755 2169 2155 2413
8173 4 2 1 1 2015 2277 770 2323
8174 4 2 1 1 1606 2283 2195 2483
8175 4 2 1 1 1999 2039 2433 2517
8176 4 2 1 1 943 2115 936 2252
8177 4 2 1 1 1545 1384 226 2145
8178 4 2 1 1 631 556 623 2070
8179 4 2 1 1 538 2368 500 2477
8180 4 2 1 1 592 435 612 2383
8181 4 2 1 1 1863 2265 1729 2466
8182 4 2 1 1 480 481 2026 2524
8183 4 2 1 1 875 876 2158 2217
8184 4 2 1 1 551 2192 2071 2289
8185 4 2 1 1 2039 2318 1995 2539
8186 4 2 1 1 1729 2265 1863 2506
8187 4 2 1 1 381 383 385 2171
8188 4 2 1 1 496 2061 267 2267
8189 4 2 1 1 1470 2174 2148 2389
8190 4 2 1 1 2063 2322 1451 2394
8191 4 2 1 1 767 771 769 2059
8192 4 2 1 1 1597 1488 1480 2077
8193 4 2 1 1 1255 1192 603 2226
8194 4 2 1 1 1244 2061 1207 2267
8195 4 2 1 1 1636 1626 2166 2348
8196 4 2 1 1 427 374 2289 2375
8197 4 2 1 1 783 795 781 2068
8198 4 2 1 1 830 852 1017 2391
8199 4 2 1 1 1222 1388 2170 2279
8200 4 2 1 1 370 2257 676 2455
8201 4 2 1 1 1790 1862 1926 2008
8202 4 2 1 1 609 2081 627 2261
8203 4 2 1 1 1196 1232 714 2218
8204 4 2 1 1 1411 1413 2418 2514
8205 4 2 1 1 2032 1374 2048 2342
8206 4 2 1 1 1513 1539 2398 2439
8207 4 2 1 1 692 622 497 2377
8208 4 2 1 1 1786 1812 1908 2207
8209 4 2 1 1 1671 1270 1834 2450
8210 4 2 1 1 224 225 1553 2188
8211 4 2 1 1 1260 1552 1367 2219
8212 4 2 1 1 976 2327 2203 2386
8213 4 2 1 1 1486 1399 2042 2518
8214 4 2 1 1 1288 1254 1210 2026
8215 4 2 1 1 774 1101 2277 2360
8216 4 2 1 1 762 2046 760 2446
8217 4 2 1 1 1712 1836 1716 2308
8218 4 2 1 1 1768 1769 1673 2160
8219 4 2 1 1 1817 2230 1718 2385
8220 4 2 1 1 2158 2181 1871 2224
8221 4 2 1 1 459 2061 496 2084
8222 4 2 1 1 1661 1372 2222 2328
8223 4 2 1 1 1040 2254 2121 2367
8224 4 2 1 1 918 1126 1087 2249
8225 4 2 1 1 835 836 839 2336
8226 4 2 1 1 1867 1861 2083 2467
8227 4 2 1 1 744 732 745 2043
8228 4 2 1 1 2029 2236 730 2244
8229 4 2 1 1 1530 1310 2022 2369
8230 4 2 1 1 412 489 706 2040
8231 4 2 1 1 837 2299 2034 2405
8232 4 2 1 1 732 744 102 1348
8233 4 2 1 1 1447 2248 1498 2288
8234 4 2 1 1 1968 1969 1963 2193
8235 4 2 1 1 552 690 371 2317
8236 4 2 1 1 341 2199 2124 2473
8237 4 2 1 1 994 993 1140 2235
8238 4 2 1 1 2039 2410 2316 2539
8239 4 2 1 1 1401 2089 1400 2303
8240 4 2 1 1 1147 714 1232 2218
8241 4 2 1 1 894 2138 2308 2364
8242 4 2 1 1 1007 717 1009 2314
8243 4 2 1 1 731 2134 973 2404
8244 4 2 1 1 1867 1882 1861 2467
8245 4 2 1 1 1931 2100 2095 2335
8246 4 2 1 1 1360 1312 1381 1540
8247 4 2 1 1 1790 2008 2361 2521
8248 4 2 1 1 1603 2248 1528 2377
8249 4 2 1 1 1046 1031 2154 2415
8250 4 2 1 1 352 2037 353 2301
8251 4 2 1 1 1086 1107 2438 2487
8252 4 2 1 1 888 890 889 2125
8253 4 2 1 1 1047 2249 2044 2470
8254 4 2 1 1 981 2258 2130 2406
8255 4 2 1 1 1587 1542 2136 2376
8256 4 2 1 1 1378 2189 1555 2358
8257 4 2 1 1 267 1178 667 2267
8258 4 2 1 1 626 590 627 2228
8259 4 2 1 1 2013 2269 1869 2347
8260 4 2 1 1 1262 2208 1191 2271
8261 4 2 1 1 1614 1589 1392 2026
8262 4 2 1 1 552 371 293 2394
8263 4 2 1 1 1838 2384 2156 2528
8264 4 2 1 1 423 609 627 2261
8265 4 2 1 1 534 358 357 2137
8266 4 2 1 1 733 1247 1191 2271
8267 4 2 1 1 1723 1724 1725 2106
8268 4 2 1 1 2130 2258 981 2387
8269 4 2 1 1 1576 1584 2061 2267
8270 4 2 1 1 403 404 2174 2389
8271 4 2 1 1 1480 1488 1473 2469
8272 4 2 1 1 718 2142 1099 2304
8273 4 2 1 1 1708 1711 1755 2413
8274 4 2 1 1 306 531 303 2210
8275 4 2 1 1 890 2131 892 2363
8276 4 2 1 1 587 277 30 2188
8277 4 2 1 1 1396 1395 2038 2494
8278 4 2 1 1 1300 954 98 724
8279 4 2 1 1 300 2062 535 2397
8280 4 2 1 1 1126 914 851 2249
8281 4 2 1 1 2159 2214 616 2503
8282 4 2 1 1 1159 2251 1061 2491
8283 4 2 1 1 222 1565 221 2020
8284 4 2 1 1 2014 577 2398 2492
8285 4 2 1 1 1221 1188 1893 2307
8286 4 2 1 1 1044 2415 2243 2544
8287 4 2 1 1 723 1052 2024 2435
8288 4 2 1 1 408 2195 2097 2283
8289 4 2 1 1 2129 2238 1492 2366
8290 4 2 1 1 1145 2258 981 2406
8291 4 2 1 1 1601 1570 1431 2127
8292 4 2 1 1 674 2016 348 2451
8293 4 2 1 1 14 1074 13 2000
8294 4 2 1 1 476 2489 2194 2524
8295 4 2 1 1 1703 1706 1880 2386
8296 4 2 1 1 1554 2080 1547 2522
8297 4 2 1 1 1877 1895 1824 2218
8298 4 2 1 1 1177 1267 2251 2537
8299 4 2 1 1 1724 1897 1856 2068
8300 4 2 1 1 1171 2164 1206 2260
8301 4 2 1 1 1718 2230 2156 2385
8302 4 2 1 1 1216 1280 270 2296
8303 4 2 1 1 480 2352 476 2524
8304 4 2 1 1 1044 2243 1027 2544
8305 4 2 1 1 427 2289 2110 2375
8306 4 2 1 1 677 328 2093 2394
8307 4 2 1 1 482 2032 446 2510
8308 4 2 1 1 1142 1107 913 2285
8309 4 2 1 1 819 818 820 2356
8310 4 2 1 1 1028 767 2118 2481
8311 4 2 1 1 1775 1921 2396 2412
8312 4 2 1 1 1755 2155 1708 2413
8313 4 2 1 1 228 2535 2310 2543
8314 4 2 1 1 2027 2205 854 2390
8315 4 2 1 1 553 405 636 2102
8316 4 2 1 1 893 896 2131 2308
8317 4 2 1 1 1073 1070 2250 2460
8318 4 2 1 1 1618 2062 2112 2353
8319 4 2 1 1 1094 2106 2459 2465
8320 4 2 1 1 390 398 568 2325
8321 4 2 1 1 1300 98 1345 724
8322 4 2 1 1 443 627 609 2081
8323 4 2 1 1 1777 2185 2163 2404
8324 4 2 1 1 246 1963 1967 2193
8325 4 2 1 1 1014 2319 2106 2465
8326 4 2 1 1 343 401 341 2473
8327 4 2 1 1 1843 2175 2176 2336
8328 4 2 1 1 654 321 322 2085
8329 4 2 1 1 1027 822 2012 2453
8330 4 2 1 1 39 2028 2236 2532
8331 4 2 1 1 400 353 2003 2301
8332 4 2 1 1 1836 2131 2308 2364
8333 4 2 1 1 842 2253 2168 2387
8334 4 2 1 1 1276 1651 1303 2170
8335 4 2 1 1 1352 2043 1293 2456
8336 4 2 1 1 2298 2514 1414 2516
8337 4 2 1 1 1447 2117 1498 2248
8338 4 2 1 1 1902 2223 2258 2387
8339 4 2 1 1 1125 2198 722 2280
8340 4 2 1 1 2149 2270 1835 2293
8341 4 2 1 1 1717 1831 1705 2215
8342 4 2 1 1 2043 1918 2330 2452
8343 4 2 1 1 1238 659 667 2267
8344 4 2 1 1 857 2104 828 2438
8345 4 2 1 1 1501 1607 2112 2520
8346 4 2 1 1 2071 2192 551 2430
8347 4 2 1 1 736 2188 31 2193
8348 4 2 1 1 1245 735 1062 2245
8349 4 2 1 1 1747 2094 1737 2372
8350 4 2 1 1 1603 2377 1528 2378
8351 4 2 1 1 800 755 2160 2515
8352 4 2 1 1 1129 2169 1160 2413
8353 4 2 1 1 300 554 2062 2545
8354 4 2 1 1 1819 1871 1854 2158
8355 4 2 1 1 693 2011 591 2509
8356 4 2 1 1 410 406 553 2195
8357 4 2 1 1 841 904 2223 2253
8358 4 2 1 1 926 2151 855 2390
8359 4 2 1 1 40 1042 39 2244
8360 4 2 1 1 2034 2250 2010 2534
8361 4 2 1 1 362 2355 2018 2383
8362 4 2 1 1 925 1148 944 2151
8363 4 2 1 1 1349 1356 1154 2073
8364 4 2 1 1 943 916 2204 2252
8365 4 2 1 1 457 445 2084 2262
8366 4 2 1 1 450 541 395 2144
8367 4 2 1 1 1752 1753 1764 2202
8368 4 2 1 1 2152 2341 2172 2493
8369 4 2 1 1 815 2115 943 2252
8370 4 2 1 1 220 2113 2241 2448
8371 4 2 1 1 1240 1574 1566 2237
8372 4 2 1 1 757 755 756 2100
8373 4 2 1 1 528 2117 419 2288
8374 4 2 1 1 99 724 953 2013
8375 4 2 1 1 1740 1719 1721 2122
8376 4 2 1 1 1720 2119 2122 2528
8377 4 2 1 1 849 851 2002 2357
8378 4 2 1 1 229 2055 1544 2343
8379 4 2 1 1 786 2076 785 2319
8380 4 2 1 1 1607 2353 2112 2520
8381 4 2 1 1 2017 2242 2232 2427
8382 4 2 1 1 905 907 906 2017
8383 4 2 1 1 352 349 353 2037
8384 4 2 1 1 2285 2302 2008 2361
8385 4 2 1 1 1027 2243 834 2453
8386 4 2 1 1 315 311 314 2086
8387 4 2 1 1 904 2258 2223 2387
8388 4 2 1 1 1330 1320 1521 2378
8389 4 2 1 1 2032 2048 1374 2315
8390 4 2 1 1 35 722 2041 2280
8391 4 2 1 1 1652 1530 2022 2369
8392 4 2 1 1 516 2199 2109 2370
8393 4 2 1 1 23 597 24 2496
8394 4 2 1 1 976 2203 1081 2386
8395 4 2 1 1 700 2020 646 2393
8396 4 2 1 1 1911 1893 1188 2307
8397 4 2 1 1 1027 2243 2012 2544
8398 4 2 1 1 1431 1557 1423 2199
8399 4 2 1 1 1932 1904 2146 2314
8400 4 2 1 1 1706 1813 1880 2155
8401 4 2 1 1 1722 2178 2106 2459
8402 4 2 1 1 2032 2234 1374 2342
8403 4 2 1 1 745 1097 940 2043
8404 4 2 1 1 1147 714 2218 2388
8405 4 2 1 1 897 916 901 2239
8406 4 2 1 1 2036 2343 1662 2479
8407 4 2 1 1 851 914 849 2002
8408 4 2 1 1 744 940 1092 2043
8409 4 2 1 1 2027 2205 1766 2314
8410 4 2 1 1 1682 2361 1926 2463
8411 4 2 1 1 1470 1515 1471 2174
8412 4 2 1 1 1520 2200 1600 2247
8413 4 2 1 1 513 506 2238 2348
8414 4 2 1 1 821 807 2012 2443
8415 4 2 1 1 1175 2049 1039 2367
8416 4 2 1 1 841 904 2253 2387
8417 4 2 1 1 1392 1589 1385 2025
8418 4 2 1 1 1363 1274 1303 2170
8419 4 2 1 1 736 30 2188 2193
8420 4 2 1 1 666 580 2234 2398
8421 4 2 1 1 1166 1253 939 1039
8422 4 2 1 1 1843 2175 1878 2176
8423 4 2 1 1 1437 1497 1563 2123
8424 4 2 1 1 731 999 2186 2404
8425 4 2 1 1 1521 1527 1330 2378
8426 4 2 1 1 1506 2428 2018 2494
8427 4 2 1 1 1968 2334 2193 2391
8428 4 2 1 1 931 930 986 2230
8429 4 2 1 1 1033 2121 1040 2254
8430 4 2 1 1 1502 2172 2233 2477
8431 4 2 1 1 393 2371 361 2440
8432 4 2 1 1 505 503 506 2348
8433 4 2 1 1 408 2097 407 2283
8434 4 2 1 1 1437 1447 1497 2288
8435 4 2 1 1 1859 1669 1853 2121
8436 4 2 1 1 1630 2343 2274 2479
8437 4 2 1 1 902 896 900 2108
8438 4 2 1 1 2019 2361 2302 2496
8439 4 2 1 1 663 677 328 2093
8440 4 2 1 1 1055 2131 988 2320
8441 4 2 1 1 211 2000 210 2412
8442 4 2 1 1 255 695 602 2166
8443 4 2 1 1 1911 1815 1893 2307
8444 4 2 1 1 1187 1574 1240 2237
8445 4 2 1 1 1880 2281 2203 2386
8446 4 2 1 1 387 2007 2272 2527
8447 4 2 1 1 545 407 408 2097
8448 4 2 1 1 976 977 2203 2327
8449 4 2 1 1 1625 2225 2036 2480
8450 4 2 1 1 1167 2221 737 2406
8451 4 2 1 1 1484 1625 2036 2480
8452 4 2 1 1 326 2078 324 2282
8453 4 2 1 1 1486 1487 1399 2518
8454 4 2 1 1 760 941 764 2169
8455 4 2 1 1 556 436 431 2070
8456 4 2 1 1 1208 1669 2049 2367
8457 4 2 1 1 2098 2210 308 2430
8458 4 2 1 1 2092 2433 2039 2517
8459 4 2 1 1 542 347 544 2132
8460 4 2 1 1 937 1138 2056 2269
8461 4 2 1 1 1544 229 230 2055
8462 4 2 1 1 765 2046 762 2446
8463 4 2 1 1 829 1946 1945 830
8464 4 2 1 1 1582 1630 1525 2040
8465 4 2 1 1 334 349 2037 2282
8466 4 2 1 1 642 2339 2081 2349
8467 4 2 1 1 1442 1460 1443 2070
8468 4 2 1 1 473 489 710 2274
8469 4 2 1 1 984 977 979 2278
8470 4 2 1 1 2172 2368 538 2477
8471 4 2 1 1 360 357 2209 2275
8472 4 2 1 1 837 809 1051 2299
8473 4 2 1 1 1554 2066 2080 2522
8474 4 2 1 1 408 406 2195 2283
8475 4 2 1 1 1315 1805 1352 2456
8476 4 2 1 1 272 583 1336 2414
8477 4 2 1 1 1380 1207 1224 2061
8478 4 2 1 1 39 668 2028 2532
8479 4 2 1 1 300 554 535 2062
8480 4 2 1 1 1664 2170 1388 2279
8481 4 2 1 1 370 676 559 2455
8482 4 2 1 1 2166 2348 1626 2513
8483 4 2 1 1 1036 2224 975 2292
8484 4 2 1 1 1231 278 1192 2226
8485 4 2 1 1 573 391 415 2332
8486 4 2 1 1 839 1006 1012 2162
8487 4 2 1 1 383 521 2297 2389
8488 4 2 1 1 2146 2310 2205 2535
8489 4 2 1 1 2205 2310 2041 2535
8490 4 2 1 1 1341 2022 1310 2369
8491 4 2 1 1 1094 2106 1023 2459
8492 4 2 1 1 1636 1559 1492 2366
8493 4 2 1 1 1410 1434 1572 2132
8494 4 2 1 1 486 484 2392 2433
8495 4 2 1 1 1554 1526 1371 2066
8496 4 2 1 1 1219 1255 2179 2226
8497 4 2 1 1 1900 2113 221 2541
8498 4 2 1 1 1505 1512 1620 2229
8499 4 2 1 1 703 258 558 2072
8500 4 2 1 1 400 353 656 2003
8501 4 2 1 1 1484 1457 2058 2479
8502 4 2 1 1 765 763 762 2046
8503 4 2 1 1 595 2279 2233 2477
8504 4 2 1 1 756 755 754 2100
8505 4 2 1 1 33 32 258 2145
8506 4 2 1 1 445 2084 2262 2451
8507 4 2 1 1 1499 1500 2177 2195
8508 4 2 1 1 1699 2203 1814 2213
8509 4 2 1 1 1088 2242 2031 2482
8510 4 2 1 1 1094 2459 1109 2465
8511 4 2 1 1 1485 1394 1396 2194
8512 4 2 1 1 2000 2380 14 2538
8513 4 2 1 1 1024 1089 2143 2319
8514 4 2 1 1 470 466 465 2036
8515 4 2 1 1 1354 1349 1292 2287
8516 4 2 1 1 39 668 40 2028
8517 4 2 1 1 943 2204 916 2326
8518 4 2 1 1 1307 1350 1075 2307
8519 4 2 1 1 660 702 2227 2358
8520 4 2 1 1 1830 1851 1850 2184
8521 4 2 1 1 1552 1260 1199 2219
8522 4 2 1 1 632 274 1252 2279
8523 4 2 1 1 1846 2448 1682 2463
8524 4 2 1 1 1586 1475 1481 2263
8525 4 2 1 1 1702 2220 2139 2327
8526 4 2 1 1 437 576 620 2268
8527 4 2 1 1 1817 2217 1696 2230
8528 4 2 1 1 1941 1945 1946 830
8529 4 2 1 1 980 873 875 2181
8530 4 2 1 1 1129 1160 920 2413
8531 4 2 1 1 1618 1501 1607 2112
8532 4 2 1 1 1361 732 101 1348
8533 4 2 1 1 1660 1997 1638 2428
8534 4 2 1 1 1018 2142 1043 2391
8535 4 2 1 1 1274 1363 699 2170
8536 4 2 1 1 408 406 410 2195
8537 4 2 1 1 1260 2219 1367 2447
8538 4 2 1 1 446 447 399 2301
8539 4 2 1 1 1966 1963 245 1998
8540 4 2 1 1 890 893 892 2131
8541 4 2 1 1 2205 2390 2027 2484
8542 4 2 1 1 1486 1508 1487 2014
8543 4 2 1 1 963 964 2163 2404
8544 4 2 1 1 2116 2324 1748 2521
8545 4 2 1 1 1649 2105 1525 2441
8546 4 2 1 1 858 857 828 2438
8547 4 2 1 1 1124 725 1001 2202
8548 4 2 1 1 1469 2144 1600 2200
8549 4 2 1 1 1066 904 1113 2258
8550 4 2 1 1 1142 1054 915 2008
8551 4 2 1 1 1366 2293 1343 2347
8552 4 2 1 1 2345 2382 2091 2418
8553 4 2 1 1 1741 1747 1737 2372
8554 4 2 1 1 892 988 1055 2131
8555 4 2 1 1 2023 1793 2427 2506
8556 4 2 1 1 1216 1280 1287 270
8557 4 2 1 1 533 545 546 2237
8558 4 2 1 1 1871 2181 1822 2224
8559 4 2 1 1 1444 1454 1441 2209
8560 4 2 1 1 1920 1903 1758 2047
8561 4 2 1 1 452 2133 611 2526
8562 4 2 1 1 1383 1219 2179 2226
8563 4 2 1 1 1837 2131 1836 2364
8564 4 2 1 1 788 2252 943 2326
8565 4 2 1 1 1481 2129 1602 2263
8566 4 2 1 1 1054 2302 2285 2361
8567 4 2 1 1 1778 2113 2448 2541
8568 4 2 1 1 884 2215 2167 2442
8569 4 2 1 1 1711 1812 1755 2207
8570 4 2 1 1 1960 1939 2277 2323
8571 4 2 1 1 1412 1413 1411 2514
8572 4 2 1 1 99 1345 724 2013
8573 4 2 1 1 676 2058 559 2455
8574 4 2 1 1 1618 2112 1607 2353
8575 4 2 1 1 2032 2234 580 2398
8576 4 2 1 1 1964 2193 1969 2256
8577 4 2 1 1 504 507 508 2214
8578 4 2 1 1 239 1939 240 2059
8579 4 2 1 1 1011 937 1138 2056
8580 4 2 1 1 694 274 632 2279
8581 4 2 1 1 1673 2050 236 2235
8582 4 2 1 1 1271 2227 1611 2358
8583 4 2 1 1 1339 2247 1320 2378
8584 4 2 1 1 1372 1240 1566 2237
8585 4 2 1 1 362 366 2355 2383
8586 4 2 1 1 2128 2298 1417 2516
8587 4 2 1 1 836 2175 839 2336
8588 4 2 1 1 1035 1087 1047 2249
8589 4 2 1 1 1625 1495 1484 2036
8590 4 2 1 1 1603 2247 2248 2378
8591 4 2 1 1 680 547 546 2237
8592 4 2 1 1 219 220 2241 2448
8593 4 2 1 1 1817 2217 2230 2385
8594 4 2 1 1 1388 1664 1612 2170
8595 4 2 1 1 1600 2144 1497 2248
8596 4 2 1 1 2157 2210 2071 2430
8597 4 2 1 1 358 423 356 2137
8598 4 2 1 1 952 732 101 1361
8599 4 2 1 1 547 546 2237 2328
8600 4 2 1 1 612 2140 634 2504
8601 4 2 1 1 74 273 1362 1347
8602 4 2 1 1 785 2076 784 2319
8603 4 2 1 1 1648 1652 1530 2022
8604 4 2 1 1 362 2018 592 2383
8605 4 2 1 1 1016 2143 820 2356
8606 4 2 1 1 416 2123 589 2275
8607 4 2 1 1 1745 2149 1835 2293
8608 4 2 1 1 1942 1962 2346 2409
8609 4 2 1 1 638 477 575 2067
8610 4 2 1 1 1383 2179 1631 2226
8611 4 2 1 1 333 554 2112 2373
8612 4 2 1 1 1797 2508 2044 2523
8613 4 2 1 1 33 717 32 2146
8614 4 2 1 1 1048 2224 2218 2388
8615 4 2 1 1 1586 1481 1602 2263
8616 4 2 1 1 943 936 916 2252
8617 4 2 1 1 891 2125 889 2363
8618 4 2 1 1 921 1003 1082 2167
8619 4 2 1 1 1607 2088 1425 2353
8620 4 2 1 1 523 691 603 2179
8621 4 2 1 1 788 754 943 2252
8622 4 2 1 1 291 2064 289 2312
8623 4 2 1 1 1154 41 1349 2073
8624 4 2 1 1 1840 2223 1902 2387
8625 4 2 1 1 1573 2192 1596 2469
8626 4 2 1 1 1825 1820 2130 2221
8627 4 2 1 1 2203 2220 1701 2327
8628 4 2 1 1 1909 1690 1865 2444
8629 4 2 1 1 1043 1998 30 2193
8630 4 2 1 1 1695 1694 1696 2190
8631 4 2 1 1 1027 834 822 2453
8632 4 2 1 1 237 1942 1952 2046
8633 4 2 1 1 2353 2397 2062 2545
8634 4 2 1 1 954 1300 1343 2347
8635 4 2 1 1 2074 2377 2117 2499
8636 4 2 1 1 2139 2220 880 2327
8637 4 2 1 1 1232 1249 1193 2221
8638 4 2 1 1 1059 2300 2001 2454
8639 4 2 1 1 210 2000 1921 2412
8640 4 2 1 1 1142 1054 2008 2285
8641 4 2 1 1 1952 1668 237 2046
8642 4 2 1 1 1638 1660 1386 1997
8643 4 2 1 1 1860 1873 1901 2107
8644 4 2 1 1 1290 1175 2049 2403
8645 4 2 1 1 558 440 557 2072
8646 4 2 1 1 907 913 908 2116
8647 4 2 1 1 446 2032 2301 2510
8648 4 2 1 1 1869 1917 2013 2347
8649 4 2 1 1 1578 2180 1575 2262
8650 4 2 1 1 851 2249 2002 2357
8651 4 2 1 1 861 2030 2266 2360
8652 4 2 1 1 1074 2000 14 2538
8653 4 2 1 1 1534 1594 2475 2517
8654 4 2 1 1 2023 2427 1793 2508
8655 4 2 1 1 603 523 2179 2226
8656 4 2 1 1 1960 2277 2015 2323
8657 4 2 1 1 2017 2285 2116 2521
8658 4 2 1 1 2400 2439 2103 2449
8659 4 2 1 1 1822 2181 1820 2388
8660 4 2 1 1 1020 2211 956 2264
8661 4 2 1 1 491 2233 2172 2477
8662 4 2 1 1 39 730 2236 2244
8663 4 2 1 1 1066 1250 1067 2223
8664 4 2 1 1 664 676 465 2058
8665 4 2 1 1 1497 1498 2248 2288
8666 4 2 1 1 1699 2213 1695 2278
8667 4 2 1 1 1799 1797 1867 2044
8668 4 2 1 1 2006 2243 1084 2415
8669 4 2 1 1 1002 899 894 2138
8670 4 2 1 1 1591 2140 1590 2449
8671 4 2 1 1 369 394 395 2152
8672 4 2 1 1 1094 1023 1109 2459
8673 4 2 1 1 285 1294 72 1355
8674 4 2 1 1 1736 1715 1848 2252
8675 4 2 1 1 2194 2352 2067 2524
8676 4 2 1 1 703 33 258 2146
8677 4 2 1 1 1906 1872 2168 2387
8678 4 2 1 1 1001 725 1152 2340
8679 4 2 1 1 2302 2361 2019 2448
8680 4 2 1 1 2012 2290 2104 2544
8681 4 2 1 1 482 2291 2048 2510
8682 4 2 1 1 1607 1425 1579 2353
8683 4 2 1 1 2187 2211 1749 2264
8684 4 2 1 1 811 814 2009 2357
8685 4 2 1 1 1851 1849 2399 2546
8686 4 2 1 1 1059 1060 1061 2001
8687 4 2 1 1 1499 2195 2102 2483
8688 4 2 1 1 1047 810 2044 2357
8689 4 2 1 1 650 263 35 2310
8690 4 2 1 1 2008 2285 1054 2302
8691 4 2 1 1 306 2210 304 2430
8692 4 2 1 1 756 754 788 2100
8693 4 2 1 1 554 298 333 2112
8694 4 2 1 1 578 444 456 2180
8695 4 2 1 1 467 2272 2025 2527
8696 4 2 1 1 411 444 408 2097
8697 4 2 1 1 276 1242 1246 2513
8698 4 2 1 1 326 324 329 2282
8699 4 2 1 1 957 2173 1036 2292
8700 4 2 1 1 14 2380 2000 2392
8701 4 2 1 1 74 273 604 1362
8702 4 2 1 1 411 2114 565 2262
8703 4 2 1 1 2007 2018 2428 2494
8704 4 2 1 1 1688 229 228 2041
8705 4 2 1 1 19 606 599 1996
8706 4 2 1 1 1336 1326 2191 2414
8707 4 2 1 1 1722 1897 1724 2106
8708 4 2 1 1 1910 1311 234 2456
8709 4 2 1 1 1065 1167 737 2406
8710 4 2 1 1 991 2346 1116 2409
8711 4 2 1 1 1234 1274 699 2170
8712 4 2 1 1 1670 2270 1329 2293
8713 4 2 1 1 1579 1433 1483 2353
8714 4 2 1 1 1897 1807 1774 2178
8715 4 2 1 1 612 435 634 2140
8716 4 2 1 1 1706 2167 2155 2386
8717 4 2 1 1 891 959 2276 2374
8718 4 2 1 1 811 2299 810 2357
8719 4 2 1 1 1822 1820 2221 2388
8720 4 2 1 1 1122 916 2204 2326
8721 4 2 1 1 750 752 2094 2531
8722 4 2 1 1 988 893 896 2131
8723 4 2 1 1 445 458 2084 2451
8724 4 2 1 1 1105 1056 968 2264
8725 4 2 1 1 1542 1496 1587 2136
8726 4 2 1 1 385 2129 562 2263
8727 4 2 1 1 496 267 667 2267
8728 4 2 1 1 1773 9 1956 2027
8729 4 2 1 1 946 1096 1155 2379
8730 4 2 1 1 1551 2349 2093 2458
8731 4 2 1 1 1015 2030 997 2305
8732 4 2 1 1 1701 2220 1702 2327
8733 4 2 1 1 1813 2155 1755 2169
8734 4 2 1 1 1107 2116 913 2285
8735 4 2 1 1 1807 1760 1774 2305
8736 4 2 1 1 2250 2359 2010 2534
8737 4 2 1 1 2189 2279 694 2477
8738 4 2 1 1 1160 2169 941 2413
8739 4 2 1 1 1043 718 1998 2142
8740 4 2 1 1 2000 2316 2039 2410
8741 4 2 1 1 276 1246 2219 2513
8742 4 2 1 1 1528 1659 2231 2377
8743 4 2 1 1 897 901 900 2108
8744 4 2 1 1 1603 2247 1600 2248
8745 4 2 1 1 1313 1808 1675 1359
8746 4 2 1 1 1271 1182 2227 2358
8747 4 2 1 1 1497 1447 1498 2288
8748 4 2 1 1 2235 2346 1136 2409
8749 4 2 1 1 701 2016 2309 2489
8750 4 2 1 1 2021 2408 2359 2534
8751 4 2 1 1 1712 1714 1713 2204
8752 4 2 1 1 213 1590 1386 2350
8753 4 2 1 1 335 701 348 2016
8754 4 2 1 1 1630 1662 2343 2479
8755 4 2 1 1 1755 1812 1786 2207
8756 4 2 1 1 1113 2258 904 2387
8757 4 2 1 1 1852 1912 1770 2515
8758 4 2 1 1 1565 2020 2075 2259
8759 4 2 1 1 316 319 318 2091
8760 4 2 1 1 1424 1426 1423 2228
8761 4 2 1 1 2130 2387 981 2445
8762 4 2 1 1 1099 2006 2142 2311
8763 4 2 1 1 368 369 360 2152
8764 4 2 1 1 2104 2290 1887 2463
8765 4 2 1 1 1682 2019 2361 2448
8766 4 2 1 1 953 1295 99 2013
8767 4 2 1 1 1673 1912 1773 2050
8768 4 2 1 1 1568 1620 1622 2011
8769 4 2 1 1 1345 2013 1313 2347
8770 4 2 1 1 882 879 2139 2292
8771 4 2 1 1 621 2238 2129 2366
8772 4 2 1 1 1201 1595 1172 1995
8773 4 2 1 1 1700 1854 1732 2158
8774 4 2 1 1 860 2154 2415 2544
8775 4 2 1 1 1012 839 2336 2478
8776 4 2 1 1 1722 1721 1720 2122
8777 4 2 1 1 1252 274 1190 2279
8778 4 2 1 1 953 1069 912 2013
8779 4 2 1 1 1720 1697 2119 2528
8780 4 2 1 1 1913 2015 1760 2351
8781 4 2 1 1 809 2299 837 2405
8782 4 2 1 1 762 761 760 2046
8783 4 2 1 1 1583 1657 1650 2114
8784 4 2 1 1 551 598 2192 2289
8785 4 2 1 1 1372 1635 1661 2222
8786 4 2 1 1 1374 2342 2234 2416
8787 4 2 1 1 1840 2253 2223 2387
8788 4 2 1 1 649 2072 258 2485
8789 4 2 1 1 876 2217 931 2278
8790 4 2 1 1 659 468 667 2267
8791 4 2 1 1 1081 976 977 2203
8792 4 2 1 1 678 272 1301 2191
8793 4 2 1 1 1094 1014 2106 2465
8794 4 2 1 1 76 1296 605 2052
8795 4 2 1 1 1886 2175 1842 2253
8796 4 2 1 1 1882 2004 2403 2467
8797 4 2 1 1 810 2299 2044 2357
8798 4 2 1 1 532 404 407 2283
8799 4 2 1 1 603 1192 278 2226
8800 4 2 1 1 1383 1558 1219 2226
8801 4 2 1 1 549 452 611 2526
8802 4 2 1 1 1497 1564 1563 2144
8803 4 2 1 1 2274 2343 2036 2479
8804 4 2 1 1 861 2030 1015 2266
8805 4 2 1 1 1906 2253 1840 2387
8806 4 2 1 1 714 1241 1196 2218
8807 4 2 1 1 1372 1212 2237 2328
8808 4 2 1 1 27 646 28 2304
8809 4 2 1 1 9 254 2027 2314
8810 4 2 1 1 511 2255 2227 2503
8811 4 2 1 1 758 757 756 2100
8812 4 2 1 1 1288 1210 1224 2026
8813 4 2 1 1 1139 2005 1008 2193
8814 4 2 1 1 2174 2297 403 2389
8815 4 2 1 1 1239 1236 1184 2223
8816 4 2 1 1 1050 1045 738 2304
8817 4 2 1 1 628 2227 2376 2503
8818 4 2 1 1 1354 2073 1349 2287
8819 4 2 1 1 444 578 545 2097
8820 4 2 1 1 618 2316 1273 2318
8821 4 2 1 1 730 2236 2029 2379
8822 4 2 1 1 935 2232 2010 2321
8823 4 2 1 1 1278 1203 2025 2296
8824 4 2 1 1 2203 2213 984 2481
8825 4 2 1 1 1459 1469 1468 2341
8826 4 2 1 1 2066 709 2325 2393
8827 4 2 1 1 275 2392 484 2433
8828 4 2 1 1 738 1031 1046 2415
8829 4 2 1 1 1157 1062 735 2245
8830 4 2 1 1 1046 1030 719 2302
8831 4 2 1 1 366 2007 386 2355
8832 4 2 1 1 601 1242 276 2513
8833 4 2 1 1 1690 2396 2164 2476
8834 4 2 1 1 1058 1073 2021 2454
8835 4 2 1 1 1866 1861 1860 2107
8836 4 2 1 1 1175 1039 1243 2367
8837 4 2 1 1 1457 2257 2058 2479
8838 4 2 1 1 2141 2276 959 2374
8839 4 2 1 1 1528 1569 1659 2377
8840 4 2 1 1 1516 2222 2097 2283
8841 4 2 1 1 840 992 842 2295
8842 4 2 1 1 1886 1723 1878 2175
8843 4 2 1 1 1060 850 1068 2300
8844 4 2 1 1 445 458 457 2084
8845 4 2 1 1 728 1146 2010 2429
8846 4 2 1 1 1401 1398 1400 2089
8847 4 2 1 1 1254 1173 1210 2026
8848 4 2 1 1 1555 2189 1641 2279
8849 4 2 1 1 567 2060 544 2344
8850 4 2 1 1 1114 2367 1040 2529
8851 4 2 1 1 2169 2281 1129 2446
8852 4 2 1 1 912 2013 1069 2505
8853 4 2 1 1 482 658 2048 2291
8854 4 2 1 1 323 322 320 2085
8855 4 2 1 1 961 963 2163 2374
8856 4 2 1 1 612 1997 414 2383
8857 4 2 1 1 684 272 490 2191
8858 4 2 1 1 231 1681 1832 2029
8859 4 2 1 1 1661 2179 1562 2328
8860 4 2 1 1 2041 35 2280 2310
8861 4 2 1 1 447 577 399 2492
8862 4 2 1 1 1836 2308 1712 2364
8863 4 2 1 1 1056 1105 1022 2264
8864 4 2 1 1 995 2150 1143 2515
8865 4 2 1 1 1381 1540 1627 2530
8866 4 2 1 1 26 1046 25 2241
8867 4 2 1 1 701 2016 335 2309
8868 4 2 1 1 457 496 468 2267
8869 4 2 1 1 1890 1695 1699 2213
8870 4 2 1 1 821 2012 822 2266
8871 4 2 1 1 708 2103 264 2457
8872 4 2 1 1 1635 2097 1516 2222
8873 4 2 1 1 882 974 879 2292
8874 4 2 1 1 567 544 376 2344
8875 4 2 1 1 1136 2235 789 2346
8876 4 2 1 1 372 550 598 2192
8877 4 2 1 1 1118 829 1946 865
8878 4 2 1 1 1767 1885 1883 2163
8879 4 2 1 1 1068 849 2002 2300
8880 4 2 1 1 1778 2113 220 2448
8881 4 2 1 1 1238 1225 1187 2267
8882 4 2 1 1 2131 2320 1751 2542
8883 4 2 1 1 41 741 40 2073
8884 4 2 1 1 1145 1113 981 2258
8885 4 2 1 1 650 558 557 2120
8886 4 2 1 1 365 638 575 2355
8887 4 2 1 1 405 404 2148 2283
8888 4 2 1 1 1018 1043 1102 2193
8889 4 2 1 1 277 673 586 2188
8890 4 2 1 1 482 580 446 2032
8891 4 2 1 1 2154 2463 2290 2544
8892 4 2 1 1 820 1016 862 2143
8893 4 2 1 1 1093 742 2271 2307
8894 4 2 1 1 385 562 381 2263
8895 4 2 1 1 2125 1710 2240 2364
8896 4 2 1 1 1909 2444 2002 2476
8897 4 2 1 1 1829 1850 1681 2184
8898 4 2 1 1 1720 1807 2178 2351
8899 4 2 1 1 763 789 761 2046
8900 4 2 1 1 1541 2189 2368 2477
8901 4 2 1 1 2122 2295 1109 2459
8902 4 2 1 1 885 2215 884 2442
8903 4 2 1 1 40 282 41 2028
8904 4 2 1 1 1034 2031 2265 2482
8905 4 2 1 1 1326 1531 1331 2191
8906 4 2 1 1 964 961 963 2163
8907 4 2 1 1 838 905 906 2242
8908 4 2 1 1 2038 2468 2371 2486
8909 4 2 1 1 1519 1605 1468 2191
8910 4 2 1 1 774 2277 1101 2507
8911 4 2 1 1 1956 2050 2027 2331
8912 4 2 1 1 2023 2427 2242 2506
8913 4 2 1 1 2007 2355 2018 2494
8914 4 2 1 1 19 1996 599 2457
8915 4 2 1 1 1715 1714 1848 2204
8916 4 2 1 1 1390 1172 1595 1995
8917 4 2 1 1 1008 2193 2005 2256
8918 4 2 1 1 1644 2189 2227 2472
8919 4 2 1 1 1090 1010 1101 2360
8920 4 2 1 1 841 904 1006 2223
8921 4 2 1 1 522 2174 640 2179
8922 4 2 1 1 221 220 2113 2259
8923 4 2 1 1 842 868 2168 2295
8924 4 2 1 1 1868 1736 1848 2115
8925 4 2 1 1 515 312 338 2128
8926 4 2 1 1 2009 2299 811 2357
8927 4 2 1 1 1415 1560 1416 2516
8928 4 2 1 1 306 2210 308 2370
8929 4 2 1 1 1651 1358 1303 1327
8930 4 2 1 1 1732 1828 1702 2139
8931 4 2 1 1 1083 2164 1286 2491
8932 4 2 1 1 1821 2130 1820 2286
8933 4 2 1 1 1132 777 787 2119
8934 4 2 1 1 355 357 356 2137
8935 4 2 1 1 1390 1595 1534 1995
8936 4 2 1 1 885 883 884 2215
8937 4 2 1 1 1295 1345 99 2013
8938 4 2 1 1 780 1023 2106 2459
8939 4 2 1 1 1546 1545 2072 2381
8940 4 2 1 1 876 877 875 2158
8941 4 2 1 1 986 787 775 2119
8942 4 2 1 1 1138 1111 954 2269
8943 4 2 1 1 2140 2383 2018 2428
8944 4 2 1 1 1862 1790 1748 2324
8945 4 2 1 1 1582 1455 1457 2257
8946 4 2 1 1 31 736 30 2188
8947 4 2 1 1 1129 2155 922 2281
8948 4 2 1 1 883 886 955 2215
8949 4 2 1 1 1997 2383 2140 2428
8950 4 2 1 1 1526 1628 1371 2196
8951 4 2 1 1 515 312 2128 2370
8952 4 2 1 1 1926 2361 2008 2463
8953 4 2 1 1 1157 2173 1021 2245
8954 4 2 1 1 306 308 585 2370
8955 4 2 1 1 993 759 761 2235
8956 4 2 1 1 1644 2227 2189 2358
8957 4 2 1 1 1827 2245 1923 2246
8958 4 2 1 1 1742 2051 1759 2324
8959 4 2 1 1 363 575 2194 2309
8960 4 2 1 1 1459 1468 1464 2172
8961 4 2 1 1 1655 218 2019 2342
8962 4 2 1 1 956 955 886 2187
8963 4 2 1 1 941 2206 758 2207
8964 4 2 1 1 654 460 645 2177
8965 4 2 1 1 859 950 2049 2254
8966 4 2 1 1 277 587 625 2196
8967 4 2 1 1 499 2136 367 2376
8968 4 2 1 1 314 347 2132 2294
8969 4 2 1 1 1587 1479 1542 2376
8970 4 2 1 1 1806 2126 2043 2330
8971 4 2 1 1 1185 547 680 2328
8972 4 2 1 1 1410 1412 1411 2091
8973 4 2 1 1 1506 2018 1617 2494
8974 4 2 1 1 356 520 345 2127
8975 4 2 1 1 1955 2266 1940 2360
8976 4 2 1 1 362 592 366 2383
8977 4 2 1 1 584 2055 37 2280
8978 4 2 1 1 2008 2324 2104 2438
8979 4 2 1 1 1650 2016 1401 2303
8980 4 2 1 1 1000 966 1001 2186
8981 4 2 1 1 1659 2074 1529 2231
8982 4 2 1 1 1613 2105 1649 2441
8983 4 2 1 1 1187 1240 1235 2237
8984 4 2 1 1 1589 1224 1210 2026
8985 4 2 1 1 1604 1616 1581 2426
8986 4 2 1 1 982 2308 895 2434
8987 4 2 1 1 596 2140 409 2400
8988 4 2 1 1 606 1996 19 2429
8989 4 2 1 1 1518 1369 2225 2498
8990 4 2 1 1 211 1928 2410 2412
8991 4 2 1 1 923 902 900 2149
8992 4 2 1 1 1112 2207 2100 2326
8993 4 2 1 1 853 2027 854 2390
8994 4 2 1 1 360 534 357 2275
8995 4 2 1 1 881 2139 880 2327
8996 4 2 1 1 2092 2272 1995 2501
8997 4 2 1 1 1675 1313 2013 2347
8998 4 2 1 1 842 841 840 2253
8999 4 2 1 1 1498 1528 2248 2377
9000 4 2 1 1 1663 2003 1538 2315
9001 4 2 1 1 487 2272 1995 2296
9002 4 2 1 1 1804 1777 1885 2163
9003 4 2 1 1 1165 728 1146 2010
9004 4 2 1 1 76 1346 1296 2052
9005 4 2 1 1 937 936 942 2115
9006 4 2 1 1 1147 737 1049 2388
9007 4 2 1 1 1125 722 36 2280
9008 4 2 1 1 471 2036 470 2274
9009 4 2 1 1 1939 240 2059 2323
9010 4 2 1 1 1348 744 102 1293
9011 4 2 1 1 2156 2384 2168 2445
9012 4 2 1 1 1716 2108 2308 2542
9013 4 2 1 1 1546 2381 2072 2498
9014 4 2 1 1 298 2112 554 2545
9015 4 2 1 1 708 2400 2103 2457
9016 4 2 1 1 285 1294 2082 2511
9017 4 2 1 1 1937 1783 1922 2101
9018 4 2 1 1 588 709 2196 2393
9019 4 2 1 1 1261 1555 1388 2279
9020 4 2 1 1 1022 721 2245 2246
9021 4 2 1 1 628 511 2227 2503
9022 4 2 1 1 2050 2235 1140 2409
9023 4 2 1 1 812 753 1100 2096
9024 4 2 1 1 1396 1394 1395 2494
9025 4 2 1 1 211 2410 2000 2412
9026 4 2 1 1 1876 2165 2276 2374
9027 4 2 1 1 234 1311 1354 2287
9028 4 2 1 1 875 874 876 2217
9029 4 2 1 1 1219 1558 1248 2226
9030 4 2 1 1 800 2160 995 2515
9031 4 2 1 1 1196 1227 1232 2218
9032 4 2 1 1 366 387 386 2007
9033 4 2 1 1 387 2007 366 2383
9034 4 2 1 1 1582 2040 2257 2479
9035 4 2 1 1 1825 2221 2130 2406
9036 4 2 1 1 1543 1625 2120 2343
9037 4 2 1 1 614 2316 2039 2392
9038 4 2 1 1 2131 2308 2108 2542
9039 4 2 1 1 1026 2099 1024 2356
9040 4 2 1 1 2012 822 2266 2453
9041 4 2 1 1 2371 2468 2042 2486
9042 4 2 1 1 1848 1733 1746 2239
9043 4 2 1 1 2080 2471 2079 2522
9044 4 2 1 1 2066 2471 2080 2522
9045 4 2 1 1 1577 1657 1578 2262
9046 4 2 1 1 586 673 469 2145
9047 4 2 1 1 499 367 389 2376
9048 4 2 1 1 536 452 2298 2382
9049 4 2 1 1 392 393 409 2090
9050 4 2 1 1 1824 1871 1822 2224
9051 4 2 1 1 1362 1341 1347 2022
9052 4 2 1 1 2005 2193 1964 2256
9053 4 2 1 1 1535 2174 1494 2297
9054 4 2 1 1 2169 2207 941 2413
9055 4 2 1 1 551 598 550 2192
9056 4 2 1 1 2038 2355 2067 2494
9057 4 2 1 1 460 661 449 2177
9058 4 2 1 1 1667 2410 1999 2517
9059 4 2 1 1 267 653 1244 2061
9060 4 2 1 1 1926 2008 1862 2463
9061 4 2 1 1 1374 2032 1539 2234
9062 4 2 1 1 405 406 404 2283
9063 4 2 1 1 290 412 561 2040
9064 4 2 1 1 1857 1882 2403 2467
9065 4 2 1 1 346 2153 2263 2497
9066 4 2 1 1 1825 1924 2221 2406
9067 4 2 1 1 417 416 395 2144
9068 4 2 1 1 1026 796 793 2099
9069 4 2 1 1 889 891 887 2125
9070 4 2 1 1 878 975 980 2224
9071 4 2 1 1 1023 1014 780 2106
9072 4 2 1 1 1113 981 2258 2387
9073 4 2 1 1 807 822 821 2012
9074 4 2 1 1 219 1655 218 2019
9075 4 2 1 1 271 2236 2054 2532
9076 4 2 1 1 790 777 1132 2122
9077 4 2 1 1 1556 2166 1626 2513
9078 4 2 1 1 1040 2367 2121 2529
9079 4 2 1 1 1756 238 239 1953
9080 4 2 1 1 526 2377 692 2499
9081 4 2 1 1 1431 1423 1426 2228
9082 4 2 1 1 983 984 931 2278
9083 4 2 1 1 2185 2186 999 2404
9084 4 2 1 1 1652 2022 1510 2369
9085 4 2 1 1 306 308 2210 2430
9086 4 2 1 1 1219 1192 1255 2226
9087 4 2 1 1 839 840 841 2253
9088 4 2 1 1 1182 1217 1271 2255
9089 4 2 1 1 1040 1033 856 2121
9090 4 2 1 1 1018 1153 1043 2142
9091 4 2 1 1 1746 2056 1781 2347
9092 4 2 1 1 1241 714 1063 2218
9093 4 2 1 1 973 731 1075 2134
9094 4 2 1 1 1085 1001 966 2202
9095 4 2 1 1 465 466 441 2225
9096 4 2 1 1 1800 1802 1909 2002
9097 4 2 1 1 413 2398 488 2400
9098 4 2 1 1 1059 2001 1061 2538
9099 4 2 1 1 1376 1225 1584 2267
9100 4 2 1 1 292 2063 293 2312
9101 4 2 1 1 1073 1070 1058 2250
9102 4 2 1 1 577 648 2014 2398
9103 4 2 1 1 608 397 485 2092
9104 4 2 1 1 561 290 2040 2312
9105 4 2 1 1 430 428 431 2079
9106 4 2 1 1 1961 2346 1948 2507
9107 4 2 1 1 487 1995 615 2296
9108 4 2 1 1 1526 1504 1565 2075
9109 4 2 1 1 571 2066 709 2325
9110 4 2 1 1 737 2221 1193 2406
9111 4 2 1 1 897 2108 896 2308
9112 4 2 1 1 813 811 810 2357
9113 4 2 1 1 1857 2403 2049 2467
9114 4 2 1 1 1820 2286 2181 2385
9115 4 2 1 1 999 2185 966 2186
9116 4 2 1 1 2021 2408 2250 2454
9117 4 2 1 1 1560 2098 1416 2516
9118 4 2 1 1 1374 217 2342 2416
9119 4 2 1 1 700 259 646 2020
9120 4 2 1 1 1613 1652 1510 2369
9121 4 2 1 1 517 389 359 2159
9122 4 2 1 1 536 2298 2086 2382
9123 4 2 1 1 608 2092 485 2501
9124 4 2 1 1 1938 239 240 2059
9125 4 2 1 1 1185 1251 547 2328
9126 4 2 1 1 1931 2335 2095 2546
9127 4 2 1 1 2164 2300 2002 2476
9128 4 2 1 1 2001 2300 2164 2476
9129 4 2 1 1 350 2042 607 2371
9130 4 2 1 1 1141 729 1135 2164
9131 4 2 1 1 772 770 769 2323
9132 4 2 1 1 22 1115 21 2045
9133 4 2 1 1 731 1000 1302 2186
9134 4 2 1 1 880 2220 977 2327
9135 4 2 1 1 1015 997 795 2305
9136 4 2 1 1 294 2063 2257 2455
9137 4 2 1 1 894 2138 898 2308
9138 4 2 1 1 1804 2208 1685 2271
9139 4 2 1 1 689 472 470 2274
9140 4 2 1 1 751 750 752 2094
9141 4 2 1 1 840 2175 1029 2295
9142 4 2 1 1 1887 2012 1689 2290
9143 4 2 1 1 1643 2072 1369 2498
9144 4 2 1 1 1674 1792 2017 2427
9145 4 2 1 1 243 250 1965 2006
9146 4 2 1 1 354 2216 2182 2432
9147 4 2 1 1 1147 1049 714 2388
9148 4 2 1 1 731 1302 1335 2186
9149 4 2 1 1 2167 2215 1705 2442
9150 4 2 1 1 24 260 25 2241
9151 4 2 1 1 35 2041 1119 2310
9152 4 2 1 1 1651 1358 1276 1303
9153 4 2 1 1 949 730 1134 2244
9154 4 2 1 1 1217 1367 1637 2447
9155 4 2 1 1 1056 967 968 2264
9156 4 2 1 1 1098 1119 927 2205
9157 4 2 1 1 1217 1637 2255 2447
9158 4 2 1 1 1849 2094 1747 2399
9159 4 2 1 1 1233 1064 742 2271
9160 4 2 1 1 882 955 957 2211
9161 4 2 1 1 1471 2148 2283 2483
9162 4 2 1 1 2159 2216 517 2432
9163 4 2 1 1 1883 1762 1767 2141
9164 4 2 1 1 1835 2202 1788 2270
9165 4 2 1 1 502 2182 2147 2432
9166 4 2 1 1 449 661 674 2114
9167 4 2 1 1 1060 1059 850 2300
9168 4 2 1 1 240 1960 1677 2323
9169 4 2 1 1 531 2109 626 2339
9170 4 2 1 1 34 2146 703 2310
9171 4 2 1 1 1687 2359 2408 2534
9172 4 2 1 1 638 2355 365 2527
9173 4 2 1 1 811 814 848 2009
9174 4 2 1 1 1239 1186 1236 2162
9175 4 2 1 1 912 746 952 2126
9176 4 2 1 1 1860 2254 2107 2467
9177 4 2 1 1 915 2008 1054 2302
9178 4 2 1 1 847 2101 747 2464
9179 4 2 1 1 951 933 923 2149
9180 4 2 1 1 491 539 2233 2477
9181 4 2 1 1 700 646 570 2393
9182 4 2 1 1 1546 2201 1632 2381
9183 4 2 1 1 1016 1024 1089 2143
9184 4 2 1 1 1127 723 1052 2024
9185 4 2 1 1 1210 1173 1203 2025
9186 4 2 1 1 867 981 2387 2445
9187 4 2 1 1 858 1086 1107 2438
9188 4 2 1 1 1588 1485 1396 2194
9189 4 2 1 1 1109 2122 1117 2295
9190 4 2 1 1 958 959 967 2141
9191 4 2 1 1 842 992 868 2295
9192 4 2 1 1 1826 2246 1896 2284
9193 4 2 1 1 1035 863 1087 2083
9194 4 2 1 1 2151 2390 2041 2484
9195 4 2 1 1 1643 1546 2072 2498
9196 4 2 1 1 500 2368 2472 2477
9197 4 2 1 1 1032 911 2051 2337
9198 4 2 1 1 655 2088 301 2339
9199 4 2 1 1 817 816 802 2107
9200 4 2 1 1 1701 1703 1880 2203
9201 4 2 1 1 921 2155 920 2413
9202 4 2 1 1 1098 2146 34 2310
9203 4 2 1 1 1960 240 1939 2323
9204 4 2 1 1 1761 2187 1749 2264
9205 4 2 1 1 1579 1421 1433 2157
9206 4 2 1 1 1261 1388 1222 2279
9207 4 2 1 1 1799 1867 1861 2083
9208 4 2 1 1 1554 1371 1553 2080
9209 4 2 1 1 487 683 615 1995
9210 4 2 1 1 918 864 939 2004
9211 4 2 1 1 933 1124 934 2320
9212 4 2 1 1 873 2181 872 2286
9213 4 2 1 1 294 293 292 2063
9214 4 2 1 1 1564 1600 1469 2144
9215 4 2 1 1 595 688 2233 2279
9216 4 2 1 1 967 956 958 2187
9217 4 2 1 1 1815 2134 1804 2271
9218 4 2 1 1 314 542 316 2132
9219 4 2 1 1 1336 1301 272 2191
9220 4 2 1 1 1752 1835 1744 2149
9221 4 2 1 1 296 2112 298 2313
9222 4 2 1 1 758 756 1112 2100
9223 4 2 1 1 917 2130 2221 2406
9224 4 2 1 1 841 2253 842 2387
9225 4 2 1 1 1814 2213 2203 2481
9226 4 2 1 1 1641 1533 1664 2233
9227 4 2 1 1 1081 2281 2203 2481
9228 4 2 1 1 2021 2380 1073 2420
9229 4 2 1 1 522 640 691 2179
9230 4 2 1 1 321 320 2085 2345
9231 4 2 1 1 2147 2214 504 2432
9232 4 2 1 1 1008 2193 2256 2334
9233 4 2 1 1 1942 2346 2235 2409
9234 4 2 1 1 157 1390 1385 2519
9235 4 2 1 1 386 2355 2007 2527
9236 4 2 1 1 815 943 752 2252
9237 4 2 1 1 1904 2314 1766 2535
9238 4 2 1 1 403 404 532 2174
9239 4 2 1 1 2002 2300 849 2357
9240 4 2 1 1 861 1010 1090 2360
9241 4 2 1 1 607 2371 2042 2440
9242 4 2 1 1 1605 1531 1382 2191
9243 4 2 1 1 1611 2227 1378 2358
9244 4 2 1 1 752 943 754 2252
9245 4 2 1 1 1573 1461 1442 2469
9246 4 2 1 1 2229 2431 2362 2436
9247 4 2 1 1 1573 1432 1560 2192
9248 4 2 1 1 76 605 265 2052
9249 4 2 1 1 1072 2030 861 2360
9250 4 2 1 1 1712 2308 2138 2364
9251 4 2 1 1 250 1965 2006 2311
9252 4 2 1 1 1304 1915 1357 1277
9253 4 2 1 1 2229 2362 2035 2436
9254 4 2 1 1 1473 1488 1489 2057
9255 4 2 1 1 582 2297 2226 2366
9256 4 2 1 1 588 709 625 2196
9257 4 2 1 1 2065 2322 2317 2394
9258 4 2 1 1 1758 1759 1742 2051
9259 4 2 1 1 1362 1341 2022 2423
9260 4 2 1 1 19 2321 1996 2457
9261 4 2 1 1 513 512 506 2348
9262 4 2 1 1 1738 1931 2095 2546
9263 4 2 1 1 1221 2271 1233 2307
9264 4 2 1 1 2044 2249 1047 2357
9265 4 2 1 1 1518 1369 1625 2225
9266 4 2 1 1 581 2234 2103 2398
9267 4 2 1 1 249 2012 1785 2365
9268 4 2 1 1 1918 2452 2043 2456
9269 4 2 1 1 233 2073 234 2287
9270 4 2 1 1 1328 1915 1357 1304
9271 4 2 1 1 39 1042 730 2244
9272 4 2 1 1 325 661 654 2177
9273 4 2 1 1 1008 2005 717 2256
9274 4 2 1 1 957 1021 1036 2173
9275 4 2 1 1 1119 35 722 2041
9276 4 2 1 1 660 2227 1182 2358
9277 4 2 1 1 1869 1746 1781 2347
9278 4 2 1 1 1352 1342 1348 2126
9279 4 2 1 1 2021 2359 2250 2534
9280 4 2 1 1 814 2300 2009 2357
9281 4 2 1 1 439 555 2111 2395
9282 4 2 1 1 1685 2208 1262 2271
9283 4 2 1 1 1460 1472 1632 2079
9284 4 2 1 1 621 513 2238 2366
9285 4 2 1 1 1825 1686 1924 2406
9286 4 2 1 1 898 2308 2138 2434
9287 4 2 1 1 1399 2500 2042 2518
9288 4 2 1 1 1260 1367 1217 2447
9289 4 2 1 1 1839 1902 2223 2258
9290 4 2 1 1 1273 2316 1265 2318
9291 4 2 1 1 962 2141 959 2374
9292 4 2 1 1 2040 2257 561 2312
9293 4 2 1 1 716 1161 1138 2056
9294 4 2 1 1 733 1064 1247 2271
9295 4 2 1 1 903 872 873 2181
9296 4 2 1 1 531 626 305 2339
9297 4 2 1 1 448 2291 482 2510
9298 4 2 1 1 1864 1876 1837 2276
9299 4 2 1 1 1128 1064 733 2271
9300 4 2 1 1 899 921 920 2413
9301 4 2 1 1 1761 1767 2141 2284
9302 4 2 1 1 972 2163 964 2404
9303 4 2 1 1 528 2117 2248 2377
9304 4 2 1 1 756 2100 788 2326
9305 4 2 1 1 500 2472 2189 2477
9306 4 2 1 1 1303 1651 1327 2170
9307 4 2 1 1 1380 1621 2061 2352
9308 4 2 1 1 1498 1569 1528 2377
9309 4 2 1 1 1457 1582 2257 2479
9310 4 2 1 1 1598 2097 1635 2237
9311 4 2 1 1 1093 2271 2134 2307
9312 4 2 1 1 1720 2119 1809 2351
9313 4 2 1 1 1598 2180 2097 2237
9314 4 2 1 1 1002 1003 921 2240
9315 4 2 1 1 1930 1903 1920 2047
9316 4 2 1 1 975 1036 1037 2224
9317 4 2 1 1 1201 1172 1285 1995
9318 4 2 1 1 649 558 258 2072
9319 4 2 1 1 1360 1296 2052 2423
9320 4 2 1 1 887 958 886 2187
9321 4 2 1 1 623 551 2071 2289
9322 4 2 1 1 903 2181 1048 2388
9323 4 2 1 1 29 587 30 1998
9324 4 2 1 1 1775 2001 1803 2412
9325 4 2 1 1 657 2236 38 2379
9326 4 2 1 1 1687 2359 2021 2408
9327 4 2 1 1 1305 651 266 2247
9328 4 2 1 1 1407 1406 1404 2085
9329 4 2 1 1 2208 2284 1834 2450
9330 4 2 1 1 985 2203 984 2481
9331 4 2 1 1 644 630 402 2053
9332 4 2 1 1 1840 1841 1678 2223
9333 4 2 1 1 333 2112 296 2455
9334 4 2 1 1 1906 1902 1872 2387
9335 4 2 1 1 881 879 880 2139
9336 4 2 1 1 1843 1873 1844 2176
9337 4 2 1 1 819 1033 817 2254
9338 4 2 1 1 1954 241 1960 2015
9339 4 2 1 1 36 584 37 2280
9340 4 2 1 1 551 327 623 2071
9341 4 2 1 1 1752 1751 2320 2542
9342 4 2 1 1 1387 2028 233 2287
9343 4 2 1 1 835 2336 839 2478
9344 4 2 1 1 437 644 656 2268
9345 4 2 1 1 1857 1858 1882 2467
9346 4 2 1 1 1043 30 736 2193
9347 4 2 1 1 1942 237 236 2235
9348 4 2 1 1 1413 2133 2418 2514
9349 4 2 1 1 741 940 1134 2244
9350 4 2 1 1 1266 1177 1267 2251
9351 4 2 1 1 2021 2250 2408 2534
9352 4 2 1 1 226 1932 1904 2146
9353 4 2 1 1 1766 1773 1784 2027
9354 4 2 1 1 1333 2073 1311 2456
9355 4 2 1 1 1053 2019 719 2302
9356 4 2 1 1 1065 737 1193 2406
9357 4 2 1 1 1341 1353 1347 2022
9358 4 2 1 1 1996 2321 19 2429
9359 4 2 1 1 987 2118 2281 2481
9360 4 2 1 1 259 2020 700 2393
9361 4 2 1 1 574 624 693 2332
9362 4 2 1 1 1081 1106 2281 2481
9363 4 2 1 1 1475 1561 1417 2153
9364 4 2 1 1 1387 1599 1613 2082
9365 4 2 1 1 1857 2049 1858 2467
9366 4 2 1 1 1952 1953 238 2212
9367 4 2 1 1 539 595 2233 2477
9368 4 2 1 1 2051 1032 2337 2417
9369 4 2 1 1 961 962 959 2374
9370 4 2 1 1 1663 1645 1538 2003
9371 4 2 1 1 1946 1949 825 1955
9372 4 2 1 1 1859 1860 1858 2254
9373 4 2 1 1 1575 1576 1577 2084
9374 4 2 1 1 1966 1998 245 2419
9375 4 2 1 1 1404 2078 1403 2426
9376 4 2 1 1 673 566 469 2080
9377 4 2 1 1 512 2166 255 2513
9378 4 2 1 1 236 2050 1951 2235
9379 4 2 1 1 392 2018 362 2371
9380 4 2 1 1 416 589 534 2275
9381 4 2 1 1 1621 1576 1584 2061
9382 4 2 1 1 1860 1858 2254 2467
9383 4 2 1 1 1946 1949 1948 865
9384 4 2 1 1 503 364 514 2197
9385 4 2 1 1 827 828 2104 2443
9386 4 2 1 1 479 478 672 2524
9387 4 2 1 1 786 791 2076 2337
9388 4 2 1 1 1055 2165 1005 2363
9389 4 2 1 1 1902 1906 1840 2387
9390 4 2 1 1 1390 1995 1534 2519
9391 4 2 1 1 224 223 245 1998
9392 4 2 1 1 482 448 658 2291
9393 4 2 1 1 1551 1436 2135 2458
9394 4 2 1 1 1730 1758 1742 2051
9395 4 2 1 1 767 765 1028 2118
9396 4 2 1 1 1211 2223 1250 2258
9397 4 2 1 1 1915 1277 1304 2307
9398 4 2 1 1 1099 1084 2006 2311
9399 4 2 1 1 1802 1909 2002 2476
9400 4 2 1 1 1801 2034 1794 2427
9401 4 2 1 1 2057 2325 2066 2401
9402 4 2 1 1 770 2015 998 2277
9403 4 2 1 1 963 960 965 2374
9404 4 2 1 1 637 2052 605 2338
9405 4 2 1 1 302 304 2157 2397
9406 4 2 1 1 1800 2002 1909 2444
9407 4 2 1 1 1947 1950 2331 2409
9408 4 2 1 1 918 939 1163 2004
9409 4 2 1 1 1857 1669 1858 2049
9410 4 2 1 1 235 1773 1956 2050
9411 4 2 1 1 1360 1324 1296 2423
9412 4 2 1 1 1162 2050 909 2331
9413 4 2 1 1 1084 2243 2006 2311
9414 4 2 1 1 1105 970 2246 2284
9415 4 2 1 1 2168 2253 1906 2387
9416 4 2 1 1 519 364 342 2197
9417 4 2 1 1 1471 2283 1516 2483
9418 4 2 1 1 681 693 591 2509
9419 4 2 1 1 1887 2290 1874 2463
9420 4 2 1 1 1644 1378 2227 2358
9421 4 2 1 1 1822 2221 1679 2388
9422 4 2 1 1 1290 1223 1175 2403
9423 4 2 1 1 997 1015 1072 2030
9424 4 2 1 1 215 1996 1379 2490
9425 4 2 1 1 800 994 995 2160
9426 4 2 1 1 1959 1961 1948 2507
9427 4 2 1 1 480 478 481 2524
9428 4 2 1 1 1182 1263 1217 2255
9429 4 2 1 1 1788 1835 1752 2202
9430 4 2 1 1 512 513 695 2166
9431 4 2 1 1 705 670 481 2026
9432 4 2 1 1 1340 1137 951 2270
9433 4 2 1 1 217 1884 1905 2045
9434 4 2 1 1 1690 1171 2164 2396
9435 4 2 1 1 694 593 274 2189
9436 4 2 1 1 2019 2342 218 2361
9437 4 2 1 1 2023 2265 2069 2506
9438 4 2 1 1 254 1956 2027 2331
9439 4 2 1 1 182 1889 1202 2396
9440 4 2 1 1 344 364 2182 2473
9441 4 2 1 1 375 2057 378 2344
9442 4 2 1 1 1215 1206 1171 2164
9443 4 2 1 1 514 506 503 2238
9444 4 2 1 1 1918 1806 2043 2330
9445 4 2 1 1 1673 236 1768 2235
9446 4 2 1 1 266 2200 474 2354
9447 4 2 1 1 1484 1495 1457 2479
9448 4 2 1 1 1341 1353 2022 2369
9449 4 2 1 1 1346 76 265 2052
9450 4 2 1 1 1863 1739 2031 2466
9451 4 2 1 1 1887 1785 1689 2012
9452 4 2 1 1 1231 1192 1248 2226
9453 4 2 1 1 467 2025 2272 2296
9454 4 2 1 1 1783 2101 1937 2399
9455 4 2 1 1 1670 1319 2270 2340
9456 4 2 1 1 234 2073 1833 2456
9457 4 2 1 1 924 935 845 2232
9458 4 2 1 1 666 2234 581 2398
9459 4 2 1 1 1675 2013 1917 2347
9460 4 2 1 1 1291 1207 1244 2061
9461 4 2 1 1 314 313 347 2294
9462 4 2 1 1 849 2300 814 2357
9463 4 2 1 1 728 2429 2010 2460
9464 4 2 1 1 609 589 424 2261
9465 4 2 1 1 1914 1821 1872 2130
9466 4 2 1 1 1545 1643 1546 2072
9467 4 2 1 1 995 853 1143 2150
9468 4 2 1 1 1782 2330 1918 2452
9469 4 2 1 1 1938 2059 240 2323
9470 4 2 1 1 707 456 468 2180
9471 4 2 1 1 2018 2371 2090 2486
9472 4 2 1 1 513 695 2166 2366
9473 4 2 1 1 333 2373 2112 2455
9474 4 2 1 1 1724 1726 1725 2512
9475 4 2 1 1 827 806 828 2443
9476 4 2 1 1 2095 2372 1738 2546
9477 4 2 1 1 1333 1356 2073 2456
9478 4 2 1 1 1207 2061 1584 2267
9479 4 2 1 1 1165 1146 935 2010
9480 4 2 1 1 595 694 2279 2477
9481 4 2 1 1 289 2064 560 2338
9482 4 2 1 1 1947 1950 1941 2407
9483 4 2 1 1 1516 2283 1606 2483
9484 4 2 1 1 370 689 676 2257
9485 4 2 1 1 757 800 755 2160
9486 4 2 1 1 1381 1324 1312 1360
9487 4 2 1 1 1500 1405 1499 2177
9488 4 2 1 1 704 1999 275 2433
9489 4 2 1 1 2029 2244 2101 2452
9490 4 2 1 1 613 13 2316 2392
9491 4 2 1 1 1814 1756 1890 2213
9492 4 2 1 1 793 796 794 2265
9493 4 2 1 1 1297 1340 951 2293
9494 4 2 1 1 1900 1888 243 2006
9495 4 2 1 1 1823 2218 1822 2388
9496 4 2 1 1 1833 2073 1691 2452
9497 4 2 1 1 1173 1278 1203 2025
9498 4 2 1 1 1040 950 2254 2367
9499 4 2 1 1 917 2221 1167 2406
9500 4 2 1 1 2037 2301 352 2492
9501 4 2 1 1 1146 935 2010 2321
9502 4 2 1 1 1611 1524 2227 2255
9503 4 2 1 1 1629 1489 1526 2066
9504 4 2 1 1 1363 1351 699 2170
9505 4 2 1 1 1960 2015 2277 2360
9506 4 2 1 1 2075 2325 569 2393
9507 4 2 1 1 1044 1084 2243 2415
9508 4 2 1 1 210 2000 211 2410
9509 4 2 1 1 1445 1430 1563 2275
9510 4 2 1 1 1440 2053 1639 2436
9511 4 2 1 1 1347 273 2022 2511
9512 4 2 1 1 1696 1817 1698 2217
9513 4 2 1 1 318 317 2091 2345
9514 4 2 1 1 1465 1525 1509 2040
9515 4 2 1 1 2064 1580 2322 2402
9516 4 2 1 1 972 2134 1093 2271
9517 4 2 1 1 1276 1303 1274 2170
9518 4 2 1 1 1797 1795 2508 2523
9519 4 2 1 1 1863 2265 2466 2506
9520 4 2 1 1 956 1020 955 2211
9521 4 2 1 1 903 980 1048 2181
9522 4 2 1 1 555 464 439 2111
9523 4 2 1 1 379 2035 391 2362
9524 4 2 1 1 2382 2418 2133 2514
9525 4 2 1 1 1833 233 1691 2073
9526 4 2 1 1 1216 1995 1172 2296
9527 4 2 1 1 387 386 2007 2527
9528 4 2 1 1 1197 255 2166 2513
9529 4 2 1 1 1225 153 1376 1584
9530 4 2 1 1 1834 2208 1925 2284
9531 4 2 1 1 972 971 964 2163
9532 4 2 1 1 491 537 2172 2341
9533 4 2 1 1 1067 1250 1184 2223
9534 4 2 1 1 895 2308 898 2434
9535 4 2 1 1 1863 1739 1750 2031
9536 4 2 1 1 885 886 2215 2442
9537 4 2 1 1 2010 2350 1934 2359
9538 4 2 1 1 601 276 2219 2513
9539 4 2 1 1 9 2027 1766 2314
9540 4 2 1 1 948 2306 2184 2533
9541 4 2 1 1 287 2022 2338 2423
9542 4 2 1 1 2072 2381 2201 2498
9543 4 2 1 1 1759 1903 1887 2104
9544 4 2 1 1 949 1155 2029 2533
9545 4 2 1 1 1451 2063 1455 2322
9546 4 2 1 1 474 678 671 2191
9547 4 2 1 1 334 329 349 2282
9548 4 2 1 1 1735 1738 2095 2372
9549 4 2 1 1 37 1125 2198 2379
9550 4 2 1 1 1867 1800 1898 2444
9551 4 2 1 1 1999 2380 15 2392
9552 4 2 1 1 298 296 333 2112
9553 4 2 1 1 309 308 307 2098
9554 4 2 1 1 840 839 836 2175
9555 4 2 1 1 776 778 779 2178
9556 4 2 1 1 1685 1804 1885 2208
9557 4 2 1 1 1686 1258 1924 2406
9558 4 2 1 1 962 961 971 2163
9559 4 2 1 1 298 2313 2112 2545
9560 4 2 1 1 361 2371 607 2440
9561 4 2 1 1 933 951 1137 2270
9562 4 2 1 1 1386 1997 1660 2517
9563 4 2 1 1 1656 2074 2402 2530
9564 4 2 1 1 716 951 1161 2293
9565 4 2 1 1 728 18 1146 2429
9566 4 2 1 1 1109 2295 1029 2465
9567 4 2 1 1 642 2081 443 2349
9568 4 2 1 1 1964 248 1932 2314
9569 4 2 1 1 648 633 577 2014
9570 4 2 1 1 960 2165 965 2374
9571 4 2 1 1 605 2052 1296 2423
9572 4 2 1 1 894 898 895 2308
9573 4 2 1 1 1934 2350 2010 2490
9574 4 2 1 1 644 2053 402 2362
9575 4 2 1 1 738 2113 27 2304
9576 4 2 1 1 290 291 289 2312
9577 4 2 1 1 1636 1626 1556 2166
9578 4 2 1 1 1820 2181 1819 2385
9579 4 2 1 1 667 1178 1238 2267
9580 4 2 1 1 897 896 895 2308
9581 4 2 1 1 1505 1490 1511 2035
9582 4 2 1 1 596 606 269 2504
9583 4 2 1 1 1641 1664 1388 2279
9584 4 2 1 1 350 579 607 2042
9585 4 2 1 1 1103 737 2221 2388
9586 4 2 1 1 944 722 1125 2198
9587 4 2 1 1 1672 2030 242 2365
9588 4 2 1 1 1536 1538 1514 2540
9589 4 2 1 1 1939 2059 2277 2323
9590 4 2 1 1 1770 2160 1787 2335
9591 4 2 1 1 1969 2256 2193 2334
9592 4 2 1 1 697 710 2054 2532
9593 4 2 1 1 870 917 2130 2286
9594 4 2 1 1 551 2192 550 2430
9595 4 2 1 1 1775 1936 1803 2001
9596 4 2 1 1 607 2042 579 2329
9597 4 2 1 1 1580 2064 1466 2402
9598 4 2 1 1 884 1082 2167 2327
9599 4 2 1 1 1670 1319 1329 2270
9600 4 2 1 1 675 2033 17 2420
9601 4 2 1 1 335 2089 332 2309
9602 4 2 1 1 1703 1701 1702 2327
9603 4 2 1 1 1179 1226 2367 2529
9604 4 2 1 1 484 2092 2433 2501
9605 4 2 1 1 712 2025 467 2296
9606 4 2 1 1 976 880 977 2327
9607 4 2 1 1 917 1103 1167 2221
9608 4 2 1 1 922 1129 920 2155
9609 4 2 1 1 1253 939 727 1166
9610 4 2 1 1 1527 1365 1330 2378
9611 4 2 1 1 307 2098 308 2430
9612 4 2 1 1 1742 1748 1739 2324
9613 4 2 1 1 1339 651 1305 2247
9614 4 2 1 1 321 318 320 2345
9615 4 2 1 1 2168 2387 2130 2445
9616 4 2 1 1 265 637 498 2052
9617 4 2 1 1 1919 1670 1329 2293
9618 4 2 1 1 1964 247 1967 2005
9619 4 2 1 1 2290 2415 2154 2544
9620 4 2 1 1 1422 1424 1423 2109
9621 4 2 1 1 1194 721 1264 2245
9622 4 2 1 1 309 2098 307 2430
9623 4 2 1 1 1408 2091 1411 2418
9624 4 2 1 1 908 2116 1107 2487
9625 4 2 1 1 1644 1496 2368 2472
9626 4 2 1 1 259 588 2196 2393
9627 4 2 1 1 1378 1261 1213 2358
9628 4 2 1 1 728 2010 1165 2460
9629 4 2 1 1 1634 1626 1665 2219
9630 4 2 1 1 1547 2079 1472 2522
9631 4 2 1 1 89 1350 1110 1075
9632 4 2 1 1 1644 2189 1378 2358
9633 4 2 1 1 2154 2448 1846 2463
9634 4 2 1 1 1088 1038 2242 2482
9635 4 2 1 1 739 2285 2045 2496
9636 4 2 1 1 798 799 808 2023
9637 4 2 1 1 271 2054 710 2532
9638 4 2 1 1 1504 1526 1489 2424
9639 4 2 1 1 1710 1837 1836 2364
9640 4 2 1 1 1783 1782 2101 2330
9641 4 2 1 1 1680 2004 1898 2444
9642 4 2 1 1 1899 1763 1772 2173
9643 4 2 1 1 730 2029 1155 2379
9644 4 2 1 1 1440 1616 1639 2053
9645 4 2 1 1 352 334 349 2037
9646 4 2 1 1 915 858 1142 2008
9647 4 2 1 1 1517 2052 1627 2402
9648 4 2 1 1 1892 1788 2202 2340
9649 4 2 1 1 1956 9 254 2027
9650 4 2 1 1 1178 1244 1207 2267
9651 4 2 1 1 1995 2475 1534 2519
9652 4 2 1 1 592 362 392 2018
9653 4 2 1 1 2049 2403 2004 2467
9654 4 2 1 1 766 2212 2059 2507
9655 4 2 1 1 1957 2266 2012 2365
9656 4 2 1 1 1044 834 1027 2243
9657 4 2 1 1 639 2247 651 2378
9658 4 2 1 1 1220 2221 1924 2406
9659 4 2 1 1 1704 1743 1717 2215
9660 4 2 1 1 347 372 373 2077
9661 4 2 1 1 1542 1479 1454 2159
9662 4 2 1 1 1587 1496 1644 2472
9663 4 2 1 1 1692 1815 1911 2307
9664 4 2 1 1 1203 1385 2025 2519
9665 4 2 1 1 614 2039 2316 2318
9666 4 2 1 1 1709 2138 2240 2364
9667 4 2 1 1 1399 1397 2042 2468
9668 4 2 1 1 992 840 1029 2295
9669 4 2 1 1 1729 2099 1728 2466
9670 4 2 1 1 2205 2314 2146 2535
9671 4 2 1 1 550 313 309 2294
9672 4 2 1 1 1068 849 914 2002
9673 4 2 1 1 842 2168 867 2387
9674 4 2 1 1 1228 1556 1230 2166
9675 4 2 1 1 571 429 2066 2401
9676 4 2 1 1 1935 2151 1688 2484
9677 4 2 1 1 1761 1896 1767 2284
9678 4 2 1 1 1764 1892 1788 2202
9679 4 2 1 1 1120 907 905 2017
9680 4 2 1 1 1894 2293 1317 2347
9681 4 2 1 1 1865 181 1204 1690
9682 4 2 1 1 784 785 786 2076
9683 4 2 1 1 1262 1191 1247 2271
9684 4 2 1 1 1999 2412 2410 2536
9685 4 2 1 1 1228 1370 1556 2166
9686 4 2 1 1 1394 2067 1392 2422
9687 4 2 1 1 1263 2255 262 2447
9688 4 2 1 1 1632 1546 1462 2201
9689 4 2 1 1 2033 2429 17 2460
9690 4 2 1 1 1438 2135 1436 2458
9691 4 2 1 1 835 820 836 2176
9692 4 2 1 1 1952 1942 1961 2346
9693 4 2 1 1 1598 1574 2180 2237
9694 4 2 1 1 1863 2031 1750 2506
9695 4 2 1 1 350 607 361 2371
9696 4 2 1 1 1153 2142 1018 2391
9697 4 2 1 1 1596 2077 1480 2469
9698 4 2 1 1 688 641 583 2170
9699 4 2 1 1 217 2045 2342 2416
9700 4 2 1 1 1891 2126 1806 2330
9701 4 2 1 1 1440 1639 1624 2436
9702 4 2 1 1 791 784 2076 2417
9703 4 2 1 1 1328 1915 1304 2307
9704 4 2 1 1 1245 1062 1194 2245
9705 4 2 1 1 690 677 2065 2394
9706 4 2 1 1 772 770 2323 2411
9707 4 2 1 1 287 604 2022 2423
9708 4 2 1 1 1959 1949 1958 2507
9709 4 2 1 1 766 2059 768 2507
9710 4 2 1 1 1139 1008 736 2193
9711 4 2 1 1 1041 1047 810 2044
9712 4 2 1 1 1490 1489 1488 2057
9713 4 2 1 1 1997 493 2433 2504
9714 4 2 1 1 662 474 266 2200
9715 4 2 1 1 1369 228 2120 2543
9716 4 2 1 1 546 545 578 2237
9717 4 2 1 1 637 605 455 2338
9718 4 2 1 1 1587 1644 2227 2472
9719 4 2 1 1 403 2297 521 2389
9720 4 2 1 1 2371 2440 2090 2486
9721 4 2 1 1 775 2119 776 2411
9722 4 2 1 1 1329 2270 1340 2293
9723 4 2 1 1 706 472 689 2274
9724 4 2 1 1 331 332 335 2089
9725 4 2 1 1 286 483 2105 2511
9726 4 2 1 1 885 886 883 2215
9727 4 2 1 1 1088 805 2031 2487
9728 4 2 1 1 241 1677 1960 2015
9729 4 2 1 1 1535 1494 1631 2297
9730 4 2 1 1 1817 1696 1718 2230
9731 4 2 1 1 241 1760 1913 2015
9732 4 2 1 1 731 2186 1335 2461
9733 4 2 1 1 1095 1088 908 2487
9734 4 2 1 1 327 2071 304 2397
9735 4 2 1 1 1737 1738 2372 2546
9736 4 2 1 1 1393 1593 2007 2422
9737 4 2 1 1 1763 1749 2211 2264
9738 4 2 1 1 1117 1109 790 2122
9739 4 2 1 1 675 17 2033 2504
9740 4 2 1 1 773 2015 770 2411
9741 4 2 1 1 1247 1064 1233 2271
9742 4 2 1 1 1682 2019 218 2361
9743 4 2 1 1 772 769 983 2190
9744 4 2 1 1 1110 1093 1075 2307
9745 4 2 1 1 791 2076 2337 2417
9746 4 2 1 1 1593 2007 2422 2475
9747 4 2 1 1 1072 1015 861 2030
9748 4 2 1 1 288 494 412 2105
9749 4 2 1 1 559 2058 2373 2455
9750 4 2 1 1 1806 1891 1683 2126
9751 4 2 1 1 17 2420 2033 2460
9752 4 2 1 1 1292 2 41 1349
9753 4 2 1 1 1260 1246 2219 2447
9754 4 2 1 1 422 419 528 2117
9755 4 2 1 1 1050 718 1099 2304
9756 4 2 1 1 1264 1218 2245 2246
9757 4 2 1 1 569 2075 568 2325
9758 4 2 1 1 1115 2045 938 2435
9759 4 2 1 1 1039 726 1243 2367
9760 4 2 1 1 2102 2483 2148 2488
9761 4 2 1 1 471 470 472 2274
9762 4 2 1 1 1172 1995 1390 2519
9763 4 2 1 1 299 655 540 2088
9764 4 2 1 1 1825 1820 1821 2130
9765 4 2 1 1 1801 2010 1934 2359
9766 4 2 1 1 1626 2348 2219 2513
9767 4 2 1 1 1439 2133 1413 2514
9768 4 2 1 1 790 2122 1109 2459
9769 4 2 1 1 786 792 791 2337
9770 4 2 1 1 2350 2429 2140 2504
9771 4 2 1 1 1509 1525 1649 2105
9772 4 2 1 1 1353 1347 2022 2369
9773 4 2 1 1 557 440 441 2225
9774 4 2 1 1 20 2024 1127 2321
9775 4 2 1 1 243 244 1900 1965
9776 4 2 1 1 1903 2047 1930 2365
9777 4 2 1 1 1544 230 1377 2055
9778 4 2 1 1 1529 2231 2074 2530
9779 4 2 1 1 22 2045 2234 2496
9780 4 2 1 1 1997 1999 2433 2517
9781 4 2 1 1 1905 218 2342 2361
9782 4 2 1 1 1740 1721 1886 2295
9783 4 2 1 1 979 876 931 2278
9784 4 2 1 1 528 526 2117 2377
9785 4 2 1 1 274 2189 593 2358
9786 4 2 1 1 1928 2408 2021 2412
9787 4 2 1 1 926 2151 944 2502
9788 4 2 1 1 1833 2073 2452 2456
9789 4 2 1 1 1002 890 888 2240
9790 4 2 1 1 1241 1229 1196 2218
9791 4 2 1 1 866 842 867 2387
9792 4 2 1 1 938 2045 2285 2435
9793 4 2 1 1 1965 2142 2006 2311
9794 4 2 1 1 1234 699 283 2170
9795 4 2 1 1 2041 2390 2205 2484
9796 4 2 1 1 1551 1438 1436 2458
9797 4 2 1 1 1140 1162 995 2050
9798 4 2 1 1 2017 2435 2285 2521
9799 4 2 1 1 1141 1135 1068 2164
9800 4 2 1 1 784 786 791 2076
9801 4 2 1 1 155 1380 1224 1589
9802 4 2 1 1 1309 1683 1352 1805
9803 4 2 1 1 424 589 418 2123
9804 4 2 1 1 815 936 943 2115
9805 4 2 1 1 24 2019 1053 2496
9806 4 2 1 1 987 1028 2118 2481
9807 4 2 1 1 1098 34 1119 2310
9808 4 2 1 1 1122 943 916 2326
9809 4 2 1 1 1082 2167 2327 2386
9810 4 2 1 1 287 2338 604 2423
9811 4 2 1 1 1502 1464 2172 2368
9812 4 2 1 1 2069 2506 1875 2523
9813 4 2 1 1 919 2413 2207 2434
9814 4 2 1 1 219 218 1682 2019
9815 4 2 1 1 1449 1450 2065 2322
9816 4 2 1 1 577 447 648 2398
9817 4 2 1 1 1053 1151 1054 2302
9818 4 2 1 1 414 612 493 1997
9819 4 2 1 1 1216 1285 1172 1995
9820 4 2 1 1 2057 2424 2035 2437
9821 4 2 1 1 594 500 2189 2477
9822 4 2 1 1 414 1997 493 2433
9823 4 2 1 1 1174 1253 1209 2403
9824 4 2 1 1 646 259 28 2020
9825 4 2 1 1 2227 2358 702 2472
9826 4 2 1 1 1428 1427 1429 2261
9827 4 2 1 1 946 1155 947 2533
9828 4 2 1 1 1772 1828 1870 2292
9829 4 2 1 1 2003 2362 2229 2431
9830 4 2 1 1 928 1143 2150 2515
9831 4 2 1 1 993 1140 2235 2409
9832 4 2 1 1 439 2201 433 2395
9833 4 2 1 1 1856 1730 1726 2076
9834 4 2 1 1 1791 2270 1670 2293
9835 4 2 1 1 753 754 755 2095
9836 4 2 1 1 2168 2295 868 2384
9837 4 2 1 1 275 486 484 2392
9838 4 2 1 1 1801 2508 2034 2534
9839 4 2 1 1 1996 2140 2350 2429
9840 4 2 1 1 1900 221 1778 2541
9841 4 2 1 1 651 2247 1339 2378
9842 4 2 1 1 352 334 2037 2492
9843 4 2 1 1 818 2107 802 2356
9844 4 2 1 1 1047 813 810 2357
9845 4 2 1 1 1038 808 2405 2482
9846 4 2 1 1 687 348 2016 2451
9847 4 2 1 1 1670 1816 1319 2340
9848 4 2 1 1 805 1034 1088 2031
9849 4 2 1 1 309 307 550 2430
9850 4 2 1 1 1360 2052 1346 2530
9851 4 2 1 1 1736 2115 1741 2372
9852 4 2 1 1 237 1768 236 2235
9853 4 2 1 1 729 1080 1281 2260
9854 4 2 1 1 1787 1770 1769 2160
9855 4 2 1 1 1013 1114 1040 2529
9856 4 2 1 1 1241 1229 2218 2333
9857 4 2 1 1 822 807 1027 2012
9858 4 2 1 1 682 601 2219 2513
9859 4 2 1 1 1331 1337 2191 2354
9860 4 2 1 1 1538 2003 1645 2431
9861 4 2 1 1 1038 2405 2242 2482
9862 4 2 1 1 374 373 372 2077
9863 4 2 1 1 411 449 565 2114
9864 4 2 1 1 1879 1766 2205 2535
9865 4 2 1 1 1863 2466 2031 2506
9866 4 2 1 1 1218 1923 2245 2246
9867 4 2 1 1 1868 1741 1736 2115
9868 4 2 1 1 1598 1575 1578 2180
9869 4 2 1 1 1053 719 1151 2302
9870 4 2 1 1 2243 2415 2290 2544
9871 4 2 1 1 827 2104 857 2544
9872 4 2 1 1 1874 2154 1846 2463
9873 4 2 1 1 720 2162 1236 2529
9874 4 2 1 1 1332 2186 1302 2340
9875 4 2 1 1 1225 1376 152 1187
9876 4 2 1 1 1063 735 1241 2333
9877 4 2 1 1 33 703 34 2146
9878 4 2 1 1 1488 1490 2057 2437
9879 4 2 1 1 387 2272 425 2527
9880 4 2 1 1 1214 1685 1834 2208
9881 4 2 1 1 1851 1849 1850 2399
9882 4 2 1 1 987 2281 1106 2481
9883 4 2 1 1 509 510 508 2503
9884 4 2 1 1 633 577 2014 2492
9885 4 2 1 1 759 994 757 2160
9886 4 2 1 1 1043 718 29 1998
9887 4 2 1 1 1829 229 1688 2198
9888 4 2 1 1 2143 2319 1089 2465
9889 4 2 1 1 170 1249 1227 1823
9890 4 2 1 1 1584 1380 1621 2061
9891 4 2 1 1 464 555 652 2111
9892 4 2 1 1 605 2338 2052 2423
9893 4 2 1 1 1627 2402 2052 2530
9894 4 2 1 1 509 2255 510 2503
9895 4 2 1 1 10 249 1785 2365
9896 4 2 1 1 1847 1862 1759 2463
9897 4 2 1 1 687 674 348 2451
9898 4 2 1 1 721 1150 1264 2246
9899 4 2 1 1 946 947 2184 2533
9900 4 2 1 1 1616 1639 2053 2431
9901 4 2 1 1 1037 2173 1123 2333
9902 4 2 1 1 1584 1207 154 1380
9903 4 2 1 1 1120 907 2017 2435
9904 4 2 1 1 1330 1339 1320 2378
9905 4 2 1 1 962 968 2141 2284
9906 4 2 1 1 980 875 878 2158
9907 4 2 1 1 2117 2377 526 2499
9908 4 2 1 1 970 2246 2284 2450
9909 4 2 1 1 1869 1917 1779 2013
9910 4 2 1 1 1845 176 1186 1853
9911 4 2 1 1 214 2350 1934 2490
9912 4 2 1 1 902 2149 933 2320
9913 4 2 1 1 1108 1118 991 2346
9914 4 2 1 1 1560 1596 1573 2192
9915 4 2 1 1 1258 1220 1924 2406
9916 4 2 1 1 1577 1578 1575 2262
9917 4 2 1 1 429 2066 2401 2471
9918 4 2 1 1 1490 1511 2035 2437
9919 4 2 1 1 1725 1727 2143 2512
9920 4 2 1 1 1372 1212 1240 2237
9921 4 2 1 1 1618 1483 2062 2353
9922 4 2 1 1 741 1042 40 2244
9923 4 2 1 1 1305 2247 266 2354
9924 4 2 1 1 502 354 344 2182
9925 4 2 1 1 297 2313 298 2545
9926 4 2 1 1 1323 1808 1313 1359
9927 4 2 1 1 1204 1171 1206 2260
9928 4 2 1 1 694 594 2189 2477
9929 4 2 1 1 1306 2270 1319 2340
9930 4 2 1 1 1045 2006 1084 2415
9931 4 2 1 1 1380 2026 1614 2352
9932 4 2 1 1 1650 1401 1583 2303
9933 4 2 1 1 615 2318 1995 2501
9934 4 2 1 1 1022 1105 721 2246
9935 4 2 1 1 1083 1135 729 2164
9936 4 2 1 1 939 864 1039 2049
9937 4 2 1 1 1647 1314 1334 2287
9938 4 2 1 1 334 2329 2037 2492
9939 4 2 1 1 2048 2315 2032 2510
9940 4 2 1 1 354 2182 502 2432
9941 4 2 1 1 2039 1999 2410 2517
9942 4 2 1 1 825 2453 824 2495
9943 4 2 1 1 1354 1311 1333 2073
9944 4 2 1 1 772 2323 2190 2411
9945 4 2 1 1 716 1297 951 2293
9946 4 2 1 1 1003 2167 2240 2442
9947 4 2 1 1 1400 2089 2468 2500
9948 4 2 1 1 378 375 564 2057
9949 4 2 1 1 775 777 776 2119
9950 4 2 1 1 1775 210 1921 2412
9951 4 2 1 1 666 580 581 2234
9952 4 2 1 1 549 2153 339 2298
9953 4 2 1 1 1662 2036 1625 2343
9954 4 2 1 1 804 2047 803 2443
9955 4 2 1 1 731 90 1075 1335
9956 4 2 1 1 1783 1747 1782 2330
9957 4 2 1 1 1708 1707 1709 2240
9958 4 2 1 1 294 292 370 2257
9959 4 2 1 1 1241 735 1245 2333
9960 4 2 1 1 1252 1190 1261 2279
9961 4 2 1 1 1505 1490 2035 2424
9962 4 2 1 1 1916 1259 1827 2245
9963 4 2 1 1 333 559 2373 2455
9964 4 2 1 1 1639 2431 1512 2436
9965 4 2 1 1 1538 1645 1616 2431
9966 4 2 1 1 888 2240 2125 2442
9967 4 2 1 1 264 708 488 2103
9968 4 2 1 1 1084 1045 1099 2006
9969 4 2 1 1 1407 1408 1406 2085
9970 4 2 1 1 808 2023 2405 2482
9971 4 2 1 1 2203 2281 1081 2386
9972 4 2 1 1 559 2058 664 2373
9973 4 2 1 1 582 2129 385 2297
9974 4 2 1 1 9 248 254 2314
9975 4 2 1 1 1929 1786 1768 2206
9976 4 2 1 1 523 2226 582 2297
9977 4 2 1 1 491 451 537 2341
9978 4 2 1 1 16 675 17 2420
9979 4 2 1 1 492 2433 493 2504
9980 4 2 1 1 1722 1720 1807 2178
9981 4 2 1 1 386 365 2355 2527
9982 4 2 1 1 2012 2104 2443 2544
9983 4 2 1 1 1229 1823 1227 2218
9984 4 2 1 1 701 2309 363 2489
9985 4 2 1 1 648 488 413 2398
9986 4 2 1 1 233 1833 234 2073
9987 4 2 1 1 1489 2057 1490 2424
9988 4 2 1 1 1798 2408 1802 2476
9989 4 2 1 1 2051 911 2438 2487
9990 4 2 1 1 1750 2474 1793 2506
9991 4 2 1 1 1321 1319 1816 2340
9992 4 2 1 1 973 2134 972 2404
9993 4 2 1 1 1197 601 255 2513
9994 4 2 1 1 1185 2237 1212 2328
9995 4 2 1 1 2290 2463 2104 2544
9996 4 2 1 1 1656 2402 1627 2530
9997 4 2 1 1 495 483 282 2532
9998 4 2 1 1 213 2350 2033 2359
9999 4 2 1 1 2087 2372 2115 2531
10000 4 2 1 1 2054 2441 2105 2532
10001 4 2 1 1 1395 1397 1396 2038
10002 4 2 1 1 630 644 620 2053
10003 4 2 1 1 1823 1229 1877 2218
10004 4 2 1 1 983 769 771 2213
10005 4 2 1 1 719 1053 24 2019
10006 4 2 1 1 1059 2454 2001 2538
10007 4 2 1 1 2045 2416 217 2462
10008 4 2 1 1 515 2199 516 2370
10009 4 2 1 1 1747 2087 1771 2330
10010 4 2 1 1 928 1143 855 2150
10011 4 2 1 1 518 504 2214 2432
10012 4 2 1 1 2156 2286 1818 2385
10013 4 2 1 1 366 2007 2355 2383
10014 4 2 1 1 1260 1246 1199 2219
10015 4 2 1 1 2009 2408 2300 2454
10016 4 2 1 1 1730 1728 1726 2076
10017 4 2 1 1 1604 1592 1514 2037
10018 4 2 1 1 1172 2296 1995 2519
10019 4 2 1 1 467 487 711 2296
10020 4 2 1 1 593 702 2358 2472
10021 4 2 1 1 1844 2162 1841 2336
10022 4 2 1 1 1728 2466 2099 2512
10023 4 2 1 1 575 2038 351 2355
10024 4 2 1 1 607 2042 2329 2440
10025 4 2 1 1 560 2064 371 2317
10026 4 2 1 1 1632 2079 1547 2381
10027 4 2 1 1 1728 2099 1727 2512
10028 4 2 1 1 1602 1453 1586 2171
10029 4 2 1 1 615 1995 683 2501
10030 4 2 1 1 908 1107 1095 2487
10031 4 2 1 1 379 390 391 2035
10032 4 2 1 1 2089 2303 2016 2525
10033 4 2 1 1 446 580 447 2032
10034 4 2 1 1 78 1344 1299 2231
10035 4 2 1 1 1888 2006 1900 2541
10036 4 2 1 1 564 2057 375 2375
10037 4 2 1 1 633 2014 2440 2492
10038 4 2 1 1 2092 2272 2007 2475
10039 4 2 1 1 485 2092 484 2501
10040 4 2 1 1 1428 1441 1548 2137
10041 4 2 1 1 221 2113 1778 2541
10042 4 2 1 1 15 1999 704 2420
10043 4 2 1 1 1646 2075 1504 2424
10044 4 2 1 1 808 798 2023 2482
10045 4 2 1 1 1598 1566 1574 2237
10046 4 2 1 1 157 1172 1390 2519
10047 4 2 1 1 1837 1876 1753 2165
10048 4 2 1 1 998 770 773 2015
10049 4 2 1 1 1729 1863 1875 2506
10050 4 2 1 1 1643 1369 2072 2543
10051 4 2 1 1 427 2110 377 2375
10052 4 2 1 1 1388 1555 1641 2279
10053 4 2 1 1 2049 2254 950 2367
10054 4 2 1 1 1214 1834 1270 2450
10055 4 2 1 1 1418 2128 1417 2516
10056 4 2 1 1 1843 1878 1731 2176
10057 4 2 1 1 1919 1791 1670 2293
10058 4 2 1 1 1768 237 1929 2046
10059 4 2 1 1 1486 1399 1397 2042
10060 4 2 1 1 1080 1206 1281 2260
10061 4 2 1 1 998 2277 2015 2360
10062 4 2 1 1 1935 1830 1688 2151
10063 4 2 1 1 796 801 797 2069
10064 4 2 1 1 1093 2134 1075 2307
10065 4 2 1 1 662 541 450 2200
10066 4 2 1 1 1029 2295 2175 2465
10067 4 2 1 1 663 2093 540 2349
10068 4 2 1 1 1904 2146 2314 2535
10069 4 2 1 1 334 2282 2037 2329
10070 4 2 1 1 791 2337 1032 2417
10071 4 2 1 1 616 518 508 2214
10072 4 2 1 1 1051 924 837 2034
10073 4 2 1 1 1476 1482 1481 2197
10074 4 2 1 1 1821 1820 1818 2286
10075 4 2 1 1 2285 2361 2008 2521
10076 4 2 1 1 2150 2390 2151 2484
10077 4 2 1 1 1565 2075 1646 2259
10078 4 2 1 1 504 502 2147 2432
10079 4 2 1 1 1262 1685 1214 2208
10080 4 2 1 1 1775 211 210 2412
10081 4 2 1 1 827 828 857 2104
10082 4 2 1 1 847 2306 948 2533
10083 4 2 1 1 821 804 807 2443
10084 4 2 1 1 551 304 327 2071
10085 4 2 1 1 811 813 814 2357
10086 4 2 1 1 1999 2380 2412 2536
10087 4 2 1 1 1318 1365 1368 2231
10088 4 2 1 1 1348 1342 1361 2126
10089 4 2 1 1 473 657 584 2055
10090 4 2 1 1 2023 2506 2069 2523
10091 4 2 1 1 601 512 255 2513
10092 4 2 1 1 374 373 2077 2375
10093 4 2 1 1 304 2071 551 2430
10094 4 2 1 1 1878 1725 1731 2143
10095 4 2 1 1 817 802 818 2107
10096 4 2 1 1 1458 1445 1459 2152
10097 4 2 1 1 17 2033 269 2429
10098 4 2 1 1 1033 1040 950 2254
10099 4 2 1 1 1234 2170 283 2279
10100 4 2 1 1 692 497 498 2074
10101 4 2 1 1 702 511 660 2227
10102 4 2 1 1 565 2262 2114 2451
10103 4 2 1 1 938 2285 907 2435
10104 4 2 1 1 273 287 604 2022
10105 4 2 1 1 1689 1785 249 2012
10106 4 2 1 1 178 1857 1208 1669
10107 4 2 1 1 1037 1063 2218 2333
10108 4 2 1 1 488 2103 708 2400
10109 4 2 1 1 252 1969 1968 2334
10110 4 2 1 1 316 2091 317 2382
10111 4 2 1 1 567 543 544 2060
10112 4 2 1 1 1944 249 1957 2012
10113 4 2 1 1 1735 1737 1738 2372
10114 4 2 1 1 1737 2372 2094 2546
10115 4 2 1 1 1731 1725 1727 2143
10116 4 2 1 1 303 302 304 2157
10117 4 2 1 1 1071 924 1164 2250
10118 4 2 1 1 1906 1886 1842 2253
10119 4 2 1 1 1874 2290 2154 2463
10120 4 2 1 1 1952 1961 2212 2346
10121 4 2 1 1 349 576 437 2268
10122 4 2 1 1 1517 1580 1466 2402
10123 4 2 1 1 2057 564 2325 2401
10124 4 2 1 1 1697 2230 2119 2528
10125 4 2 1 1 1088 1038 906 2242
10126 4 2 1 1 1032 791 911 2337
10127 4 2 1 1 1688 2484 2041 2535
10128 4 2 1 1 1400 2089 1398 2468
10129 4 2 1 1 447 2032 580 2398
10130 4 2 1 1 1710 1707 2240 2364
10131 4 2 1 1 1011 901 937 2239
10132 4 2 1 1 1306 725 1137 2270
10133 4 2 1 1 998 773 996 2015
10134 4 2 1 1 768 766 767 2059
10135 4 2 1 1 757 758 759 2206
10136 4 2 1 1 33 34 1098 2146
10137 4 2 1 1 602 647 278 2226
10138 4 2 1 1 730 38 2236 2379
10139 4 2 1 1 613 2316 614 2392
10140 4 2 1 1 1027 2012 807 2544
10141 4 2 1 1 1146 2321 2010 2429
10142 4 2 1 1 229 1829 230 2198
10143 4 2 1 1 219 2019 1682 2448
10144 4 2 1 1 1203 2025 2296 2519
10145 4 2 1 1 1763 1899 1827 2245
10146 4 2 1 1 1892 2186 1684 2340
10147 4 2 1 1 2099 2466 2076 2512
10148 4 2 1 1 319 563 320 2183
10149 4 2 1 1 1025 2243 1084 2311
10150 4 2 1 1 90 1307 1075 1335
10151 4 2 1 1 1727 1728 1729 2099
10152 4 2 1 1 1492 1602 1481 2129
10153 4 2 1 1 1152 725 1338 2340
10154 4 2 1 1 1931 1787 2100 2335
10155 4 2 1 1 1099 1153 1019 2142
10156 4 2 1 1 1013 1040 2121 2529
10157 4 2 1 1 1533 2233 1605 2414
10158 4 2 1 1 612 493 1997 2504
10159 4 2 1 1 506 621 513 2238
10160 4 2 1 1 1798 2408 2009 2534
10161 4 2 1 1 1349 1333 1356 2073
10162 4 2 1 1 233 1387 232 2028
10163 4 2 1 1 484 485 397 2092
10164 4 2 1 1 315 536 2086 2382
10165 4 2 1 1 91 731 1000 1302
10166 4 2 1 1 400 2301 2003 2510
10167 4 2 1 1 844 846 853 2027
10168 4 2 1 1 706 561 412 2040
10169 4 2 1 1 2009 2250 2034 2534
10170 4 2 1 1 819 2176 835 2478
10171 4 2 1 1 1928 2021 1687 2536
10172 4 2 1 1 1628 2020 222 2419
10173 4 2 1 1 684 491 539 2233
10174 4 2 1 1 1644 2368 2189 2472
10175 4 2 1 1 283 2170 688 2279
10176 4 2 1 1 665 2003 2291 2510
10177 4 2 1 1 1829 1830 1850 2184
10178 4 2 1 1 1058 1091 1073 2454
10179 4 2 1 1 1599 1613 2082 2369
10180 4 2 1 1 1793 1795 2023 2508
10181 4 2 1 1 867 2387 2168 2445
10182 4 2 1 1 1026 793 1024 2099
10183 4 2 1 1 292 561 2257 2312
10184 4 2 1 1 1438 1437 1436 2135
10185 4 2 1 1 1726 2076 1728 2512
10186 4 2 1 1 296 2112 2313 2455
10187 4 2 1 1 1084 1025 834 2243
10188 4 2 1 1 1346 77 1299 265
10189 4 2 1 1 621 562 385 2129
10190 4 2 1 1 1603 1498 1528 2248
10191 4 2 1 1 575 336 2038 2309
10192 4 2 1 1 1674 216 215 2024
10193 4 2 1 1 1562 1257 1372 2328
10194 4 2 1 1 1561 1439 1413 2514
10195 4 2 1 1 853 846 854 2027
10196 4 2 1 1 287 455 604 2338
10197 4 2 1 1 1503 1610 1615 2182
10198 4 2 1 1 459 496 457 2084
10199 4 2 1 1 1003 2240 888 2442
10200 4 2 1 1 1520 2200 2247 2354
10201 4 2 1 1 1910 234 1833 2456
10202 4 2 1 1 1810 1933 1692 2461
10203 4 2 1 1 2153 2298 549 2526
10204 4 2 1 1 1997 2428 1660 2517
10205 4 2 1 1 599 1996 2400 2457
10206 4 2 1 1 78 1299 497 2231
10207 4 2 1 1 506 514 621 2238
10208 4 2 1 1 464 2111 652 2373
10209 4 2 1 1 987 2281 2118 2446
10210 4 2 1 1 1964 2005 2256 2314
10211 4 2 1 1 921 922 2155 2386
10212 4 2 1 1 1112 2100 756 2326
10213 4 2 1 1 993 1136 1140 2409
10214 4 2 1 1 1692 1911 1915 2307
10215 4 2 1 1 1186 1236 2162 2529
10216 4 2 1 1 1149 2094 751 2306
10217 4 2 1 1 1730 1728 2076 2466
10218 4 2 1 1 1740 1872 1838 2168
10219 4 2 1 1 2033 269 2429 2504
10220 4 2 1 1 251 2391 2311 2495
10221 4 2 1 1 1387 1613 1649 2441
10222 4 2 1 1 427 374 598 2289
10223 4 2 1 1 987 1106 1028 2481
10224 4 2 1 1 601 276 682 2219
10225 4 2 1 1 970 1150 2246 2450
10226 4 2 1 1 508 518 504 2214
10227 4 2 1 1 1174 1279 727 2260
10228 4 2 1 1 2299 2508 2023 2523
10229 4 2 1 1 1214 2208 1834 2450
10230 4 2 1 1 1476 1503 1482 2197
10231 4 2 1 1 1486 2042 1397 2486
10232 4 2 1 1 1080 727 1279 2260
10233 4 2 1 1 898 2138 2413 2434
10234 4 2 1 1 965 1005 1055 2165
10235 4 2 1 1 1757 1756 1814 2118
10236 4 2 1 1 1966 2142 1998 2419
10237 4 2 1 1 386 638 365 2527
10238 4 2 1 1 494 2105 495 2532
10239 4 2 1 1 934 902 933 2320
10240 4 2 1 1 1745 1835 1791 2293
10241 4 2 1 1 1028 771 767 2481
10242 4 2 1 1 1320 2247 1305 2354
10243 4 2 1 1 2072 2381 2145 2485
10244 4 2 1 1 997 996 779 2305
10245 4 2 1 1 1397 2042 2468 2486
10246 4 2 1 1 1347 2022 2369 2511
10247 4 2 1 1 891 960 959 2374
10248 4 2 1 1 462 642 443 2349
10249 4 2 1 1 1383 1535 1631 2179
10250 4 2 1 1 1837 1751 1836 2131
10251 4 2 1 1 1369 1543 1625 2120
10252 4 2 1 1 1226 1186 176 1853
10253 4 2 1 1 2044 2299 2023 2523
10254 4 2 1 1 1952 238 237 1668
10255 4 2 1 1 242 241 1954 1760
10256 4 2 1 1 1674 215 1855 2490
10257 4 2 1 1 1389 210 2410 2539
10258 4 2 1 1 1693 1694 2190 2323
10259 4 2 1 1 1105 968 970 2284
10260 4 2 1 1 1258 1686 2258 2406
10261 4 2 1 1 870 872 917 2286
10262 4 2 1 1 324 323 576 2161
10263 4 2 1 1 1047 2044 1041 2470
10264 4 2 1 1 1763 1743 1772 2211
10265 4 2 1 1 557 441 466 2225
10266 4 2 1 1 1076 2051 911 2438
10267 4 2 1 1 1473 1461 2110 2522
10268 4 2 1 1 1225 1207 1584 2267
10269 4 2 1 1 1209 1253 1289 2403
10270 4 2 1 1 1458 1496 2136 2368
10271 4 2 1 1 1392 2025 1385 2519
10272 4 2 1 1 1596 1597 1480 2077
10273 4 2 1 1 2044 2249 2083 2470
10274 4 2 1 1 625 566 673 2080
10275 4 2 1 1 1061 2251 1079 2538
10276 4 2 1 1 2116 2285 2008 2521
10277 4 2 1 1 569 2325 709 2393
10278 4 2 1 1 301 655 299 2088
10279 4 2 1 1 512 2348 2166 2513
10280 4 2 1 1 1833 2452 1918 2456
10281 4 2 1 1 2012 2266 1957 2453
10282 4 2 1 1 1608 1567 1551 2093
10283 4 2 1 1 1684 1321 1816 2340
10284 4 2 1 1 1037 2218 1048 2224
10285 4 2 1 1 339 549 380 2153
10286 4 2 1 1 993 2235 1136 2409
10287 4 2 1 1 309 310 308 2098
10288 4 2 1 1 1295 1359 1345 2013
10289 4 2 1 1 529 2377 2248 2378
10290 4 2 1 1 1882 1898 1680 2004
10291 4 2 1 1 1842 2175 1843 2336
10292 4 2 1 1 1932 225 247 2005
10293 4 2 1 1 1197 1242 601 2513
10294 4 2 1 1 804 795 803 2047
10295 4 2 1 1 1400 2468 1399 2500
10296 4 2 1 1 1495 2036 1662 2479
10297 4 2 1 1 2094 2372 2087 2531
10298 4 2 1 1 427 623 556 2289
10299 4 2 1 1 1486 1653 2439 2486
10300 4 2 1 1 1060 1068 1135 2164
10301 4 2 1 1 1332 1684 2186 2340
10302 4 2 1 1 682 2219 507 2348
10303 4 2 1 1 1336 1326 1331 2191
10304 4 2 1 1 247 248 1932 1964
10305 4 2 1 1 1741 1771 1747 2087
10306 4 2 1 1 1452 2064 1580 2322
10307 4 2 1 1 1026 1024 1016 2356
10308 4 2 1 1 1794 2427 2034 2508
10309 4 2 1 1 213 2359 2033 2536
10310 4 2 1 1 1894 1781 2293 2347
10311 4 2 1 1 2189 2472 2368 2477
10312 4 2 1 1 1108 2346 990 2507
10313 4 2 1 1 1373 1620 1568 2011
10314 4 2 1 1 2067 2422 1394 2494
10315 4 2 1 1 665 573 679 2291
10316 4 2 1 1 625 566 2080 2471
10317 4 2 1 1 1341 1310 1353 2369
10318 4 2 1 1 474 2200 450 2341
10319 4 2 1 1 371 560 291 2064
10320 4 2 1 1 1611 1637 1524 2255
10321 4 2 1 1 2044 2508 2299 2523
10322 4 2 1 1 1674 2017 1789 2462
10323 4 2 1 1 2057 2375 564 2401
10324 4 2 1 1 783 2068 782 2417
10325 4 2 1 1 687 2016 701 2489
10326 4 2 1 1 2156 2286 871 2445
10327 4 2 1 1 898 2138 899 2413
10328 4 2 1 1 774 1090 1101 2360
10329 4 2 1 1 1661 1562 1372 2328
10330 4 2 1 1 1498 1600 1497 2248
10331 4 2 1 1 2040 2274 2257 2479
10332 4 2 1 1 1761 1754 1749 2187
10333 4 2 1 1 1506 1617 1395 2494
10334 4 2 1 1 2006 2290 2243 2415
10335 4 2 1 1 299 301 2088 2545
10336 4 2 1 1 331 330 332 2089
10337 4 2 1 1 2043 2452 2073 2456
10338 4 2 1 1 1188 1221 1233 2307
10339 4 2 1 1 216 2024 1674 2462
10340 4 2 1 1 177 1208 1853 1669
10341 4 2 1 1 1780 1804 1815 2134
10342 4 2 1 1 753 751 752 2095
10343 4 2 1 1 1656 1529 2074 2530
10344 4 2 1 1 722 1148 1119 2041
10345 4 2 1 1 1021 957 1020 2211
10346 4 2 1 1 593 2189 500 2472
10347 4 2 1 1 985 977 984 2203
10348 4 2 1 1 275 1999 2392 2433
10349 4 2 1 1 1328 1692 1915 2307
10350 4 2 1 1 612 414 396 2383
10351 4 2 1 1 1709 1712 2138 2364
10352 4 2 1 1 600 660 1268 2358
10353 4 2 1 1 232 2028 1387 2441
10354 4 2 1 1 1803 2408 1928 2412
10355 4 2 1 1 665 400 656 2003
10356 4 2 1 1 1302 91 731 1335
10357 4 2 1 1 2090 2439 1653 2486
10358 4 2 1 1 699 1351 641 2170
10359 4 2 1 1 1823 1822 1679 2388
10360 4 2 1 1 1081 2203 985 2481
10361 4 2 1 1 2029 2399 2101 2533
10362 4 2 1 1 1380 1207 154 1224
10363 4 2 1 1 442 421 524 2135
10364 4 2 1 1 407 545 533 2222
10365 4 2 1 1 1194 1062 721 2245
10366 4 2 1 1 20 21 2024 2457
10367 4 2 1 1 911 1076 1032 2051
10368 4 2 1 1 1272 1170 1266 2251
10369 4 2 1 1 1736 2252 2115 2372
10370 4 2 1 1 1813 1708 1755 2155
10371 4 2 1 1 97 954 1343 716
10372 4 2 1 1 275 1999 15 2392
10373 4 2 1 1 1296 1346 1360 2052
10374 4 2 1 1 291 560 289 2064
10375 4 2 1 1 1396 2038 1397 2468
10376 4 2 1 1 1392 2422 2025 2519
10377 4 2 1 1 664 559 676 2058
10378 4 2 1 1 1912 1852 1784 2150
10379 4 2 1 1 1660 2475 1594 2517
10380 4 2 1 1 816 863 1035 2083
10381 4 2 1 1 1098 717 33 2146
10382 4 2 1 1 1690 1936 2396 2476
10383 4 2 1 1 1034 1088 2031 2482
10384 4 2 1 1 1799 2069 1866 2523
10385 4 2 1 1 2045 2361 2342 2496
10386 4 2 1 1 852 2311 2391 2495
10387 4 2 1 1 938 2045 739 2285
10388 4 2 1 1 949 1155 730 2029
10389 4 2 1 1 1308 1336 583 2414
10390 4 2 1 1 1403 1404 1402 2078
10391 4 2 1 1 945 926 944 2502
10392 4 2 1 1 377 2110 428 2401
10393 4 2 1 1 1519 2200 1520 2354
10394 4 2 1 1 647 582 2226 2366
10395 4 2 1 1 590 520 423 2228
10396 4 2 1 1 294 295 2063 2455
10397 4 2 1 1 1096 730 1155 2379
10398 4 2 1 1 467 2272 487 2296
10399 4 2 1 1 1501 1456 1567 2520
10400 4 2 1 1 1410 1411 1408 2091
10401 4 2 1 1 1422 1423 1420 2109
10402 4 2 1 1 733 2208 1191 2450
10403 4 2 1 1 157 1385 1203 2519
10404 4 2 1 1 690 552 677 2394
10405 4 2 1 1 1521 2247 1320 2354
10406 4 2 1 1 835 819 820 2176
10407 4 2 1 1 2095 2252 1735 2372
10408 4 2 1 1 1847 1846 1682 2463
10409 4 2 1 1 571 709 569 2325
10410 4 2 1 1 1794 2034 1801 2508
10411 4 2 1 1 806 804 803 2443
10412 4 2 1 1 1797 2044 1799 2523
10413 4 2 1 1 2148 2483 1446 2488
10414 4 2 1 1 1343 1297 716 2293
10415 4 2 1 1 1711 1708 1709 2138
10416 4 2 1 1 1756 1668 238 2118
10417 4 2 1 1 1996 2350 1379 2490
10418 4 2 1 1 987 1129 2281 2446
10419 4 2 1 1 595 688 539 2233
10420 4 2 1 1 1511 1639 1512 2436
10421 4 2 1 1 1847 1926 1862 2463
10422 4 2 1 1 611 452 453 2133
10423 4 2 1 1 247 225 246 1967
10424 4 2 1 1 927 1148 925 2390
10425 4 2 1 1 675 492 493 2504
10426 4 2 1 1 1902 1840 1839 2223
10427 4 2 1 1 2006 2243 250 2311
10428 4 2 1 1 568 2075 624 2332
10429 4 2 1 1 908 913 1107 2116
10430 4 2 1 1 1939 2059 1953 2507
10431 4 2 1 1 1474 1417 1418 2128
10432 4 2 1 1 1791 1835 2270 2293
10433 4 2 1 1 1123 1037 1036 2173
10434 4 2 1 1 1177 1266 1202 2396
10435 4 2 1 1 1470 1471 1446 2148
10436 4 2 1 1 1567 2093 1608 2520
10437 4 2 1 1 2076 2466 1728 2512
10438 4 2 1 1 2110 2375 2289 2469
10439 4 2 1 1 1656 1529 1659 2074
10440 4 2 1 1 1818 2286 1820 2385
10441 4 2 1 1 1781 2056 1745 2293
10442 4 2 1 1 1795 1793 2023 2523
10443 4 2 1 1 948 2184 947 2533
10444 4 2 1 1 1064 1093 742 2271
10445 4 2 1 1 380 2153 549 2526
10446 4 2 1 1 445 456 444 2262
10447 4 2 1 1 1694 1809 1697 2119
10448 4 2 1 1 1441 1428 1430 2137
10449 4 2 1 1 846 2027 844 2331
10450 4 2 1 1 1374 2234 1539 2416
10451 4 2 1 1 1400 1398 1399 2468
10452 4 2 1 1 250 11 1944 2243
10453 4 2 1 1 20 2024 2321 2457
10454 4 2 1 1 704 15 275 1999
10455 4 2 1 1 860 2154 1031 2415
10456 4 2 1 1 1793 2506 2023 2523
10457 4 2 1 1 946 944 1125 2198
10458 4 2 1 1 658 597 2048 2509
10459 4 2 1 1 2056 2293 1781 2347
10460 4 2 1 1 269 2033 17 2504
10461 4 2 1 1 1099 2142 1019 2311
10462 4 2 1 1 318 548 317 2345
10463 4 2 1 1 1911 1277 1915 2307
10464 4 2 1 1 1543 1369 228 2120
10465 4 2 1 1 425 387 608 2272
10466 4 2 1 1 1499 1405 1406 2177
10467 4 2 1 1 326 2078 2282 2525
10468 4 2 1 1 15 2380 1999 2420
10469 4 2 1 1 1506 2007 1593 2428
10470 4 2 1 1 1884 2045 217 2462
10471 4 2 1 1 968 967 962 2141
10472 4 2 1 1 950 1039 2049 2367
10473 4 2 1 1 861 823 1010 2266
10474 4 2 1 1 1677 2015 1913 2351
10475 4 2 1 1 587 259 588 2196
10476 4 2 1 1 697 271 710 2532
10477 4 2 1 1 453 2133 452 2382
10478 4 2 1 1 1055 934 1085 2320
10479 4 2 1 1 1506 1393 1593 2007
10480 4 2 1 1 1566 1635 1372 2237
10481 4 2 1 1 1645 1622 1512 2229
10482 4 2 1 1 1558 146 1248 1370
10483 4 2 1 1 1682 1926 1847 2463
10484 4 2 1 1 1490 2424 2057 2437
10485 4 2 1 1 1419 1421 1420 2210
10486 4 2 1 1 502 344 364 2182
10487 4 2 1 1 1140 909 1162 2050
10488 4 2 1 1 712 479 467 2025
10489 4 2 1 1 499 388 2136 2472
10490 4 2 1 1 1764 1765 1776 2185
10491 4 2 1 1 526 622 692 2377
10492 4 2 1 1 851 1047 2249 2357
10493 4 2 1 1 1484 1457 1463 2058
10494 4 2 1 1 1471 1446 2148 2483
10495 4 2 1 1 1604 1592 2037 2426
10496 4 2 1 1 1569 1447 1448 2117
10497 4 2 1 1 390 568 415 2332
10498 4 2 1 1 1528 2377 2231 2378
10499 4 2 1 1 614 2316 618 2318
10500 4 2 1 1 1944 2012 1957 2453
10501 4 2 1 1 2045 2361 2285 2521
10502 4 2 1 1 421 442 424 2135
10503 4 2 1 1 1678 1239 174 1839
10504 4 2 1 1 409 2090 413 2400
10505 4 2 1 1 358 609 423 2261
10506 4 2 1 1 384 2148 404 2389
10507 4 2 1 1 1159 1079 1061 2251
10508 4 2 1 1 941 2207 919 2413
10509 4 2 1 1 2031 2337 2265 2466
10510 4 2 1 1 569 570 2075 2393
10511 4 2 1 1 1995 2272 2092 2475
10512 4 2 1 1 295 2313 2063 2455
10513 4 2 1 1 583 86 1308 641
10514 4 2 1 1 1824 1822 1823 2218
10515 4 2 1 1 593 594 500 2189
10516 4 2 1 1 1081 985 1106 2481
10517 4 2 1 1 501 628 2227 2376
10518 4 2 1 1 1908 1769 1786 2206
10519 4 2 1 1 582 2129 2297 2366
10520 4 2 1 1 1234 632 1252 2279
10521 4 2 1 1 1567 1551 2093 2458
10522 4 2 1 1 712 467 711 2296
10523 4 2 1 1 629 611 453 2133
10524 4 2 1 1 884 976 1082 2327
10525 4 2 1 1 287 2022 273 2511
10526 4 2 1 1 546 578 261 2237
10527 4 2 1 1 1103 1049 737 2388
10528 4 2 1 1 690 2317 2065 2499
10529 4 2 1 1 1733 1714 1716 2108
10530 4 2 1 1 956 967 1056 2264
10531 4 2 1 1 672 477 638 2067
10532 4 2 1 1 1470 1494 1535 2174
10533 4 2 1 1 1393 2007 1506 2494
10534 4 2 1 1 869 2156 871 2445
10535 4 2 1 1 266 671 82 2354
10536 4 2 1 1 2412 2454 2380 2538
10537 4 2 1 1 1352 1315 1309 1805
10538 4 2 1 1 1456 1455 1451 2063
10539 4 2 1 1 912 1004 748 2087
10540 4 2 1 1 1841 1845 1678 2162
10541 4 2 1 1 399 446 2301 2510
10542 4 2 1 1 627 590 423 2228
10543 4 2 1 1 2089 2329 2042 2500
10544 4 2 1 1 1319 1340 1329 2270
10545 4 2 1 1 781 782 783 2068
10546 4 2 1 1 1965 2142 1966 2419
10547 4 2 1 1 966 963 965 2185
10548 4 2 1 1 1849 2094 2399 2546
10549 4 2 1 1 330 2089 331 2525
10550 4 2 1 1 836 1029 2175 2465
10551 4 2 1 1 1043 1153 718 2142
10552 4 2 1 1 1231 1228 1197 2166
10553 4 2 1 1 884 2167 1003 2442
10554 4 2 1 1 1845 1239 175 1678
10555 4 2 1 1 1117 868 2295 2384
10556 4 2 1 1 236 1673 235 2050
10557 4 2 1 1 418 589 416 2123
10558 4 2 1 1 1453 1439 1586 2171
10559 4 2 1 1 1996 2024 2321 2490
10560 4 2 1 1 2039 2318 614 2501
10561 4 2 1 1 501 2227 702 2472
10562 4 2 1 1 1114 1179 2367 2529
10563 4 2 1 1 1193 2221 1220 2406
10564 4 2 1 1 1934 2010 1855 2490
10565 4 2 1 1 1257 1562 1383 2179
10566 4 2 1 1 1183 2246 1150 2450
10567 4 2 1 1 1870 1824 1895 2224
10568 4 2 1 1 477 2067 672 2524
10569 4 2 1 1 1097 747 847 2101
10570 4 2 1 1 26 738 1046 2113
10571 4 2 1 1 1160 764 941 2169
10572 4 2 1 1 789 993 761 2235
10573 4 2 1 1 1459 1445 1564 2152
10574 4 2 1 1 2064 2322 2317 2402
10575 4 2 1 1 633 2440 454 2492
10576 4 2 1 1 1217 2255 1263 2447
10577 4 2 1 1 1516 1635 1598 2097
10578 4 2 1 1 671 266 474 2354
10579 4 2 1 1 658 2048 2291 2509
10580 4 2 1 1 1337 82 671 2354
10581 4 2 1 1 297 296 298 2313
10582 4 2 1 1 1463 1484 2058 2480
10583 4 2 1 1 1810 1692 1325 2461
10584 4 2 1 1 1008 1102 2193 2334
10585 4 2 1 1 1416 1418 1417 2516
10586 4 2 1 1 1718 2156 2230 2528
10587 4 2 1 1 866 841 842 2387
10588 4 2 1 1 35 36 722 2280
10589 4 2 1 1 344 342 364 2473
10590 4 2 1 1 859 950 864 2049
10591 4 2 1 1 146 1228 1248 1370
10592 4 2 1 1 1649 1613 1509 2105
10593 4 2 1 1 1709 2240 1707 2364
10594 4 2 1 1 2052 2402 2074 2530
10595 4 2 1 1 1945 1955 1946 2495
10596 4 2 1 1 797 2069 801 2470
10597 4 2 1 1 1792 2427 1793 2474
10598 4 2 1 1 1117 2295 2122 2384
10599 4 2 1 1 1115 739 938 2045
10600 4 2 1 1 1757 1880 1813 2281
10601 4 2 1 1 1452 1466 1580 2064
10602 4 2 1 1 694 595 594 2477
10603 4 2 1 1 2160 2335 1770 2515
10604 4 2 1 1 2290 2415 2006 2541
10605 4 2 1 1 1775 2396 2001 2412
10606 4 2 1 1 1592 1514 2037 2518
10607 4 2 1 1 1485 1614 1394 2352
10608 4 2 1 1 593 501 702 2472
10609 4 2 1 1 1156 1012 2162 2529
10610 4 2 1 1 421 524 2135 2421
10611 4 2 1 1 1676 1877 1198 2333
10612 4 2 1 1 1495 1625 1662 2036
10613 4 2 1 1 1073 2420 1070 2460
10614 4 2 1 1 1487 2518 2014 2540
10615 4 2 1 1 1301 1331 1337 2191
10616 4 2 1 1 1857 1223 178 1208
10617 4 2 1 1 339 2298 2153 2497
10618 4 2 1 1 1866 2069 1875 2523
10619 4 2 1 1 1839 2223 1211 2258
10620 4 2 1 1 1197 255 52 602
10621 4 2 1 1 1035 816 2083 2470
10622 4 2 1 1 1645 2229 1512 2431
10623 4 2 1 1 1020 1056 1022 2264
10624 4 2 1 1 1710 1709 1707 2364
10625 4 2 1 1 2033 2350 2010 2359
10626 4 2 1 1 701 687 348 2016
10627 4 2 1 1 1693 1694 1695 2190
10628 4 2 1 1 322 321 320 2085
10629 4 2 1 1 1670 2270 1788 2340
10630 4 2 1 1 1350 89 1307 1075
10631 4 2 1 1 643 535 554 2062
10632 4 2 1 1 1490 2035 2424 2437
10633 4 2 1 1 1688 2041 228 2535
10634 4 2 1 1 1452 1451 1455 2322
10635 4 2 1 1 1777 1776 1765 2185
10636 4 2 1 1 325 2078 326 2525
10637 4 2 1 1 293 2063 295 2394
10638 4 2 1 1 1756 239 1938 2059
10639 4 2 1 1 1370 145 1228 1556
10640 4 2 1 1 1905 218 217 2342
10641 4 2 1 1 1999 2380 2410 2412
10642 4 2 1 1 1186 1239 175 1845
10643 4 2 1 1 941 758 1112 2207
10644 4 2 1 1 508 616 2214 2503
10645 4 2 1 1 1472 1547 1632 2079
10646 4 2 1 1 1901 1727 1729 2099
10647 4 2 1 1 1156 2162 720 2529
10648 4 2 1 1 2302 2448 2154 2463
10649 4 2 1 1 571 2066 2325 2401
10650 4 2 1 1 1846 2448 2154 2541
10651 4 2 1 1 1229 1877 2218 2333
10652 4 2 1 1 1160 941 919 2413
10653 4 2 1 1 1644 1555 1378 2189
10654 4 2 1 1 1798 1927 2408 2534
10655 4 2 1 1 1951 236 235 2050
10656 4 2 1 1 1817 1854 2217 2385
10657 4 2 1 1 1876 1765 1753 2165
10658 4 2 1 1 1609 2103 1539 2439
10659 4 2 1 1 1080 1104 727 2260
10660 4 2 1 1 1720 1697 1809 2119
10661 4 2 1 1 1442 1433 1432 2071
10662 4 2 1 1 488 581 2103 2398
10663 4 2 1 1 1230 1228 145 1556
10664 4 2 1 1 1585 1446 2483 2488
10665 4 2 1 1 1928 2412 2021 2536
10666 4 2 1 1 2128 2298 337 2497
10667 4 2 1 1 2285 2361 2045 2496
10668 4 2 1 1 1893 1685 1262 2271
10669 4 2 1 1 667 468 496 2267
10670 4 2 1 1 294 2257 370 2455
10671 4 2 1 1 250 243 11 1888
10672 4 2 1 1 887 886 885 2442
10673 4 2 1 1 1208 1226 177 1853
10674 4 2 1 1 680 546 261 2237
10675 4 2 1 1 2006 2304 2142 2419
10676 4 2 1 1 952 746 732 2126
10677 4 2 1 1 1603 1520 1600 2247
10678 4 2 1 1 1306 1338 725 2340
10679 4 2 1 1 451 474 450 2341
10680 4 2 1 1 1592 2037 2426 2500
10681 4 2 1 1 1334 1355 1294 2082
10682 4 2 1 1 494 495 697 2532
10683 4 2 1 1 2103 2400 2398 2439
10684 4 2 1 1 604 2338 455 2423
10685 4 2 1 1 1884 2045 2462 2521
10686 4 2 1 1 978 869 932 2156
10687 4 2 1 1 1156 1006 720 2162
10688 4 2 1 1 638 672 2067 2527
10689 4 2 1 1 1117 868 992 2295
10690 4 2 1 1 857 915 1030 2302
10691 4 2 1 1 1660 1593 1594 2475
10692 4 2 1 1 253 1964 1969 2256
10693 4 2 1 1 1893 1262 1221 2271
10694 4 2 1 1 306 307 308 2430
10695 4 2 1 1 455 2338 605 2423
10696 4 2 1 1 631 436 556 2070
10697 4 2 1 1 1525 2054 1549 2441
10698 4 2 1 1 211 212 1667 2410
10699 4 2 1 1 999 966 1000 2186
10700 4 2 1 1 780 2178 778 2459
10701 4 2 1 1 1896 2246 1671 2284
10702 4 2 1 1 27 738 26 2113
10703 4 2 1 1 169 1227 1229 1823
10704 4 2 1 1 1191 2208 1214 2450
10705 4 2 1 1 497 1299 77 265
10706 4 2 1 1 578 456 707 2180
10707 4 2 1 1 1846 2154 1874 2541
10708 4 2 1 1 1136 2346 991 2409
10709 4 2 1 1 212 211 1928 2410
10710 4 2 1 1 1266 1267 1272 2251
10711 4 2 1 1 1389 2410 2039 2539
10712 4 2 1 1 2285 2435 2045 2462
10713 4 2 1 1 541 530 420 2248
10714 4 2 1 1 2201 2381 2072 2485
10715 4 2 1 1 1498 1447 1569 2117
10716 4 2 1 1 922 1081 2281 2386
10717 4 2 1 1 2029 2184 2399 2533
10718 4 2 1 1 974 1036 975 2292
10719 4 2 1 1 1380 1589 1614 2026
10720 4 2 1 1 346 339 2153 2497
10721 4 2 1 1 97 954 1300 1343
10722 4 2 1 1 1574 152 1376 1187
10723 4 2 1 1 483 635 282 2082
10724 4 2 1 1 536 452 549 2298
10725 4 2 1 1 571 2325 564 2401
10726 4 2 1 1 477 363 575 2194
10727 4 2 1 1 527 2074 498 2317
10728 4 2 1 1 2435 2462 2285 2521
10729 4 2 1 1 1552 1626 2219 2513
10730 4 2 1 1 1206 1080 1279 2260
10731 4 2 1 1 946 2198 1125 2379
10732 4 2 1 1 1363 1303 1351 2170
10733 4 2 1 1 611 2133 629 2425
10734 4 2 1 1 1573 1596 1480 2469
10735 4 2 1 1 1203 2296 1172 2519
10736 4 2 1 1 1735 1738 1931 2095
10737 4 2 1 1 1599 1387 233 2287
10738 4 2 1 1 1823 1229 169 1877
10739 4 2 1 1 511 501 628 2227
10740 4 2 1 1 505 682 507 2348
10741 4 2 1 1 1272 2251 1267 2537
10742 4 2 1 1 318 317 316 2091
10743 4 2 1 1 1562 2179 1257 2328
10744 4 2 1 1 2039 2316 2000 2392
10745 4 2 1 1 1412 1415 1414 2086
10746 4 2 1 1 2285 2462 2045 2521
10747 4 2 1 1 1385 1589 156 1210
10748 4 2 1 1 488 2398 2103 2400
10749 4 2 1 1 715 1113 1145 2258
10750 4 2 1 1 1483 1443 1623 2062
10751 4 2 1 1 1460 1462 1443 2070
10752 4 2 1 1 1449 1451 1450 2322
10753 4 2 1 1 1589 1224 155 1210
10754 4 2 1 1 1294 1334 2082 2369
10755 4 2 1 1 20 723 1127 2024
10756 4 2 1 1 1935 1852 1830 2151
10757 4 2 1 1 750 2094 2464 2531
10758 4 2 1 1 339 380 346 2153
10759 4 2 1 1 354 517 2216 2432
10760 4 2 1 1 1123 1021 1157 2173
10761 4 2 1 1 1711 1709 1712 2138
10762 4 2 1 1 1229 1198 1877 2333
10763 4 2 1 1 1112 756 788 2326
10764 4 2 1 1 1372 1240 150 1566
10765 4 2 1 1 1778 2448 1846 2541
10766 4 2 1 1 1527 1528 2231 2378
10767 4 2 1 1 1737 2094 1849 2546
10768 4 2 1 1 1404 1403 1581 2426
10769 4 2 1 1 922 1081 1106 2281
10770 4 2 1 1 17 16 2420 2460
10771 4 2 1 1 220 1778 221 2113
10772 4 2 1 1 1463 1501 1618 2112
10773 4 2 1 1 1225 1207 153 1584
10774 4 2 1 1 855 2150 853 2390
10775 4 2 1 1 484 2092 397 2433
10776 4 2 1 1 1547 2080 1553 2381
10777 4 2 1 1 351 2355 2038 2371
10778 4 2 1 1 708 599 2400 2457
10779 4 2 1 1 1522 1634 1523 2214
10780 4 2 1 1 715 2258 1145 2406
10781 4 2 1 1 1161 1011 1138 2056
10782 4 2 1 1 1918 2043 1806 2456
10783 4 2 1 1 912 1004 2087 2505
10784 4 2 1 1 294 295 293 2063
10785 4 2 1 1 1379 2350 1996 2449
10786 4 2 1 1 530 2247 639 2378
10787 4 2 1 1 1124 1137 725 2270
10788 4 2 1 1 325 324 326 2078
10789 4 2 1 1 1514 2037 2518 2540
10790 4 2 1 1 1615 1665 1493 2147
10791 4 2 1 1 1748 2474 2116 2521
10792 4 2 1 1 330 2282 2089 2525
10793 4 2 1 1 1634 1367 1552 2219
10794 4 2 1 1 1576 1376 1584 2267
10795 4 2 1 1 1153 1019 2142 2391
10796 4 2 1 1 657 271 38 2236
10797 4 2 1 1 1561 1475 1586 2153
10798 4 2 1 1 283 632 1234 2279
10799 4 2 1 1 1729 1875 1866 2069
10800 4 2 1 1 2067 2494 2355 2527
10801 4 2 1 1 821 861 1015 2266
10802 4 2 1 1 1811 1813 1755 2169
10803 4 2 1 1 1643 2072 1545 2543
10804 4 2 1 1 311 315 536 2086
10805 4 2 1 1 1270 2246 1183 2450
10806 4 2 1 1 1964 2256 254 2314
10807 4 2 1 1 2021 2412 2380 2536
10808 4 2 1 1 2153 2298 2128 2497
10809 4 2 1 1 319 543 563 2183
10810 4 2 1 1 1471 1516 1606 2483
10811 4 2 1 1 1458 1464 1496 2368
10812 4 2 1 1 81 266 1305 651
10813 4 2 1 1 828 806 1076 2438
10814 4 2 1 1 532 533 640 2222
10815 4 2 1 1 790 778 777 2459
10816 4 2 1 1 1680 1898 1865 2444
10817 4 2 1 1 375 2057 2344 2375
10818 4 2 1 1 2299 2508 2009 2534
10819 4 2 1 1 1435 2133 1439 2488
10820 4 2 1 1 1471 1585 1446 2483
10821 4 2 1 1 869 932 2156 2384
10822 4 2 1 1 440 2072 649 2485
10823 4 2 1 1 1518 1643 1369 2498
10824 4 2 1 1 1281 1080 1279 1206
10825 4 2 1 1 1135 1060 2164 2491
10826 4 2 1 1 489 697 710 2054
10827 4 2 1 1 494 483 495 2105
10828 4 2 1 1 384 405 2148 2425
10829 4 2 1 1 432 430 2079 2471
10830 4 2 1 1 1692 1328 1325 2461
10831 4 2 1 1 2102 2418 1571 2488
10832 4 2 1 1 574 573 415 2332
10833 4 2 1 1 1934 1801 1855 2010
10834 4 2 1 1 18 17 2429 2460
10835 4 2 1 1 22 2234 280 2496
10836 4 2 1 1 1510 1652 1648 2022
10837 4 2 1 1 2153 2514 2298 2526
10838 4 2 1 1 427 377 374 2375
10839 4 2 1 1 1101 1108 989 2507
10840 4 2 1 1 1218 1923 1827 2245
10841 4 2 1 1 1434 1624 1619 2060
10842 4 2 1 1 922 2281 2155 2386
10843 4 2 1 1 1825 1821 1914 2130
10844 4 2 1 1 239 1953 1939 2059
10845 4 2 1 1 1585 2102 1571 2488
10846 4 2 1 1 636 645 553 2102
10847 4 2 1 1 1879 2205 1766 2484
10848 4 2 1 1 37 2055 657 2379
10849 4 2 1 1 717 1139 32 2005
10850 4 2 1 1 1737 1747 1849 2094
10851 4 2 1 1 774 2277 998 2360
10852 4 2 1 1 734 2380 2454 2538
10853 4 2 1 1 483 285 635 2082
10854 4 2 1 1 1386 2517 212 2536
10855 4 2 1 1 437 353 349 2268
10856 4 2 1 1 504 502 503 2147
10857 4 2 1 1 888 1003 1002 2240
10858 4 2 1 1 1192 1219 1248 2226
10859 4 2 1 1 745 940 744 2043
10860 4 2 1 1 1834 1896 1671 2284
10861 4 2 1 1 1937 1832 1681 2029
10862 4 2 1 1 2234 2342 2045 2416
10863 4 2 1 1 642 627 443 2081
10864 4 2 1 1 1012 2478 2162 2529
10865 4 2 1 1 221 1373 220 2259
10866 4 2 1 1 323 620 576 2161
10867 4 2 1 1 532 407 533 2222
10868 4 2 1 1 1661 1535 1562 2179
10869 4 2 1 1 1132 1117 2122 2384
10870 4 2 1 1 266 82 1305 2354
10871 4 2 1 1 9 1766 248 2314
10872 4 2 1 1 831 832 833 2407
10873 4 2 1 1 651 639 530 2247
10874 4 2 1 1 1624 1619 2060 2436
10875 4 2 1 1 18 2429 728 2460
10876 4 2 1 1 1025 834 2243 2495
10877 4 2 1 1 1450 1448 1449 2065
10878 4 2 1 1 787 986 1144 2230
10879 4 2 1 1 328 2313 2093 2394
10880 4 2 1 1 1788 2270 2202 2340
10881 4 2 1 1 1273 618 617 2316
10882 4 2 1 1 668 282 2028 2532
10883 4 2 1 1 1918 1782 1806 2330
10884 4 2 1 1 1332 2186 1684 2461
10885 4 2 1 1 869 978 871 2156
10886 4 2 1 1 383 2171 382 2389
10887 4 2 1 1 270 487 615 2296
10888 4 2 1 1 1413 1439 1435 2133
10889 4 2 1 1 1618 1483 1623 2062
10890 4 2 1 1 1260 1552 143 1367
10891 4 2 1 1 2231 2377 257 2378
10892 4 2 1 1 640 2222 533 2328
10893 4 2 1 1 1842 1878 1843 2175
10894 4 2 1 1 1424 1550 1427 2081
10895 4 2 1 1 1676 1877 168 1198
10896 4 2 1 1 366 386 365 2355
10897 4 2 1 1 522 532 640 2174
10898 4 2 1 1 525 690 677 2065
10899 4 2 1 1 486 614 2039 2392
10900 4 2 1 1 805 2337 2031 2487
10901 4 2 1 1 740 2537 1074 2538
10902 4 2 1 1 411 565 445 2262
10903 4 2 1 1 1289 1175 1223 2403
10904 4 2 1 1 593 2358 2189 2472
10905 4 2 1 1 339 337 2298 2497
10906 4 2 1 1 1425 1607 1608 2088
10907 4 2 1 1 760 758 941 2206
10908 4 2 1 1 301 302 303 2157
10909 4 2 1 1 527 498 686 2317
10910 4 2 1 1 420 419 417 2288
10911 4 2 1 1 1631 1494 1658 2297
10912 4 2 1 1 1419 1416 1560 2098
10913 4 2 1 1 2018 2355 362 2371
10914 4 2 1 1 1679 1822 1820 2221
10915 4 2 1 1 698 1169 1287 2318
10916 4 2 1 1 1940 2266 2030 2360
10917 4 2 1 1 911 2051 2337 2487
10918 4 2 1 1 888 2125 887 2442
10919 4 2 1 1 568 569 570 2075
10920 4 2 1 1 764 2169 1129 2446
10921 4 2 1 1 1842 2253 2175 2336
10922 4 2 1 1 976 1082 2327 2386
10923 4 2 1 1 1594 1389 2410 2517
10924 4 2 1 1 370 292 561 2257
10925 4 2 1 1 425 2272 467 2527
10926 4 2 1 1 824 825 823 2453
10927 4 2 1 1 1413 2133 1435 2418
10928 4 2 1 1 1231 1197 52 602
10929 4 2 1 1 454 2440 2329 2492
10930 4 2 1 1 1657 1583 1500 2114
10931 4 2 1 1 1025 2243 2311 2495
10932 4 2 1 1 1337 1305 82 2354
10933 4 2 1 1 382 2389 2171 2425
10934 4 2 1 1 779 778 780 2178
10935 4 2 1 1 2164 2001 2396 2491
10936 4 2 1 1 531 516 626 2109
10937 4 2 1 1 834 1044 1084 2243
10938 4 2 1 1 847 1149 948 2306
10939 4 2 1 1 898 2413 919 2434
10940 4 2 1 1 678 83 671 1301
10941 4 2 1 1 641 86 1308 1351
10942 4 2 1 1 1718 2156 1818 2385
10943 4 2 1 1 1936 2001 2396 2476
10944 4 2 1 1 345 520 343 2127
10945 4 2 1 1 1022 1157 1021 2245
10946 4 2 1 1 21 723 2024 2435
10947 4 2 1 1 1642 1598 1578 2097
10948 4 2 1 1 2010 2321 2232 2490
10949 4 2 1 1 401 515 341 2199
10950 4 2 1 1 1546 2201 2381 2498
10951 4 2 1 1 1882 2004 1680 2403
10952 4 2 1 1 665 400 2003 2510
10953 4 2 1 1 1750 2031 2474 2506
10954 4 2 1 1 1518 2225 1625 2480
10955 4 2 1 1 1333 1349 1354 2073
10956 4 2 1 1 2059 2212 1953 2507
10957 4 2 1 1 482 658 597 2048
10958 4 2 1 1 948 2184 2306 2502
10959 4 2 1 1 1672 242 10 2365
10960 4 2 1 1 295 2063 2313 2394
10961 4 2 1 1 1623 1462 1633 2111
10962 4 2 1 1 1852 1881 1851 2096
10963 4 2 1 1 264 488 581 2103
10964 4 2 1 1 740 13 1074 2537
10965 4 2 1 1 1510 1517 1466 2273
10966 4 2 1 1 692 2074 527 2499
10967 4 2 1 1 333 559 664 2373
10968 4 2 1 1 575 351 365 2355
10969 4 2 1 1 254 1950 2331 2407
10970 4 2 1 1 950 726 1039 2367
10971 4 2 1 1 1903 1930 1785 2365
10972 4 2 1 1 1521 1520 2247 2354
10973 4 2 1 1 1048 980 975 2224
10974 4 2 1 1 690 2065 525 2499
10975 4 2 1 1 363 2309 2194 2489
10976 4 2 1 1 1383 1631 1558 2226
10977 4 2 1 1 1054 2285 739 2496
10978 4 2 1 1 1699 1701 1814 2203
10979 4 2 1 1 1749 1754 1717 2187
10980 4 2 1 1 419 421 418 2288
10981 4 2 1 1 345 2127 343 2473
10982 4 2 1 1 655 301 305 2339
10983 4 2 1 1 1869 1675 1917 2347
10984 4 2 1 1 1707 1706 1705 2167
10985 4 2 1 1 1774 1920 1897 2068
10986 4 2 1 1 1068 850 849 2300
10987 4 2 1 1 925 2151 926 2390
10988 4 2 1 1 1086 2438 911 2487
10989 4 2 1 1 919 2207 929 2434
10990 4 2 1 1 1160 1129 764 2169
10991 4 2 1 1 2090 2400 2140 2449
10992 4 2 1 1 480 496 459 2061
10993 4 2 1 1 9 1773 1766 2027
10994 4 2 1 1 394 2341 2152 2493
10995 4 2 1 1 1092 741 1154 2073
10996 4 2 1 1 1951 2235 2050 2409
10997 4 2 1 1 1615 1523 1665 2147
10998 4 2 1 1 2140 2400 1996 2449
10999 4 2 1 1 1877 1229 168 1198
11000 4 2 1 1 1414 2086 1415 2516
11001 4 2 1 1 750 2094 749 2464
11002 4 2 1 1 316 317 315 2382
11003 4 2 1 1 866 867 981 2387
11004 4 2 1 1 715 1066 1113 2258
11005 4 2 1 1 609 358 589 2261
11006 4 2 1 1 1536 1663 1538 2315
11007 4 2 1 1 2001 2454 2412 2538
11008 4 2 1 1 634 2140 596 2504
11009 4 2 1 1 1090 1072 861 2360
11010 4 2 1 1 951 1297 95 1340
11011 4 2 1 1 860 1030 1031 2154
11012 4 2 1 1 2024 2435 2017 2462
11013 4 2 1 1 1588 1401 1650 2016
11014 4 2 1 1 432 430 431 2079
11015 4 2 1 1 1996 2321 2024 2457
11016 4 2 1 1 2329 2440 2014 2492
11017 4 2 1 1 921 1082 922 2386
11018 4 2 1 1 393 413 2090 2440
11019 4 2 1 1 603 278 523 2226
11020 4 2 1 1 143 1552 1260 1199
11021 4 2 1 1 2014 2440 2329 2518
11022 4 2 1 1 1853 1844 1859 2121
11023 4 2 1 1 84 678 272 1301
11024 4 2 1 1 353 437 656 2268
11025 4 2 1 1 1350 1307 1328 2307
11026 4 2 1 1 1478 1454 1479 2159
11027 4 2 1 1 389 2376 2159 2503
11028 4 2 1 1 909 2331 2050 2409
11029 4 2 1 1 312 337 338 2128
11030 4 2 1 1 774 1101 989 2507
11031 4 2 1 1 1393 1394 2422 2494
11032 4 2 1 1 525 2065 677 2421
11033 4 2 1 1 1042 1134 730 2244
11034 4 2 1 1 1836 2131 1751 2542
11035 4 2 1 1 373 2344 2077 2375
11036 4 2 1 1 381 382 2171 2526
11037 4 2 1 1 794 792 793 2265
11038 4 2 1 1 582 523 647 2226
11039 4 2 1 1 526 422 528 2117
11040 4 2 1 1 1562 1383 148 1257
11041 4 2 1 1 2062 2112 2353 2545
11042 4 2 1 1 1940 2030 1954 2360
11043 4 2 1 1 1841 2253 1842 2336
11044 4 2 1 1 751 749 750 2094
11045 4 2 1 1 897 982 916 2204
11046 4 2 1 1 846 844 843 2331
11047 4 2 1 1 809 799 810 2299
11048 4 2 1 1 1245 1194 1259 2245
11049 4 2 1 1 957 974 882 2292
11050 4 2 1 1 1219 1257 1383 2179
11051 4 2 1 1 755 800 1100 2515
11052 4 2 1 1 1949 1955 1940 2360
11053 4 2 1 1 252 2334 1968 2391
11054 4 2 1 1 982 895 898 2434
11055 4 2 1 1 1154 741 41 2073
11056 4 2 1 1 1546 1633 1462 2201
11057 4 2 1 1 2117 2421 2065 2499
11058 4 2 1 1 1005 965 960 2165
11059 4 2 1 1 1171 182 1202 2396
11060 4 2 1 1 1097 2101 847 2533
11061 4 2 1 1 663 540 462 2349
11062 4 2 1 1 379 391 402 2362
11063 4 2 1 1 494 286 483 2105
11064 4 2 1 1 1670 1788 1816 2340
11065 4 2 1 1 181 1171 1204 1690
11066 4 2 1 1 1393 2422 2007 2494
11067 4 2 1 1 2014 2329 2492 2518
11068 4 2 1 1 765 766 763 2212
11069 4 2 1 1 1506 2007 2428 2494
11070 4 2 1 1 900 896 897 2108
11071 4 2 1 1 341 340 2124 2497
11072 4 2 1 1 1591 1617 2018 2486
11073 4 2 1 1 427 428 377 2110
11074 4 2 1 1 1262 1214 1191 2208
11075 4 2 1 1 470 471 466 2036
11076 4 2 1 1 1995 2318 2039 2501
11077 4 2 1 1 1014 1023 1094 2106
11078 4 2 1 1 713 596 461 2400
11079 4 2 1 1 888 889 887 2125
11080 4 2 1 1 1577 1576 1640 2084
11081 4 2 1 1 1969 253 2256 2334
11082 4 2 1 1 1284 2164 1171 2396
11083 4 2 1 1 1448 1449 2065 2458
11084 4 2 1 1 1122 2326 2204 2434
11085 4 2 1 1 1065 1193 1256 2406
11086 4 2 1 1 969 2284 2208 2450
11087 4 2 1 1 942 2269 2115 2505
11088 4 2 1 1 341 340 342 2124
11089 4 2 1 1 454 607 2329 2440
11090 4 2 1 1 2021 2359 2420 2460
11091 4 2 1 1 1149 749 751 2094
11092 4 2 1 1 1524 1666 1522 2255
11093 4 2 1 1 338 2128 337 2497
11094 4 2 1 1 1249 170 1679 1823
11095 4 2 1 1 2043 2330 2101 2452
11096 4 2 1 1 1144 930 978 2230
11097 4 2 1 1 536 337 310 2298
11098 4 2 1 1 444 411 445 2262
11099 4 2 1 1 1790 2361 1905 2521
11100 4 2 1 1 856 1013 2121 2478
11101 4 2 1 1 1699 1814 1890 2213
11102 4 2 1 1 1339 81 1305 651
11103 4 2 1 1 466 471 685 2036
11104 4 2 1 1 2010 2350 2033 2429
11105 4 2 1 1 1209 180 1865 1680
11106 4 2 1 1 2380 2412 2021 2454
11107 4 2 1 1 1008 1139 717 2005
11108 4 2 1 1 682 2219 2348 2513
11109 4 2 1 1 483 285 2082 2511
11110 4 2 1 1 1302 1000 92 1152
11111 4 2 1 1 1956 1951 2050 2331
11112 4 2 1 1 1188 1277 1911 2307
11113 4 2 1 1 856 1013 1040 2121
11114 4 2 1 1 1402 1401 1400 2303
11115 4 2 1 1 387 366 396 2383
11116 4 2 1 1 767 769 768 2059
11117 4 2 1 1 1038 838 2242 2405
11118 4 2 1 1 792 794 1034 2265
11119 4 2 1 1 1122 2204 982 2434
11120 4 2 1 1 953 724 1069 2013
11121 4 2 1 1 1374 1539 217 2416
11122 4 2 1 1 1405 1583 1402 2303
11123 4 2 1 1 1539 2103 1609 2416
11124 4 2 1 1 1646 1504 1505 2424
11125 4 2 1 1 1153 1099 718 2142
11126 4 2 1 1 1004 748 2087 2531
11127 4 2 1 1 692 498 527 2074
11128 4 2 1 1 1532 1327 1651 2170
11129 4 2 1 1 1412 2086 1414 2514
11130 4 2 1 1 2017 1789 2462 2521
11131 4 2 1 1 1641 1555 1541 2189
11132 4 2 1 1 1046 1031 1030 2154
11133 4 2 1 1 1230 2166 1556 2513
11134 4 2 1 1 1931 1787 1734 2100
11135 4 2 1 1 438 433 439 2201
11136 4 2 1 1 731 999 1000 2186
11137 4 2 1 1 898 894 899 2138
11138 4 2 1 1 1170 1266 2251 2491
11139 4 2 1 1 616 389 2159 2503
11140 4 2 1 1 1321 1306 1319 2340
11141 4 2 1 1 2329 2440 2042 2518
11142 4 2 1 1 1325 1684 1810 2461
11143 4 2 1 1 2059 2277 768 2507
11144 4 2 1 1 1013 2121 2478 2529
11145 4 2 1 1 1215 2164 1284 2491
11146 4 2 1 1 1474 1570 1476 2124
11147 4 2 1 1 1944 2243 2012 2453
11148 4 2 1 1 1241 1063 113 735
11149 4 2 1 1 2301 2315 2032 2540
11150 4 2 1 1 538 491 2172 2477
11151 4 2 1 1 375 378 376 2344
11152 4 2 1 1 21 581 22 2234
11153 4 2 1 1 1684 2186 1907 2461
11154 4 2 1 1 1429 1437 1563 2123
11155 4 2 1 1 1162 909 844 2331
11156 4 2 1 1 512 601 2348 2513
11157 4 2 1 1 1687 2021 2359 2536
11158 4 2 1 1 1205 1172 1203 2296
11159 4 2 1 1 1461 1473 2110 2469
11160 4 2 1 1 50 1246 276 1242
11161 4 2 1 1 1338 1332 1302 2340
11162 4 2 1 1 1026 818 802 2356
11163 4 2 1 1 1653 2449 2090 2486
11164 4 2 1 1 2306 2399 2094 2546
11165 4 2 1 1 2154 2448 2113 2541
11166 4 2 1 1 1965 251 2142 2311
11167 4 2 1 1 1768 1786 1769 2206
11168 4 2 1 1 1807 1897 1722 2178
11169 4 2 1 1 361 392 362 2371
11170 4 2 1 1 2021 2250 2359 2460
11171 4 2 1 1 1028 765 987 2118
11172 4 2 1 1 254 2256 253 2407
11173 4 2 1 1 488 666 581 2398
11174 4 2 1 1 282 40 668 2028
11175 4 2 1 1 1684 1332 1321 2340
11176 4 2 1 1 962 969 968 2284
11177 4 2 1 1 286 494 288 2105
11178 4 2 1 1 948 945 947 2184
11179 4 2 1 1 945 2184 948 2502
11180 4 2 1 1 1733 2108 1716 2542
11181 4 2 1 1 157 1203 1172 2519
11182 4 2 1 1 359 367 360 2209
11183 4 2 1 1 409 393 413 2090
11184 4 2 1 1 314 347 542 2132
11185 4 2 1 1 440 558 649 2072
11186 4 2 1 1 409 596 435 2140
11187 4 2 1 1 222 1628 1565 2020
11188 4 2 1 1 403 384 404 2389
11189 4 2 1 1 2042 1399 2468 2500
11190 4 2 1 1 1220 1249 1679 2221
11191 4 2 1 1 1008 717 1007 2256
11192 4 2 1 1 1532 1651 1612 2170
11193 4 2 1 1 789 1136 993 2235
11194 4 2 1 1 621 2129 582 2366
11195 4 2 1 1 601 50 276 1242
11196 4 2 1 1 1773 1912 1784 2150
11197 4 2 1 1 1552 2219 1199 2513
11198 4 2 1 1 1246 1199 2219 2513
11199 4 2 1 1 1464 1468 1502 2172
11200 4 2 1 1 867 842 868 2168
11201 4 2 1 1 1502 1605 1533 2233
11202 4 2 1 1 432 2201 438 2485
11203 4 2 1 1 603 691 256 2179
11204 4 2 1 1 928 2096 1100 2515
11205 4 2 1 1 1512 1622 1620 2229
11206 4 2 1 1 328 540 663 2093
11207 4 2 1 1 1246 276 2219 2447
11208 4 2 1 1 1794 1793 2427 2508
11209 4 2 1 1 1245 1241 113 735
11210 4 2 1 1 1064 1128 972 2271
11211 4 2 1 1 1782 2101 2330 2452
11212 4 2 1 1 1499 1606 2195 2483
11213 4 2 1 1 516 515 401 2199
11214 4 2 1 1 1093 972 973 2134
11215 4 2 1 1 1177 1202 1921 2396
11216 4 2 1 1 355 345 354 2216
11217 4 2 1 1 545 408 444 2097
11218 4 2 1 1 867 2168 868 2445
11219 4 2 1 1 1617 1591 2018 2428
11220 4 2 1 1 734 2454 1133 2538
11221 4 2 1 1 395 541 417 2144
11222 4 2 1 1 992 1029 1109 2295
11223 4 2 1 1 1889 1690 1936 2396
11224 4 2 1 1 1924 1220 1679 2221
11225 4 2 1 1 1720 2122 1719 2528
11226 4 2 1 1 1601 1610 1503 2182
11227 4 2 1 1 1633 1507 2111 2480
11228 4 2 1 1 341 2124 342 2473
11229 4 2 1 1 1856 1897 1920 2068
11230 4 2 1 1 1376 1576 1575 2267
11231 4 2 1 1 1710 1831 1864 2125
11232 4 2 1 1 704 675 16 2420
11233 4 2 1 1 1968 1965 251 2142
11234 4 2 1 1 1599 1491 1613 2369
11235 4 2 1 1 534 360 369 2275
11236 4 2 1 1 1633 2201 1546 2498
11237 4 2 1 1 526 422 2117 2499
11238 4 2 1 1 735 1063 1123 2333
11239 4 2 1 1 2086 2382 2298 2514
11240 4 2 1 1 586 31 277 2188
11241 4 2 1 1 1264 1150 1183 2246
11242 4 2 1 1 1431 1548 1601 2127
11243 4 2 1 1 2088 2353 1607 2520
11244 4 2 1 1 1881 2096 2335 2546
11245 4 2 1 1 1619 2060 2436 2437
11246 4 2 1 1 510 2255 511 2503
11247 4 2 1 1 1297 96 716 951
11248 4 2 1 1 1755 1786 1811 2169
11249 4 2 1 1 1847 1874 1846 2463
11250 4 2 1 1 256 2179 640 2328
11251 4 2 1 1 1537 1374 2048 2315
11252 4 2 1 1 878 875 877 2158
11253 4 2 1 1 1617 2018 1506 2428
11254 4 2 1 1 942 2505 2115 2531
11255 4 2 1 1 879 881 882 2139
11256 4 2 1 1 1916 1827 1899 2245
11257 4 2 1 1 1655 2048 1374 2342
11258 4 2 1 1 601 255 51 1197
11259 4 2 1 1 1672 1760 242 2030
11260 4 2 1 1 1863 1729 1728 2466
11261 4 2 1 1 2194 2309 2016 2489
11262 4 2 1 1 251 1945 2391 2495
11263 4 2 1 1 884 1003 885 2442
11264 4 2 1 1 216 2416 2024 2462
11265 4 2 1 1 1185 1212 1251 2328
11266 4 2 1 1 1377 1549 1525 2054
11267 4 2 1 1 979 880 877 2220
11268 4 2 1 1 1547 1472 1554 2522
11269 4 2 1 1 1070 1071 2250 2460
11270 4 2 1 1 1828 1704 1702 2139
11271 4 2 1 1 1025 2311 852 2495
11272 4 2 1 1 2034 2299 2009 2534
11273 4 2 1 1 1301 1336 1331 2191
11274 4 2 1 1 357 358 356 2137
11275 4 2 1 1 1718 1838 2156 2528
11276 4 2 1 1 1841 1844 1845 2162
11277 4 2 1 1 762 763 761 2046
11278 4 2 1 1 988 892 893 2131
11279 4 2 1 1 30 1043 29 1998
11280 4 2 1 1 369 416 534 2275
11281 4 2 1 1 315 452 536 2382
11282 4 2 1 1 2168 2384 868 2445
11283 4 2 1 1 836 1029 840 2175
11284 4 2 1 1 573 463 391 2362
11285 4 2 1 1 2251 2396 2001 2491
11286 4 2 1 1 1999 2392 2039 2410
11287 4 2 1 1 360 357 359 2209
11288 4 2 1 1 213 1934 2350 2359
11289 4 2 1 1 377 428 429 2401
11290 4 2 1 1 1849 1747 1783 2399
11291 4 2 1 1 1403 1592 2426 2500
11292 4 2 1 1 921 922 920 2155
11293 4 2 1 1 1294 1347 2369 2511
11294 4 2 1 1 2112 2520 2353 2545
11295 4 2 1 1 1140 909 2050 2409
11296 4 2 1 1 884 1082 1003 2167
11297 4 2 1 1 1502 1541 1464 2368
11298 4 2 1 1 836 862 1029 2465
11299 4 2 1 1 1485 1640 1621 2352
11300 4 2 1 1 383 381 382 2171
11301 4 2 1 1 748 2464 2087 2531
11302 4 2 1 1 1687 2408 1927 2534
11303 4 2 1 1 1259 1218 1827 2245
11304 4 2 1 1 1677 1913 1809 2351
11305 4 2 1 1 603 256 1255 2179
11306 4 2 1 1 1795 2023 2508 2523
11307 4 2 1 1 1839 1258 1686 2258
11308 4 2 1 1 1653 1591 2449 2486
11309 4 2 1 1 2112 2373 2058 2455
11310 4 2 1 1 394 2152 368 2493
11311 4 2 1 1 1582 1525 1465 2040
11312 4 2 1 1 355 354 517 2216
11313 4 2 1 1 2067 2025 2422 2527
11314 4 2 1 1 256 1180 2179 2328
11315 4 2 1 1 527 2074 2317 2499
11316 4 2 1 1 1676 1895 1877 2333
11317 4 2 1 1 388 367 499 2136
11318 4 2 1 1 834 2453 2243 2495
11319 4 2 1 1 1939 2277 2059 2507
11320 4 2 1 1 1536 2032 1374 2315
11321 4 2 1 1 2023 2482 2265 2506
11322 4 2 1 1 369 368 394 2152
11323 4 2 1 1 1156 1012 1006 2162
11324 4 2 1 1 575 336 351 2038
11325 4 2 1 1 1778 220 1846 2448
11326 4 2 1 1 1929 237 1668 2046
11327 4 2 1 1 765 987 2118 2446
11328 4 2 1 1 862 2143 1089 2465
11329 4 2 1 1 1242 601 51 1197
11330 4 2 1 1 1659 1467 1656 2074
11331 4 2 1 1 1936 2001 1775 2396
11332 4 2 1 1 1754 1762 1864 2276
11333 4 2 1 1 1847 1887 1874 2463
11334 4 2 1 1 823 821 822 2266
11335 4 2 1 1 330 2282 334 2329
11336 4 2 1 1 515 516 585 2370
11337 4 2 1 1 367 2136 388 2493
11338 4 2 1 1 1817 1854 1698 2217
11339 4 2 1 1 2051 2337 2076 2417
11340 4 2 1 1 703 558 650 2310
11341 4 2 1 1 2154 2290 1874 2541
11342 4 2 1 1 461 599 713 2400
11343 4 2 1 1 1607 1608 2088 2520
11344 4 2 1 1 1723 1722 1724 2106
11345 4 2 1 1 1294 2369 2082 2511
11346 4 2 1 1 763 2212 990 2346
11347 4 2 1 1 823 2266 822 2453
11348 4 2 1 1 591 2241 260 2509
11349 4 2 1 1 1718 1696 1697 2230
11350 4 2 1 1 37 584 657 2055
11351 4 2 1 1 2039 2392 2000 2410
11352 4 2 1 1 1327 1351 2170 2414
11353 4 2 1 1 1234 1189 1274 2170
11354 4 2 1 1 1067 904 1066 2223
11355 4 2 1 1 898 899 919 2413
11356 4 2 1 1 21 723 20 2024
11357 4 2 1 1 2130 870 2286 2445
11358 4 2 1 1 1773 235 1673 2050
11359 4 2 1 1 461 596 409 2400
11360 4 2 1 1 1567 1449 1551 2458
11361 4 2 1 1 1892 1776 1907 2186
11362 4 2 1 1 1629 1526 1554 2066
11363 4 2 1 1 2106 2319 2143 2465
11364 4 2 1 1 582 385 521 2297
11365 4 2 1 1 660 600 702 2358
11366 4 2 1 1 2408 2412 2001 2454
11367 4 2 1 1 1513 2032 1536 2540
11368 4 2 1 1 144 1556 1552 2513
11369 4 2 1 1 1565 1504 1646 2075
11370 4 2 1 1 925 944 926 2151
11371 4 2 1 1 404 384 405 2148
11372 4 2 1 1 422 2421 2117 2499
11373 4 2 1 1 250 251 1965 2311
11374 4 2 1 1 770 998 774 2277
11375 4 2 1 1 688 583 684 2233
11376 4 2 1 1 1630 1495 1662 2479
11377 4 2 1 1 507 2219 276 2447
11378 4 2 1 1 547 533 546 2328
11379 4 2 1 1 1682 218 1905 2361
11380 4 2 1 1 1038 808 838 2405
11381 4 2 1 1 1496 1542 1458 2136
11382 4 2 1 1 1854 1871 1732 2158
11383 4 2 1 1 1353 1294 1347 2369
11384 4 2 1 1 1265 2318 2316 2539
11385 4 2 1 1 787 777 775 2119
11386 4 2 1 1 1257 1383 148 1219
11387 4 2 1 1 2232 2405 2034 2427
11388 4 2 1 1 1546 1384 1545 2381
11389 4 2 1 1 685 263 650 2120
11390 4 2 1 1 1329 1894 1919 2293
11391 4 2 1 1 1013 2478 1012 2529
11392 4 2 1 1 1171 1284 1215 2164
11393 4 2 1 1 1344 1365 2231 2378
11394 4 2 1 1 517 616 389 2159
11395 4 2 1 1 1783 1782 1922 2101
11396 4 2 1 1 289 455 287 2338
11397 4 2 1 1 984 2213 771 2481
11398 4 2 1 1 1802 1690 1909 2476
11399 4 2 1 1 1219 1383 147 1558
11400 4 2 1 1 678 490 272 2191
11401 4 2 1 1 1115 22 739 2045
11402 4 2 1 1 18 728 17 2460
11403 4 2 1 1 2212 2346 1961 2507
11404 4 2 1 1 669 1195 262 2447
11405 4 2 1 1 2018 2383 2007 2428
11406 4 2 1 1 2021 2412 2408 2454
11407 4 2 1 1 253 2334 1941 2407
11408 4 2 1 1 1777 1883 1885 2163
11409 4 2 1 1 1674 1855 1792 2427
11410 4 2 1 1 1338 1302 92 1152
11411 4 2 1 1 1473 1472 1461 2522
11412 4 2 1 1 1532 2170 1664 2414
11413 4 2 1 1 1891 1806 1771 2330
11414 4 2 1 1 537 2341 394 2493
11415 4 2 1 1 505 504 503 2147
11416 4 2 1 1 2018 2355 2007 2383
11417 4 2 1 1 2243 2290 2012 2544
11418 4 2 1 1 1016 1089 862 2143
11419 4 2 1 1 1879 1904 1766 2535
11420 4 2 1 1 615 610 2318 2501
11421 4 2 1 1 1559 1558 1631 2226
11422 4 2 1 1 445 2262 565 2451
11423 4 2 1 1 1143 853 855 2150
11424 4 2 1 1 1006 904 1067 2223
11425 4 2 1 1 1522 1523 1478 2214
11426 4 2 1 1 490 678 474 2191
11427 4 2 1 1 641 283 699 2170
11428 4 2 1 1 1131 1237 1114 2529
11429 4 2 1 1 682 2348 601 2513
11430 4 2 1 1 2000 2537 2251 2538
11431 4 2 1 1 2342 2361 2019 2496
11432 4 2 1 1 859 817 1033 2254
11433 4 2 1 1 2282 2329 2089 2500
11434 4 2 1 1 393 361 607 2440
11435 4 2 1 1 570 624 568 2075
11436 4 2 1 1 455 560 637 2338
11437 4 2 1 1 1284 2164 2396 2491
11438 4 2 1 1 1037 1063 714 2218
11439 4 2 1 1 1697 1718 2230 2528
11440 4 2 1 1 813 849 814 2357
11441 4 2 1 1 695 255 512 2166
11442 4 2 1 1 2009 2408 2250 2534
11443 4 2 1 1 325 326 572 2525
11444 4 2 1 1 1749 1743 1763 2211
11445 4 2 1 1 851 813 1047 2357
11446 4 2 1 1 149 1372 1562 1257
11447 4 2 1 1 1781 1745 1791 2293
11448 4 2 1 1 980 903 873 2181
11449 4 2 1 1 1612 137 1388 1222
11450 4 2 1 1 1782 1922 2101 2452
11451 4 2 1 1 1347 73 273 2511
11452 4 2 1 1 528 2248 529 2377
11453 4 2 1 1 1019 2311 2142 2391
11454 4 2 1 1 1537 1374 1655 2048
11455 4 2 1 1 1685 1925 1834 2208
11456 4 2 1 1 964 971 961 2163
11457 4 2 1 1 2045 2435 2024 2462
11458 4 2 1 1 1266 2396 2251 2491
11459 4 2 1 1 1240 1574 151 1566
11460 4 2 1 1 1851 2096 1881 2546
11461 4 2 1 1 970 2284 969 2450
11462 4 2 1 1 1536 2032 2315 2540
11463 4 2 1 1 245 1998 223 2419
11464 4 2 1 1 1366 1343 1317 2347
11465 4 2 1 1 1198 167 1676 1916
11466 4 2 1 1 1718 1838 1818 2156
11467 4 2 1 1 226 2146 227 2543
11468 4 2 1 1 1391 2422 1392 2519
11469 4 2 1 1 399 352 353 2301
11470 4 2 1 1 265 605 637 2052
11471 4 2 1 1 1044 860 2415 2544
11472 4 2 1 1 1393 1394 1392 2422
11473 4 2 1 1 1499 1606 1500 2195
11474 4 2 1 1 1059 850 2300 2454
11475 4 2 1 1 1372 1257 1212 2328
11476 4 2 1 1 2306 2399 2184 2533
11477 4 2 1 1 2010 2429 2033 2460
11478 4 2 1 1 272 583 85 1336
11479 4 2 1 1 1789 2017 2474 2521
11480 4 2 1 1 1656 2074 1467 2402
11481 4 2 1 1 459 2084 458 2489
11482 4 2 1 1 1248 1219 147 1558
11483 4 2 1 1 1674 1792 1789 2017
11484 4 2 1 1 595 283 688 2279
11485 4 2 1 1 1519 1469 1520 2200
11486 4 2 1 1 1194 1264 1218 2245
11487 4 2 1 1 1801 1794 1855 2427
11488 4 2 1 1 258 32 586 2145
11489 4 2 1 1 1717 1705 1704 2215
11490 4 2 1 1 499 500 388 2472
11491 4 2 1 1 1195 1263 262 2447
11492 4 2 1 1 1221 1247 1233 2271
11493 4 2 1 1 1693 1677 1694 2323
11494 4 2 1 1 2094 2372 2095 2546
11495 4 2 1 1 723 1120 1052 2435
11496 4 2 1 1 1554 1553 1547 2080
11497 4 2 1 1 39 730 38 2236
11498 4 2 1 1 137 1612 1189 1222
11499 4 2 1 1 1305 1320 1339 2247
11500 4 2 1 1 1511 2436 2035 2437
11501 4 2 1 1 639 1298 79 2378
11502 4 2 1 1 929 2207 2326 2434
11503 4 2 1 1 1527 1368 1330 1365
11504 4 2 1 1 666 447 580 2398
11505 4 2 1 1 432 433 438 2201
11506 4 2 1 1 1070 1071 1058 2250
11507 4 2 1 1 1840 1842 1841 2253
11508 4 2 1 1 307 551 550 2430
11509 4 2 1 1 2242 2474 2031 2506
11510 4 2 1 1 871 2286 870 2445
11511 4 2 1 1 313 314 311 2294
11512 4 2 1 1 708 599 461 2400
11513 4 2 1 1 1792 1789 2017 2474
11514 4 2 1 1 1328 1307 1325 2461
11515 4 2 1 1 1715 1735 1734 2252
11516 4 2 1 1 990 2346 2212 2507
11517 4 2 1 1 1203 1385 156 1210
11518 4 2 1 1 1195 1217 1263 2447
11519 4 2 1 1 1799 1866 1875 2523
11520 4 2 1 1 628 2376 389 2503
11521 4 2 1 1 785 782 1014 2319
11522 4 2 1 1 691 640 256 2179
11523 4 2 1 1 927 854 2205 2390
11524 4 2 1 1 790 1132 1117 2122
11525 4 2 1 1 854 1009 927 2205
11526 4 2 1 1 1611 1644 1378 2227
11527 4 2 1 1 1642 1516 1598 2097
11528 4 2 1 1 431 436 433 2395
11529 4 2 1 1 2103 2400 1996 2457
11530 4 2 1 1 1199 144 1552 2513
11531 4 2 1 1 1336 84 272 1301
11532 4 2 1 1 654 661 460 2177
11533 4 2 1 1 986 983 931 2190
11534 4 2 1 1 114 714 1241 1196
11535 4 2 1 1 1211 174 1239 1839
11536 4 2 1 1 2033 2429 2350 2504
11537 4 2 1 1 1763 1826 1749 2264
11538 4 2 1 1 845 1052 905 2232
11539 4 2 1 1 564 2375 377 2401
11540 4 2 1 1 1962 1942 1951 2409
11541 4 2 1 1 1940 1954 1958 2360
11542 4 2 1 1 267 480 653 2061
11543 4 2 1 1 1189 1276 1274 2170
11544 4 2 1 1 254 1950 1956 2331
11545 4 2 1 1 1128 969 971 2208
11546 4 2 1 1 1066 119 1250 715
11547 4 2 1 1 812 2096 928 2502
11548 4 2 1 1 1222 138 1388 1261
11549 4 2 1 1 1796 1927 1798 2534
11550 4 2 1 1 1543 1662 1625 2343
11551 4 2 1 1 1767 1762 1761 2141
11552 4 2 1 1 2024 2416 2045 2462
11553 4 2 1 1 1649 1525 1549 2441
11554 4 2 1 1 1818 1820 1819 2385
11555 4 2 1 1 382 384 2389 2425
11556 4 2 1 1 812 2306 2096 2502
11557 4 2 1 1 537 538 491 2172
11558 4 2 1 1 486 2039 614 2501
11559 4 2 1 1 639 651 1339 2378
11560 4 2 1 1 538 2172 537 2493
11561 4 2 1 1 2242 2405 2023 2482
11562 4 2 1 1 1042 741 1134 2244
11563 4 2 1 1 439 433 555 2395
11564 4 2 1 1 712 711 619 2296
11565 4 2 1 1 979 977 880 2220
11566 4 2 1 1 426 425 467 2527
11567 4 2 1 1 933 1137 1124 2270
11568 4 2 1 1 1629 2066 1554 2522
11569 4 2 1 1 812 928 1121 2502
11570 4 2 1 1 214 1379 2350 2490
11571 4 2 1 1 986 772 2190 2411
11572 4 2 1 1 253 252 1941 2334
11573 4 2 1 1 1466 1465 1509 2273
11574 4 2 1 1 1961 1953 2212 2507
11575 4 2 1 1 739 2045 22 2496
11576 4 2 1 1 370 561 689 2257
11577 4 2 1 1 972 1093 1064 2271
11578 4 2 1 1 985 1081 977 2203
11579 4 2 1 1 1940 242 2030 2365
11580 4 2 1 1 633 454 577 2492
11581 4 2 1 1 1996 2350 2140 2449
11582 4 2 1 1 1892 1684 1816 2340
11583 4 2 1 1 1059 1133 2454 2538
11584 4 2 1 1 2008 2361 2302 2463
11585 4 2 1 1 1914 1902 1686 2258
11586 4 2 1 1 43 1252 1234 632
11587 4 2 1 1 381 380 382 2526
11588 4 2 1 1 611 2133 2425 2526
11589 4 2 1 1 1778 1846 1874 2541
11590 4 2 1 1 144 1230 1556 2513
11591 4 2 1 1 990 2212 766 2507
11592 4 2 1 1 166 1827 1916 1259
11593 4 2 1 1 675 269 17 2504
11594 4 2 1 1 73 1347 1294 2511
11595 4 2 1 1 1379 1590 2350 2449
11596 4 2 1 1 244 1965 1966 2419
11597 4 2 1 1 1102 736 1008 2193
11598 4 2 1 1 1585 1499 1571 2102
11599 4 2 1 1 1184 1250 1211 2223
11600 4 2 1 1 472 706 489 2274
11601 4 2 1 1 1043 736 1102 2193
11602 4 2 1 1 809 811 1051 2299
11603 4 2 1 1 1337 671 83 1301
11604 4 2 1 1 1721 1719 1720 2122
11605 4 2 1 1 1888 1689 11 2290
11606 4 2 1 1 1815 1933 1780 2134
11607 4 2 1 1 2010 2033 2359 2460
11608 4 2 1 1 1024 785 1089 2319
11609 4 2 1 1 1630 1662 1544 2343
11610 4 2 1 1 665 2291 448 2510
11611 4 2 1 1 1187 1574 151 1240
11612 4 2 1 1 327 304 302 2397
11613 4 2 1 1 311 309 313 2294
11614 4 2 1 1 1216 1172 1205 2296
11615 4 2 1 1 1769 1770 1673 2160
11616 4 2 1 1 1792 2017 2427 2474
11617 4 2 1 1 733 969 2208 2450
11618 4 2 1 1 1044 1045 1084 2415
11619 4 2 1 1 459 457 458 2084
11620 4 2 1 1 1502 1533 1641 2233
11621 4 2 1 1 1498 1603 1600 2248
11622 4 2 1 1 1086 1095 1107 2487
11623 4 2 1 1 30 277 31 2188
11624 4 2 1 1 1875 2506 1793 2523
11625 4 2 1 1 938 913 907 2285
11626 4 2 1 1 1008 2256 910 2334
11627 4 2 1 1 587 588 625 2196
11628 4 2 1 1 2313 2520 2112 2545
11629 4 2 1 1 937 1111 1138 2269
11630 4 2 1 1 1647 1316 1334 1314
11631 4 2 1 1 641 688 283 2170
11632 4 2 1 1 989 1108 990 2507
11633 4 2 1 1 2000 2410 2380 2412
11634 4 2 1 1 2037 2500 1592 2518
11635 4 2 1 1 258 2145 469 2485
11636 4 2 1 1 1470 1535 1515 2174
11637 4 2 1 1 1866 1860 1901 2107
11638 4 2 1 1 638 426 672 2527
11639 4 2 1 1 774 768 2277 2507
11640 4 2 1 1 13 12 2316 2537
11641 4 2 1 1 1106 987 1129 2281
11642 4 2 1 1 1670 1791 1835 2270
11643 4 2 1 1 1220 1193 1249 2221
11644 4 2 1 1 1050 738 27 2304
11645 4 2 1 1 2017 2462 2435 2521
11646 4 2 1 1 1156 1013 1012 2529
11647 4 2 1 1 1391 1392 1385 2519
11648 4 2 1 1 564 375 377 2375
11649 4 2 1 1 931 984 979 2278
11650 4 2 1 1 658 2291 679 2509
11651 4 2 1 1 991 1136 789 2346
11652 4 2 1 1 1083 1135 2164 2491
11653 4 2 1 1 1720 1809 1807 2351
11654 4 2 1 1 19 2321 1146 2429
11655 4 2 1 1 783 782 784 2417
11656 4 2 1 1 562 519 346 2263
11657 4 2 1 1 1235 1240 1185 2237
11658 4 2 1 1 250 2243 1943 2311
11659 4 2 1 1 1482 1493 1492 2238
11660 4 2 1 1 1197 1228 1230 2166
11661 4 2 1 1 1716 1836 1751 2542
11662 4 2 1 1 687 2451 2016 2489
11663 4 2 1 1 1772 1895 1899 2173
11664 4 2 1 1 565 2114 674 2451
11665 4 2 1 1 1779 1771 1741 2087
11666 4 2 1 1 1780 2134 1933 2461
11667 4 2 1 1 981 870 917 2130
11668 4 2 1 1 2104 827 2443 2544
11669 4 2 1 1 1344 2231 257 2378
11670 4 2 1 1 1671 1896 1826 2246
11671 4 2 1 1 1893 1262 162 1221
11672 4 2 1 1 1685 163 1214 1834
11673 4 2 1 1 1270 1671 1923 2246
11674 4 2 1 1 616 628 389 2503
11675 4 2 1 1 892 1055 1005 2363
11676 4 2 1 1 850 814 849 2300
11677 4 2 1 1 2023 2405 2242 2427
11678 4 2 1 1 1961 1959 1953 2507
11679 4 2 1 1 2242 2427 2017 2474
11680 4 2 1 1 1943 2243 2453 2495
11681 4 2 1 1 1653 2439 2090 2449
11682 4 2 1 1 1634 1552 1626 2219
11683 4 2 1 1 528 420 529 2248
11684 4 2 1 1 1261 138 1388 1555
11685 4 2 1 1 1109 1117 992 2295
11686 4 2 1 1 537 2172 2341 2493
11687 4 2 1 1 2405 2427 2023 2508
11688 4 2 1 1 384 383 382 2389
11689 4 2 1 1 594 593 694 2189
11690 4 2 1 1 384 629 405 2425
11691 4 2 1 1 1071 728 1165 2460
11692 4 2 1 1 957 1036 974 2292
11693 4 2 1 1 1037 1048 975 2224
11694 4 2 1 1 930 931 876 2217
11695 4 2 1 1 2012 2443 807 2544
11696 4 2 1 1 2087 2464 2094 2531
11697 4 2 1 1 1745 1744 1835 2149
11698 4 2 1 1 731 973 999 2404
11699 4 2 1 1 1789 2474 1748 2521
11700 4 2 1 1 1292 41 2 696
11701 4 2 1 1 236 1951 1942 2235
11702 4 2 1 1 619 270 1280 2296
11703 4 2 1 1 1508 1486 1653 2439
11704 4 2 1 1 734 2380 1091 2454
11705 4 2 1 1 522 403 532 2174
11706 4 2 1 1 1340 1306 1137 2270
11707 4 2 1 1 1280 1278 619 2296
11708 4 2 1 1 1268 660 1182 2358
11709 4 2 1 1 1878 1842 1886 2175
11710 4 2 1 1 985 984 771 2481
11711 4 2 1 1 571 398 564 2325
11712 4 2 1 1 425 487 467 2272
11713 4 2 1 1 2045 2342 2234 2496
11714 4 2 1 1 95 951 1340 1137
11715 4 2 1 1 956 886 958 2187
11716 4 2 1 1 1331 1322 1337 2354
11717 4 2 1 1 278 1231 53 602
11718 4 2 1 1 1757 1668 1756 2118
11719 4 2 1 1 757 994 800 2160
11720 4 2 1 1 1229 1227 1196 2218
11721 4 2 1 1 80 1339 639 651
11722 4 2 1 1 870 2130 981 2445
11723 4 2 1 1 1106 1129 922 2281
11724 4 2 1 1 385 582 621 2129
11725 4 2 1 1 1284 2396 1266 2491
11726 4 2 1 1 387 425 386 2527
11727 4 2 1 1 1826 1827 1923 2246
11728 4 2 1 1 740 2251 2537 2538
11729 4 2 1 1 1050 28 718 2304
11730 4 2 1 1 1136 991 1116 2409
11731 4 2 1 1 1884 1790 1905 2521
11732 4 2 1 1 1500 1606 1642 2195
11733 4 2 1 1 472 489 473 2274
11734 4 2 1 1 2084 2451 458 2489
11735 4 2 1 1 2042 2440 2371 2486
11736 4 2 1 1 1105 970 1150 2246
11737 4 2 1 1 2095 2335 2096 2546
11738 4 2 1 1 565 449 674 2114
11739 4 2 1 1 476 363 2194 2489
11740 4 2 1 1 1956 1951 235 2050
11741 4 2 1 1 22 280 23 2496
11742 4 2 1 1 246 224 245 1963
11743 4 2 1 1 1325 1332 1684 2461
11744 4 2 1 1 557 685 650 2120
11745 4 2 1 1 455 289 560 2338
11746 4 2 1 1 1999 2033 2420 2536
11747 4 2 1 1 266 530 662 2247
11748 4 2 1 1 1368 1527 1528 2231
11749 4 2 1 1 223 1628 222 2419
11750 4 2 1 1 1073 1091 734 2380
11751 4 2 1 1 1076 911 1086 2438
11752 4 2 1 1 2034 2508 2299 2534
11753 4 2 1 1 1720 1719 1697 2528
11754 4 2 1 1 1070 2420 16 2460
11755 4 2 1 1 1801 1796 2508 2534
11756 4 2 1 1 945 946 947 2184
11757 4 2 1 1 1185 1240 1212 2237
11758 4 2 1 1 1685 1262 162 1893
11759 4 2 1 1 1966 1965 1968 2142
11760 4 2 1 1 1197 2166 1230 2513
11761 4 2 1 1 1736 1735 2252 2372
11762 4 2 1 1 1131 123 1114 1237
11763 4 2 1 1 610 614 2318 2501
11764 4 2 1 1 1791 1919 1894 2293
11765 4 2 1 1 25 591 26 2241
11766 4 2 1 1 1059 1061 1133 2538
11767 4 2 1 1 163 1214 1262 1685
11768 4 2 1 1 1622 1663 1537 2315
11769 4 2 1 1 1688 1879 2484 2535
11770 4 2 1 1 1123 1036 1021 2173
11771 4 2 1 1 1073 2380 15 2420
11772 4 2 1 1 400 399 353 2301
11773 4 2 1 1 2042 2468 2089 2500
11774 4 2 1 1 1907 1684 1892 2186
11775 4 2 1 1 714 1063 114 1241
11776 4 2 1 1 1904 227 2146 2535
11777 4 2 1 1 1034 2265 794 2482
11778 4 2 1 1 716 1343 96 1297
11779 4 2 1 1 549 339 337 2298
11780 4 2 1 1 1633 1507 1623 2111
11781 4 2 1 1 2053 2431 1639 2436
11782 4 2 1 1 1633 1518 1507 2480
11783 4 2 1 1 916 936 901 2239
11784 4 2 1 1 1167 1103 737 2221
11785 4 2 1 1 1100 928 812 2096
11786 4 2 1 1 824 2453 834 2495
11787 4 2 1 1 454 607 579 2329
11788 4 2 1 1 1896 1834 1925 2284
11789 4 2 1 1 2353 2520 2088 2545
11790 4 2 1 1 1020 956 1056 2264
11791 4 2 1 1 1272 1078 1170 2251
11792 4 2 1 1 963 2185 999 2404
11793 4 2 1 1 2007 2355 2494 2527
11794 4 2 1 1 1293 1356 1333 2456
11795 4 2 1 1 492 704 275 2433
11796 4 2 1 1 1368 1330 1365 1318
11797 4 2 1 1 1706 1703 1705 2167
11798 4 2 1 1 725 94 1306 1137
11799 4 2 1 1 409 413 461 2400
11800 4 2 1 1 1968 2142 251 2391
11801 4 2 1 1 1256 1193 1220 2406
11802 4 2 1 1 1047 1087 851 2249
11803 4 2 1 1 260 591 25 2241
11804 4 2 1 1 259 700 588 2393
11805 4 2 1 1 281 613 13 2316
11806 4 2 1 1 941 929 919 2207
11807 4 2 1 1 1302 1332 1335 2186
11808 4 2 1 1 1212 1240 150 1372
11809 4 2 1 1 1893 1815 1804 2271
11810 4 2 1 1 789 763 990 2346
11811 4 2 1 1 1335 2186 1332 2461
11812 4 2 1 1 283 43 1234 632
11813 4 2 1 1 634 596 269 2504
11814 4 2 1 1 1499 2102 1585 2483
11815 4 2 1 1 901 936 937 2239
11816 4 2 1 1 893 895 896 2308
11817 4 2 1 1 253 254 1964 2256
11818 4 2 1 1 1718 1818 1817 2385
11819 4 2 1 1 2033 2420 2359 2460
11820 4 2 1 1 1708 1813 1706 2155
11821 4 2 1 1 501 2376 2227 2472
11822 4 2 1 1 910 2256 843 2407
11823 4 2 1 1 1374 1536 1513 2032
11824 4 2 1 1 1943 2243 1944 2453
11825 4 2 1 1 1287 1169 1285 2318
11826 4 2 1 1 73 1294 285 2511
11827 4 2 1 1 1787 1908 1734 2100
11828 4 2 1 1 1698 1700 1699 2278
11829 4 2 1 1 144 1199 1230 2513
11830 4 2 1 1 639 257 2377 2378
11831 4 2 1 1 997 781 795 2305
11832 4 2 1 1 715 1181 2258 2406
11833 4 2 1 1 1621 1380 1614 2352
11834 4 2 1 1 341 338 340 2497
11835 4 2 1 1 1951 2050 2331 2409
11836 4 2 1 1 2010 2359 2250 2460
11837 4 2 1 1 1411 1413 1435 2418
11838 4 2 1 1 364 519 514 2197
11839 4 2 1 1 1947 1951 1950 2409
11840 4 2 1 1 1104 1141 914 2260
11841 4 2 1 1 1942 2235 1951 2409
11842 4 2 1 1 485 484 486 2501
11843 4 2 1 1 300 535 302 2397
11844 4 2 1 1 690 527 2317 2499
11845 4 2 1 1 929 2207 1112 2326
11846 4 2 1 1 1062 1022 721 2245
11847 4 2 1 1 362 2355 351 2371
11848 4 2 1 1 454 2329 334 2492
11849 4 2 1 1 1667 1594 2410 2517
11850 4 2 1 1 476 475 363 2489
11851 4 2 1 1 1005 891 889 2363
11852 4 2 1 1 986 930 1144 2230
11853 4 2 1 1 307 306 304 2430
11854 4 2 1 1 1802 2408 1803 2476
11855 4 2 1 1 19 1146 18 2429
11856 4 2 1 1 942 2115 815 2531
11857 4 2 1 1 1236 1237 1131 2529
11858 4 2 1 1 1826 1761 1749 2264
11859 4 2 1 1 538 539 491 2477
11860 4 2 1 1 352 454 334 2492
11861 4 2 1 1 1151 915 1054 2302
11862 4 2 1 1 295 2313 328 2394
11863 4 2 1 1 1408 1411 1571 2418
11864 4 2 1 1 1916 1198 167 1259
11865 4 2 1 1 894 895 893 2308
11866 4 2 1 1 986 775 772 2411
11867 4 2 1 1 859 1033 950 2254
11868 4 2 1 1 1552 1556 1626 2513
11869 4 2 1 1 258 586 469 2145
11870 4 2 1 1 17 1070 16 2460
11871 4 2 1 1 1839 1211 1258 2258
11872 4 2 1 1 1492 1493 1636 2238
11873 4 2 1 1 512 601 682 2348
11874 4 2 1 1 1643 1545 1369 2543
11875 4 2 1 1 869 2384 2156 2445
11876 4 2 1 1 2021 2420 2359 2536
11877 4 2 1 1 35 1119 34 2310
11878 4 2 1 1 375 2344 373 2375
11879 4 2 1 1 583 1308 85 1336
11880 4 2 1 1 608 485 683 2501
11881 4 2 1 1 1999 2420 2380 2536
11882 4 2 1 1 2380 2420 2021 2536
11883 4 2 1 1 2028 2441 2236 2532
11884 4 2 1 1 345 343 344 2473
11885 4 2 1 1 1843 1844 1841 2336
11886 4 2 1 1 1096 38 730 2379
11887 4 2 1 1 774 989 768 2507
11888 4 2 1 1 1088 1095 805 2487
11889 4 2 1 1 472 473 471 2274
11890 4 2 1 1 579 330 334 2329
11891 4 2 1 1 1327 1308 1351 2414
11892 4 2 1 1 256 1180 1255 2179
11893 4 2 1 1 1865 1204 180 1209
11894 4 2 1 1 608 487 425 2272
11895 4 2 1 1 1105 1150 721 2246
11896 4 2 1 1 296 2313 295 2455
11897 4 2 1 1 2086 1414 2514 2516
11898 4 2 1 1 758 760 759 2206
11899 4 2 1 1 2316 2318 2039 2539
11900 4 2 1 1 1222 1252 1261 2279
11901 4 2 1 1 750 2464 748 2531
11902 4 2 1 1 1700 1702 1701 2220
11903 4 2 1 1 1318 1344 1365 2231
11904 4 2 1 1 1824 1870 1871 2224
11905 4 2 1 1 1236 1131 720 2529
11906 4 2 1 1 1678 1839 1840 2223
11907 4 2 1 1 1190 600 1268 2358
11908 4 2 1 1 575 363 336 2309
11909 4 2 1 1 1746 1745 1781 2056
11910 4 2 1 1 1345 1313 1300 2347
11911 4 2 1 1 962 967 959 2141
11912 4 2 1 1 1304 1277 1364 2307
11913 4 2 1 1 1294 1316 1334 2369
11914 4 2 1 1 701 363 475 2489
11915 4 2 1 1 1296 1324 1341 2423
11916 4 2 1 1 946 1125 1096 2379
11917 4 2 1 1 377 2375 2110 2401
11918 4 2 1 1 523 521 522 2297
11919 4 2 1 1 241 1913 1677 2015
11920 4 2 1 1 529 639 2377 2378
11921 4 2 1 1 1275 742 1158 2307
11922 4 2 1 1 226 1904 227 2146
11923 4 2 1 1 528 622 526 2377
11924 4 2 1 1 2000 2392 2380 2410
11925 4 2 1 1 851 1087 1126 2249
11926 4 2 1 1 2236 2441 2054 2532
11927 4 2 1 1 2065 2421 525 2499
11928 4 2 1 1 1713 1714 1715 2204
11929 4 2 1 1 1038 838 906 2242
11930 4 2 1 1 281 617 618 2316
11931 4 2 1 1 1958 2277 1959 2507
11932 4 2 1 1 942 936 815 2115
11933 4 2 1 1 1951 2331 1950 2409
11934 4 2 1 1 1278 1205 1203 2296
11935 4 2 1 1 970 968 969 2284
11936 4 2 1 1 2205 2484 1879 2535
11937 4 2 1 1 1964 254 248 2314
11938 4 2 1 1 1327 1351 1303 2170
11939 4 2 1 1 561 292 290 2312
11940 4 2 1 1 1322 1521 1320 2354
11941 4 2 1 1 1375 1521 1322 2354
11942 4 2 1 1 849 813 851 2357
11943 4 2 1 1 733 1191 1130 2450
11944 4 2 1 1 1636 1556 1370 2166
11945 4 2 1 1 1492 1658 1602 2129
11946 4 2 1 1 933 902 923 2149
11947 4 2 1 1 24 1053 23 2496
11948 4 2 1 1 1169 1273 1265 2318
11949 4 2 1 1 1190 274 600 2358
11950 4 2 1 1 2291 2315 2048 2510
11951 4 2 1 1 1532 1612 1664 2170
11952 4 2 1 1 1731 1873 1843 2176
11953 4 2 1 1 969 1128 733 2208
11954 4 2 1 1 841 866 904 2387
11955 4 2 1 1 1750 1792 1793 2474
11956 4 2 1 1 729 1141 1080 2260
11957 4 2 1 1 562 346 381 2263
11958 4 2 1 1 1872 1740 1906 2168
11959 4 2 1 1 762 760 764 2446
11960 4 2 1 1 399 352 2301 2492
11961 4 2 1 1 1350 1364 1158 2307
11962 4 2 1 1 1327 2170 1532 2414
11963 4 2 1 1 1450 1452 1580 2322
11964 4 2 1 1 1571 2418 1435 2488
11965 4 2 1 1 262 2255 509 2447
11966 4 2 1 1 525 2421 422 2499
11967 4 2 1 1 2299 2405 2023 2508
11968 4 2 1 1 477 476 2194 2524
11969 4 2 1 1 1355 1292 71 696
11970 4 2 1 1 529 530 639 2378
11971 4 2 1 1 1497 1600 1564 2144
11972 4 2 1 1 2359 2420 2033 2536
11973 4 2 1 1 1940 242 1954 2030
11974 4 2 1 1 1999 2380 2392 2410
11975 4 2 1 1 1547 1553 1384 2381
11976 4 2 1 1 1924 1679 1825 2221
11977 4 2 1 1 1521 1520 1603 2247
11978 4 2 1 1 774 998 1090 2360
11979 4 2 1 1 2136 2376 499 2472
11980 4 2 1 1 1685 1885 1925 2208
11981 4 2 1 1 1391 1593 2422 2475
11982 4 2 1 1 1057 2300 850 2454
11983 4 2 1 1 1585 1571 1435 2488
11984 4 2 1 1 613 281 614 2316
11985 4 2 1 1 1469 1600 1520 2200
11986 4 2 1 1 2142 2311 251 2391
11987 4 2 1 1 1064 106 1233 742
11988 4 2 1 1 1752 1764 1788 2202
11989 4 2 1 1 1113 866 981 2387
11990 4 2 1 1 1374 1513 1539 2032
11991 4 2 1 1 53 1192 1231 278
11992 4 2 1 1 1791 1894 1781 2293
11993 4 2 1 1 735 112 1245 1062
11994 4 2 1 1 837 845 838 2405
11995 4 2 1 1 1132 932 1117 2384
11996 4 2 1 1 1221 1262 1247 2271
11997 4 2 1 1 1226 1237 1186 2529
11998 4 2 1 1 617 1168 1273 2316
11999 4 2 1 1 614 281 618 2316
12000 4 2 1 1 876 874 930 2217
12001 4 2 1 1 1378 139 1261 1555
12002 4 2 1 1 800 995 1143 2515
12003 4 2 1 1 623 598 551 2289
12004 4 2 1 1 658 679 681 2509
12005 4 2 1 1 1699 1695 1698 2278
12006 4 2 1 1 955 1020 957 2211
12007 4 2 1 1 808 1038 798 2482
12008 4 2 1 1 925 926 855 2390
12009 4 2 1 1 1058 1164 848 2250
12010 4 2 1 1 1943 2311 2243 2495
12011 4 2 1 1 1533 1605 1382 2414
12012 4 2 1 1 1298 80 1339 639
12013 4 2 1 1 1318 1299 2231 2530
12014 4 2 1 1 1099 1019 1084 2311
12015 4 2 1 1 1356 1154 104 1349
12016 4 2 1 1 852 2311 1019 2391
12017 4 2 1 1 1154 41 2 1349
12018 4 2 1 1 486 613 614 2392
12019 4 2 1 1 594 538 500 2477
12020 4 2 1 1 585 308 312 2370
12021 4 2 1 1 749 847 747 2464
12022 4 2 1 1 1896 1925 1767 2284
12023 4 2 1 1 1822 1871 1819 2181
12024 4 2 1 1 738 1045 1031 2415
12025 4 2 1 1 1158 1364 1275 2307
12026 4 2 1 1 1246 669 276 2447
12027 4 2 1 1 1527 1603 1528 2378
12028 4 2 1 1 1233 1247 106 1064
12029 4 2 1 1 2031 2466 2265 2506
12030 4 2 1 1 15 2380 14 2392
12031 4 2 1 1 1817 1819 1854 2385
12032 4 2 1 1 1286 1215 1284 2491
12033 4 2 1 1 1256 715 1065 2406
12034 4 2 1 1 1009 1098 927 2205
12035 4 2 1 1 618 1273 1169 2318
12036 4 2 1 1 244 1966 245 2419
12037 4 2 1 1 1298 639 1339 2378
12038 4 2 1 1 990 766 989 2507
12039 4 2 1 1 734 1091 1133 2454
12040 4 2 1 1 2282 2426 2037 2500
12041 4 2 1 1 911 2337 805 2487
12042 4 2 1 1 36 263 584 2280
12043 4 2 1 1 419 418 417 2288
12044 4 2 1 1 950 1039 864 2049
12045 4 2 1 1 1730 1739 1728 2466
12046 4 2 1 1 1936 1802 1803 2476
12047 4 2 1 1 1752 1744 1751 2542
12048 4 2 1 1 1566 1598 1635 2237
12049 4 2 1 1 780 778 1023 2459
12050 4 2 1 1 1090 998 1072 2360
12051 4 2 1 1 856 819 835 2478
12052 4 2 1 1 501 511 702 2227
12053 4 2 1 1 852 1025 1019 2311
12054 4 2 1 1 1877 1824 1823 2218
12055 4 2 1 1 1135 1159 1060 2491
12056 4 2 1 1 1587 1611 1524 2227
12057 4 2 1 1 19 20 2321 2457
12058 4 2 1 1 440 649 438 2485
12059 4 2 1 1 1054 739 1053 2496
12060 4 2 1 1 1246 1242 1199 2513
12061 4 2 1 1 2042 2500 2329 2518
12062 4 2 1 1 1605 1519 1531 2191
12063 4 2 1 1 504 518 502 2432
12064 4 2 1 1 116 737 1147 1232
12065 4 2 1 1 266 651 530 2247
12066 4 2 1 1 1044 1027 860 2544
12067 4 2 1 1 668 495 282 2532
12068 4 2 1 1 659 667 60 1238
12069 4 2 1 1 682 276 507 2219
12070 4 2 1 1 1158 1110 1350 2307
12071 4 2 1 1 93 1338 1152 725
12072 4 2 1 1 2148 2389 384 2425
12073 4 2 1 1 889 890 892 2363
12074 4 2 1 1 348 572 331 2525
12075 4 2 1 1 1153 1018 1019 2391
12076 4 2 1 1 1802 1798 1803 2408
12077 4 2 1 1 615 683 610 2501
12078 4 2 1 1 569 568 398 2325
12079 4 2 1 1 1939 1959 2277 2507
12080 4 2 1 1 1170 2251 1078 2491
12081 4 2 1 1 632 44 1252 274
12082 4 2 1 1 658 260 597 2509
12083 4 2 1 1 1233 742 1275 2307
12084 4 2 1 1 1130 1191 1269 2450
12085 4 2 1 1 73 285 273 2511
12086 4 2 1 1 1354 1292 1334 2287
12087 4 2 1 1 1918 1806 1833 2456
12088 4 2 1 1 869 868 2384 2445
12089 4 2 1 1 1057 814 850 2300
12090 4 2 1 1 752 754 753 2095
12091 4 2 1 1 1667 1594 1389 2410
12092 4 2 1 1 628 510 511 2503
12093 4 2 1 1 871 873 872 2286
12094 4 2 1 1 1518 2225 2480 2498
12095 4 2 1 1 399 2301 400 2510
12096 4 2 1 1 1403 1400 1592 2500
12097 4 2 1 1 1960 2277 1958 2360
12098 4 2 1 1 376 544 373 2344
12099 4 2 1 1 976 881 880 2327
12100 4 2 1 1 1034 1038 1088 2482
12101 4 2 1 1 973 1075 1093 2134
12102 4 2 1 1 474 662 450 2200
12103 4 2 1 1 942 1004 2505 2531
12104 4 2 1 1 1368 1318 2231 2530
12105 4 2 1 1 354 518 517 2432
12106 4 2 1 1 686 560 371 2317
12107 4 2 1 1 711 270 619 2296
12108 4 2 1 1 916 982 1122 2204
12109 4 2 1 1 1839 1686 1902 2258
12110 4 2 1 1 1893 1804 1685 2271
12111 4 2 1 1 1277 1275 1364 2307
12112 4 2 1 1 1354 1314 234 2287
12113 4 2 1 1 1954 1960 1958 2360
12114 4 2 1 1 1268 45 600 1190
12115 4 2 1 1 833 2331 909 2409
12116 4 2 1 1 1271 1213 1182 2358
12117 4 2 1 1 1888 1874 2290 2541
12118 4 2 1 1 1575 1598 1574 2180
12119 4 2 1 1 997 779 781 2305
12120 4 2 1 1 1393 1391 1593 2422
12121 4 2 1 1 507 276 509 2447
12122 4 2 1 1 1218 1270 1923 2246
12123 4 2 1 1 1312 1360 1346 2530
12124 4 2 1 1 1097 847 949 2533
12125 4 2 1 1 1004 2087 2505 2531
12126 4 2 1 1 1280 1205 1278 2296
12127 4 2 1 1 291 292 293 2312
12128 4 2 1 1 511 510 262 2255
12129 4 2 1 1 733 1130 969 2450
12130 4 2 1 1 2272 2422 2025 2527
12131 4 2 1 1 791 1032 784 2417
12132 4 2 1 1 1825 1679 1820 2221
12133 4 2 1 1 1389 1595 1654 2539
12134 4 2 1 1 304 551 307 2430
12135 4 2 1 1 766 990 763 2212
12136 4 2 1 1 1957 2266 1955 2453
12137 4 2 1 1 1671 1270 164 1834
12138 4 2 1 1 934 988 902 2320
12139 4 2 1 1 1810 1684 1907 2461
12140 4 2 1 1 2301 2315 2003 2510
12141 4 2 1 1 845 935 1052 2232
12142 4 2 1 1 1085 1124 1001 2202
12143 4 2 1 1 869 871 870 2445
12144 4 2 1 1 1530 1491 1310 2369
12145 4 2 1 1 803 783 1032 2417
12146 4 2 1 1 1463 1507 1484 2480
12147 4 2 1 1 1059 1057 850 2454
12148 4 2 1 1 1179 1114 1237 2529
12149 4 2 1 1 171 1220 1249 1679
12150 4 2 1 1 679 448 665 2291
12151 4 2 1 1 1435 1439 1446 2488
12152 4 2 1 1 2030 2266 1940 2365
12153 4 2 1 1 475 687 701 2489
12154 4 2 1 1 93 1338 725 1306
12155 4 2 1 1 330 326 2282 2525
12156 4 2 1 1 1879 1688 228 2535
12157 4 2 1 1 1372 149 1212 1257
12158 4 2 1 1 435 596 634 2140
12159 4 2 1 1 833 843 2331 2407
12160 4 2 1 1 1939 1953 1959 2507
12161 4 2 1 1 2102 1585 2483 2488
12162 4 2 1 1 408 407 406 2283
12163 4 2 1 1 1958 1949 1940 2360
12164 4 2 1 1 1202 1284 1171 2396
12165 4 2 1 1 196 1532 1382 2414
12166 4 2 1 1 653 670 63 1176
12167 4 2 1 1 1017 1018 2334 2391
12168 4 2 1 1 1565 1646 1373 2259
12169 4 2 1 1 1225 1178 1207 2267
12170 4 2 1 1 884 881 976 2327
12171 4 2 1 1 1025 824 834 2495
12172 4 2 1 1 2401 2471 2066 2522
12173 4 2 1 1 284 1169 698 2318
12174 4 2 1 1 1737 1849 1738 2546
12175 4 2 1 1 270 711 487 2296
12176 4 2 1 1 827 857 860 2544
12177 4 2 1 1 1220 171 1924 1679
12178 4 2 1 1 274 600 45 1190
12179 4 2 1 1 888 887 885 2442
12180 4 2 1 1 1216 1205 1280 2296
12181 4 2 1 1 232 1387 1549 2441
12182 4 2 1 1 1178 1225 1238 2267
12183 4 2 1 1 1839 1258 173 1686
12184 4 2 1 1 267 496 480 2061
12185 4 2 1 1 1997 2433 2092 2517
12186 4 2 1 1 1562 1535 1383 2179
12187 4 2 1 1 1168 2316 12 2537
12188 4 2 1 1 1592 2500 1399 2518
12189 4 2 1 1 432 566 430 2471
12190 4 2 1 1 1833 1691 1918 2452
12191 4 2 1 1 1368 1540 1318 2530
12192 4 2 1 1 2162 2478 2121 2529
12193 4 2 1 1 1109 1029 1094 2465
12194 4 2 1 1 1487 1592 1399 2518
12195 4 2 1 1 1271 140 1213 1378
12196 4 2 1 1 1687 1801 2359 2534
12197 4 2 1 1 1515 1661 1635 2222
12198 4 2 1 1 2032 2315 2301 2510
12199 4 2 1 1 1375 194 1531 1322
12200 4 2 1 1 1744 1733 1716 2542
12201 4 2 1 1 336 335 332 2309
12202 4 2 1 1 642 305 626 2339
12203 4 2 1 1 368 367 388 2493
12204 4 2 1 1 1391 1534 2475 2519
12205 4 2 1 1 414 493 492 2433
12206 4 2 1 1 1186 1237 1236 2529
12207 4 2 1 1 2115 2505 2087 2531
12208 4 2 1 1 1066 120 1067 1250
12209 4 2 1 1 1151 719 1030 2302
12210 4 2 1 1 1820 1822 1819 2181
12211 4 2 1 1 297 328 295 2313
12212 4 2 1 1 329 330 326 2282
12213 4 2 1 1 942 1111 2269 2505
12214 4 2 1 1 2116 2474 2017 2521
12215 4 2 1 1 639 79 257 2378
12216 4 2 1 1 1232 116 737 1193
12217 4 2 1 1 1265 1273 1168 2316
12218 4 2 1 1 1519 1520 1375 2354
12219 4 2 1 1 88 1350 1364 1158
12220 4 2 1 1 942 1111 937 2269
12221 4 2 1 1 214 213 1934 2350
12222 4 2 1 1 1797 1795 1796 2508
12223 4 2 1 1 333 296 559 2455
12224 4 2 1 1 1271 1611 140 1378
12225 4 2 1 1 294 370 559 2455
12226 4 2 1 1 1659 1529 1528 2231
12227 4 2 1 1 1037 1123 1063 2333
12228 4 2 1 1 1312 1318 1540 2530
12229 4 2 1 1 351 362 365 2355
12230 4 2 1 1 1391 1390 1534 2519
12231 4 2 1 1 1008 910 1102 2334
12232 4 2 1 1 1268 600 46 660
12233 4 2 1 1 1340 1306 94 1137
12234 4 2 1 1 2034 2405 2299 2508
12235 4 2 1 1 810 811 809 2299
12236 4 2 1 1 537 394 368 2493
12237 4 2 1 1 2301 2492 2037 2540
12238 4 2 1 1 122 1131 1236 1237
12239 4 2 1 1 1969 1967 1963 2193
12240 4 2 1 1 768 770 774 2277
12241 4 2 1 1 1795 1875 1793 2523
12242 4 2 1 1 1943 2453 1955 2495
12243 4 2 1 1 2272 2422 2007 2475
12244 4 2 1 1 999 963 966 2185
12245 4 2 1 1 393 633 413 2440
12246 4 2 1 1 625 434 566 2471
12247 4 2 1 1 227 2535 228 2543
12248 4 2 1 1 1168 1283 2316 2537
12249 4 2 1 1 818 1016 820 2356
12250 4 2 1 1 196 1382 1326 2414
12251 4 2 1 1 1079 2251 740 2538
12252 4 2 1 1 552 293 295 2394
12253 4 2 1 1 1304 1350 1328 2307
12254 4 2 1 1 1539 1609 216 2416
12255 4 2 1 1 1533 1532 1664 2414
12256 4 2 1 1 1827 166 1218 1259
12257 4 2 1 1 1246 1195 669 2447
12258 4 2 1 1 1389 1654 210 2539
12259 4 2 1 1 476 363 477 2194
12260 4 2 1 1 251 2311 1943 2495
12261 4 2 1 1 513 621 582 2366
12262 4 2 1 1 523 278 647 2226
12263 4 2 1 1 299 297 298 2545
12264 4 2 1 1 333 652 554 2373
12265 4 2 1 1 934 1055 988 2320
12266 4 2 1 1 1961 1953 1952 2212
12267 4 2 1 1 1130 1269 109 2450
12268 4 2 1 1 521 523 582 2297
12269 4 2 1 1 855 853 854 2390
12270 4 2 1 1 1619 2436 1511 2437
12271 4 2 1 1 1701 1880 1814 2203
12272 4 2 1 1 688 684 539 2233
12273 4 2 1 1 1250 119 1181 715
12274 4 2 1 1 1950 254 253 2407
12275 4 2 1 1 17 269 18 2429
12276 4 2 1 1 1122 929 2326 2434
12277 4 2 1 1 1246 669 49 276
12278 4 2 1 1 1067 121 720 1236
12279 4 2 1 1 1355 71 635 696
12280 4 2 1 1 670 1254 63 1176
12281 4 2 1 1 1715 1736 1735 2252
12282 4 2 1 1 2034 2427 2405 2508
12283 4 2 1 1 1114 1179 726 2367
12284 4 2 1 1 1612 1651 136 1189
12285 4 2 1 1 792 805 791 2337
12286 4 2 1 1 1257 2179 1180 2328
12287 4 2 1 1 766 768 989 2507
12288 4 2 1 1 404 406 407 2283
12289 4 2 1 1 294 296 295 2455
12290 4 2 1 1 1956 1950 1951 2331
12291 4 2 1 1 734 15 1073 2380
12292 4 2 1 1 910 2334 2256 2407
12293 4 2 1 1 1149 751 812 2306
12294 4 2 1 1 1035 801 816 2470
12295 4 2 1 1 1234 1252 1222 2279
12296 4 2 1 1 748 747 746 2464
12297 4 2 1 1 338 337 339 2497
12298 4 2 1 1 1938 240 1693 2323
12299 4 2 1 1 856 1012 1013 2478
12300 4 2 1 1 870 871 872 2286
12301 4 2 1 1 1312 189 1381 1540
12302 4 2 1 1 1344 1298 1365 2378
12303 4 2 1 1 117 1065 737 1193
12304 4 2 1 1 1181 1211 1250 2258
12305 4 2 1 1 1258 2258 1181 2406
12306 4 2 1 1 36 35 263 2280
12307 4 2 1 1 581 580 280 2234
12308 4 2 1 1 262 510 509 2255
12309 4 2 1 1 443 442 462 2349
12310 4 2 1 1 330 329 334 2282
12311 4 2 1 1 1158 88 1350 1110
12312 4 2 1 1 2492 2518 2037 2540
12313 4 2 1 1 1373 221 1565 2259
12314 4 2 1 1 526 525 422 2499
12315 4 2 1 1 374 375 373 2375
12316 4 2 1 1 1687 2359 213 2536
12317 4 2 1 1 28 1050 27 2304
12318 4 2 1 1 742 1093 1110 2307
12319 4 2 1 1 1048 1037 714 2218
12320 4 2 1 1 1047 1041 1035 2470
12321 4 2 1 1 720 122 1131 1236
12322 4 2 1 1 1609 1539 1508 2439
12323 4 2 1 1 1624 1511 1619 2436
12324 4 2 1 1 125 1243 1175 1039
12325 4 2 1 1 1094 862 1089 2465
12326 4 2 1 1 1435 2418 2133 2488
12327 4 2 1 1 941 1112 929 2207
12328 4 2 1 1 242 1940 10 2365
12329 4 2 1 1 39 2236 271 2532
12330 4 2 1 1 382 2425 2171 2526
12331 4 2 1 1 1145 917 1167 2406
12332 4 2 1 1 362 366 365 2355
12333 4 2 1 1 1691 1832 1922 2452
12334 4 2 1 1 462 442 663 2349
12335 4 2 1 1 196 1327 1532 2414
12336 4 2 1 1 251 250 1943 2311
12337 4 2 1 1 812 1121 2306 2502
12338 4 2 1 1 658 448 679 2291
12339 4 2 1 1 1515 1635 1516 2222
12340 4 2 1 1 1113 904 866 2387
12341 4 2 1 1 1310 1491 1316 2369
12342 4 2 1 1 715 118 1256 1065
12343 4 2 1 1 1940 2266 1957 2365
12344 4 2 1 1 112 1194 1245 1062
12345 4 2 1 1 963 999 964 2404
12346 4 2 1 1 833 909 1116 2409
12347 4 2 1 1 771 984 983 2213
12348 4 2 1 1 499 2376 501 2472
12349 4 2 1 1 2031 2482 2242 2506
12350 4 2 1 1 1321 201 1684 1816
12351 4 2 1 1 1595 1390 158 1172
12352 4 2 1 1 948 2306 1121 2502
12353 4 2 1 1 274 44 1252 1190
12354 4 2 1 1 13 613 14 2392
12355 4 2 1 1 538 537 388 2493
12356 4 2 1 1 1264 1183 1218 2246
12357 4 2 1 1 124 726 1114 1179
12358 4 2 1 1 125 1243 1039 726
12359 4 2 1 1 525 677 524 2421
12360 4 2 1 1 1007 843 910 2256
12361 4 2 1 1 2164 2396 2001 2476
12362 4 2 1 1 1208 1179 1226 2367
12363 4 2 1 1 317 453 452 2382
12364 4 2 1 1 825 824 826 2495
12365 4 2 1 1 1003 888 885 2442
12366 4 2 1 1 1541 2189 1644 2368
12367 4 2 1 1 194 1331 1531 1322
12368 4 2 1 1 274 593 600 2358
12369 4 2 1 1 346 340 339 2497
12370 4 2 1 1 1284 1202 1266 2396
12371 4 2 1 1 327 535 631 2397
12372 4 2 1 1 21 1115 723 2435
12373 4 2 1 1 1894 1317 1675 2347
12374 4 2 1 1 1354 1334 1314 2287
12375 4 2 1 1 2023 2242 2482 2506
12376 4 2 1 1 1675 1317 1313 2347
12377 4 2 1 1 1179 1114 123 1237
12378 4 2 1 1 1604 1403 1592 2426
12379 4 2 1 1 1285 2318 1265 2539
12380 4 2 1 1 305 642 655 2339
12381 4 2 1 1 1942 1962 1961 2346
12382 4 2 1 1 1521 1375 1520 2354
12383 4 2 1 1 1237 1226 1179 2529
12384 4 2 1 1 351 350 361 2371
12385 4 2 1 1 1214 164 1270 1834
12386 4 2 1 1 1863 1728 1739 2466
12387 4 2 1 1 847 948 947 2533
12388 4 2 1 1 797 801 1041 2470
12389 4 2 1 1 1280 619 66 270
12390 4 2 1 1 1448 1438 1449 2458
12391 4 2 1 1 1647 234 1314 2287
12392 4 2 1 1 987 764 1129 2446
12393 4 2 1 1 1176 62 653 1244
12394 4 2 1 1 1258 1924 172 1686
12395 4 2 1 1 37 657 38 2379
12396 4 2 1 1 12 1168 617 2316
12397 4 2 1 1 214 1934 1855 2490
12398 4 2 1 1 826 1025 852 2495
12399 4 2 1 1 1709 1836 1712 2364
12400 4 2 1 1 1146 1127 935 2321
12401 4 2 1 1 687 458 2451 2489
12402 4 2 1 1 199 1325 1810 1692
12403 4 2 1 1 1184 1211 1239 2223
12404 4 2 1 1 1742 1759 1862 2324
12405 4 2 1 1 104 1154 1356 1092
12406 4 2 1 1 1184 121 1067 1236
12407 4 2 1 1 461 488 708 2400
12408 4 2 1 1 1736 1741 1737 2372
12409 4 2 1 1 415 568 624 2332
12410 4 2 1 1 1656 1467 1580 2402
12411 4 2 1 1 2111 2480 2225 2498
12412 4 2 1 1 286 287 273 2511
12413 4 2 1 1 196 1326 1327 2414
12414 4 2 1 1 961 960 963 2374
12415 4 2 1 1 1258 1256 1220 2406
12416 4 2 1 1 1794 1801 1796 2508
12417 4 2 1 1 2051 2438 2324 2487
12418 4 2 1 1 1718 1719 1838 2528
12419 4 2 1 1 1190 1213 1261 2358
12420 4 2 1 1 376 373 375 2344
12421 4 2 1 1 1278 619 66 1280
12422 4 2 1 1 869 867 868 2445
12423 4 2 1 1 464 652 664 2373
12424 4 2 1 1 1219 1255 1257 2179
12425 4 2 1 1 1300 1317 1343 2347
12426 4 2 1 1 1943 1944 1955 2453
12427 4 2 1 1 1259 1194 1218 2245
12428 4 2 1 1 791 805 911 2337
12429 4 2 1 1 1524 1637 1666 2255
12430 4 2 1 1 773 775 776 2411
12431 4 2 1 1 262 47 660 1263
12432 4 2 1 1 1802 1936 1690 2476
12433 4 2 1 1 1017 852 1018 2391
12434 4 2 1 1 2037 2329 2282 2500
12435 4 2 1 1 726 1179 1243 2367
12436 4 2 1 1 227 2146 2535 2543
12437 4 2 1 1 18 606 19 2429
12438 4 2 1 1 341 342 343 2473
12439 4 2 1 1 501 499 628 2376
12440 4 2 1 1 382 611 2425 2526
12441 4 2 1 1 275 15 14 2392
12442 4 2 1 1 1174 1204 1279 2260
12443 4 2 1 1 1944 1957 1955 2453
12444 4 2 1 1 1368 2231 1529 2530
12445 4 2 1 1 537 451 394 2341
12446 4 2 1 1 212 213 1386 2536
12447 4 2 1 1 1543 229 1544 2343
12448 4 2 1 1 1888 1900 1778 2541
12449 4 2 1 1 690 525 527 2499
12450 4 2 1 1 1793 1794 1795 2508
12451 4 2 1 1 1157 1022 1062 2245
12452 4 2 1 1 1928 1687 212 2536
12453 4 2 1 1 1283 1265 2316 2539
12454 4 2 1 1 1178 60 667 1238
12455 4 2 1 1 295 296 297 2313
12456 4 2 1 1 1414 1415 1416 2516
12457 4 2 1 1 1122 788 943 2326
12458 4 2 1 1 1773 9 235 1956
12459 4 2 1 1 1091 1058 1057 2454
12460 4 2 1 1 715 1256 1181 2406
12461 4 2 1 1 1083 130 1286 1281
12462 4 2 1 1 1261 1213 139 1378
12463 4 2 1 1 253 2256 2334 2407
12464 4 2 1 1 1254 64 268 670
12465 4 2 1 1 1656 1517 1627 2402
12466 4 2 1 1 120 1184 1067 1250
12467 4 2 1 1 571 564 429 2401
12468 4 2 1 1 1086 911 1095 2487
12469 4 2 1 1 1611 1587 1644 2227
12470 4 2 1 1 1195 669 49 1246
12471 4 2 1 1 87 699 1363 1351
12472 4 2 1 1 420 530 529 2248
12473 4 2 1 1 687 475 458 2489
12474 4 2 1 1 1287 1280 67 270
12475 4 2 1 1 645 548 321 2345
12476 4 2 1 1 299 300 301 2545
12477 4 2 1 1 2007 2494 2422 2527
12478 4 2 1 1 611 629 382 2425
12479 4 2 1 1 1653 1609 2439 2449
12480 4 2 1 1 1211 1258 173 1839
12481 4 2 1 1 726 124 1243 1179
12482 4 2 1 1 2350 2429 2010 2490
12483 4 2 1 1 219 1682 1846 2448
12484 4 2 1 1 1670 1835 1788 2270
12485 4 2 1 1 240 241 1677 1960
12486 4 2 1 1 1168 1267 1283 2537
12487 4 2 1 1 1762 1876 1864 2276
12488 4 2 1 1 215 1379 214 2490
12489 4 2 1 1 928 1100 800 2515
12490 4 2 1 1 281 13 12 2316
12491 4 2 1 1 284 698 615 2318
12492 4 2 1 1 172 1924 1258 1220
12493 4 2 1 1 1923 1671 1826 2246
12494 4 2 1 1 639 257 529 2377
12495 4 2 1 1 1329 1340 1297 2293
12496 4 2 1 1 454 633 607 2440
12497 4 2 1 1 1541 1555 1644 2189
12498 4 2 1 1 2001 2300 2408 2454
12499 4 2 1 1 414 484 397 2433
12500 4 2 1 1 823 861 821 2266
12501 4 2 1 1 1089 785 1014 2319
12502 4 2 1 1 22 581 280 2234
12503 4 2 1 1 34 703 650 2310
12504 4 2 1 1 2001 2408 2300 2476
12505 4 2 1 1 1656 1627 1529 2530
12506 4 2 1 1 665 448 400 2510
12507 4 2 1 1 2422 2494 2067 2527
12508 4 2 1 1 1251 1180 547 2328
12509 4 2 1 1 399 400 446 2510
12510 4 2 1 1 1238 59 659 1235
12511 4 2 1 1 1995 2296 2272 2519
12512 4 2 1 1 1487 1514 2518 2540
12513 4 2 1 1 1330 1298 1339 2378
12514 4 2 1 1 808 809 837 2405
12515 4 2 1 1 1413 1412 1414 2514
12516 4 2 1 1 1618 1607 1483 2353
12517 4 2 1 1 515 585 312 2370
12518 4 2 1 1 300 298 554 2545
12519 4 2 1 1 6 210 1200 1177
12520 4 2 1 1 912 1069 1004 2505
12521 4 2 1 1 1381 1324 189 1312
12522 4 2 1 1 942 815 1004 2531
12523 4 2 1 1 1298 1330 1365 2378
12524 4 2 1 1 19 599 20 2457
12525 4 2 1 1 1366 1297 1343 2293
12526 4 2 1 1 1164 1058 1071 2250
12527 4 2 1 1 1958 1939 1959 2277
12528 4 2 1 1 973 972 964 2404
12529 4 2 1 1 1172 158 1595 1201
12530 4 2 1 1 1951 1947 1962 2409
12531 4 2 1 1 1183 1270 1218 2246
12532 4 2 1 1 1004 750 748 2531
12533 4 2 1 1 1926 1905 1790 2361
12534 4 2 1 1 1276 136 1651 1189
12535 4 2 1 1 461 413 488 2400
12536 4 2 1 1 38 271 39 2236
12537 4 2 1 1 475 459 458 2489
12538 4 2 1 1 605 1296 75 2423
12539 4 2 1 1 188 1530 1310 1381
12540 4 2 1 1 451 450 394 2341
12541 4 2 1 1 1315 1352 1293 2456
12542 4 2 1 1 445 565 458 2451
12543 4 2 1 1 210 211 1389 2410
12544 4 2 1 1 1807 1913 1760 2351
12545 4 2 1 1 1065 117 1256 1193
12546 4 2 1 1 928 800 1143 2515
12547 4 2 1 1 2272 2296 2025 2519
12548 4 2 1 1 261 659 59 1235
12549 4 2 1 1 1887 1689 1874 2290
12550 4 2 1 1 141 1611 1271 1637
12551 4 2 1 1 250 1944 1943 2243
12552 4 2 1 1 1889 1921 1202 2396
12553 4 2 1 1 565 674 687 2451
12554 4 2 1 1 1306 1340 1319 2270
12555 4 2 1 1 463 644 402 2362
12556 4 2 1 1 2086 2514 2298 2516
12557 4 2 1 1 1654 1200 210 2539
12558 4 2 1 1 54 603 1192 278
12559 4 2 1 1 284 615 610 2318
12560 4 2 1 1 1080 128 1279 727
12561 4 2 1 1 976 1081 1082 2386
12562 4 2 1 1 1170 743 1286 2491
12563 4 2 1 1 623 427 598 2289
12564 4 2 1 1 1049 1103 903 2388
12565 4 2 1 1 1590 214 1379 2350
12566 4 2 1 1 959 960 961 2374
12567 4 2 1 1 555 436 643 2395
12568 4 2 1 1 1195 1260 1217 2447
12569 4 2 1 1 208 1683 1309 1805
12570 4 2 1 1 1687 1803 1927 2408
12571 4 2 1 1 1795 1797 1799 2523
12572 4 2 1 1 1545 226 227 2543
12573 4 2 1 1 986 772 983 2190
12574 4 2 1 1 187 1530 1491 1310
12575 4 2 1 1 1217 141 1271 1637
12576 4 2 1 1 383 403 521 2389
12577 4 2 1 1 1077 2251 1272 2537
12578 4 2 1 1 129 729 1080 1281
12579 4 2 1 1 256 547 1180 2328
12580 4 2 1 1 1335 1332 1325 2461
12581 4 2 1 1 680 261 58 1235
12582 4 2 1 1 632 595 694 2279
12583 4 2 1 1 669 262 509 2447
12584 4 2 1 1 870 981 867 2445
12585 4 2 1 1 1692 199 1325 1328
12586 4 2 1 1 1140 1136 909 2409
12587 4 2 1 1 222 1900 244 2419
12588 4 2 1 1 574 415 624 2332
12589 4 2 1 1 1841 1842 1843 2336
12590 4 2 1 1 698 1287 67 270
12591 4 2 1 1 1801 1934 1687 2359
12592 4 2 1 1 1874 1689 1888 2290
12593 4 2 1 1 1310 1316 1353 2369
12594 4 2 1 1 1784 1879 1766 2484
12595 4 2 1 1 283 595 632 2279
12596 4 2 1 1 604 455 605 2423
12597 4 2 1 1 1379 1591 1590 2449
12598 4 2 1 1 1736 1737 1735 2372
12599 4 2 1 1 1546 1632 1547 2381
12600 4 2 1 1 1414 1416 1417 2516
12601 4 2 1 1 1396 1397 1398 2468
12602 4 2 1 1 1059 1133 1091 2454
12603 4 2 1 1 130 1083 729 1281
12604 4 2 1 1 1156 720 1131 2529
12605 4 2 1 1 361 362 351 2371
12606 4 2 1 1 1282 1168 12 2537
12607 4 2 1 1 1506 1593 1660 2428
12608 4 2 1 1 699 87 641 1351
12609 4 2 1 1 945 948 1121 2502
12610 4 2 1 1 1810 1325 200 1684
12611 4 2 1 1 1318 1312 1299 2530
12612 4 2 1 1 610 486 614 2501
12613 4 2 1 1 1321 201 1332 1684
12614 4 2 1 1 844 833 843 2331
12615 4 2 1 1 1789 1750 1748 2474
12616 4 2 1 1 1251 1180 56 547
12617 4 2 1 1 1617 1506 1591 2428
12618 4 2 1 1 1344 1318 1299 2231
12619 4 2 1 1 1095 911 805 2487
12620 4 2 1 1 592 612 396 2383
12621 4 2 1 1 363 701 335 2309
12622 4 2 1 1 506 512 505 2348
12623 4 2 1 1 833 832 843 2407
12624 4 2 1 1 1483 1607 1579 2353
12625 4 2 1 1 421 422 524 2421
12626 4 2 1 1 588 569 709 2393
12627 4 2 1 1 772 773 770 2411
12628 4 2 1 1 2000 2412 2380 2538
12629 4 2 1 1 1012 835 839 2478
12630 4 2 1 1 798 1034 794 2482
12631 4 2 1 1 569 700 570 2393
12632 4 2 1 1 1182 1213 1268 2358
12633 4 2 1 1 614 618 284 2318
12634 4 2 1 1 1782 1771 1806 2330
12635 4 2 1 1 1326 1382 195 1531
12636 4 2 1 1 1174 1279 128 727
12637 4 2 1 1 1110 1158 742 2307
12638 4 2 1 1 2041 2484 2205 2535
12639 4 2 1 1 1539 1513 1508 2439
12640 4 2 1 1 1593 1534 1594 2475
12641 4 2 1 1 942 1069 1111 2505
12642 4 2 1 1 991 990 1108 2346
12643 4 2 1 1 1961 1962 1948 2346
12644 4 2 1 1 1322 1320 1305 2354
12645 4 2 1 1 430 434 429 2471
12646 4 2 1 1 603 1255 54 1192
12647 4 2 1 1 1790 1789 1748 2521
12648 4 2 1 1 1321 1332 1338 2340
12649 4 2 1 1 898 919 929 2434
12650 4 2 1 1 2321 2429 1996 2490
12651 4 2 1 1 2010 2429 2321 2490
12652 4 2 1 1 389 628 499 2376
12653 4 2 1 1 1114 726 1040 2367
12654 4 2 1 1 1122 982 929 2434
12655 4 2 1 1 548 318 321 2345
12656 4 2 1 1 480 476 478 2524
12657 4 2 1 1 622 529 257 2377
12658 4 2 1 1 1269 1183 109 2450
12659 4 2 1 1 1247 733 107 1064
12660 4 2 1 1 1120 938 907 2435
12661 4 2 1 1 20 264 21 2457
12662 4 2 1 1 592 396 366 2383
12663 4 2 1 1 1254 268 64 1173
12664 4 2 1 1 1527 192 1521 1330
12665 4 2 1 1 1906 1842 1840 2253
12666 4 2 1 1 1130 109 970 2450
12667 4 2 1 1 337 536 549 2298
12668 4 2 1 1 35 34 650 2310
12669 4 2 1 1 2362 2431 2053 2436
12670 4 2 1 1 715 1145 1065 2406
12671 4 2 1 1 1079 740 1074 2538
12672 4 2 1 1 448 482 446 2510
12673 4 2 1 1 640 533 547 2328
12674 4 2 1 1 750 749 748 2464
12675 4 2 1 1 1320 1521 192 1330
12676 4 2 1 1 1915 1911 160 1277
12677 4 2 1 1 1202 183 1177 1921
12678 4 2 1 1 1265 1168 1283 2316
12679 4 2 1 1 10 1940 1957 2365
12680 4 2 1 1 1274 699 42 1234
12681 4 2 1 1 926 1121 928 2502
12682 4 2 1 1 812 1121 948 2306
12683 4 2 1 1 1313 1317 1300 2347
12684 4 2 1 1 1324 188 1310 1381
12685 4 2 1 1 915 1151 1030 2302
12686 4 2 1 1 1590 213 214 2350
12687 4 2 1 1 1080 1279 129 1281
12688 4 2 1 1 1995 2272 2475 2519
12689 4 2 1 1 1245 1198 1241 2333
12690 4 2 1 1 1907 1780 1933 2461
12691 4 2 1 1 1996 2429 2350 2490
12692 4 2 1 1 1158 1275 105 742
12693 4 2 1 1 1309 1315 208 1805
12694 4 2 1 1 1025 1084 1019 2311
12695 4 2 1 1 75 76 1296 605
12696 4 2 1 1 99 100 1295 953
12697 4 2 1 1 1243 1208 1290 2367
12698 4 2 1 1 827 807 2443 2544
12699 4 2 1 1 649 258 469 2485
12700 4 2 1 1 20 1127 19 2321
12701 4 2 1 1 1018 852 1019 2391
12702 4 2 1 1 1185 680 58 1235
12703 4 2 1 1 765 762 987 2446
12704 4 2 1 1 486 275 613 2392
12705 4 2 1 1 2154 2415 2290 2541
12706 4 2 1 1 1257 1255 1180 2179
12707 4 2 1 1 1960 1939 1958 2277
12708 4 2 1 1 1170 1284 1266 2491
12709 4 2 1 1 547 1180 56 256
12710 4 2 1 1 1369 227 228 2543
12711 4 2 1 1 292 291 290 2312
12712 4 2 1 1 1241 1198 1229 2333
12713 4 2 1 1 328 677 552 2394
12714 4 2 1 1 252 251 1945 2391
12715 4 2 1 1 1529 1368 1528 2231
12716 4 2 1 1 191 1527 1368 1330
12717 4 2 1 1 244 245 223 2419
12718 4 2 1 1 1316 1294 1353 2369
12719 4 2 1 1 927 925 854 2390
12720 4 2 1 1 1312 190 1540 1318
12721 4 2 1 1 858 828 1086 2438
12722 4 2 1 1 1013 1131 1114 2529
12723 4 2 1 1 938 739 1054 2285
12724 4 2 1 1 1945 1943 1955 2495
12725 4 2 1 1 702 600 593 2358
12726 4 2 1 1 1310 1491 187 1316
12727 4 2 1 1 1191 733 107 1247
12728 4 2 1 1 571 569 398 2325
12729 4 2 1 1 1346 1299 1312 2530
12730 4 2 1 1 1083 1159 1135 2491
12731 4 2 1 1 1201 1285 1265 2539
12732 4 2 1 1 1509 1510 1466 2273
12733 4 2 1 1 869 868 932 2384
12734 4 2 1 1 1197 1230 1242 2513
12735 4 2 1 1 1321 1319 202 1816
12736 4 2 1 1 47 1182 660 1263
12737 4 2 1 1 1142 913 1054 2285
12738 4 2 1 1 1309 1683 207 1808
12739 4 2 1 1 1670 202 1319 1816
12740 4 2 1 1 2329 2500 2037 2518
12741 4 2 1 1 1350 1304 1364 2307
12742 4 2 1 1 206 1323 1808 1313
12743 4 2 1 1 1638 1591 1506 2428
12744 4 2 1 1 1368 1540 190 1318
12745 4 2 1 1 399 577 352 2492
12746 4 2 1 1 1214 1270 1183 2450
12747 4 2 1 1 475 476 459 2489
12748 4 2 1 1 469 432 438 2485
12749 4 2 1 1 295 328 552 2394
12750 4 2 1 1 818 1026 1016 2356
12751 4 2 1 1 267 653 62 1244
12752 4 2 1 1 501 593 500 2472
12753 4 2 1 1 2007 2422 2272 2527
12754 4 2 1 1 1170 743 131 1286
12755 4 2 1 1 251 1943 1945 2495
12756 4 2 1 1 513 647 695 2366
12757 4 2 1 1 1860 1861 1858 2467
12758 4 2 1 1 1314 1354 234 1311
12759 4 2 1 1 1017 1018 1102 2334
12760 4 2 1 1 1798 1927 1803 2408
12761 4 2 1 1 1391 2475 2422 2519
12762 4 2 1 1 37 1096 1125 2379
12763 4 2 1 1 1647 1599 234 2287
12764 4 2 1 1 1182 1268 46 660
12765 4 2 1 1 380 549 611 2526
12766 4 2 1 1 1484 1518 1625 2480
12767 4 2 1 1 1923 1827 166 1218
12768 4 2 1 1 1491 1652 1613 2369
12769 4 2 1 1 1258 1181 1256 2406
12770 4 2 1 1 1851 1881 1738 2546
12771 4 2 1 1 1892 1816 1788 2340
12772 4 2 1 1 219 1846 220 2448
12773 4 2 1 1 612 634 493 2504
12774 4 2 1 1 1677 1693 240 2323
12775 4 2 1 1 824 822 834 2453
12776 4 2 1 1 1331 1326 195 1531
12777 4 2 1 1 1413 1414 1561 2514
12778 4 2 1 1 1607 1501 1608 2520
12779 4 2 1 1 1931 1881 1787 2335
12780 4 2 1 1 1592 1487 1514 2518
12781 4 2 1 1 1583 1401 1402 2303
12782 4 2 1 1 1461 1480 1473 2469
12783 4 2 1 1 108 1130 1191 1269
12784 4 2 1 1 1742 1862 1748 2324
12785 4 2 1 1 2025 2422 2272 2519
12786 4 2 1 1 256 640 547 2328
12787 4 2 1 1 1490 1619 1511 2437
12788 4 2 1 1 1936 1775 1889 2396
12789 4 2 1 1 1808 1675 206 1313
12790 4 2 1 1 1233 105 1275 742
12791 4 2 1 1 284 610 614 2318
12792 4 2 1 1 1330 1368 191 1318
12793 4 2 1 1 1591 1653 1617 2486
12794 4 2 1 1 2291 2003 2315 2510
12795 4 2 1 1 1204 1206 1279 2260
12796 4 2 1 1 72 73 1294 285
12797 4 2 1 1 248 1904 1932 2314
12798 4 2 1 1 1491 1530 1652 2369
12799 4 2 1 1 1884 2462 1789 2521
12800 4 2 1 1 1793 1863 1750 2506
12801 4 2 1 1 1329 1297 1366 2293
12802 4 2 1 1 1258 1211 1181 2258
12803 4 2 1 1 844 909 833 2331
12804 4 2 1 1 832 910 843 2407
12805 4 2 1 1 1521 193 1375 1322
12806 4 2 1 1 1888 1778 1874 2541
12807 4 2 1 1 1345 98 99 724
12808 4 2 1 1 1256 1181 118 715
12809 4 2 1 1 1504 1489 1490 2424
12810 4 2 1 1 1073 16 1070 2420
12811 4 2 1 1 1188 160 1911 1277
12812 4 2 1 1 1299 77 78 497
12813 4 2 1 1 666 648 447 2398
12814 4 2 1 1 1332 200 1325 1684
12815 4 2 1 1 929 1112 1122 2326
12816 4 2 1 1 1451 1452 1450 2322
12817 4 2 1 1 1687 1927 1801 2534
12818 4 2 1 1 1653 1379 1609 2449
12819 4 2 1 1 1836 1709 1710 2364
12820 4 2 1 1 354 502 518 2432
12821 4 2 1 1 726 950 1040 2367
12822 4 2 1 1 1323 1309 207 1808
12823 4 2 1 1 790 1109 1023 2459
12824 4 2 1 1 1747 1771 1782 2330
12825 4 2 1 1 1234 699 42 283
12826 4 2 1 1 1315 1311 1910 2456
12827 4 2 1 1 1078 132 1272 1170
12828 4 2 1 1 391 463 402 2362
12829 4 2 1 1 1511 1624 1639 2436
12830 4 2 1 1 1599 233 234 2287
12831 4 2 1 1 807 806 827 2443
12832 4 2 1 1 330 331 326 2525
12833 4 2 1 1 1275 1188 1233 2307
12834 4 2 1 1 604 75 1362 2423
12835 4 2 1 1 1322 1521 193 1320
12836 4 2 1 1 1898 1800 1909 2444
12837 4 2 1 1 39 271 668 2532
12838 4 2 1 1 539 594 595 2477
12839 4 2 1 1 1581 1403 1604 2426
12840 4 2 1 1 1285 1169 1265 2318
12841 4 2 1 1 903 1048 1049 2388
12842 4 2 1 1 1260 1195 1246 2447
12843 4 2 1 1 1687 213 212 2536
12844 4 2 1 1 1889 1775 1921 2396
12845 4 2 1 1 681 591 260 2509
12846 4 2 1 1 317 452 315 2382
12847 4 2 1 1 1672 1785 1930 2365
12848 4 2 1 1 744 103 102 1293
12849 4 2 1 1 1904 1879 227 2535
12850 4 2 1 1 1191 1214 1269 2450
12851 4 2 1 1 1488 1619 1490 2437
12852 4 2 1 1 2422 2475 2272 2519
12853 4 2 1 1 1141 1104 1080 2260
12854 4 2 1 1 1782 1918 1922 2452
12855 4 2 1 1 827 1027 807 2544
12856 4 2 1 1 1083 1286 743 2491
12857 4 2 1 1 2265 2482 2031 2506
12858 4 2 1 1 429 564 377 2401
12859 4 2 1 1 524 422 525 2421
12860 4 2 1 1 68 1287 698 1169
12861 4 2 1 1 1282 1272 1267 2537
12862 4 2 1 1 256 1255 55 603
12863 4 2 1 1 377 375 374 2375
12864 4 2 1 1 868 1117 932 2384
12865 4 2 1 1 1282 1267 1168 2537
12866 4 2 1 1 1394 1393 1395 2494
12867 4 2 1 1 1806 1805 1833 2456
12868 4 2 1 1 899 920 919 2413
12869 4 2 1 1 1160 919 920 2413
12870 4 2 1 1 1857 1882 1680 2403
12871 4 2 1 1 604 605 75 2423
12872 4 2 1 1 692 527 526 2499
12873 4 2 1 1 1781 1675 1869 2347
12874 4 2 1 1 334 454 579 2329
12875 4 2 1 1 806 807 804 2443
12876 4 2 1 1 1505 1504 1490 2424
12877 4 2 1 1 1536 1374 1537 2315
12878 4 2 1 1 2310 2535 2146 2543
12879 4 2 1 1 1606 1499 1585 2483
12880 4 2 1 1 708 264 599 2457
12881 4 2 1 1 619 65 268 1278
12882 4 2 1 1 1399 1398 1397 2468
12883 4 2 1 1 618 1169 284 2318
12884 4 2 1 1 1969 252 253 2334
12885 4 2 1 1 2090 2439 2400 2449
12886 4 2 1 1 1655 1374 218 2342
12887 4 2 1 1 1882 1858 1861 2467
12888 4 2 1 1 666 488 648 2398
12889 4 2 1 1 1617 1653 1486 2486
12890 4 2 1 1 1675 205 1313 1317
12891 4 2 1 1 386 426 638 2527
12892 4 2 1 1 1082 1081 922 2386
12893 4 2 1 1 1074 734 1133 2538
12894 4 2 1 1 1894 1919 204 1329
12895 4 2 1 1 269 606 18 2429
12896 4 2 1 1 1857 179 1223 2403
12897 4 2 1 1 1005 889 892 2363
12898 4 2 1 1 1781 1894 1675 2347
12899 4 2 1 1 108 1130 733 1191
12900 4 2 1 1 1910 1805 1315 2456
12901 4 2 1 1 205 1675 1894 1317
12902 4 2 1 1 690 527 371 2317
12903 4 2 1 1 342 344 343 2473
12904 4 2 1 1 1697 1719 1718 2528
12905 4 2 1 1 1173 268 65 1278
12906 4 2 1 1 384 403 383 2389
12907 4 2 1 1 492 275 484 2433
12908 4 2 1 1 1008 1007 910 2256
12909 4 2 1 1 1061 1079 1133 2538
12910 4 2 1 1 1307 1335 1325 2461
12911 4 2 1 1 1884 1674 1789 2462
12912 4 2 1 1 1639 1645 1512 2431
12913 4 2 1 1 1044 860 1031 2415
12914 4 2 1 1 1726 1728 1727 2512
12915 4 2 1 1 1792 1855 1794 2427
12916 4 2 1 1 185 1304 1277 1364
12917 4 2 1 1 1725 1726 1727 2512
12918 4 2 1 1 281 12 617 2316
12919 4 2 1 1 1850 1849 1783 2399
12920 4 2 1 1 382 629 384 2425
12921 4 2 1 1 1595 1201 1654 2539
12922 4 2 1 1 1616 1645 1639 2431
12923 4 2 1 1 1621 1614 1485 2352
12924 4 2 1 1 1857 1680 179 2403
12925 4 2 1 1 1277 1188 1275 2307
12926 4 2 1 1 98 97 954 1300
12927 4 2 1 1 508 510 616 2503
12928 4 2 1 1 1393 1392 1391 2422
12929 4 2 1 1 2014 2518 2492 2540
12930 4 2 1 1 1850 1783 1937 2399
12931 4 2 1 1 1145 1167 1065 2406
12932 4 2 1 1 1364 1277 185 1275
12933 4 2 1 1 302 535 327 2397
12934 4 2 1 1 222 244 223 2419
12935 4 2 1 1 16 1073 15 2420
12936 4 2 1 1 1926 1682 1905 2361
12937 4 2 1 1 335 336 363 2309
12938 4 2 1 1 95 96 1297 951
12939 4 2 1 1 1070 728 1071 2460
12940 4 2 1 1 433 436 555 2395
12941 4 2 1 1 783 784 1032 2417
12942 4 2 1 1 1121 926 945 2502
12943 4 2 1 1 527 686 371 2317
12944 4 2 1 1 808 837 838 2405
12945 4 2 1 1 727 127 1253 1166
12946 4 2 1 1 333 664 652 2373
12947 4 2 1 1 485 486 610 2501
12948 4 2 1 1 824 823 822 2453
12949 4 2 1 1 1594 1386 1660 2517
12950 4 2 1 1 1775 1803 1928 2412
12951 4 2 1 1 938 1054 913 2285
12952 4 2 1 1 1480 1461 1573 2469
12953 4 2 1 1 1472 1629 1554 2522
12954 4 2 1 1 1321 1338 1306 2340
12955 4 2 1 1 179 1680 1209 2403
12956 4 2 1 1 1449 1438 1551 2458
12957 4 2 1 1 1272 1077 1078 2251
12958 4 2 1 1 1179 1208 1243 2367
12959 4 2 1 1 1076 1086 828 2438
12960 4 2 1 1 509 276 669 2447
12961 4 2 1 1 160 1357 1915 1277
12962 4 2 1 1 1770 1787 1881 2335
12963 4 2 1 1 1651 1358 136 1276
12964 4 2 1 1 1656 1580 1517 2402
12965 4 2 1 1 1792 1794 1793 2427
12966 4 2 1 1 1078 2251 1159 2491
12967 4 2 1 1 393 607 633 2440
12968 4 2 1 1 1307 89 90 1075
12969 4 2 1 1 1296 1362 75 2423
12970 4 2 1 1 1457 1495 1582 2479
12971 4 2 1 1 1435 1446 1585 2488
12972 4 2 1 1 1362 1296 1341 2423
12973 4 2 1 1 1269 1214 1183 2450
12974 4 2 1 1 1116 909 1136 2409
12975 4 2 1 1 1149 812 948 2306
12976 4 2 1 1 1159 1078 1079 2251
12977 4 2 1 1 1374 217 218 2342
12978 4 2 1 1 2037 2492 2329 2518
12979 4 2 1 1 426 386 425 2527
12980 4 2 1 1 1540 1368 1529 2530
12981 4 2 1 1 1395 1393 1506 2494
12982 4 2 1 1 1606 1585 1471 2483
12983 4 2 1 1 1029 862 1094 2465
12984 4 2 1 1 1170 1286 1284 2491
12985 4 2 1 1 1473 1629 1472 2522
12986 4 2 1 1 1376 152 153 1225
12987 4 2 1 1 1819 1817 1818 2385
12988 4 2 1 1 1567 1608 1501 2520
12989 4 2 1 1 500 499 501 2472
12990 4 2 1 1 528 529 622 2377
12991 4 2 1 1 1315 1333 1311 2456
12992 4 2 1 1 771 1028 985 2481
12993 4 2 1 1 1382 1532 1533 2414
12994 4 2 1 1 1315 1293 1333 2456
12995 4 2 1 1 15 704 16 2420
12996 4 2 1 1 1738 1849 1851 2546
12997 4 2 1 1 1571 1411 1435 2418
12998 4 2 1 1 1218 165 1923 1270
12999 4 2 1 1 1186 175 176 1845
13000 4 2 1 1 505 512 682 2348
13001 4 2 1 1 216 217 1539 2416
13002 4 2 1 1 577 454 352 2492
13003 4 2 1 1 154 155 1380 1224
13004 4 2 1 1 1496 1464 1541 2368
13005 4 2 1 1 1023 778 790 2459
13006 4 2 1 1 647 513 582 2366
13007 4 2 1 1 1875 1863 1793 2506
13008 4 2 1 1 146 145 1228 1370
13009 4 2 1 1 750 815 752 2531
13010 4 2 1 1 133 1078 1272 1077
13011 4 2 1 1 1390 1391 1385 2519
13012 4 2 1 1 525 526 527 2499
13013 4 2 1 1 1766 1904 248 2314
13014 4 2 1 1 1251 1212 1180 2328
13015 4 2 1 1 1950 253 1941 2407
13016 4 2 1 1 168 169 1229 1877
13017 4 2 1 1 23 739 22 2496
13018 4 2 1 1 727 127 1174 1253
13019 4 2 1 1 1282 1077 1272 2537
13020 4 2 1 1 740 1079 1078 2251
13021 4 2 1 1 1146 19 1127 2321
13022 4 2 1 1 725 94 93 1306
13023 4 2 1 1 85 86 1308 583
13024 4 2 1 1 910 1017 1102 2334
13025 4 2 1 1 1884 216 1674 2462
13026 4 2 1 1 898 929 982 2434
13027 4 2 1 1 1400 1399 1592 2500
13028 4 2 1 1 588 700 569 2393
13029 4 2 1 1 266 82 81 1305
13030 4 2 1 1 1045 1044 1031 2415
13031 4 2 1 1 1957 1940 1955 2266
13032 4 2 1 1 1329 204 1894 1317
13033 4 2 1 1 382 380 611 2526
13034 4 2 1 1 728 1070 17 2460
13035 4 2 1 1 52 51 255 1197
13036 4 2 1 1 1546 1547 1384 2381
13037 4 2 1 1 1308 1327 1326 2414
13038 4 2 1 1 10 1785 1672 2365
13039 4 2 1 1 14 613 275 2392
13040 4 2 1 1 1190 1268 1213 2358
13041 4 2 1 1 1180 1255 55 256
13042 4 2 1 1 1283 1200 1265 2539
13043 4 2 1 1 52 53 1231 602
13044 4 2 1 1 1230 145 144 1556
13045 4 2 1 1 340 338 339 2497
13046 4 2 1 1 987 762 764 2446
13047 4 2 1 1 985 1028 1106 2481
13048 4 2 1 1 991 789 990 2346
13049 4 2 1 1 539 538 594 2477
13050 4 2 1 1 273 74 73 1347
13051 4 2 1 1 1270 165 1923 1671
13052 4 2 1 1 1487 1513 1514 2540
13053 4 2 1 1 1122 1112 788 2326
13054 4 2 1 1 1663 1536 1537 2315
13055 4 2 1 1 1363 699 3 1274
13056 4 2 1 1 1242 1230 1199 2513
13057 4 2 1 1 572 326 331 2525
13058 4 2 1 1 1541 1644 1496 2368
13059 4 2 1 1 183 1202 1889 1921
13060 4 2 1 1 867 869 870 2445
13061 4 2 1 1 4 1364 1275 1158
13062 4 2 1 1 1079 1074 1133 2538
13063 4 2 1 1 1308 1326 1336 2414
13064 4 2 1 1 1809 1913 1807 2351
13065 4 2 1 1 732 102 101 1348
13066 4 2 1 1 252 1968 251 2391
13067 4 2 1 1 1617 1486 1397 2486
13068 4 2 1 1 38 1096 37 2379
13069 4 2 1 1 1529 1627 1540 2530
13070 4 2 1 1 1391 1534 1593 2475
13071 4 2 1 1 1346 76 77 265
13072 4 2 1 1 1053 739 23 2496
13073 4 2 1 1 1034 798 1038 2482
13074 4 2 1 1 721 110 1264 1150
13075 4 2 1 1 537 368 388 2493
13076 4 2 1 1 176 177 1226 1853
13077 4 2 1 1 15 734 14 2380
13078 4 2 1 1 1744 1716 1751 2542
13079 4 2 1 1 147 146 1248 1558
13080 4 2 1 1 1667 1389 211 2410
13081 4 2 1 1 1035 1041 801 2470
13082 4 2 1 1 1223 178 179 1857
13083 4 2 1 1 1227 169 170 1823
13084 4 2 1 1 559 296 294 2455
13085 4 2 1 1 949 947 1155 2533
13086 4 2 1 1 1025 826 824 2495
13087 4 2 1 1 133 1078 132 1272
13088 4 2 1 1 284 68 698 1169
13089 4 2 1 1 1676 168 167 1198
13090 4 2 1 1 179 1209 1223 2403
13091 4 2 1 1 1898 1909 1865 2444
13092 4 2 1 1 1170 1078 743 2491
13093 4 2 1 1 1544 1662 1543 2343
13094 4 2 1 1 856 835 1012 2478
13095 4 2 1 1 434 430 566 2471
13096 4 2 1 1 483 286 285 2511
13097 4 2 1 1 1150 110 1264 1183
13098 4 2 1 1 1083 131 743 1286
13099 4 2 1 1 1322 1305 1337 2354
13100 4 2 1 1 1077 1282 12 2537
13101 4 2 1 1 1358 136 5 1651
13102 4 2 1 1 683 485 610 2501
13103 4 2 1 1 964 999 973 2404
13104 4 2 1 1 1208 177 178 1669
13105 4 2 1 1 1083 743 1159 2491
13106 4 2 1 1 1212 1257 1180 2328
13107 4 2 1 1 211 1775 1928 2412
13108 4 2 1 1 1177 6 210 1921
13109 4 2 1 1 49 50 1246 276
13110 4 2 1 1 1385 156 157 1203
13111 4 2 1 1 599 264 20 2457
13112 4 2 1 1 1357 160 184 1277
13113 4 2 1 1 1358 135 136 1276
13114 4 2 1 1 942 1004 1069 2505
13115 4 2 1 1 1643 1633 1546 2498
13116 4 2 1 1 1314 234 8 1311
13117 4 2 1 1 1063 113 114 1241
13118 4 2 1 1 1000 92 91 1302
13119 4 2 1 1 1915 1357 198 1328
13120 4 2 1 1 1552 143 144 1199
13121 4 2 1 1 1207 154 153 1584
13122 4 2 1 1 299 298 300 2545
13123 4 2 1 1 1091 1057 1059 2454
13124 4 2 1 1 1383 147 148 1219
13125 4 2 1 1 113 112 1245 735
13126 4 2 1 1 925 855 854 2390
13127 4 2 1 1 1387 1649 1549 2441
13128 4 2 1 1 213 1687 1934 2359
13129 4 2 1 1 13 740 12 2537
13130 4 2 1 1 1027 827 860 2544
13131 4 2 1 1 1357 7 160 1915
13132 4 2 1 1 209 1315 1311 1910
13133 4 2 1 1 847 947 949 2533
13134 4 2 1 1 414 492 484 2433
13135 4 2 1 1 1192 53 54 278
13136 4 2 1 1 1506 1660 1638 2428
13137 4 2 1 1 658 681 260 2509
13138 4 2 1 1 1574 151 152 1187
13139 4 2 1 1 1927 1796 1801 2534
13140 4 2 1 1 136 137 1612 1189
13141 4 2 1 1 1247 107 106 1064
13142 4 2 1 1 1390 157 158 1172
13143 4 2 1 1 448 446 400 2510
13144 4 2 1 1 477 672 478 2524
13145 4 2 1 1 75 74 604 1362
13146 4 2 1 1 1790 1884 1789 2521
13147 4 2 1 1 139 138 1261 1555
13148 4 2 1 1 1369 1545 227 2543
13149 4 2 1 1 493 269 675 2504
13150 4 2 1 1 101 100 952 1361
13151 4 2 1 1 628 616 510 2503
13152 4 2 1 1 209 1315 1910 1805
13153 4 2 1 1 1651 197 1358 1327
13154 4 2 1 1 1262 162 163 1685
13155 4 2 1 1 1933 1810 1907 2461
13156 4 2 1 1 601 51 50 1242
13157 4 2 1 1 653 63 62 1176
13158 4 2 1 1 1252 43 44 632
13159 4 2 1 1 458 565 687 2451
13160 4 2 1 1 42 43 1234 283
13161 4 2 1 1 268 65 64 1173
13162 4 2 1 1 477 478 476 2524
13163 4 2 1 1 1630 1582 1495 2479
13164 4 2 1 1 749 747 748 2464
13165 4 2 1 1 773 772 775 2411
13166 4 2 1 1 1177 183 6 1921
13167 4 2 1 1 1879 228 227 2535
13168 4 2 1 1 1240 151 150 1566
13169 4 2 1 1 79 80 1298 639
13170 4 2 1 1 1331 195 194 1531
13171 4 2 1 1 1356 103 104 1092
13172 4 2 1 1 6 210 1654 1200
13173 4 2 1 1 1339 80 81 651
13174 4 2 1 1 1077 740 2251 2537
13175 4 2 1 1 1131 1013 1156 2529
13176 4 2 1 1 45 44 274 1190
13177 4 2 1 1 1130 970 969 2450
13178 4 2 1 1 135 136 5 1358
13179 4 2 1 1 1154 2 104 1349
13180 4 2 1 1 1935 1688 1879 2484
13181 4 2 1 1 1292 2 71 696
13182 4 2 1 1 174 175 1239 1678
13183 4 2 1 1 1518 1484 1507 2480
13184 4 2 1 1 1289 1223 1209 2403
13185 4 2 1 1 180 181 1204 1865
13186 4 2 1 1 181 182 1171 1690
13187 4 2 1 1 1131 122 123 1237
13188 4 2 1 1 1200 1654 1201 2539
13189 4 2 1 1 116 117 737 1193
13190 4 2 1 1 1653 1609 1508 2439
13191 4 2 1 1 1316 1647 186 1314
13192 4 2 1 1 635 72 71 1355
13193 4 2 1 1 128 127 1174 727
13194 4 2 1 1 1692 1915 198 1328
13195 4 2 1 1 1910 1833 1805 2456
13196 4 2 1 1 184 7 160 1357
13197 4 2 1 1 126 125 1175 1039
13198 4 2 1 1 112 111 1194 1062
13199 4 2 1 1 1513 1536 1514 2540
13200 4 2 1 1 1340 94 95 1137
13201 4 2 1 1 273 285 286 2511
13202 4 2 1 1 1363 3 134 1274
13203 4 2 1 1 714 114 115 1196
13204 4 2 1 1 197 1651 1532 1327
13205 4 2 1 1 155 156 1589 1210
13206 4 2 1 1 125 124 1243 726
13207 4 2 1 1 1792 1750 1789 2474
13208 4 2 1 1 1184 121 120 1067
13209 4 2 1 1 1364 185 4 1275
13210 4 2 1 1 1212 150 149 1372
13211 4 2 1 1 1799 1875 1795 2523
13212 4 2 1 1 1491 1647 186 1316
13213 4 2 1 1 60 59 659 1238
13214 4 2 1 1 731 91 90 1335
13215 4 2 1 1 182 183 1202 1889
13216 4 2 1 1 1004 815 750 2531
13217 4 2 1 1 196 197 1532 1327
13218 4 2 1 1 1249 170 171 1679
13219 4 2 1 1 723 938 1120 2435
13220 4 2 1 1 1855 215 214 2490
13221 4 2 1 1 198 199 1692 1328
13222 4 2 1 1 678 84 83 1301
13223 4 2 1 1 179 180 1209 1680
13224 4 2 1 1 649 469 438 2485
13225 4 2 1 1 1077 1 12 1282
13226 4 2 1 1 1388 137 138 1222
13227 4 2 1 1 1312 190 189 1540
13228 4 2 1 1 85 84 272 1336
13229 4 2 1 1 634 269 493 2504
13230 4 2 1 1 163 164 1214 1834
13231 4 2 1 1 1066 119 120 1250
13232 4 2 1 1 1168 12 1 1282
13233 4 2 1 1 723 1115 938 2435
13234 4 2 1 1 1255 54 55 603
13235 4 2 1 1 59 58 261 1235
13236 4 2 1 1 1200 1201 1265 2539
13237 4 2 1 1 173 174 1211 1839
13238 4 2 1 1 1796 1795 1794 2508
13239 4 2 1 1 1332 201 200 1684
13240 4 2 1 1 1315 209 208 1805
13241 4 2 1 1 668 271 495 2532
13242 4 2 1 1 119 118 1181 715
13243 4 2 1 1 132 1078 743 1170
13244 4 2 1 1 1379 1653 1591 2449
13245 4 2 1 1 88 89 1350 1110
13246 4 2 1 1 1691 1922 1918 2452
13247 4 2 1 1 186 187 1491 1316
13248 4 2 1 1 1364 4 88 1158
13249 4 2 1 1 1260 143 142 1367
13250 4 2 1 1 123 124 1114 1179
13251 4 2 1 1 105 4 1275 1158
13252 4 2 1 1 205 206 1675 1313
13253 4 2 1 1 111 110 1264 721
13254 4 2 1 1 70 1273 617 1168
13255 4 2 1 1 203 202 1319 1670
13256 4 2 1 1 164 165 1270 1671
13257 4 2 1 1 131 132 743 1170
13258 4 2 1 1 740 1078 1077 2251
13259 4 2 1 1 1324 189 188 1381
13260 4 2 1 1 118 117 1256 1065
13261 4 2 1 1 1375 193 194 1322
13262 4 2 1 1 106 105 1233 742
13263 4 2 1 1 3 87 699 1363
13264 4 2 1 1 87 86 641 1351
13265 4 2 1 1 267 62 61 1244
13266 4 2 1 1 262 48 47 1263
13267 4 2 1 1 121 122 720 1236
13268 4 2 1 1 1654 159 1200 1201
13269 4 2 1 1 1893 162 161 1221
13270 4 2 1 1 1180 55 56 256
13271 4 2 1 1 172 173 1258 1686
13272 4 2 1 1 733 107 108 1191
13273 4 2 1 1 148 149 1562 1257
13274 4 2 1 1 1784 1935 1879 2484
13275 4 2 1 1 1911 161 160 1188
13276 4 2 1 1 115 116 1147 1232
13277 4 2 1 1 192 193 1521 1320
13278 4 2 1 1 697 495 271 2532
13279 4 2 1 1 191 192 1527 1330
13280 4 2 1 1 600 46 45 1268
13281 4 2 1 1 1311 234 8 1910
13282 4 2 1 1 1518 1633 1643 2498
13283 4 2 1 1 284 69 68 1169
13284 4 2 1 1 1077 1 1282 133
13285 4 2 1 1 669 49 48 1195
13286 4 2 1 1 1280 66 67 270
13287 4 2 1 1 699 42 3 1274
13288 4 2 1 1 1647 234 8 1314
13289 4 2 1 1 129 130 729 1281
13290 4 2 1 1 1251 56 57 547
13291 4 2 1 1 1654 159 6 1200
13292 4 2 1 1 1321 202 201 1816
13293 4 2 1 1 1304 1357 184 1277
13294 4 2 1 1 1276 1358 135 1303
13295 4 2 1 1 1368 190 191 1318
13296 4 2 1 1 667 61 60 1178
13297 4 2 1 1 158 159 1595 1201
13298 4 2 1 1 1916 167 166 1259
13299 4 2 1 1 1357 198 7 1915
13300 4 2 1 1 207 206 1323 1808
13301 4 2 1 1 12 1 617 1168
13302 4 2 1 1 1923 166 165 1218
13303 4 2 1 1 1343 96 97 716
13304 4 2 1 1 195 196 1382 1326
13305 4 2 1 1 207 208 1683 1309
13306 4 2 1 1 58 57 680 1185
13307 4 2 1 1 1611 140 141 1271
13308 4 2 1 1 204 205 1894 1317
13309 4 2 1 1 1213 140 139 1378
13310 4 2 1 1 1344 78 79 257
13311 4 2 1 1 200 199 1325 1810
13312 4 2 1 1 46 47 1182 660
13313 4 2 1 1 130 131 1083 1286
13314 4 2 1 1 1217 142 141 1637
13315 4 2 1 1 619 66 65 1278
13316 4 2 1 1 5 197 1358 1651
13317 4 2 1 1 129 128 1279 1080
13318 4 2 1 1 1130 108 109 1269
13319 4 2 1 1 1924 172 171 1220
13320 4 2 1 1 1311 8 209 1910
13321 4 2 1 1 83 82 671 1337
13322 4 2 1 1 109 110 1150 1183
13323 4 2 1 1 618 69 1169 1273
13324 4 2 1 1 92 93 1338 1152
13325 4 2 1 1 1919 203 204 1329
13326 4 2 1 1 1254 63 64 670
13327 4 2 1 1 1530 187 188 1310
13328 4 2 1 1 617 1 70 1168
13329 4 2 1 1 1272 1282 133 1077
13330 4 2 1 1 1595 159 1654 1201
13331 4 2 1 1 184 185 1304 1277
13332 4 2 1 1 135 134 1276 1303
13333 4 2 1 1 8 186 1647 1314
13334 4 2 1 1 1077 12 740 2537
13335 4 2 1 1 1253 127 126 1166
13336 4 2 1 1 1169 284 69 618
13337 4 2 1 1 67 68 1287 698
13338 4 2 1 1 1078 1159 743 2491
13339 4 2 1 1 618 70 69 1273
13340 4 2 1 1 1273 618 70 617
13341 4 2 1 1 2089 2468 332 2309
13342 4 2 1 1 2089 332 2468 2042
13343 4 2 1 1 350 332 2468 2309
13344 4 2 1 1 350 2468 332 2042
13345 4 2 1 1 2275 395 2152 369
13346 4 2 1 1 2275 2152 395 2144
13347 4 2 1 1 2058 2479 676 2036
13348 4 2 1 1 2058 676 2479 2257
13349 4 2 1 1 470 676 2479 2036
13350 4 2 1 1 470 2479 676 2257
13351 4 2 1 1 2103 2416 215 1609
13352 4 2 1 1 2339 1579 2088 2157
13353 4 2 1 1 2339 2088 1579 1425
13354 4 2 1 1 2202 965 1055 2165
13355 4 2 1 1 2202 1055 965 1085
13356 4 2 1 1 2428 1590 1591 2140
13357 4 2 1 1 2428 1591 1590 1638
13358 4 2 1 1 2419 2020 29 1998
13359 4 2 1 1 29 2020 2419 2304
13360 4 2 1 1 29 718 2419 1998
13361 4 2 1 1 2419 718 29 2304
13362 4 2 1 1 2397 623 2070 631
13363 4 2 1 1 2397 2070 623 2071
13364 4 2 1 1 2465 836 2176 2175
13365 4 2 1 1 2465 2176 836 862
13366 4 2 1 1 2034 1165 2232 2010
13367 4 2 1 1 2034 2232 1165 924
13368 4 2 1 1 2289 1460 2110 1461
13369 4 2 1 1 2289 2110 1460 2070
13370 4 2 1 1 2459 1721 2295 2106
13371 4 2 1 1 2459 2295 1721 2122
13372 4 2 1 1 2522 2057 2066 2401
13373 4 2 1 1 2522 2066 2057 1629
13374 4 2 1 1 2083 918 2467 863
13375 4 2 1 1 2083 2467 918 2004
13376 4 2 1 1 864 2467 918 863
13377 4 2 1 1 864 918 2467 2004
13378 4 2 1 1 2464 2306 1149 847
13379 4 2 1 1 2464 1149 2306 2094
13380 4 2 1 1 2191 491 2341 490
13381 4 2 1 1 2191 2341 491 2172
13382 4 2 1 1 2305 2365 1015 2030
13383 4 2 1 1 1015 2365 2305 2047
13384 4 2 1 1 2393 1565 1526 1628
13385 4 2 1 1 2393 1526 1565 2075
13386 4 2 1 1 2499 1569 1448 2117
13387 4 2 1 1 2499 1448 1569 1467
13388 4 2 1 1 2055 710 2236 2054
13389 4 2 1 1 2055 2236 710 657
13390 4 2 1 1 816 2254 817 859
13391 4 2 1 1 817 2254 816 2107
13392 4 2 1 1 2273 1613 1509 1510
13393 4 2 1 1 2273 1509 1613 2105
13394 4 2 1 1 753 2546 751 2095
13395 4 2 1 1 751 2546 753 2306
13396 4 2 1 1 2424 390 2057 2035
13397 4 2 1 1 2424 2057 390 2325
13398 4 2 1 1 2116 2487 1748 2324
13399 4 2 1 1 2116 1748 2487 2031
13400 4 2 1 1 1739 1748 2487 2324
13401 4 2 1 1 1739 2487 1748 2031
13402 4 2 1 1 1930 2305 2068 1774
13403 4 2 1 1 2068 2305 1930 2047
13404 4 2 1 1 2068 1920 1930 1774
13405 4 2 1 1 1930 1920 2068 2047
13406 4 2 1 1 1417 2497 1474 1475
13407 4 2 1 1 1474 2497 1417 2128
13408 4 2 1 1 2282 576 324 329
13409 4 2 1 1 2282 324 576 2161
13410 4 2 1 1 2026 268 1254 1173
13411 4 2 1 1 2026 1254 268 705
13412 4 2 1 1 2236 1377 1549 231
13413 4 2 1 1 2236 1549 1377 2054
13414 4 2 1 1 2485 2079 2080 432
13415 4 2 1 1 2485 2080 2079 2381
13416 4 2 1 1 2436 402 379 567
13417 4 2 1 1 2436 379 402 2362
13418 4 2 1 1 2260 1163 1126 1104
13419 4 2 1 1 2260 1126 1163 2004
13420 4 2 1 1 2345 320 2183 318
13421 4 2 1 1 2345 2183 320 2085
13422 4 2 1 1 1550 2339 1424 1425
13423 4 2 1 1 1424 2339 1550 2081
13424 4 2 1 1 2497 519 346 340
13425 4 2 1 1 2497 346 519 2263
13426 4 2 1 1 2244 233 232 2028
13427 4 2 1 1 2244 232 233 1691
13428 4 2 1 1 2257 1465 1582 1455
13429 4 2 1 1 2257 1582 1465 2040
13430 4 2 1 1 1453 2297 1602 1494
13431 4 2 1 1 1602 2297 1453 2171
13432 4 2 1 1 2261 2349 1436 2135
13433 4 2 1 1 1436 2349 2261 2081
13434 4 2 1 1 2333 1899 1895 2173
13435 4 2 1 1 2333 1895 1899 1676
13436 4 2 1 1 2224 1732 1871 2158
13437 4 2 1 1 2224 1871 1732 1870
13438 4 2 1 1 2252 2531 752 815
13439 4 2 1 1 752 2531 2252 2372
13440 4 2 1 1 2341 1564 1459 1469
13441 4 2 1 1 2341 1459 1564 2152
13442 4 2 1 1 2452 940 2101 2043
13443 4 2 1 1 2452 2101 940 1134
13444 4 2 1 1 2437 1597 2060 2344
13445 4 2 1 1 2437 2060 1597 1619
13446 4 2 1 1 2275 1429 1563 2123
13447 4 2 1 1 2275 1563 1429 1430
13448 4 2 1 1 2117 2458 2135 1438
13449 4 2 1 1 2135 2458 2117 2421
13450 4 2 1 1 2418 548 2382 453
13451 4 2 1 1 2418 2382 548 2345
13452 4 2 1 1 1361 953 2126 1295
13453 4 2 1 1 1361 2126 953 952
13454 4 2 1 1 2402 560 2064 2338
13455 4 2 1 1 2402 2064 560 2317
13456 4 2 1 1 2536 1997 1999 2033
13457 4 2 1 1 2536 1999 1997 2517
13458 4 2 1 1 663 2458 677 2093
13459 4 2 1 1 677 2458 663 2421
13460 4 2 1 1 2419 221 2020 222
13461 4 2 1 1 2419 2020 221 2304
13462 4 2 1 1 2366 1370 1636 1559
13463 4 2 1 1 2366 1636 1370 2166
13464 4 2 1 1 2458 1567 2394 2093
13465 4 2 1 1 2458 2394 1567 1449
13466 4 2 1 1 2186 1764 1776 2185
13467 4 2 1 1 2186 1776 1764 1892
13468 4 2 1 1 2185 1883 1777 2163
13469 4 2 1 1 2185 1777 1883 1765
13470 4 2 1 1 1381 1341 2423 1648
13471 4 2 1 1 2423 1341 1381 1324
13472 4 2 1 1 712 1278 2296 619
13473 4 2 1 1 712 2296 1278 2025
13474 4 2 1 1 2488 629 405 636
13475 4 2 1 1 2488 405 629 2425
13476 4 2 1 1 2458 2117 2065 1448
13477 4 2 1 1 2458 2065 2117 2421
13478 4 2 1 1 2362 665 573 463
13479 4 2 1 1 2362 573 665 2229
13480 4 2 1 1 2468 2016 1588 2309
13481 4 2 1 1 2468 1588 2016 1398
13482 4 2 1 1 2522 2057 2110 1473
13483 4 2 1 1 2522 2110 2057 2401
13484 4 2 1 1 2328 2174 1661 2179
13485 4 2 1 1 2328 1661 2174 2222
13486 4 2 1 1 2473 1503 1601 1570
13487 4 2 1 1 2473 1601 1503 2182
13488 4 2 1 1 2399 2464 2330 2101
13489 4 2 1 1 2330 2464 2399 2094
13490 4 2 1 1 2240 2413 1708 2155
13491 4 2 1 1 1708 2413 2240 2138
13492 4 2 1 1 2370 1557 2128 2199
13493 4 2 1 1 2370 2128 1557 1418
13494 4 2 1 1 2305 1672 1760 1774
13495 4 2 1 1 2305 1760 1672 2030
13496 4 2 1 1 2140 713 606 1996
13497 4 2 1 1 2140 606 713 596
13498 4 2 1 1 2332 693 2259 624
13499 4 2 1 1 2332 2259 693 2011
13500 4 2 1 1 2385 978 871 874
13501 4 2 1 1 2385 871 978 2156
13502 4 2 1 1 2183 2345 1408 2085
13503 4 2 1 1 1408 2345 2183 2091
13504 4 2 1 1 720 2223 1006 1067
13505 4 2 1 1 1006 2223 720 2162
13506 4 2 1 1 2151 1784 1852 2150
13507 4 2 1 1 2151 1852 1784 1935
13508 4 2 1 1 2205 1148 1119 927
13509 4 2 1 1 2205 1119 1148 2041
13510 4 2 1 1 2164 1281 1083 1215
13511 4 2 1 1 2164 1083 1281 729
13512 4 2 1 1 2259 26 27 279
13513 4 2 1 1 2259 27 26 2113
13514 4 2 1 1 2302 1046 2448 719
13515 4 2 1 1 2302 2448 1046 2154
13516 4 2 1 1 1068 2260 914 1141
13517 4 2 1 1 914 2260 1068 2002
13518 4 2 1 1 490 2341 474 451
13519 4 2 1 1 474 2341 490 2191
13520 4 2 1 1 830 1946 831 829
13521 4 2 1 1 830 831 1946 1941
13522 4 2 1 1 2533 1134 1097 2101
13523 4 2 1 1 2533 1097 1134 949
13524 4 2 1 1 2528 1740 2122 1719
13525 4 2 1 1 2528 2122 1740 2384
13526 4 2 1 1 2263 2171 2526 381
13527 4 2 1 1 2526 2171 2263 2153
13528 4 2 1 1 2526 380 2263 381
13529 4 2 1 1 2263 380 2526 2153
13530 4 2 1 1 2492 2032 447 2398
13531 4 2 1 1 2492 447 2032 2301
13532 4 2 1 1 1293 1092 103 1356
13533 4 2 1 1 1293 103 1092 744
13534 4 2 1 1 2193 224 2005 246
13535 4 2 1 1 2193 2005 224 2188
13536 4 2 1 1 225 2005 224 246
13537 4 2 1 1 225 224 2005 2188
13538 4 2 1 1 2374 1762 1876 1883
13539 4 2 1 1 2374 1876 1762 2276
13540 4 2 1 1 2251 2412 2538 2001
13541 4 2 1 1 2538 2412 2251 2000
13542 4 2 1 1 2374 891 2165 2276
13543 4 2 1 1 2374 2165 891 960
13544 4 2 1 1 2240 1831 1710 2125
13545 4 2 1 1 2240 1710 1831 1707
13546 4 2 1 1 2228 1548 1431 2127
13547 4 2 1 1 2228 1431 1548 1426
13548 4 2 1 1 429 2471 571 2066
13549 4 2 1 1 429 571 2471 434
13550 4 2 1 1 709 571 2471 2066
13551 4 2 1 1 709 2471 571 434
13552 4 2 1 1 2214 2503 2447 508
13553 4 2 1 1 2214 2447 2503 2255
13554 4 2 1 1 509 2447 2503 508
13555 4 2 1 1 509 2503 2447 2255
13556 4 2 1 1 2263 514 519 2197
13557 4 2 1 1 2263 519 514 562
13558 4 2 1 1 697 2105 489 494
13559 4 2 1 1 489 2105 697 2054
13560 4 2 1 1 2356 2512 1024 2143
13561 4 2 1 1 1024 2512 2356 2099
13562 4 2 1 1 2339 303 301 305
13563 4 2 1 1 2339 301 303 2157
13564 4 2 1 1 2528 1144 2156 2230
13565 4 2 1 1 2528 2156 1144 932
13566 4 2 1 1 1355 285 2082 635
13567 4 2 1 1 1355 2082 285 1294
13568 4 2 1 1 2317 498 2402 2074
13569 4 2 1 1 2317 2402 498 686
13570 4 2 1 1 637 498 2402 686
13571 4 2 1 1 2274 1377 1525 2054
13572 4 2 1 1 2274 1525 1377 1630
13573 4 2 1 1 710 2274 2055 473
13574 4 2 1 1 2055 2274 710 2054
13575 4 2 1 1 2515 2050 1912 2160
13576 4 2 1 1 2515 1912 2050 2150
13577 4 2 1 1 1009 2027 854 846
13578 4 2 1 1 1009 854 2027 2205
13579 4 2 1 1 1342 1683 1352 1309
13580 4 2 1 1 1342 1352 1683 2126
13581 4 2 1 1 417 2248 541 420
13582 4 2 1 1 541 2248 417 2144
13583 4 2 1 1 2413 921 2240 899
13584 4 2 1 1 2413 2240 921 2155
13585 4 2 1 1 2256 846 2314 1007
13586 4 2 1 1 2256 2314 846 2027
13587 4 2 1 1 1009 2314 846 1007
13588 4 2 1 1 1009 846 2314 2027
13589 4 2 1 1 2467 1867 2004 2083
13590 4 2 1 1 2467 2004 1867 1882
13591 4 2 1 1 2370 531 516 585
13592 4 2 1 1 2370 516 531 2109
13593 4 2 1 1 1666 2447 1637 1367
13594 4 2 1 1 1637 2447 1666 2255
13595 4 2 1 1 2269 724 2505 1111
13596 4 2 1 1 2269 2505 724 2013
13597 4 2 1 1 1069 2505 724 1111
13598 4 2 1 1 1069 724 2505 2013
13599 4 2 1 1 2378 1521 1603 2247
13600 4 2 1 1 2378 1603 1521 1527
13601 4 2 1 1 2297 1602 1658 2129
13602 4 2 1 1 2297 1658 1602 1494
13603 4 2 1 1 2273 2511 2369 2022
13604 4 2 1 1 2369 2511 2273 2105
13605 4 2 1 1 2366 1658 1492 2129
13606 4 2 1 1 2366 1492 1658 1559
13607 4 2 1 1 2250 1051 924 1164
13608 4 2 1 1 2250 924 1051 2034
13609 4 2 1 1 2377 1498 2117 2248
13610 4 2 1 1 2377 2117 1498 1569
13611 4 2 1 1 2432 616 517 2159
13612 4 2 1 1 2432 517 616 518
13613 4 2 1 1 1814 2281 1880 1757
13614 4 2 1 1 1880 2281 1814 2203
13615 4 2 1 1 2025 479 2527 2067
13616 4 2 1 1 672 479 2527 426
13617 4 2 1 1 672 2527 479 2067
13618 4 2 1 1 419 2421 2117 422
13619 4 2 1 1 2117 2421 419 2288
13620 4 2 1 1 2376 367 2159 2136
13621 4 2 1 1 2376 2159 367 389
13622 4 2 1 1 2209 2159 367 2136
13623 4 2 1 1 479 2524 705 478
13624 4 2 1 1 479 705 2524 2026
13625 4 2 1 1 481 705 2524 478
13626 4 2 1 1 481 2524 705 2026
13627 4 2 1 1 2444 1204 1690 1865
13628 4 2 1 1 2444 1690 1204 2260
13629 4 2 1 1 2348 1493 1636 1626
13630 4 2 1 1 2348 1636 1493 2238
13631 4 2 1 1 2360 1955 1010 1949
13632 4 2 1 1 2360 1010 1955 2266
13633 4 2 1 1 2291 574 2509 2011
13634 4 2 1 1 2291 2509 574 679
13635 4 2 1 1 681 574 2509 679
13636 4 2 1 1 1232 714 115 1196
13637 4 2 1 1 1232 115 714 1147
13638 4 2 1 1 2542 1836 2308 1716
13639 4 2 1 1 2542 2308 1836 2131
13640 4 2 1 1 2369 1334 1491 1316
13641 4 2 1 1 2220 2278 877 979
13642 4 2 1 1 2220 877 2278 2217
13643 4 2 1 1 876 877 2278 979
13644 4 2 1 1 876 2278 877 2217
13645 4 2 1 1 803 2443 1076 806
13646 4 2 1 1 1076 2443 803 2047
13647 4 2 1 1 2280 1125 37 36
13648 4 2 1 1 2280 37 1125 2198
13649 4 2 1 1 2354 1531 1519 2191
13650 4 2 1 1 2354 1519 1531 1375
13651 4 2 1 1 2516 310 311 2098
13652 4 2 1 1 311 310 2516 2086
13653 4 2 1 1 311 2294 2516 2098
13654 4 2 1 1 2516 2294 311 2086
13655 4 2 1 1 2304 1045 1099 1050
13656 4 2 1 1 2304 1099 1045 2006
13657 4 2 1 1 2465 1014 1089 1094
13658 4 2 1 1 2465 1089 1014 2319
13659 4 2 1 1 2325 378 564 2057
13660 4 2 1 1 2325 564 378 398
13661 4 2 1 1 2377 497 257 622
13662 4 2 1 1 2377 257 497 2231
13663 4 2 1 1 2310 263 2120 650
13664 4 2 1 1 2310 2120 263 2280
13665 4 2 1 1 540 2313 328 297
13666 4 2 1 1 328 2313 540 2093
13667 4 2 1 1 2278 1701 1700 1699
13668 4 2 1 1 2278 1700 1701 2220
13669 4 2 1 1 1803 2476 2001 1936
13670 4 2 1 1 2001 2476 1803 2408
13671 4 2 1 1 1664 2414 2233 1533
13672 4 2 1 1 2233 2414 1664 2170
13673 4 2 1 1 660 1263 2255 262
13674 4 2 1 1 2255 1263 660 1182
13675 4 2 1 1 2284 1105 2264 2246
13676 4 2 1 1 2284 2264 1105 968
13677 4 2 1 1 2370 306 531 585
13678 4 2 1 1 2370 531 306 2210
13679 4 2 1 1 981 2406 917 1145
13680 4 2 1 1 917 2406 981 2130
13681 4 2 1 1 2436 1440 2183 1624
13682 4 2 1 1 2436 2183 1440 2053
13683 4 2 1 1 1317 2293 1329 1366
13684 4 2 1 1 1329 2293 1317 1894
13685 4 2 1 1 2402 2338 2273 1517
13686 4 2 1 1 2273 2338 2402 2064
13687 4 2 1 1 2273 1466 2402 1517
13688 4 2 1 1 2402 1466 2273 2064
13689 4 2 1 1 2267 1574 1575 1376
13690 4 2 1 1 2267 1575 1574 2180
13691 4 2 1 1 944 2502 2184 945
13692 4 2 1 1 2184 2502 944 2151
13693 4 2 1 1 2546 1931 1881 1738
13694 4 2 1 1 2546 1881 1931 2335
13695 4 2 1 1 1857 2403 1208 2049
13696 4 2 1 1 1857 1208 2403 1223
13697 4 2 1 1 1290 1208 2403 2049
13698 4 2 1 1 1290 2403 1208 1223
13699 4 2 1 1 2365 249 1957 10
13700 4 2 1 1 2365 1957 249 2012
13701 4 2 1 1 2345 636 645 548
13702 4 2 1 1 2345 645 636 2102
13703 4 2 1 1 2297 403 522 2174
13704 4 2 1 1 2297 522 403 521
13705 4 2 1 1 2443 828 2438 806
13706 4 2 1 1 2443 2438 828 2104
13707 4 2 1 1 2170 1222 1234 1189
13708 4 2 1 1 2170 1234 1222 2279
13709 4 2 1 1 1075 1335 2461 731
13710 4 2 1 1 2461 1335 1075 1307
13711 4 2 1 1 2408 1928 1687 1803
13712 4 2 1 1 2408 1687 1928 2021
13713 4 2 1 1 14 2538 734 1074
13714 4 2 1 1 734 2538 14 2380
13715 4 2 1 1 1334 2369 1647 2082
13716 4 2 1 1 1334 1647 2369 1491
13717 4 2 1 1 1599 1647 2369 2082
13718 4 2 1 1 1599 2369 1647 1491
13719 4 2 1 1 2454 1073 2380 1091
13720 4 2 1 1 2454 2380 1073 2021
13721 4 2 1 1 1185 547 57 680
13722 4 2 1 1 57 547 1185 1251
13723 4 2 1 1 2388 714 1048 1049
13724 4 2 1 1 2388 1048 714 2218
13725 4 2 1 1 1487 2540 1508 1513
13726 4 2 1 1 1487 1508 2540 2014
13727 4 2 1 1 2439 1508 2540 1513
13728 4 2 1 1 2439 2540 1508 2014
13729 4 2 1 1 1759 2463 1887 1847
13730 4 2 1 1 1887 2463 1759 2104
13731 4 2 1 1 2522 1461 1460 1472
13732 4 2 1 1 2522 1460 1461 2110
13733 4 2 1 1 2396 182 1690 1171
13734 4 2 1 1 2396 1690 182 1889
13735 4 2 1 1 2320 1124 1085 2202
13736 4 2 1 1 2320 1085 1124 934
13737 4 2 1 1 1302 2340 1152 1338
13738 4 2 1 1 1152 2340 1302 2186
13739 4 2 1 1 2371 2468 350 2042
13740 4 2 1 1 350 2468 2371 2038
13741 4 2 1 1 2231 78 257 497
13742 4 2 1 1 2231 257 78 1344
13743 4 2 1 1 2411 986 2119 2190
13744 4 2 1 1 2411 2119 986 775
13745 4 2 1 1 2321 1052 935 2232
13746 4 2 1 1 2321 935 1052 1127
13747 4 2 1 1 2541 2304 2415 2006
13748 4 2 1 1 2541 2415 2304 2113
13749 4 2 1 1 738 2415 2304 2006
13750 4 2 1 1 738 2304 2415 2113
13751 4 2 1 1 2378 530 2248 529
13752 4 2 1 1 2378 2248 530 2247
13753 4 2 1 1 217 2462 216 1884
13754 4 2 1 1 216 2462 217 2416
13755 4 2 1 1 2330 1891 2087 1771
13756 4 2 1 1 2330 2087 1891 2126
13757 4 2 1 1 212 2410 1999 1667
13758 4 2 1 1 1999 2410 212 2536
13759 4 2 1 1 1999 2517 212 1667
13760 4 2 1 1 212 2517 1999 2536
13761 4 2 1 1 1189 1651 2170 1612
13762 4 2 1 1 1189 2170 1651 1276
13763 4 2 1 1 2407 1017 910 2334
13764 4 2 1 1 2407 910 1017 832
13765 4 2 1 1 2536 1928 2410 212
13766 4 2 1 1 2536 2410 1928 2412
13767 4 2 1 1 2480 1633 2498 2111
13768 4 2 1 1 2480 2498 1633 1518
13769 4 2 1 1 1217 1367 142 1637
13770 4 2 1 1 142 1367 1217 1260
13771 4 2 1 1 1178 267 61 1244
13772 4 2 1 1 1178 61 267 667
13773 4 2 1 1 1309 1808 1342 1683
13774 4 2 1 1 1342 1808 1309 1323
13775 4 2 1 1 583 2414 641 1308
13776 4 2 1 1 583 641 2414 2170
13777 4 2 1 1 1351 641 2414 1308
13778 4 2 1 1 1351 2414 641 2170
13779 4 2 1 1 2378 79 1344 1298
13780 4 2 1 1 2378 1344 79 257
13781 4 2 1 1 1378 1271 2358 1213
13782 4 2 1 1 1378 2358 1271 1611
13783 4 2 1 1 1195 262 48 669
13784 4 2 1 1 1195 48 262 1263
13785 4 2 1 1 1301 671 2191 1337
13786 4 2 1 1 1301 2191 671 678
13787 4 2 1 1 1274 1303 134 1363
13788 4 2 1 1 134 1303 1274 1276
13789 4 2 1 1 2416 2457 1996 2024
13790 4 2 1 1 1996 2457 2416 2103
13791 4 2 1 1 1996 215 2416 2024
13792 4 2 1 1 2416 215 1996 2103
13793 4 2 1 1 1839 1239 2223 1678
13794 4 2 1 1 1839 2223 1239 1211
13795 4 2 1 1 1188 1893 161 1221
13796 4 2 1 1 1188 161 1893 1911
13797 4 2 1 1 2539 1285 1995 1201
13798 4 2 1 1 2539 1995 1285 2318
13799 4 2 1 1 715 1250 2258 1181
13800 4 2 1 1 715 2258 1250 1066
13801 4 2 1 1 1194 721 111 1264
13802 4 2 1 1 111 721 1194 1062
13803 4 2 1 1 1039 1253 126 1166
13804 4 2 1 1 1039 126 1253 1175
13805 4 2 1 1 1310 1381 1341 1324
13806 4 2 1 1 1341 1381 1310 1530
13807 4 2 1 1 680 1235 2237 261
13808 4 2 1 1 2237 1235 680 1185
13809 4 2 1 1 1531 1322 2354 1375
13810 4 2 1 1 2354 1322 1531 1331
13811 4 2 1 1 2450 1150 109 970
13812 4 2 1 1 2450 109 1150 1183
13813 4 2 1 1 1329 1670 203 1319
13814 4 2 1 1 1329 203 1670 1919
13815 4 2 1 1 212 1594 2517 1386
13816 4 2 1 1 2517 1594 212 1667
13817 4 2 1 1 498 2402 2052 637
13818 4 2 1 1 498 2052 2402 2074
13819 4 2 1 1 479 2527 467 2025
13820 4 2 1 1 479 467 2527 426
13821 4 2 1 1 2159 367 359 2209
13822 4 2 1 1 2159 359 367 389
13823 4 2 1 1 574 2509 693 681
13824 4 2 1 1 574 693 2509 2011
13825 4 2 2 16 1980 1982 1941 1947
13826 4 2 2 16 1980 1982 1981 1941
13827 4 2 2 16 1987 1981 252 251
13828 4 2 2 16 1941 1946 1980 1947
13829 4 2 2 16 1980 1948 1983 1947
13830 4 2 2 16 1981 1987 1989 251
13831 4 2 2 16 252 1981 1985 1941
13832 4 2 2 16 1981 1946 1980 1941
13833 4 2 2 16 1941 1985 253 1950
13834 4 2 2 16 1980 1976 1946 1981
13835 4 2 2 16 1983 1948 1984 1961
13836 4 2 2 16 1985 253 252 1941
13837 4 2 2 16 1983 1982 1980 1947
13838 4 2 2 16 1982 1985 1981 1941
13839 4 2 2 16 1982 1985 1941 1950
13840 4 2 2 16 1962 1983 1948 1947
13841 4 2 2 16 1987 1981 1985 252
13842 4 2 2 16 1981 252 251 1945
13843 4 2 2 16 1948 1980 1946 1947
13844 4 2 2 16 1976 1946 1981 1945
13845 4 2 2 16 253 1985 1977 1950
13846 4 2 2 16 1961 1983 1948 1962
13847 4 2 2 16 1948 1984 1980 1983
13848 4 2 2 16 251 1989 1981 1945
13849 4 2 2 16 1976 1980 1949 1979
13850 4 2 2 16 1948 1959 1984 1961
13851 4 2 2 16 252 253 1985 1969
13852 4 2 2 16 1987 252 1968 251
13853 4 2 2 16 1985 1987 252 1969
13854 4 2 2 16 1945 1989 1976 1943
13855 4 2 2 16 1978 1983 1984 1961
13856 4 2 2 16 1989 1976 1981 1945
13857 4 2 2 16 1974 1987 1968 251
13858 4 2 2 16 1950 1941 1982 1947
13859 4 2 2 16 1949 1980 1976 1946
13860 4 2 2 16 1985 1982 1977 1950
13861 4 2 2 16 1959 1961 1953 1986
13862 4 2 2 16 1976 1946 1945 1955
13863 4 2 2 16 1984 1949 1948 1980
13864 4 2 2 16 1942 1971 1983 1962
13865 4 2 2 16 1981 252 1945 1941
13866 4 2 2 16 1946 1981 1945 1941
13867 4 2 2 16 254 253 1977 1950
13868 4 2 2 16 1987 1974 1989 251
13869 4 2 2 16 1961 1959 1984 1986
13870 4 2 2 16 1976 1945 1943 1955
13871 4 2 2 16 1954 1958 1979 1940
13872 4 2 2 16 1979 1993 1958 1954
13873 4 2 2 16 1943 1989 1976 1970
13874 4 2 2 16 1953 1961 1978 1986
13875 4 2 2 16 1984 1978 1961 1986
13876 4 2 2 16 1966 1974 244 1991
13877 4 2 2 16 1975 1976 1970 1957
13878 4 2 2 16 1978 1961 1942 1962
13879 4 2 2 16 1985 253 1964 1969
13880 4 2 2 16 1980 1984 1949 1979
13881 4 2 2 16 1946 1976 1949 1955
13882 4 2 2 16 1991 1966 1974 1968
13883 4 2 2 16 1963 1987 1969 1968
13884 4 2 2 16 1961 1978 1983 1962
13885 4 2 2 16 1955 1943 1976 1970
13886 4 2 2 16 1959 1949 1948 1984
13887 4 2 2 16 1951 1971 1942 1962
13888 4 2 2 16 1964 1972 1985 1969
13889 4 2 2 16 1950 1982 1951 1947
13890 4 2 2 16 1975 1979 1976 1955
13891 4 2 2 16 254 1977 253 1964
13892 4 2 2 16 243 11 1990 250
13893 4 2 2 16 1974 1989 251 250
13894 4 2 2 16 1992 1971 1983 1942
13895 4 2 2 16 1972 247 246 1967
13896 4 2 2 16 1977 1982 1988 1950
13897 4 2 2 16 1992 236 1971 1942
13898 4 2 2 16 1943 1955 1944 1970
13899 4 2 2 16 1942 1983 1978 1962
13900 4 2 2 16 250 1990 1989 1943
13901 4 2 2 16 1943 250 1990 1944
13902 4 2 2 16 1971 235 1988 1956
13903 4 2 2 16 1949 1976 1979 1955
13904 4 2 2 16 1980 1949 1948 1946
13905 4 2 2 16 1950 1988 1977 1956
13906 4 2 2 16 1987 1985 1972 1969
13907 4 2 2 16 1968 1966 1974 1965
13908 4 2 2 16 1976 1975 1955 1957
13909 4 2 2 16 1955 1975 1979 1940
13910 4 2 2 16 244 245 1966 1991
13911 4 2 2 16 1969 1987 252 1968
13912 4 2 2 16 250 251 1974 1965
13913 4 2 2 16 1945 251 1989 1943
13914 4 2 2 16 1963 1987 1972 1969
13915 4 2 2 16 251 1968 1974 1965
13916 4 2 2 16 1973 1984 1959 1939
13917 4 2 2 16 1974 1987 1991 1968
13918 4 2 2 16 250 1989 251 1943
13919 4 2 2 16 1977 254 1950 1956
13920 4 2 2 16 1989 1974 1990 250
13921 4 2 2 16 1994 1972 1985 1964
13922 4 2 2 16 1970 1976 1955 1957
13923 4 2 2 16 250 1990 243 1965
13924 4 2 2 16 240 1973 1939 1986
13925 4 2 2 16 1973 241 240 1960
13926 4 2 2 16 1971 236 235 1951
13927 4 2 2 16 1979 1958 1949 1940
13928 4 2 2 16 1977 9 248 254
13929 4 2 2 16 1994 1977 254 1964
13930 4 2 2 16 248 247 1994 1964
13931 4 2 2 16 254 248 1994 1964
13932 4 2 2 16 1955 1979 1949 1940
13933 4 2 2 16 1970 10 1975 1957
13934 4 2 2 16 1977 1988 9 1956
13935 4 2 2 16 1951 1971 236 1942
13936 4 2 2 16 237 236 1992 1942
13937 4 2 2 16 254 1977 9 1956
13938 4 2 2 16 235 1971 1951 1956
13939 4 2 2 16 1990 1974 243 1965
13940 4 2 2 16 1978 1992 1983 1942
13941 4 2 2 16 1955 1944 1970 1957
13942 4 2 2 16 1978 238 237 1952
13943 4 2 2 16 1972 1994 247 1967
13944 4 2 2 16 1963 1991 1987 1968
13945 4 2 2 16 1960 1973 1993 1954
13946 4 2 2 16 1991 1972 246 1963
13947 4 2 2 16 1953 1978 238 1986
13948 4 2 2 16 1984 1958 1949 1979
13949 4 2 2 16 1958 1984 1973 1979
13950 4 2 2 16 1939 239 240 1986
13951 4 2 2 16 1994 1977 248 254
13952 4 2 2 16 1963 1972 246 1967
13953 4 2 2 16 244 243 1974 1965
13954 4 2 2 16 1949 1959 1958 1984
13955 4 2 2 16 246 245 1991 1963
13956 4 2 2 16 1984 1959 1939 1986
13957 4 2 2 16 1959 1958 1984 1973
13958 4 2 2 16 249 10 1970 1957
13959 4 2 2 16 1961 1952 1978 1942
13960 4 2 2 16 1974 1990 250 1965
13961 4 2 2 16 11 1990 250 1944
13962 4 2 2 16 1978 1952 1961 1953
13963 4 2 2 16 1939 1973 1984 1986
13964 4 2 2 16 1959 1958 1973 1939
13965 4 2 2 16 1953 238 239 1986
13966 4 2 2 16 1988 235 9 1956
13967 4 2 2 16 1987 1972 1991 1963
13968 4 2 2 16 1952 1978 238 1953
13969 4 2 2 16 1973 1993 1958 1979
13970 4 2 2 16 1964 1967 1972 1969
13971 4 2 2 16 240 1973 1960 1939
13972 4 2 2 16 1967 1994 247 1964
13973 4 2 2 16 1966 244 1974 1965
13974 4 2 2 16 239 1939 1953 1986
13975 4 2 2 16 1953 1939 1959 1986
13976 4 2 2 16 11 1990 1944 1970
13977 4 2 2 16 1952 237 1992 1942
13978 4 2 2 16 1973 1993 241 1960
13979 4 2 2 16 1991 245 1966 1963
13980 4 2 2 16 1993 242 241 1954
13981 4 2 2 16 1966 1991 1963 1968
13982 4 2 2 16 237 1992 1978 1952
13983 4 2 2 16 1960 1958 1973 1954
13984 4 2 2 16 1967 1963 1972 1969
13985 4 2 2 16 1944 249 11 1970
13986 4 2 2 16 1972 1994 1967 1964
13987 4 2 2 16 1970 1944 249 1957
13988 4 2 2 16 1993 242 1954 1940
13989 4 2 2 16 1992 1978 1952 1942
13990 4 2 2 16 1975 10 242 1940
13991 4 2 2 16 1958 1993 1973 1954
13992 4 2 2 16 1960 1993 241 1954
13993 4 2 2 16 1960 1973 1958 1939
13994 4 2 2 16 1957 1975 1955 1940
13995 4 2 2 16 242 1993 1975 1940
13996 4 2 2 16 10 1975 1957 1940
13997 4 2 2 16 1964 1985 1977 253
13998 4 2 2 16 1964 1977 1985 1994
13999 4 2 2 16 1962 1971 1947 1951
14000 4 2 2 16 1962 1947 1971 1983
14001 4 2 2 16 1982 1947 1971 1951
14002 4 2 2 16 1982 1971 1947 1983
14003 4 2 2 16 1940 1993 1979 1954
14004 4 2 2 16 1940 1979 1993 1975
14005 4 2 2 16 1943 1970 1990 1989
14006 4 2 2 16 1990 1970 1943 1944
14007 4 2 2 16 1956 1971 1950 1988
14008 4 2 2 16 1956 1950 1971 1951
14009 4 2 2 16 1982 1950 1971 1988
14010 4 2 2 16 1982 1971 1950 1951
$EndElements
